run_id,run_attempt,attempt_at,workflow,event,conclusion,branch,commit_label,billed_min,carried_min,fast_path,is_full_green,build_steps,dup_build_sec,p3_billed_min,bucket,bucket_reason,p1_baseline
32315802055,1,2026-08-20T00:03:30Z,CI,pull_request,success,flywheel-FLY-1851,docs,6,0,true,false,1,0,0,1_already_fast,classify succeeded AND payload skipped in this attempt => real no_code fast path,
32316487337,1,2026-08-20T00:13:50Z,CI,pull_request,cancelled,flywheel-FLY-1911,docs,57,0,false,false,8,513,10,4_must_run_full,not a P0 case; branch has no prior qualifying full-green baseline,
32316544292,1,2026-08-20T00:14:44Z,CI,pull_request,failure,flywheel-FLY-1887,chore_progress,49,0,false,false,7,406,7,4_must_run_full,not a P0 case; branch has no prior qualifying full-green baseline,
32316760400,1,2026-08-20T00:18:03Z,Payload Beta Release,schedule,failure,main,code,2,0,false,false,0,0,0,non_ci,not the CI workflow; classifier levers do not apply,
32316974299,1,2026-08-20T00:21:20Z,CI,pull_request,success,flywheel-FLY-1859,chore_progress,60,0,false,true,8,513,8,4_must_run_full,not a P0 case; branch has no prior qualifying full-green baseline,
32317180336,1,2026-08-20T00:24:42Z,CI,pull_request,cancelled,flywheel-FLY-1911,other,46,0,false,false,8,524,14,4_must_run_full,not a P0 case; branch has no prior qualifying full-green baseline,
32317328014,1,2026-08-20T00:26:43Z,Ship on :cool: Comment,issue_comment,success,main,code,1,0,false,false,0,0,0,non_ci,not the CI workflow; classifier levers do not apply,
32317350485,1,2026-08-20T00:27:03Z,CI,push,success,main,other,58,0,false,false,8,490,9,4_must_run_full,event=push is not a pull_request; P0/P1 are PR-scoped and research section 8 keeps main push CI full,
32317351371,1,2026-08-20T00:27:10Z,Ship on :cool: Comment,issue_comment,skipped,main,other,0,0,false,false,0,0,0,non_ci,not the CI workflow; classifier levers do not apply,
32317521926,1,2026-08-20T00:30:18Z,CI,pull_request,cancelled,flywheel-FLY-1911,other,26,0,false,false,8,552,7,4_must_run_full,not a P0 case; branch has no prior qualifying full-green baseline,
32317734546,1,2026-08-20T00:33:24Z,CI,pull_request,failure,flywheel-FLY-1911,other,60,0,false,false,8,525,10,4_must_run_full,not a P0 case; branch has no prior qualifying full-green baseline,
32317772748,1,2026-08-20T00:33:38Z,CI,pull_request,failure,flywheel-FLY-1905,docs,57,0,false,false,8,459,8,4_must_run_full,not a P0 case; branch has no prior qualifying full-green baseline,
32317775884,1,2026-08-20T00:33:41Z,Ship on :cool: Comment,issue_comment,skipped,main,other,0,0,false,false,0,0,0,non_ci,not the CI workflow; classifier levers do not apply,
32318582071,1,2026-08-20T00:46:46Z,CI,pull_request,failure,flywheel-FLY-1814,code,57,0,false,false,8,453,8,4_must_run_full,not a P0 case; branch has no prior qualifying full-green baseline,
32323898396,1,2026-08-20T02:13:59Z,CI,pull_request,cancelled,flywheel-FLY-1850,docs,4,0,true,false,1,0,0,1_already_fast,classify succeeded AND payload skipped in this attempt => real no_code fast path,
32324054730,1,2026-08-20T02:16:42Z,CI,pull_request,success,flywheel-FLY-1850,docs,6,0,true,false,1,0,0,1_already_fast,classify succeeded AND payload skipped in this attempt => real no_code fast path,
32324330877,1,2026-08-20T02:21:24Z,CI,pull_request,cancelled,flywheel-FLY-1850,docs,3,0,true,false,1,0,0,1_already_fast,classify succeeded AND payload skipped in this attempt => real no_code fast path,
32324430798,1,2026-08-20T02:23:14Z,CI,pull_request,cancelled,flywheel-FLY-1850,docs,3,0,true,false,1,0,0,1_already_fast,classify succeeded AND payload skipped in this attempt => real no_code fast path,
32324497543,1,2026-08-20T02:24:28Z,CI,pull_request,cancelled,flywheel-FLY-1850,docs,4,0,true,false,1,0,0,1_already_fast,classify succeeded AND payload skipped in this attempt => real no_code fast path,
32324646397,1,2026-08-20T02:27:16Z,CI,pull_request,cancelled,flywheel-FLY-1850,docs,4,0,true,false,1,0,0,1_already_fast,classify succeeded AND payload skipped in this attempt => real no_code fast path,
32324787343,1,2026-08-20T02:29:22Z,CI,pull_request,cancelled,flywheel-FLY-1850,docs,3,0,true,false,1,0,0,1_already_fast,classify succeeded AND payload skipped in this attempt => real no_code fast path,
32324805576,1,2026-08-20T02:29:23Z,CI,pull_request,cancelled,flywheel-FLY-1911,other,19,0,false,false,8,501,8,4_must_run_full,not a P0 case; branch has no prior qualifying full-green baseline,
32324894815,1,2026-08-20T02:31:02Z,CI,pull_request,success,flywheel-FLY-1850,docs,6,0,true,false,1,0,0,1_already_fast,classify succeeded AND payload skipped in this attempt => real no_code fast path,
32324929027,1,2026-08-20T02:31:36Z,CI,pull_request,cancelled,flywheel-FLY-1911,docs,19,0,false,false,8,462,7,4_must_run_full,not a P0 case; branch has no prior qualifying full-green baseline,
32324991840,1,2026-08-20T02:32:20Z,Ship on :cool: Comment,issue_comment,success,main,other,1,0,false,false,0,0,0,non_ci,not the CI workflow; classifier levers do not apply,
32325009513,1,2026-08-20T02:32:39Z,CI,push,success,main,code,60,0,false,false,8,460,9,4_must_run_full,event=push is not a pull_request; P0/P1 are PR-scoped and research section 8 keeps main push CI full,
32325010313,1,2026-08-20T02:32:39Z,Ship on :cool: Comment,issue_comment,skipped,main,code,0,0,false,false,0,0,0,non_ci,not the CI workflow; classifier levers do not apply,
32325058161,1,2026-08-20T02:33:48Z,CI,pull_request,failure,flywheel-FLY-1911,docs,59,0,false,false,8,502,7,4_must_run_full,not a P0 case; branch has no prior qualifying full-green baseline,
32325118616,1,2026-08-20T02:34:31Z,CI,pull_request,success,flywheel-FLY-1850,docs,6,0,true,false,1,0,0,1_already_fast,classify succeeded AND payload skipped in this attempt => real no_code fast path,
32325405609,1,2026-08-20T02:39:25Z,CI,pull_request,success,flywheel-FLY-1850,docs,6,0,true,false,1,0,0,1_already_fast,classify succeeded AND payload skipped in this attempt => real no_code fast path,
32317772748,2,2026-08-20T02:40:03Z,CI,pull_request,success,flywheel-FLY-1905,docs,8,50,false,true,1,0,0,4_must_run_full,not a P0 case; branch has no prior qualifying full-green baseline,
32325663432,1,2026-08-20T02:43:40Z,CI,pull_request,cancelled,flywheel-FLY-1850,docs,3,0,true,false,1,0,0,1_already_fast,classify succeeded AND payload skipped in this attempt => real no_code fast path,
32325705944,1,2026-08-20T02:44:23Z,CI,pull_request,cancelled,flywheel-FLY-1851,docs,2,0,true,false,1,0,0,1_already_fast,classify succeeded AND payload skipped in this attempt => real no_code fast path,
32325735906,1,2026-08-20T02:45:10Z,CI,pull_request,cancelled,flywheel-FLY-1851,chore_progress,4,0,true,false,1,0,0,1_already_fast,classify succeeded AND payload skipped in this attempt => real no_code fast path,
32325750847,1,2026-08-20T02:45:24Z,CI,pull_request,success,flywheel-FLY-1850,docs,5,0,true,false,1,0,0,1_already_fast,classify succeeded AND payload skipped in this attempt => real no_code fast path,
32325907255,1,2026-08-20T02:47:59Z,CI,pull_request,success,flywheel-FLY-1851,docs,5,0,true,false,1,0,0,1_already_fast,classify succeeded AND payload skipped in this attempt => real no_code fast path,
32326132865,1,2026-08-20T02:51:34Z,CI,pull_request,cancelled,flywheel-FLY-1850,docs,4,0,true,false,1,0,0,1_already_fast,classify succeeded AND payload skipped in this attempt => real no_code fast path,
32326148199,1,2026-08-20T02:51:49Z,CI,pull_request,success,flywheel-FLY-1851,docs,5,0,true,false,1,0,0,1_already_fast,classify succeeded AND payload skipped in this attempt => real no_code fast path,
32326311900,1,2026-08-20T02:54:34Z,CI,pull_request,cancelled,flywheel-FLY-1850,docs,4,0,true,false,1,0,0,1_already_fast,classify succeeded AND payload skipped in this attempt => real no_code fast path,
32326420690,1,2026-08-20T02:56:39Z,CI,pull_request,cancelled,flywheel-FLY-1850,docs,4,0,true,false,1,0,0,1_already_fast,classify succeeded AND payload skipped in this attempt => real no_code fast path,
32326571855,1,2026-08-20T02:59:05Z,CI,pull_request,success,flywheel-FLY-1850,docs,6,0,true,false,1,0,0,1_already_fast,classify succeeded AND payload skipped in this attempt => real no_code fast path,
32326707686,1,2026-08-20T03:01:05Z,CI,pull_request,cancelled,flywheel-FLY-1911,other,61,0,false,false,8,522,10,4_must_run_full,not a P0 case; branch has no prior qualifying full-green baseline,
32326718733,1,2026-08-20T03:01:16Z,CI,pull_request,success,flywheel-FLY-1814,code,62,0,false,true,8,534,9,4_must_run_full,not a P0 case; branch has no prior qualifying full-green baseline,
32327388087,1,2026-08-20T03:12:29Z,CI,pull_request,cancelled,flywheel-FLY-1911,other,33,0,false,false,8,516,7,4_must_run_full,not a P0 case; branch has no prior qualifying full-green baseline,
32327579847,1,2026-08-20T03:15:28Z,CI,pull_request,success,flywheel-FLY-1850,docs,5,0,true,false,1,0,0,1_already_fast,classify succeeded AND payload skipped in this attempt => real no_code fast path,
32327605897,1,2026-08-20T03:16:14Z,CI,pull_request,failure,flywheel-FLY-1911,other,58,0,false,false,8,509,8,4_must_run_full,not a P0 case; branch has no prior qualifying full-green baseline,
32327755453,1,2026-08-20T03:18:28Z,CI,pull_request,success,flywheel-FLY-1905,docs,58,0,false,true,8,478,9,3_P1_upper,UPPER BOUND: branch already had a qualifying full-green attempt AND head commit is doc/progress labelled; incremental-diff inertness and unchanged base SHA / ci.yml are NOT verified here,32317772748#2
32327964570,1,2026-08-20T03:22:01Z,CI,pull_request,success,flywheel-FLY-1851,docs,5,0,true,false,1,0,0,1_already_fast,classify succeeded AND payload skipped in this attempt => real no_code fast path,
32328032203,1,2026-08-20T03:23:07Z,CI,pull_request,success,flywheel-FLY-1850,docs,6,0,true,false,1,0,0,1_already_fast,classify succeeded AND payload skipped in this attempt => real no_code fast path,
32328366259,1,2026-08-20T03:28:45Z,CI,pull_request,cancelled,flywheel-FLY-1850,docs,2,0,true,false,1,0,0,1_already_fast,classify succeeded AND payload skipped in this attempt => real no_code fast path,
32328411646,1,2026-08-20T03:29:47Z,CI,pull_request,cancelled,flywheel-FLY-1850,docs,4,0,true,false,1,0,0,1_already_fast,classify succeeded AND payload skipped in this attempt => real no_code fast path,
32328443700,1,2026-08-20T03:30:02Z,CI,pull_request,success,flywheel-FLY-1814,chore_progress,62,0,false,true,8,504,10,3_P1_upper,UPPER BOUND: branch already had a qualifying full-green attempt AND head commit is doc/progress labelled; incremental-diff inertness and unchanged base SHA / ci.yml are NOT verified here,32326718733#1
32328587267,1,2026-08-20T03:32:37Z,CI,pull_request,success,flywheel-FLY-1850,docs,5,0,true,false,1,0,0,1_already_fast,classify succeeded AND payload skipped in this attempt => real no_code fast path,
32328983645,1,2026-08-20T03:38:59Z,CI,pull_request,success,flywheel-FLY-1894,code,61,0,false,true,8,517,11,4_must_run_full,not a P0 case; branch has no prior qualifying full-green baseline,
32328985788,1,2026-08-20T03:39:00Z,Ship on :cool: Comment,issue_comment,skipped,main,code,0,0,false,false,0,0,0,non_ci,not the CI workflow; classifier levers do not apply,
32329692455,1,2026-08-20T03:50:48Z,CI,pull_request,cancelled,flywheel-FLY-1887,docs,38,0,false,false,7,457,8,4_must_run_full,not a P0 case; branch has no prior qualifying full-green baseline,
32329706042,1,2026-08-20T03:51:02Z,Ship on :cool: Comment,issue_comment,success,main,code,1,0,false,false,0,0,0,non_ci,not the CI workflow; classifier levers do not apply,
32329722649,1,2026-08-20T03:51:20Z,CI,push,success,main,code,56,0,false,false,8,475,9,4_must_run_full,event=push is not a pull_request; P0/P1 are PR-scoped and research section 8 keeps main push CI full,
32329724323,1,2026-08-20T03:51:21Z,Ship on :cool: Comment,issue_comment,skipped,main,code,0,0,false,false,0,0,0,non_ci,not the CI workflow; classifier levers do not apply,
32329994873,1,2026-08-20T03:56:08Z,CI,pull_request,cancelled,flywheel-FLY-1887,docs,50,0,false,false,8,493,8,4_must_run_full,not a P0 case; branch has no prior qualifying full-green baseline,
32330518690,1,2026-08-20T04:04:40Z,CI,pull_request,failure,flywheel-FLY-1887,docs,54,0,false,false,8,474,8,4_must_run_full,not a P0 case; branch has no prior qualifying full-green baseline,
32331212064,1,2026-08-20T04:15:28Z,CI,pull_request,success,flywheel-FLY-1851,docs,6,0,true,false,1,0,0,1_already_fast,classify succeeded AND payload skipped in this attempt => real no_code fast path,
32331233659,1,2026-08-20T04:15:47Z,CI,pull_request,success,flywheel-FLY-1887,docs,59,0,false,true,8,501,10,4_must_run_full,not a P0 case; branch has no prior qualifying full-green baseline,
32331572761,1,2026-08-20T04:21:11Z,CI,pull_request,failure,flywheel-FLY-1814,docs,59,0,false,false,8,523,10,3_P1_upper,UPPER BOUND: branch already had a qualifying full-green attempt AND head commit is doc/progress labelled; incremental-diff inertness and unchanged base SHA / ci.yml are NOT verified here,32328443700#1
32331653650,1,2026-08-20T04:22:32Z,CI,pull_request,success,flywheel-FLY-1851,docs,6,0,true,false,1,0,0,1_already_fast,classify succeeded AND payload skipped in this attempt => real no_code fast path,
32331572761,2,2026-08-20T05:14:38Z,CI,pull_request,success,flywheel-FLY-1814,docs,12,50,false,true,1,0,0,3_P1_upper,UPPER BOUND: branch already had a qualifying full-green attempt AND head commit is doc/progress labelled; incremental-diff inertness and unchanged base SHA / ci.yml are NOT verified here,32328443700#1
32335163321,1,2026-08-20T05:19:27Z,CI,pull_request,success,flywheel-FLY-1850,docs,5,0,true,false,1,0,0,1_already_fast,classify succeeded AND payload skipped in this attempt => real no_code fast path,
32335172722,1,2026-08-20T05:19:38Z,CI,pull_request,cancelled,flywheel-FLY-1851,docs,4,0,true,false,1,0,0,1_already_fast,classify succeeded AND payload skipped in this attempt => real no_code fast path,
32335187800,1,2026-08-20T05:19:53Z,CI,pull_request,failure,flywheel-FLY-1911,docs,62,0,false,false,8,554,10,4_must_run_full,not a P0 case; branch has no prior qualifying full-green baseline,
32335318770,1,2026-08-20T05:22:16Z,CI,pull_request,success,flywheel-FLY-1851,docs,5,0,true,false,1,0,0,1_already_fast,classify succeeded AND payload skipped in this attempt => real no_code fast path,
32335587588,1,2026-08-20T05:26:19Z,CI,pull_request,success,flywheel-FLY-1850,docs,6,0,true,false,1,0,0,1_already_fast,classify succeeded AND payload skipped in this attempt => real no_code fast path,
32336322226,1,2026-08-20T05:37:49Z,CI,pull_request,success,flywheel-FLY-1921,docs,58,0,false,true,8,503,9,4_must_run_full,not a P0 case; branch has no prior qualifying full-green baseline,
32336325307,1,2026-08-20T05:37:55Z,Ship on :cool: Comment,issue_comment,skipped,main,code,0,0,false,false,0,0,0,non_ci,not the CI workflow; classifier levers do not apply,
32336748607,1,2026-08-20T05:44:29Z,CI,pull_request,cancelled,flywheel-FLY-1851,docs,3,0,true,false,1,0,0,1_already_fast,classify succeeded AND payload skipped in this attempt => real no_code fast path,
32336762874,1,2026-08-20T05:44:42Z,CI,pull_request,success,flywheel-FLY-1814,docs,61,0,false,true,8,505,10,3_P1_upper,UPPER BOUND: branch already had a qualifying full-green attempt AND head commit is doc/progress labelled; incremental-diff inertness and unchanged base SHA / ci.yml are NOT verified here,32331572761#2
32336766442,1,2026-08-20T05:44:45Z,CI,pull_request,success,flywheel-FLY-1850,docs,5,0,true,false,1,0,0,1_already_fast,classify succeeded AND payload skipped in this attempt => real no_code fast path,
32336849054,1,2026-08-20T05:46:17Z,CI,pull_request,cancelled,flywheel-FLY-1851,docs,3,0,true,false,1,0,0,1_already_fast,classify succeeded AND payload skipped in this attempt => real no_code fast path,
32336928420,1,2026-08-20T05:47:29Z,CI,pull_request,success,flywheel-FLY-1851,chore_progress,5,0,true,false,1,0,0,1_already_fast,classify succeeded AND payload skipped in this attempt => real no_code fast path,
32337284404,1,2026-08-20T05:52:38Z,CI,pull_request,success,flywheel-FLY-1850,docs,5,0,true,false,1,0,0,1_already_fast,classify succeeded AND payload skipped in this attempt => real no_code fast path,
32337387613,1,2026-08-20T05:54:14Z,CI,pull_request,failure,flywheel-FLY-1911,other,57,0,false,false,8,505,7,4_must_run_full,not a P0 case; branch has no prior qualifying full-green baseline,
32337867051,1,2026-08-20T06:01:23Z,CI,pull_request,failure,flywheel-FLY-1850,docs,3,0,false,false,0,0,0,4_must_run_full,files are already inside the CURRENT allowlist; P0 would change nothing for this PR,
32338013683,1,2026-08-20T06:03:34Z,CI,pull_request,failure,flywheel-FLY-1850,docs,3,0,false,false,0,0,0,4_must_run_full,files are already inside the CURRENT allowlist; P0 would change nothing for this PR,
32338094265,1,2026-08-20T06:04:46Z,Ship on :cool: Comment,issue_comment,failure,main,code,1,0,false,false,0,0,0,non_ci,not the CI workflow; classifier levers do not apply,
32338235098,1,2026-08-20T06:06:47Z,CI,pull_request,failure,flywheel-FLY-1911,docs,3,0,false,false,0,0,0,4_must_run_full,not a P0 case; branch has no prior qualifying full-green baseline,
32338348668,1,2026-08-20T06:08:31Z,CI,pull_request,failure,flywheel-FLY-1911,other,3,0,false,false,0,0,0,4_must_run_full,not a P0 case; branch has no prior qualifying full-green baseline,
32338672824,1,2026-08-20T06:13:14Z,Payload Beta Release,schedule,failure,main,code,1,0,false,false,0,0,0,non_ci,not the CI workflow; classifier levers do not apply,
32338852603,1,2026-08-20T06:15:47Z,CI,pull_request,failure,flywheel-FLY-1894,docs,3,0,false,false,0,0,0,3_P1_upper,UPPER BOUND: branch already had a qualifying full-green attempt AND head commit is doc/progress labelled; incremental-diff inertness and unchanged base SHA / ci.yml are NOT verified here,32328983645#1
32338847379,1,2026-08-20T06:15:51Z,Ship on :cool: Comment,issue_comment,skipped,main,code,0,0,false,false,0,0,0,non_ci,not the CI workflow; classifier levers do not apply,
32340146038,1,2026-08-20T06:34:16Z,CI,pull_request,failure,flywheel-FLY-1894,code,3,0,false,false,0,0,0,4_must_run_full,not a P0 case; head commit is not doc/progress labelled,
32340987920,1,2026-08-20T06:46:13Z,CI,pull_request,failure,flywheel-FLY-1894,code,3,0,false,false,0,0,0,4_must_run_full,not a P0 case; head commit is not doc/progress labelled,
32341145968,1,2026-08-20T06:48:29Z,CI,pull_request,failure,flywheel-FLY-1911,code,3,0,false,false,0,0,0,4_must_run_full,not a P0 case; branch has no prior qualifying full-green baseline,
32341377994,1,2026-08-20T06:51:42Z,CI,pull_request,failure,flywheel-FLY-1851,docs,3,0,false,false,0,0,0,4_must_run_full,files are already inside the CURRENT allowlist; P0 would change nothing for this PR,
32341743357,1,2026-08-20T06:56:40Z,CI,pull_request,failure,flywheel-FLY-1851,docs,3,0,false,false,0,0,0,4_must_run_full,files are already inside the CURRENT allowlist; P0 would change nothing for this PR,
32341897571,1,2026-08-20T06:58:48Z,CI,pull_request,failure,flywheel-FLY-1894,code,3,0,false,false,0,0,0,4_must_run_full,not a P0 case; head commit is not doc/progress labelled,
32341906159,1,2026-08-20T06:58:55Z,CI,pull_request,failure,flywheel-FLY-1851,docs,3,0,false,false,0,0,0,4_must_run_full,files are already inside the CURRENT allowlist; P0 would change nothing for this PR,
32342180001,1,2026-08-20T07:02:29Z,CI,pull_request,failure,flywheel-FLY-1851,docs,3,0,false,false,0,0,0,4_must_run_full,files are already inside the CURRENT allowlist; P0 would change nothing for this PR,
32343037057,1,2026-08-20T07:13:48Z,CI,pull_request,success,flywheel-FLY-1859,chore_progress,57,0,false,true,8,480,8,3_P1_upper,UPPER BOUND: branch already had a qualifying full-green attempt AND head commit is doc/progress labelled; incremental-diff inertness and unchanged base SHA / ci.yml are NOT verified here,32316974299#1
32343200401,1,2026-08-20T07:15:52Z,CI,pull_request,cancelled,flywheel-FLY-1851,docs,3,0,true,false,1,0,0,1_already_fast,classify succeeded AND payload skipped in this attempt => real no_code fast path,
32343258239,1,2026-08-20T07:16:57Z,CI,pull_request,cancelled,flywheel-FLY-1851,docs,5,0,true,false,1,0,0,1_already_fast,classify succeeded AND payload skipped in this attempt => real no_code fast path,
32343514344,1,2026-08-20T07:20:07Z,CI,pull_request,success,flywheel-FLY-1851,docs,6,0,true,false,1,0,0,1_already_fast,classify succeeded AND payload skipped in this attempt => real no_code fast path,
32343538067,1,2026-08-20T07:20:20Z,CI,pull_request,success,flywheel-FLY-1850,docs,5,0,true,false,1,0,0,1_already_fast,classify succeeded AND payload skipped in this attempt => real no_code fast path,
32343707639,1,2026-08-20T07:22:31Z,CI,pull_request,success,flywheel-FLY-1894,code,61,0,false,true,8,521,10,4_must_run_full,not a P0 case; head commit is not doc/progress labelled,
32343963265,1,2026-08-20T07:25:49Z,CI,pull_request,success,flywheel-FLY-1851,docs,5,0,true,false,1,0,0,1_already_fast,classify succeeded AND payload skipped in this attempt => real no_code fast path,
32344006886,1,2026-08-20T07:26:23Z,CI,pull_request,success,flywheel-FLY-1850,docs,5,0,true,false,1,0,0,1_already_fast,classify succeeded AND payload skipped in this attempt => real no_code fast path,
32344720483,1,2026-08-20T07:35:37Z,CI,pull_request,success,flywheel-FLY-1894,code,57,0,false,true,8,474,8,4_must_run_full,not a P0 case; head commit is not doc/progress labelled,
32344748308,1,2026-08-20T07:35:59Z,CI,pull_request,success,flywheel-FLY-1850,docs,6,0,true,false,1,0,0,1_already_fast,classify succeeded AND payload skipped in this attempt => real no_code fast path,
32344830701,1,2026-08-20T07:37:06Z,CI,pull_request,success,flywheel-FLY-1851,docs,6,0,true,false,1,0,0,1_already_fast,classify succeeded AND payload skipped in this attempt => real no_code fast path,
32344979445,1,2026-08-20T07:39:05Z,CI,pull_request,success,flywheel-FLY-1855,chore_progress,58,0,false,true,8,477,11,4_must_run_full,not a P0 case; branch has no prior qualifying full-green baseline,
32338094265,2,2026-08-20T07:44:34Z,Ship on :cool: Comment,issue_comment,success,main,code,1,0,false,false,0,0,0,non_ci,not the CI workflow; classifier levers do not apply,
32345436989,1,2026-08-20T07:44:55Z,CI,push,success,main,code,62,0,false,false,8,486,9,4_must_run_full,event=push is not a pull_request; P0/P1 are PR-scoped and research section 8 keeps main push CI full,
32345439474,1,2026-08-20T07:44:55Z,Ship on :cool: Comment,issue_comment,skipped,main,code,0,0,false,false,0,0,0,non_ci,not the CI workflow; classifier levers do not apply,
32346407967,1,2026-08-20T07:57:09Z,CI,pull_request,success,flywheel-FLY-1851,docs,6,0,true,false,1,0,0,1_already_fast,classify succeeded AND payload skipped in this attempt => real no_code fast path,
32348266249,1,2026-08-20T08:19:49Z,CI,pull_request,success,flywheel-FLY-1914,docs,63,0,false,true,8,473,11,4_must_run_full,not a P0 case; branch has no prior qualifying full-green baseline,
32348269947,1,2026-08-20T08:19:50Z,Ship on :cool: Comment,issue_comment,skipped,main,code,0,0,false,false,0,0,0,non_ci,not the CI workflow; classifier levers do not apply,
32349272268,1,2026-08-20T08:31:53Z,CI,pull_request,cancelled,flywheel-FLY-1911,other,3,0,false,false,1,0,0,4_must_run_full,not a P0 case; branch has no prior qualifying full-green baseline,
32349286219,1,2026-08-20T08:33:04Z,CI,pull_request,failure,flywheel-FLY-1911,chore_progress,61,0,false,false,8,486,10,4_must_run_full,not a P0 case; branch has no prior qualifying full-green baseline,
32367563962,1,2026-08-20T12:11:37Z,Payload Beta Release,schedule,failure,main,code,2,0,false,false,0,0,0,non_ci,not the CI workflow; classifier levers do not apply,
32379887084,1,2026-08-20T14:23:55Z,CI,pull_request,success,flywheel-FLY-1851,chore_progress,5,0,true,false,1,0,0,1_already_fast,classify succeeded AND payload skipped in this attempt => real no_code fast path,
32380082167,1,2026-08-20T14:25:51Z,CI,pull_request,success,flywheel-FLY-1850,chore_progress,5,0,true,false,1,0,0,1_already_fast,classify succeeded AND payload skipped in this attempt => real no_code fast path,
32380492576,1,2026-08-20T14:30:04Z,CI,pull_request,success,flywheel-FLY-1850,docs,6,0,true,false,1,0,0,1_already_fast,classify succeeded AND payload skipped in this attempt => real no_code fast path,
32380523649,1,2026-08-20T14:30:20Z,CI,pull_request,cancelled,flywheel-FLY-1911,other,18,0,false,false,8,493,6,4_must_run_full,not a P0 case; branch has no prior qualifying full-green baseline,
32380644132,1,2026-08-20T14:32:36Z,CI,pull_request,cancelled,flywheel-FLY-1911,chore_progress,33,0,false,false,8,511,8,4_must_run_full,not a P0 case; branch has no prior qualifying full-green baseline,
32381088948,1,2026-08-20T14:35:57Z,CI,pull_request,success,flywheel-FLY-1851,docs,5,0,true,false,1,0,0,1_already_fast,classify succeeded AND payload skipped in this attempt => real no_code fast path,
32381117933,1,2026-08-20T14:36:37Z,CI,pull_request,cancelled,flywheel-FLY-1911,chore_progress,18,0,false,false,8,482,7,4_must_run_full,not a P0 case; branch has no prior qualifying full-green baseline,
32381280043,1,2026-08-20T14:38:54Z,CI,pull_request,cancelled,flywheel-FLY-1911,chore_progress,18,0,false,false,8,216,7,4_must_run_full,not a P0 case; branch has no prior qualifying full-green baseline,
32381578668,1,2026-08-20T14:40:51Z,CI,pull_request,success,flywheel-FLY-1851,docs,5,0,true,false,1,0,0,1_already_fast,classify succeeded AND payload skipped in this attempt => real no_code fast path,
32381498458,1,2026-08-20T14:40:53Z,CI,pull_request,failure,flywheel-FLY-1911,chore_progress,61,0,false,false,8,486,8,4_must_run_full,not a P0 case; branch has no prior qualifying full-green baseline,
32381914141,1,2026-08-20T14:44:12Z,CI,pull_request,success,flywheel-FLY-1914,chore_progress,63,0,false,true,8,542,11,3_P1_upper,UPPER BOUND: branch already had a qualifying full-green attempt AND head commit is doc/progress labelled; incremental-diff inertness and unchanged base SHA / ci.yml are NOT verified here,32348266249#1
32382037980,1,2026-08-20T14:45:24Z,CI,pull_request,success,flywheel-FLY-1851,docs,6,0,true,false,1,0,0,1_already_fast,classify succeeded AND payload skipped in this attempt => real no_code fast path,
32383145558,1,2026-08-20T14:56:29Z,Ship on :cool: Comment,issue_comment,success,main,code,1,0,false,false,0,0,0,non_ci,not the CI workflow; classifier levers do not apply,
32383185844,1,2026-08-20T14:56:54Z,CI,push,cancelled,main,code,46,0,false,false,8,538,13,4_must_run_full,event=push is not a pull_request; P0/P1 are PR-scoped and research section 8 keeps main push CI full,
32383188764,1,2026-08-20T14:56:54Z,Ship on :cool: Comment,issue_comment,skipped,main,code,0,0,false,false,0,0,0,non_ci,not the CI workflow; classifier levers do not apply,
32383620758,1,2026-08-20T15:01:12Z,Ship on :cool: Comment,issue_comment,success,main,code,1,0,false,false,0,0,0,non_ci,not the CI workflow; classifier levers do not apply,
32383671679,1,2026-08-20T15:01:43Z,Ship on :cool: Comment,issue_comment,skipped,main,code,0,0,false,false,0,0,0,non_ci,not the CI workflow; classifier levers do not apply,
32383668115,1,2026-08-20T15:02:36Z,CI,push,success,main,code,58,0,false,false,8,439,7,4_must_run_full,event=push is not a pull_request; P0/P1 are PR-scoped and research section 8 keeps main push CI full,
32386498857,1,2026-08-20T15:30:07Z,CI,pull_request,success,docs/529-rule-into-identity,docs,64,0,false,true,8,546,12,4_must_run_full,not a P0 case; branch has no prior qualifying full-green baseline,
32389413005,1,2026-08-20T15:59:36Z,CI,pull_request,cancelled,flywheel-FLY-1911,other,3,0,false,false,1,0,0,4_must_run_full,not a P0 case; branch has no prior qualifying full-green baseline,
32389430103,1,2026-08-20T16:00:49Z,CI,pull_request,cancelled,flywheel-FLY-1911,chore_progress,18,0,false,false,8,227,7,4_must_run_full,not a P0 case; branch has no prior qualifying full-green baseline,
32389614699,1,2026-08-20T16:02:19Z,CI,pull_request,cancelled,flywheel-FLY-1911,docs,51,0,false,false,8,494,8,4_must_run_full,not a P0 case; branch has no prior qualifying full-green baseline,
32390291502,1,2026-08-20T16:09:34Z,CI,pull_request,cancelled,flywheel-FLY-1911,code,3,0,false,false,1,0,0,4_must_run_full,not a P0 case; branch has no prior qualifying full-green baseline,
32390412310,1,2026-08-20T16:10:44Z,CI,pull_request,cancelled,flywheel-FLY-1911,chore_progress,51,0,false,false,8,542,9,4_must_run_full,not a P0 case; branch has no prior qualifying full-green baseline,
32391012221,1,2026-08-20T16:15:58Z,Ship on :cool: Comment,issue_comment,success,main,code,1,0,false,false,0,0,0,non_ci,not the CI workflow; classifier levers do not apply,
32391039202,1,2026-08-20T16:16:14Z,CI,push,success,main,docs,62,0,false,false,8,518,10,4_must_run_full,event=push is not a pull_request; P0/P1 are PR-scoped and research section 8 keeps main push CI full,
32391041168,1,2026-08-20T16:16:22Z,Ship on :cool: Comment,issue_comment,skipped,main,docs,0,0,false,false,0,0,0,non_ci,not the CI workflow; classifier levers do not apply,
32391126704,1,2026-08-20T16:17:56Z,CI,pull_request,cancelled,flywheel-FLY-1911,other,0,0,false,false,0,0,0,4_must_run_full,not a P0 case; branch has no prior qualifying full-green baseline,
32391200437,1,2026-08-20T16:18:00Z,CI,pull_request,failure,flywheel-FLY-1911,chore_progress,60,0,false,false,8,479,10,4_must_run_full,not a P0 case; branch has no prior qualifying full-green baseline,
32391657544,1,2026-08-20T16:22:53Z,Ship on :cool: Comment,issue_comment,skipped,main,docs,0,0,false,false,0,0,0,non_ci,not the CI workflow; classifier levers do not apply,
32393116235,1,2026-08-20T16:38:22Z,CI,pull_request,cancelled,flywheel-FLY-1911,docs,18,0,false,false,8,242,7,4_must_run_full,not a P0 case; branch has no prior qualifying full-green baseline,
32393163940,1,2026-08-20T16:38:53Z,CI,pull_request,success,flywheel-FLY-1795,docs,64,0,false,true,8,527,10,4_must_run_full,not a P0 case; branch has no prior qualifying full-green baseline,
32393193011,1,2026-08-20T16:39:53Z,CI,pull_request,cancelled,flywheel-FLY-1911,chore_progress,57,0,false,false,8,479,9,4_must_run_full,not a P0 case; branch has no prior qualifying full-green baseline,
32393672544,1,2026-08-20T16:44:19Z,CI,pull_request,success,flywheel-FLY-1850,docs,6,0,true,false,1,0,0,1_already_fast,classify succeeded AND payload skipped in this attempt => real no_code fast path,
32393701452,1,2026-08-20T16:44:37Z,CI,pull_request,success,flywheel-FLY-1851,docs,5,0,true,false,1,0,0,1_already_fast,classify succeeded AND payload skipped in this attempt => real no_code fast path,
32394168930,1,2026-08-20T16:49:33Z,CI,pull_request,cancelled,flywheel-FLY-1911,docs,0,0,false,false,0,0,0,4_must_run_full,not a P0 case; branch has no prior qualifying full-green baseline,
32394208088,1,2026-08-20T16:50:16Z,CI,pull_request,cancelled,flywheel-FLY-1911,chore_progress,53,0,false,false,8,506,9,4_must_run_full,not a P0 case; branch has no prior qualifying full-green baseline,
32394787442,1,2026-08-20T16:56:15Z,CI,pull_request,success,flywheel-FLY-1894,chore_progress,60,0,false,true,8,504,9,3_P1_upper,UPPER BOUND: branch already had a qualifying full-green attempt AND head commit is doc/progress labelled; incremental-diff inertness and unchanged base SHA / ci.yml are NOT verified here,32344720483#1
32394916598,1,2026-08-20T16:57:38Z,CI,pull_request,success,flywheel-FLY-1851,docs,6,0,true,false,1,0,0,1_already_fast,classify succeeded AND payload skipped in this attempt => real no_code fast path,
32394931325,1,2026-08-20T16:57:45Z,CI,pull_request,cancelled,flywheel-FLY-1911,code,0,0,false,false,0,0,0,4_must_run_full,not a P0 case; branch has no prior qualifying full-green baseline,
32394978199,1,2026-08-20T16:58:19Z,CI,pull_request,success,flywheel-FLY-1850,docs,6,0,true,false,1,0,0,1_already_fast,classify succeeded AND payload skipped in this attempt => real no_code fast path,
32394963631,1,2026-08-20T16:58:23Z,CI,pull_request,cancelled,flywheel-FLY-1911,chore_progress,59,0,false,false,8,502,10,4_must_run_full,not a P0 case; branch has no prior qualifying full-green baseline,
32395756663,1,2026-08-20T17:06:32Z,CI,pull_request,cancelled,flywheel-FLY-1850,docs,4,0,true,false,1,0,0,1_already_fast,classify succeeded AND payload skipped in this attempt => real no_code fast path,
32395879069,1,2026-08-20T17:07:52Z,CI,pull_request,success,flywheel-FLY-1851,docs,5,0,true,false,1,0,0,1_already_fast,classify succeeded AND payload skipped in this attempt => real no_code fast path,
32396013206,1,2026-08-20T17:09:30Z,CI,pull_request,success,flywheel-FLY-1850,docs,5,0,true,false,1,0,0,1_already_fast,classify succeeded AND payload skipped in this attempt => real no_code fast path,
32395974412,1,2026-08-20T17:09:53Z,CI,pull_request,cancelled,flywheel-FLY-1911,docs,60,0,false,false,8,538,10,4_must_run_full,not a P0 case; branch has no prior qualifying full-green baseline,
32396080771,1,2026-08-20T17:10:03Z,CI,pull_request,failure,flywheel-FLY-1925,chore_progress,53,0,false,false,8,475,7,4_must_run_full,not a P0 case; branch has no prior qualifying full-green baseline,
32396085408,1,2026-08-20T17:10:10Z,Ship on :cool: Comment,issue_comment,skipped,main,docs,0,0,false,false,0,0,0,non_ci,not the CI workflow; classifier levers do not apply,
32396627124,1,2026-08-20T17:15:47Z,CI,pull_request,cancelled,flywheel-FLY-1851,docs,4,0,true,false,1,0,0,1_already_fast,classify succeeded AND payload skipped in this attempt => real no_code fast path,
32396804045,1,2026-08-20T17:18:38Z,CI,pull_request,success,flywheel-FLY-1851,docs,6,0,true,false,1,0,0,1_already_fast,classify succeeded AND payload skipped in this attempt => real no_code fast path,
32397042540,1,2026-08-20T17:20:39Z,CI,pull_request,cancelled,flywheel-FLY-1911,test_chore_ci,18,0,false,false,8,519,7,4_must_run_full,not a P0 case; branch has no prior qualifying full-green baseline,
32397183274,1,2026-08-20T17:22:55Z,CI,pull_request,cancelled,flywheel-FLY-1911,code,26,0,false,false,8,517,7,4_must_run_full,not a P0 case; branch has no prior qualifying full-green baseline,
32397519866,1,2026-08-20T17:25:28Z,CI,pull_request,cancelled,flywheel-FLY-1851,docs,3,0,true,false,1,0,0,1_already_fast,classify succeeded AND payload skipped in this attempt => real no_code fast path,
32397526417,1,2026-08-20T17:26:02Z,CI,pull_request,cancelled,flywheel-FLY-1911,docs,40,0,false,false,8,456,8,4_must_run_full,not a P0 case; branch has no prior qualifying full-green baseline,
32397682816,1,2026-08-20T17:27:13Z,CI,pull_request,success,flywheel-FLY-1850,docs,5,0,true,false,1,0,0,1_already_fast,classify succeeded AND payload skipped in this attempt => real no_code fast path,
32397646679,1,2026-08-20T17:27:27Z,CI,pull_request,cancelled,flywheel-FLY-1851,docs,4,0,true,false,1,0,0,1_already_fast,classify succeeded AND payload skipped in this attempt => real no_code fast path,
32397904385,1,2026-08-20T17:30:17Z,CI,pull_request,cancelled,flywheel-FLY-1851,docs,3,0,true,false,1,0,0,1_already_fast,classify succeeded AND payload skipped in this attempt => real no_code fast path,
32397917484,1,2026-08-20T17:30:48Z,CI,pull_request,cancelled,flywheel-FLY-1911,code,39,0,false,false,8,508,9,4_must_run_full,not a P0 case; branch has no prior qualifying full-green baseline,
32398008500,1,2026-08-20T17:31:28Z,CI,pull_request,success,flywheel-FLY-1851,docs,5,0,true,false,1,0,0,1_already_fast,classify succeeded AND payload skipped in this attempt => real no_code fast path,
32398393603,1,2026-08-20T17:34:54Z,CI,pull_request,success,flywheel-FLY-1851,docs,6,0,true,false,1,0,0,1_already_fast,classify succeeded AND payload skipped in this attempt => real no_code fast path,
32398352839,1,2026-08-20T17:35:34Z,CI,pull_request,failure,flywheel-FLY-1911,code,64,0,false,false,8,540,11,4_must_run_full,not a P0 case; branch has no prior qualifying full-green baseline,
32398932759,1,2026-08-20T17:40:43Z,CI,pull_request,success,flywheel-FLY-1850,chore_progress,5,0,true,false,1,0,0,1_already_fast,classify succeeded AND payload skipped in this attempt => real no_code fast path,
32399693021,1,2026-08-20T17:48:59Z,CI,pull_request,failure,flywheel-FLY-1867,chore_progress,59,0,false,false,7,436,8,4_must_run_full,not a P0 case; branch has no prior qualifying full-green baseline,
32399696392,1,2026-08-20T17:48:59Z,Ship on :cool: Comment,issue_comment,skipped,main,docs,0,0,false,false,0,0,0,non_ci,not the CI workflow; classifier levers do not apply,
32400237722,1,2026-08-20T17:54:43Z,CI,pull_request,success,flywheel-FLY-1851,docs,6,0,true,false,1,0,0,1_already_fast,classify succeeded AND payload skipped in this attempt => real no_code fast path,
32400515821,1,2026-08-20T17:57:41Z,Ship on :cool: Comment,issue_comment,skipped,main,docs,0,0,false,false,0,0,0,non_ci,not the CI workflow; classifier levers do not apply,
32400661494,1,2026-08-20T17:59:18Z,CI,pull_request,failure,flywheel-FLY-1925,docs,55,0,false,false,8,461,9,4_must_run_full,not a P0 case; branch has no prior qualifying full-green baseline,
32400783647,1,2026-08-20T18:00:34Z,CI,pull_request,cancelled,flywheel-FLY-1911,code,19,0,false,false,8,465,6,4_must_run_full,not a P0 case; branch has no prior qualifying full-green baseline,
32400996901,1,2026-08-20T18:02:44Z,CI,pull_request,cancelled,flywheel-FLY-1850,docs,2,0,false,false,0,0,0,4_must_run_full,files are already inside the CURRENT allowlist; P0 would change nothing for this PR,
32401010319,1,2026-08-20T18:02:52Z,CI,pull_request,success,flywheel-FLY-1851,docs,5,0,true,false,1,0,0,1_already_fast,classify succeeded AND payload skipped in this attempt => real no_code fast path,
32401022137,1,2026-08-20T18:03:04Z,CI,pull_request,success,flywheel-FLY-1850,chore_progress,6,0,true,false,1,0,0,1_already_fast,classify succeeded AND payload skipped in this attempt => real no_code fast path,
32400962504,1,2026-08-20T18:03:29Z,CI,pull_request,failure,flywheel-FLY-1911,docs,63,0,false,false,8,522,9,4_must_run_full,not a P0 case; branch has no prior qualifying full-green baseline,
32401774900,1,2026-08-20T18:11:07Z,Payload Beta Release,schedule,failure,main,docs,2,0,false,false,0,0,0,non_ci,not the CI workflow; classifier levers do not apply,
32408743016,1,2026-08-20T19:27:16Z,CI,pull_request,cancelled,flywheel-FLY-1911,other,16,0,false,false,7,196,5,4_must_run_full,not a P0 case; branch has no prior qualifying full-green baseline,
32408829464,1,2026-08-20T19:29:16Z,CI,pull_request,cancelled,flywheel-FLY-1911,docs,26,0,false,false,8,510,7,4_must_run_full,not a P0 case; branch has no prior qualifying full-green baseline,
32409176492,1,2026-08-20T19:32:05Z,CI,pull_request,cancelled,flywheel-FLY-1851,docs,6,0,true,false,1,0,0,1_already_fast,classify succeeded AND payload skipped in this attempt => real no_code fast path,
32409147054,1,2026-08-20T19:32:24Z,CI,pull_request,cancelled,flywheel-FLY-1911,docs,18,0,false,false,8,470,6,4_must_run_full,not a P0 case; branch has no prior qualifying full-green baseline,
32409339110,1,2026-08-20T19:33:52Z,CI,pull_request,success,flywheel-FLY-1867,code,60,0,false,true,8,476,11,4_must_run_full,not a P0 case; branch has no prior qualifying full-green baseline,
32409352519,1,2026-08-20T19:34:38Z,CI,pull_request,failure,flywheel-FLY-1911,docs,60,0,false,false,8,506,10,4_must_run_full,not a P0 case; branch has no prior qualifying full-green baseline,
32409472543,1,2026-08-20T19:35:18Z,CI,pull_request,success,flywheel-FLY-1851,docs,5,0,true,false,1,0,0,1_already_fast,classify succeeded AND payload skipped in this attempt => real no_code fast path,
32409773864,1,2026-08-20T19:38:37Z,CI,pull_request,success,flywheel-FLY-1851,docs,5,0,true,false,1,0,0,1_already_fast,classify succeeded AND payload skipped in this attempt => real no_code fast path,
32410207856,1,2026-08-20T19:43:28Z,CI,pull_request,success,flywheel-FLY-1851,docs,5,0,true,false,1,0,0,1_already_fast,classify succeeded AND payload skipped in this attempt => real no_code fast path,
32410415469,1,2026-08-20T19:45:45Z,Ship on :cool: Comment,issue_comment,success,main,docs,1,0,false,false,0,0,0,non_ci,not the CI workflow; classifier levers do not apply,
32410439422,1,2026-08-20T19:46:01Z,CI,push,failure,main,code,57,0,false,false,8,506,8,4_must_run_full,event=push is not a pull_request; P0/P1 are PR-scoped and research section 8 keeps main push CI full,
32410441361,1,2026-08-20T19:46:08Z,Ship on :cool: Comment,issue_comment,skipped,main,code,0,0,false,false,0,0,0,non_ci,not the CI workflow; classifier levers do not apply,
32410962125,1,2026-08-20T19:51:51Z,CI,pull_request,cancelled,flywheel-FLY-1850,docs,3,0,true,false,1,0,0,1_already_fast,classify succeeded AND payload skipped in this attempt => real no_code fast path,
32411084473,1,2026-08-20T19:53:17Z,CI,pull_request,cancelled,flywheel-FLY-1911,other,25,0,false,false,8,526,9,4_must_run_full,not a P0 case; branch has no prior qualifying full-green baseline,
32411055551,1,2026-08-20T19:53:51Z,CI,pull_request,success,flywheel-FLY-1850,docs,5,0,true,false,1,0,0,1_already_fast,classify succeeded AND payload skipped in this attempt => real no_code fast path,
32411292986,1,2026-08-20T19:56:25Z,CI,pull_request,cancelled,flywheel-FLY-1911,other,16,0,false,false,7,193,5,4_must_run_full,not a P0 case; branch has no prior qualifying full-green baseline,
32411410162,1,2026-08-20T19:56:51Z,CI,pull_request,cancelled,flywheel-FLY-1850,docs,3,0,false,false,1,0,0,4_must_run_full,files are already inside the CURRENT allowlist; P0 would change nothing for this PR,
32411422418,1,2026-08-20T19:57:00Z,CI,pull_request,success,flywheel-FLY-1921,docs,63,0,false,true,8,509,12,3_P1_upper,UPPER BOUND: branch already had a qualifying full-green attempt AND head commit is doc/progress labelled; incremental-diff inertness and unchanged base SHA / ci.yml are NOT verified here,32336322226#1
32411436502,1,2026-08-20T19:57:53Z,CI,pull_request,cancelled,flywheel-FLY-1911,other,26,0,false,false,8,538,8,4_must_run_full,not a P0 case; branch has no prior qualifying full-green baseline,
32411439160,1,2026-08-20T19:58:00Z,CI,pull_request,success,flywheel-FLY-1850,chore_progress,6,0,true,false,1,0,0,1_already_fast,classify succeeded AND payload skipped in this attempt => real no_code fast path,
32411734404,1,2026-08-20T20:01:01Z,CI,pull_request,cancelled,flywheel-FLY-1911,docs,32,0,false,false,8,539,8,4_must_run_full,not a P0 case; branch has no prior qualifying full-green baseline,
32411963001,1,2026-08-20T20:02:57Z,CI,pull_request,cancelled,flywheel-FLY-1850,docs,2,0,false,false,0,0,0,4_must_run_full,files are already inside the CURRENT allowlist; P0 would change nothing for this PR,
32411981598,1,2026-08-20T20:03:13Z,CI,pull_request,success,flywheel-FLY-1850,chore_progress,5,0,true,false,1,0,0,1_already_fast,classify succeeded AND payload skipped in this attempt => real no_code fast path,
32412043568,1,2026-08-20T20:04:56Z,CI,pull_request,cancelled,flywheel-FLY-1911,docs,2,0,false,false,0,0,0,4_must_run_full,not a P0 case; branch has no prior qualifying full-green baseline,
32412160160,1,2026-08-20T20:05:12Z,CI,pull_request,cancelled,flywheel-FLY-1911,docs,19,0,false,false,8,491,6,4_must_run_full,not a P0 case; branch has no prior qualifying full-green baseline,
32412330786,1,2026-08-20T20:07:47Z,CI,pull_request,cancelled,flywheel-FLY-1911,docs,19,0,false,false,8,543,8,4_must_run_full,not a P0 case; branch has no prior qualifying full-green baseline,
32412409001,1,2026-08-20T20:07:50Z,CI,pull_request,cancelled,flywheel-FLY-1850,docs,3,0,false,false,1,0,0,4_must_run_full,files are already inside the CURRENT allowlist; P0 would change nothing for this PR,
32412466173,1,2026-08-20T20:08:29Z,CI,pull_request,cancelled,flywheel-FLY-1851,docs,4,0,true,false,1,0,0,1_already_fast,classify succeeded AND payload skipped in this attempt => real no_code fast path,
32412426261,1,2026-08-20T20:08:58Z,CI,pull_request,success,flywheel-FLY-1850,chore_progress,6,0,true,false,1,0,0,1_already_fast,classify succeeded AND payload skipped in this attempt => real no_code fast path,
32412578865,1,2026-08-20T20:10:08Z,CI,pull_request,cancelled,flywheel-FLY-1911,docs,59,0,false,false,8,512,11,4_must_run_full,not a P0 case; branch has no prior qualifying full-green baseline,
32412733952,1,2026-08-20T20:11:28Z,CI,pull_request,success,flywheel-FLY-1851,docs,6,0,true,false,1,0,0,1_already_fast,classify succeeded AND payload skipped in this attempt => real no_code fast path,
32413542873,1,2026-08-20T20:20:34Z,CI,pull_request,failure,flywheel-FLY-1911,other,57,0,false,false,8,495,9,4_must_run_full,not a P0 case; branch has no prior qualifying full-green baseline,
32415230725,1,2026-08-20T20:39:05Z,CI,pull_request,cancelled,flywheel-FLY-1850,docs,2,0,false,false,0,0,0,4_must_run_full,files are already inside the CURRENT allowlist; P0 would change nothing for this PR,
32415253537,1,2026-08-20T20:39:27Z,CI,pull_request,success,flywheel-FLY-1850,chore_progress,6,0,true,false,1,0,0,1_already_fast,classify succeeded AND payload skipped in this attempt => real no_code fast path,
32415345852,1,2026-08-20T20:40:21Z,CI,pull_request,cancelled,flywheel-FLY-1911,other,19,0,false,false,8,524,7,4_must_run_full,not a P0 case; branch has no prior qualifying full-green baseline,
32415511824,1,2026-08-20T20:43:13Z,CI,pull_request,cancelled,flywheel-FLY-1911,code,35,0,false,false,8,545,9,4_must_run_full,not a P0 case; branch has no prior qualifying full-green baseline,
32415695658,1,2026-08-20T20:44:09Z,CI,pull_request,failure,flywheel-FLY-1867,chore_progress,62,0,false,false,8,481,10,3_P1_upper,UPPER BOUND: branch already had a qualifying full-green attempt AND head commit is doc/progress labelled; incremental-diff inertness and unchanged base SHA / ci.yml are NOT verified here,32409339110#1
32415856145,1,2026-08-20T20:45:59Z,CI,pull_request,cancelled,flywheel-FLY-1850,docs,3,0,false,false,1,0,0,4_must_run_full,files are already inside the CURRENT allowlist; P0 would change nothing for this PR,
32415875997,1,2026-08-20T20:47:09Z,CI,pull_request,cancelled,flywheel-FLY-1850,chore_progress,3,0,true,false,1,0,0,1_already_fast,classify succeeded AND payload skipped in this attempt => real no_code fast path,
32415916714,1,2026-08-20T20:47:13Z,CI,pull_request,failure,flywheel-FLY-1911,code,60,0,false,false,8,480,9,4_must_run_full,not a P0 case; branch has no prior qualifying full-green baseline,
32416121094,1,2026-08-20T20:49:03Z,CI,pull_request,cancelled,flywheel-FLY-1850,docs,3,0,false,false,1,0,0,4_must_run_full,files are already inside the CURRENT allowlist; P0 would change nothing for this PR,
32416138613,1,2026-08-20T20:50:17Z,CI,pull_request,success,flywheel-FLY-1850,chore_progress,6,0,true,false,1,0,0,1_already_fast,classify succeeded AND payload skipped in this attempt => real no_code fast path,
32416879568,1,2026-08-20T20:57:32Z,CI,pull_request,cancelled,flywheel-FLY-1850,docs,3,0,false,false,1,0,0,4_must_run_full,files are already inside the CURRENT allowlist; P0 would change nothing for this PR,
32416897640,1,2026-08-20T20:58:42Z,CI,pull_request,success,flywheel-FLY-1850,chore_progress,6,0,true,false,1,0,0,1_already_fast,classify succeeded AND payload skipped in this attempt => real no_code fast path,
32417138259,1,2026-08-20T21:00:29Z,CI,pull_request,cancelled,flywheel-FLY-1911,other,50,0,false,false,8,471,9,4_must_run_full,not a P0 case; branch has no prior qualifying full-green baseline,
32417764900,1,2026-08-20T21:08:35Z,CI,pull_request,cancelled,flywheel-FLY-1911,other,39,0,false,false,8,522,9,4_must_run_full,not a P0 case; branch has no prior qualifying full-green baseline,
32418204930,1,2026-08-20T21:13:23Z,CI,pull_request,cancelled,flywheel-FLY-1911,other,13,0,false,false,3,72,2,4_must_run_full,not a P0 case; branch has no prior qualifying full-green baseline,
32418310021,1,2026-08-20T21:14:47Z,CI,pull_request,cancelled,flywheel-FLY-1911,docs,33,0,false,false,8,526,9,4_must_run_full,not a P0 case; branch has no prior qualifying full-green baseline,
32418506359,1,2026-08-20T21:15:56Z,CI,pull_request,cancelled,flywheel-FLY-1850,docs,3,0,false,false,1,0,0,4_must_run_full,files are already inside the CURRENT allowlist; P0 would change nothing for this PR,
32418523132,1,2026-08-20T21:17:09Z,CI,pull_request,success,flywheel-FLY-1850,chore_progress,6,0,true,false,1,0,0,1_already_fast,classify succeeded AND payload skipped in this attempt => real no_code fast path,
32418659272,1,2026-08-20T21:18:47Z,CI,pull_request,cancelled,flywheel-FLY-1911,docs,56,0,false,false,8,554,11,4_must_run_full,not a P0 case; branch has no prior qualifying full-green baseline,
32415695658,2,2026-08-20T21:25:43Z,CI,pull_request,success,flywheel-FLY-1867,chore_progress,13,50,false,true,1,0,0,3_P1_upper,UPPER BOUND: branch already had a qualifying full-green attempt AND head commit is doc/progress labelled; incremental-diff inertness and unchanged base SHA / ci.yml are NOT verified here,32409339110#1
32419447082,1,2026-08-20T21:27:46Z,CI,pull_request,cancelled,flywheel-FLY-1911,other,42,0,false,false,8,524,10,4_must_run_full,not a P0 case; branch has no prior qualifying full-green baseline,
32419912724,1,2026-08-20T21:33:21Z,CI,pull_request,failure,flywheel-FLY-1911,docs,58,0,false,false,8,471,8,4_must_run_full,not a P0 case; branch has no prior qualifying full-green baseline,
32420992121,1,2026-08-20T21:45:30Z,CI,pull_request,cancelled,flywheel-FLY-1911,code,19,0,false,false,8,486,7,4_must_run_full,not a P0 case; branch has no prior qualifying full-green baseline,
32421140647,1,2026-08-20T21:47:50Z,CI,pull_request,cancelled,flywheel-FLY-1911,other,18,0,false,false,8,524,7,4_must_run_full,not a P0 case; branch has no prior qualifying full-green baseline,
32421321766,1,2026-08-20T21:50:08Z,CI,pull_request,cancelled,flywheel-FLY-1911,other,26,0,false,false,8,494,11,4_must_run_full,not a P0 case; branch has no prior qualifying full-green baseline,
32421583895,1,2026-08-20T21:52:43Z,CI,pull_request,failure,flywheel-FLY-1925,code,63,0,false,false,8,526,12,4_must_run_full,not a P0 case; branch has no prior qualifying full-green baseline,
32421554500,1,2026-08-20T21:53:15Z,CI,pull_request,cancelled,flywheel-FLY-1911,docs,14,0,false,false,5,132,3,4_must_run_full,not a P0 case; branch has no prior qualifying full-green baseline,
32421695024,1,2026-08-20T21:54:03Z,CI,pull_request,failure,flywheel-FLY-1887,chore_progress,57,0,false,false,8,463,8,3_P1_upper,UPPER BOUND: branch already had a qualifying full-green attempt AND head commit is doc/progress labelled; incremental-diff inertness and unchanged base SHA / ci.yml are NOT verified here,32331233659#1
32421670054,1,2026-08-20T21:54:42Z,CI,pull_request,cancelled,flywheel-FLY-1911,docs,13,0,false,false,8,217,2,4_must_run_full,not a P0 case; branch has no prior qualifying full-green baseline,
32421823705,1,2026-08-20T21:56:08Z,CI,pull_request,cancelled,flywheel-FLY-1911,other,47,0,false,false,8,518,8,4_must_run_full,not a P0 case; branch has no prior qualifying full-green baseline,
32422348835,1,2026-08-20T22:02:01Z,CI,pull_request,failure,flywheel-FLY-1911,other,3,0,false,false,0,0,0,4_must_run_full,not a P0 case; branch has no prior qualifying full-green baseline,
32422529263,1,2026-08-20T22:04:12Z,CI,pull_request,failure,flywheel-FLY-1911,other,3,0,false,false,0,0,0,4_must_run_full,not a P0 case; branch has no prior qualifying full-green baseline,
32421583895,2,2026-08-20T22:06:22Z,CI,pull_request,failure,flywheel-FLY-1925,code,1,62,false,false,0,0,0,4_must_run_full,not a P0 case; branch has no prior qualifying full-green baseline,
32422734071,1,2026-08-20T22:06:42Z,CI,pull_request,failure,flywheel-FLY-1911,docs,3,0,false,false,0,0,0,4_must_run_full,not a P0 case; branch has no prior qualifying full-green baseline,
32422829646,1,2026-08-20T22:07:54Z,CI,pull_request,failure,flywheel-FLY-1911,docs,3,0,false,false,0,0,0,4_must_run_full,not a P0 case; branch has no prior qualifying full-green baseline,
32422959830,1,2026-08-20T22:09:32Z,CI,pull_request,failure,flywheel-FLY-1911,docs,3,0,false,false,0,0,0,4_must_run_full,not a P0 case; branch has no prior qualifying full-green baseline,
32423014342,1,2026-08-20T22:10:12Z,CI,pull_request,failure,flywheel-FLY-1911,docs,3,0,false,false,0,0,0,4_must_run_full,not a P0 case; branch has no prior qualifying full-green baseline,
32423175984,1,2026-08-20T22:12:15Z,CI,pull_request,failure,flywheel-FLY-1911,other,3,0,false,false,0,0,0,4_must_run_full,not a P0 case; branch has no prior qualifying full-green baseline,
32421583895,3,2026-08-20T22:12:17Z,CI,pull_request,failure,flywheel-FLY-1925,code,1,62,false,false,0,0,0,4_must_run_full,not a P0 case; branch has no prior qualifying full-green baseline,
32421583895,4,2026-08-20T22:14:58Z,CI,pull_request,success,flywheel-FLY-1925,code,1,62,false,true,0,0,0,4_must_run_full,not a P0 case; branch has no prior qualifying full-green baseline,
32422734071,2,2026-08-20T22:14:59Z,CI,pull_request,cancelled,flywheel-FLY-1911,docs,2,0,false,false,0,0,0,4_must_run_full,not a P0 case; branch has no prior qualifying full-green baseline,
32422529263,2,2026-08-20T22:15:01Z,CI,pull_request,cancelled,flywheel-FLY-1911,other,0,0,false,false,0,0,0,4_must_run_full,not a P0 case; branch has no prior qualifying full-green baseline,
32422348835,2,2026-08-20T22:15:02Z,CI,pull_request,cancelled,flywheel-FLY-1911,other,2,0,false,false,0,0,0,4_must_run_full,not a P0 case; branch has no prior qualifying full-green baseline,
32423175984,2,2026-08-20T22:15:15Z,CI,pull_request,cancelled,flywheel-FLY-1911,other,0,0,false,false,0,0,0,4_must_run_full,not a P0 case; branch has no prior qualifying full-green baseline,
32423014342,2,2026-08-20T22:15:16Z,CI,pull_request,cancelled,flywheel-FLY-1911,docs,2,0,false,false,0,0,0,4_must_run_full,not a P0 case; branch has no prior qualifying full-green baseline,
32422959830,2,2026-08-20T22:15:17Z,CI,pull_request,cancelled,flywheel-FLY-1911,docs,17,0,false,false,7,206,6,4_must_run_full,not a P0 case; branch has no prior qualifying full-green baseline,
32422829646,2,2026-08-20T22:15:19Z,CI,pull_request,cancelled,flywheel-FLY-1911,docs,2,0,false,false,0,0,0,4_must_run_full,not a P0 case; branch has no prior qualifying full-green baseline,
32423514721,1,2026-08-20T22:16:55Z,CI,pull_request,cancelled,flywheel-FLY-1911,other,18,0,false,false,8,363,6,4_must_run_full,not a P0 case; branch has no prior qualifying full-green baseline,
32423631984,1,2026-08-20T22:19:12Z,CI,pull_request,cancelled,flywheel-FLY-1911,other,34,0,false,false,8,507,10,4_must_run_full,not a P0 case; branch has no prior qualifying full-green baseline,
32423958012,1,2026-08-20T22:23:09Z,CI,pull_request,cancelled,flywheel-FLY-1911,other,10,0,false,false,1,0,0,4_must_run_full,not a P0 case; branch has no prior qualifying full-green baseline,
32424053118,1,2026-08-20T22:24:01Z,CI,pull_request,cancelled,flywheel-FLY-1911,docs,14,0,false,false,5,132,3,4_must_run_full,not a P0 case; branch has no prior qualifying full-green baseline,
32424124988,1,2026-08-20T22:25:26Z,CI,pull_request,cancelled,flywheel-FLY-1911,docs,12,0,false,false,8,138,1,4_must_run_full,not a P0 case; branch has no prior qualifying full-green baseline,
32424242891,1,2026-08-20T22:26:54Z,CI,pull_request,cancelled,flywheel-FLY-1911,other,18,0,false,false,8,469,7,4_must_run_full,not a P0 case; branch has no prior qualifying full-green baseline,
32424356782,1,2026-08-20T22:27:48Z,CI,pull_request,success,flywheel-FLY-1925,docs,57,0,false,true,8,471,7,3_P1_upper,UPPER BOUND: branch already had a qualifying full-green attempt AND head commit is doc/progress labelled; incremental-diff inertness and unchanged base SHA / ci.yml are NOT verified here,32421583895#4
32424407153,1,2026-08-20T22:29:04Z,CI,pull_request,cancelled,flywheel-FLY-1911,docs,27,0,false,false,8,494,8,4_must_run_full,not a P0 case; branch has no prior qualifying full-green baseline,
32424646241,1,2026-08-20T22:32:09Z,CI,pull_request,cancelled,flywheel-FLY-1911,docs,18,0,false,false,8,450,7,4_must_run_full,not a P0 case; branch has no prior qualifying full-green baseline,
32424806165,1,2026-08-20T22:34:26Z,CI,pull_request,cancelled,flywheel-FLY-1911,docs,53,0,false,false,8,506,10,4_must_run_full,not a P0 case; branch has no prior qualifying full-green baseline,
32425406842,1,2026-08-20T22:42:04Z,CI,pull_request,cancelled,flywheel-FLY-1911,docs,18,0,false,false,8,308,7,4_must_run_full,not a P0 case; branch has no prior qualifying full-green baseline,
32425519266,1,2026-08-20T22:44:19Z,CI,pull_request,cancelled,flywheel-FLY-1911,docs,3,0,false,false,1,0,0,4_must_run_full,not a P0 case; branch has no prior qualifying full-green baseline,
32425609162,1,2026-08-20T22:45:28Z,CI,pull_request,cancelled,flywheel-FLY-1911,docs,25,0,false,false,8,530,13,4_must_run_full,not a P0 case; branch has no prior qualifying full-green baseline,
32425838588,1,2026-08-20T22:47:48Z,CI,pull_request,cancelled,flywheel-FLY-1911,docs,24,0,false,false,8,509,9,4_must_run_full,not a P0 case; branch has no prior qualifying full-green baseline,
32425939544,1,2026-08-20T22:48:51Z,CI,pull_request,success,flywheel-FLY-1925,code,59,0,false,true,8,494,9,4_must_run_full,not a P0 case; head commit is not doc/progress labelled,
32425991257,1,2026-08-20T22:49:36Z,CI,pull_request,cancelled,flywheel-FLY-1927,chore_progress,10,0,false,false,1,0,0,4_must_run_full,not a P0 case; branch has no prior qualifying full-green baseline,
32425994821,1,2026-08-20T22:49:43Z,Ship on :cool: Comment,issue_comment,skipped,main,code,0,0,false,false,0,0,0,non_ci,not the CI workflow; classifier levers do not apply,
32426025030,1,2026-08-20T22:50:22Z,CI,pull_request,success,flywheel-FLY-1927,chore_progress,59,0,false,true,8,448,9,4_must_run_full,not a P0 case; branch has no prior qualifying full-green baseline,
32426014422,1,2026-08-20T22:50:52Z,CI,pull_request,cancelled,flywheel-FLY-1911,other,18,0,false,false,8,334,7,4_must_run_full,not a P0 case; branch has no prior qualifying full-green baseline,
32426181918,1,2026-08-20T22:52:56Z,CI,pull_request,cancelled,flywheel-FLY-1911,other,12,0,false,false,2,25,1,4_must_run_full,not a P0 case; branch has no prior qualifying full-green baseline,
32426268504,1,2026-08-20T22:54:22Z,CI,pull_request,cancelled,flywheel-FLY-1911,docs,10,0,false,false,0,0,0,4_must_run_full,not a P0 case; branch has no prior qualifying full-green baseline,
32426364074,1,2026-08-20T22:54:41Z,CI,pull_request,cancelled,flywheel-FLY-1911,docs,18,0,false,false,8,399,7,4_must_run_full,not a P0 case; branch has no prior qualifying full-green baseline,
32426472248,1,2026-08-20T22:56:54Z,CI,pull_request,cancelled,flywheel-FLY-1911,docs,18,0,false,false,8,409,7,4_must_run_full,not a P0 case; branch has no prior qualifying full-green baseline,
32426632909,1,2026-08-20T22:58:54Z,CI,pull_request,cancelled,flywheel-FLY-1911,docs,18,0,false,false,8,334,7,4_must_run_full,not a P0 case; branch has no prior qualifying full-green baseline,
32426765469,1,2026-08-20T23:00:33Z,CI,pull_request,cancelled,flywheel-FLY-1911,docs,2,0,false,false,0,0,0,4_must_run_full,not a P0 case; branch has no prior qualifying full-green baseline,
32426798375,1,2026-08-20T23:00:42Z,CI,pull_request,failure,flywheel-FLY-1911,docs,59,0,false,false,8,496,9,4_must_run_full,not a P0 case; branch has no prior qualifying full-green baseline,
32427244687,1,2026-08-20T23:06:44Z,Ship on :cool: Comment,issue_comment,success,main,code,1,0,false,false,0,0,0,non_ci,not the CI workflow; classifier levers do not apply,
32427263147,1,2026-08-20T23:07:01Z,CI,push,success,main,code,59,0,false,false,8,477,8,4_must_run_full,event=push is not a pull_request; P0/P1 are PR-scoped and research section 8 keeps main push CI full,
32427265255,1,2026-08-20T23:07:01Z,Ship on :cool: Comment,issue_comment,skipped,main,code,0,0,false,false,0,0,0,non_ci,not the CI workflow; classifier levers do not apply,
32427576649,1,2026-08-20T23:11:17Z,CI,pull_request,success,flywheel-FLY-1925,docs,61,0,false,true,8,520,10,3_P1_upper,UPPER BOUND: branch already had a qualifying full-green attempt AND head commit is doc/progress labelled; incremental-diff inertness and unchanged base SHA / ci.yml are NOT verified here,32425939544#1
32421695024,2,2026-08-21T00:11:32Z,CI,pull_request,success,flywheel-FLY-1887,chore_progress,1,56,false,true,0,0,0,3_P1_upper,UPPER BOUND: branch already had a qualifying full-green attempt AND head commit is doc/progress labelled; incremental-diff inertness and unchanged base SHA / ci.yml are NOT verified here,32331233659#1
32432072513,1,2026-08-21T00:17:19Z,CI,pull_request,cancelled,flywheel-FLY-1911,other,32,0,false,false,8,498,10,4_must_run_full,not a P0 case; branch has no prior qualifying full-green baseline,
32432177540,1,2026-08-21T00:18:59Z,Payload Beta Release,schedule,failure,main,code,2,0,false,false,0,0,0,non_ci,not the CI workflow; classifier levers do not apply,
32432278220,1,2026-08-21T00:20:50Z,CI,pull_request,cancelled,flywheel-FLY-1911,other,18,0,false,false,8,254,7,4_must_run_full,not a P0 case; branch has no prior qualifying full-green baseline,
32432366026,1,2026-08-21T00:22:15Z,CI,pull_request,cancelled,flywheel-FLY-1911,docs,26,0,false,false,8,497,9,4_must_run_full,not a P0 case; branch has no prior qualifying full-green baseline,
32432523078,1,2026-08-21T00:24:16Z,CI,pull_request,failure,flywheel-FLY-1934,docs,52,0,false,false,8,496,10,4_must_run_full,not a P0 case; branch has no prior qualifying full-green baseline,
32432525777,1,2026-08-21T00:24:17Z,Ship on :cool: Comment,issue_comment,skipped,main,code,0,0,false,false,0,0,0,non_ci,not the CI workflow; classifier levers do not apply,
32432545964,1,2026-08-21T00:24:56Z,CI,pull_request,cancelled,flywheel-FLY-1911,docs,18,0,false,false,8,331,7,4_must_run_full,not a P0 case; branch has no prior qualifying full-green baseline,
32432652962,1,2026-08-21T00:26:33Z,CI,pull_request,cancelled,flywheel-FLY-1911,docs,13,0,false,false,8,215,2,4_must_run_full,not a P0 case; branch has no prior qualifying full-green baseline,
32432735154,1,2026-08-21T00:27:51Z,CI,pull_request,cancelled,flywheel-FLY-1911,docs,11,0,false,false,8,191,0,4_must_run_full,not a P0 case; branch has no prior qualifying full-green baseline,
32432814973,1,2026-08-21T00:29:11Z,CI,pull_request,failure,flywheel-FLY-1911,docs,58,0,false,false,8,456,8,4_must_run_full,not a P0 case; branch has no prior qualifying full-green baseline,
32433246994,1,2026-08-21T00:35:41Z,Ship on :cool: Comment,issue_comment,success,main,code,1,0,false,false,0,0,0,non_ci,not the CI workflow; classifier levers do not apply,
32433264042,1,2026-08-21T00:35:58Z,CI,push,success,main,code,64,0,false,false,8,550,11,4_must_run_full,event=push is not a pull_request; P0/P1 are PR-scoped and research section 8 keeps main push CI full,
32433266258,1,2026-08-21T00:36:04Z,Ship on :cool: Comment,issue_comment,skipped,main,code,0,0,false,false,0,0,0,non_ci,not the CI workflow; classifier levers do not apply,
32433486047,1,2026-08-21T00:39:35Z,CI,pull_request,success,flywheel-FLY-1927,docs,59,0,false,true,8,501,9,3_P1_upper,UPPER BOUND: branch already had a qualifying full-green attempt AND head commit is doc/progress labelled; incremental-diff inertness and unchanged base SHA / ci.yml are NOT verified here,32426025030#1
32434220028,1,2026-08-21T00:51:39Z,CI,pull_request,cancelled,flywheel-FLY-1911,docs,26,0,false,false,8,489,7,4_must_run_full,not a P0 case; branch has no prior qualifying full-green baseline,
32434224942,1,2026-08-21T00:51:42Z,Ship on :cool: Comment,issue_comment,skipped,main,code,0,0,false,false,0,0,0,non_ci,not the CI workflow; classifier levers do not apply,
32434382018,1,2026-08-21T00:54:33Z,CI,pull_request,cancelled,flywheel-FLY-1911,docs,34,0,false,false,8,513,9,4_must_run_full,not a P0 case; branch has no prior qualifying full-green baseline,
32434515692,1,2026-08-21T00:56:27Z,CI,pull_request,cancelled,flywheel-FLY-1850,docs,2,0,true,false,1,0,0,1_already_fast,classify succeeded AND payload skipped in this attempt => real no_code fast path,
32434551380,1,2026-08-21T00:57:00Z,CI,pull_request,cancelled,flywheel-FLY-1850,docs,0,0,false,false,0,0,0,4_must_run_full,files are already inside the CURRENT allowlist; P0 would change nothing for this PR,
32434569726,1,2026-08-21T00:57:21Z,CI,pull_request,cancelled,flywheel-FLY-1850,chore_progress,4,0,true,false,1,0,0,1_already_fast,classify succeeded AND payload skipped in this attempt => real no_code fast path,
32434633775,1,2026-08-21T00:58:27Z,CI,pull_request,cancelled,flywheel-FLY-1851,docs,4,0,true,false,1,0,0,1_already_fast,classify succeeded AND payload skipped in this attempt => real no_code fast path,
32434622147,1,2026-08-21T00:58:33Z,CI,pull_request,cancelled,flywheel-FLY-1911,code,26,0,false,false,8,504,11,4_must_run_full,not a P0 case; branch has no prior qualifying full-green baseline,
32434719358,1,2026-08-21T01:00:11Z,CI,pull_request,cancelled,flywheel-FLY-1850,docs,2,0,true,false,1,0,0,1_already_fast,classify succeeded AND payload skipped in this attempt => real no_code fast path,
32434779810,1,2026-08-21T01:01:07Z,CI,pull_request,cancelled,flywheel-FLY-1911,test_chore_ci,11,0,false,false,8,214,0,4_must_run_full,not a P0 case; branch has no prior qualifying full-green baseline,
32434783506,1,2026-08-21T01:01:10Z,CI,pull_request,cancelled,flywheel-FLY-1850,docs,2,0,true,false,1,0,0,1_already_fast,classify succeeded AND payload skipped in this attempt => real no_code fast path,
32434794914,1,2026-08-21T01:01:18Z,CI,pull_request,success,flywheel-FLY-1851,docs,5,0,true,false,1,0,0,1_already_fast,classify succeeded AND payload skipped in this attempt => real no_code fast path,
32434844158,1,2026-08-21T01:01:50Z,CI,pull_request,cancelled,flywheel-FLY-1850,docs,0,0,false,false,0,0,0,4_must_run_full,files are already inside the CURRENT allowlist; P0 would change nothing for this PR,
32434861231,1,2026-08-21T01:02:13Z,CI,pull_request,cancelled,flywheel-FLY-1850,chore_progress,3,0,true,false,1,0,0,1_already_fast,classify succeeded AND payload skipped in this attempt => real no_code fast path,
32434856366,1,2026-08-21T01:02:24Z,CI,pull_request,cancelled,flywheel-FLY-1911,docs,11,0,false,false,7,115,0,4_must_run_full,not a P0 case; branch has no prior qualifying full-green baseline,
32434925856,1,2026-08-21T01:03:34Z,CI,pull_request,cancelled,flywheel-FLY-1911,docs,33,0,false,false,8,447,8,4_must_run_full,not a P0 case; branch has no prior qualifying full-green baseline,
32434968134,1,2026-08-21T01:04:00Z,CI,pull_request,cancelled,flywheel-FLY-1850,docs,2,0,false,false,0,0,0,4_must_run_full,files are already inside the CURRENT allowlist; P0 would change nothing for this PR,
32434986506,1,2026-08-21T01:04:16Z,CI,pull_request,cancelled,flywheel-FLY-1850,chore_progress,4,0,true,false,1,0,0,1_already_fast,classify succeeded AND payload skipped in this attempt => real no_code fast path,
32435049215,1,2026-08-21T01:05:13Z,CI,pull_request,success,flywheel-FLY-1851,docs,5,0,true,false,1,0,0,1_already_fast,classify succeeded AND payload skipped in this attempt => real no_code fast path,
32435122921,1,2026-08-21T01:06:42Z,CI,pull_request,cancelled,flywheel-FLY-1850,docs,2,0,false,false,0,0,0,4_must_run_full,files are already inside the CURRENT allowlist; P0 would change nothing for this PR,
32435144850,1,2026-08-21T01:06:52Z,CI,pull_request,cancelled,flywheel-FLY-1850,docs,2,0,false,false,0,0,0,4_must_run_full,files are already inside the CURRENT allowlist; P0 would change nothing for this PR,
32435158814,1,2026-08-21T01:07:08Z,CI,pull_request,success,flywheel-FLY-1850,chore_progress,6,0,true,false,1,0,0,1_already_fast,classify succeeded AND payload skipped in this attempt => real no_code fast path,
32435157744,1,2026-08-21T01:07:21Z,CI,pull_request,cancelled,flywheel-FLY-1911,docs,33,0,false,false,8,498,7,4_must_run_full,not a P0 case; branch has no prior qualifying full-green baseline,
32435371538,1,2026-08-21T01:10:39Z,CI,pull_request,cancelled,flywheel-FLY-1850,docs,3,0,true,false,1,0,0,1_already_fast,classify succeeded AND payload skipped in this attempt => real no_code fast path,
32435396498,1,2026-08-21T01:11:25Z,CI,pull_request,cancelled,flywheel-FLY-1911,other,54,0,false,false,8,528,12,4_must_run_full,not a P0 case; branch has no prior qualifying full-green baseline,
32435437363,1,2026-08-21T01:12:04Z,CI,pull_request,cancelled,flywheel-FLY-1850,docs,2,0,true,false,1,0,0,1_already_fast,classify succeeded AND payload skipped in this attempt => real no_code fast path,
32435464534,1,2026-08-21T01:12:13Z,CI,pull_request,success,flywheel-FLY-1934,docs,60,0,false,true,8,481,8,4_must_run_full,not a P0 case; branch has no prior qualifying full-green baseline,
32435478644,1,2026-08-21T01:12:26Z,CI,pull_request,cancelled,flywheel-FLY-1850,docs,0,0,false,false,0,0,0,4_must_run_full,files are already inside the CURRENT allowlist; P0 would change nothing for this PR,
32435494293,1,2026-08-21T01:12:46Z,CI,pull_request,success,flywheel-FLY-1850,chore_progress,5,0,true,false,1,0,0,1_already_fast,classify succeeded AND payload skipped in this attempt => real no_code fast path,
32435832802,1,2026-08-21T01:18:49Z,CI,pull_request,cancelled,flywheel-FLY-1911,other,33,0,false,false,8,477,12,4_must_run_full,not a P0 case; branch has no prior qualifying full-green baseline,
32436031584,1,2026-08-21T01:22:16Z,CI,pull_request,cancelled,flywheel-FLY-1911,docs,18,0,false,false,8,224,7,4_must_run_full,not a P0 case; branch has no prior qualifying full-green baseline,
32436112418,1,2026-08-21T01:23:41Z,CI,pull_request,cancelled,flywheel-FLY-1911,other,11,0,false,false,8,188,0,4_must_run_full,not a P0 case; branch has no prior qualifying full-green baseline,
32436189763,1,2026-08-21T01:24:58Z,CI,pull_request,cancelled,flywheel-FLY-1911,docs,18,0,false,false,8,232,7,4_must_run_full,not a P0 case; branch has no prior qualifying full-green baseline,
32436268679,1,2026-08-21T01:26:18Z,CI,pull_request,cancelled,flywheel-FLY-1911,docs,27,0,false,false,8,541,7,4_must_run_full,not a P0 case; branch has no prior qualifying full-green baseline,
32436409430,1,2026-08-21T01:28:29Z,CI,pull_request,cancelled,flywheel-FLY-1851,docs,3,0,true,false,1,0,0,1_already_fast,classify succeeded AND payload skipped in this attempt => real no_code fast path,
32436440142,1,2026-08-21T01:29:20Z,CI,pull_request,cancelled,flywheel-FLY-1911,other,11,0,false,false,7,100,0,4_must_run_full,not a P0 case; branch has no prior qualifying full-green baseline,
32436499192,1,2026-08-21T01:30:00Z,CI,pull_request,cancelled,flywheel-FLY-1850,docs,2,0,true,false,1,0,0,1_already_fast,classify succeeded AND payload skipped in this attempt => real no_code fast path,
32436502106,1,2026-08-21T01:30:08Z,CI,pull_request,success,flywheel-FLY-1851,docs,5,0,true,false,1,0,0,1_already_fast,classify succeeded AND payload skipped in this attempt => real no_code fast path,
32436506679,1,2026-08-21T01:30:26Z,CI,pull_request,cancelled,flywheel-FLY-1911,docs,26,0,false,false,8,496,8,4_must_run_full,not a P0 case; branch has no prior qualifying full-green baseline,
32436538658,1,2026-08-21T01:30:32Z,CI,pull_request,cancelled,flywheel-FLY-1850,docs,0,0,false,false,0,0,0,4_must_run_full,files are already inside the CURRENT allowlist; P0 would change nothing for this PR,
32436555469,1,2026-08-21T01:30:50Z,Ship on :cool: Comment,issue_comment,success,main,code,1,0,false,false,0,0,0,non_ci,not the CI workflow; classifier levers do not apply,
32436557194,1,2026-08-21T01:30:53Z,CI,pull_request,success,flywheel-FLY-1850,chore_progress,6,0,true,false,1,0,0,1_already_fast,classify succeeded AND payload skipped in this attempt => real no_code fast path,
32436574055,1,2026-08-21T01:31:08Z,CI,push,success,main,code,60,0,false,false,8,485,9,4_must_run_full,event=push is not a pull_request; P0/P1 are PR-scoped and research section 8 keeps main push CI full,
32436576071,1,2026-08-21T01:31:10Z,Ship on :cool: Comment,issue_comment,skipped,main,code,0,0,false,false,0,0,0,non_ci,not the CI workflow; classifier levers do not apply,
32436675731,1,2026-08-21T01:33:07Z,CI,pull_request,cancelled,flywheel-FLY-1911,docs,10,0,false,false,1,0,0,4_must_run_full,not a P0 case; branch has no prior qualifying full-green baseline,
32436738317,1,2026-08-21T01:33:51Z,CI,pull_request,cancelled,flywheel-FLY-1851,docs,4,0,true,false,1,0,0,1_already_fast,classify succeeded AND payload skipped in this attempt => real no_code fast path,
32436732112,1,2026-08-21T01:34:01Z,CI,pull_request,cancelled,flywheel-FLY-1911,docs,34,0,false,false,8,550,8,4_must_run_full,not a P0 case; branch has no prior qualifying full-green baseline,
32436890411,1,2026-08-21T01:36:34Z,CI,pull_request,success,flywheel-FLY-1851,docs,6,0,true,false,1,0,0,1_already_fast,classify succeeded AND payload skipped in this attempt => real no_code fast path,
32436922797,1,2026-08-21T01:36:51Z,CI,pull_request,cancelled,flywheel-FLY-1850,docs,2,0,true,false,1,0,0,1_already_fast,classify succeeded AND payload skipped in this attempt => real no_code fast path,
32436960503,1,2026-08-21T01:37:51Z,CI,pull_request,cancelled,flywheel-FLY-1850,docs,3,0,true,false,1,0,0,1_already_fast,classify succeeded AND payload skipped in this attempt => real no_code fast path,
32436978459,1,2026-08-21T01:38:12Z,CI,pull_request,cancelled,flywheel-FLY-1911,docs,11,0,false,false,8,127,0,4_must_run_full,not a P0 case; branch has no prior qualifying full-green baseline,
32437034573,1,2026-08-21T01:38:47Z,CI,pull_request,cancelled,flywheel-FLY-1850,docs,0,0,false,false,0,0,0,4_must_run_full,files are already inside the CURRENT allowlist; P0 would change nothing for this PR,
32437049544,1,2026-08-21T01:39:05Z,CI,pull_request,success,flywheel-FLY-1850,chore_progress,6,0,true,false,1,0,0,1_already_fast,classify succeeded AND payload skipped in this attempt => real no_code fast path,
32437048104,1,2026-08-21T01:39:23Z,CI,pull_request,cancelled,flywheel-FLY-1911,other,11,0,false,false,8,183,0,4_must_run_full,not a P0 case; branch has no prior qualifying full-green baseline,
32437127515,1,2026-08-21T01:40:42Z,CI,pull_request,cancelled,flywheel-FLY-1911,docs,13,0,false,false,8,211,2,4_must_run_full,not a P0 case; branch has no prior qualifying full-green baseline,
32437163862,1,2026-08-21T01:41:02Z,CI,pull_request,success,flywheel-FLY-1934,docs,60,0,false,true,8,490,9,3_P1_upper,UPPER BOUND: branch already had a qualifying full-green attempt AND head commit is doc/progress labelled; incremental-diff inertness and unchanged base SHA / ci.yml are NOT verified here,32435464534#1
32437206174,1,2026-08-21T01:42:03Z,CI,pull_request,cancelled,flywheel-FLY-1911,docs,10,0,false,false,1,0,0,4_must_run_full,not a P0 case; branch has no prior qualifying full-green baseline,
32437255374,1,2026-08-21T01:42:36Z,CI,pull_request,cancelled,flywheel-FLY-1850,docs,2,0,true,false,1,0,0,1_already_fast,classify succeeded AND payload skipped in this attempt => real no_code fast path,
32437259034,1,2026-08-21T01:42:57Z,CI,pull_request,cancelled,flywheel-FLY-1911,docs,11,0,false,false,8,148,0,4_must_run_full,not a P0 case; branch has no prior qualifying full-green baseline,
32437290783,1,2026-08-21T01:43:10Z,CI,pull_request,cancelled,flywheel-FLY-1850,docs,0,0,false,false,0,0,0,4_must_run_full,files are already inside the CURRENT allowlist; P0 would change nothing for this PR,
32437301656,1,2026-08-21T01:43:30Z,CI,pull_request,success,flywheel-FLY-1850,chore_progress,5,0,true,false,1,0,0,1_already_fast,classify succeeded AND payload skipped in this attempt => real no_code fast path,
32437324855,1,2026-08-21T01:44:10Z,CI,pull_request,cancelled,flywheel-FLY-1911,docs,10,0,false,false,1,0,0,4_must_run_full,not a P0 case; branch has no prior qualifying full-green baseline,
32437371001,1,2026-08-21T01:44:55Z,CI,pull_request,cancelled,flywheel-FLY-1911,other,53,0,false,false,8,467,7,4_must_run_full,not a P0 case; branch has no prior qualifying full-green baseline,
32437781164,1,2026-08-21T01:51:53Z,CI,pull_request,cancelled,flywheel-FLY-1850,docs,2,0,false,false,0,0,0,4_must_run_full,files are already inside the CURRENT allowlist; P0 would change nothing for this PR,
32437794624,1,2026-08-21T01:52:10Z,CI,pull_request,cancelled,flywheel-FLY-1850,chore_progress,4,0,true,false,1,0,0,1_already_fast,classify succeeded AND payload skipped in this attempt => real no_code fast path,
32437903305,1,2026-08-21T01:54:12Z,CI,pull_request,cancelled,flywheel-FLY-1911,docs,15,0,false,false,0,0,0,4_must_run_full,not a P0 case; branch has no prior qualifying full-green baseline,
32437938786,1,2026-08-21T01:54:25Z,CI,pull_request,cancelled,flywheel-FLY-1911,docs,0,0,false,false,0,0,0,4_must_run_full,not a P0 case; branch has no prior qualifying full-green baseline,
32437948583,1,2026-08-21T01:54:35Z,CI,pull_request,cancelled,flywheel-FLY-1850,docs,0,0,false,false,0,0,0,4_must_run_full,files are already inside the CURRENT allowlist; P0 would change nothing for this PR,
32437961817,1,2026-08-21T01:54:54Z,CI,pull_request,success,flywheel-FLY-1850,chore_progress,5,0,true,false,1,0,0,1_already_fast,classify succeeded AND payload skipped in this attempt => real no_code fast path,
32438177172,1,2026-08-21T01:58:29Z,CI,pull_request,cancelled,flywheel-FLY-1851,docs,4,0,true,false,1,0,0,1_already_fast,classify succeeded AND payload skipped in this attempt => real no_code fast path,
32438096152,1,2026-08-21T01:59:29Z,CI,pull_request,cancelled,flywheel-FLY-1911,docs,26,0,false,false,8,436,8,4_must_run_full,not a P0 case; branch has no prior qualifying full-green baseline,
32438310404,1,2026-08-21T02:00:58Z,CI,pull_request,cancelled,flywheel-FLY-1851,docs,2,0,true,false,1,0,0,1_already_fast,classify succeeded AND payload skipped in this attempt => real no_code fast path,
32438369069,1,2026-08-21T02:01:52Z,CI,pull_request,cancelled,flywheel-FLY-1851,docs,3,0,true,false,1,0,0,1_already_fast,classify succeeded AND payload skipped in this attempt => real no_code fast path,
32438392565,1,2026-08-21T02:02:16Z,CI,pull_request,cancelled,flywheel-FLY-1911,code,11,0,false,false,8,169,0,4_must_run_full,not a P0 case; branch has no prior qualifying full-green baseline,
32438465040,1,2026-08-21T02:03:27Z,CI,pull_request,cancelled,flywheel-FLY-1911,test_chore_ci,11,0,false,false,7,102,0,4_must_run_full,not a P0 case; branch has no prior qualifying full-green baseline,
32438484348,1,2026-08-21T02:03:37Z,CI,pull_request,cancelled,flywheel-FLY-1851,docs,5,0,true,false,1,0,0,1_already_fast,classify succeeded AND payload skipped in this attempt => real no_code fast path,
32438534259,1,2026-08-21T02:04:37Z,CI,pull_request,cancelled,flywheel-FLY-1911,docs,19,0,false,false,8,458,7,4_must_run_full,not a P0 case; branch has no prior qualifying full-green baseline,
32438661658,1,2026-08-21T02:06:36Z,CI,pull_request,cancelled,flywheel-FLY-1911,docs,10,0,false,false,1,0,0,4_must_run_full,not a P0 case; branch has no prior qualifying full-green baseline,
32438682774,1,2026-08-21T02:06:38Z,CI,pull_request,cancelled,flywheel-FLY-1851,docs,3,0,true,false,1,0,0,1_already_fast,classify succeeded AND payload skipped in this attempt => real no_code fast path,
32438722696,1,2026-08-21T02:07:35Z,CI,pull_request,cancelled,flywheel-FLY-1911,docs,61,0,false,false,8,512,9,4_must_run_full,not a P0 case; branch has no prior qualifying full-green baseline,
32438780518,1,2026-08-21T02:08:31Z,CI,pull_request,success,flywheel-FLY-1851,docs,6,0,true,false,1,0,0,1_already_fast,classify succeeded AND payload skipped in this attempt => real no_code fast path,
32439061101,1,2026-08-21T02:12:57Z,CI,pull_request,cancelled,flywheel-FLY-1850,docs,2,0,true,false,1,0,0,1_already_fast,classify succeeded AND payload skipped in this attempt => real no_code fast path,
32439103685,1,2026-08-21T02:13:35Z,CI,pull_request,cancelled,flywheel-FLY-1850,docs,0,0,false,false,0,0,0,4_must_run_full,files are already inside the CURRENT allowlist; P0 would change nothing for this PR,
32439118839,1,2026-08-21T02:13:55Z,CI,pull_request,success,flywheel-FLY-1850,chore_progress,5,0,true,false,1,0,0,1_already_fast,classify succeeded AND payload skipped in this attempt => real no_code fast path,
32439427888,1,2026-08-21T02:19:14Z,CI,pull_request,cancelled,flywheel-FLY-1911,docs,24,0,false,false,8,510,9,4_must_run_full,not a P0 case; branch has no prior qualifying full-green baseline,
32439561089,1,2026-08-21T02:21:41Z,CI,pull_request,failure,flywheel-FLY-1911,docs,64,0,false,false,8,540,11,4_must_run_full,not a P0 case; branch has no prior qualifying full-green baseline,
32439631504,1,2026-08-21T02:22:40Z,CI,pull_request,cancelled,flywheel-FLY-1850,docs,2,0,true,false,0,0,0,1_already_fast,classify succeeded AND payload skipped in this attempt => real no_code fast path,
32439652822,1,2026-08-21T02:23:06Z,CI,pull_request,cancelled,flywheel-FLY-1850,docs,3,0,true,false,1,0,0,1_already_fast,classify succeeded AND payload skipped in this attempt => real no_code fast path,
32439723170,1,2026-08-21T02:24:31Z,CI,pull_request,cancelled,flywheel-FLY-1850,docs,2,0,false,false,0,0,0,4_must_run_full,files are already inside the CURRENT allowlist; P0 would change nothing for this PR,
32439741301,1,2026-08-21T02:24:35Z,CI,pull_request,cancelled,flywheel-FLY-1850,chore_progress,4,0,true,false,1,0,0,1_already_fast,classify succeeded AND payload skipped in this attempt => real no_code fast path,
32439883648,1,2026-08-21T02:27:00Z,CI,pull_request,cancelled,flywheel-FLY-1850,docs,0,0,false,false,0,0,0,4_must_run_full,files are already inside the CURRENT allowlist; P0 would change nothing for this PR,
32439897457,1,2026-08-21T02:27:23Z,CI,pull_request,cancelled,flywheel-FLY-1850,chore_progress,4,0,true,false,1,0,0,1_already_fast,classify succeeded AND payload skipped in this attempt => real no_code fast path,
32440018418,1,2026-08-21T02:29:44Z,CI,pull_request,cancelled,flywheel-FLY-1850,docs,2,0,false,false,0,0,0,4_must_run_full,files are already inside the CURRENT allowlist; P0 would change nothing for this PR,
32440036146,1,2026-08-21T02:29:48Z,CI,pull_request,cancelled,flywheel-FLY-1850,chore_progress,4,0,true,false,1,0,0,1_already_fast,classify succeeded AND payload skipped in this attempt => real no_code fast path,
32440155482,1,2026-08-21T02:31:39Z,CI,pull_request,cancelled,flywheel-FLY-1850,docs,0,0,false,false,0,0,0,4_must_run_full,files are already inside the CURRENT allowlist; P0 would change nothing for this PR,
32440170857,1,2026-08-21T02:32:01Z,CI,pull_request,success,flywheel-FLY-1850,chore_progress,6,0,true,false,1,0,0,1_already_fast,classify succeeded AND payload skipped in this attempt => real no_code fast path,
32440206576,1,2026-08-21T02:32:33Z,CI,pull_request,cancelled,flywheel-FLY-1851,docs,2,0,true,false,1,0,0,1_already_fast,classify succeeded AND payload skipped in this attempt => real no_code fast path,
32440247630,1,2026-08-21T02:33:30Z,CI,pull_request,success,flywheel-FLY-1851,docs,6,0,true,false,1,0,0,1_already_fast,classify succeeded AND payload skipped in this attempt => real no_code fast path,
32440353131,1,2026-08-21T02:35:02Z,CI,pull_request,cancelled,flywheel-FLY-1911,docs,33,0,false,false,8,466,8,4_must_run_full,not a P0 case; branch has no prior qualifying full-green baseline,
32440572846,1,2026-08-21T02:39:08Z,CI,pull_request,cancelled,flywheel-FLY-1911,docs,18,0,false,false,8,371,7,4_must_run_full,not a P0 case; branch has no prior qualifying full-green baseline,
32440674743,1,2026-08-21T02:40:55Z,CI,pull_request,cancelled,flywheel-FLY-1911,docs,19,0,false,false,8,525,8,4_must_run_full,not a P0 case; branch has no prior qualifying full-green baseline,
32440798627,1,2026-08-21T02:43:04Z,CI,pull_request,cancelled,flywheel-FLY-1911,other,19,0,false,false,8,529,7,4_must_run_full,not a P0 case; branch has no prior qualifying full-green baseline,
32440934172,1,2026-08-21T02:45:22Z,CI,pull_request,cancelled,flywheel-FLY-1911,docs,18,0,false,false,8,384,7,4_must_run_full,not a P0 case; branch has no prior qualifying full-green baseline,
32441036157,1,2026-08-21T02:47:11Z,CI,pull_request,cancelled,flywheel-FLY-1911,docs,18,0,false,false,8,465,7,4_must_run_full,not a P0 case; branch has no prior qualifying full-green baseline,
32441145097,1,2026-08-21T02:49:05Z,CI,pull_request,cancelled,flywheel-FLY-1911,code,18,0,false,false,8,263,7,4_must_run_full,not a P0 case; branch has no prior qualifying full-green baseline,
32441227980,1,2026-08-21T02:50:35Z,CI,pull_request,cancelled,flywheel-FLY-1911,other,11,0,false,false,7,125,0,4_must_run_full,not a P0 case; branch has no prior qualifying full-green baseline,
32441297302,1,2026-08-21T02:51:47Z,CI,pull_request,cancelled,flywheel-FLY-1911,docs,11,0,false,false,7,93,0,4_must_run_full,not a P0 case; branch has no prior qualifying full-green baseline,
32441359734,1,2026-08-21T02:52:54Z,CI,pull_request,cancelled,flywheel-FLY-1911,docs,18,0,false,false,8,376,7,4_must_run_full,not a P0 case; branch has no prior qualifying full-green baseline,
32441461793,1,2026-08-21T02:54:36Z,CI,pull_request,cancelled,flywheel-FLY-1911,code,19,0,false,false,8,527,8,4_must_run_full,not a P0 case; branch has no prior qualifying full-green baseline,
32441591912,1,2026-08-21T02:56:50Z,CI,pull_request,cancelled,flywheel-FLY-1911,docs,59,0,false,false,8,516,8,4_must_run_full,not a P0 case; branch has no prior qualifying full-green baseline,
32441677480,1,2026-08-21T02:58:03Z,CI,pull_request,cancelled,flywheel-FLY-1850,docs,2,0,true,false,0,0,0,1_already_fast,classify succeeded AND payload skipped in this attempt => real no_code fast path,
32441696017,1,2026-08-21T02:58:24Z,CI,pull_request,success,flywheel-FLY-1850,chore_progress,5,0,true,false,1,0,0,1_already_fast,classify succeeded AND payload skipped in this attempt => real no_code fast path,
32441973627,1,2026-08-21T03:02:57Z,CI,pull_request,cancelled,flywheel-FLY-1850,docs,2,0,true,false,0,0,0,1_already_fast,classify succeeded AND payload skipped in this attempt => real no_code fast path,
32441992574,1,2026-08-21T03:03:19Z,CI,pull_request,success,flywheel-FLY-1850,chore_progress,6,0,true,false,1,0,0,1_already_fast,classify succeeded AND payload skipped in this attempt => real no_code fast path,
32442273486,1,2026-08-21T03:08:04Z,CI,pull_request,cancelled,flywheel-FLY-1911,code,41,0,false,false,8,556,10,4_must_run_full,not a P0 case; branch has no prior qualifying full-green baseline,
32442588398,1,2026-08-21T03:13:23Z,CI,pull_request,cancelled,flywheel-FLY-1911,other,18,0,false,false,8,306,7,4_must_run_full,not a P0 case; branch has no prior qualifying full-green baseline,
32442683562,1,2026-08-21T03:14:57Z,CI,pull_request,cancelled,flywheel-FLY-1911,docs,50,0,false,false,8,493,7,4_must_run_full,not a P0 case; branch has no prior qualifying full-green baseline,
32443111520,1,2026-08-21T03:22:13Z,CI,pull_request,cancelled,flywheel-FLY-1911,docs,18,0,false,false,8,480,7,4_must_run_full,not a P0 case; branch has no prior qualifying full-green baseline,
32443131177,1,2026-08-21T03:22:14Z,CI,pull_request,cancelled,flywheel-FLY-1912,docs,10,0,false,false,7,110,0,4_must_run_full,not a P0 case; branch has no prior qualifying full-green baseline,
32443132794,1,2026-08-21T03:22:14Z,Ship on :cool: Comment,issue_comment,skipped,main,code,0,0,false,false,0,0,0,non_ci,not the CI workflow; classifier levers do not apply,
32443173531,1,2026-08-21T03:23:18Z,CI,pull_request,success,flywheel-FLY-1912,docs,62,0,false,true,8,488,11,4_must_run_full,not a P0 case; branch has no prior qualifying full-green baseline,
32443228999,1,2026-08-21T03:24:11Z,CI,pull_request,cancelled,flywheel-FLY-1911,docs,26,0,false,false,8,468,8,4_must_run_full,not a P0 case; branch has no prior qualifying full-green baseline,
32443394625,1,2026-08-21T03:26:55Z,CI,pull_request,cancelled,flywheel-FLY-1911,code,11,0,false,false,1,0,0,4_must_run_full,not a P0 case; branch has no prior qualifying full-green baseline,
32443457208,1,2026-08-21T03:28:01Z,CI,pull_request,cancelled,flywheel-FLY-1911,docs,10,0,false,false,2,15,0,4_must_run_full,not a P0 case; branch has no prior qualifying full-green baseline,
32443520770,1,2026-08-21T03:29:04Z,CI,pull_request,cancelled,flywheel-FLY-1911,docs,18,0,false,false,8,373,7,4_must_run_full,not a P0 case; branch has no prior qualifying full-green baseline,
32443622666,1,2026-08-21T03:30:47Z,CI,pull_request,cancelled,flywheel-FLY-1911,docs,34,0,false,false,8,484,9,4_must_run_full,not a P0 case; branch has no prior qualifying full-green baseline,
32443858226,1,2026-08-21T03:34:44Z,CI,pull_request,cancelled,flywheel-FLY-1911,code,10,0,false,false,3,30,0,4_must_run_full,not a P0 case; branch has no prior qualifying full-green baseline,
32443924035,1,2026-08-21T03:35:46Z,CI,pull_request,cancelled,flywheel-FLY-1911,docs,47,0,false,false,8,506,9,4_must_run_full,not a P0 case; branch has no prior qualifying full-green baseline,
32444294929,1,2026-08-21T03:42:08Z,CI,pull_request,failure,flywheel-FLY-1911,docs,64,0,false,false,8,535,11,4_must_run_full,not a P0 case; branch has no prior qualifying full-green baseline,
32444808839,1,2026-08-21T03:50:37Z,CI,pull_request,success,flywheel-FLY-1929,code,65,0,false,true,8,521,12,4_must_run_full,not a P0 case; branch has no prior qualifying full-green baseline,
32444811518,1,2026-08-21T03:50:38Z,Ship on :cool: Comment,issue_comment,skipped,main,code,0,0,false,false,0,0,0,non_ci,not the CI workflow; classifier levers do not apply,
32450058019,1,2026-08-21T05:18:22Z,CI,pull_request,success,flywheel-FLY-1929,chore_progress,61,0,false,true,8,466,9,3_P1_upper,UPPER BOUND: branch already had a qualifying full-green attempt AND head commit is doc/progress labelled; incremental-diff inertness and unchanged base SHA / ci.yml are NOT verified here,32444808839#1
32450286536,1,2026-08-21T05:22:09Z,CI,pull_request,success,flywheel-FLY-1912,docs,61,0,false,true,8,492,9,3_P1_upper,UPPER BOUND: branch already had a qualifying full-green attempt AND head commit is doc/progress labelled; incremental-diff inertness and unchanged base SHA / ci.yml are NOT verified here,32443173531#1
32450374938,1,2026-08-21T05:23:35Z,CI,pull_request,cancelled,flywheel-FLY-1911,other,10,0,false,false,1,0,0,4_must_run_full,not a P0 case; branch has no prior qualifying full-green baseline,
32450404373,1,2026-08-21T05:24:23Z,CI,pull_request,cancelled,flywheel-FLY-1911,docs,15,0,false,false,0,0,0,4_must_run_full,not a P0 case; branch has no prior qualifying full-green baseline,
32450437641,1,2026-08-21T05:24:38Z,CI,pull_request,cancelled,flywheel-FLY-1911,docs,0,0,false,false,0,0,0,4_must_run_full,not a P0 case; branch has no prior qualifying full-green baseline,
32450487384,1,2026-08-21T05:25:23Z,CI,pull_request,cancelled,flywheel-FLY-1911,other,0,0,false,false,0,0,0,4_must_run_full,not a P0 case; branch has no prior qualifying full-green baseline,
32450587809,1,2026-08-21T05:29:42Z,CI,pull_request,cancelled,flywheel-FLY-1911,code,18,0,false,false,8,530,7,4_must_run_full,not a P0 case; branch has no prior qualifying full-green baseline,
32450834376,1,2026-08-21T05:31:05Z,CI,pull_request,cancelled,flywheel-FLY-1850,docs,2,0,true,false,1,0,0,1_already_fast,classify succeeded AND payload skipped in this attempt => real no_code fast path,
32450857175,1,2026-08-21T05:31:45Z,CI,pull_request,failure,flywheel-FLY-1911,docs,63,0,false,false,8,537,11,4_must_run_full,not a P0 case; branch has no prior qualifying full-green baseline,
32450883736,1,2026-08-21T05:31:49Z,CI,pull_request,cancelled,flywheel-FLY-1850,docs,0,0,false,false,0,0,0,4_must_run_full,files are already inside the CURRENT allowlist; P0 would change nothing for this PR,
32450900866,1,2026-08-21T05:32:08Z,CI,pull_request,cancelled,flywheel-FLY-1850,chore_progress,4,0,true,false,1,0,0,1_already_fast,classify succeeded AND payload skipped in this attempt => real no_code fast path,
32450909004,1,2026-08-21T05:32:17Z,CI,pull_request,cancelled,flywheel-FLY-1851,docs,5,0,true,false,1,0,0,1_already_fast,classify succeeded AND payload skipped in this attempt => real no_code fast path,
32451082237,1,2026-08-21T05:35:06Z,CI,pull_request,cancelled,flywheel-FLY-1850,docs,2,0,false,false,0,0,0,4_must_run_full,files are already inside the CURRENT allowlist; P0 would change nothing for this PR,
32451085587,1,2026-08-21T05:35:08Z,Ship on :cool: Comment,issue_comment,success,main,code,1,0,false,false,0,0,0,non_ci,not the CI workflow; classifier levers do not apply,
32451097934,1,2026-08-21T05:35:23Z,CI,pull_request,cancelled,flywheel-FLY-1850,chore_progress,3,0,true,false,1,0,0,1_already_fast,classify succeeded AND payload skipped in this attempt => real no_code fast path,
32451105012,1,2026-08-21T05:35:27Z,CI,push,cancelled,main,other,19,0,false,false,8,518,7,4_must_run_full,event=push is not a pull_request; P0/P1 are PR-scoped and research section 8 keeps main push CI full,
32451089774,1,2026-08-21T05:35:28Z,CI,pull_request,cancelled,flywheel-FLY-1851,docs,5,0,true,false,1,0,0,1_already_fast,classify succeeded AND payload skipped in this attempt => real no_code fast path,
32451106748,1,2026-08-21T05:35:37Z,Ship on :cool: Comment,issue_comment,skipped,main,other,0,0,false,false,0,0,0,non_ci,not the CI workflow; classifier levers do not apply,
32451201404,1,2026-08-21T05:37:01Z,Ship on :cool: Comment,issue_comment,success,main,other,1,0,false,false,0,0,0,non_ci,not the CI workflow; classifier levers do not apply,
32451196849,1,2026-08-21T05:37:15Z,CI,pull_request,success,flywheel-FLY-1850,chore_progress,6,0,true,false,1,0,0,1_already_fast,classify succeeded AND payload skipped in this attempt => real no_code fast path,
32451218232,1,2026-08-21T05:37:17Z,Ship on :cool: Comment,issue_comment,skipped,main,code,0,0,false,false,0,0,0,non_ci,not the CI workflow; classifier levers do not apply,
32451216891,1,2026-08-21T05:37:36Z,CI,push,failure,main,code,60,0,false,false,8,505,9,4_must_run_full,event=push is not a pull_request; P0/P1 are PR-scoped and research section 8 keeps main push CI full,
32451288382,1,2026-08-21T05:38:45Z,CI,pull_request,success,flywheel-FLY-1851,docs,5,0,true,false,1,0,0,1_already_fast,classify succeeded AND payload skipped in this attempt => real no_code fast path,
32451931783,1,2026-08-21T05:48:46Z,CI,pull_request,cancelled,flywheel-FLY-1911,docs,49,0,false,false,8,450,9,4_must_run_full,not a P0 case; branch has no prior qualifying full-green baseline,
32452377130,1,2026-08-21T05:56:11Z,CI,pull_request,cancelled,flywheel-FLY-1911,code,18,0,false,false,8,407,7,4_must_run_full,not a P0 case; branch has no prior qualifying full-green baseline,
32452493207,1,2026-08-21T05:58:05Z,CI,pull_request,cancelled,flywheel-FLY-1911,docs,26,0,false,false,8,540,7,4_must_run_full,not a P0 case; branch has no prior qualifying full-green baseline,
32452514826,1,2026-08-21T05:58:07Z,CI,pull_request,success,flywheel-FLY-1851,docs,6,0,true,false,1,0,0,1_already_fast,classify succeeded AND payload skipped in this attempt => real no_code fast path,
32452676932,1,2026-08-21T06:00:54Z,CI,pull_request,cancelled,flywheel-FLY-1911,docs,50,0,false,false,8,499,8,4_must_run_full,not a P0 case; branch has no prior qualifying full-green baseline,
32452770856,1,2026-08-21T06:01:57Z,CI,pull_request,success,flywheel-FLY-1851,docs,6,0,true,false,1,0,0,1_already_fast,classify succeeded AND payload skipped in this attempt => real no_code fast path,
32452781580,1,2026-08-21T06:02:06Z,CI,pull_request,cancelled,flywheel-FLY-1850,docs,2,0,false,false,0,0,0,4_must_run_full,files are already inside the CURRENT allowlist; P0 would change nothing for this PR,
32452798920,1,2026-08-21T06:02:25Z,CI,pull_request,success,flywheel-FLY-1850,chore_progress,6,0,true,false,1,0,0,1_already_fast,classify succeeded AND payload skipped in this attempt => real no_code fast path,
32453154021,1,2026-08-21T06:08:01Z,CI,pull_request,cancelled,flywheel-FLY-1911,docs,25,0,false,false,8,501,10,4_must_run_full,not a P0 case; branch has no prior qualifying full-green baseline,
32453311443,1,2026-08-21T06:10:30Z,CI,pull_request,cancelled,flywheel-FLY-1911,docs,33,0,false,false,8,476,10,4_must_run_full,not a P0 case; branch has no prior qualifying full-green baseline,
32453411090,1,2026-08-21T06:11:45Z,CI,pull_request,cancelled,flywheel-FLY-1850,docs,2,0,false,false,0,0,0,4_must_run_full,files are already inside the CURRENT allowlist; P0 would change nothing for this PR,
32453429847,1,2026-08-21T06:12:05Z,CI,pull_request,success,flywheel-FLY-1850,chore_progress,5,0,true,false,1,0,0,1_already_fast,classify succeeded AND payload skipped in this attempt => real no_code fast path,
32453529579,1,2026-08-21T06:13:52Z,CI,pull_request,failure,flywheel-FLY-1911,docs,63,0,false,false,8,497,10,4_must_run_full,not a P0 case; branch has no prior qualifying full-green baseline,
32453570367,1,2026-08-21T06:14:10Z,Payload Beta Release,schedule,failure,main,code,2,0,false,false,0,0,0,non_ci,not the CI workflow; classifier levers do not apply,
32453694945,1,2026-08-21T06:15:57Z,CI,pull_request,cancelled,flywheel-FLY-1850,docs,2,0,false,false,0,0,0,4_must_run_full,files are already inside the CURRENT allowlist; P0 would change nothing for this PR,
32453714204,1,2026-08-21T06:16:18Z,CI,pull_request,success,flywheel-FLY-1850,chore_progress,6,0,true,false,1,0,0,1_already_fast,classify succeeded AND payload skipped in this attempt => real no_code fast path,
32453954862,1,2026-08-21T06:19:48Z,CI,pull_request,cancelled,flywheel-FLY-1850,docs,2,0,false,false,0,0,0,4_must_run_full,files are already inside the CURRENT allowlist; P0 would change nothing for this PR,
32453971374,1,2026-08-21T06:20:08Z,CI,pull_request,success,flywheel-FLY-1850,chore_progress,6,0,true,false,1,0,0,1_already_fast,classify succeeded AND payload skipped in this attempt => real no_code fast path,
32454789895,1,2026-08-21T06:32:19Z,CI,pull_request,cancelled,flywheel-FLY-1911,other,40,0,false,false,8,525,13,4_must_run_full,not a P0 case; branch has no prior qualifying full-green baseline,
32455097201,1,2026-08-21T06:36:45Z,CI,pull_request,cancelled,flywheel-FLY-1851,docs,4,0,true,false,1,0,0,1_already_fast,classify succeeded AND payload skipped in this attempt => real no_code fast path,
32455082153,1,2026-08-21T06:36:50Z,CI,pull_request,cancelled,flywheel-FLY-1911,docs,51,0,false,false,8,495,8,4_must_run_full,not a P0 case; branch has no prior qualifying full-green baseline,
32455157277,1,2026-08-21T06:37:41Z,CI,pull_request,success,flywheel-FLY-1934,code,64,0,false,true,8,509,9,4_must_run_full,not a P0 case; head commit is not doc/progress labelled,
32455241185,1,2026-08-21T06:39:09Z,CI,pull_request,cancelled,flywheel-FLY-1851,docs,3,0,true,false,1,0,0,1_already_fast,classify succeeded AND payload skipped in this attempt => real no_code fast path,
32455360406,1,2026-08-21T06:40:59Z,CI,pull_request,success,flywheel-FLY-1851,docs,6,0,true,false,1,0,0,1_already_fast,classify succeeded AND payload skipped in this attempt => real no_code fast path,
32455489455,1,2026-08-21T06:42:38Z,CI,pull_request,cancelled,flywheel-FLY-1850,docs,3,0,true,false,1,0,0,1_already_fast,classify succeeded AND payload skipped in this attempt => real no_code fast path,
32455553049,1,2026-08-21T06:43:46Z,CI,pull_request,cancelled,flywheel-FLY-1850,docs,0,0,false,false,0,0,0,4_must_run_full,files are already inside the CURRENT allowlist; P0 would change nothing for this PR,
32455553322,1,2026-08-21T06:43:48Z,CI,pull_request,cancelled,flywheel-FLY-1911,other,33,0,false,false,8,465,9,4_must_run_full,not a P0 case; branch has no prior qualifying full-green baseline,
32455572367,1,2026-08-21T06:43:49Z,CI,pull_request,success,flywheel-FLY-1850,chore_progress,6,0,true,false,1,0,0,1_already_fast,classify succeeded AND payload skipped in this attempt => real no_code fast path,
32455802743,1,2026-08-21T06:47:29Z,CI,pull_request,cancelled,flywheel-FLY-1911,docs,54,0,false,false,8,519,10,4_must_run_full,not a P0 case; branch has no prior qualifying full-green baseline,
32456360714,1,2026-08-21T06:55:24Z,CI,pull_request,cancelled,flywheel-FLY-1911,other,19,0,false,false,8,523,8,4_must_run_full,not a P0 case; branch has no prior qualifying full-green baseline,
32456508599,1,2026-08-21T06:57:36Z,CI,pull_request,cancelled,flywheel-FLY-1911,docs,34,0,false,false,8,511,8,4_must_run_full,not a P0 case; branch has no prior qualifying full-green baseline,
32456798725,1,2026-08-21T07:01:35Z,CI,pull_request,cancelled,flywheel-FLY-1911,docs,18,0,false,false,7,256,6,4_must_run_full,not a P0 case; branch has no prior qualifying full-green baseline,
32456918951,1,2026-08-21T07:03:11Z,CI,pull_request,cancelled,flywheel-FLY-1911,docs,18,0,false,false,8,512,7,4_must_run_full,not a P0 case; branch has no prior qualifying full-green baseline,
32457069859,1,2026-08-21T07:05:15Z,CI,pull_request,cancelled,flywheel-FLY-1911,code,34,0,false,false,8,518,11,4_must_run_full,not a P0 case; branch has no prior qualifying full-green baseline,
32457338564,1,2026-08-21T07:08:54Z,CI,pull_request,cancelled,flywheel-FLY-1911,docs,10,0,false,false,1,0,0,4_must_run_full,not a P0 case; branch has no prior qualifying full-green baseline,
32457362947,1,2026-08-21T07:08:59Z,CI,pull_request,success,flywheel-FLY-1851,docs,6,0,true,false,1,0,0,1_already_fast,classify succeeded AND payload skipped in this attempt => real no_code fast path,
32457396617,1,2026-08-21T07:09:45Z,CI,pull_request,cancelled,flywheel-FLY-1911,other,19,0,false,false,8,487,6,4_must_run_full,not a P0 case; branch has no prior qualifying full-green baseline,
32457554075,1,2026-08-21T07:11:57Z,CI,pull_request,failure,flywheel-FLY-1911,docs,65,0,false,false,8,523,10,4_must_run_full,not a P0 case; branch has no prior qualifying full-green baseline,
32457969051,1,2026-08-21T07:17:23Z,CI,pull_request,cancelled,flywheel-FLY-1884,test_chore_ci,37,0,false,false,8,493,7,4_must_run_full,not a P0 case; branch has no prior qualifying full-green baseline,
32458285886,1,2026-08-21T07:22:04Z,CI,pull_request,failure,flywheel-FLY-1884,test_chore_ci,54,0,false,false,8,441,8,4_must_run_full,not a P0 case; branch has no prior qualifying full-green baseline,
32458489841,1,2026-08-21T07:24:32Z,CI,pull_request,success,flywheel-FLY-1925,docs,64,0,false,true,8,497,9,3_P1_upper,UPPER BOUND: branch already had a qualifying full-green attempt AND head commit is doc/progress labelled; incremental-diff inertness and unchanged base SHA / ci.yml are NOT verified here,32427576649#1
32459213545,1,2026-08-21T07:34:19Z,CI,pull_request,success,flywheel-FLY-1884,test_chore_ci,64,0,false,true,8,509,7,4_must_run_full,not a P0 case; branch has no prior qualifying full-green baseline,
32459706197,1,2026-08-21T07:40:59Z,Ship on :cool: Comment,issue_comment,success,main,code,1,0,false,false,0,0,0,non_ci,not the CI workflow; classifier levers do not apply,
32459728902,1,2026-08-21T07:41:19Z,CI,push,success,main,code,66,0,false,false,8,525,11,4_must_run_full,event=push is not a pull_request; P0/P1 are PR-scoped and research section 8 keeps main push CI full,
32459730598,1,2026-08-21T07:41:26Z,Ship on :cool: Comment,issue_comment,skipped,main,code,0,0,false,false,0,0,0,non_ci,not the CI workflow; classifier levers do not apply,
32459946585,1,2026-08-21T07:44:15Z,CI,pull_request,cancelled,flywheel-FLY-1911,other,19,0,false,false,8,483,7,4_must_run_full,not a P0 case; branch has no prior qualifying full-green baseline,
32460083740,1,2026-08-21T07:46:22Z,CI,pull_request,cancelled,flywheel-FLY-1911,other,18,0,false,false,8,258,7,4_must_run_full,not a P0 case; branch has no prior qualifying full-green baseline,
32460188034,1,2026-08-21T07:47:47Z,CI,pull_request,cancelled,flywheel-FLY-1911,docs,11,0,false,false,8,178,0,4_must_run_full,not a P0 case; branch has no prior qualifying full-green baseline,
32460288606,1,2026-08-21T07:49:11Z,CI,pull_request,cancelled,flywheel-FLY-1911,docs,61,0,false,false,8,532,10,4_must_run_full,not a P0 case; branch has no prior qualifying full-green baseline,
32460749354,1,2026-08-21T07:55:00Z,CI,pull_request,success,flywheel-FLY-1925,docs,68,0,false,true,8,532,10,3_P1_upper,UPPER BOUND: branch already had a qualifying full-green attempt AND head commit is doc/progress labelled; incremental-diff inertness and unchanged base SHA / ci.yml are NOT verified here,32458489841#1
32461352640,1,2026-08-21T08:02:57Z,CI,pull_request,failure,flywheel-FLY-1911,docs,58,0,false,false,8,445,8,4_must_run_full,not a P0 case; branch has no prior qualifying full-green baseline,
32462554162,1,2026-08-21T08:18:14Z,Ship on :cool: Comment,issue_comment,skipped,main,code,0,0,false,false,0,0,0,non_ci,not the CI workflow; classifier levers do not apply,
32471886139,1,2026-08-21T10:16:35Z,CI,pull_request,cancelled,flywheel-FLY-1959,docs,10,0,false,false,7,101,0,4_must_run_full,not a P0 case; branch has no prior qualifying full-green baseline,
32471889467,1,2026-08-21T10:16:35Z,Ship on :cool: Comment,issue_comment,skipped,main,code,0,0,false,false,0,0,0,non_ci,not the CI workflow; classifier levers do not apply,
32471942345,1,2026-08-21T10:17:39Z,CI,pull_request,failure,flywheel-FLY-1959,docs,49,0,false,false,7,428,7,4_must_run_full,not a P0 case; branch has no prior qualifying full-green baseline,
32473015826,1,2026-08-21T10:31:22Z,CI,pull_request,failure,flywheel-FLY-1959,docs,47,0,false,false,7,393,6,4_must_run_full,not a P0 case; branch has no prior qualifying full-green baseline,
32473976721,1,2026-08-21T10:44:07Z,CI,pull_request,failure,flywheel-FLY-1959,docs,59,0,false,false,8,525,10,4_must_run_full,not a P0 case; branch has no prior qualifying full-green baseline,
32475075715,1,2026-08-21T10:58:44Z,CI,pull_request,success,flywheel-FLY-1959,docs,64,0,false,true,8,521,10,4_must_run_full,not a P0 case; branch has no prior qualifying full-green baseline,
32477531944,1,2026-08-21T11:30:43Z,CI,pull_request,failure,flywheel-FLY-1959,docs,63,0,false,false,8,480,10,3_P1_upper,UPPER BOUND: branch already had a qualifying full-green attempt AND head commit is doc/progress labelled; incremental-diff inertness and unchanged base SHA / ci.yml are NOT verified here,32475075715#1
32477531944,2,2026-08-21T11:48:07Z,CI,pull_request,success,flywheel-FLY-1959,docs,6,56,false,true,1,0,0,3_P1_upper,UPPER BOUND: branch already had a qualifying full-green attempt AND head commit is doc/progress labelled; incremental-diff inertness and unchanged base SHA / ci.yml are NOT verified here,32475075715#1
32479221878,1,2026-08-21T11:52:42Z,CI,pull_request,cancelled,flywheel-FLY-1940,code,10,0,false,false,0,0,0,4_must_run_full,not a P0 case; branch has no prior qualifying full-green baseline,
32479224598,1,2026-08-21T11:52:43Z,Ship on :cool: Comment,issue_comment,skipped,main,code,0,0,false,false,0,0,0,non_ci,not the CI workflow; classifier levers do not apply,
32479245080,1,2026-08-21T11:53:09Z,CI,pull_request,success,flywheel-FLY-1940,chore_progress,65,0,false,true,8,525,9,4_must_run_full,not a P0 case; branch has no prior qualifying full-green baseline,
32480683661,1,2026-08-21T12:11:24Z,Payload Beta Release,schedule,failure,main,code,2,0,false,false,0,0,0,non_ci,not the CI workflow; classifier levers do not apply,
32487040060,1,2026-08-21T13:28:45Z,CI,pull_request,cancelled,flywheel-FLY-1944,docs,44,0,false,false,7,433,10,4_must_run_full,not a P0 case; branch has no prior qualifying full-green baseline,
32487047575,1,2026-08-21T13:28:47Z,Ship on :cool: Comment,issue_comment,skipped,main,code,0,0,false,false,0,0,0,non_ci,not the CI workflow; classifier levers do not apply,
32487498113,1,2026-08-21T13:34:23Z,CI,pull_request,failure,flywheel-FLY-1944,docs,62,0,false,false,8,460,9,4_must_run_full,not a P0 case; branch has no prior qualifying full-green baseline,
32489035327,1,2026-08-21T13:51:32Z,CI,pull_request,cancelled,flywheel-FLY-1944,docs,58,0,false,false,8,456,7,4_must_run_full,not a P0 case; branch has no prior qualifying full-green baseline,
32490179134,1,2026-08-21T14:04:49Z,CI,pull_request,success,flywheel-FLY-1944,docs,65,0,false,true,8,543,9,4_must_run_full,not a P0 case; branch has no prior qualifying full-green baseline,
32494466871,1,2026-08-21T14:52:06Z,CI,pull_request,failure,flywheel-FLY-1944,docs,63,0,false,false,8,526,9,3_P1_upper,UPPER BOUND: branch already had a qualifying full-green attempt AND head commit is doc/progress labelled; incremental-diff inertness and unchanged base SHA / ci.yml are NOT verified here,32490179134#1
32495705938,1,2026-08-21T15:05:32Z,CI,pull_request,success,flywheel-FLY-1944,docs,66,0,false,true,8,541,10,3_P1_upper,UPPER BOUND: branch already had a qualifying full-green attempt AND head commit is doc/progress labelled; incremental-diff inertness and unchanged base SHA / ci.yml are NOT verified here,32490179134#1
32500471957,1,2026-08-21T15:58:25Z,CI,pull_request,success,flywheel-FLY-1944,docs,65,0,false,true,8,519,9,3_P1_upper,UPPER BOUND: branch already had a qualifying full-green attempt AND head commit is doc/progress labelled; incremental-diff inertness and unchanged base SHA / ci.yml are NOT verified here,32495705938#1
32504379591,1,2026-08-21T16:43:18Z,CI,pull_request,success,flywheel-FLY-1944,docs,67,0,false,true,8,543,10,3_P1_upper,UPPER BOUND: branch already had a qualifying full-green attempt AND head commit is doc/progress labelled; incremental-diff inertness and unchanged base SHA / ci.yml are NOT verified here,32500471957#1
32505092619,1,2026-08-21T16:51:28Z,CI,pull_request,failure,flywheel-FLY-1940,code,63,0,false,false,8,495,9,4_must_run_full,not a P0 case; head commit is not doc/progress labelled,
32507523263,1,2026-08-21T17:19:06Z,Ship on :cool: Comment,issue_comment,success,main,code,1,0,false,false,0,0,0,non_ci,not the CI workflow; classifier levers do not apply,
32507551757,1,2026-08-21T17:19:25Z,CI,push,cancelled,main,code,34,0,false,false,8,495,8,4_must_run_full,event=push is not a pull_request; P0/P1 are PR-scoped and research section 8 keeps main push CI full,
32507554562,1,2026-08-21T17:19:26Z,Ship on :cool: Comment,issue_comment,skipped,main,code,0,0,false,false,0,0,0,non_ci,not the CI workflow; classifier levers do not apply,
32507868416,1,2026-08-21T17:23:04Z,Ship on :cool: Comment,issue_comment,success,main,code,1,0,false,false,0,0,0,non_ci,not the CI workflow; classifier levers do not apply,
32507903825,1,2026-08-21T17:23:26Z,Ship on :cool: Comment,issue_comment,skipped,main,code,0,0,false,false,0,0,0,non_ci,not the CI workflow; classifier levers do not apply,
32507900805,1,2026-08-21T17:23:46Z,CI,push,cancelled,main,code,18,0,false,false,8,383,7,4_must_run_full,event=push is not a pull_request; P0/P1 are PR-scoped and research section 8 keeps main push CI full,
32508026651,1,2026-08-21T17:24:54Z,Ship on :cool: Comment,issue_comment,success,main,code,1,0,false,false,0,0,0,non_ci,not the CI workflow; classifier levers do not apply,
32508056000,1,2026-08-21T17:25:11Z,Ship on :cool: Comment,issue_comment,skipped,main,code,0,0,false,false,0,0,0,non_ci,not the CI workflow; classifier levers do not apply,
32508054499,1,2026-08-21T17:26:01Z,CI,push,success,main,code,66,0,false,false,8,549,9,4_must_run_full,event=push is not a pull_request; P0/P1 are PR-scoped and research section 8 keeps main push CI full,
32509679805,1,2026-08-21T17:44:02Z,CI,pull_request,cancelled,flywheel-FLY-1911,docs,58,0,false,false,8,506,8,4_must_run_full,not a P0 case; branch has no prior qualifying full-green baseline,
32510569762,1,2026-08-21T17:54:39Z,CI,pull_request,cancelled,flywheel-FLY-1911,code,26,0,false,false,8,563,7,4_must_run_full,not a P0 case; branch has no prior qualifying full-green baseline,
32510631082,1,2026-08-21T17:54:57Z,CI,pull_request,success,flywheel-FLY-1851,docs,5,0,true,false,1,0,0,1_already_fast,classify succeeded AND payload skipped in this attempt => real no_code fast path,
32510644746,1,2026-08-21T17:55:07Z,CI,pull_request,cancelled,flywheel-FLY-1850,docs,2,0,true,false,0,0,0,1_already_fast,classify succeeded AND payload skipped in this attempt => real no_code fast path,
32510672698,1,2026-08-21T17:55:30Z,CI,pull_request,success,flywheel-FLY-1850,chore_progress,5,0,true,false,1,0,0,1_already_fast,classify succeeded AND payload skipped in this attempt => real no_code fast path,
32510707416,1,2026-08-21T17:55:50Z,CI,pull_request,success,flywheel-FLY-1884,test_chore_ci,66,0,false,true,8,461,11,4_must_run_full,not a P0 case; head commit is not doc/progress labelled,
32510843649,1,2026-08-21T17:57:46Z,CI,pull_request,cancelled,flywheel-FLY-1911,docs,40,0,false,false,8,550,14,4_must_run_full,not a P0 case; branch has no prior qualifying full-green baseline,
32511019436,1,2026-08-21T17:59:33Z,CI,pull_request,cancelled,flywheel-FLY-1850,docs,2,0,true,false,0,0,0,1_already_fast,classify succeeded AND payload skipped in this attempt => real no_code fast path,
32511046058,1,2026-08-21T18:00:00Z,CI,pull_request,success,flywheel-FLY-1850,chore_progress,6,0,true,false,1,0,0,1_already_fast,classify succeeded AND payload skipped in this attempt => real no_code fast path,
32511238025,1,2026-08-21T18:02:18Z,CI,pull_request,cancelled,flywheel-FLY-1911,docs,28,0,false,false,8,476,7,4_must_run_full,not a P0 case; branch has no prior qualifying full-green baseline,
32511448233,1,2026-08-21T18:04:22Z,CI,pull_request,success,flywheel-FLY-1851,docs,6,0,true,false,1,0,0,1_already_fast,classify succeeded AND payload skipped in this attempt => real no_code fast path,
32511527256,1,2026-08-21T18:06:13Z,CI,pull_request,cancelled,flywheel-FLY-1911,docs,12,0,false,false,8,193,1,4_must_run_full,not a P0 case; branch has no prior qualifying full-green baseline,
32511692620,1,2026-08-21T18:07:34Z,CI,pull_request,cancelled,flywheel-FLY-1911,docs,26,0,false,false,8,489,7,4_must_run_full,not a P0 case; branch has no prior qualifying full-green baseline,
32511977189,1,2026-08-21T18:10:36Z,Payload Beta Release,schedule,failure,main,code,2,0,false,false,0,0,0,non_ci,not the CI workflow; classifier levers do not apply,
32511958950,1,2026-08-21T18:10:41Z,CI,pull_request,cancelled,flywheel-FLY-1911,docs,57,0,false,false,8,530,9,4_must_run_full,not a P0 case; branch has no prior qualifying full-green baseline,
32512853134,1,2026-08-21T18:20:58Z,CI,pull_request,cancelled,flywheel-FLY-1911,docs,10,0,false,false,1,0,0,4_must_run_full,not a P0 case; branch has no prior qualifying full-green baseline,
32512923051,1,2026-08-21T18:21:51Z,CI,pull_request,failure,flywheel-FLY-1911,docs,64,0,false,false,8,502,10,4_must_run_full,not a P0 case; branch has no prior qualifying full-green baseline,
32513286192,1,2026-08-21T18:25:40Z,CI,pull_request,cancelled,flywheel-FLY-1850,docs,2,0,true,false,0,0,0,1_already_fast,classify succeeded AND payload skipped in this attempt => real no_code fast path,
32513309124,1,2026-08-21T18:26:00Z,CI,pull_request,cancelled,flywheel-FLY-1850,chore_progress,3,0,true,false,1,0,0,1_already_fast,classify succeeded AND payload skipped in this attempt => real no_code fast path,
32513397811,1,2026-08-21T18:26:56Z,CI,pull_request,cancelled,flywheel-FLY-1850,docs,0,0,false,false,0,0,0,4_must_run_full,files are already inside the CURRENT allowlist; P0 would change nothing for this PR,
32513418853,1,2026-08-21T18:27:16Z,CI,pull_request,success,flywheel-FLY-1850,chore_progress,6,0,true,false,1,0,0,1_already_fast,classify succeeded AND payload skipped in this attempt => real no_code fast path,
32513424001,1,2026-08-21T18:27:18Z,CI,pull_request,success,flywheel-FLY-1851,docs,6,0,true,false,1,0,0,1_already_fast,classify succeeded AND payload skipped in this attempt => real no_code fast path,
32513606577,1,2026-08-21T18:29:26Z,Ship on :cool: Comment,issue_comment,success,main,code,1,0,false,false,0,0,0,non_ci,not the CI workflow; classifier levers do not apply,
32513632640,1,2026-08-21T18:29:46Z,CI,push,success,main,other,67,0,false,false,8,515,10,4_must_run_full,event=push is not a pull_request; P0/P1 are PR-scoped and research section 8 keeps main push CI full,
32513634870,1,2026-08-21T18:29:46Z,Ship on :cool: Comment,issue_comment,skipped,main,other,0,0,false,false,0,0,0,non_ci,not the CI workflow; classifier levers do not apply,
32513781704,1,2026-08-21T18:31:27Z,CI,pull_request,cancelled,flywheel-FLY-1850,docs,2,0,true,false,0,0,0,1_already_fast,classify succeeded AND payload skipped in this attempt => real no_code fast path,
32513805296,1,2026-08-21T18:31:47Z,CI,pull_request,cancelled,flywheel-FLY-1850,chore_progress,3,0,true,false,1,0,0,1_already_fast,classify succeeded AND payload skipped in this attempt => real no_code fast path,
32513923817,1,2026-08-21T18:33:08Z,CI,pull_request,cancelled,flywheel-FLY-1851,docs,5,0,true,false,1,0,0,1_already_fast,classify succeeded AND payload skipped in this attempt => real no_code fast path,
32513957672,1,2026-08-21T18:33:40Z,CI,pull_request,cancelled,flywheel-FLY-1850,docs,2,0,false,false,0,0,0,4_must_run_full,files are already inside the CURRENT allowlist; P0 would change nothing for this PR,
32513983616,1,2026-08-21T18:33:53Z,CI,pull_request,success,flywheel-FLY-1850,chore_progress,5,0,true,false,1,0,0,1_already_fast,classify succeeded AND payload skipped in this attempt => real no_code fast path,
32514178482,1,2026-08-21T18:36:24Z,CI,pull_request,success,flywheel-FLY-1851,docs,5,0,true,false,1,0,0,1_already_fast,classify succeeded AND payload skipped in this attempt => real no_code fast path,
32514489596,1,2026-08-21T18:39:53Z,CI,pull_request,cancelled,flywheel-FLY-1850,docs,2,0,true,false,0,0,0,1_already_fast,classify succeeded AND payload skipped in this attempt => real no_code fast path,
32514515717,1,2026-08-21T18:40:20Z,CI,pull_request,cancelled,flywheel-FLY-1850,chore_progress,4,0,true,false,1,0,0,1_already_fast,classify succeeded AND payload skipped in this attempt => real no_code fast path,
32514702982,1,2026-08-21T18:42:23Z,CI,pull_request,cancelled,flywheel-FLY-1851,docs,4,0,true,false,1,0,0,1_already_fast,classify succeeded AND payload skipped in this attempt => real no_code fast path,
32514765138,1,2026-08-21T18:43:17Z,CI,pull_request,cancelled,flywheel-FLY-1850,docs,2,0,false,false,0,0,0,4_must_run_full,files are already inside the CURRENT allowlist; P0 would change nothing for this PR,
32514789465,1,2026-08-21T18:43:28Z,CI,pull_request,success,flywheel-FLY-1850,chore_progress,5,0,true,false,1,0,0,1_already_fast,classify succeeded AND payload skipped in this attempt => real no_code fast path,
32514894336,1,2026-08-21T18:44:56Z,CI,pull_request,cancelled,flywheel-FLY-1851,docs,10,0,true,false,1,0,0,1_already_fast,classify succeeded AND payload skipped in this attempt => real no_code fast path,
32515335193,1,2026-08-21T18:49:55Z,CI,pull_request,cancelled,flywheel-FLY-1850,docs,2,0,true,false,0,0,0,1_already_fast,classify succeeded AND payload skipped in this attempt => real no_code fast path,
32515362403,1,2026-08-21T18:50:21Z,CI,pull_request,success,flywheel-FLY-1850,chore_progress,6,0,true,false,1,0,0,1_already_fast,classify succeeded AND payload skipped in this attempt => real no_code fast path,
32515186532,1,2026-08-21T18:53:09Z,CI,pull_request,success,flywheel-FLY-1851,docs,6,0,true,false,1,0,0,1_already_fast,classify succeeded AND payload skipped in this attempt => real no_code fast path,
32515800543,1,2026-08-21T18:55:25Z,CI,pull_request,cancelled,flywheel-FLY-1850,docs,2,0,false,false,0,0,0,4_must_run_full,files are already inside the CURRENT allowlist; P0 would change nothing for this PR,
32515822489,1,2026-08-21T18:55:44Z,CI,pull_request,cancelled,flywheel-FLY-1850,chore_progress,4,0,true,false,1,0,0,1_already_fast,classify succeeded AND payload skipped in this attempt => real no_code fast path,
32516026763,1,2026-08-21T18:58:13Z,CI,pull_request,cancelled,flywheel-FLY-1850,docs,2,0,false,false,0,0,0,4_must_run_full,files are already inside the CURRENT allowlist; P0 would change nothing for this PR,
32516047981,1,2026-08-21T18:58:19Z,CI,pull_request,success,flywheel-FLY-1850,chore_progress,6,0,true,false,1,0,0,1_already_fast,classify succeeded AND payload skipped in this attempt => real no_code fast path,
32517294015,1,2026-08-21T19:12:52Z,CI,pull_request,cancelled,flywheel-FLY-1851,docs,3,0,true,false,1,0,0,1_already_fast,classify succeeded AND payload skipped in this attempt => real no_code fast path,
32517412737,1,2026-08-21T19:14:28Z,CI,pull_request,cancelled,flywheel-FLY-1851,docs,3,0,true,false,1,0,0,1_already_fast,classify succeeded AND payload skipped in this attempt => real no_code fast path,
32517547032,1,2026-08-21T19:15:58Z,CI,pull_request,success,flywheel-FLY-1851,docs,5,0,true,false,1,0,0,1_already_fast,classify succeeded AND payload skipped in this attempt => real no_code fast path,
32517968808,1,2026-08-21T19:20:37Z,CI,pull_request,success,flywheel-FLY-1850,chore_progress,6,0,true,false,1,0,0,1_already_fast,classify succeeded AND payload skipped in this attempt => real no_code fast path,
32522782565,1,2026-08-21T20:17:17Z,CI,pull_request,cancelled,flywheel-FLY-1851,docs,3,0,true,false,1,0,0,1_already_fast,classify succeeded AND payload skipped in this attempt => real no_code fast path,
32522862720,1,2026-08-21T20:18:33Z,CI,pull_request,cancelled,flywheel-FLY-1851,docs,3,0,true,false,1,0,0,1_already_fast,classify succeeded AND payload skipped in this attempt => real no_code fast path,
32523032329,1,2026-08-21T20:20:22Z,CI,pull_request,cancelled,flywheel-FLY-1851,docs,3,0,true,false,1,0,0,1_already_fast,classify succeeded AND payload skipped in this attempt => real no_code fast path,
32523145158,1,2026-08-21T20:21:56Z,CI,pull_request,cancelled,flywheel-FLY-1851,docs,4,0,true,false,1,0,0,1_already_fast,classify succeeded AND payload skipped in this attempt => real no_code fast path,
32523348844,1,2026-08-21T20:24:18Z,CI,pull_request,cancelled,flywheel-FLY-1851,docs,3,0,true,false,1,0,0,1_already_fast,classify succeeded AND payload skipped in this attempt => real no_code fast path,
32523508049,1,2026-08-21T20:26:11Z,CI,pull_request,cancelled,flywheel-FLY-1851,docs,3,0,true,false,1,0,0,1_already_fast,classify succeeded AND payload skipped in this attempt => real no_code fast path,
32523611731,1,2026-08-21T20:27:27Z,CI,pull_request,success,flywheel-FLY-1851,docs,5,0,true,false,1,0,0,1_already_fast,classify succeeded AND payload skipped in this attempt => real no_code fast path,
32524222337,1,2026-08-21T20:34:15Z,CI,pull_request,success,flywheel-FLY-1851,docs,6,0,true,false,1,0,0,1_already_fast,classify succeeded AND payload skipped in this attempt => real no_code fast path,
32524523335,1,2026-08-21T20:37:44Z,CI,pull_request,success,flywheel-FLY-1851,docs,6,0,true,false,1,0,0,1_already_fast,classify succeeded AND payload skipped in this attempt => real no_code fast path,
32527257433,1,2026-08-21T21:10:56Z,CI,pull_request,success,flywheel-FLY-1756,chore_progress,69,0,false,true,8,514,9,4_must_run_full,not a P0 case; branch has no prior qualifying full-green baseline,
32527261958,1,2026-08-21T21:10:57Z,Ship on :cool: Comment,issue_comment,skipped,main,other,0,0,false,false,0,0,0,non_ci,not the CI workflow; classifier levers do not apply,
32531196813,1,2026-08-21T22:01:51Z,CI,pull_request,success,flywheel-FLY-1728,chore_progress,59,0,false,true,8,419,8,4_must_run_full,not a P0 case; branch has no prior qualifying full-green baseline,
32531200370,1,2026-08-21T22:01:52Z,Ship on :cool: Comment,issue_comment,skipped,main,other,0,0,false,false,0,0,0,non_ci,not the CI workflow; classifier levers do not apply,
32532281240,1,2026-08-21T22:16:38Z,Ship on :cool: Comment,issue_comment,success,main,other,1,0,false,false,0,0,0,non_ci,not the CI workflow; classifier levers do not apply,
32532300586,1,2026-08-21T22:16:56Z,CI,push,success,main,code,67,0,false,false,8,511,9,4_must_run_full,event=push is not a pull_request; P0/P1 are PR-scoped and research section 8 keeps main push CI full,
32532302998,1,2026-08-21T22:16:56Z,Ship on :cool: Comment,issue_comment,skipped,main,code,0,0,false,false,0,0,0,non_ci,not the CI workflow; classifier levers do not apply,
32532570886,1,2026-08-21T22:20:52Z,CI,pull_request,cancelled,flywheel-FLY-1940,code,62,0,false,false,8,505,7,4_must_run_full,not a P0 case; head commit is not doc/progress labelled,
32533614967,1,2026-08-21T22:35:54Z,CI,pull_request,failure,flywheel-FLY-1940,code,65,0,false,false,8,515,10,4_must_run_full,not a P0 case; head commit is not doc/progress labelled,
32537055502,1,2026-08-21T23:29:47Z,CI,pull_request,cancelled,flywheel-FLY-1955,docs,18,0,false,false,8,300,7,4_must_run_full,not a P0 case; branch has no prior qualifying full-green baseline,
32537058125,1,2026-08-21T23:29:48Z,Ship on :cool: Comment,issue_comment,skipped,main,code,0,0,false,false,0,0,0,non_ci,not the CI workflow; classifier levers do not apply,
32537134871,1,2026-08-21T23:31:18Z,CI,pull_request,cancelled,flywheel-FLY-1955,docs,79,0,false,false,7,439,9,4_must_run_full,not a P0 case; branch has no prior qualifying full-green baseline,
32537264328,1,2026-08-21T23:33:06Z,CI,pull_request,success,flywheel-FLY-1851,docs,5,0,true,false,1,0,0,1_already_fast,classify succeeded AND payload skipped in this attempt => real no_code fast path,
32537313567,1,2026-08-21T23:33:55Z,Ship on :cool: Comment,issue_comment,success,main,code,1,0,false,false,0,0,0,non_ci,not the CI workflow; classifier levers do not apply,
32537334265,1,2026-08-21T23:34:13Z,CI,push,success,main,code,68,0,false,false,8,521,10,4_must_run_full,event=push is not a pull_request; P0/P1 are PR-scoped and research section 8 keeps main push CI full,
32537337100,1,2026-08-21T23:34:14Z,Ship on :cool: Comment,issue_comment,skipped,main,code,0,0,false,false,0,0,0,non_ci,not the CI workflow; classifier levers do not apply,
32537499379,1,2026-08-21T23:36:57Z,CI,pull_request,success,flywheel-FLY-1851,docs,6,0,true,false,1,0,0,1_already_fast,classify succeeded AND payload skipped in this attempt => real no_code fast path,
32533614967,2,2026-08-21T23:49:32Z,CI,pull_request,success,flywheel-FLY-1940,code,8,58,false,true,1,0,0,4_must_run_full,not a P0 case; head commit is not doc/progress labelled,
32538265616,1,2026-08-21T23:49:52Z,CI,pull_request,success,flywheel-FLY-1851,docs,5,0,true,false,1,0,0,1_already_fast,classify succeeded AND payload skipped in this attempt => real no_code fast path,
32538391360,1,2026-08-21T23:52:01Z,CI,pull_request,success,flywheel-FLY-1911,code,66,0,false,true,8,505,8,4_must_run_full,not a P0 case; branch has no prior qualifying full-green baseline,
32538750094,1,2026-08-21T23:58:09Z,Ship on :cool: Comment,issue_comment,success,main,code,1,0,false,false,0,0,0,non_ci,not the CI workflow; classifier levers do not apply,
32538765941,1,2026-08-21T23:58:24Z,CI,push,success,main,code,63,0,false,false,8,496,9,4_must_run_full,event=push is not a pull_request; P0/P1 are PR-scoped and research section 8 keeps main push CI full,
32538773151,1,2026-08-21T23:58:30Z,Ship on :cool: Comment,issue_comment,skipped,main,code,0,0,false,false,0,0,0,non_ci,not the CI workflow; classifier levers do not apply,
