block_id,endpoint,tick,scheduled,start,end,outcome,secs
b1,L1,0,313754.545203,313754.624518,313755.264781,missed,0.568959
b1,L2,0,313754.544833,313754.624355,313755.967270,met,1.282976
b1,L1,1,313756.545203,313756.757980,313756.810915,met,0.001087
b1,L2,1,313757.544833,313757.762153,313758.480490,met,0.659043
b1,L1,2,313758.545203,313758.777548,313758.850753,met,0.003237
b1,L1,3,313760.545203,313760.692509,313760.819631,met,0.059775
b1,L2,2,313760.544833,313760.763090,313760.840428,met,0.006496
b1,L1,4,313762.545203,313762.758703,313762.960683,met,0.158307
b1,L2,3,313763.544833,313763.747912,313763.796427,met,0.001441
b1,L1,5,313764.545203,313764.740809,313765.431967,missed,0.633346
b1,L1,6,313766.545203,313766.739375,313767.358805,missed,0.554998
b1,L2,4,313766.544833,313766.739431,313767.724479,met,0.933806
b1,L1,7,313768.545203,313768.651427,313769.381236,missed,0.650171
b1,L2,5,313769.544833,313769.790331,313770.819812,met,0.952108
b1,L1,8,313770.545203,313770.681238,313770.955198,met,0.209259
b1,L1,9,313772.545203,313772.758927,313773.469059,missed,0.645627
b1,L1,10,313774.545203,313774.772286,313774.835302,met,0.001779
b1,L2,6,313772.544833,313772.767865,313774.857122,missed,2.005883
b1,L2,7,313775.544833,313775.676830,313776.789927,met,1.025865
b1,L1,11,313776.545203,313776.661496,313776.797893,met,0.051826
b1,L2,8,313778.544833,313778.791023,313778.922352,met,0.084363
b1,L1,12,313778.545203,313778.658068,313778.922424,met,0.216302
b1,L1,13,313780.545203,313780.725725,313781.346039,missed,0.565636
b1,L2,9,313781.544833,313781.726576,313781.774384,met,0.000957
b1,L1,14,313782.545203,313782.736987,313783.353024,missed,0.558093
b1,L1,15,313784.545203,313784.768616,313785.469536,missed,0.641053
b1,L2,10,313784.544833,313784.695319,313785.581116,met,0.794121
b1,L1,16,313786.545203,313786.731564,313787.401569,missed,0.612028
b1,L2,11,313787.544833,313787.694818,313787.775336,met,0.027267
b1,L1,17,313788.545203,313788.746924,313789.451645,missed,0.645831
b1,L2,12,313790.544833,313790.665927,313790.712786,met,0.001315
b1,L1,18,313790.545203,313790.686703,313790.731619,met,0.001416
b1,L1,19,313792.545203,313792.702557,313792.792775,met,0.043782
b1,L2,13,313793.544833,313793.655526,313794.291217,met,0.582170
b1,L1,20,313794.545203,313794.730329,313794.779251,met,0.001457
b1,L2,14,313796.544833,313796.789501,313796.919587,met,0.085055
b1,L1,21,313796.545203,313796.753763,313796.919527,met,0.116526
b1,L1,22,313798.545203,313798.626637,313798.826980,met,0.155666
b1,L1,23,313800.545203,313800.680808,313800.828525,met,0.101034
b1,L2,15,313799.544833,313799.746678,313800.828526,met,1.034609
b1,L1,24,313802.545203,313802.751826,313802.968758,met,0.172337
b1,L2,16,313802.544833,313802.662448,313802.968511,met,0.257816
b1,L1,25,313804.545203,313804.710164,313804.754921,met,0.001954
b1,L2,17,313805.544833,313805.722601,313806.971068,met,1.201401
b1,L1,26,313806.545203,313806.626781,313807.083613,met,0.411822
b1,L1,27,313808.545203,313808.732380,313809.432668,missed,0.639886
b1,L2,18,313808.544833,313808.636070,313809.516869,met,0.834440
b1,L1,28,313810.545203,313810.640789,313811.282995,missed,0.586298
b1,L2,19,313811.544833,313811.742743,313811.785139,met,0.000928
b1,L1,29,313812.545203,313812.688973,313813.335466,missed,0.594140
b1,L1,30,313814.545203,313814.725994,313815.412481,missed,0.631180
b1,L2,20,313814.544833,313814.674237,313815.568290,met,0.848088
b1,L1,31,313816.545203,313816.742645,313817.436861,missed,0.636016
b1,L2,21,313817.544833,313817.730798,313818.063805,met,0.279587
b1,L1,32,313818.545203,313818.747368,313819.373702,missed,0.570371
b1,L2,22,313820.544833,313820.749864,313820.804711,met,0.002523
b1,L1,33,313820.545203,313820.767650,313820.820578,met,0.002077
b1,L1,34,313822.545203,313822.760471,313822.811772,met,0.002541
b1,L2,23,313823.544833,313823.705655,313824.130426,met,0.373982
b1,L1,35,313824.545203,313824.716402,313824.764415,met,0.003237
b1,L2,24,313826.544833,313826.617859,313826.774482,met,0.106188
b1,L1,36,313826.545203,313826.710627,313826.774993,met,0.019487
b1,L1,37,313828.545203,313828.709987,313828.751037,met,0.000990
b1,L2,25,313829.544833,313829.724943,313830.760321,met,0.987200
b1,L1,38,313830.545203,313830.603368,313830.763033,met,0.111629
b1,L1,39,313832.545203,313832.760210,313832.808676,met,0.002365
b1,L2,26,313832.544833,313832.762184,313832.808676,met,0.001054
b1,L1,40,313834.545203,313834.635969,313835.207170,missed,0.515355
b1,L2,27,313835.544833,313835.722031,313835.767465,met,0.001812
b1,L1,41,313836.545203,313836.755182,313837.462930,missed,0.650362
b1,L1,42,313838.545203,313838.727327,313839.380481,missed,0.597757
b1,L2,28,313838.544833,313838.738753,313839.382004,met,0.599439
b1,L1,43,313840.545203,313840.736110,313841.402670,missed,0.582156
b1,L2,29,313841.544833,313841.640546,313841.758940,met,0.055740
b1,L1,44,313842.545203,313842.759636,313843.358963,missed,0.539468
b1,L1,45,313844.545203,313844.693967,313844.742791,met,0.003434
b1,L2,30,313844.544833,313844.771190,313844.835840,met,0.012979
b1,L1,46,313846.545203,313846.701205,313846.753286,met,0.001427
b1,L1,47,313848.545203,313848.760008,313849.485751,missed,0.649597
b1,L2,31,313847.544833,313847.615368,313849.556679,met,1.871469
b1,L2,32,313850.544833,313850.760104,313851.287547,met,0.454752
b1,L1,48,313850.545203,313850.695568,313851.298540,missed,0.515333
b1,L1,49,313852.545203,313852.655871,313853.259597,missed,0.545154
b1,L2,33,313853.544833,313853.710078,313853.864446,met,0.072918
b1,L1,50,313854.545203,313854.703969,313855.362588,missed,0.601299
b1,L1,51,313856.545203,313856.754568,313857.316508,missed,0.503363
b1,L2,34,313856.544833,313856.801945,313857.694664,met,0.843506
b1,L1,52,313858.545203,313858.655574,313859.276086,missed,0.566165
b1,L2,35,313859.544833,313859.752520,313860.043339,met,0.244204
b1,L1,53,313860.545203,313860.734030,313860.778619,met,0.000906
b1,L1,54,313862.545203,313862.714748,313862.886529,met,0.118459
b1,L2,36,313862.544833,313862.751066,313862.887086,met,0.088814
b1,L1,55,313864.545203,313864.624200,313864.681614,met,0.014405
b1,L2,37,313865.544833,313865.760512,313866.363784,met,0.551043
b1,L1,56,313866.545203,313866.684273,313866.729608,met,0.001962
b1,L1,57,313868.545203,313868.635365,313868.680520,met,0.001734
b1,L2,38,313868.544833,313868.741125,313868.786413,met,0.001644
b1,L1,58,313870.545203,313870.618866,313870.687269,met,0.019383
b1,L1,59,313872.545203,313872.621714,313872.986263,met,0.309761
b1,L2,39,313871.544833,313871.719955,313872.986280,met,1.217567
b1,L1,60,313874.545203,313874.657813,313875.326587,missed,0.609028
b1,L2,40,313874.544833,313874.688787,313875.695862,met,0.959226
b1,L1,61,313876.545203,313876.637454,313877.102681,met,0.418235
b1,L2,41,313877.544833,313877.712659,313877.758616,met,0.000949
b1,L1,62,313878.545203,313878.649494,313879.223168,missed,0.512232
b1,L1,63,313880.545203,313880.682220,313881.308245,missed,0.567903
b1,L2,42,313880.544833,313880.644326,313881.872267,met,1.178855
b1,L1,64,313882.545203,313882.662520,313883.352840,missed,0.629798
b1,L2,43,313883.544833,313883.735129,313883.797129,met,0.019083
b1,L1,65,313884.545203,313884.737882,313885.421849,missed,0.631013
b1,L1,66,313886.545203,313886.651274,313886.694301,met,0.001351
b1,L2,44,313886.544833,313886.756425,313887.924059,met,1.119758
b1,L1,67,313888.545203,313888.734602,313889.437712,missed,0.648915
b1,L2,45,313889.544833,313889.744445,313890.047946,met,0.258119
b1,L1,68,313890.545203,313890.609033,313890.655770,met,0.001073
b1,L2,46,313892.544833,313892.674348,313892.718605,met,0.001316
b1,L1,69,313892.545203,313892.685394,313892.730791,met,0.004719
b1,L1,70,313894.545203,313894.666269,313894.708705,met,0.001405
b1,L2,47,313895.544833,313895.673543,313896.343968,met,0.622497
b1,L1,71,313896.545203,313896.679107,313896.720319,met,0.003199
b1,L1,72,313898.545203,313898.633604,313898.675446,met,0.001364
b1,L2,48,313898.544833,313898.683131,313898.731909,met,0.001197
b1,L1,73,313900.545203,313900.686346,313900.733179,met,0.003379
b1,L2,49,313901.544833,313901.738261,313902.359806,met,0.574513
b1,L1,74,313902.545203,313902.747681,313902.793495,met,0.003317
b1,L2,50,313904.544833,313904.694887,313904.736363,met,0.000938
b1,L1,75,313904.545203,313904.753583,313904.801989,met,0.001163
b1,L1,76,313906.545203,313906.756274,313907.183052,met,0.385511
b1,L2,51,313907.544833,313907.715099,313908.844264,met,1.085732
b1,L1,77,313908.545203,313908.732527,313908.844338,met,0.068362
b1,L1,78,313910.545203,313910.672771,313910.719719,met,0.001030
b1,L2,52,313910.544833,313910.707547,313910.767719,met,0.019111
b1,L1,79,313912.545203,313912.638481,313913.135045,met,0.450486
b1,L2,53,313913.544833,313913.745055,313913.801473,met,0.001463
b1,L1,80,313914.545203,313914.707164,313915.150541,met,0.394650
b1,L2,54,313916.544833,313916.711146,313917.041551,met,0.283645
b1,L1,81,313916.545203,313916.613313,313917.041551,met,0.381120
b1,L1,82,313918.545203,313918.719454,313918.998005,met,0.235004
b1,L2,55,313919.544833,313919.722408,313919.762870,met,0.001371
b1,L1,83,313920.545203,313920.690309,313921.086948,met,0.349187
b1,L1,84,313922.545203,313922.613038,313923.288903,missed,0.623758
b1,L2,56,313922.544833,313922.727670,313923.588742,met,0.817147
b1,L1,85,313924.545203,313924.663745,313925.261323,missed,0.539282
b1,L2,57,313925.544833,313925.702410,313925.744533,met,0.000997
b1,L1,86,313926.545203,313926.743789,313927.222745,met,0.435164
b1,L1,87,313928.545203,313928.708638,313929.400988,missed,0.639712
b1,L2,58,313928.544833,313928.635602,313929.683579,met,1.000906
b1,L1,88,313930.545203,313930.744690,313931.373854,missed,0.572787
b1,L2,59,313931.544833,313931.741832,313931.782516,met,0.001071
b1,L1,89,313932.545203,313932.731850,313933.378885,missed,0.595483
b1,L1,90,313934.545203,313934.710019,313935.330961,missed,0.552314
b1,L2,60,313934.544833,313934.748567,313936.030850,met,1.224640
b1,L1,91,313936.545203,313936.793929,313937.482547,missed,0.630440
b1,L2,61,313937.544833,313937.688586,313938.001530,met,0.259273
b1,L1,92,313938.545203,313938.745882,313938.905362,met,0.111870
b1,L1,93,313940.545203,313940.751121,313940.793789,met,0.000985
b1,L2,62,313940.544833,313940.759083,313940.803743,met,0.000978
b1,L1,94,313942.545203,313942.749279,313942.795718,met,0.003442
b1,L2,63,313943.544833,313943.643922,313944.423013,met,0.734596
b1,L1,95,313944.545203,313944.657533,313945.354285,missed,0.643215
b1,L1,96,313946.545203,313946.750279,313946.863729,met,0.066131
b1,L2,64,313946.544833,313946.758102,313946.863546,met,0.059690
b1,L1,97,313948.545203,313948.722348,313948.876340,met,0.107615
b1,L2,65,313949.544833,313949.758426,313949.797917,met,0.000990
b1,L1,98,313950.545203,313950.729741,313951.214186,met,0.434104
b1,L1,99,313952.545203,313952.752059,313953.297345,met,0.494231
b1,L2,66,313952.544833,313952.751685,313953.297306,met,0.494431
b1,L1,100,313954.545203,313954.748574,313955.339235,missed,0.531002
b1,L2,67,313955.544833,313955.744370,313955.790076,met,0.001641
b1,L1,101,313956.545203,313956.742686,313957.367807,missed,0.572624
b1,L1,102,313958.545203,313958.754456,313959.352103,missed,0.542803
b1,L2,68,313958.544833,313958.749868,313959.464145,met,0.666765
b1,L1,103,313960.545203,313960.695271,313961.392823,missed,0.640137
b1,L2,69,313961.544833,313961.743178,313962.105153,met,0.318916
b1,L1,104,313962.545203,313962.720360,313963.422277,missed,0.647006
b1,L1,105,313964.545203,313964.621273,313964.666959,met,0.004332
b1,L2,70,313964.544833,313964.756339,313964.809055,met,0.001095
b1,L1,106,313966.545203,313966.724850,313966.775141,met,0.001147
b1,L2,71,313967.544833,313967.712595,313968.365427,met,0.595506
b1,L1,107,313968.545203,313968.667000,313968.716714,met,0.002170
b1,L1,108,313970.545203,313970.750746,313970.819643,met,0.023259
b1,L2,72,313970.544833,313970.621294,313970.819605,met,0.149644
b1,L1,109,313972.545203,313972.728535,313972.817261,met,0.038190
b1,L2,73,313973.544833,313973.723321,313974.927046,met,1.156311
b1,L1,110,313974.545203,313974.706213,313974.928145,met,0.177316
b1,L1,111,313976.545203,313976.759936,313976.855901,met,0.052980
b1,L2,74,313976.544833,313976.733517,313976.855901,met,0.078412
b1,L1,112,313978.545203,313978.676967,313978.966210,met,0.244973
b1,L2,75,313979.544833,313979.680722,313979.723222,met,0.001327
b1,L1,113,313980.545203,313980.743648,313980.889478,met,0.100932
b1,L2,76,313982.544833,313982.750785,313983.166212,met,0.374136
b1,L1,114,313982.545203,313982.749074,313983.168923,met,0.376812
b1,L1,115,313984.545203,313984.745588,313985.225392,met,0.436417
b1,L2,77,313985.544833,313985.690869,313985.733937,met,0.001275
b1,L1,116,313986.545203,313986.741726,313987.303719,missed,0.507357
b1,L2,78,313988.544833,313988.718410,313989.259116,met,0.494127
b1,L1,117,313988.545203,313988.694835,313989.266603,missed,0.518062
b1,L1,118,313990.545203,313990.667810,313991.274559,missed,0.554854
b1,L2,79,313991.544833,313991.739120,313991.782095,met,0.001530
b1,L1,119,313992.545203,313992.669133,313993.320802,missed,0.599572
b1,L1,120,313994.545203,313994.723606,313995.433715,missed,0.648747
b1,L2,80,313994.544833,313994.723596,313995.747888,met,0.974949
b1,L1,121,313996.545203,313996.616380,313997.307745,missed,0.639049
b1,L2,81,313997.544833,313997.694631,313997.740304,met,0.000920
b1,L1,122,313998.545203,313998.738611,313999.438066,missed,0.644423
b1,L1,123,314000.545203,314000.756419,314001.311486,missed,0.503349
b1,L2,82,314000.544833,314000.703397,314001.847086,met,1.100068
b1,L1,124,314002.545203,314002.758198,314003.315182,missed,0.503822
b1,L2,83,314003.544833,314003.754643,314004.010480,met,0.208896
b1,L1,125,314004.545203,314004.749052,314004.791544,met,0.002519
b1,L1,126,314006.545203,314006.742805,314006.796732,met,0.006258
b1,L2,84,314006.544833,314006.748192,314006.797115,met,0.004124
b1,L1,127,314008.545203,314008.747128,314008.794468,met,0.001032
b1,L2,85,314009.544833,314009.738195,314010.626701,met,0.837371
b1,L1,128,314010.545203,314010.613965,314010.716670,met,0.051009
b1,L2,86,314012.544833,314012.678668,314012.797810,met,0.075037
b1,L1,129,314012.545203,314012.738889,314012.798006,met,0.018224
b1,L1,130,314014.545203,314014.697878,314014.742731,met,0.000889
b1,L2,87,314015.544833,314015.667036,314016.775198,met,1.063840
b1,L1,131,314016.545203,314016.672827,314016.776316,met,0.063792
b1,L2,88,314018.544833,314018.679066,314018.783184,met,0.060788
b1,L1,132,314018.545203,314018.751047,314018.794311,met,0.001011
b1,L1,133,314020.545203,314020.754686,314020.917029,met,0.120718
b1,L2,89,314021.544833,314021.654920,314022.824570,met,1.127249
b1,L1,134,314022.545203,314022.660865,314022.883726,met,0.179158
b1,L1,135,314024.545203,314024.646032,314025.262641,missed,0.538649
b1,L2,90,314024.544833,314024.646109,314025.602958,met,0.897649
b1,L1,136,314026.545203,314026.721996,314027.294011,missed,0.511317
b1,L2,91,314027.544833,314027.702220,314027.748083,met,0.000929
b1,L1,137,314028.545203,314028.609334,314029.278702,missed,0.616863
b1,L1,138,314030.545203,314030.654325,314031.356325,missed,0.649381
b1,L2,92,314030.544833,314030.674508,314031.568563,met,0.849553
b1,L1,139,314032.545203,314032.751191,314033.426662,missed,0.625320
b1,L2,93,314033.544833,314033.735523,314034.165073,met,0.387775
b1,L1,140,314034.545203,314034.690846,314035.391770,missed,0.648521
b1,L1,141,314036.545203,314036.701766,314037.404143,missed,0.649640
b1,L2,94,314036.544833,314036.689088,314037.843868,met,1.106973
b1,L1,142,314038.545203,314038.712248,314039.407666,missed,0.640829
b1,L2,95,314039.544833,314039.723614,314039.767676,met,0.000869
b1,L1,143,314040.545203,314040.723724,314041.321515,missed,0.545372
b1,L2,96,314042.544833,314042.673351,314042.715471,met,0.001515
b1,L1,144,314042.545203,314042.706558,314042.750640,met,0.004597
b1,L1,145,314044.545203,314044.702408,314044.774849,met,0.032406
b1,L2,97,314045.544833,314045.711878,314046.110176,met,0.357419
b1,L1,146,314046.545203,314046.712751,314046.754047,met,0.001379
b1,L2,98,314048.544833,314048.740703,314048.963613,met,0.175888
b1,L1,147,314048.545203,314048.740726,314049.070388,met,0.284728
b1,L1,148,314050.545203,314050.609224,314050.656618,met,0.001163
b1,L2,99,314051.544833,314051.639418,314052.564089,met,0.873318
b1,L1,149,314052.545203,314052.666590,314052.764769,met,0.052761
b2,L1,0,314053.159903,314053.224858,314053.341796,met,0.062612
b2,L2,0,314053.160007,314053.225088,314053.341910,met,0.062307
b2,L1,1,314055.159903,314055.348830,314055.390765,met,0.001415
b2,L2,1,314056.160007,314056.367980,314057.550753,met,1.136127
b2,L1,2,314057.159903,314057.286063,314057.551828,met,0.210695
b2,L1,3,314059.159903,314059.379609,314059.424788,met,0.002085
b2,L2,2,314059.160007,314059.403365,314059.449914,met,0.002159
b2,L1,4,314061.159903,314061.250916,314061.400995,met,0.090797
b2,L2,3,314062.160007,314062.229797,314062.337906,met,0.041957
b2,L1,5,314063.159903,314063.313409,314063.861902,met,0.473379
b2,L1,6,314065.159903,314065.392236,314066.132503,missed,0.641180
b2,L2,4,314065.160007,314065.398672,314067.640293,missed,2.147494
b2,L1,7,314067.159903,314067.416365,314068.179239,missed,0.646775
b2,L2,5,314068.160007,314068.419531,314068.549688,met,0.028891
b2,L1,8,314069.159903,314069.393290,314070.124386,missed,0.646968
b2,L1,9,314071.159903,314071.309333,314071.982538,missed,0.617612
b2,L2,6,314071.160007,314071.365773,314072.042259,met,0.625241
b2,L1,10,314073.159903,314073.363911,314074.064871,missed,0.643877
b2,L2,7,314074.160007,314074.372543,314074.414386,met,0.000883
b2,L1,11,314075.159903,314075.370346,314076.073113,missed,0.648854
b2,L1,12,314077.159903,314077.283494,314077.892131,missed,0.552935
b2,L2,8,314077.160007,314077.348973,314078.296894,met,0.898522
b2,L1,13,314079.159903,314079.363218,314080.063160,missed,0.645514
b2,L2,9,314080.160007,314080.322065,314080.610635,met,0.242938
b2,L1,14,314081.159903,314081.352673,314082.051191,missed,0.642517
b2,L1,15,314083.159903,314083.284833,314083.325864,met,0.001373
b2,L2,10,314083.160007,314083.342569,314084.994322,met,1.604047
b2,L1,16,314085.159903,314085.249419,314085.296609,met,0.001866
b2,L2,11,314086.160007,314086.376097,314086.636830,met,0.215122
b2,L1,17,314087.159903,314087.325307,314087.369573,met,0.001051
b2,L2,12,314089.160007,314089.350912,314089.393941,met,0.001019
b2,L1,18,314089.159903,314089.365346,314089.410751,met,0.001924
b2,L1,19,314091.159903,314091.364056,314091.406769,met,0.001932
b2,L2,13,314092.160007,314092.349121,314092.835639,met,0.442576
b2,L1,20,314093.159903,314093.362129,314093.406291,met,0.003277
b2,L2,14,314095.160007,314095.344366,314095.388670,met,0.001330
b2,L1,21,314095.159903,314095.365327,314095.409824,met,0.003678
b2,L1,22,314097.159903,314097.363998,314097.405889,met,0.003331
b2,L2,15,314098.160007,314098.353450,314099.329107,met,0.928123
b2,L1,23,314099.159903,314099.339106,314099.381539,met,0.002108
b2,L1,24,314101.159903,314101.336550,314101.794436,met,0.402584
b2,L2,16,314101.160007,314101.251191,314101.794446,met,0.492271
b2,L1,25,314103.159903,314103.335753,314103.840725,met,0.459675
b2,L2,17,314104.160007,314104.367362,314104.410048,met,0.001035
b2,L1,26,314105.159903,314105.364100,314105.983042,missed,0.558422
b2,L1,27,314107.159903,314107.391986,314107.963835,missed,0.513163
b2,L2,18,314107.160007,314107.366572,314108.400482,met,0.988454
b2,L1,28,314109.159903,314109.330438,314110.026026,missed,0.639449
b2,L2,19,314110.160007,314110.331809,314110.375112,met,0.000912
b2,L1,29,314111.159903,314111.366346,314111.953588,missed,0.524370
b2,L1,30,314113.159903,314113.327850,314113.371585,met,0.001210
b2,L2,20,314113.160007,314113.360115,314113.406484,met,0.001228
b2,L1,31,314115.159903,314115.366826,314115.608976,met,0.187158
b2,L2,21,314116.160007,314116.362013,314117.008699,met,0.602211
b2,L1,32,314117.159903,314117.342483,314117.387327,met,0.000912
b2,L2,22,314119.160007,314119.331361,314119.716046,met,0.331136
b2,L1,33,314119.159903,314119.331799,314119.719920,met,0.335471
b2,L1,34,314121.159903,314121.227308,314121.503941,met,0.227256
b2,L2,23,314122.160007,314122.353744,314122.398754,met,0.001098
b2,L1,35,314123.159903,314123.305967,314123.758089,met,0.404126
b2,L2,24,314125.160007,314125.319300,314125.831733,met,0.466791
b2,L1,36,314125.159903,314125.361488,314125.832021,met,0.425088
b2,L1,37,314127.159903,314127.331300,314127.920579,missed,0.536022
b2,L2,25,314128.160007,314128.246481,314128.290439,met,0.001277
b2,L1,38,314129.159903,314129.336174,314130.038519,missed,0.646377
b2,L1,39,314131.159903,314131.347717,314131.966268,missed,0.562967
b2,L2,26,314131.160007,314131.313274,314132.293687,met,0.932750
b2,L1,40,314133.159903,314133.363945,314133.985889,missed,0.567465
b2,L2,27,314134.160007,314134.315053,314134.648781,met,0.290528
b2,L1,41,314135.159903,314135.242003,314135.440294,met,0.155872
b2,L1,42,314137.159903,314137.360066,314137.407945,met,0.002229
b2,L2,28,314137.160007,314137.357434,314137.407984,met,0.001474
b2,L1,43,314139.159903,314139.364956,314139.407715,met,0.003394
b2,L2,29,314140.160007,314140.365861,314140.744346,met,0.334324
b2,L1,44,314141.159903,314141.326844,314141.369715,met,0.003419
b2,L2,30,314143.160007,314143.350635,314143.394147,met,0.001377
b2,L1,45,314143.159903,314143.349334,314143.394660,met,0.004117
b2,L1,46,314145.159903,314145.252015,314145.311822,met,0.002867
b2,L1,47,314147.159903,314147.362676,314148.067029,missed,0.647881
b2,L2,31,314146.160007,314146.267817,314148.155625,met,1.787594
b2,L2,32,314149.160007,314149.248466,314150.060501,met,0.733714
b2,L1,48,314149.159903,314149.371075,314150.070905,missed,0.630157
b2,L1,49,314151.159903,314151.357975,314152.045365,missed,0.630789
b2,L2,33,314152.160007,314152.408790,314152.457471,met,0.001070
b2,L1,50,314153.159903,314153.371592,314154.074420,missed,0.646515
b2,L1,51,314155.159903,314155.288702,314155.908818,missed,0.560880
b2,L2,34,314155.160007,314155.371694,314156.581779,met,1.162487
b2,L1,52,314157.159903,314157.366007,314158.034790,missed,0.613962
b2,L2,35,314158.160007,314158.295356,314158.580276,met,0.238387
b2,L1,53,314159.159903,314159.365629,314159.406516,met,0.001453
b2,L2,36,314161.160007,314161.300941,314161.348216,met,0.001623
b2,L1,54,314161.159903,314161.348049,314161.401214,met,0.003470
b2,L1,55,314163.159903,314163.303972,314163.357265,met,0.009633
b2,L2,37,314164.160007,314164.284561,314165.087287,met,0.750736
b2,L1,56,314165.159903,314165.355907,314165.402864,met,0.003365
b2,L2,38,314167.160007,314167.281894,314167.324631,met,0.000961
b2,L1,57,314167.159903,314167.357111,314167.400575,met,0.001878
b2,L1,58,314169.159903,314169.349674,314169.394072,met,0.001821
b2,L2,39,314170.160007,314170.316088,314171.728130,met,1.366582
b2,L1,59,314171.159903,314171.359636,314171.728918,met,0.324157
b2,L1,60,314173.159903,314173.321819,314173.626736,met,0.253082
b2,L2,40,314173.160007,314173.358612,314173.626683,met,0.217047
b2,L1,61,314175.159903,314175.254158,314175.830482,missed,0.520260
b2,L2,41,314176.160007,314176.370034,314176.415389,met,0.001329
b2,L1,62,314177.159903,314177.357225,314178.060320,missed,0.647491
b2,L1,63,314179.159903,314179.349391,314180.022212,missed,0.613314
b2,L2,42,314179.160007,314179.366058,314180.028948,met,0.613409
b2,L1,64,314181.159903,314181.228133,314181.874058,missed,0.580825
b2,L2,43,314182.160007,314182.364848,314183.112668,met,0.692628
b2,L1,65,314183.159903,314183.388724,314184.075263,missed,0.611738
b2,L2,44,314185.160007,314185.342538,314185.388383,met,0.001358
b2,L1,66,314185.159903,314185.374383,314185.417649,met,0.001440
b2,L1,67,314187.159903,314187.253389,314187.301420,met,0.003439
b2,L2,45,314188.160007,314188.317164,314189.176707,met,0.807439
b2,L1,68,314189.159903,314189.348794,314189.394213,met,0.003393
b2,L2,46,314191.160007,314191.352919,314191.413273,met,0.002577
b2,L1,69,314191.159903,314191.352761,314191.413198,met,0.002174
b2,L1,70,314193.159903,314193.269918,314193.777063,met,0.458166
b2,L2,47,314194.160007,314194.262952,314194.462491,met,0.130871
b2,L1,71,314195.159903,314195.316419,314195.827402,met,0.462820
b2,L1,72,314197.159903,314197.241227,314197.951889,missed,0.649767
b2,L2,48,314197.160007,314197.239081,314198.541559,met,1.253180
b2,L1,73,314199.159903,314199.225534,314199.859239,missed,0.577279
b2,L2,49,314200.160007,314200.306194,314200.402084,met,0.048658
b2,L1,74,314201.159903,314201.367025,314201.977830,missed,0.556464
b2,L1,75,314203.159903,314203.374684,314204.061402,missed,0.630923
b2,L2,50,314203.160007,314203.364430,314204.727944,met,1.315429
b2,L1,76,314205.159903,314205.361829,314205.433793,met,0.027202
b2,L2,51,314206.160007,314206.299953,314206.724806,met,0.380315
b2,L1,77,314207.159903,314207.234418,314207.282335,met,0.005036
b2,L1,78,314209.159903,314209.283512,314209.332579,met,0.001302
b2,L2,52,314209.160007,314209.366705,314209.433070,met,0.006280
b2,L1,79,314211.159903,314211.391073,314211.436986,met,0.001905
b2,L2,53,314212.160007,314212.369321,314213.384240,met,0.964968
b2,L1,80,314213.159903,314213.369207,314213.417935,met,0.000999
b2,L2,54,314215.160007,314215.243969,314215.757315,met,0.466411
b2,L1,81,314215.159903,314215.292961,314215.757879,met,0.420004
b2,L1,82,314217.159903,314217.307951,314217.594779,met,0.240991
b2,L2,55,314218.160007,314218.225645,314218.267616,met,0.001362
b2,L1,83,314219.159903,314219.309325,314219.685095,met,0.330013
b2,L2,56,314221.160007,314221.360139,314221.971854,met,0.564983
b2,L1,84,314221.159903,314221.345563,314221.979904,missed,0.579727
b2,L1,85,314223.159903,314223.358422,314224.056974,missed,0.643238
b2,L2,57,314224.160007,314224.366180,314224.408997,met,0.001229
b2,L1,86,314225.159903,314225.347119,314226.043844,missed,0.643553
b2,L1,87,314227.159903,314227.321127,314227.997668,missed,0.621410
b2,L2,58,314227.160007,314227.229815,314228.433056,met,1.150024
b2,L1,88,314229.159903,314229.449856,314229.530752,met,0.001802
b2,L2,59,314230.160007,314230.280570,314230.816992,met,0.490331
b2,L1,89,314231.159903,314231.373387,314231.423936,met,0.005045
b2,L1,90,314233.159903,314233.290538,314233.338414,met,0.003310
b2,L2,60,314233.160007,314233.336401,314233.389747,met,0.001410
b2,L1,91,314235.159903,314235.378537,314235.426915,met,0.003619
b2,L1,92,314237.159903,314237.259491,314237.520813,met,0.214483
b2,L2,61,314236.160007,314236.286603,314237.520774,met,1.185284
b2,L1,93,314239.159903,314239.266322,314239.641212,met,0.324038
b2,L2,62,314239.160007,314239.378017,314239.641212,met,0.205072
b2,L1,94,314241.159903,314241.379248,314242.003016,missed,0.565559
b2,L2,63,314242.160007,314242.286848,314242.563830,met,0.223740
b2,L1,95,314243.159903,314243.283560,314243.980934,missed,0.641521
b2,L1,96,314245.159903,314245.303011,314245.994712,missed,0.626748
b2,L2,64,314245.160007,314245.303011,314246.137638,met,0.781284
b2,L1,97,314247.159903,314247.355141,314248.057711,missed,0.637911
b2,L2,65,314248.160007,314248.337006,314248.650331,met,0.264752
b2,L1,98,314249.159903,314249.334487,314249.383604,met,0.001818
b2,L2,66,314251.160007,314251.355060,314251.398269,met,0.001445
b2,L1,99,314251.159903,314251.361488,314251.411311,met,0.003409
b2,L1,100,314253.159903,314253.318556,314253.364421,met,0.001250
b2,L2,67,314254.160007,314254.252860,314255.627729,met,1.312665
b2,L1,101,314255.159903,314255.309789,314255.720197,met,0.338748
b2,L2,68,314257.160007,314257.342764,314257.932604,met,0.541059
b2,L1,102,314257.159903,314257.398239,314258.110948,missed,0.649836
b2,L1,103,314259.159903,314259.352631,314259.401283,met,0.004660
b2,L2,69,314260.160007,314260.316604,314261.561163,met,1.176253
b2,L1,104,314261.159903,314261.374094,314261.571887,met,0.125235
b2,L2,70,314263.160007,314263.377481,314263.489124,met,0.025008
b2,L1,105,314263.159903,314263.423619,314263.489906,met,0.000857
b2,L1,106,314265.159903,314265.406087,314265.632924,met,0.167786
b2,L2,71,314266.160007,314266.409722,314266.464787,met,0.002136
b2,L1,107,314267.159903,314267.345728,314267.848705,met,0.453040
b2,L1,108,314269.159903,314269.227862,314269.921000,missed,0.638336
b2,L2,72,314269.160007,314269.366505,314270.316207,met,0.889449
b2,L1,109,314271.159903,314271.376423,314272.083724,missed,0.643496
b2,L2,73,314272.160007,314272.282246,314272.468343,met,0.135417
b2,L1,110,314273.159903,314273.377108,314273.939081,missed,0.503438
b2,L1,111,314275.159903,314275.366708,314275.437370,met,0.001650
b2,L2,74,314275.160007,314275.395493,314275.462872,met,0.001312
b2,L1,112,314277.159903,314277.370568,314277.507626,met,0.089317
b2,L2,75,314278.160007,314278.263326,314279.571509,met,1.247989
b2,L1,113,314279.159903,314279.248250,314279.575492,met,0.278217
b2,L1,114,314281.159903,314281.369627,314281.909878,met,0.482466
b2,L2,76,314281.160007,314281.368530,314281.911342,met,0.483840
b2,L1,115,314283.159903,314283.404473,314284.112791,missed,0.636416
b2,L2,77,314284.160007,314284.282648,314284.331378,met,0.001397
b2,L1,116,314285.159903,314285.371354,314286.094747,missed,0.636355
b2,L1,117,314287.159903,314287.236600,314287.283503,met,0.001172
b2,L2,78,314287.160007,314287.241073,314287.289459,met,0.000947
b2,L1,118,314289.159903,314289.366051,314289.409609,met,0.001817
b2,L2,79,314290.160007,314290.367754,314291.199838,met,0.788087
b2,L1,119,314291.159903,314291.316878,314291.358870,met,0.001853
b2,L1,120,314293.159903,314293.272939,314293.898121,missed,0.568759
b2,L2,80,314293.160007,314293.235046,314293.942400,met,0.656065
b2,L1,121,314295.159903,314295.379568,314295.984269,missed,0.509145
b2,L2,81,314296.160007,314296.322037,314296.362261,met,0.001377
b2,L1,122,314297.159903,314297.332382,314298.021616,missed,0.634176
b2,L1,123,314299.159903,314299.353745,314300.059210,missed,0.647326
b2,L2,82,314299.160007,314299.248464,314300.487542,met,1.194880
b2,L1,124,314301.159903,314301.314647,314302.004930,missed,0.634145
b2,L2,83,314302.160007,314302.288940,314302.439547,met,0.102181
b2,L1,125,314303.159903,314303.350316,314303.399047,met,0.001491
b2,L2,84,314305.160007,314305.230207,314305.270506,met,0.001302
b2,L1,126,314305.159903,314305.302592,314306.008983,missed,0.647730
b2,L1,127,314307.159903,314307.295990,314307.337753,met,0.001419
b2,L2,85,314308.160007,314308.304411,314308.741567,met,0.373251
b2,L1,128,314309.159903,314309.322768,314310.023985,missed,0.648602
b2,L2,86,314311.160007,314311.348897,314311.400949,met,0.001314
b2,L1,129,314311.159903,314311.362788,314311.421707,met,0.002146
b2,L1,130,314313.159903,314313.386874,314313.428687,met,0.003167
b2,L2,87,314314.160007,314314.375079,314314.934978,met,0.511242
b2,L1,131,314315.159903,314315.335898,314315.382025,met,0.001399
b2,L2,88,314317.160007,314317.220586,314317.263399,met,0.000909
b2,L1,132,314317.159903,314317.318986,314317.360716,met,0.003377
b2,L1,133,314319.159903,314319.230270,314319.273882,met,0.003286
b2,L2,89,314320.160007,314320.313243,314321.031381,met,0.672312
b2,L1,134,314321.159903,314321.337492,314321.378000,met,0.001402
b2,L1,135,314323.159903,314323.253942,314323.313600,met,0.014522
b2,L2,90,314323.160007,314323.337313,314323.384882,met,0.004506
b2,L1,136,314325.159903,314325.353189,314326.003832,missed,0.585128
b2,L2,91,314326.160007,314326.258852,314326.302160,met,0.000888
b2,L1,137,314327.159903,314327.339983,314327.838726,met,0.451275
b2,L2,92,314329.160007,314329.255479,314329.872063,met,0.570006
b2,L1,138,314329.159903,314329.343041,314329.872487,met,0.480673
b2,L1,139,314331.159903,314331.288139,314331.988180,missed,0.633918
b2,L2,93,314332.160007,314332.362569,314332.424416,met,0.001365
b2,L1,140,314333.159903,314333.309319,314333.984796,missed,0.611647
b2,L1,141,314335.159903,314335.401254,314336.148630,missed,0.635386
b2,L2,94,314335.160007,314335.369883,314337.315495,met,1.872889
b2,L1,142,314337.159903,314337.281725,314337.441269,met,0.107039
b2,L2,95,314338.160007,314338.397777,314339.328022,met,0.874545
b2,L1,143,314339.159903,314339.418506,314339.466365,met,0.002437
b2,L1,144,314341.159903,314341.370147,314341.670932,met,0.252642
b2,L2,96,314341.160007,314341.375173,314341.828206,met,0.406524
b2,L1,145,314343.159903,314343.222592,314343.735351,met,0.466806
b2,L2,97,314344.160007,314344.305065,314344.349743,met,0.001387
b2,L1,146,314345.159903,314345.246508,314345.712225,met,0.418796
b2,L1,147,314347.159903,314347.349673,314347.762004,met,0.364149
b2,L2,98,314347.160007,314347.234140,314347.761927,met,0.478788
b2,L1,148,314349.159903,314349.239545,314349.701725,met,0.417492
b2,L2,99,314350.160007,314350.266954,314350.307687,met,0.001274
b2,L1,149,314351.159903,314351.360541,314352.057074,missed,0.640893
b3,L1,0,314352.471000,314352.532513,314352.579197,met,0.002071
b3,L2,0,314352.471036,314352.532426,314352.579197,met,0.001327
b3,L1,1,314354.471000,314354.568431,314354.609323,met,0.003173
b3,L2,1,314355.471036,314355.683156,314355.896819,met,0.164616
b3,L1,2,314356.471000,314356.540282,314356.601181,met,0.003767
b3,L1,3,314358.471000,314358.751244,314359.554820,missed,0.645098
b3,L2,2,314358.471036,314358.567910,314360.406053,met,1.662382
b3,L1,4,314360.471000,314360.621509,314361.387037,missed,0.649215
b3,L2,3,314361.471036,314361.745867,314362.711166,met,0.886316
b3,L1,5,314362.471000,314362.713424,314362.789803,met,0.001111
b3,L1,6,314364.471000,314364.689638,314364.743167,met,0.001902
b3,L2,4,314364.471036,314364.689617,314364.743426,met,0.002251
b3,L1,7,314366.471000,314366.693459,314366.926018,met,0.182650
b3,L2,5,314367.471036,314367.692967,314367.735978,met,0.000937
b3,L1,8,314368.471000,314368.618057,314368.798190,met,0.133402
b3,L1,9,314370.471000,314370.547790,314371.186915,missed,0.586541
b3,L2,6,314370.471036,314370.666354,314371.220873,met,0.509112
b3,L1,10,314372.471000,314372.665733,314373.279693,missed,0.560445
b3,L2,7,314373.471036,314373.664151,314373.706419,met,0.000984
b3,L1,11,314374.471000,314374.638964,314375.347164,missed,0.644918
b3,L1,12,314376.471000,314376.611597,314377.283846,missed,0.611937
b3,L2,8,314376.471036,314376.665664,314377.406551,met,0.678509
b3,L1,13,314378.471000,314378.617928,314379.310415,missed,0.635829
b3,L2,9,314379.471036,314379.646720,314379.744461,met,0.049709
b3,L1,14,314380.471000,314380.688677,314381.305750,missed,0.556087
b3,L2,10,314382.471036,314382.664822,314382.986566,met,0.275834
b3,L1,15,314382.471000,314382.678826,314382.997756,met,0.269407
b3,L1,16,314384.471000,314384.623776,314384.668523,met,0.001881
b3,L2,11,314385.471036,314385.701586,314386.327509,met,0.579110
b3,L1,17,314386.471000,314386.657659,314386.704958,met,0.001403
b3,L1,18,314388.471000,314388.582148,314388.854869,met,0.227999
b3,L2,12,314388.471036,314388.657926,314388.854919,met,0.151668
b3,L1,19,314390.471000,314390.663594,314391.178383,met,0.466615
b3,L2,13,314391.471036,314391.577568,314392.477390,met,0.846867
b3,L1,20,314392.471000,314392.595125,314392.648651,met,0.000933
b3,L2,14,314394.471036,314394.667925,314394.736845,met,0.016457
b3,L1,21,314394.471000,314394.667933,314394.736935,met,0.018714
b3,L1,22,314396.471000,314396.589369,314396.707353,met,0.063310
b3,L2,15,314397.471036,314397.703974,314399.144590,met,1.394636
b3,L1,23,314398.471000,314398.604171,314399.304209,missed,0.639616
b3,L1,24,314400.471000,314400.645044,314401.006495,met,0.310492
b3,L2,16,314400.471036,314400.677336,314401.008570,met,0.279387
b3,L1,25,314402.471000,314402.681177,314403.003873,met,0.270842
b3,L2,17,314403.471036,314403.553057,314403.597119,met,0.001307
b3,L1,26,314404.471000,314404.625556,314405.213399,missed,0.533740
b3,L1,27,314406.471000,314406.569332,314407.268388,missed,0.646260
b3,L2,18,314406.471036,314406.627652,314407.727415,met,1.034607
b3,L1,28,314408.471000,314408.683358,314409.329416,missed,0.585993
b3,L2,19,314409.471036,314409.614108,314409.656489,met,0.000882
b3,L1,29,314410.471000,314410.599068,314411.301354,missed,0.649743
b3,L1,30,314412.471000,314412.616722,314413.271370,missed,0.599949
b3,L2,20,314412.471036,314412.599249,314413.649410,met,1.002073
b3,L1,31,314414.471000,314414.544661,314415.160323,missed,0.562460
b3,L2,21,314415.471036,314415.646223,314416.103921,met,0.412006
b3,L1,32,314416.471000,314416.681155,314416.734605,met,0.008214
b3,L2,22,314418.471036,314418.650755,314418.692780,met,0.001382
b3,L1,33,314418.471000,314418.661947,314418.703471,met,0.001350
b3,L1,34,314420.471000,314420.593713,314420.636438,met,0.003438
b3,L2,23,314421.471036,314421.628397,314422.090752,met,0.415180
b3,L1,35,314422.471000,314422.620870,314422.668079,met,0.002217
b3,L1,36,314424.471000,314424.603546,314424.647157,met,0.001854
b3,L2,24,314424.471036,314424.663165,314424.707343,met,0.000942
b3,L1,37,314426.471000,314426.565385,314426.633064,met,0.024539
b3,L2,25,314427.471036,314427.668196,314428.372459,met,0.660303
b3,L1,38,314428.471000,314428.671301,314428.716407,met,0.001874
b3,L2,26,314430.471036,314430.659687,314430.749962,met,0.042909
b3,L1,39,314430.471000,314430.660051,314430.749942,met,0.044787
b3,L1,40,314432.471000,314432.658425,314432.883667,met,0.183187
b3,L2,27,314433.471036,314433.542608,314433.589361,met,0.001026
b3,L1,41,314434.471000,314434.532916,314434.686533,met,0.110607
b3,L1,42,314436.471000,314436.627015,314436.700381,met,0.029022
b3,L2,28,314436.471036,314436.664369,314436.767872,met,0.059401
b3,L1,43,314438.471000,314438.665773,314439.149111,met,0.443617
b3,L2,29,314439.471036,314439.584750,314440.964333,met,1.335508
b3,L1,44,314440.471000,314440.660761,314440.965080,met,0.254198
b3,L1,45,314442.471000,314442.600253,314443.110151,met,0.461357
b3,L2,30,314442.471036,314442.686152,314443.110834,met,0.375500
b3,L1,46,314444.471000,314444.637069,314445.137953,met,0.455538
b3,L2,31,314445.471036,314445.538216,314445.581811,met,0.001317
b3,L1,47,314446.471000,314446.598950,314447.175832,missed,0.519370
b3,L1,48,314448.471000,314448.652117,314449.291632,missed,0.577738
b3,L2,32,314448.471036,314448.652329,314449.697049,met,0.990887
b3,L1,49,314450.471000,314450.569598,314451.272886,missed,0.649612
b3,L2,33,314451.471036,314451.533372,314451.673919,met,0.096188
b3,L1,50,314452.471000,314452.572132,314453.232450,missed,0.602565
b3,L1,51,314454.471000,314454.638971,314455.342727,missed,0.646887
b3,L2,34,314454.471036,314454.586003,314455.860436,met,1.218001
b3,L1,52,314456.471000,314456.666660,314456.767473,met,0.057706
b3,L2,35,314457.471036,314457.617041,314457.974107,met,0.313247
b3,L1,53,314458.471000,314458.667290,314458.711253,met,0.001333
b3,L2,36,314460.471036,314460.549392,314460.590956,met,0.000930
b3,L1,54,314460.471000,314460.672363,314460.717799,met,0.003359
b3,L1,55,314462.471000,314462.532075,314462.575933,met,0.001050
b3,L2,37,314463.471036,314463.633818,314464.217911,met,0.534040
b3,L1,56,314464.471000,314464.633031,314464.678415,met,0.003270
b3,L2,38,314466.471036,314466.675398,314466.717805,met,0.001081
b3,L1,57,314466.471000,314466.671389,314466.717870,met,0.003173
b3,L1,58,314468.471000,314468.643058,314469.247153,missed,0.547948
b3,L2,39,314469.471036,314469.531767,314469.863053,met,0.285224
b3,L1,59,314470.471000,314470.547656,314471.117649,missed,0.512793
b3,L1,60,314472.471000,314472.658319,314473.276182,missed,0.560568
b3,L2,40,314472.471036,314472.670970,314473.421626,met,0.705806
b3,L1,61,314474.471000,314474.627606,314475.327327,missed,0.638739
b3,L2,41,314475.471036,314475.678373,314475.731719,met,0.009770
b3,L1,62,314476.471000,314476.665023,314477.282152,missed,0.562274
b3,L1,63,314478.471000,314478.539311,314478.612682,met,0.002173
b3,L2,42,314478.471036,314478.604320,314478.689043,met,0.001395
b3,L1,64,314480.471000,314480.713206,314480.756418,met,0.000935
b3,L2,43,314481.471036,314481.729330,314482.652632,met,0.871383
b3,L1,65,314482.471000,314482.632643,314482.689246,met,0.001157
b3,L1,66,314484.471000,314484.671680,314484.718206,met,0.001707
b3,L2,44,314484.471036,314484.679288,314484.726842,met,0.001207
b3,L1,67,314486.471000,314486.601533,314486.840783,met,0.192875
b3,L2,45,314487.471036,314487.614012,314487.684138,met,0.000940
b3,L1,68,314488.471000,314488.537766,314488.823562,met,0.240938
b3,L2,46,314490.471036,314490.544445,314490.783055,met,0.192045
b3,L1,69,314490.471000,314490.651323,314490.784142,met,0.089221
b3,L1,70,314492.471000,314492.536747,314493.096243,missed,0.502143
b3,L2,47,314493.471036,314493.678491,314493.722335,met,0.000916
b3,L1,71,314494.471000,314494.573645,314495.162786,missed,0.534994
b3,L1,72,314496.471000,314496.544134,314497.266023,missed,0.643278
b3,L2,48,314496.471036,314496.629636,314497.779559,met,1.102628
b3,L1,73,314498.471000,314498.726582,314499.401332,missed,0.614820
b3,L2,49,314499.471036,314499.678106,314499.722221,met,0.000892
b3,L1,74,314500.471000,314500.675956,314501.409031,missed,0.648513
b3,L1,75,314502.471000,314502.603229,314502.647669,met,0.001386
b3,L2,50,314502.471036,314502.640026,314502.682720,met,0.001329
b3,L1,76,314504.471000,314504.631327,314504.678705,met,0.003459
b3,L2,51,314505.471036,314505.558255,314506.355470,met,0.750305
b3,L1,77,314506.471000,314506.634457,314506.679990,met,0.003230
b3,L1,78,314508.471000,314508.585221,314508.636140,met,0.002034
b3,L2,52,314508.471036,314508.609378,314508.980913,met,0.320992
b3,L1,79,314510.471000,314510.669514,314510.712475,met,0.003311
b3,L1,80,314512.471000,314512.623725,314512.858548,met,0.149212
b3,L2,53,314511.471036,314511.610954,314512.859917,met,1.160310
b3,L1,81,314514.471000,314514.704229,314514.968384,met,0.208160
b3,L2,54,314514.471036,314514.713079,314514.970231,met,0.203753
b3,L1,82,314516.471000,314516.633802,314517.343027,missed,0.633657
b3,L2,55,314517.471036,314517.634052,314517.693094,met,0.010856
b3,L1,83,314518.471000,314518.619447,314519.225307,missed,0.513961
b3,L1,84,314520.471000,314520.587656,314520.636117,met,0.002589
b3,L2,56,314520.471036,314520.596980,314520.644777,met,0.000979
b3,L1,85,314522.471000,314522.608638,314522.654982,met,0.003424
b3,L2,57,314523.471036,314523.599508,314524.541427,met,0.897349
b3,L1,86,314524.471000,314524.634214,314524.693940,met,0.016038
b3,L2,58,314526.471036,314526.611152,314526.655267,met,0.001400
b3,L1,87,314526.471000,314526.681812,314526.728881,met,0.003593
b3,L1,88,314528.471000,314528.597853,314528.913778,met,0.234088
b3,L2,59,314529.471036,314529.676025,314529.720998,met,0.001477
b3,L1,89,314530.471000,314530.598878,314531.292760,missed,0.621865
b3,L1,90,314532.471000,314532.532677,314533.107400,missed,0.514568
b3,L2,60,314532.471036,314532.549856,314533.663721,met,1.066329
b3,L1,91,314534.471000,314534.667793,314535.258236,missed,0.533924
b3,L2,61,314535.471036,314535.605214,314535.648809,met,0.000951
b3,L1,92,314536.471000,314536.567570,314537.271656,missed,0.646911
b3,L1,93,314538.471000,314538.572484,314539.260579,missed,0.624436
b3,L2,62,314538.471036,314538.593759,314539.556711,met,0.909592
b3,L1,94,314540.471000,314540.664599,314541.364127,missed,0.643076
b3,L2,63,314541.471036,314541.664674,314541.797739,met,0.085241
b3,L1,95,314542.471000,314542.628975,314543.326465,missed,0.635699
b3,L2,64,314544.471036,314544.640557,314544.694352,met,0.001368
b3,L1,96,314544.471000,314544.638996,314544.694160,met,0.001015
b3,L1,97,314546.471000,314546.642804,314546.720936,met,0.007295
b3,L2,65,314547.471036,314547.676334,314548.489682,met,0.766000
b3,L1,98,314548.471000,314548.691561,314549.015539,met,0.277244
b3,L1,99,314550.471000,314550.586532,314550.634710,met,0.003487
b3,L2,66,314550.471036,314550.700671,314550.743889,met,0.001316
b3,L1,100,314552.471000,314552.667984,314552.714233,met,0.001984
b3,L2,67,314553.471036,314553.668403,314554.593425,met,0.876543
b3,L1,101,314554.471000,314554.637659,314554.679488,met,0.001850
b3,L2,68,314556.471036,314556.652907,314557.171533,met,0.473948
b3,L1,102,314556.471000,314556.582306,314557.188576,missed,0.541353
b3,L1,103,314558.471000,314558.713614,314559.408539,missed,0.631429
b3,L2,69,314559.471036,314559.727754,314559.774409,met,0.000915
b3,L1,104,314560.471000,314560.677312,314561.253514,missed,0.516422
b3,L1,105,314562.471000,314562.638567,314563.341255,missed,0.647976
b3,L2,70,314562.471036,314562.669122,314563.592045,met,0.877202
b3,L1,106,314564.471000,314564.674098,314565.372345,missed,0.644901
b3,L2,71,314565.471036,314565.694797,314565.740383,met,0.001292
b3,L1,107,314566.471000,314566.672841,314567.264690,missed,0.534636
b3,L1,108,314568.471000,314568.646221,314569.254009,missed,0.551241
b3,L2,72,314568.471036,314568.672213,314569.904843,met,1.181897
b3,L1,109,314570.471000,314570.626407,314570.753527,met,0.083243
b3,L2,73,314571.471036,314571.667829,314572.020843,met,0.306242
b3,L1,110,314572.471000,314572.688774,314572.974086,met,0.222843
b3,L2,74,314574.471036,314574.635081,314574.714044,met,0.001130
b3,L1,111,314574.471000,314574.636366,314574.714044,met,0.001672
b3,L1,112,314576.471000,314576.702187,314576.753552,met,0.001888
b3,L2,75,314577.471036,314577.749687,314578.966274,met,1.152661
b3,L1,113,314578.471000,314578.605184,314578.969982,met,0.315102
b3,L2,76,314580.471036,314580.589405,314581.042862,met,0.399064
b3,L1,114,314580.471000,314580.623193,314581.042862,met,0.371251
b3,L1,115,314582.471000,314582.596765,314583.231736,missed,0.574194
b3,L2,77,314583.471036,314583.615484,314583.660537,met,0.001310
b3,L1,116,314584.471000,314584.598882,314585.196237,missed,0.534326
b3,L1,117,314586.471000,314586.609081,314587.243410,missed,0.572857
b3,L2,78,314586.471036,314586.602453,314587.639598,met,0.987817
b3,L1,118,314588.471000,314588.614936,314589.208169,missed,0.532368
b3,L2,79,314589.471036,314589.600417,314589.937558,met,0.278846
b3,L1,119,314590.471000,314590.618992,314590.689386,met,0.001582
b3,L1,120,314592.471000,314592.583830,314592.638055,met,0.003997
b3,L2,80,314592.471036,314592.613523,314592.666028,met,0.001414
b3,L1,121,314594.471000,314594.610396,314595.191635,missed,0.512780
b3,L2,81,314595.471036,314595.613149,314596.809647,met,1.129054
b3,L1,122,314596.471000,314596.577048,314596.814180,met,0.170402
b3,L2,82,314598.471036,314598.589352,314599.017391,met,0.372715
b3,L1,123,314598.471000,314598.633502,314599.018524,met,0.337414
b3,L1,124,314600.471000,314600.615031,314601.261813,missed,0.574154
b3,L2,83,314601.471036,314601.546717,314601.668799,met,0.072925
b3,L1,125,314602.471000,314602.586510,314603.160675,missed,0.515293
b3,L1,126,314604.471000,314604.611548,314605.228946,missed,0.550005
b3,L2,84,314604.471036,314604.606908,314606.165092,met,1.494126
b3,L1,127,314606.471000,314606.617771,314606.742112,met,0.068421
b3,L2,85,314607.471036,314607.599653,314608.330088,met,0.674234
b3,L1,128,314608.471000,314608.583245,314608.636642,met,0.002298
b3,L1,129,314610.471000,314610.597916,314610.969833,met,0.320740
b3,L2,86,314610.471036,314610.613103,314610.969936,met,0.306824
b3,L1,130,314612.471000,314612.634396,314612.703916,met,0.001269
b3,L2,87,314613.471036,314613.616432,314614.761633,met,1.093866
b3,L1,131,314614.471000,314614.634274,314614.764372,met,0.078838
b3,L1,132,314616.471000,314616.558350,314617.151120,missed,0.523570
b3,L2,88,314616.471036,314616.618634,314617.306756,met,0.630082
b3,L1,133,314618.471000,314618.592331,314619.173149,missed,0.510307
b3,L2,89,314619.471036,314619.606669,314619.662756,met,0.001477
b3,L1,134,314620.471000,314620.627041,314621.290654,missed,0.574310
b3,L2,90,314622.471036,314622.618313,314622.703858,met,0.001132
b3,L1,135,314622.471000,314622.658401,314622.745325,met,0.002727
b3,L1,136,314624.471000,314624.637094,314624.687737,met,0.004441
b3,L1,137,314626.471000,314626.588852,314627.182576,missed,0.518292
b3,L2,91,314625.471036,314625.599327,314627.670189,met,1.987750
b3,L1,138,314628.471000,314628.652144,314629.508944,missed,0.550282
b3,L2,92,314628.471036,314628.652131,314630.801424,missed,2.018949
b3,L1,139,314630.471000,314630.671931,314631.334347,missed,0.560422
b3,L2,93,314631.471036,314631.610792,314631.690113,met,0.002652
b3,L1,140,314632.471000,314632.644348,314633.295641,missed,0.575979
b3,L1,141,314634.471000,314634.570431,314635.161304,missed,0.502067
b3,L2,94,314634.471036,314634.654382,314636.258508,met,1.529803
b3,L1,142,314636.471000,314636.584027,314636.629839,met,0.001015
b3,L2,95,314637.471036,314637.608836,314638.426482,met,0.763221
b3,L1,143,314638.471000,314638.605275,314638.657180,met,0.001910
b3,L1,144,314640.471000,314640.615468,314640.685036,met,0.001412
b3,L2,96,314640.471036,314640.614517,314640.687453,met,0.001702
b3,L1,145,314642.471000,314642.592783,314643.209043,missed,0.542924
b3,L2,97,314643.471036,314643.599720,314643.729972,met,0.082180
b3,L1,146,314644.471000,314644.619382,314645.258706,missed,0.570643
b3,L1,147,314646.471000,314646.604835,314647.253408,missed,0.568883
b3,L2,98,314646.471036,314646.606198,314648.273393,met,1.603044
b3,L1,148,314648.471000,314648.648104,314648.726840,met,0.001336
b3,L2,99,314649.471036,314649.576898,314651.015070,met,1.371786
b3,L1,149,314650.471000,314650.635388,314651.185813,met,0.488966
b4,L1,0,314651.736779,314651.826649,314652.474054,missed,0.560169
b4,L2,0,314651.736448,314651.827897,314653.456400,met,1.549909
b4,L1,1,314653.736779,314653.889978,314653.959493,met,0.002254
b4,L2,1,314654.736448,314654.888619,314655.999890,met,1.025589
b4,L1,2,314655.736779,314655.885741,314655.999872,met,0.045194
b4,L2,2,314657.736448,314657.850871,314657.908648,met,0.001417
b4,L1,3,314657.736779,314657.855471,314657.915260,met,0.005554
b4,L1,4,314659.736779,314659.842018,314659.886209,met,0.001009
b4,L2,3,314660.736448,314660.887534,314661.634838,met,0.690335
b4,L1,5,314661.736779,314661.866802,314661.920787,met,0.004972
b4,L2,4,314663.736448,314663.868877,314663.922434,met,0.000966
b4,L1,6,314663.736779,314663.878972,314663.933781,met,0.001093
b4,L1,7,314665.736779,314665.889119,314666.388625,met,0.438091
b4,L2,5,314666.736448,314666.888684,314666.940891,met,0.001165
b4,L1,8,314667.736779,314667.887735,314668.524771,missed,0.571082
b4,L1,9,314669.736779,314669.841780,314670.474208,missed,0.561762
b4,L2,6,314669.736448,314669.868149,314671.062736,met,1.108248
b4,L1,10,314671.736779,314671.879716,314672.507172,missed,0.562104
b4,L2,7,314672.736448,314672.932124,314673.153627,met,0.165505
b4,L1,11,314673.736779,314673.847641,314673.897266,met,0.001505
b4,L2,8,314675.736448,314675.819664,314675.871009,met,0.001323
b4,L1,12,314675.736779,314675.870900,314675.923216,met,0.002228
b4,L1,13,314677.736779,314677.838902,314677.900434,met,0.002604
b4,L2,9,314678.736448,314678.877453,314679.535381,met,0.604427
b4,L1,14,314679.736779,314679.871621,314679.918157,met,0.001411
b4,L1,15,314681.736779,314681.870691,314682.270820,met,0.341124
b4,L2,10,314681.736448,314681.870663,314682.271406,met,0.338358
b4,L1,16,314683.736779,314683.867801,314683.920907,met,0.003183
b4,L2,11,314684.736448,314684.855056,314684.905368,met,0.000894
b4,L1,17,314685.736779,314685.871873,314686.308861,met,0.387005
b4,L1,18,314687.736779,314687.803837,314688.429504,missed,0.562093
b4,L2,12,314687.736448,314687.826948,314688.488174,met,0.607093
b4,L1,19,314689.736779,314689.883754,314690.522244,missed,0.567062
b4,L2,13,314690.736448,314690.879848,314691.079765,met,0.152235
b4,L1,20,314691.736779,314691.886840,314692.461188,missed,0.508197
b4,L1,21,314693.736779,314693.873108,314694.499501,missed,0.569392
b4,L2,14,314693.736448,314693.868998,314695.139154,met,1.221676
b4,L1,22,314695.736779,314695.878714,314695.929442,met,0.001055
b4,L2,15,314696.736448,314696.825825,314697.546265,met,0.658978
b4,L1,23,314697.736779,314697.889915,314697.932497,met,0.000973
b4,L2,16,314699.736448,314699.823870,314699.869159,met,0.001075
b4,L1,24,314699.736779,314699.840997,314699.894204,met,0.002829
b4,L1,25,314701.736779,314701.873296,314701.947212,met,0.003654
b4,L2,17,314702.736448,314702.853563,314703.650325,met,0.738108
b4,L1,26,314703.736779,314703.815599,314703.857466,met,0.001424
b4,L2,18,314705.736448,314705.868913,314705.920882,met,0.004208
b4,L1,27,314705.736779,314705.869219,314705.921218,met,0.003609
b4,L1,28,314707.736779,314707.868801,314707.919468,met,0.001846
b4,L2,19,314708.736448,314708.886413,314709.822405,met,0.885899
b4,L1,29,314709.736779,314709.866391,314709.934674,met,0.022624
b4,L1,30,314711.736779,314711.865414,314711.992038,met,0.075140
b4,L2,20,314711.736448,314711.866964,314711.992016,met,0.073015
b4,L1,31,314713.736779,314713.827876,314714.036791,met,0.164433
b4,L2,21,314714.736448,314714.809566,314714.951130,met,0.098676
b4,L1,32,314715.736779,314715.856255,314716.404577,met,0.485243
b4,L1,33,314717.736779,314717.909394,314718.538473,missed,0.572880
b4,L2,22,314717.736448,314717.832618,314718.671468,met,0.782692
b4,L1,34,314719.736779,314719.867790,314720.504442,missed,0.574821
b4,L2,23,314720.736448,314720.797766,314720.948866,met,0.100562
b4,L1,35,314721.736779,314721.870070,314722.478944,missed,0.551441
b4,L1,36,314723.736779,314723.915143,314724.687216,missed,0.575008
b4,L2,24,314723.736448,314723.890195,314726.198883,missed,2.086301
b4,L1,37,314725.736779,314725.939971,314726.767720,missed,0.545896
b4,L1,38,314727.736779,314727.931151,314728.618795,missed,0.572369
b4,L2,25,314726.736448,314726.951617,314729.181361,missed,2.045155
b4,L1,39,314729.736779,314729.940699,314730.620279,missed,0.573615
b4,L2,26,314729.736448,314729.936145,314732.094552,missed,2.076051
b4,L1,40,314731.736779,314731.946239,314732.117438,met,0.110586
b4,L2,27,314732.736448,314732.831669,314734.401011,met,1.524722
b4,L1,41,314733.736779,314733.896869,314734.425596,met,0.461010
b4,L1,42,314735.736779,314735.900113,314736.579388,missed,0.571135
b4,L2,28,314735.736448,314735.901248,314738.081151,missed,2.072632
b4,L1,43,314737.736779,314737.864092,314738.604349,missed,0.562204
b4,L1,44,314739.736779,314739.936522,314740.608336,missed,0.575351
b4,L2,29,314738.736448,314738.928264,314741.219174,missed,2.073679
b4,L1,45,314741.736779,314741.936477,314742.056443,met,0.003799
b4,L2,30,314741.736448,314741.954160,314742.122074,met,0.023276
b4,L1,46,314743.736779,314743.994294,314744.672807,missed,0.565003
b4,L2,31,314744.736448,314744.957571,314745.970161,met,0.929441
b4,L1,47,314745.736779,314745.917892,314746.589750,missed,0.574812
b4,L2,32,314747.736448,314747.919904,314748.233170,met,0.234121
b4,L1,48,314747.736779,314747.919592,314748.232925,met,0.232877
b4,L1,49,314749.736779,314749.910465,314750.582913,missed,0.569281
b4,L2,33,314750.736448,314750.923090,314751.368013,met,0.378283
b4,L1,50,314751.736779,314751.913718,314751.986997,met,0.001671
b4,L1,51,314753.736779,314753.923061,314754.569104,missed,0.573475
b4,L2,34,314753.736448,314753.880222,314754.637783,met,0.657892
b4,L1,52,314755.736779,314756.150420,314756.266340,timer_late,NA
b4,L2,35,314756.736448,314756.952226,314757.074803,met,0.010510
b4,L1,53,314757.736779,314757.929702,314758.577600,missed,0.569090
b4,L1,54,314759.736779,314759.902180,314759.987674,met,0.001400
b4,L2,36,314759.736448,314759.925113,314760.018904,met,0.001949
b4,L1,55,314761.736779,314761.955570,314762.605783,missed,0.571241
b4,L2,37,314762.736448,314762.900424,314762.963966,met,0.001409
b4,L1,56,314763.736779,314763.884417,314764.518855,missed,0.570165
b4,L1,57,314765.736779,314765.894219,314766.535309,missed,0.560315
b4,L2,38,314765.736448,314765.894213,314767.252006,met,1.296060
b4,L1,58,314767.736779,314767.892335,314767.943246,met,0.004629
b4,L2,39,314768.736448,314768.845159,314770.387415,met,1.472708
b4,L1,59,314769.736779,314769.807588,314770.399714,missed,0.526370
b4,L1,60,314771.736779,314771.865987,314772.401612,met,0.453182
b4,L2,40,314771.736448,314771.865837,314772.600635,met,0.666788
b4,L1,61,314773.736779,314773.835539,314774.465480,missed,0.551527
b4,L2,41,314774.736448,314774.839157,314774.980540,met,0.074717
b4,L1,62,314775.736779,314775.881648,314775.953724,met,0.001967
b4,L2,42,314777.736448,314777.878485,314778.351911,met,0.426349
b4,L1,63,314777.736779,314777.935467,314778.416793,met,0.432438
b4,L1,64,314779.736779,314779.886798,314780.303192,met,0.350934
b4,L2,43,314780.736448,314780.869035,314780.924330,met,0.003516
b4,L1,65,314781.736779,314781.916454,314782.567488,missed,0.573641
b4,L1,66,314783.736779,314783.878461,314784.491035,missed,0.532008
b4,L2,44,314783.736448,314783.885471,314786.055763,missed,2.072293
b4,L1,67,314785.736779,314785.893281,314786.354737,met,0.382226
b4,L2,45,314786.736448,314786.835177,314788.380528,met,1.483640
b4,L1,68,314787.736779,314787.882165,314788.381671,met,0.448291
b4,L2,46,314789.736448,314789.886511,314790.556992,met,0.573492
b4,L1,69,314789.736779,314789.915288,314790.573854,missed,0.556264
b4,L1,70,314791.736779,314791.890064,314792.539666,missed,0.571541
b4,L2,47,314792.736448,314792.902164,314793.003001,met,0.023809
b4,L1,71,314793.736779,314793.908208,314794.568747,missed,0.574325
b4,L2,48,314795.736448,314795.862398,314795.973064,met,0.057157
b4,L1,72,314795.736779,314795.880258,314795.977228,met,0.033250
b4,L1,73,314797.736779,314797.932506,314798.055639,met,0.001588
b4,L2,49,314798.736448,314798.905621,314800.471196,met,1.494412
b4,L1,74,314799.736779,314799.863495,314800.483697,missed,0.549110
b4,L1,75,314801.736779,314801.897277,314802.535046,missed,0.567771
b4,L2,50,314801.736448,314801.873293,314803.263509,met,1.287439
b4,L1,76,314803.736779,314803.903258,314804.546711,missed,0.574177
b4,L2,51,314804.736448,314804.864989,314805.383474,met,0.451250
b4,L1,77,314805.736779,314805.902711,314805.981709,met,0.001546
b4,L1,78,314807.736779,314807.846214,314807.894022,met,0.004254
b4,L2,52,314807.736448,314807.966058,314808.011093,met,0.001586
b4,L1,79,314809.736779,314809.815314,314810.398281,missed,0.518928
b4,L2,53,314810.736448,314810.866596,314812.419449,met,1.480739
b4,L1,80,314811.736779,314811.887307,314812.432756,met,0.443212
b4,L1,81,314813.736779,314813.922457,314814.549364,missed,0.571324
b4,L2,54,314813.736448,314813.928715,314814.921379,met,0.927267
b4,L1,82,314815.736779,314815.914500,314816.568098,missed,0.550377
b4,L2,55,314816.736448,314816.894291,314817.636286,met,0.682582
b4,L1,83,314817.736779,314817.875102,314817.919222,met,0.001784
b4,L2,56,314819.736448,314819.890584,314820.179983,met,0.226480
b4,L1,84,314819.736779,314819.873548,314820.180104,met,0.253003
b4,L1,85,314821.736779,314821.894822,314822.443892,met,0.487050
b4,L2,57,314822.736448,314822.906762,314822.992908,met,0.001543
b4,L1,86,314823.736779,314823.863546,314824.493472,missed,0.570221
b4,L1,87,314825.736779,314825.883056,314825.951541,met,0.006056
b4,L2,58,314825.736448,314825.917625,314826.017531,met,0.001439
b4,L1,88,314827.736779,314827.915416,314828.010835,met,0.013355
b4,L2,59,314828.736448,314829.005070,314830.353809,met,1.268606
b4,L1,89,314829.736779,314829.896515,314830.355342,met,0.368946
b4,L1,90,314831.736779,314831.828826,314832.568476,missed,0.571382
b4,L2,60,314831.736448,314831.879166,314833.401943,met,1.432950
b4,L1,91,314833.736779,314833.916820,314833.969575,met,0.010010
b4,L2,61,314834.736448,314834.889255,314835.858458,met,0.918087
b4,L1,92,314835.736779,314835.888299,314835.982300,met,0.025227
b4,L1,93,314837.736779,314837.832016,314838.019572,met,0.131386
b4,L2,62,314837.736448,314837.871513,314838.019518,met,0.096846
b4,L1,94,314839.736779,314839.860852,314840.162827,met,0.252162
b4,L1,95,314841.736779,314841.863431,314842.516863,missed,0.575120
b4,L2,63,314840.736448,314840.855265,314842.898496,met,1.979709
b4,L1,96,314843.736779,314843.917076,314844.556796,missed,0.571421
b4,L2,64,314843.736448,314843.878850,314845.144760,met,1.208270
b4,L1,97,314845.736779,314845.861768,314845.931304,met,0.004858
b4,L2,65,314846.736448,314846.905117,314847.576962,met,0.618760
b4,L1,98,314847.736779,314847.870759,314847.920469,met,0.004328
b4,L2,66,314849.736448,314849.885807,314850.467571,met,0.530674
b4,L1,99,314849.736779,314849.876575,314850.476959,missed,0.536183
b4,L1,100,314851.736779,314851.871404,314852.176169,met,0.256048
b4,L2,67,314852.736448,314852.880724,314854.377435,met,1.423411
b4,L1,101,314853.736779,314853.867513,314854.377456,met,0.463417
b4,L1,102,314855.736779,314855.894581,314856.566647,missed,0.569791
b4,L2,68,314855.736448,314855.890717,314857.697545,met,1.751533
b4,L1,103,314857.736779,314857.913036,314857.994812,met,0.001645
b4,L2,69,314858.736448,314858.862033,314860.092586,met,1.175136
b4,L1,104,314859.736779,314859.824905,314860.093329,met,0.217342
b4,L1,105,314861.736779,314861.878664,314862.548897,missed,0.556730
b4,L2,70,314861.736448,314861.892246,314862.829986,met,0.868659
b4,L1,106,314863.736779,314863.951287,314864.538758,missed,0.530692
b4,L2,71,314864.736448,314864.900006,314865.145359,met,0.046009
b4,L1,107,314865.736779,314865.882624,314866.454914,missed,0.507548
b4,L1,108,314867.736779,314867.891267,314867.946656,met,0.005638
b4,L2,72,314867.736448,314867.891257,314867.946731,met,0.006042
b4,L1,109,314869.736779,314869.909605,314869.969135,met,0.001430
b4,L2,73,314870.736448,314870.888548,314872.389659,met,1.443803
b4,L1,110,314871.736779,314871.871331,314872.433867,met,0.492147
b4,L1,111,314873.736779,314873.896487,314874.559924,missed,0.572551
b4,L2,74,314873.736448,314873.890037,314875.388883,met,1.421443
b4,L1,112,314875.736779,314875.915385,314875.981043,met,0.001477
b4,L2,75,314876.736448,314876.820058,314878.065887,met,1.186690
b4,L1,113,314877.736779,314877.842078,314878.308536,met,0.417821
b4,L1,114,314879.736779,314879.824113,314880.057147,met,0.179994
b4,L2,76,314879.736448,314879.865592,314880.060475,met,0.143553
b4,L1,115,314881.736779,314881.867285,314882.293215,met,0.369480
b4,L2,77,314882.736448,314882.861108,314882.911552,met,0.001064
b4,L1,116,314883.736779,314883.883685,314884.481944,missed,0.539524
b4,L1,117,314885.736779,314885.896566,314886.548285,missed,0.575206
b4,L2,78,314885.736448,314885.879979,314886.932951,met,0.995081
b4,L1,118,314887.736779,314887.872539,314887.918763,met,0.001649
b4,L2,79,314888.736448,314888.866431,314889.442613,met,0.528351
b4,L1,119,314889.736779,314889.866703,314889.915715,met,0.004244
b4,L1,120,314891.736779,314891.869707,314891.921881,met,0.002088
b4,L2,80,314891.736448,314891.870864,314891.921924,met,0.001407
b4,L1,121,314893.736779,314893.866144,314893.913564,met,0.003313
b4,L2,81,314894.736448,314894.879509,314895.707532,met,0.776834
b4,L1,122,314895.736779,314895.866703,314895.908044,met,0.001427
b4,L1,123,314897.736779,314897.847241,314897.914607,met,0.001916
b4,L2,82,314897.736448,314897.847910,314897.914640,met,0.002335
b4,L1,124,314899.736779,314899.839677,314900.497076,missed,0.572344
b4,L2,83,314900.736448,314900.880974,314900.928592,met,0.001324
b4,L1,125,314901.736779,314901.884057,314902.317614,met,0.381862
b4,L1,126,314903.736779,314903.872778,314904.455678,missed,0.514962
b4,L2,84,314903.736448,314903.872792,314904.578633,met,0.649594
b4,L1,127,314905.736779,314905.868420,314906.505048,missed,0.573670
b4,L2,85,314906.736448,314906.866323,314906.911905,met,0.000911
b4,L1,128,314907.736779,314907.833496,314908.442779,missed,0.545472
b4,L1,129,314909.736779,314909.890342,314910.502727,missed,0.537731
b4,L2,86,314909.736448,314909.878565,314911.237406,met,1.298552
b4,L1,130,314911.736779,314911.899898,314911.971686,met,0.002682
b4,L2,87,314912.736448,314912.868210,314913.544493,met,0.624633
b4,L1,131,314913.736779,314913.912576,314913.963922,met,0.001378
b4,L2,88,314915.736448,314915.850489,314915.963331,met,0.051599
b4,L1,132,314915.736779,314915.869542,314915.964014,met,0.033533
b4,L1,133,314917.736779,314917.897202,314918.007282,met,0.059133
b4,L2,89,314918.736448,314918.857757,314918.902174,met,0.001250
b4,L1,134,314919.736779,314919.877139,314920.051450,met,0.127302
b4,L1,135,314921.736779,314921.869419,314922.362655,met,0.437368
b4,L2,90,314921.736448,314921.869435,314922.362931,met,0.436098
b4,L1,136,314923.736779,314923.834819,314924.419445,missed,0.528761
b4,L2,91,314924.736448,314924.879753,314924.924007,met,0.001339
b4,L1,137,314925.736779,314925.849520,314926.474660,missed,0.569604
b4,L2,92,314927.736448,314927.868804,314928.434859,met,0.513915
b4,L1,138,314927.736779,314927.868940,314928.445387,missed,0.514365
b4,L1,139,314929.736779,314929.837047,314930.467786,missed,0.574444
b4,L2,93,314930.736448,314930.871772,314930.918301,met,0.001254
b4,L1,140,314931.736779,314931.867712,314932.488302,missed,0.563092
b4,L1,141,314933.736779,314933.862311,314934.436064,missed,0.510287
b4,L2,94,314933.736448,314933.843631,314934.892306,met,0.998553
b4,L1,142,314935.736779,314935.869485,314936.503153,missed,0.575504
b4,L2,95,314936.736448,314936.871485,314937.010749,met,0.079671
b4,L1,143,314937.736779,314937.870014,314938.508695,missed,0.573559
b4,L2,96,314939.736448,314939.815308,314939.996422,met,0.095347
b4,L1,144,314939.736779,314939.862549,314940.010216,met,0.077376
b4,L1,145,314941.736779,314941.891697,314941.962154,met,0.001440
b4,L2,97,314942.736448,314942.911713,314944.466035,met,1.506570
b4,L1,146,314943.736779,314943.886434,314944.529902,missed,0.546925
b4,L1,147,314945.736779,314945.868994,314946.448379,missed,0.514284
b4,L2,98,314945.736448,314945.904104,314946.485577,met,0.517504
b4,L1,148,314947.736779,314947.876265,314948.511427,missed,0.575230
b4,L2,99,314948.736448,314948.835961,314948.899931,met,0.001732
b4,L1,149,314949.736779,314949.834103,314950.441474,missed,0.546702
b5,L1,0,314952.064209,314952.134136,314952.199720,met,0.004571
b5,L2,0,314952.064310,314952.134220,314952.199718,met,0.005326
b5,L1,1,314954.064209,314954.186322,314954.249949,met,0.001235
b5,L2,1,314955.064310,314955.203631,314955.334961,met,0.073372
b5,L1,2,314956.064209,314956.139901,314956.184231,met,0.001353
b5,L1,3,314958.064209,314958.181767,314958.231704,met,0.004341
b5,L2,2,314958.064310,314958.179662,314958.231959,met,0.004912
b5,L1,4,314960.064209,314960.195231,314960.237618,met,0.001373
b5,L1,5,314962.064209,314962.186491,314962.268250,met,0.035499
b5,L2,3,314961.064310,314961.233474,314962.268384,met,0.933942
b5,L1,6,314964.064209,314964.200734,314964.273861,met,0.002641
b5,L2,4,314964.064310,314964.233884,314964.294744,met,0.001166
b5,L1,7,314966.064209,314966.201435,314966.372358,met,0.122223
b5,L2,5,314967.064310,314967.191650,314967.255478,met,0.001329
b5,L1,8,314968.064209,314968.209912,314968.775617,met,0.492250
b5,L1,9,314970.064209,314970.137848,314970.768116,missed,0.574532
b5,L2,6,314970.064310,314970.198756,314971.029597,met,0.764845
b5,L1,10,314972.064209,314972.195526,314972.825539,missed,0.570489
b5,L2,7,314973.064310,314973.185880,314973.610711,met,0.328782
b5,L1,11,314974.064209,314974.230938,314974.900304,missed,0.562161
b5,L2,8,314976.064310,314976.188105,314976.260972,met,0.001224
b5,L1,12,314976.064209,314976.237241,314976.302283,met,0.001457
b5,L1,13,314978.064209,314978.232060,314978.306963,met,0.004145
b5,L2,9,314979.064310,314979.226624,314979.969397,met,0.693132
b5,L1,14,314980.064209,314980.214065,314980.264315,met,0.004028
b5,L2,10,314982.064310,314982.138256,314982.556160,met,0.372213
b5,L1,15,314982.064209,314982.188173,314982.556482,met,0.323354
b5,L1,16,314984.064209,314984.202577,314984.475225,met,0.226679
b5,L2,11,314985.064310,314985.190530,314985.238180,met,0.000927
b5,L1,17,314986.064209,314986.161918,314986.777442,missed,0.560026
b5,L1,18,314988.064209,314988.214068,314988.834904,missed,0.556128
b5,L2,12,314988.064310,314988.140323,314989.306379,met,1.105188
b5,L1,19,314990.064209,314990.165467,314990.771637,missed,0.548345
b5,L2,13,314991.064310,314991.198879,314991.298258,met,0.053748
b5,L1,20,314992.064209,314992.193534,314992.783349,missed,0.533847
b5,L2,14,314994.064310,314994.183502,314994.246301,met,0.014577
b5,L1,21,314994.064209,314994.160051,314994.246574,met,0.035909
b5,L1,22,314996.064209,314996.202404,314996.246026,met,0.001925
b5,L2,15,314997.064310,314997.185947,314998.021099,met,0.774294
b5,L1,23,314998.064209,314998.189376,314998.259302,met,0.015834
b5,L2,16,315000.064310,315000.160633,315000.283804,met,0.059194
b5,L1,24,315000.064209,315000.199588,315000.283318,met,0.022487
b5,L1,25,315002.064209,315002.219866,315002.484842,met,0.219258
b5,L2,17,315003.064310,315003.168315,315003.237361,met,0.001515
b5,L1,26,315004.064209,315004.182087,315004.806489,missed,0.570330
b5,L1,27,315006.064209,315006.199163,315006.829142,missed,0.567260
b5,L2,18,315006.064310,315006.222152,315006.917635,met,0.631358
b5,L1,28,315008.064209,315008.199211,315008.828488,missed,0.568591
b5,L2,19,315009.064310,315009.192910,315009.237438,met,0.001277
b5,L1,29,315010.064209,315010.201162,315010.807929,missed,0.549006
b5,L1,30,315012.064209,315012.201816,315012.832996,missed,0.562150
b5,L2,20,315012.064310,315012.134052,315013.668658,met,1.472723
b5,L1,31,315014.064209,315014.201543,315014.245268,met,0.001960
b5,L2,21,315015.064310,315015.211218,315015.626209,met,0.365946
b5,L1,32,315016.064209,315016.188084,315016.233782,met,0.002745
b5,L2,22,315018.064310,315018.166273,315018.213000,met,0.001339
b5,L1,33,315018.064209,315018.197736,315018.254396,met,0.003348
b5,L1,34,315020.064209,315020.181203,315020.378766,met,0.135863
b5,L1,35,315022.064209,315022.215236,315022.347361,met,0.086173
b5,L2,23,315021.064310,315021.205844,315022.347212,met,1.090176
b5,L1,36,315024.064209,315024.200142,315024.319841,met,0.077580
b5,L2,24,315024.064310,315024.185629,315024.320014,met,0.090578
b5,L1,37,315026.064209,315026.152509,315026.230126,met,0.029694
b5,L2,25,315027.064310,315027.181952,315028.219571,met,0.986875
b5,L1,38,315028.064209,315028.180822,315028.315669,met,0.086835
b5,L2,26,315030.064310,315030.148774,315030.709418,met,0.510117
b5,L1,39,315030.064209,315030.200337,315030.709171,met,0.463227
b5,L1,40,315032.064209,315032.205505,315032.686520,met,0.430448
b5,L2,27,315033.064310,315033.183207,315033.244457,met,0.016977
b5,L1,41,315034.064209,315034.188578,315034.779163,missed,0.538022
b5,L1,42,315036.064209,315036.199113,315036.833425,missed,0.576255
b5,L2,28,315036.064310,315036.190529,315037.456828,met,1.204945
b5,L1,43,315038.064209,315038.167907,315038.786734,missed,0.562227
b5,L2,29,315039.064310,315039.189013,315039.523221,met,0.286837
b5,L1,44,315040.064209,315040.190525,315040.237061,met,0.002216
b5,L2,30,315042.064310,315042.185552,315042.229704,met,0.000973
b5,L1,45,315042.064209,315042.197547,315042.240723,met,0.001083
b5,L1,46,315044.064209,315044.184507,315044.227938,met,0.001434
b5,L2,31,315045.064310,315045.199572,315045.849937,met,0.602602
b5,L1,47,315046.064209,315046.195279,315046.240790,met,0.003353
b5,L1,48,315048.064209,315048.163883,315048.217542,met,0.001142
b5,L2,32,315048.064310,315048.163729,315048.218490,met,0.000974
b5,L1,49,315050.064209,315050.178920,315050.335340,met,0.112510
b5,L2,33,315051.064310,315051.191347,315051.233067,met,0.001285
b5,L1,50,315052.064209,315052.193619,315052.416629,met,0.175085
b5,L1,51,315054.064209,315054.200094,315054.380229,met,0.133038
b5,L2,34,315054.064310,315054.182556,315054.380450,met,0.147709
b5,L1,52,315056.064209,315056.191706,315056.487498,met,0.249324
b5,L2,35,315057.064310,315057.208937,315057.265341,met,0.000973
b5,L1,53,315058.064209,315058.119541,315058.753763,missed,0.574625
b5,L1,54,315060.064209,315060.214186,315060.815034,missed,0.517429
b5,L2,36,315060.064310,315060.205125,315061.623835,met,1.360633
b5,L1,55,315062.064209,315062.205819,315062.250022,met,0.001013
b5,L2,37,315063.064310,315063.189664,315063.450471,met,0.213344
b5,L1,56,315064.064209,315064.231717,315064.285468,met,0.001037
b5,L2,38,315066.064310,315066.185339,315066.238656,met,0.001424
b5,L1,57,315066.064209,315066.206181,315066.259430,met,0.003292
b5,L1,58,315068.064209,315068.165441,315068.730763,missed,0.502741
b5,L2,39,315069.064310,315069.200854,315070.415857,met,1.152693
b5,L1,59,315070.064209,315070.189997,315070.420997,met,0.159821
b5,L1,60,315072.064209,315072.189401,315072.561171,met,0.317703
b5,L2,40,315072.064310,315072.216356,315072.561248,met,0.280379
b5,L1,61,315074.064209,315074.211718,315074.856308,missed,0.572527
b5,L2,41,315075.064310,315075.193989,315075.458011,met,0.207983
b5,L1,62,315076.064209,315076.168199,315076.802652,missed,0.571206
b5,L1,63,315078.064209,315078.129903,315078.747757,missed,0.561972
b5,L2,42,315078.064310,315078.191892,315079.331798,met,1.092101
b5,L1,64,315080.064209,315080.197759,315080.241306,met,0.001413
b5,L2,43,315081.064310,315081.195280,315081.437560,met,0.190634
b5,L1,65,315082.064209,315082.144133,315082.197498,met,0.006176
b5,L2,44,315084.064310,315084.178839,315084.232820,met,0.001354
b5,L1,66,315084.064209,315084.200170,315084.253508,met,0.002188
b5,L1,67,315086.064209,315086.160548,315086.208201,met,0.003657
b5,L2,45,315087.064310,315087.212674,315087.960491,met,0.698945
b5,L1,68,315088.064209,315088.184853,315088.235336,met,0.003577
b5,L1,69,315090.064209,315090.149991,315090.201874,met,0.004684
b5,L2,46,315090.064310,315090.183185,315090.236213,met,0.001304
b5,L1,70,315092.064209,315092.204965,315092.679807,met,0.402377
b5,L2,47,315093.064310,315093.199910,315093.266952,met,0.001411
b5,L1,71,315094.064209,315094.230679,315094.891214,missed,0.563963
b5,L1,72,315096.064209,315096.199609,315096.829751,missed,0.564679
b5,L2,48,315096.064310,315096.207456,315097.120991,met,0.861400
b5,L1,73,315098.064209,315098.207115,315098.808101,missed,0.537650
b5,L2,49,315099.064310,315099.199277,315099.895875,met,0.646395
b5,L1,74,315100.064209,315100.202008,315100.269068,met,0.003647
b5,L2,50,315102.064310,315102.214832,315102.263561,met,0.002236
b5,L1,75,315102.064209,315102.211890,315102.263739,met,0.001492
b5,L1,76,315104.064209,315104.177443,315104.225120,met,0.001342
b5,L2,51,315105.064310,315105.184638,315106.568946,met,1.336271
b5,L1,77,315106.064209,315106.209205,315106.721970,met,0.466366
b5,L2,52,315108.064310,315108.163169,315108.617859,met,0.394866
b5,L1,78,315108.064209,315108.140754,315108.617967,met,0.414659
b5,L1,79,315110.064209,315110.195047,315110.786757,met,0.488497
b5,L2,53,315111.064310,315111.207826,315111.257040,met,0.001377
b5,L1,80,315112.064209,315112.168057,315112.843551,missed,0.576457
b5,L1,81,315114.064209,315114.178099,315114.802911,missed,0.561548
b5,L2,54,315114.064310,315114.194284,315115.846223,met,1.589226
b5,L1,82,315116.064209,315116.180348,315116.227949,met,0.001847
b5,L2,55,315117.064310,315117.202112,315117.556241,met,0.289982
b5,L1,83,315118.064209,315118.164587,315118.239619,met,0.022786
b5,L2,56,315120.064310,315120.166125,315120.215055,met,0.001118
b5,L1,84,315120.064209,315120.217706,315120.265753,met,0.002434
b5,L1,85,315122.064209,315122.176018,315122.616453,met,0.387825
b5,L2,57,315123.064310,315123.169400,315124.477390,met,1.243035
b5,L1,86,315124.064209,315124.206244,315124.477447,met,0.221572
b5,L1,87,315126.064209,315126.172627,315126.560864,met,0.329409
b5,L2,58,315126.064310,315126.201459,315126.564608,met,0.303034
b5,L1,88,315128.064209,315128.212101,315128.694285,met,0.425865
b5,L2,59,315129.064310,315129.143248,315129.202488,met,0.001215
b5,L1,89,315130.064209,315130.176301,315130.809862,missed,0.553603
b5,L1,90,315132.064209,315132.169043,315132.785085,missed,0.551135
b5,L2,60,315132.064310,315132.169125,315133.473960,met,1.250008
b5,L1,91,315134.064209,315134.157448,315134.201616,met,0.001441
b5,L2,61,315135.064310,315135.168889,315135.624147,met,0.379378
b5,L1,92,315136.064209,315136.201710,315136.259936,met,0.000978
b5,L2,62,315138.064310,315138.201704,315138.297574,met,0.008407
b5,L1,93,315138.064209,315138.232156,315138.352188,met,0.037202
b5,L1,94,315140.064209,315140.226982,315140.274080,met,0.001045
b5,L1,95,315142.064209,315142.133968,315142.579038,met,0.393811
b5,L2,63,315141.064310,315141.211974,315142.579477,met,1.312391
b5,L2,64,315144.064310,315144.272608,315144.855166,met,0.509999
b5,L1,96,315144.064209,315144.290587,315144.864345,missed,0.499902
b5,L1,97,315146.064209,315146.204505,315146.810974,missed,0.531609
b5,L2,65,315147.064310,315147.201804,315147.657344,met,0.407799
b5,L1,98,315148.064209,315148.207900,315148.845100,missed,0.568368
b5,L2,66,315150.064310,315150.152998,315150.239087,met,0.035563
b5,L1,99,315150.064209,315150.211763,315150.258612,met,0.001142
b5,L1,100,315152.064209,315152.199520,315152.248236,met,0.001629
b5,L2,67,315153.064310,315153.183843,315154.710476,met,1.453759
b5,L1,101,315154.064209,315154.192525,315154.839191,missed,0.572176
b5,L2,68,315156.064310,315156.196212,315156.408718,met,0.136555
b5,L1,102,315156.064209,315156.214385,315156.409278,met,0.114101
b5,L1,103,315158.064209,315158.202425,315158.533257,met,0.278855
b5,L2,69,315159.064310,315159.206316,315159.251886,met,0.001044
b5,L1,104,315160.064209,315160.189974,315160.768085,missed,0.506542
b5,L1,105,315162.064209,315162.194702,315162.842944,missed,0.574139
b5,L2,70,315162.064310,315162.188773,315163.537658,met,1.290561
b5,L1,106,315164.064209,315164.191058,315164.767181,missed,0.514551
b5,L2,71,315165.064310,315165.174238,315165.331657,met,0.106502
b5,L1,107,315166.064209,315166.200952,315166.377435,met,0.128625
b5,L1,108,315168.064209,315168.132814,315168.221289,met,0.043308
b5,L2,72,315168.064310,315168.198592,315168.243920,met,0.000984
b5,L1,109,315170.064209,315170.203056,315170.461092,met,0.212809
b5,L2,73,315171.064310,315171.202377,315172.130312,met,0.871777
b5,L1,110,315172.064209,315172.194875,315172.241619,met,0.001021
b5,L1,111,315174.064209,315174.138934,315174.211104,met,0.027780
b5,L2,74,315174.064310,315174.184330,315174.227120,met,0.000955
b5,L1,112,315176.064209,315176.136358,315176.182055,met,0.003772
b5,L2,75,315177.064310,315177.191307,315178.286898,met,1.047398
b5,L1,113,315178.064209,315178.133676,315178.286903,met,0.101771
b5,L2,76,315180.064310,315180.193779,315180.496722,met,0.249627
b5,L1,114,315180.064209,315180.196567,315180.496739,met,0.251019
b5,L1,115,315182.064209,315182.148810,315182.654075,met,0.456813
b5,L2,77,315183.064310,315183.180322,315183.225616,met,0.000934
b5,L1,116,315184.064209,315184.193953,315184.830892,missed,0.576798
b5,L1,117,315186.064209,315186.202456,315186.799143,missed,0.539408
b5,L2,78,315186.064310,315186.198739,315187.024755,met,0.771864
b5,L1,118,315188.064209,315188.191388,315188.817410,missed,0.569097
b5,L2,79,315189.064310,315189.186169,315189.246765,met,0.010673
b5,L1,119,315190.064209,315190.195026,315190.975657,missed,0.613101
b5,L2,80,315192.064310,315192.266264,315192.346787,met,0.031657
b5,L1,120,315192.064209,315192.271768,315192.347199,met,0.029026
b5,L1,121,315194.064209,315194.221969,315194.290303,met,0.026290
b5,L2,81,315195.064310,315195.268691,315195.577097,met,0.263869
b5,L1,122,315196.064209,315196.141687,315196.193037,met,0.003199
b5,L1,123,315198.064209,315198.205737,315198.251594,met,0.003294
b5,L2,82,315198.064310,315198.259675,315198.305127,met,0.001353
b5,L1,124,315200.064209,315200.274048,315200.319383,met,0.003406
b5,L2,83,315201.064310,315201.224972,315202.175065,met,0.903510
b5,L1,125,315202.064209,315202.137671,315202.247831,met,0.068107
b5,L1,126,315204.064209,315204.162170,315204.203595,met,0.001393
b5,L2,84,315204.064310,315204.267962,315204.308819,met,0.001421
b5,L1,127,315206.064209,315206.182914,315206.224241,met,0.003327
b5,L2,85,315207.064310,315207.268205,315207.992096,met,0.675609
b5,L1,128,315208.064209,315208.271043,315208.313245,met,0.003024
b5,L2,86,315210.064310,315210.270066,315210.367111,met,0.046238
b5,L1,129,315210.064209,315210.269727,315210.367179,met,0.046145
b5,L1,130,315212.064209,315212.241082,315212.284002,met,0.002170
b5,L2,87,315213.064310,315213.206549,315214.097141,met,0.840153
b5,L1,131,315214.064209,315214.249911,315214.293543,met,0.000943
b5,L1,132,315216.064209,315216.223281,315216.273462,met,0.002152
b5,L2,88,315216.064310,315216.273449,315216.323453,met,0.001184
b5,L1,133,315218.064209,315218.256108,315218.876120,missed,0.565032
b5,L2,89,315219.064310,315219.270342,315220.359071,met,1.037446
b5,L1,134,315220.064209,315220.137750,315220.358939,met,0.172366
b5,L2,90,315222.064310,315222.181453,315222.559225,met,0.329511
b5,L1,135,315222.064209,315222.257397,315222.559659,met,0.255472
b5,L1,136,315224.064209,315224.273507,315224.642039,met,0.321265
b5,L2,91,315225.064310,315225.260615,315225.309343,met,0.001456
b5,L1,137,315226.064209,315226.216691,315226.621263,met,0.356573
b5,L1,138,315228.064209,315228.141733,315228.856980,missed,0.647965
b5,L2,92,315228.064310,315228.239259,315228.880987,met,0.576249
b5,L1,139,315230.064209,315230.167288,315230.866370,missed,0.640256
b5,L2,93,315231.064310,315231.272768,315231.317821,met,0.001648
b5,L1,140,315232.064209,315232.174662,315232.879147,missed,0.644420
b5,L1,141,315234.064209,315234.253575,315234.959034,missed,0.646759
b5,L2,94,315234.064310,315234.251614,315235.033960,met,0.733857
b5,L1,142,315236.064209,315236.140091,315236.840881,missed,0.643444
b5,L2,95,315237.064310,315237.221189,315237.263697,met,0.001220
b5,L1,143,315238.064209,315238.273101,315238.983291,missed,0.648400
b5,L1,144,315240.064209,315240.235548,315240.931979,missed,0.638253
b5,L2,96,315240.064310,315240.267577,315241.782558,met,1.465181
b5,L1,145,315242.064209,315242.274206,315242.315292,met,0.001348
b5,L2,97,315243.064310,315243.271931,315243.382893,met,0.068084
b5,L1,146,315244.064209,315244.148828,315244.190723,met,0.001003
b5,L1,147,315246.064209,315246.245677,315246.290823,met,0.000985
b5,L2,98,315246.064310,315246.261964,315246.308417,met,0.001295
b5,L1,148,315248.064209,315248.273473,315248.314238,met,0.001443
b5,L2,99,315249.064310,315249.205152,315249.863778,met,0.612645
b5,L1,149,315250.064209,315250.262886,315250.305832,met,0.001906
b6,L1,0,315250.742792,315250.812331,315251.524757,missed,0.649294
b6,L2,0,315250.742796,315250.812090,315251.601840,met,0.740303
b6,L1,1,315252.742792,315252.952022,315253.613616,missed,0.604330
b6,L2,1,315253.742796,315253.870240,315253.909994,met,0.001248
b6,L1,2,315254.742792,315254.825890,315255.531852,missed,0.648098
b6,L1,3,315256.742792,315256.943668,315257.648527,missed,0.642022
b6,L2,2,315256.742796,315256.943745,315258.230942,met,1.233915
b6,L1,4,315258.742792,315258.944353,315259.648781,missed,0.646254
b6,L2,3,315259.742796,315259.940095,315259.983705,met,0.000781
b6,L1,5,315260.742792,315260.850615,315261.553746,missed,0.647976
b6,L1,6,315262.742792,315262.954175,315263.648909,missed,0.636290
b6,L2,4,315262.742796,315262.839182,315264.036460,met,1.153072
b6,L1,7,315264.742792,315264.890297,315264.931881,met,0.001431
b6,L2,5,315265.742796,315265.949450,315266.773622,met,0.771057
b6,L1,8,315266.742792,315266.879547,315266.923962,met,0.002069
b6,L1,9,315268.742792,315268.891327,315268.943674,met,0.001543
b6,L2,6,315268.742796,315268.891539,315268.943608,met,0.002214
b6,L1,10,315270.742792,315270.866398,315270.911422,met,0.003356
b6,L2,7,315271.742796,315271.950484,315272.446698,met,0.447045
b6,L1,11,315272.742792,315272.900688,315272.945400,met,0.004443
b6,L2,8,315274.742796,315274.925586,315274.974578,met,0.001002
b6,L1,12,315274.742792,315274.925587,315274.974768,met,0.002148
b6,L1,13,315276.742792,315276.941426,315276.986096,met,0.000954
b6,L2,9,315277.742796,315277.941875,315278.533647,met,0.541445
b6,L1,14,315278.742792,315278.933773,315278.977725,met,0.003252
b6,L1,15,315280.742792,315280.804093,315280.847062,met,0.001884
b6,L2,10,315280.742796,315280.934517,315280.976476,met,0.001177
b6,L1,16,315282.742792,315282.898271,315283.173027,met,0.230821
b6,L2,11,315283.742796,315283.832983,315284.743406,met,0.860196
b6,L1,17,315284.742792,315284.805918,315284.845580,met,0.001856
b6,L1,18,315286.742792,315286.819490,315286.860823,met,0.001829
b6,L2,12,315286.742796,315286.865307,315286.905524,met,0.000936
b6,L1,19,315288.742792,315288.854843,315288.898793,met,0.002490
b6,L2,13,315289.742796,315289.892383,315291.111259,met,1.169989
b6,L1,20,315290.742792,315290.809764,315291.111425,met,0.254114
b6,L1,21,315292.742792,315292.959674,315293.118772,met,0.111626
b6,L2,14,315292.742796,315292.890786,315293.118733,met,0.177315
b6,L1,22,315294.742792,315294.833838,315294.998410,met,0.119986
b6,L2,15,315295.742796,315295.858125,315295.901476,met,0.001335
b6,L1,23,315296.742792,315296.803961,315297.110080,met,0.256486
b6,L1,24,315298.742792,315298.923583,315299.618594,missed,0.638847
b6,L2,16,315298.742796,315298.872522,315299.719828,met,0.795657
b6,L1,25,315300.742792,315300.872128,315301.312583,met,0.393383
b6,L2,17,315301.742796,315301.938388,315301.980789,met,0.001339
b6,L1,26,315302.742792,315302.942851,315303.390291,met,0.400902
b6,L1,27,315304.742792,315304.807211,315305.515959,missed,0.649823
b6,L2,18,315304.742796,315304.941132,315305.626264,met,0.638431
b6,L1,28,315306.742792,315306.947667,315307.456916,met,0.458405
b6,L2,19,315307.742796,315307.909068,315307.954920,met,0.000998
b6,L1,29,315308.742792,315308.851003,315309.541411,missed,0.634819
b6,L2,20,315310.742796,315310.930983,315311.444613,met,0.468855
b6,L1,30,315310.742792,315310.866269,315311.453257,missed,0.530995
b6,L1,31,315312.742792,315312.822854,315313.533807,missed,0.649224
b6,L2,21,315313.742796,315313.952628,315313.996042,met,0.001258
b6,L1,32,315314.742792,315314.876404,315315.583781,missed,0.650557
b6,L1,33,315316.742792,315316.946954,315317.607297,missed,0.600778
b6,L2,22,315316.742796,315316.839898,315317.802423,met,0.917200
b6,L1,34,315318.742792,315318.940886,315319.647430,missed,0.647284
b6,L2,23,315319.742796,315319.924688,315319.965778,met,0.001345
b6,L1,35,315320.742792,315320.940531,315321.648558,missed,0.648061
b6,L1,36,315322.742792,315322.860259,315323.534384,missed,0.615264
b6,L2,24,315322.742796,315322.934055,315323.985216,met,1.004676
b6,L1,37,315324.742792,315324.908791,315325.605600,missed,0.641969
b6,L2,25,315325.742796,315325.840435,315326.028296,met,0.143261
b6,L1,38,315326.742792,315326.807564,315326.849828,met,0.000984
b6,L1,39,315328.742792,315328.944950,315329.659345,missed,0.650830
b6,L2,26,315328.742796,315328.947462,315330.084516,met,1.089682
b6,L1,40,315330.742792,315330.927889,315331.031892,met,0.060535
b6,L2,27,315331.742796,315331.934617,315332.814501,met,0.834221
b6,L1,41,315332.742792,315332.941317,315332.992745,met,0.003297
b6,L2,28,315334.742796,315334.873292,315334.916008,met,0.001305
b6,L1,42,315334.742792,315334.944775,315334.989665,met,0.003367
b6,L1,43,315336.742792,315336.942701,315336.986831,met,0.000963
b6,L2,29,315337.742796,315337.951021,315338.952565,met,0.952608
b6,L1,44,315338.742792,315338.932528,315339.030269,met,0.051740
b6,L1,45,315340.742792,315340.820808,315340.863704,met,0.001042
b6,L2,30,315340.742796,315340.936307,315340.980325,met,0.001437
b6,L1,46,315342.742792,315342.904628,315342.948277,met,0.001850
b6,L2,31,315343.742796,315343.886976,315344.790228,met,0.853261
b6,L1,47,315344.742792,315344.902144,315344.945184,met,0.001814
b6,L2,32,315346.742796,315346.936511,315346.988216,met,0.002328
b6,L1,48,315346.742792,315346.936552,315346.988095,met,0.001891
b6,L1,49,315348.742792,315348.935133,315349.435288,met,0.455777
b6,L2,33,315349.742796,315349.876735,315351.023725,met,1.103073
b6,L1,50,315350.742792,315350.840454,315351.025002,met,0.137532
b6,L1,51,315352.742792,315352.954392,315353.190942,met,0.186398
b6,L2,34,315352.742796,315352.925333,315353.190901,met,0.208648
b6,L1,52,315354.742792,315354.907547,315355.542045,missed,0.572776
b6,L2,35,315355.742796,315355.941913,315355.990567,met,0.001395
b6,L1,53,315356.742792,315356.933180,315357.450904,met,0.470801
b6,L1,54,315358.742792,315358.942135,315359.649481,missed,0.649200
b6,L2,36,315358.742796,315358.893539,315359.701060,met,0.751516
b6,L1,55,315360.742792,315360.956467,315361.651740,missed,0.634501
b6,L2,37,315361.742796,315361.889087,315361.937955,met,0.000978
b6,L1,56,315362.742792,315362.966938,315363.667221,missed,0.640925
b6,L1,57,315364.742792,315364.902081,315365.612388,missed,0.648318
b6,L2,38,315364.742796,315364.885726,315366.217408,met,1.276564
b6,L1,58,315366.742792,315366.875485,315366.920921,met,0.001017
b6,L2,39,315367.742796,315367.946085,315368.008904,met,0.015847
b6,L1,59,315368.742792,315368.852561,315368.897135,met,0.000898
b6,L1,60,315370.742792,315370.839275,315370.883086,met,0.003070
b6,L2,40,315370.742796,315370.913365,315370.955294,met,0.001233
b6,L1,61,315372.742792,315372.833113,315372.876836,met,0.003058
b6,L2,41,315373.742796,315373.939450,315374.202982,met,0.212287
b6,L1,62,315374.742792,315374.823662,315374.867808,met,0.001387
b6,L1,63,315376.742792,315376.806285,315376.854473,met,0.003168
b6,L2,42,315376.742796,315376.902690,315376.944507,met,0.001236
b6,L1,64,315378.742792,315378.949145,315378.994632,met,0.003325
b6,L2,43,315379.742796,315379.894580,315380.514908,met,0.574631
b6,L1,65,315380.742792,315380.839662,315380.880939,met,0.001389
b6,L1,66,315382.742792,315382.837791,315382.884469,met,0.003684
b6,L2,44,315382.742796,315382.895821,315382.937932,met,0.001271
b6,L1,67,315384.742792,315384.925426,315384.972328,met,0.003303
b6,L2,45,315385.742796,315385.896742,315387.096345,met,1.150361
b6,L1,68,315386.742792,315386.849593,315387.096579,met,0.201435
b6,L2,46,315388.742796,315388.865321,315388.910849,met,0.001348
b6,L1,69,315388.742792,315388.882326,315388.927451,met,0.003321
b6,L1,70,315390.742792,315390.897424,315391.547600,missed,0.591424
b6,L2,47,315391.742796,315391.937316,315392.994361,met,1.009850
b6,L1,71,315392.742792,315392.940276,315392.996762,met,0.016015
b6,L1,72,315394.742792,315394.870820,315394.914480,met,0.001887
b6,L2,48,315394.742796,315394.947187,315394.989404,met,0.000956
b6,L1,73,315396.742792,315396.950145,315397.579334,missed,0.561382
b6,L2,49,315397.742796,315397.938804,315398.043175,met,0.055643
b6,L1,74,315398.742792,315398.865783,315399.308852,met,0.392087
b6,L1,75,315400.742792,315400.957805,315401.382820,met,0.376635
b6,L2,50,315400.742796,315400.834934,315401.382964,met,0.497576
b6,L1,76,315402.742792,315402.876180,315403.578114,missed,0.642529
b6,L2,51,315403.742796,315403.925104,315403.967994,met,0.001255
b6,L1,77,315404.742792,315404.885196,315405.475404,missed,0.534554
b6,L1,78,315406.742792,315406.874825,315407.566400,missed,0.635379
b6,L2,52,315406.742796,315406.834004,315407.650228,met,0.769170
b6,L1,79,315408.742792,315408.875521,315409.573634,missed,0.641117
b6,L2,53,315409.742796,315409.906941,315409.956502,met,0.001004
b6,L1,80,315410.742792,315410.864279,315411.570395,missed,0.647527
b6,L1,81,315412.742792,315412.851303,315413.538991,missed,0.628108
b6,L2,54,315412.742796,315412.900308,315414.288910,met,1.334909
b6,L1,82,315414.742792,315414.942640,315415.648483,missed,0.647361
b6,L2,55,315415.742796,315415.955121,315415.999273,met,0.000938
b6,L1,83,315416.742792,315416.909129,315416.955367,met,0.001408
b6,L1,84,315418.742792,315418.874853,315419.044082,met,0.123853
b6,L2,56,315418.742796,315418.930732,315419.043974,met,0.068906
b6,L1,85,315420.742792,315420.954100,315420.996447,met,0.001430
b6,L2,57,315421.742796,315421.955885,315422.098006,met,0.096013
b6,L1,86,315422.742792,315422.889763,315422.932404,met,0.001845
b6,L2,58,315424.742796,315424.806008,315424.846110,met,0.001082
b6,L1,87,315424.742792,315424.942625,315424.986461,met,0.004561
b6,L1,88,315426.742792,315426.886807,315426.932199,met,0.003213
b6,L2,59,315427.742796,315427.870768,315428.572422,met,0.653986
b6,L1,89,315428.742792,315428.886615,315428.930365,met,0.001853
b6,L2,60,315430.742796,315430.809659,315430.857370,met,0.001041
b6,L1,90,315430.742792,315430.865321,315430.915663,met,0.000980
b6,L1,91,315432.742792,315432.913149,315432.958440,met,0.003441
b6,L2,61,315433.742796,315433.868885,315434.961951,met,1.041578
b6,L1,92,315434.742792,315434.943641,315435.038033,met,0.050255
b6,L2,62,315436.742796,315436.808304,315436.853675,met,0.001287
b6,L1,93,315436.742792,315436.920265,315436.961535,met,0.001323
b6,L1,94,315438.742792,315438.899812,315438.943685,met,0.003248
b6,L2,63,315439.742796,315439.900306,315440.777724,met,0.828521
b6,L1,95,315440.742792,315440.938099,315440.986007,met,0.004730
b6,L1,96,315442.742792,315442.823207,315442.864195,met,0.001837
b6,L2,64,315442.742796,315442.945079,315442.984713,met,0.001230
b6,L1,97,315444.742792,315444.890056,315445.140063,met,0.205236
b6,L2,65,315445.742796,315445.811406,315446.804789,met,0.946083
b6,L1,98,315446.742792,315446.804734,315446.849653,met,0.001878
b6,L1,99,315448.742792,315448.943403,315448.993113,met,0.002295
b6,L2,66,315448.742796,315448.949275,315448.996294,met,0.000930
b6,L1,100,315450.742792,315450.865452,315451.490752,missed,0.567196
b6,L2,67,315451.742796,315451.951595,315451.994837,met,0.000907
b6,L1,101,315452.742792,315452.809982,315453.011742,met,0.155465
b6,L1,102,315454.742792,315454.855736,315455.110527,met,0.206928
b6,L2,68,315454.742796,315454.836602,315455.110700,met,0.221287
b6,L1,103,315456.742792,315456.893463,315457.292758,met,0.353261
b6,L2,69,315457.742796,315457.858289,315457.901052,met,0.001477
b6,L1,104,315458.742792,315458.943380,315459.341098,met,0.346671
b6,L1,105,315460.742792,315460.823676,315461.528535,missed,0.649818
b6,L2,70,315460.742796,315460.856623,315461.577755,met,0.670871
b6,L1,106,315462.742792,315462.958414,315463.366495,met,0.358322
b6,L2,71,315463.742796,315463.958475,315463.999851,met,0.001306
b6,L1,107,315464.742792,315464.840878,315465.488755,missed,0.590219
b6,L1,108,315466.742792,315466.947928,315467.642173,missed,0.637450
b6,L2,72,315466.742796,315466.810930,315467.965168,met,1.105860
b6,L1,109,315468.742792,315468.953357,315469.491383,met,0.490466
b6,L2,73,315469.742796,315469.924183,315469.969020,met,0.001249
b6,L1,110,315470.742792,315470.819536,315471.514733,missed,0.637153
b6,L1,111,315472.742792,315472.864668,315473.566619,missed,0.642322
b6,L2,74,315472.742796,315472.813942,315473.842261,met,0.976129
b6,L1,112,315474.742792,315474.941830,315475.650898,missed,0.650105
b6,L2,75,315475.742796,315475.871702,315475.917358,met,0.001307
b6,L1,113,315476.742792,315476.810885,315477.507576,missed,0.639081
b6,L1,114,315478.742792,315478.818421,315479.526066,missed,0.645583
b6,L2,76,315478.742796,315478.839688,315480.005433,met,1.116731
b6,L1,115,315480.742792,315480.872490,315481.548443,missed,0.617526
b6,L2,77,315481.742796,315481.947131,315482.782248,met,0.783887
b6,L1,116,315482.742792,315482.920568,315483.083087,met,0.116998
b6,L2,78,315484.742796,315484.891413,315485.037990,met,0.100366
b6,L1,117,315484.742792,315484.895596,315485.037969,met,0.099917
b6,L1,118,315486.742792,315486.891956,315486.932224,met,0.000947
b6,L2,79,315487.742796,315487.954205,315488.108373,met,0.106356
b6,L1,119,315488.742792,315488.941037,315488.983003,met,0.002655
b6,L2,80,315490.742796,315490.926867,315490.979696,met,0.001139
b6,L1,120,315490.742792,315490.939457,315490.990904,met,0.003258
b6,L1,121,315492.742792,315492.856717,315492.922861,met,0.004236
b6,L2,81,315493.742796,315493.894631,315494.797720,met,0.834459
b6,L1,122,315494.742792,315494.828948,315494.974178,met,0.089844
b6,L1,123,315496.742792,315496.933129,315497.164964,met,0.173455
b6,L2,82,315496.742796,315496.967720,315497.347479,met,0.329630
b6,L1,124,315498.742792,315498.846103,315499.159542,met,0.256909
b6,L2,83,315499.742796,315499.928014,315499.973903,met,0.001378
b6,L1,125,315500.742792,315500.900739,315501.607646,missed,0.646423
b6,L2,84,315502.742796,315502.823329,315503.535142,met,0.651521
b6,L1,126,315502.742792,315502.939756,315503.545923,missed,0.541885
b6,L1,127,315504.742792,315504.963069,315505.679419,missed,0.648121
b6,L2,85,315505.742796,315505.934092,315505.980453,met,0.001199
b6,L1,128,315506.742792,315506.871028,315507.577414,missed,0.646478
b6,L1,129,315508.742792,315508.935505,315509.648353,missed,0.649721
b6,L2,86,315508.742796,315508.918566,315510.224955,met,1.252739
b6,L1,130,315510.742792,315510.910905,315511.612326,missed,0.644342
b6,L2,87,315511.742796,315511.948483,315512.061464,met,0.060375
b6,L1,131,315512.742792,315512.897628,315513.600568,missed,0.646383
b6,L1,132,315514.742792,315514.857855,315515.565731,missed,0.649283
b6,L2,88,315514.742796,315514.937532,315515.840670,met,0.856562
b6,L1,133,315516.742792,315516.939614,315517.647726,missed,0.650481
b6,L2,89,315517.742796,315517.949782,315518.191803,met,0.194744
b6,L1,134,315518.742792,315518.924778,315519.622762,missed,0.641533
b6,L1,135,315520.742792,315520.808213,315520.851069,met,0.001010
b6,L2,90,315520.742796,315520.939248,315520.981533,met,0.000922
b6,L1,136,315522.742792,315522.865480,315522.913776,met,0.000987
b6,L2,91,315523.742796,315523.813729,315524.058747,met,0.195047
b6,L1,137,315524.742792,315524.851316,315524.898237,met,0.003704
b6,L1,138,315526.742792,315526.818798,315526.865280,met,0.003358
b6,L2,92,315526.742796,315526.895545,315526.938254,met,0.001371
b6,L1,139,315528.742792,315528.912494,315528.957857,met,0.004666
b6,L2,93,315529.742796,315529.869094,315530.224667,met,0.300495
b6,L1,140,315530.742792,315530.860072,315530.906772,met,0.003256
b6,L1,141,315532.742792,315532.935671,315532.981966,met,0.001377
b6,L2,94,315532.742796,315532.944292,315532.990717,met,0.001184
b6,L1,142,315534.742792,315534.810814,315534.855081,met,0.003442
b6,L2,95,315535.742796,315535.962372,315536.310891,met,0.298351
b6,L1,143,315536.742792,315536.928390,315536.972460,met,0.001424
b6,L2,96,315538.742796,315538.807047,315538.852244,met,0.001283
b6,L1,144,315538.742792,315538.818382,315538.866889,met,0.002691
b6,L1,145,315540.742792,315540.815345,315540.859777,met,0.003843
b6,L2,97,315541.742796,315541.906089,315542.593379,met,0.637016
b6,L1,146,315542.742792,315542.912407,315542.956185,met,0.001079
b6,L1,147,315544.742792,315544.862090,315544.904699,met,0.001784
b6,L2,98,315544.742796,315544.940820,315544.985427,met,0.001234
b6,L1,148,315546.742792,315546.820504,315546.865356,met,0.003288
b6,L2,99,315547.742796,315547.819093,315548.481491,met,0.611343
b6,L1,149,315548.742792,315548.825090,315548.867662,met,0.001410
b7,L1,0,315549.247131,315549.307920,315549.355685,met,0.002006
b7,L2,0,315549.247375,315549.307942,315549.355701,met,0.001302
b7,L1,1,315551.247131,315551.330849,315551.376005,met,0.001889
b7,L2,1,315552.247375,315552.353828,315552.697469,met,0.288879
b7,L1,2,315553.247131,315553.436796,315553.478301,met,0.000934
b7,L1,3,315555.247131,315555.303110,315555.351353,met,0.004074
b7,L2,2,315555.247375,315555.328578,315555.372635,met,0.001374
b7,L1,4,315557.247131,315557.320489,315557.364836,met,0.003546
b7,L2,3,315558.247375,315558.463550,315558.890971,met,0.376899
b7,L1,5,315559.247131,315559.351293,315559.392676,met,0.001385
b7,L1,6,315561.247131,315561.328845,315561.372117,met,0.003320
b7,L2,4,315561.247375,315561.370758,315561.414816,met,0.001288
b7,L1,7,315563.247131,315563.318486,315563.363221,met,0.003458
b7,L2,5,315564.247375,315564.392237,315564.776720,met,0.332521
b7,L1,8,315565.247131,315565.312954,315565.357609,met,0.001309
b7,L2,6,315567.247375,315567.449329,315567.504461,met,0.001383
b7,L1,9,315567.247131,315567.449417,315567.505568,met,0.004327
b7,L1,10,315569.247131,315569.316511,315569.360942,met,0.001395
b7,L2,7,315570.247375,315570.406572,315570.986440,met,0.527525
b7,L1,11,315571.247131,315571.452604,315571.499944,met,0.004348
b7,L1,12,315573.247131,315573.324724,315573.368829,met,0.001792
b7,L2,8,315573.247375,315573.347051,315573.392198,met,0.000925
b7,L1,13,315575.247131,315575.346807,315575.450642,met,0.060044
b7,L2,9,315576.247375,315576.343848,315577.316754,met,0.926214
b7,L1,14,315577.247131,315577.445077,315577.525789,met,0.033921
b7,L2,10,315579.247375,315579.321146,315579.547996,met,0.166267
b7,L1,15,315579.247131,315579.335737,315579.547997,met,0.151280
b7,L1,16,315581.247131,315581.472128,315581.931619,met,0.406980
b7,L2,11,315582.247375,315582.368407,315582.415806,met,0.000947
b7,L1,17,315583.247131,315583.311747,315583.793517,met,0.433506
b7,L2,12,315585.247375,315585.334798,315585.872899,met,0.483721
b7,L1,18,315585.247131,315585.334827,315585.873079,met,0.483532
b7,L1,19,315587.247131,315587.466195,315588.092316,missed,0.570918
b7,L2,13,315588.247375,315588.376872,315588.420062,met,0.001256
b7,L1,20,315589.247131,315589.350910,315590.053968,missed,0.644072
b7,L2,14,315591.247375,315591.362231,315592.018414,met,0.611100
b7,L1,21,315591.247131,315591.345066,315592.027390,missed,0.625815
b7,L1,22,315593.247131,315593.380877,315594.083573,missed,0.640143
b7,L2,15,315594.247375,315594.437022,315594.603169,met,0.117509
b7,L1,23,315595.247131,315595.385114,315596.092046,missed,0.646376
b7,L1,24,315597.247131,315597.451621,315598.159431,missed,0.648849
b7,L2,16,315597.247375,315597.320633,315598.410721,met,1.047366
b7,L1,25,315599.247131,315599.448893,315600.039655,missed,0.529441
b7,L2,17,315600.247375,315600.434174,315600.478285,met,0.000889
b7,L1,26,315601.247131,315601.450696,315602.152972,missed,0.645257
b7,L2,18,315603.247375,315603.371876,315603.529442,met,0.110254
b7,L1,27,315603.247131,315603.458765,315604.164444,missed,0.649463
b7,L1,28,315605.247131,315605.316923,315605.358093,met,0.001313
b7,L2,19,315606.247375,315606.317096,315606.820746,met,0.453360
b7,L1,29,315607.247131,315607.448746,315607.493878,met,0.003254
b7,L2,20,315609.247375,315609.316420,315609.368671,met,0.005131
b7,L1,30,315609.247131,315609.316421,315609.368653,met,0.004402
b7,L1,31,315611.247131,315611.376801,315611.434020,met,0.003471
b7,L2,21,315612.247375,315612.326673,315612.937197,met,0.552334
b7,L1,32,315613.247131,315613.381463,315613.426085,met,0.000952
b7,L1,33,315615.247131,315615.336402,315615.391997,met,0.002011
b7,L2,22,315615.247375,315615.336332,315615.392131,met,0.002555
b7,L1,34,315617.247131,315617.401072,315617.447871,met,0.003052
b7,L2,23,315618.247375,315618.456074,315618.958578,met,0.449576
b7,L1,35,315619.247131,315619.404189,315619.450196,met,0.004542
b7,L1,36,315621.247131,315621.385075,315621.437239,met,0.003407
b7,L2,24,315621.247375,315621.385075,315621.437106,met,0.003793
b7,L1,37,315623.247131,315623.413798,315623.456705,met,0.001770
b7,L2,25,315624.247375,315624.329052,315624.868705,met,0.489046
b7,L1,38,315625.247131,315625.453866,315625.500715,met,0.003461
b7,L2,26,315627.247375,315627.452778,315627.505674,met,0.003991
b7,L1,39,315627.247131,315627.452737,315627.505661,met,0.003392
b7,L1,40,315629.247131,315629.385888,315629.432080,met,0.004797
b7,L2,27,315630.247375,315630.467735,315631.014920,met,0.494033
b7,L1,41,315631.247131,315631.436392,315631.483933,met,0.003454
b7,L1,42,315633.247131,315633.368255,315633.413545,met,0.003392
b7,L2,28,315633.247375,315633.445212,315633.489718,met,0.001218
b7,L1,43,315635.247131,315635.388584,315635.435897,met,0.003449
b7,L2,29,315636.247375,315636.344923,315637.240691,met,0.846098
b7,L1,44,315637.247131,315637.447119,315637.490821,met,0.001801
b7,L2,30,315639.247375,315639.440326,315639.551475,met,0.068125
b7,L1,45,315639.247131,315639.415422,315639.551554,met,0.091391
b7,L1,46,315641.247131,315641.337251,315641.384220,met,0.003442
b7,L2,31,315642.247375,315642.454597,315643.321187,met,0.815469
b7,L1,47,315643.247131,315643.398124,315643.464649,met,0.022311
b7,L1,48,315645.247131,315645.363137,315645.411326,met,0.002388
b7,L2,32,315645.247375,315645.389634,315645.434642,met,0.000892
b7,L1,49,315647.247131,315647.409464,315647.452348,met,0.001832
b7,L2,33,315648.247375,315648.366639,315649.201644,met,0.788064
b7,L1,50,315649.247131,315649.310878,315649.353491,met,0.000994
b7,L2,34,315651.247375,315651.324141,315651.409199,met,0.036914
b7,L1,51,315651.247131,315651.368089,315651.417539,met,0.001986
b7,L1,52,315653.247131,315653.422069,315653.464468,met,0.000940
b7,L2,35,315654.247375,315654.463899,315655.742054,met,1.228841
b7,L1,53,315655.247131,315655.393315,315655.742113,met,0.303364
b7,L2,36,315657.247375,315657.437221,315657.488895,met,0.006795
b7,L1,54,315657.247131,315657.381129,315657.488895,met,0.064225
b7,L1,55,315659.247131,315659.328889,315659.524121,met,0.143663
b7,L2,37,315660.247375,315660.440859,315662.038139,met,1.526518
b7,L1,56,315661.247131,315661.431267,315662.047879,missed,0.560273
b7,L2,38,315663.247375,315663.319258,315663.974275,met,0.605954
b7,L1,57,315663.247131,315663.322642,315663.983911,missed,0.605316
b7,L1,58,315665.247131,315665.460507,315666.025900,missed,0.508870
b7,L2,39,315666.247375,315666.368674,315666.409893,met,0.001252
b7,L1,59,315667.247131,315667.360537,315668.039253,missed,0.624677
b7,L1,60,315669.247131,315669.317555,315670.024975,missed,0.648533
b7,L2,40,315669.247375,315669.317589,315670.144322,met,0.778238
b7,L1,61,315671.247131,315671.342925,315672.042806,missed,0.642988
b7,L2,41,315672.247375,315672.362739,315672.405632,met,0.000896
b7,L1,62,315673.247131,315673.372635,315674.076216,missed,0.647556
b7,L1,63,315675.247131,315675.397115,315676.052898,missed,0.596553
b7,L2,42,315675.247375,315675.364624,315676.160408,met,0.745127
b7,L1,64,315677.247131,315677.461572,315678.155712,missed,0.634413
b7,L2,43,315678.247375,315678.352393,315678.617232,met,0.217293
b7,L1,65,315679.247131,315679.369868,315680.074894,missed,0.646994
b7,L1,66,315681.247131,315681.417467,315682.127620,missed,0.650204
b7,L2,44,315681.247375,315681.310902,315682.433712,met,1.074572
b7,L1,67,315683.247131,315683.326879,315684.030683,missed,0.648549
b7,L2,45,315684.247375,315684.418070,315684.461656,met,0.000925
b7,L1,68,315685.247131,315685.428066,315686.129253,missed,0.647737
b7,L1,69,315687.247131,315687.312771,315687.357377,met,0.001406
b7,L2,46,315687.247375,315687.320992,315687.365781,met,0.001225
b7,L1,70,315689.247131,315689.393993,315689.438569,met,0.004396
b7,L2,47,315690.247375,315690.454597,315690.664465,met,0.161218
b7,L1,71,315691.247131,315691.412359,315691.459417,met,0.003193
b7,L1,72,315693.247131,315693.438364,315694.031959,missed,0.539745
b7,L2,48,315693.247375,315693.438314,315694.725138,met,1.240291
b7,L1,73,315695.247131,315695.365172,315695.406533,met,0.001278
b7,L2,49,315696.247375,315696.380741,315696.800836,met,0.372231
b7,L1,74,315697.247131,315697.431623,315697.473487,met,0.003211
b7,L1,75,315699.247131,315699.322525,315699.366121,met,0.003325
b7,L2,50,315699.247375,315699.358042,315699.401150,met,0.001365
b7,L1,76,315701.247131,315701.412203,315701.453105,met,0.001397
b7,L2,51,315702.247375,315702.400285,315702.926969,met,0.476476
b7,L1,77,315703.247131,315703.393515,315703.436377,met,0.003250
b7,L2,52,315705.247375,315705.316322,315705.366141,met,0.001166
b7,L1,78,315705.247131,315705.316414,315705.366646,met,0.003120
b7,L1,79,315707.247131,315707.353460,315707.395182,met,0.001852
b7,L2,53,315708.247375,315708.326621,315708.754457,met,0.381685
b7,L1,80,315709.247131,315709.430378,315709.482837,met,0.003428
b7,L1,81,315711.247131,315711.378078,315711.458222,met,0.004920
b7,L2,54,315711.247375,315711.377847,315711.458379,met,0.005778
b7,L1,82,315713.247131,315713.455482,315713.502773,met,0.001972
b7,L2,55,315714.247375,315714.427710,315715.423243,met,0.950404
b7,L1,83,315715.247131,315715.373800,315715.425248,met,0.010779
b7,L2,56,315717.247375,315717.367315,315717.413251,met,0.001285
b7,L1,84,315717.247131,315717.403953,315717.448152,met,0.001887
b7,L1,85,315719.247131,315719.449682,315719.653963,met,0.154760
b7,L2,57,315720.247375,315720.424221,315720.467797,met,0.001251
b7,L1,86,315721.247131,315721.421299,315721.902523,met,0.436849
b7,L2,58,315723.247375,315723.373999,315723.777778,met,0.354500
b7,L1,87,315723.247131,315723.437829,315723.777963,met,0.291201
b7,L1,88,315725.247131,315725.456929,315725.860941,met,0.355124
b7,L2,59,315726.247375,315726.454361,315726.497259,met,0.001226
b7,L1,89,315727.247131,315727.475749,315727.709243,met,0.185220
b7,L2,60,315729.247375,315729.318873,315729.938694,met,0.568856
b7,L1,90,315729.247131,315729.338318,315729.947861,missed,0.553478
b7,L1,91,315731.247131,315731.334004,315731.928281,missed,0.538157
b7,L2,61,315732.247375,315732.423463,315732.463869,met,0.001318
b7,L1,92,315733.247131,315733.350496,315734.046388,missed,0.641988
b7,L2,62,315735.247375,315735.343251,315736.064921,met,0.668315
b7,L1,93,315735.247131,315735.371946,315736.075107,missed,0.642963
b7,L1,94,315737.247131,315737.367111,315738.062491,missed,0.633402
b7,L2,63,315738.247375,315738.457771,315738.504161,met,0.000951
b7,L1,95,315739.247131,315739.350546,315740.042955,missed,0.635511
b7,L1,96,315741.247131,315741.427915,315742.136693,missed,0.649587
b7,L2,64,315741.247375,315741.314449,315742.160102,met,0.800031
b7,L1,97,315743.247131,315743.425210,315744.121504,missed,0.630068
b7,L2,65,315744.247375,315744.406448,315744.448460,met,0.000867
b7,L1,98,315745.247131,315745.362609,315746.063751,missed,0.644633
b7,L2,66,315747.247375,315747.420681,315747.471881,met,0.001440
b7,L1,99,315747.247131,315747.420841,315747.471945,met,0.001087
b7,L1,100,315749.247131,315749.360311,315749.467214,met,0.055122
b7,L2,67,315750.247375,315750.437842,315750.867126,met,0.384828
b7,L1,101,315751.247131,315751.445989,315751.486990,met,0.001386
b7,L1,102,315753.247131,315753.343031,315753.383996,met,0.001176
b7,L2,68,315753.247375,315753.391266,315753.434866,met,0.001269
b7,L1,103,315755.247131,315755.309368,315755.355480,met,0.003259
b7,L2,69,315756.247375,315756.325578,315757.051613,met,0.675458
b7,L1,104,315757.247131,315757.411748,315757.455409,met,0.001323
b7,L2,70,315759.247375,315759.310408,315759.352947,met,0.001273
b7,L1,105,315759.247131,315759.335823,315759.384830,met,0.005236
b7,L1,106,315761.247131,315761.413176,315761.453863,met,0.001332
b7,L2,71,315762.247375,315762.361175,315763.064986,met,0.654485
b7,L1,107,315763.247131,315763.376536,315763.416679,met,0.001427
b7,L2,72,315765.247375,315765.357051,315765.429520,met,0.029026
b7,L1,108,315765.247131,315765.372195,315765.659109,met,0.244564
b7,L1,109,315767.247131,315767.403552,315767.449305,met,0.001803
b7,L2,73,315768.247375,315768.445088,315769.255468,met,0.762003
b7,L1,110,315769.247131,315769.446656,315769.488678,met,0.001846
b7,L1,111,315771.247131,315771.355874,315771.413246,met,0.009344
b7,L2,74,315771.247375,315771.356008,315771.423310,met,0.020352
b7,L1,112,315773.247131,315773.357434,315773.545735,met,0.143810
b7,L2,75,315774.247375,315774.426952,315775.530903,met,1.057700
b7,L1,113,315775.247131,315775.338256,315775.533311,met,0.147561
b7,L2,76,315777.247375,315777.325906,315777.395919,met,0.022406
b7,L1,114,315777.247131,315777.360715,315777.405638,met,0.001855
b7,L1,115,315779.247131,315779.434990,315779.540837,met,0.062052
b7,L2,77,315780.247375,315780.418162,315781.971059,met,1.505333
b7,L1,116,315781.247131,315781.357567,315781.980975,missed,0.566463
b7,L2,78,315783.247375,315783.313819,315783.592231,met,0.230497
b7,L1,117,315783.247131,315783.373302,315783.593394,met,0.175190
b7,L1,118,315785.247131,315785.359472,315785.450187,met,0.046972
b7,L2,79,315786.247375,315786.355818,315786.404895,met,0.001348
b7,L1,119,315787.247131,315787.447084,315787.692429,met,0.198226
b7,L2,80,315789.247375,315789.331849,315789.810756,met,0.429619
b7,L1,120,315789.247131,315789.385086,315789.810915,met,0.377430
b7,L1,121,315791.247131,315791.327080,315791.907275,missed,0.523892
b7,L2,81,315792.247375,315792.459997,315792.502077,met,0.001298
b7,L1,122,315793.247131,315793.366887,315793.684315,met,0.266372
b7,L2,82,315795.247375,315795.335013,315795.844098,met,0.458355
b7,L1,123,315795.247131,315795.357730,315795.844177,met,0.434215
b7,L1,124,315797.247131,315797.325786,315798.023014,missed,0.642646
b7,L2,83,315798.247375,315798.357122,315798.400635,met,0.000903
b7,L1,125,315799.247131,315799.311228,315799.893523,missed,0.520917
b7,L2,84,315801.247375,315801.362758,315801.947973,met,0.534805
b7,L1,126,315801.247131,315801.318397,315801.956446,missed,0.580013
b7,L1,127,315803.247131,315803.416871,315803.975088,missed,0.500336
b7,L2,85,315804.247375,315804.386723,315804.430843,met,0.001278
b7,L1,128,315805.247131,315805.346985,315806.048778,missed,0.642828
b7,L1,129,315807.247131,315807.420099,315808.123731,missed,0.644631
b7,L2,86,315807.247375,315807.323742,315808.202258,met,0.831395
b7,L1,130,315809.247131,315809.325747,315810.031310,missed,0.647934
b7,L2,87,315810.247375,315810.391201,315810.434763,met,0.000849
b7,L1,131,315811.247131,315811.327857,315812.029161,missed,0.647550
b7,L1,132,315813.247131,315813.353011,315814.044435,missed,0.634231
b7,L2,88,315813.247375,315813.454204,315814.686806,met,1.182910
b7,L1,133,315815.247131,315815.419376,315816.121432,missed,0.644761
b7,L2,89,315816.247375,315816.437238,315816.480146,met,0.000872
b7,L1,134,315817.247131,315817.335730,315818.041564,missed,0.650643
b7,L1,135,315819.247131,315819.442149,315820.148159,missed,0.650416
b7,L2,90,315819.247375,315819.323067,315820.290662,met,0.923150
b7,L1,136,315821.247131,315821.315250,315822.017615,missed,0.647204
b7,L2,91,315822.247375,315822.452907,315822.498494,met,0.005214
b7,L1,137,315823.247131,315823.374128,315824.083028,missed,0.649715
b7,L2,92,315825.247375,315825.319550,315825.383896,met,0.024265
b7,L1,138,315825.247131,315825.435099,315826.138967,missed,0.650910
b7,L1,139,315827.247131,315827.402563,315828.099415,missed,0.634620
b7,L2,93,315828.247375,315828.408099,315828.481406,met,0.030122
b7,L1,140,315829.247131,315829.363916,315829.403997,met,0.001343
b7,L2,94,315831.247375,315831.313653,315831.353762,met,0.001285
b7,L1,141,315831.247131,315831.371278,315831.415998,met,0.004212
b7,L1,142,315833.247131,315833.389739,315833.431151,met,0.002374
b7,L2,95,315834.247375,315834.317187,315835.151815,met,0.788325
b7,L1,143,315835.247131,315835.395181,315835.437102,met,0.001396
b7,L2,96,315837.247375,315837.314883,315837.354915,met,0.000895
b7,L1,144,315837.247131,315837.421489,315837.463843,met,0.001779
b7,L1,145,315839.247131,315839.324352,315839.368778,met,0.003124
b7,L1,146,315841.247131,315841.335370,315841.497589,met,0.116680
b7,L2,97,315840.247375,315840.421780,315841.497589,met,1.028290
b7,L2,98,315843.247375,315843.432954,315843.741225,met,0.256075
b7,L1,147,315843.247131,315843.314900,315843.741374,met,0.374032
b7,L1,148,315845.247131,315845.357774,315845.885651,met,0.477139
b7,L2,99,315846.247375,315846.320496,315846.360935,met,0.000897
b7,L1,149,315847.247131,315847.346247,315847.835088,met,0.439480
b8,L2,0,315848.211159,315848.271689,315848.322097,met,0.001292
b8,L1,0,315848.211952,315848.271689,315848.321946,met,0.001023
b8,L1,1,315850.211952,315850.377776,315850.422368,met,0.002421
b8,L2,1,315851.211159,315851.426676,315852.064957,met,0.586548
b8,L1,2,315852.211952,315852.364854,315852.407132,met,0.001876
b8,L1,3,315854.211952,315854.277557,315854.324800,met,0.001323
b8,L2,2,315854.211159,315854.277350,315854.325103,met,0.000998
b8,L1,4,315856.211952,315856.281973,315856.327123,met,0.001954
b8,L2,3,315857.211159,315857.317923,315858.217604,met,0.848701
b8,L1,5,315858.211952,315858.363177,315858.409158,met,0.001892
b8,L1,6,315860.211952,315860.270039,315860.359526,met,0.042902
b8,L2,4,315860.211159,315860.319917,315860.397572,met,0.029215
b8,L1,7,315862.211952,315862.363890,315862.755882,met,0.345296
b8,L2,5,315863.211159,315863.288688,315864.330577,met,0.991656
b8,L1,8,315864.211952,315864.316909,315864.390033,met,0.010057
b8,L1,9,315866.211952,315866.404736,315866.479889,met,0.026951
b8,L2,6,315866.211159,315866.437690,315866.501036,met,0.010369
b8,L1,10,315868.211952,315868.315592,315868.536107,met,0.171584
b8,L2,7,315869.211159,315869.291053,315869.332148,met,0.001292
b8,L1,11,315870.211952,315870.420842,315870.537801,met,0.070900
b8,L1,12,315872.211952,315872.288654,315872.477876,met,0.142036
b8,L2,8,315872.211159,315872.320809,315872.478006,met,0.113364
b8,L1,13,315874.211952,315874.380914,315874.546208,met,0.119034
b8,L2,9,315875.211159,315875.358506,315875.397759,met,0.001287
b8,L1,14,315876.211952,315876.367003,315876.631296,met,0.215542
b8,L2,10,315878.211159,315878.348266,315878.608299,met,0.210946
b8,L1,15,315878.211952,315878.376192,315878.826861,met,0.404939
b8,L1,16,315880.211952,315880.425481,315880.708405,met,0.234344
b8,L2,11,315881.211159,315881.277688,315881.318471,met,0.001240
b8,L1,17,315882.211952,315882.338042,315882.635158,met,0.247036
b8,L1,18,315884.211952,315884.389465,315884.852674,met,0.410822
b8,L2,12,315884.211159,315884.408997,315884.852733,met,0.389975
b8,L1,19,315886.211952,315886.285841,315886.679820,met,0.343121
b8,L2,13,315887.211159,315887.300278,315887.342180,met,0.000873
b8,L1,20,315888.211952,315888.286220,315888.812778,met,0.477698
b8,L1,21,315890.211952,315890.416069,315891.012000,missed,0.541060
b8,L2,14,315890.211159,315890.326786,315891.025489,met,0.651430
b8,L1,22,315892.211952,315892.419553,315892.995934,missed,0.519646
b8,L2,15,315893.211159,315893.421095,315893.484177,met,0.001548
b8,L1,23,315894.211952,315894.360982,315894.995090,missed,0.551350
b8,L2,16,315896.211159,315896.308352,315896.358271,met,0.001236
b8,L1,24,315896.211952,315896.369093,315896.423213,met,0.003281
b8,L1,25,315898.211952,315898.303445,315898.348832,met,0.001036
b8,L1,26,315900.211952,315900.304214,315900.366252,met,0.014076
b8,L2,17,315899.211159,315899.337464,315900.366405,met,0.976538
b8,L2,18,315902.211159,315902.305025,315902.735909,met,0.367095
b8,L1,27,315902.211952,315902.304928,315902.735679,met,0.366640
b8,L1,28,315904.211952,315904.303287,315904.764069,met,0.410122
b8,L2,19,315905.211159,315905.301969,315905.345696,met,0.001206
b8,L1,29,315906.211952,315906.287261,315906.917524,missed,0.571195
b8,L1,30,315908.211952,315908.284509,315908.920392,missed,0.576884
b8,L2,20,315908.211159,315908.269725,315909.001061,met,0.683708
b8,L1,31,315910.211952,315910.287424,315910.908504,missed,0.558215
b8,L2,21,315911.211159,315911.335139,315911.672587,met,0.288322
b8,L1,32,315912.211952,315912.351650,315912.929619,missed,0.517542
b8,L1,33,315914.211952,315914.351624,315914.957835,missed,0.539725
b8,L2,22,315914.211159,315914.339120,315915.462504,met,1.064265
b8,L1,34,315916.211952,315916.285741,315916.340525,met,0.001753
b8,L2,23,315917.211159,315917.358615,315918.022623,met,0.606091
b8,L1,35,315918.211952,315918.351836,315918.456597,met,0.049978
b8,L1,36,315920.211952,315920.333678,315920.417618,met,0.001829
b8,L2,24,315920.211159,315920.358435,315920.450744,met,0.001069
b8,L1,37,315922.211952,315922.397878,315922.449699,met,0.002178
b8,L2,25,315923.211159,315923.326845,315924.486275,met,1.095433
b8,L1,38,315924.211952,315924.292282,315924.491542,met,0.141407
b8,L1,39,315926.211952,315926.323268,315926.831316,met,0.460638
b8,L2,26,315926.211159,315926.356328,315927.079046,met,0.674404
b8,L1,40,315928.211952,315928.288664,315928.918174,missed,0.565435
b8,L2,27,315929.211159,315929.345154,315929.390816,met,0.001229
b8,L1,41,315930.211952,315930.344515,315930.924607,missed,0.517278
b8,L1,42,315932.211952,315932.347348,315932.986027,missed,0.567785
b8,L2,28,315932.211159,315932.326446,315933.361843,met,0.975032
b8,L1,43,315934.211952,315934.358467,315934.997121,missed,0.575325
b8,L2,29,315935.211159,315935.344087,315935.496139,met,0.103954
b8,L1,44,315936.211952,315936.336681,315936.378078,met,0.001329
b8,L2,30,315938.211159,315938.306736,315938.353776,met,0.001339
b8,L1,45,315938.211952,315938.340736,315938.386013,met,0.001381
b8,L1,46,315940.211952,315940.300753,315940.349583,met,0.004428
b8,L2,31,315941.211159,315941.344272,315941.840878,met,0.444100
b8,L1,47,315942.211952,315942.342692,315942.453874,met,0.066043
b8,L1,48,315944.211952,315944.294582,315944.339290,met,0.001392
b8,L2,32,315944.211159,315944.332310,315944.378235,met,0.001381
b8,L1,49,315946.211952,315946.285089,315946.331067,met,0.003556
b8,L2,33,315947.211159,315947.303998,315948.280626,met,0.928586
b8,L1,50,315948.211952,315948.288176,315948.440996,met,0.104022
b8,L2,34,315950.211159,315950.335941,315950.389788,met,0.003274
b8,L1,51,315950.211952,315950.337740,315950.389936,met,0.002565
b8,L1,52,315952.211952,315952.340171,315952.386410,met,0.000912
b8,L2,35,315953.211159,315953.350999,315954.541833,met,1.135520
b8,L1,53,315954.211952,315954.268689,315954.542702,met,0.217192
b8,L1,54,315956.211952,315956.291317,315956.706919,met,0.358592
b8,L2,36,315956.211159,315956.355599,315956.708932,met,0.297846
b8,L1,55,315958.211952,315958.300884,315958.897118,missed,0.537928
b8,L2,37,315959.211159,315959.363443,315959.406949,met,0.000908
b8,L1,56,315960.211952,315960.302671,315960.924971,missed,0.563968
b8,L1,57,315962.211952,315962.307720,315962.944686,missed,0.573124
b8,L2,38,315962.211159,315962.335175,315963.293934,met,0.910969
b8,L1,58,315964.211952,315964.338532,315964.956742,missed,0.559946
b8,L2,39,315965.211159,315965.296654,315965.541658,met,0.182016
b8,L1,59,315966.211952,315966.306762,315966.356664,met,0.004483
b8,L1,60,315968.211952,315968.283072,315968.329548,met,0.000997
b8,L2,40,315968.211159,315968.370198,315969.603181,met,1.179012
b8,L1,61,315970.211952,315970.288693,315970.333428,met,0.003695
b8,L2,41,315971.211159,315971.336511,315971.819745,met,0.429326
b8,L1,62,315972.211952,315972.341168,315972.395353,met,0.004504
b8,L2,42,315974.211159,315974.305515,315974.354753,met,0.001192
b8,L1,63,315974.211952,315974.321549,315974.377327,met,0.002308
b8,L1,64,315976.211952,315976.345591,315976.394356,met,0.003468
b8,L2,43,315977.211159,315977.340854,315977.921874,met,0.531824
b8,L1,65,315978.211952,315978.347629,315978.397238,met,0.001046
b8,L1,66,315980.211952,315980.314303,315980.411031,met,0.042321
b8,L2,44,315980.211159,315980.345302,315980.436827,met,0.037943
b8,L1,67,315982.211952,315982.357659,315982.683766,met,0.270324
b8,L2,45,315983.211159,315983.353506,315983.399791,met,0.000921
b8,L1,68,315984.211952,315984.344155,315984.589632,met,0.190686
b8,L2,46,315986.211159,315986.304173,315986.842406,met,0.481795
b8,L1,69,315986.211952,315986.325813,315986.842236,met,0.462349
b8,L1,70,315988.211952,315988.285069,315988.864678,missed,0.520778
b8,L2,47,315989.211159,315989.295197,315989.754229,met,0.411148
b8,L1,71,315990.211952,315990.345498,315990.977625,missed,0.571793
b8,L1,72,315992.211952,315992.350423,315992.954268,missed,0.544359
b8,L2,48,315992.211159,315992.347322,315993.245091,met,0.844487
b8,L1,73,315994.211952,315994.303730,315994.934766,missed,0.573480
b8,L2,49,315995.211159,315995.324098,315995.364442,met,0.000891
b8,L1,74,315996.211952,315996.345249,315996.973293,missed,0.566368
b8,L2,50,315998.211159,315998.278989,315998.349268,met,0.027080
b8,L1,75,315998.211952,315998.322186,315998.366358,met,0.002221
b8,L1,76,316000.211952,316000.336076,316000.969579,missed,0.573424
b8,L2,51,316001.211159,316001.328370,316001.622109,met,0.244217
b8,L1,77,316002.211952,316002.343558,316002.387726,met,0.003219
b8,L2,52,316004.211159,316004.303604,316004.347315,met,0.001362
b8,L1,78,316004.211952,316004.334818,316004.377039,met,0.001371
b8,L1,79,316006.211952,316006.344183,316006.387894,met,0.001834
b8,L2,53,316007.211159,316007.342970,316007.818105,met,0.427971
b8,L1,80,316008.211952,316008.329467,316008.378314,met,0.001171
b8,L2,54,316010.211159,316010.325611,316010.385168,met,0.001194
b8,L1,81,316010.211952,316010.340486,316010.399445,met,0.003026
b8,L1,82,316012.211952,316012.305691,316012.353828,met,0.001935
b8,L2,55,316013.211159,316013.290167,316014.286363,met,0.933437
b8,L1,83,316014.211952,316014.349035,316014.444824,met,0.037576
b8,L2,56,316016.211159,316016.347284,316016.392767,met,0.001353
b8,L1,84,316016.211952,316016.345371,316016.393034,met,0.003902
b8,L1,85,316018.211952,316018.351792,316018.398967,met,0.001808
b8,L2,57,316019.211159,316019.306814,316020.420784,met,1.062302
b8,L1,86,316020.211952,316020.342546,316020.828713,met,0.428487
b8,L1,87,316022.211952,316022.433196,316023.175502,missed,0.575756
b8,L2,58,316022.211159,316022.370705,316024.361798,met,1.872456
b8,L1,88,316024.211952,316024.346124,316024.508155,met,0.102203
b8,L2,59,316025.211159,316025.374339,316026.443626,met,0.999240
b8,L1,89,316026.211952,316026.367324,316026.472614,met,0.010403
b8,L2,60,316028.211159,316028.369584,316028.459867,met,0.024786
b8,L1,90,316028.211952,316028.400010,316028.459870,met,0.002055
b8,L1,91,316030.211952,316030.368340,316030.477003,met,0.057449
b8,L2,61,316031.211159,316031.374017,316032.653851,met,1.214786
b8,L1,92,316032.211952,316032.317828,316032.662636,met,0.271362
b8,L1,93,316034.211952,316034.379030,316034.724608,met,0.273778
b8,L2,62,316034.211159,316034.379087,316034.724637,met,0.274828
b8,L1,94,316036.211952,316036.333936,316036.914666,missed,0.501825
b8,L2,63,316037.211159,316037.362339,316037.416540,met,0.001025
b8,L1,95,316038.211952,316038.311947,316038.956181,missed,0.575543
b8,L2,64,316040.211159,316040.299176,316040.352897,met,0.000835
b8,L1,96,316040.211952,316040.307915,316040.368310,met,0.000988
b8,L1,97,316042.211952,316042.364256,316042.419176,met,0.002746
b8,L2,65,316043.211159,316043.349300,316043.816240,met,0.416630
b8,L1,98,316044.211952,316044.366117,316044.474634,met,0.062889
b8,L2,66,316046.211159,316046.310265,316046.371005,met,0.001172
b8,L1,99,316046.211952,316046.346911,316046.409840,met,0.001925
b8,L1,100,316048.211952,316048.430402,316049.172711,missed,0.570714
b8,L2,67,316049.211159,316049.378247,316050.166809,met,0.729967
b8,L1,101,316050.211952,316050.366100,316051.019281,missed,0.568258
b8,L2,68,316052.211159,316052.372249,316052.467489,met,0.023709
b8,L1,102,316052.211952,316052.367248,316052.468255,met,0.025326
b8,L1,103,316054.211952,316054.392512,316054.547330,met,0.094767
b8,L1,104,316056.211952,316056.378225,316057.048196,missed,0.573786
b8,L2,69,316055.211159,316055.395646,316057.529188,missed,2.054327
b8,L1,105,316058.211952,316058.347396,316059.045332,missed,0.554118
b8,L2,70,316058.211159,316058.429834,316060.213727,met,1.673597
b8,L1,106,316060.211952,316060.363821,316060.545851,met,0.116751
b8,L1,107,316062.211952,316062.418206,316063.081764,missed,0.527431
b8,L2,71,316061.211159,316061.433533,316063.483196,met,1.817826
b8,L1,108,316064.211952,316064.352554,316065.019562,missed,0.572658
b8,L2,72,316064.211159,316064.425609,316066.129672,met,1.635741
b8,L1,109,316066.211952,316066.341804,316066.386002,met,0.001087
b8,L2,73,316067.211159,316067.358361,316068.019430,met,0.598262
b8,L1,110,316068.211952,316068.356693,316068.413212,met,0.002618
b8,L1,111,316070.211952,316070.376836,316070.518738,met,0.079915
b8,L2,74,316070.211159,316070.380237,316070.922673,met,0.465652
b8,L1,112,316072.211952,316072.325952,316072.960715,missed,0.567519
b8,L2,75,316073.211159,316073.370469,316073.707539,met,0.283969
b8,L1,113,316074.211952,316074.338985,316074.391658,met,0.001923
b8,L2,76,316076.211159,316076.309538,316076.379262,met,0.001429
b8,L1,114,316076.211952,316076.323508,316076.392616,met,0.001679
b8,L1,115,316078.211952,316078.364794,316078.443341,met,0.004754
b8,L2,77,316079.211159,316079.365306,316081.013013,met,1.580296
b8,L1,116,316080.211952,316080.409132,316081.109951,missed,0.564146
b8,L1,117,316082.211952,316082.380691,316083.047401,missed,0.575473
b8,L2,78,316082.211159,316082.364835,316083.881880,met,1.456662
b8,L1,118,316084.211952,316084.348102,316084.410275,met,0.001849
b8,L2,79,316085.211159,316085.324505,316086.473172,met,1.079082
b8,L1,119,316086.211952,316086.319280,316086.475951,met,0.101223
b8,L1,120,316088.211952,316088.364952,316088.505166,met,0.091209
b8,L2,80,316088.211159,316088.308922,316088.505223,met,0.144629
b8,L1,121,316090.211952,316090.299416,316090.886067,missed,0.502208
b8,L2,81,316091.211159,316091.302295,316091.352822,met,0.001199
b8,L1,122,316092.211952,316092.317785,316092.951185,missed,0.566822
b8,L1,123,316094.211952,316094.342439,316094.974038,missed,0.564611
b8,L2,82,316094.211159,316094.347637,316095.378632,met,0.976669
b8,L1,124,316096.211952,316096.281907,316096.329922,met,0.001583
b8,L2,83,316097.211159,316097.292069,316097.632535,met,0.287429
b8,L1,125,316098.211952,316098.311908,316098.390569,met,0.003531
b8,L2,84,316100.211159,316100.316505,316100.373063,met,0.002089
b8,L1,126,316100.211952,316100.376230,316100.428634,met,0.001208
b8,L1,127,316102.211952,316102.333259,316102.405951,met,0.001178
b8,L2,85,316103.211159,316103.341415,316103.388886,met,0.000964
b8,L1,128,316104.211952,316104.376844,316104.511806,met,0.066279
b8,L2,86,316106.211159,316106.368023,316106.428498,met,0.001205
b8,L1,129,316106.211952,316106.381573,316106.442552,met,0.001587
b8,L1,130,316108.211952,316108.376837,316109.048185,missed,0.554242
b8,L2,87,316109.211159,316109.368024,316109.501962,met,0.045008
b8,L1,131,316110.211952,316110.399416,316110.822924,met,0.332082
b8,L2,88,316112.211159,316112.379896,316112.878721,met,0.400087
b8,L1,132,316112.211952,316112.376370,316112.990726,missed,0.506356
b8,L1,133,316114.211952,316114.380647,316114.428819,met,0.002227
b8,L2,89,316115.211159,316115.386482,316115.437417,met,0.000931
b8,L1,134,316116.211952,316116.332916,316116.432064,met,0.004524
b8,L2,90,316118.211159,316118.374195,316118.427457,met,0.000965
b8,L1,135,316118.211952,316118.385793,316118.433776,met,0.001119
b8,L1,136,316120.211952,316120.370619,316120.465647,met,0.031932
b8,L2,91,316121.211159,316121.377632,316121.443554,met,0.001907
b8,L1,137,316122.211952,316122.376662,316122.426123,met,0.002276
b8,L2,92,316124.211159,316124.308505,316124.359500,met,0.001070
b8,L1,138,316124.211952,316124.359500,316124.428764,met,0.004154
b8,L1,139,316126.211952,316126.351031,316126.417347,met,0.001413
b8,L2,93,316127.211159,316127.364754,316127.436947,met,0.001474
b8,L1,140,316128.211952,316128.292254,316128.961762,missed,0.575536
b8,L1,141,316130.211952,316130.372240,316130.433055,met,0.001014
b8,L2,94,316130.211159,316130.370635,316130.433056,met,0.001374
b8,L1,142,316132.211952,316132.354310,316132.440489,met,0.012467
b8,L2,95,316133.211159,316133.323170,316133.401947,met,0.011181
b8,L1,143,316134.211952,316134.345800,316134.399350,met,0.005154
b8,L1,144,316136.211952,316136.304665,316136.360131,met,0.002273
b8,L2,96,316136.211159,316136.305177,316136.359925,met,0.001093
b8,L1,145,316138.211952,316138.308166,316138.401885,met,0.042643
b8,L2,97,316139.211159,316139.343499,316139.393353,met,0.001182
b8,L1,146,316140.211952,316140.325609,316140.389178,met,0.017457
b8,L2,98,316142.211159,316142.309294,316142.362404,met,0.001459
b8,L1,147,316142.211952,316142.309203,316142.365322,met,0.004964
b8,L1,148,316144.211952,316144.290823,316144.356657,met,0.018517
b8,L2,99,316145.211159,316145.362502,316145.410279,met,0.000905
b8,L1,149,316146.211952,316146.280914,316146.326555,met,0.001358
b9,L2,0,316146.728939,316146.793154,316146.849421,met,0.001775
b9,L1,0,316146.728995,316146.793179,316146.849285,met,0.001310
b9,L1,1,316148.728995,316148.859438,316148.916368,met,0.003391
b9,L2,1,316149.728939,316149.816742,316149.861612,met,0.001252
b9,L1,2,316150.728995,316150.824734,316151.191805,met,0.318595
b9,L2,2,316152.728939,316152.833001,316152.881305,met,0.001355
b9,L1,3,316152.728995,316152.837885,316152.884649,met,0.001406
b9,L1,4,316154.728995,316154.807589,316154.854192,met,0.003247
b9,L2,3,316155.728939,316155.806733,316155.853501,met,0.001358
b9,L1,5,316156.728995,316156.806255,316156.853948,met,0.003541
b9,L2,4,316158.728939,316158.823688,316158.872409,met,0.001448
b9,L1,6,316158.728995,316158.869640,316158.918991,met,0.001374
b9,L1,7,316160.728995,316160.823004,316160.874378,met,0.003264
b9,L2,5,316161.728939,316161.820635,316161.882047,met,0.001156
b9,L1,8,316162.728995,316162.806966,316162.854681,met,0.001574
b9,L2,6,316164.728939,316164.823544,316164.881096,met,0.001498
b9,L1,9,316164.728995,316164.845450,316164.904063,met,0.003538
b9,L1,10,316166.728995,316166.872443,316166.941168,met,0.012504
b9,L2,7,316167.728939,316167.831091,316167.892795,met,0.009357
b9,L1,11,316168.728995,316168.842377,316168.893174,met,0.000948
b9,L2,8,316170.728939,316170.806752,316170.858388,met,0.001236
b9,L1,12,316170.728995,316170.821249,316170.877418,met,0.002246
b9,L1,13,316172.728995,316172.855951,316172.915830,met,0.002328
b9,L2,9,316173.728939,316173.871244,316173.928139,met,0.001041
b9,L1,14,316174.728995,316174.869282,316174.934455,met,0.001310
b9,L2,10,316176.728939,316176.843120,316176.905941,met,0.001220
b9,L1,15,316176.728995,316176.883331,316176.949777,met,0.009556
b9,L1,16,316178.728995,316178.811781,316178.885203,met,0.003302
b9,L2,11,316179.728939,316179.843866,316179.911615,met,0.001090
b9,L1,17,316180.728995,316180.875746,316180.928407,met,0.002205
b9,L2,12,316182.728939,316182.875512,316182.933707,met,0.001839
b9,L1,18,316182.728995,316182.861575,316182.933852,met,0.016418
b9,L1,19,316184.728995,316184.860828,316184.933850,met,0.018519
b9,L2,13,316185.728939,316185.885542,316185.938538,met,0.000911
b9,L1,20,316186.728995,316186.824724,316186.872648,met,0.001607
b9,L2,14,316188.728939,316188.863895,316188.932764,met,0.013082
b9,L1,21,316188.728995,316188.863868,316188.932677,met,0.014795
b9,L1,22,316190.728995,316190.830943,316191.469393,missed,0.560669
b9,L2,15,316191.728939,316191.876388,316191.961776,met,0.032252
b9,L1,23,316192.728995,316192.810059,316192.881442,met,0.017297
b9,L2,16,316194.728939,316194.808740,316195.167994,met,0.300483
b9,L1,24,316194.728995,316194.879723,316195.170034,met,0.234755
b9,L1,25,316196.728995,316196.878020,316196.934993,met,0.003419
b9,L2,17,316197.728939,316197.808472,316197.857162,met,0.000953
b9,L1,26,316198.728995,316198.833375,316198.885998,met,0.001570
b9,L1,27,316200.728995,316200.795151,316200.841048,met,0.001651
b9,L2,18,316200.728939,316200.863418,316200.911903,met,0.001370
b9,L1,28,316202.728995,316202.831157,316202.899670,met,0.004724
b9,L2,19,316203.728939,316203.831465,316203.908057,met,0.001071
b9,L1,29,316204.728995,316204.807967,316204.858580,met,0.001576
b9,L1,30,316206.728995,316206.806377,316206.861278,met,0.003255
b9,L2,20,316206.728939,316206.826766,316206.884312,met,0.001216
b9,L1,31,316208.728995,316208.883151,316208.937760,met,0.003457
b9,L2,21,316209.728939,316209.814994,316209.868663,met,0.000901
b9,L1,32,316210.728995,316210.816165,316210.864483,met,0.004604
b9,L2,22,316212.728939,316212.847435,316213.029607,met,0.129540
b9,L1,33,316212.728995,316212.815338,316213.029461,met,0.162320
b9,L1,34,316214.728995,316214.814351,316214.860950,met,0.001658
b9,L2,23,316215.728939,316215.821728,316215.876019,met,0.001408
b9,L1,35,316216.728995,316216.817877,316216.885252,met,0.003095
b9,L2,24,316218.728939,316218.838769,316218.899111,met,0.001453
b9,L1,36,316218.728995,316218.839003,316218.899293,met,0.001665
b9,L1,37,316220.728995,316220.842187,316220.901522,met,0.003830
b9,L1,38,316222.728995,316222.825576,316223.222320,met,0.331520
b9,L2,25,316221.728939,316221.877444,316223.222173,met,1.275243
b9,L2,26,316224.728939,316224.865287,316224.948896,met,0.003055
b9,L1,39,316224.728995,316224.865394,316224.948756,met,0.001791
b9,L1,40,316226.728995,316226.888291,316226.944114,met,0.004138
b9,L2,27,316227.728939,316227.882760,316227.959580,met,0.022456
b9,L1,41,316228.728995,316228.846187,316228.898165,met,0.003547
b9,L1,42,316230.728995,316230.813025,316230.865094,met,0.003942
b9,L2,28,316230.728939,316230.868736,316230.923044,met,0.001260
b9,L1,43,316232.728995,316232.881300,316232.958886,met,0.018645
b9,L2,29,316233.728939,316233.799107,316233.849452,met,0.001386
b9,L1,44,316234.728995,316234.850791,316234.923685,met,0.001813
b9,L2,30,316236.728939,316236.802371,316236.847069,met,0.001355
b9,L1,45,316236.728995,316236.863025,316236.922432,met,0.004521
b9,L1,46,316238.728995,316238.829874,316238.904630,met,0.003756
b9,L2,31,316239.728939,316239.820965,316239.872204,met,0.001314
b9,L1,47,316240.728995,316240.887293,316240.982896,met,0.002183
b9,L2,32,316242.728939,316242.893239,316243.123765,met,0.139257
b9,L1,48,316242.728995,316242.923794,316243.127113,met,0.113831
b9,L1,49,316244.728995,316244.896170,316244.956012,met,0.002831
b9,L2,33,316245.728939,316245.916518,316245.969305,met,0.000929
b9,L1,50,316246.728995,316246.871434,316246.922255,met,0.001368
b9,L2,34,316248.728939,316248.823024,316248.883721,met,0.001106
b9,L1,51,316248.728995,316248.822444,316248.883823,met,0.003312
b9,L1,52,316250.728995,316250.884473,316250.939570,met,0.001942
b9,L2,35,316251.728939,316251.883191,316251.935863,met,0.001083
b9,L1,53,316252.728995,316252.850237,316253.514468,missed,0.573220
b9,L2,36,316254.728939,316254.820831,316254.899209,met,0.008613
b9,L1,54,316254.728995,316254.899243,316255.104751,met,0.119844
b9,L1,55,316256.728995,316256.877294,316256.964412,met,0.003272
b9,L2,37,316257.728939,316257.875315,316257.947473,met,0.001348
b9,L1,56,316258.728995,316258.864329,316258.922715,met,0.002158
b9,L1,57,316260.728995,316260.840595,316260.972007,met,0.032979
b9,L2,38,316260.728939,316260.910907,316261.038166,met,0.029438
b9,L1,58,316262.728995,316262.916059,316262.996388,met,0.003568
b9,L2,39,316263.728939,316263.925210,316264.013375,met,0.013696
b9,L1,59,316264.728995,316264.845440,316264.895482,met,0.001954
b9,L2,40,316266.728939,316266.903693,316267.000435,met,0.001512
b9,L1,60,316266.728995,316266.903740,316267.000959,met,0.004548
b9,L1,61,316268.728995,316268.886985,316268.940928,met,0.001045
b9,L2,41,316269.728939,316269.890380,316270.484886,met,0.533543
b9,L1,62,316270.728995,316270.868253,316270.929686,met,0.002202
b9,L1,63,316272.728995,316272.876583,316272.928974,met,0.001375
b9,L2,42,316272.728939,316272.884172,316272.939372,met,0.001110
b9,L1,64,316274.728995,316274.907690,316275.147416,met,0.173308
b9,L2,43,316275.728939,316275.897242,316275.947508,met,0.001285
b9,L1,65,316276.728995,316276.890748,316276.940530,met,0.003143
b9,L2,44,316278.728939,316278.791627,316278.836071,met,0.001245
b9,L1,66,316278.728995,316278.805767,316278.852901,met,0.001396
b9,L1,67,316280.728995,316280.825909,316280.874430,met,0.002524
b9,L2,45,316281.728939,316281.878873,316282.036378,met,0.096302
b9,L1,68,316282.728995,316282.892012,316282.981887,met,0.004476
b9,L2,46,316284.728939,316284.891796,316285.112866,met,0.121180
b9,L1,69,316284.728995,316284.922596,316285.178001,met,0.159274
b9,L1,70,316286.728995,316286.953627,316287.649130,missed,0.562291
b9,L2,47,316287.728939,316287.926386,316288.006469,met,0.003790
b9,L1,71,316288.728995,316288.845146,316288.934328,met,0.002168
b9,L2,48,316290.728939,316290.912723,316291.047899,met,0.058484
b9,L1,72,316290.728995,316290.912520,316291.087221,met,0.090305
b9,L1,73,316292.728995,316292.920548,316293.008338,met,0.004609
b9,L2,49,316293.728939,316293.905129,316294.075305,met,0.089020
b9,L1,74,316294.728995,316294.937833,316295.265096,met,0.193133
b9,L2,50,316296.728939,316296.892500,316297.064791,met,0.089872
b9,L1,75,316296.728995,316297.018937,316297.186714,met,0.090512
b9,L1,76,316298.728995,316298.867352,316298.925029,met,0.002254
b9,L2,51,316299.728939,316299.900032,316300.026971,met,0.060140
b9,L1,77,316300.728995,316300.893127,316300.954785,met,0.001993
b9,L1,78,316302.728995,316302.873859,316303.059283,met,0.102530
b9,L2,52,316302.728939,316302.892943,316303.088232,met,0.109003
b9,L1,79,316304.728995,316304.901247,316304.951177,met,0.001013
b9,L2,53,316305.728939,316305.897622,316306.371795,met,0.418224
b9,L1,80,316306.728995,316306.862818,316306.910218,met,0.001679
b9,L2,54,316308.728939,316308.871900,316308.968497,met,0.037353
b9,L1,81,316308.728995,316308.872214,316308.969318,met,0.037096
b9,L1,82,316310.728995,316310.883375,316310.985790,met,0.013236
b9,L2,55,316311.728939,316311.881006,316311.977601,met,0.014982
b9,L1,83,316312.728995,316312.903571,316312.987036,met,0.003781
b9,L2,56,316314.728939,316314.858652,316314.918104,met,0.000937
b9,L1,84,316314.728995,316314.907569,316314.989442,met,0.001387
b9,L1,85,316316.728995,316316.891592,316316.992692,met,0.014151
b9,L1,86,316318.728995,316318.897107,316319.557300,missed,0.575287
b9,L2,57,316317.728939,316317.855049,316319.718436,met,1.781463
b9,L2,58,316320.728939,316320.882144,316320.978745,met,0.001661
b9,L1,87,316320.728995,316320.908049,316321.019007,met,0.010342
b9,L1,88,316322.728995,316322.926219,316323.048432,met,0.035335
b9,L2,59,316323.728939,316323.931143,316324.029465,met,0.016349
b9,L1,89,316324.728995,316324.918253,316325.030240,met,0.032456
b9,L2,60,316326.728939,316326.903522,316327.017256,met,0.026192
b9,L1,90,316326.728995,316326.903525,316327.017402,met,0.027753
b9,L1,91,316328.728995,316328.916254,316328.979991,met,0.003698
b9,L2,61,316329.728939,316329.899877,316329.968826,met,0.001608
b9,L1,92,316330.728995,316330.896311,316331.013336,met,0.034307
b9,L2,62,316332.728939,316332.873500,316332.954789,met,0.002050
b9,L1,93,316332.728995,316332.877986,316332.966193,met,0.004402
b9,L1,94,316334.728995,316334.936142,316335.029741,met,0.012409
b9,L2,63,316335.728939,316335.917332,316335.978755,met,0.001346
b9,L1,95,316336.728995,316336.910309,316336.964167,met,0.001323
b9,L2,64,316338.728939,316338.909886,316338.987499,met,0.001385
b9,L1,96,316338.728995,316338.926524,316339.062718,met,0.022374
b9,L1,97,316340.728995,316340.869938,316340.985312,met,0.026329
b9,L2,65,316341.728939,316341.888159,316341.942830,met,0.000995
b9,L1,98,316342.728995,316342.886790,316342.947057,met,0.001042
b9,L2,66,316344.728939,316344.882519,316344.981405,met,0.001572
b9,L1,99,316344.728995,316344.901507,316345.004191,met,0.004147
b9,L1,100,316346.728995,316346.913608,316347.617798,missed,0.573981
b9,L2,67,316347.728939,316347.924874,316348.337706,met,0.315316
b9,L1,101,316348.728995,316348.917740,316349.010022,met,0.001801
b9,L1,102,316350.728995,316350.899318,316351.543006,missed,0.552766
b9,L2,68,316350.728939,316350.912556,316352.299769,met,1.265536
b9,L1,103,316352.728995,316353.020951,316353.302103,met,0.004047
b9,L2,69,316353.728939,316353.989856,316354.289396,met,0.191008
b9,L1,104,316354.728995,316355.174768,316355.379072,timer_late,NA
b9,L2,70,316356.728939,316357.140169,316357.453682,met,0.003397
b9,L1,105,316356.728995,316357.125867,316357.460277,met,0.065277
b9,L1,106,316358.728995,316359.059334,316359.172355,met,0.003051
b9,L2,71,316359.728939,316360.066613,316360.170891,met,0.001914
b9,L1,107,316360.728995,316360.907581,316361.000751,met,0.002194
b9,L2,72,316362.728939,316362.870874,316362.948648,met,0.001777
b9,L1,108,316362.728995,316362.903081,316363.027521,met,0.018483
b9,L1,109,316364.728995,316364.914460,316364.994508,met,0.003781
b9,L2,73,316365.728939,316365.924107,316365.989944,met,0.001352
b9,L1,110,316366.728995,316366.881788,316366.931891,met,0.002929
b9,L2,74,316368.728939,316368.902617,316368.948801,met,0.001238
b9,L1,111,316368.728995,316368.893380,316368.948826,met,0.004211
b9,L1,112,316370.728995,316370.898450,316370.998014,met,0.014910
b9,L2,75,316371.728939,316372.029911,316372.296383,met,0.063846
b9,L1,113,316372.728995,316372.926968,316373.038741,met,0.004313
b9,L1,114,316374.728995,316374.942190,316375.080416,met,0.011276
b9,L2,76,316374.728939,316375.061226,316375.206988,met,0.002492
b9,L1,115,316376.728995,316376.971511,316377.092054,met,0.048128
b9,L2,77,316377.728939,316377.955500,316378.036297,met,0.009414
b9,L1,116,316378.728995,316378.862821,316378.993314,met,0.001726
b9,L2,78,316380.728939,316380.984420,316381.128910,met,0.001706
b9,L1,117,316380.728995,316380.998165,316381.149701,met,0.007055
b9,L1,118,316382.728995,316382.953342,316383.605507,missed,0.572726
b9,L2,79,316383.728939,316383.965550,316384.072487,met,0.016534
b9,L1,119,316384.728995,316384.891772,316385.431956,met,0.466169
b9,L2,80,316386.728939,316386.827952,316386.883544,met,0.000889
b9,L1,120,316386.728995,316386.883541,316386.951819,met,0.002956
b9,L1,121,316388.728995,316388.899558,316388.970128,met,0.002309
b9,L2,81,316389.728939,316389.860820,316389.916053,met,0.000974
b9,L1,122,316390.728995,316390.885593,316390.951047,met,0.001830
b9,L1,123,316392.728995,316392.859055,316392.924329,met,0.002151
b9,L2,82,316392.728939,316392.876220,316392.951391,met,0.001681
b9,L1,124,316394.728995,316394.910261,316394.968650,met,0.001946
b9,L2,83,316395.728939,316395.880955,316395.952235,met,0.001322
b9,L1,125,316396.728995,316396.879064,316396.941879,met,0.002389
b9,L1,126,316398.728995,316398.841546,316398.943226,met,0.005235
b9,L2,84,316398.728939,316398.870290,316398.957774,met,0.004124
b9,L1,127,316400.728995,316400.878387,316401.041917,met,0.088049
b9,L2,85,316401.728939,316401.890420,316401.961840,met,0.000919
b9,L1,128,316402.728995,316402.886166,316402.968794,met,0.004162
b9,L1,129,316404.728995,316404.893850,316404.994437,met,0.029295
b9,L2,86,316404.728939,316404.893848,316405.095643,met,0.126845
b9,L1,130,316406.728995,316406.891069,316406.986276,met,0.003325
b9,L2,87,316407.728939,316407.894212,316408.322633,met,0.343772
b9,L1,131,316408.728995,316408.932208,316409.047641,met,0.024935
b9,L1,132,316410.728995,316410.903678,316410.999336,met,0.025862
b9,L2,88,316410.728939,316410.917535,316410.999146,met,0.007650
b9,L1,133,316412.728995,316412.887824,316412.970294,met,0.001505
b9,L1,134,316414.728995,316414.807877,316415.474923,missed,0.569630
b9,L2,89,316413.728939,316413.919318,316415.894581,met,1.898314
b9,L1,135,316416.728995,316416.901101,316416.976768,met,0.004290
b9,L2,90,316416.728939,316416.916868,316416.989874,met,0.001321
b9,L1,136,316418.728995,316418.885603,316418.974500,met,0.025193
b9,L2,91,316419.728939,316419.872160,316420.017134,met,0.018764
b9,L1,137,316420.728995,316420.906774,316421.016443,met,0.003737
b9,L1,138,316422.728995,316422.853734,316423.095207,met,0.145216
b9,L2,92,316422.728939,316422.865643,316423.097352,met,0.122018
b9,L1,139,316424.728995,316424.885916,316424.939325,met,0.001996
b9,L2,93,316425.728939,316425.903231,316426.841594,met,0.881855
b9,L1,140,316426.728995,316426.863838,316427.055482,met,0.102524
b9,L2,94,316428.728939,316428.882201,316428.947083,met,0.012542
b9,L1,141,316428.728995,316428.898666,316428.955320,met,0.002497
b9,L1,142,316430.728995,316430.820455,316430.890251,met,0.021515
b9,L2,95,316431.728939,316431.840103,316432.085572,met,0.188199
b9,L1,143,316432.728995,316432.808545,316432.881108,met,0.021863
b9,L2,96,316434.728939,316434.809216,316434.905002,met,0.049724
b9,L1,144,316434.728995,316434.866982,316434.922672,met,0.002830
b9,L1,145,316436.728995,316436.881001,316436.931223,met,0.001417
b9,L2,97,316437.728939,316437.859509,316437.918865,met,0.011414
b9,L1,146,316438.728995,316438.824156,316438.878508,met,0.002867
b9,L2,98,316440.728939,316440.877151,316440.995528,met,0.067678
b9,L1,147,316440.728995,316440.860003,316440.995276,met,0.083684
b9,L1,148,316442.728995,316442.823805,316442.872135,met,0.001445
b9,L2,99,316443.728939,316443.865526,316443.919672,met,0.001575
b9,L1,149,316444.728995,316444.806303,316444.852856,met,0.002476
b10,L2,0,316445.262870,316445.331856,316445.382515,met,0.001045
b10,L1,0,316445.263144,316445.332120,316445.382651,met,0.001528
b10,L1,1,316447.263144,316447.360364,316447.511848,met,0.106388
b10,L2,1,316448.262870,316448.343481,316448.390098,met,0.001290
b10,L1,2,316449.263144,316449.403154,316449.457514,met,0.004530
b10,L1,3,316451.263144,316451.360125,316451.411545,met,0.003754
b10,L2,2,316451.262870,316451.359997,316451.411772,met,0.004743
b10,L1,4,316453.263144,316453.367537,316453.419115,met,0.003512
b10,L2,3,316454.262870,316454.368470,316454.410450,met,0.001322
b10,L1,5,316455.263144,316455.395149,316455.442773,met,0.005436
b10,L1,6,316457.263144,316457.342523,316457.391338,met,0.002418
b10,L2,4,316457.262870,316457.358474,316457.407461,met,0.001254
b10,L1,7,316459.263144,316459.352304,316459.396875,met,0.003603
b10,L2,5,316460.262870,316460.331223,316460.374359,met,0.001126
b10,L1,8,316461.263144,316461.326165,316461.367006,met,0.001547
b10,L2,6,316463.262870,316463.340107,316463.383772,met,0.001187
b10,L1,9,316463.263144,316463.345936,316463.393275,met,0.005946
b10,L1,10,316465.263144,316465.399425,316465.442314,met,0.000998
b10,L2,7,316466.262870,316466.329985,316466.373306,met,0.001005
b10,L1,11,316467.263144,316467.333977,316467.379642,met,0.001544
b10,L1,12,316469.263144,316469.330217,316469.375876,met,0.002220
b10,L2,8,316469.262870,316469.336918,316469.383775,met,0.001106
b10,L1,13,316471.263144,316471.409287,316471.471352,met,0.007011
b10,L2,9,316472.262870,316472.336863,316472.382216,met,0.001489
b10,L1,14,316473.263144,316473.404866,316473.447276,met,0.001832
b10,L2,10,316475.262870,316475.365744,316475.422750,met,0.006674
b10,L1,15,316475.263144,316475.365883,316475.422649,met,0.005453
b10,L1,16,316477.263144,316477.337021,316477.971003,missed,0.575119
b10,L2,11,316478.262870,316478.408724,316478.476984,met,0.024985
b10,L1,17,316479.263144,316479.334469,316479.374461,met,0.002020
b10,L2,12,316481.262870,316481.327326,316481.369996,met,0.000983
b10,L1,18,316481.263144,316481.344215,316481.387137,met,0.002036
b10,L1,19,316483.263144,316483.356458,316483.400776,met,0.001041
b10,L2,13,316484.262870,316484.342658,316484.387802,met,0.001028
b10,L1,20,316485.263144,316485.338039,316485.387861,met,0.002233
b10,L2,14,316487.262870,316487.337708,316487.384042,met,0.001022
b10,L1,21,316487.263144,316487.366082,316487.412302,met,0.001470
b10,L1,22,316489.263144,316489.362128,316489.404943,met,0.001956
b10,L2,15,316490.262870,316490.403164,316490.452920,met,0.000956
b10,L1,23,316491.263144,316491.329933,316491.374620,met,0.001868
b10,L1,24,316493.263144,316493.343122,316493.390383,met,0.002203
b10,L2,16,316493.262870,316493.342997,316493.390343,met,0.000949
b10,L1,25,316495.263144,316495.346871,316495.390063,met,0.001158
b10,L2,17,316496.262870,316496.349914,316496.393537,met,0.000898
b10,L1,26,316497.263144,316497.338660,316497.382855,met,0.001849
b10,L2,18,316499.262870,316499.352003,316499.837855,met,0.437610
b10,L1,27,316499.263144,316499.336715,316499.837894,met,0.452561
b10,L1,28,316501.263144,316501.340865,316501.390803,met,0.002330
b10,L2,19,316502.262870,316502.378580,316502.421344,met,0.000908
b10,L1,29,316503.263144,316503.409958,316503.452220,met,0.001975
b10,L1,30,316505.263144,316505.330975,316505.374580,met,0.002011
b10,L2,20,316505.262870,316505.346177,316505.393104,met,0.000898
b10,L1,31,316507.263144,316507.380097,316507.428959,met,0.001315
b10,L2,21,316508.262870,316508.359532,316509.424192,met,1.020194
b10,L1,32,316509.263144,316509.331467,316509.646402,met,0.270786
b10,L2,22,316511.262870,316511.340343,316511.389826,met,0.000925
b10,L1,33,316511.263144,316511.340448,316511.389836,met,0.002154
b10,L1,34,316513.263144,316513.406368,316513.452900,met,0.002497
b10,L2,23,316514.262870,316514.347866,316514.397997,met,0.005387
b10,L1,35,316515.263144,316515.400538,316515.441585,met,0.001820
b10,L1,36,316517.263144,316517.361843,316517.405542,met,0.001018
b10,L2,24,316517.262870,316517.394086,316517.439593,met,0.001029
b10,L1,37,316519.263144,316519.359345,316519.418489,met,0.015283
b10,L2,25,316520.262870,316520.399889,316520.444782,met,0.000967
b10,L1,38,316521.263144,316521.342741,316521.389123,met,0.001882
b10,L2,26,316523.262870,316523.326826,316523.380544,met,0.010554
b10,L1,39,316523.263144,316523.369685,316523.415729,met,0.005953
b10,L1,40,316525.263144,316525.385174,316525.438219,met,0.003847
b10,L2,27,316526.262870,316526.351286,316526.396993,met,0.001346
b10,L1,41,316527.263144,316527.341276,316527.387014,met,0.002031
b10,L2,28,316529.262870,316529.330479,316529.402566,met,0.025774
b10,L1,42,316529.263144,316529.330566,316529.419928,met,0.046075
b10,L1,43,316531.263144,316531.337459,316531.394710,met,0.010764
b10,L2,29,316532.262870,316532.347604,316532.395447,met,0.001312
b10,L1,44,316533.263144,316533.398716,316533.466945,met,0.021197
b10,L1,45,316535.263144,316535.329204,316535.373396,met,0.001904
b10,L2,30,316535.262870,316535.377409,316535.419117,met,0.001453
b10,L1,46,316537.263144,316537.338840,316537.404074,met,0.020250
b10,L2,31,316538.262870,316538.339839,316538.399164,met,0.013607
b10,L1,47,316539.263144,316539.335793,316539.899683,missed,0.502136
b10,L1,48,316541.263144,316541.351545,316541.402262,met,0.001171
b10,L2,32,316541.262870,316541.379486,316541.428154,met,0.001056
b10,L1,49,316543.263144,316543.337465,316543.404194,met,0.022045
b10,L2,33,316544.262870,316544.343033,316544.406922,met,0.016534
b10,L1,50,316545.263144,316545.402726,316545.522587,met,0.073015
b10,L1,51,316547.263144,316547.340847,316547.406294,met,0.017575
b10,L2,34,316547.262870,316547.340972,316547.406377,met,0.017264
b10,L1,52,316549.263144,316549.365311,316549.412581,met,0.001221
b10,L2,35,316550.262870,316550.342123,316550.432181,met,0.039880
b10,L1,53,316551.263144,316551.346805,316551.409500,met,0.017122
b10,L2,36,316553.262870,316553.353775,316553.415364,met,0.013480
b10,L1,54,316553.263144,316553.353645,316553.415407,met,0.013065
b10,L1,55,316555.263144,316555.363417,316555.530764,met,0.117100
b10,L2,37,316556.262870,316556.339802,316556.399118,met,0.013163
b10,L1,56,316557.263144,316557.338476,316557.411495,met,0.028692
b10,L1,57,316559.263144,316559.329717,316559.384923,met,0.009279
b10,L2,38,316559.262870,316559.365773,316559.412962,met,0.002376
b10,L1,58,316561.263144,316561.340637,316561.389249,met,0.004256
b10,L2,39,316562.262870,316562.363808,316563.404136,met,0.990717
b10,L1,59,316563.263144,316563.337315,316563.404138,met,0.020865
b10,L2,40,316565.262870,316565.410944,316565.550425,met,0.088446
b10,L1,60,316565.263144,316565.416137,316565.568961,met,0.109642
b10,L1,61,316567.263144,316567.351570,316567.426273,met,0.023947
b10,L2,41,316568.262870,316568.378939,316568.430825,met,0.001004
b10,L1,62,316569.263144,316569.366420,316569.422614,met,0.006553
b10,L1,63,316571.263144,316571.395303,316571.795889,met,0.356635
b10,L2,42,316571.262870,316571.338886,316571.795895,met,0.411617
b10,L1,64,316573.263144,316573.333764,316573.382564,met,0.003689
b10,L2,43,316574.262870,316574.345326,316574.395433,met,0.001911
b10,L1,65,316575.263144,316575.396682,316575.491843,met,0.044138
b10,L1,66,316577.263144,316577.344127,316577.388217,met,0.001584
b10,L2,44,316577.262870,316577.337712,316577.387987,met,0.001518
b10,L1,67,316579.263144,316579.361092,316579.401467,met,0.001738
b10,L2,45,316580.262870,316580.360891,316580.402657,met,0.001527
b10,L1,68,316581.263144,316581.330689,316581.376232,met,0.002046
b10,L1,69,316583.263144,316583.340400,316583.391094,met,0.005217
b10,L2,46,316583.262870,316583.349593,316583.395952,met,0.001421
b10,L1,70,316585.263144,316585.368371,316585.416324,met,0.001037
b10,L2,47,316586.262870,316586.340120,316586.388237,met,0.001023
b10,L1,71,316587.263144,316587.343784,316587.391046,met,0.004732
b10,L2,48,316589.262870,316589.334373,316589.375240,met,0.001254
b10,L1,72,316589.263144,316589.394386,316589.441653,met,0.005489
b10,L1,73,316591.263144,316591.333844,316591.375476,met,0.003449
b10,L2,49,316592.262870,316592.411377,316592.457164,met,0.001850
b10,L1,74,316593.263144,316593.349292,316593.392867,met,0.003423
b10,L2,50,316595.262870,316595.339827,316595.387448,met,0.001414
b10,L1,75,316595.263144,316595.356978,316595.407078,met,0.004671
b10,L1,76,316597.263144,316597.338202,316597.391571,met,0.005742
b10,L2,51,316598.262870,316598.398869,316598.438631,met,0.001523
b10,L1,77,316599.263144,316599.329815,316599.371706,met,0.004619
b10,L1,78,316601.263144,316601.337259,316601.383787,met,0.003413
b10,L2,52,316601.262870,316601.360823,316601.406197,met,0.001872
b10,L1,79,316603.263144,316603.392127,316603.442900,met,0.003034
b10,L2,53,316604.262870,316604.333386,316604.377776,met,0.001206
b10,L1,80,316605.263144,316605.390950,316605.485780,met,0.042825
b10,L2,54,316607.262870,316607.361267,316607.405781,met,0.001476
b10,L1,81,316607.263144,316607.366686,316607.411645,met,0.003404
b10,L1,82,316609.263144,316609.401649,316609.445074,met,0.001476
b10,L2,55,316610.262870,316610.349462,316610.391582,met,0.001371
b10,L1,83,316611.263144,316611.349839,316611.395160,met,0.003694
b10,L2,56,316613.262870,316613.369216,316613.411103,met,0.001216
b10,L1,84,316613.263144,316613.396833,316613.440629,met,0.003600
b10,L1,85,316615.263144,316615.387439,316615.432237,met,0.001058
b10,L2,57,316616.262870,316616.327251,316616.380791,met,0.001397
b10,L1,86,316617.263144,316617.371190,316617.418405,met,0.002852
b10,L1,87,316619.263144,316619.400102,316619.446463,met,0.003198
b10,L2,58,316619.262870,316619.400144,316619.446605,met,0.003623
b10,L1,88,316621.263144,316621.335351,316621.377805,met,0.003675
b10,L2,59,316622.262870,316622.368281,316622.418262,met,0.001336
b10,L1,89,316623.263144,316623.408338,316623.462521,met,0.004527
b10,L2,60,316625.262870,316625.370903,316625.993688,met,0.575711
b10,L1,90,316625.263144,316625.384273,316626.004170,missed,0.565372
b10,L1,91,316627.263144,316627.331903,316627.371860,met,0.001452
b10,L2,61,316628.262870,316628.371128,316628.411873,met,0.001302
b10,L1,92,316629.263144,316629.338738,316629.382172,met,0.003908
b10,L2,62,316631.262870,316631.327925,316631.370055,met,0.001245
b10,L1,93,316631.263144,316631.374899,316631.417192,met,0.003210
b10,L1,94,316633.263144,316633.350789,316633.399088,met,0.002063
b10,L2,63,316634.262870,316634.353691,316634.396551,met,0.001305
b10,L1,95,316635.263144,316635.395990,316635.441288,met,0.003689
b10,L1,96,316637.263144,316637.324390,316637.370166,met,0.003586
b10,L2,64,316637.262870,316637.378345,316637.421447,met,0.001162
b10,L1,97,316639.263144,316639.357642,316639.853784,met,0.445113
b10,L2,65,316640.262870,316640.352812,316640.398370,met,0.001212
b10,L1,98,316641.263144,316641.336342,316641.389683,met,0.005781
b10,L2,66,316643.262870,316643.332252,316643.388717,met,0.011374
b10,L1,99,316643.263144,316643.333869,316643.388735,met,0.011141
b10,L1,100,316645.263144,316645.337006,316645.380458,met,0.000961
b10,L2,67,316646.262870,316646.339819,316646.385771,met,0.001313
b10,L1,101,316647.263144,316647.346060,316647.389785,met,0.001793
b10,L1,102,316649.263144,316649.338674,316649.385962,met,0.007114
b10,L2,68,316649.262870,316649.363822,316649.405392,met,0.000902
b10,L1,103,316651.263144,316651.375539,316651.452092,met,0.037270
b10,L2,69,316652.262870,316652.399050,316652.446537,met,0.007021
b10,L1,104,316653.263144,316653.337119,316653.379894,met,0.001906
b10,L1,105,316655.263144,316655.343429,316655.395485,met,0.001168
b10,L2,70,316655.262870,316655.342535,316655.395793,met,0.001517
b10,L1,106,316657.263144,316657.404824,316657.447709,met,0.003616
b10,L2,71,316658.262870,316658.335186,316658.380269,met,0.000881
b10,L1,107,316659.263144,316659.335391,316659.377560,met,0.001923
b10,L1,108,316661.263144,316661.395249,316661.444300,met,0.003364
b10,L2,72,316661.262870,316661.395262,316661.444113,met,0.001813
b10,L1,109,316663.263144,316663.337378,316663.385930,met,0.002715
b10,L2,73,316664.262870,316664.331546,316664.375138,met,0.000910
b10,L1,110,316665.263144,316665.370529,316665.415549,met,0.004628
b10,L1,111,316667.263144,316667.332525,316667.377614,met,0.001841
b10,L2,74,316667.262870,316667.340782,316667.385943,met,0.000859
b10,L1,112,316669.263144,316669.331934,316669.376459,met,0.001893
b10,L2,75,316670.262870,316670.334302,316671.350327,met,0.970740
b10,L1,113,316671.263144,316671.347136,316671.466347,met,0.074090
b10,L1,114,316673.263144,316673.358517,316673.414822,met,0.015181
b10,L2,76,316673.262870,316673.389053,316673.432128,met,0.000965
b10,L1,115,316675.263144,316675.342012,316675.385753,met,0.001527
b10,L2,77,316676.262870,316676.325945,316676.467111,met,0.100296
b10,L1,116,316677.263144,316677.338449,316677.404445,met,0.022776
b10,L1,117,316679.263144,316679.395229,316679.503375,met,0.066844
b10,L2,78,316679.262870,316679.363294,316679.503359,met,0.097444
b10,L1,118,316681.263144,316681.357127,316681.451904,met,0.051176
b10,L2,79,316682.262870,316682.337476,316682.378635,met,0.001664
b10,L1,119,316683.263144,316683.346000,316683.407002,met,0.017632
b10,L1,120,316685.263144,316685.329657,316685.373015,met,0.001891
b10,L2,80,316685.262870,316685.390363,316685.433584,met,0.001371
b10,L1,121,316687.263144,316687.342207,316687.387257,met,0.003279
b10,L2,81,316688.262870,316688.337046,316688.377048,met,0.001361
b10,L1,122,316689.263144,316689.364706,316689.407610,met,0.001771
b10,L1,123,316691.263144,316691.354013,316691.489146,met,0.092734
b10,L2,82,316691.262870,316691.365032,316691.509436,met,0.102049
b10,L1,124,316693.263144,316693.362780,316693.406519,met,0.003040
b10,L2,83,316694.262870,316694.389379,316694.432394,met,0.001382
b10,L1,125,316695.263144,316695.375580,316695.419204,met,0.001952
b10,L2,84,316697.262870,316697.337832,316697.380941,met,0.001211
b10,L1,126,316697.263144,316697.364135,316697.415029,met,0.007883
b10,L1,127,316699.263144,316699.340183,316699.386178,met,0.003645
b10,L2,85,316700.262870,316700.364739,316700.406435,met,0.001050
b10,L1,128,316701.263144,316701.372587,316702.002841,missed,0.574364
b10,L1,129,316703.263144,316703.370115,316703.416451,met,0.002400
b10,L2,86,316703.262870,316703.369738,316703.416398,met,0.001377
b10,L1,130,316705.263144,316705.346859,316705.389652,met,0.000963
b10,L2,87,316706.262870,316706.330560,316706.374158,met,0.000916
b10,L1,131,316707.263144,316707.336916,316707.377149,met,0.002353
b10,L1,132,316709.263144,316709.354654,316709.425385,met,0.002877
b10,L2,88,316709.262870,316709.403953,316709.470078,met,0.001063
b10,L1,133,316711.263144,316711.395248,316711.440137,met,0.001604
b10,L2,89,316712.262870,316712.340025,316712.380561,met,0.000989
b10,L1,134,316713.263144,316713.403803,316713.445353,met,0.003249
b10,L2,90,316715.262870,316715.341886,316715.383424,met,0.001236
b10,L1,135,316715.263144,316715.371787,316715.411681,met,0.001697
b10,L1,136,316717.263144,316717.339205,316717.380924,met,0.001388
b10,L2,91,316718.262870,316718.388321,316718.432002,met,0.001192
b10,L1,137,316719.263144,316719.356555,316719.399397,met,0.003407
b10,L1,138,316721.263144,316721.373126,316721.421139,met,0.003048
b10,L2,92,316721.262870,316721.400821,316721.446873,met,0.001426
b10,L1,139,316723.263144,316723.355494,316723.413974,met,0.001987
b10,L2,93,316724.262870,316724.391563,316724.432918,met,0.001005
b10,L1,140,316725.263144,316725.412402,316725.712819,met,0.258402
b10,L1,141,316727.263144,316727.356107,316727.405519,met,0.002711
b10,L2,94,316727.262870,316727.374506,316727.425015,met,0.001008
b10,L1,142,316729.263144,316729.339074,316729.380729,met,0.001046
b10,L2,95,316730.262870,316730.353247,316730.399152,met,0.000950
b10,L1,143,316731.263144,316731.362872,316731.404357,met,0.001774
b10,L1,144,316733.263144,316733.357073,316733.987177,missed,0.559973
b10,L2,96,316733.262870,316733.370241,316734.139251,met,0.708804
b10,L1,145,316735.263144,316735.411745,316735.462395,met,0.001108
b10,L2,97,316736.262870,316736.350315,316736.401018,met,0.000827
b10,L1,146,316737.263144,316737.334163,316737.376887,met,0.001895
b10,L1,147,316739.263144,316739.339362,316739.391485,met,0.002696
b10,L2,98,316739.262870,316739.382476,316739.433540,met,0.001293
b10,L1,148,316741.263144,316741.350494,316741.400088,met,0.002356
b10,L2,99,316742.262870,316742.345470,316742.391836,met,0.000983
b10,L1,149,316743.263144,316743.357976,316743.406117,met,0.007111
b11,L1,0,316743.780136,316743.841004,316743.950573,met,0.064192
b11,L2,0,316743.780089,316743.841040,316743.950380,met,0.063086
b11,L1,1,316745.780136,316745.854455,316745.899612,met,0.001988
b11,L2,1,316746.780089,316746.857931,316746.902705,met,0.001877
b11,L1,2,316747.780136,316747.922528,316747.967095,met,0.001451
b11,L1,3,316749.780136,316749.850446,316749.897956,met,0.004104
b11,L2,2,316749.780089,316749.905995,316749.946667,met,0.001167
b11,L1,4,316751.780136,316751.917390,316751.958649,met,0.001819
b11,L2,3,316752.780089,316752.896948,316752.940047,met,0.001258
b11,L1,5,316753.780136,316753.874083,316753.954925,met,0.038265
b11,L1,6,316755.780136,316755.859758,316755.914394,met,0.002410
b11,L2,4,316755.780089,316755.901027,316755.961815,met,0.000990
b11,L1,7,316757.780136,316757.939828,316757.984891,met,0.001913
b11,L2,5,316758.780089,316758.877273,316758.951455,met,0.032915
b11,L1,8,316759.780136,316759.895046,316759.941051,met,0.004315
b11,L1,9,316761.780136,316761.842613,316761.888939,met,0.003390
b11,L2,6,316761.780089,316761.912734,316761.957583,met,0.001381
b11,L1,10,316763.780136,316763.883520,316764.512693,missed,0.548452
b11,L2,7,316764.780089,316764.906048,316765.215403,met,0.262721
b11,L1,11,316765.780136,316765.879385,316765.925948,met,0.001736
b11,L2,8,316767.780089,316767.909684,316767.990945,met,0.030468
b11,L1,12,316767.780136,316767.910478,316767.990994,met,0.029360
b11,L1,13,316769.780136,316769.912734,316770.112131,met,0.152528
b11,L2,9,316770.780089,316770.931311,316771.020253,met,0.042613
b11,L1,14,316771.780136,316771.914478,316771.987983,met,0.028607
b11,L2,10,316773.780089,316773.917215,316773.991902,met,0.026802
b11,L1,15,316773.780136,316773.917287,316773.992329,met,0.028322
b11,L1,16,316775.780136,316775.859093,316775.902739,met,0.003444
b11,L2,11,316776.780089,316776.921621,316777.001639,met,0.032917
b11,L1,17,316777.780136,316777.878232,316777.925376,met,0.003771
b11,L2,12,316779.780089,316779.867247,316779.948267,met,0.038208
b11,L1,18,316779.780136,316779.854683,316779.948334,met,0.051076
b11,L1,19,316781.780136,316781.923372,316781.967807,met,0.003591
b11,L2,13,316782.780089,316782.925710,316783.589063,met,0.612112
b11,L1,20,316783.780136,316783.874947,316783.920073,met,0.002340
b11,L2,14,316785.780089,316785.851322,316785.896079,met,0.001006
b11,L1,21,316785.780136,316785.860376,316785.903610,met,0.001995
b11,L1,22,316787.780136,316787.882453,316787.925297,met,0.000919
b11,L2,15,316788.780089,316788.866623,316788.911056,met,0.000935
b11,L1,23,316789.780136,316789.861413,316789.905057,met,0.000934
b11,L2,16,316791.780089,316791.854623,316791.919620,met,0.019737
b11,L1,24,316791.780136,316791.854014,316791.919670,met,0.021542
b11,L1,25,316793.780136,316793.858045,316793.901007,met,0.001090
b11,L2,17,316794.780089,316794.863071,316796.463620,met,1.552116
b11,L1,26,316795.780136,316795.875246,316796.471875,missed,0.541745
b11,L1,27,316797.780136,316797.852479,316797.903917,met,0.001106
b11,L2,18,316797.780089,316797.853062,316797.904106,met,0.001424
b11,L1,28,316799.780136,316799.903389,316799.949774,met,0.003725
b11,L2,19,316800.780089,316800.874426,316800.918923,met,0.001423
b11,L1,29,316801.780136,316801.876734,316801.925947,met,0.004394
b11,L2,20,316803.780089,316803.852972,316803.896571,met,0.001385
b11,L1,30,316803.780136,316803.896651,316803.944587,met,0.003665
b11,L1,31,316805.780136,316805.910847,316805.957976,met,0.003671
b11,L2,21,316806.780089,316806.869407,316806.913657,met,0.000914
b11,L1,32,316807.780136,316807.868484,316807.912268,met,0.002164
b11,L2,22,316809.780089,316809.852022,316809.901013,met,0.002144
b11,L1,33,316809.780136,316809.851959,316809.901007,met,0.001833
b11,L1,34,316811.780136,316811.862889,316811.907709,met,0.001849
b11,L2,23,316812.780089,316812.855865,316812.899852,met,0.000887
b11,L1,35,316813.780136,316813.840321,316813.883413,met,0.000980
b11,L1,36,316815.780136,316815.865970,316815.914215,met,0.001979
b11,L2,24,316815.780089,316815.864552,316815.914229,met,0.002263
b11,L1,37,316817.780136,316817.865062,316817.949869,met,0.037870
b11,L2,25,316818.780089,316818.859243,316818.900204,met,0.000931
b11,L1,38,316819.780136,316819.870262,316819.914624,met,0.001335
b11,L2,26,316821.780089,316821.843574,316821.886420,met,0.001001
b11,L1,39,316821.780136,316821.881481,316821.924810,met,0.001890
b11,L1,40,316823.780136,316823.859402,316823.901818,met,0.002147
b11,L2,27,316824.780089,316824.870954,316824.913381,met,0.000911
b11,L1,41,316825.780136,316825.918567,316825.961147,met,0.001459
b11,L2,28,316827.780089,316827.843923,316827.889610,met,0.001203
b11,L1,42,316827.780136,316827.849656,316827.893460,met,0.001083
b11,L1,43,316829.780136,316829.912098,316829.955073,met,0.001455
b11,L2,29,316830.780089,316830.839502,316830.879819,met,0.000887
b11,L1,44,316831.780136,316831.876685,316831.924475,met,0.001984
b11,L1,45,316833.780136,316833.861125,316833.911308,met,0.001869
b11,L2,30,316833.780089,316833.861254,316833.911381,met,0.002159
b11,L1,46,316835.780136,316835.866046,316835.910227,met,0.000951
b11,L2,31,316836.780089,316836.852820,316836.894837,met,0.000899
b11,L1,47,316837.780136,316837.971382,316838.021077,met,0.002061
b11,L1,48,316839.780136,316839.856934,316839.900249,met,0.001856
b11,L2,32,316839.780089,316839.897394,316839.939801,met,0.000962
b11,L1,49,316841.780136,316841.870722,316841.912491,met,0.000934
b11,L2,33,316842.780089,316842.974356,316843.015878,met,0.000888
b11,L1,50,316843.780136,316843.859398,316843.907606,met,0.002202
b11,L2,34,316845.780089,316845.856701,316845.918605,met,0.015037
b11,L1,51,316845.780136,316845.870288,316845.918541,met,0.002948
b11,L1,52,316847.780136,316847.867796,316847.912398,met,0.001839
b11,L2,35,316848.780089,316848.852209,316849.028009,met,0.129411
b11,L1,53,316849.780136,316849.880407,316849.940745,met,0.018058
b11,L1,54,316851.780136,316851.881166,316851.930758,met,0.002127
b11,L2,36,316851.780089,316851.887408,316851.956683,met,0.017892
b11,L1,55,316853.780136,316853.868486,316853.916029,met,0.002301
b11,L2,37,316854.780089,316854.852750,316855.215661,met,0.312062
b11,L1,56,316855.780136,316855.896076,316855.944794,met,0.003626
b11,L1,57,316857.780136,316857.887010,316858.600679,missed,0.649616
b11,L2,38,316857.780089,316857.887309,316858.791895,met,0.851852
b11,L1,58,316859.780136,316859.925745,316859.971313,met,0.001206
b11,L2,39,316860.780089,316860.873085,316860.916000,met,0.001173
b11,L1,59,316861.780136,316861.850883,316861.895341,met,0.001046
b11,L2,40,316863.780089,316863.851057,316863.894157,met,0.002762
b11,L1,60,316863.780136,316863.880983,316863.926755,met,0.001851
b11,L1,61,316865.780136,316865.924932,316865.968910,met,0.001894
b11,L2,41,316866.780089,316866.852012,316866.897490,met,0.000914
b11,L1,62,316867.780136,316867.874148,316867.917450,met,0.001779
b11,L1,63,316869.780136,316869.850148,316869.899723,met,0.002386
b11,L2,42,316869.780089,316869.850049,316869.899492,met,0.000930
b11,L1,64,316871.780136,316871.930369,316871.973399,met,0.002097
b11,L2,43,316872.780089,316872.886805,316872.930778,met,0.000892
b11,L1,65,316873.780136,316873.885864,316873.930280,met,0.001923
b11,L1,66,316875.780136,316875.839130,316875.881970,met,0.001013
b11,L2,44,316875.780089,316875.985915,316876.030337,met,0.000931
b11,L1,67,316877.780136,316877.913048,316877.957072,met,0.002363
b11,L2,45,316878.780089,316878.839862,316878.886528,met,0.004808
b11,L1,68,316879.780136,316879.870321,316879.923274,met,0.009878
b11,L1,69,316881.780136,316881.884379,316881.943806,met,0.018216
b11,L2,46,316881.780089,316881.936742,316881.989855,met,0.010778
b11,L1,70,316883.780136,316883.842895,316883.899092,met,0.014119
b11,L2,47,316884.780089,316884.990987,316885.050416,met,0.014068
b11,L1,71,316885.780136,316885.854132,316885.899473,met,0.001839
b11,L2,48,316887.780089,316887.866119,316887.910064,met,0.001010
b11,L1,72,316887.780136,316887.922868,316887.967080,met,0.001064
b11,L1,73,316889.780136,316889.877136,316889.940799,met,0.017228
b11,L2,49,316890.780089,316890.915081,316890.963057,met,0.003897
b11,L1,74,316891.780136,316891.849180,316891.894275,met,0.003419
b11,L1,75,316893.780136,316893.900985,316893.968271,met,0.026617
b11,L2,50,316893.780089,316893.989449,316894.033705,met,0.001193
b11,L1,76,316895.780136,316895.920121,316895.965340,met,0.003496
b11,L2,51,316896.780089,316896.852561,316896.893003,met,0.001227
b11,L1,77,316897.780136,316897.878299,316897.923226,met,0.004764
b11,L1,78,316899.780136,316899.862970,316899.910156,met,0.003481
b11,L2,52,316899.780089,316899.902578,316899.943937,met,0.001213
b11,L1,79,316901.780136,316901.991723,316902.050570,met,0.017044
b11,L2,53,316902.780089,316902.997562,316903.052045,met,0.009895
b11,L1,80,316903.780136,316903.995896,316904.052458,met,0.012298
b11,L1,81,316905.780136,316905.875507,316905.919424,met,0.001499
b11,L2,54,316905.780089,316905.930647,316905.970368,met,0.001371
b11,L1,82,316907.780136,316907.951896,316907.999303,met,0.005260
b11,L2,55,316908.780089,316908.913170,316908.957663,met,0.001909
b11,L1,83,316909.780136,316909.997026,316910.061737,met,0.023289
b11,L2,56,316911.780089,316911.839361,316911.881356,met,0.001305
b11,L1,84,316911.780136,316911.977485,316912.019528,met,0.001460
b11,L1,85,316913.780136,316913.848665,316913.890058,met,0.001869
b11,L2,57,316914.780089,316914.946303,316914.987800,met,0.001521
b11,L1,86,316915.780136,316915.857957,316915.901861,met,0.003321
b11,L2,58,316917.780089,316917.849498,316917.892935,met,0.000985
b11,L1,87,316917.780136,316917.909167,316917.953484,met,0.001339
b11,L1,88,316919.780136,316919.849094,316919.892890,met,0.000838
b11,L2,59,316920.780089,316920.865446,316921.239116,met,0.324944
b11,L1,89,316921.780136,316921.849621,316921.896491,met,0.001951
b11,L1,90,316923.780136,316923.842372,316923.889792,met,0.002314
b11,L2,60,316923.780089,316923.864204,316923.907645,met,0.001122
b11,L1,91,316925.780136,316925.850818,316926.026610,met,0.134118
b11,L2,61,316926.780089,316926.839837,316926.883373,met,0.003084
b11,L1,92,316927.780136,316927.875561,316927.917524,met,0.001394
b11,L1,93,316929.780136,316929.903945,316929.946485,met,0.003990
b11,L2,62,316929.780089,316929.946486,316929.990191,met,0.001191
b11,L1,94,316931.780136,316931.917439,316931.957775,met,0.001421
b11,L2,63,316932.780089,316932.849131,316932.939948,met,0.047786
b11,L1,95,316933.780136,316933.847056,316933.887945,met,0.002050
b11,L2,64,316935.780089,316935.868151,316935.912188,met,0.001374
b11,L1,96,316935.780136,316935.894171,316935.938311,met,0.001367
b11,L1,97,316937.780136,316937.855210,316937.907554,met,0.004683
b11,L2,65,316938.780089,316938.893127,316938.935052,met,0.001223
b11,L1,98,316939.780136,316939.850995,316939.896636,met,0.003496
b11,L1,99,316941.780136,316941.849373,316941.889491,met,0.001337
b11,L2,66,316941.780089,316941.984209,316942.025815,met,0.001376
b11,L1,100,316943.780136,316943.846007,316943.887367,met,0.002085
b11,L2,67,316944.780089,316944.867652,316944.910343,met,0.001282
b11,L1,101,316945.780136,316945.846676,316945.887546,met,0.002135
b11,L1,102,316947.780136,316947.844037,316947.889921,met,0.001943
b11,L2,68,316947.780089,316947.845192,316947.889919,met,0.001305
b11,L1,103,316949.780136,316949.982011,316950.025067,met,0.000964
b11,L2,69,316950.780089,316950.855604,316950.907196,met,0.002254
b11,L1,104,316951.780136,316951.869385,316952.571734,missed,0.650063
b11,L1,105,316953.780136,316953.880116,316953.932884,met,0.010137
b11,L2,70,316953.780089,316953.945023,316953.986413,met,0.001025
b11,L1,106,316955.780136,316955.943883,316955.986840,met,0.001818
b11,L2,71,316956.780089,316956.984125,316957.026002,met,0.000891
b11,L1,107,316957.780136,316957.909876,316957.952952,met,0.000967
b11,L1,108,316959.780136,316959.849499,316959.912659,met,0.017146
b11,L2,72,316959.780089,316959.849469,316959.912751,met,0.017376
b11,L1,109,316961.780136,316961.851140,316961.898304,met,0.006619
b11,L2,73,316962.780089,316962.853878,316962.896995,met,0.000901
b11,L1,110,316963.780136,316963.850652,316963.895052,met,0.001867
b11,L2,74,316965.780089,316965.849573,316965.902469,met,0.005673
b11,L1,111,316965.780136,316965.849556,316965.902325,met,0.006990
b11,L1,112,316967.780136,316967.892137,316967.937529,met,0.001878
b11,L2,75,316968.780089,316968.916228,316968.957861,met,0.000968
b11,L1,113,316969.780136,316969.850870,316969.908568,met,0.016466
b11,L2,76,316971.780089,316971.938183,316972.190336,met,0.201525
b11,L1,114,316971.780136,316971.938362,316972.207470,met,0.222337
b11,L1,115,316973.780136,316973.850543,316973.892901,met,0.001766
b11,L2,77,316974.780089,316974.849221,316974.891437,met,0.001294
b11,L1,116,316975.780136,316975.848742,316975.889912,met,0.001611
b11,L2,78,316977.780089,316977.847832,316977.894829,met,0.005835
b11,L1,117,316977.780136,316977.939322,316977.984083,met,0.002092
b11,L1,118,316979.780136,316979.854639,316979.898146,met,0.001901
b11,L2,79,316980.780089,316980.838022,316980.881462,met,0.001307
b11,L1,119,316981.780136,316981.875239,316981.916586,met,0.001494
b11,L1,120,316983.780136,316983.839074,316983.943844,met,0.064659
b11,L2,80,316983.780089,316983.872966,316983.964463,met,0.049782
b11,L1,121,316985.780136,316985.875884,316985.918609,met,0.001281
b11,L2,81,316986.780089,316986.867781,316986.921936,met,0.013961
b11,L1,122,316987.780136,316987.880756,316987.923918,met,0.002221
b11,L2,82,316989.780089,316989.857271,316989.904255,met,0.003744
b11,L1,123,316989.780136,316989.844748,316989.904341,met,0.016782
b11,L1,124,316991.780136,316991.848907,316991.920035,met,0.032703
b11,L2,83,316992.780089,316992.943299,316993.705089,met,0.716044
b11,L1,125,316993.780136,316993.976329,316994.020591,met,0.002062
b11,L2,84,316995.780089,316995.898765,316995.943764,met,0.001293
b11,L1,126,316995.780136,316995.898766,316995.943686,met,0.000975
b11,L1,127,316997.780136,316997.910187,316997.950411,met,0.000956
b11,L2,85,316998.780089,316998.937531,316998.982618,met,0.002865
b11,L1,128,316999.780136,316999.849495,316999.893994,met,0.002140
b11,L2,86,317001.780089,317001.848263,317001.970729,met,0.079639
b11,L1,129,317001.780136,317001.957960,317002.117966,met,0.115970
b11,L1,130,317003.780136,317003.856727,317003.991441,met,0.091903
b11,L2,87,317004.780089,317004.869559,317004.915964,met,0.003099
b11,L1,131,317005.780136,317005.919003,317005.962440,met,0.001831
b11,L1,132,317007.780136,317007.839854,317007.880667,met,0.001022
b11,L2,88,317007.780089,317007.863622,317007.913809,met,0.007419
b11,L1,133,317009.780136,317009.852189,317009.904133,met,0.010966
b11,L2,89,317010.780089,317010.866386,317010.924447,met,0.017134
b11,L1,134,317011.780136,317011.875802,317011.920634,met,0.001968
b11,L1,135,317013.780136,317013.902957,317014.608162,missed,0.644315
b11,L2,90,317013.780089,317013.902844,317015.015944,met,1.065097
b11,L1,136,317015.780136,317015.907854,317015.947219,met,0.001291
b11,L2,91,317016.780089,317016.847632,317016.891087,met,0.001253
b11,L1,137,317017.780136,317017.841990,317017.882108,met,0.001591
b11,L1,138,317019.780136,317019.844907,317019.936420,met,0.051287
b11,L2,92,317019.780089,317019.910659,317019.953595,met,0.000893
b11,L1,139,317021.780136,317021.917619,317021.960229,met,0.003634
b11,L2,93,317022.780089,317022.845732,317022.886386,met,0.001570
b11,L1,140,317023.780136,317023.884979,317023.926977,met,0.001352
b11,L2,94,317025.780089,317025.849666,317025.892554,met,0.001194
b11,L1,141,317025.780136,317025.984422,317026.028302,met,0.002083
b11,L1,142,317027.780136,317027.870751,317027.916173,met,0.003708
b11,L2,95,317028.780089,317028.842845,317028.884034,met,0.001407
b11,L1,143,317029.780136,317029.844675,317030.024846,met,0.136534
b11,L1,144,317031.780136,317031.851567,317031.892683,met,0.001527
b11,L2,96,317031.780089,317031.864491,317031.905973,met,0.001412
b11,L1,145,317033.780136,317033.961154,317034.004417,met,0.003936
b11,L2,97,317034.780089,317034.860966,317034.938220,met,0.035466
b11,L1,146,317035.780136,317035.887335,317035.939820,met,0.005053
b11,L1,147,317037.780136,317037.844840,317037.889095,met,0.003559
b11,L2,98,317037.780089,317037.861086,317037.904810,met,0.001639
b11,L1,148,317039.780136,317039.937573,317039.981312,met,0.002122
b11,L2,99,317040.780089,317040.997166,317041.041369,met,0.001147
b11,L1,149,317041.780136,317041.856175,317041.901229,met,0.002122
b12,L1,0,317042.343422,317042.407645,317042.454681,met,0.001144
b12,L2,0,317042.343482,317042.407645,317042.454722,met,0.001459
b12,L1,1,317044.343422,317044.421334,317044.462885,met,0.000951
b12,L2,1,317045.343482,317045.445827,317046.200491,met,0.706191
b12,L1,2,317046.343422,317046.528751,317046.571334,met,0.001834
b12,L2,2,317048.343482,317048.431335,317048.472802,met,0.000929
b12,L1,3,317048.343422,317048.447037,317048.489642,met,0.000901
b12,L1,4,317050.343422,317050.463511,317050.506188,met,0.001797
b12,L2,3,317051.343482,317051.421648,317051.461475,met,0.000823
b12,L1,5,317052.343422,317052.447705,317052.490860,met,0.002037
b12,L1,6,317054.343422,317054.411258,317054.456016,met,0.001021
b12,L2,4,317054.343482,317054.429093,317054.472819,met,0.001038
b12,L1,7,317056.343422,317056.408589,317056.454070,met,0.002060
b12,L2,5,317057.343482,317057.420205,317057.462897,met,0.000907
b12,L1,8,317058.343422,317058.407095,317058.450454,met,0.001792
b12,L1,9,317060.343422,317060.407654,317060.462142,met,0.008137
b12,L2,6,317060.343482,317060.411575,317060.462148,met,0.006820
b12,L1,10,317062.343422,317062.428538,317062.473199,met,0.001860
b12,L2,7,317063.343482,317063.438646,317063.481797,met,0.000894
b12,L1,11,317064.343422,317064.408696,317064.964740,missed,0.499695
b12,L1,12,317066.343422,317066.447700,317066.494694,met,0.002162
b12,L2,8,317066.343482,317066.447714,317066.494621,met,0.000925
b12,L1,13,317068.343422,317068.410731,317068.453460,met,0.001176
b12,L2,9,317069.343482,317069.415735,317069.468747,met,0.011167
b12,L1,14,317070.343422,317070.477940,317070.522815,met,0.001003
b12,L2,10,317072.343482,317072.410902,317072.457765,met,0.001006
b12,L1,15,317072.343422,317072.410886,317072.457689,met,0.002380
b12,L1,16,317074.343422,317074.453505,317074.497357,met,0.001855
b12,L2,11,317075.343482,317075.422711,317075.466183,met,0.000936
b12,L1,17,317076.343422,317076.413299,317077.098983,missed,0.621524
b12,L1,18,317078.343422,317078.410575,317078.461086,met,0.012085
b12,L2,12,317078.343482,317078.534750,317078.591917,met,0.017582
b12,L1,19,317080.343422,317080.409270,317080.489384,met,0.036298
b12,L2,13,317081.343482,317081.519442,317081.563160,met,0.000862
b12,L1,20,317082.343422,317082.533660,317082.575172,met,0.002022
b12,L2,14,317084.343482,317084.446240,317084.496409,met,0.002137
b12,L1,21,317084.343422,317084.446238,317084.496420,met,0.001858
b12,L1,22,317086.343422,317086.445019,317086.509297,met,0.020514
b12,L2,15,317087.343482,317087.430796,317087.474342,met,0.000945
b12,L1,23,317088.343422,317088.429687,317088.487439,met,0.013419
b12,L2,16,317090.343482,317090.424029,317090.475083,met,0.001101
b12,L1,24,317090.343422,317090.422619,317090.477162,met,0.003804
b12,L1,25,317092.343422,317092.439777,317092.517608,met,0.034501
b12,L2,17,317093.343482,317093.527740,317093.570046,met,0.000833
b12,L1,26,317094.343422,317094.493256,317094.597720,met,0.060975
b12,L1,27,317096.343422,317096.414049,317096.458608,met,0.003598
b12,L2,18,317096.343482,317096.459651,317096.510183,met,0.009466
b12,L1,28,317098.343422,317098.523126,317098.569528,met,0.003710
b12,L2,19,317099.343482,317099.415977,317099.459898,met,0.001510
b12,L1,29,317100.343422,317100.553782,317100.597988,met,0.000912
b12,L1,30,317102.343422,317102.407858,317102.633544,met,0.180935
b12,L2,20,317102.343482,317102.411194,317102.633691,met,0.179672
b12,L1,31,317104.343422,317104.446903,317104.489972,met,0.000953
b12,L2,21,317105.343482,317105.458647,317105.501495,met,0.001096
b12,L1,32,317106.343422,317106.437359,317106.528819,met,0.038798
b12,L1,33,317108.343422,317108.470912,317108.607851,met,0.094409
b12,L2,22,317108.343482,317108.445593,317108.607754,met,0.116282
b12,L1,34,317110.343422,317110.420209,317110.464559,met,0.001025
b12,L2,23,317111.343482,317111.416799,317111.458788,met,0.001008
b12,L1,35,317112.343422,317112.439268,317112.484251,met,0.001953
b12,L2,24,317114.343482,317114.421641,317114.467038,met,0.001025
b12,L1,36,317114.343422,317114.427825,317114.472384,met,0.002676
b12,L1,37,317116.343422,317116.482732,317116.535154,met,0.004784
b12,L2,25,317117.343482,317117.607477,317117.690509,met,0.006262
b12,L1,38,317118.343422,317118.516906,317118.607841,met,0.030055
b12,L1,39,317120.343422,317120.428603,317120.473338,met,0.001480
b12,L2,26,317120.343482,317120.547492,317120.607506,met,0.010753
b12,L1,40,317122.343422,317122.409009,317122.466422,met,0.003543
b12,L2,27,317123.343482,317123.524532,317123.634426,met,0.064134
b12,L1,41,317124.343422,317124.445453,317124.493405,met,0.003537
b12,L1,42,317126.343422,317126.458583,317126.498972,met,0.001448
b12,L2,28,317126.343482,317126.532392,317126.574544,met,0.001306
b12,L1,43,317128.343422,317128.546867,317128.593454,met,0.002287
b12,L2,29,317129.343482,317129.540176,317129.643064,met,0.049988
b12,L1,44,317130.343422,317130.525132,317130.569548,met,0.001975
b12,L2,30,317132.343482,317132.528579,317132.652238,met,0.072957
b12,L1,45,317132.343422,317132.556813,317132.652802,met,0.046886
b12,L1,46,317134.343422,317134.428296,317134.472831,met,0.003831
b12,L2,31,317135.343482,317135.501245,317135.566577,met,0.003236
b12,L1,47,317136.343422,317136.428966,317136.495705,met,0.002246
b12,L1,48,317138.343422,317138.513715,317139.176679,missed,0.607844
b12,L2,32,317138.343482,317138.556464,317139.666795,met,1.065844
b12,L1,49,317140.343422,317140.535047,317140.573559,met,0.001162
b12,L2,33,317141.343482,317141.548659,317141.751580,met,0.158540
b12,L1,50,317142.343422,317142.538333,317142.574811,met,0.001505
b12,L1,51,317144.343422,317144.417541,317144.455767,met,0.001526
b12,L2,34,317144.343482,317144.547908,317144.657828,met,0.071276
b12,L1,52,317146.343422,317146.401620,317146.439902,met,0.003329
b12,L2,35,317147.343482,317147.482809,317147.520706,met,0.001375
b12,L1,53,317148.343422,317148.402448,317148.440630,met,0.001223
b12,L2,36,317150.343482,317150.544164,317150.586310,met,0.001323
b12,L1,54,317150.343422,317150.544048,317150.588379,met,0.004283
b12,L1,55,317152.343422,317152.501423,317152.544987,met,0.003895
b12,L2,37,317153.343482,317153.487540,317153.523600,met,0.001185
b12,L1,56,317154.343422,317154.448960,317154.486360,met,0.001298
b12,L2,38,317156.343482,317156.482801,317156.521180,met,0.001221
b12,L1,57,317156.343422,317156.532106,317156.571937,met,0.003220
b12,L1,58,317158.343422,317158.535143,317158.576740,met,0.002763
b12,L2,39,317159.343482,317159.440097,317159.479808,met,0.000920
b12,L1,59,317160.343422,317160.407817,317160.446929,met,0.001945
b12,L2,40,317162.343482,317162.406147,317162.452388,met,0.004204
b12,L1,60,317162.343422,317162.406132,317162.452469,met,0.003559
b12,L1,61,317164.343422,317164.450466,317164.488511,met,0.003321
b12,L2,41,317165.343482,317165.412774,317165.449920,met,0.001252
b12,L1,62,317166.343422,317166.407826,317166.445842,met,0.003372
b12,L2,42,317168.343482,317168.441333,317168.479685,met,0.001248
b12,L1,63,317168.343422,317168.521997,317168.560946,met,0.003333
b12,L1,64,317170.343422,317170.422862,317170.730139,met,0.261167
b12,L2,43,317171.343482,317171.518505,317171.556067,met,0.001252
b12,L1,65,317172.343422,317172.422772,317172.549453,met,0.091195
b12,L1,66,317174.343422,317174.425397,317174.464867,met,0.003101
b12,L2,44,317174.343482,317174.535294,317174.572925,met,0.001311
b12,L1,67,317176.343422,317176.403973,317176.446245,met,0.002893
b12,L2,45,317177.343482,317177.408688,317177.445955,met,0.001345
b12,L1,68,317178.343422,317178.414066,317178.461916,met,0.004785
b12,L1,69,317180.343422,317180.430180,317180.477778,met,0.003956
b12,L2,46,317180.343482,317180.538046,317180.695539,met,0.120656
b12,L1,70,317182.343422,317182.528693,317182.578911,met,0.004615
b12,L2,47,317183.343482,317183.562165,317183.609771,met,0.001337
b12,L1,71,317184.343422,317184.488426,317184.537991,met,0.004647
b12,L2,48,317186.343482,317186.471774,317186.518429,met,0.001290
b12,L1,72,317186.343422,317186.481232,317186.527716,met,0.003090
b12,L1,73,317188.343422,317188.535244,317188.575625,met,0.001326
b12,L2,49,317189.343482,317189.416939,317189.467074,met,0.001024
b12,L1,74,317190.343422,317190.495756,317190.549779,met,0.001167
b12,L2,50,317192.343482,317192.421537,317192.486108,met,0.001306
b12,L1,75,317192.343422,317192.572798,317192.635986,met,0.003283
b12,L1,76,317194.343422,317194.528251,317194.585364,met,0.001504
b12,L2,51,317195.343482,317195.425837,317195.487622,met,0.001364
b12,L1,77,317196.343422,317196.438370,317197.159384,missed,0.648693
b12,L1,78,317198.343422,317198.429146,317198.497191,met,0.003422
b12,L2,52,317198.343482,317198.436959,317198.502186,met,0.001281
b12,L1,79,317200.343422,317200.434368,317200.496674,met,0.001441
b12,L1,80,317202.343422,317202.483010,317203.215045,missed,0.649582
b12,L2,53,317201.343482,317201.514861,317203.734867,missed,2.134847
b12,L1,81,317204.343422,317204.568152,317204.880544,met,0.255074
b12,L2,54,317204.343482,317204.511098,317204.880864,met,0.315584
b12,L1,82,317206.343422,317206.444795,317206.502666,met,0.001192
b12,L1,83,317208.343422,317208.429577,317209.149897,missed,0.641592
b12,L2,55,317207.343482,317207.560432,317209.781914,missed,2.145193
b12,L1,84,317210.343422,317210.513579,317210.560616,met,0.004479
b12,L2,56,317210.343482,317210.563513,317210.607443,met,0.001268
b12,L1,85,317212.343422,317212.423653,317212.485718,met,0.001360
b12,L2,57,317213.343482,317213.409602,317214.721558,met,1.244710
b12,L1,86,317214.343422,317214.435962,317214.745238,met,0.249299
b12,L2,58,317216.343482,317216.436792,317216.499570,met,0.001424
b12,L1,87,317216.343422,317216.542669,317216.589307,met,0.001795
b12,L1,88,317218.343422,317218.419103,317218.551061,met,0.077961
b12,L2,59,317219.343482,317219.418629,317219.482048,met,0.001184
b12,L1,89,317220.343422,317220.479489,317221.205979,missed,0.649586
b12,L1,90,317222.343422,317222.441377,317223.132651,missed,0.614070
b12,L2,60,317222.343482,317222.441401,317224.466814,met,1.956334
b12,L1,91,317224.343422,317224.553203,317224.621561,met,0.001393
b12,L2,61,317225.343482,317225.457806,317225.533312,met,0.001249
b12,L1,92,317226.343422,317226.448349,317226.538700,met,0.020226
b12,L2,62,317228.343482,317228.581977,317228.633044,met,0.001238
b12,L1,93,317228.343422,317228.581977,317228.633064,met,0.000988
b12,L1,94,317230.343422,317230.422934,317230.493059,met,0.003458
b12,L2,63,317231.343482,317231.420797,317231.493307,met,0.001271
b12,L1,95,317232.343422,317232.443560,317233.147107,missed,0.617320
b12,L1,96,317234.343422,317234.445753,317235.034047,missed,0.506813
b12,L2,64,317234.343482,317234.540902,317236.466803,met,1.857320
b12,L1,97,317236.343422,317236.544287,317236.616224,met,0.001283
b12,L2,65,317237.343482,317237.468246,317237.556394,met,0.024341
b12,L1,98,317238.343422,317238.581918,317238.642061,met,0.001271
b12,L2,66,317240.343482,317240.566902,317240.637820,met,0.001455
b12,L1,99,317240.343422,317240.566863,317240.640830,met,0.004449
b12,L1,100,317242.343422,317242.453512,317242.517922,met,0.001462
b12,L2,67,317243.343482,317243.447854,317243.506115,met,0.001328
b12,L1,101,317244.343422,317244.487245,317245.213993,missed,0.647952
b12,L2,68,317246.343482,317246.429496,317246.480739,met,0.001100
b12,L1,102,317246.343422,317246.563431,317246.613013,met,0.001560
b12,L1,103,317248.343422,317248.482271,317248.524697,met,0.001371
b12,L2,69,317249.343482,317249.451785,317249.493833,met,0.000770
b12,L1,104,317250.343422,317250.413113,317250.453777,met,0.001803
b12,L2,70,317252.343482,317252.403468,317252.444560,met,0.000876
b12,L1,105,317252.343422,317252.434152,317252.473891,met,0.001814
b12,L1,106,317254.343422,317254.435089,317254.477064,met,0.001895
b12,L2,71,317255.343482,317255.551841,317255.590158,met,0.001236
b12,L1,107,317256.343422,317256.417137,317256.457690,met,0.001763
b12,L2,72,317258.343482,317258.426405,317258.473537,met,0.002058
b12,L1,108,317258.343422,317258.426410,317258.473776,met,0.001790
b12,L1,109,317260.343422,317260.438115,317260.477367,met,0.001813
b12,L2,73,317261.343482,317261.498995,317261.538004,met,0.000840
b12,L1,110,317262.343422,317262.421571,317262.469958,met,0.002977
b12,L1,111,317264.343422,317264.515722,317265.058382,met,0.495345
b12,L2,74,317264.343482,317264.546476,317265.058654,met,0.465318
b12,L1,112,317266.343422,317266.426940,317266.466824,met,0.001306
b12,L2,75,317267.343482,317267.457903,317267.498362,met,0.001245
b12,L1,113,317268.343422,317268.406822,317268.449899,met,0.003397
b12,L1,114,317270.343422,317270.433799,317270.488046,met,0.015531
b12,L2,76,317270.343482,317270.432241,317270.488445,met,0.015254
b12,L1,115,317272.343422,317272.560606,317272.601574,met,0.003623
b12,L2,77,317273.343482,317273.556472,317273.599512,met,0.001397
b12,L1,116,317274.343422,317274.556162,317274.601668,met,0.003525
b12,L2,78,317276.343482,317276.407885,317276.448612,met,0.001253
b12,L1,117,317276.343422,317276.448612,317276.490584,met,0.003354
b12,L1,118,317278.343422,317278.548709,317278.594429,met,0.003734
b12,L2,79,317279.343482,317279.420517,317279.461167,met,0.000854
b12,L1,119,317280.343422,317280.484421,317280.525744,met,0.001839
b12,L2,80,317282.343482,317282.410153,317282.450955,met,0.000913
b12,L1,120,317282.343422,317282.541424,317282.580763,met,0.002297
b12,L1,121,317284.343422,317284.467687,317284.507907,met,0.003258
b12,L2,81,317285.343482,317285.551017,317285.791443,met,0.198440
b12,L1,122,317286.343422,317286.498860,317286.644792,met,0.103644
b12,L2,82,317288.343482,317288.547014,317288.590857,met,0.001320
b12,L1,123,317288.343422,317288.547353,317288.591570,met,0.004080
b12,L1,124,317290.343422,317290.448318,317290.491151,met,0.004888
b12,L2,83,317291.343482,317291.522748,317291.564172,met,0.001199
b12,L1,125,317292.343422,317292.454556,317292.495558,met,0.001300
b12,L1,126,317294.343422,317294.428540,317294.577654,met,0.109499
b12,L2,84,317294.343482,317294.492193,317294.690481,met,0.156841
b12,L1,127,317296.343422,317296.547618,317296.591474,met,0.003369
b12,L2,85,317297.343482,317297.447740,317297.485389,met,0.001196
b12,L1,128,317298.343422,317298.426037,317298.462014,met,0.001364
b12,L2,86,317300.343482,317300.422911,317300.461608,met,0.001095
b12,L1,129,317300.343422,317300.485215,317300.526059,met,0.003726
b12,L1,130,317302.343422,317302.480314,317302.523105,met,0.002028
b12,L2,87,317303.343482,317303.446728,317303.629265,met,0.140246
b12,L1,131,317304.343422,317304.432459,317304.595123,met,0.121202
b12,L1,132,317306.343422,317306.410507,317306.459807,met,0.002100
b12,L2,88,317306.343482,317306.410570,317306.459846,met,0.002534
b12,L1,133,317308.343422,317308.421732,317308.465979,met,0.001856
b12,L2,89,317309.343482,317309.447285,317309.492095,met,0.000901
b12,L1,134,317310.343422,317310.438111,317310.485607,met,0.005937
b12,L2,90,317312.343482,317312.466418,317312.508235,met,0.000893
b12,L1,135,317312.343422,317312.552662,317312.596719,met,0.001843
b12,L1,136,317314.343422,317314.542857,317314.668194,met,0.080589
b12,L2,91,317315.343482,317315.530004,317315.576509,met,0.005734
b12,L1,137,317316.343422,317316.510984,317316.625728,met,0.075151
b12,L1,138,317318.343422,317318.409195,317318.452140,met,0.001901
b12,L2,92,317318.343482,317318.496433,317318.536460,met,0.000957
b12,L1,139,317320.343422,317320.488737,317320.539275,met,0.006133
b12,L2,93,317321.343482,317321.485827,317321.526013,met,0.001304
b12,L1,140,317322.343422,317322.479195,317322.522142,met,0.004029
b12,L1,141,317324.343422,317324.409323,317324.460341,met,0.005634
b12,L2,94,317324.343482,317324.503355,317324.542784,met,0.001171
b12,L1,142,317326.343422,317326.412706,317327.112266,missed,0.647599
b12,L2,95,317327.343482,317327.419056,317327.459210,met,0.001210
b12,L1,143,317328.343422,317328.553853,317328.589932,met,0.001387
b12,L1,144,317330.343422,317330.412245,317330.455120,met,0.002205
b12,L2,96,317330.343482,317330.412195,317330.455036,met,0.001355
b12,L1,145,317332.343422,317332.483968,317332.525030,met,0.003218
b12,L2,97,317333.343482,317333.489371,317333.525182,met,0.001243
b12,L1,146,317334.343422,317334.548050,317334.587325,met,0.003239
b12,L2,98,317336.343482,317336.420171,317336.460056,met,0.001272
b12,L1,147,317336.343422,317336.443819,317336.485174,met,0.003381
b12,L1,148,317338.343422,317338.546107,317338.585318,met,0.003295
b12,L2,99,317339.343482,317339.405886,317339.444985,met,0.000954
b12,L1,149,317340.343422,317340.399741,317340.438323,met,0.000948
b13,L1,0,317340.794150,317340.856081,317340.901294,met,0.001917
b13,L2,0,317340.794327,317340.856111,317340.901184,met,0.001243
b13,L1,1,317342.794150,317342.980512,317343.032022,met,0.004338
b13,L2,1,317343.794327,317344.008036,317344.049142,met,0.001260
b13,L1,2,317344.794150,317344.869568,317344.906628,met,0.001212
b13,L2,2,317346.794327,317346.854079,317346.895681,met,0.001131
b13,L1,3,317346.794150,317346.994138,317347.464942,met,0.425060
b13,L1,4,317348.794150,317348.856839,317348.897668,met,0.003155
b13,L2,3,317349.794327,317349.864772,317349.903552,met,0.001270
b13,L1,5,317350.794150,317350.856255,317350.893834,met,0.001307
b13,L2,4,317352.794327,317352.856141,317352.894794,met,0.000870
b13,L1,6,317352.794150,317352.894773,317352.937117,met,0.003294
b13,L1,7,317354.794150,317354.914133,317354.972983,met,0.005854
b13,L2,5,317355.794327,317356.008661,317356.051166,met,0.001754
b13,L1,8,317356.794150,317356.935495,317357.639432,missed,0.647803
b13,L1,9,317358.794150,317358.864738,317359.568139,missed,0.650279
b13,L2,6,317358.794327,317358.851391,317359.798674,met,0.902965
b13,L1,10,317360.794150,317360.856906,317360.899103,met,0.003650
b13,L2,7,317361.794327,317361.884474,317361.924236,met,0.001248
b13,L1,11,317362.794150,317362.861497,317362.900250,met,0.000885
b13,L1,12,317364.794150,317364.967085,317365.012565,met,0.003923
b13,L2,8,317364.794327,317364.992274,317365.034221,met,0.001251
b13,L1,13,317366.794150,317366.859358,317366.900613,met,0.000956
b13,L2,9,317367.794327,317367.899585,317367.938220,met,0.001245
b13,L1,14,317368.794150,317368.905705,317368.997019,met,0.054384
b13,L2,10,317370.794327,317370.902809,317370.943741,met,0.001321
b13,L1,15,317370.794150,317370.995805,317371.037124,met,0.003324
b13,L1,16,317372.794150,317372.971146,317373.034004,met,0.023955
b13,L2,11,317373.794327,317373.949630,317373.988710,met,0.001185
b13,L1,17,317374.794150,317374.988730,317375.042611,met,0.015925
b13,L2,12,317376.794327,317376.864377,317376.911010,met,0.001180
b13,L1,18,317376.794150,317376.864277,317376.911084,met,0.003559
b13,L1,19,317378.794150,317378.985862,317379.069660,met,0.046336
b13,L2,13,317379.794327,317379.936527,317379.974366,met,0.001264
b13,L1,20,317380.794150,317380.887540,317380.925765,met,0.001110
b13,L2,14,317382.794327,317382.849234,317382.891679,met,0.001280
b13,L1,21,317382.794150,317382.849269,317382.892940,met,0.004053
b13,L1,22,317384.794150,317384.919220,317385.019914,met,0.062008
b13,L2,15,317385.794327,317385.885938,317385.924376,met,0.001273
b13,L1,23,317386.794150,317386.860922,317386.899657,met,0.001429
b13,L2,16,317388.794327,317388.911303,317388.950662,met,0.001276
b13,L1,24,317388.794150,317388.989721,317389.035986,met,0.005422
b13,L1,25,317390.794150,317390.870967,317391.122879,met,0.207778
b13,L2,17,317391.794327,317391.875752,317391.915407,met,0.000858
b13,L1,26,317392.794150,317392.912908,317392.952836,met,0.001387
b13,L2,18,317394.794327,317394.850923,317394.898267,met,0.005288
b13,L1,27,317394.794150,317394.850920,317394.898189,met,0.004664
b13,L1,28,317396.794150,317396.999109,317397.037141,met,0.001260
b13,L2,19,317397.794327,317398.000034,317398.040282,met,0.001250
b13,L1,29,317398.794150,317398.888012,317399.004690,met,0.077179
b13,L1,30,317400.794150,317400.849067,317400.892067,met,0.003840
b13,L2,20,317400.794327,317400.966621,317401.024394,met,0.018292
b13,L1,31,317402.794150,317402.929433,317402.967564,met,0.001426
b13,L2,21,317403.794327,317403.946632,317403.985100,met,0.001257
b13,L1,32,317404.794150,317404.924464,317404.963746,met,0.003192
b13,L1,33,317406.794150,317406.865680,317406.904899,met,0.003170
b13,L2,22,317406.794327,317406.973018,317407.024455,met,0.015189
b13,L1,34,317408.794150,317408.858909,317409.135614,met,0.238363
b13,L2,23,317409.794327,317409.852128,317409.890171,met,0.001237
b13,L1,35,317410.794150,317410.998062,317411.038258,met,0.003452
b13,L2,24,317412.794327,317412.922566,317412.959872,met,0.001480
b13,L1,36,317412.794150,317412.982039,317413.023707,met,0.003429
b13,L1,37,317414.794150,317414.860694,317414.900933,met,0.003331
b13,L2,25,317415.794327,317416.001955,317416.042742,met,0.001328
b13,L1,38,317416.794150,317416.876847,317416.915878,met,0.003354
b13,L2,26,317418.794327,317418.910394,317418.948904,met,0.001248
b13,L1,39,317418.794150,317418.916113,317418.957071,met,0.003283
b13,L1,40,317420.794150,317420.865506,317420.904770,met,0.001450
b13,L2,27,317421.794327,317421.889369,317422.220439,met,0.286234
b13,L1,41,317422.794150,317422.963922,317423.003782,met,0.003265
b13,L2,28,317424.794327,317424.855669,317424.898268,met,0.001763
b13,L1,42,317424.794150,317424.855668,317424.901685,met,0.004987
b13,L1,43,317426.794150,317426.910089,317426.951575,met,0.003638
b13,L2,29,317427.794327,317427.865538,317427.905632,met,0.001210
b13,L1,44,317428.794150,317428.862064,317429.197171,met,0.291420
b13,L1,45,317430.794150,317430.860095,317430.903266,met,0.003865
b13,L2,30,317430.794327,317430.962794,317431.022274,met,0.019186
b13,L1,46,317432.794150,317432.934994,317432.971220,met,0.001285
b13,L2,31,317433.794327,317433.850775,317433.887714,met,0.001228
b13,L1,47,317434.794150,317434.898165,317434.938428,met,0.003576
b13,L2,32,317436.794327,317436.922021,317437.120251,met,0.161280
b13,L1,48,317436.794150,317436.941611,317437.217403,met,0.235901
b13,L1,49,317438.794150,317438.878364,317438.920327,met,0.003502
b13,L2,33,317439.794327,317439.909105,317439.948542,met,0.001073
b13,L1,50,317440.794150,317440.861507,317440.901525,met,0.003278
b13,L2,34,317442.794327,317442.888822,317442.928131,met,0.001345
b13,L1,51,317442.794150,317442.926404,317442.966545,met,0.001309
b13,L1,52,317444.794150,317444.983542,317445.025080,met,0.003967
b13,L2,35,317445.794327,317445.917090,317445.956592,met,0.001310
b13,L1,53,317446.794150,317446.884419,317446.924803,met,0.003288
b13,L1,54,317448.794150,317448.854580,317448.894121,met,0.003054
b13,L2,36,317448.794327,317448.989027,317449.111214,met,0.084596
b13,L1,55,317450.794150,317450.934911,317450.975103,met,0.003375
b13,L2,37,317451.794327,317451.893986,317451.975091,met,0.003933
b13,L1,56,317452.794150,317452.941788,317453.185164,met,0.199275
b13,L1,57,317454.794150,317454.858476,317455.042697,met,0.146210
b13,L2,38,317454.794327,317454.924740,317455.254975,met,0.291213
b13,L1,58,317456.794150,317456.898467,317456.939439,met,0.003296
b13,L2,39,317457.794327,317457.925812,317457.963226,met,0.001301
b13,L1,59,317458.794150,317458.993857,317459.287974,met,0.251189
b13,L2,40,317460.794327,317460.860381,317460.898384,met,0.001215
b13,L1,60,317460.794150,317460.965335,317461.003493,met,0.001339
b13,L1,61,317462.794150,317462.978998,317463.018904,met,0.003111
b13,L2,41,317463.794327,317463.874401,317463.912415,met,0.001139
b13,L1,62,317464.794150,317464.854336,317464.895372,met,0.003071
b13,L1,63,317466.794150,317466.894005,317466.937959,met,0.003504
b13,L2,42,317466.794327,317466.893912,317466.937907,met,0.004273
b13,L1,64,317468.794150,317469.017811,317469.133784,met,0.061649
b13,L2,43,317469.794327,317469.927292,317469.975044,met,0.002040
b13,L1,65,317470.794150,317470.867518,317470.912627,met,0.001903
b13,L2,44,317472.794327,317472.916370,317472.966345,met,0.001816
b13,L1,66,317472.794150,317472.916452,317472.968095,met,0.006002
b13,L1,67,317474.794150,317474.955449,317475.005989,met,0.006113
b13,L2,45,317475.794327,317475.945657,317475.985910,met,0.001234
b13,L1,68,317476.794150,317476.968821,317477.007473,met,0.001864
b13,L1,69,317478.794150,317478.952793,317479.003395,met,0.003205
b13,L2,46,317478.794327,317478.978902,317479.019444,met,0.001184
b13,L1,70,317480.794150,317480.887544,317480.940298,met,0.005224
b13,L2,47,317481.794327,317482.016588,317482.066977,met,0.001679
b13,L1,71,317482.794150,317482.966326,317483.013240,met,0.002459
b13,L1,72,317484.794150,317484.893330,317484.942859,met,0.003433
b13,L2,48,317484.794327,317484.893311,317484.943109,met,0.004081
b13,L1,73,317486.794150,317486.889938,317486.927646,met,0.001358
b13,L2,49,317487.794327,317487.962067,317488.000608,met,0.001154
b13,L1,74,317488.794150,317488.946274,317488.988107,met,0.003171
b13,L1,75,317490.794150,317490.848549,317490.888591,met,0.003609
b13,L2,50,317490.794327,317490.990000,317491.026386,met,0.001251
b13,L1,76,317492.794150,317492.961041,317492.998393,met,0.001100
b13,L2,51,317493.794327,317493.922045,317493.960410,met,0.001173
b13,L1,77,317494.794150,317494.848566,317494.887044,met,0.003581
b13,L1,78,317496.794150,317496.864669,317496.905036,met,0.003233
b13,L2,52,317496.794327,317496.992797,317497.030806,met,0.001202
b13,L1,79,317498.794150,317498.868797,317498.907851,met,0.001383
b13,L2,53,317499.794327,317499.850749,317499.889493,met,0.001214
b13,L1,80,317500.794150,317500.979270,317501.495201,met,0.455839
b13,L1,81,317502.794150,317502.874130,317502.926771,met,0.001481
b13,L2,54,317502.794327,317502.874140,317502.926771,met,0.001003
b13,L1,82,317504.794150,317504.925583,317504.968834,met,0.005406
b13,L2,55,317505.794327,317505.864831,317505.903507,met,0.001273
b13,L1,83,317506.794150,317506.949901,317506.989700,met,0.003674
b13,L1,84,317508.794150,317508.888614,317508.931596,met,0.003467
b13,L2,56,317508.794327,317508.932699,317508.969721,met,0.001236
b13,L1,85,317510.794150,317510.939863,317510.980971,met,0.003297
b13,L2,57,317511.794327,317511.893917,317511.934265,met,0.001260
b13,L1,86,317512.794150,317512.943605,317512.987399,met,0.001432
b13,L1,87,317514.794150,317514.961661,317515.112809,met,0.109134
b13,L2,58,317514.794327,317514.961655,317515.112904,met,0.107721
b13,L1,88,317516.794150,317516.894141,317516.931942,met,0.001251
b13,L2,59,317517.794327,317517.931211,317517.969407,met,0.001244
b13,L1,89,317518.794150,317518.937761,317518.977360,met,0.003532
b13,L2,60,317520.794327,317520.880392,317520.926624,met,0.003839
b13,L1,90,317520.794150,317520.879013,317520.926500,met,0.003289
b13,L1,91,317522.794150,317522.961170,317522.999608,met,0.003250
b13,L2,61,317523.794327,317523.871600,317523.909968,met,0.001247
b13,L1,92,317524.794150,317524.849649,317524.890459,met,0.003278
b13,L1,93,317526.794150,317526.853312,317526.891818,met,0.003275
b13,L2,62,317526.794327,317526.968840,317527.006332,met,0.001221
b13,L1,94,317528.794150,317528.937552,317528.993254,met,0.003026
b13,L2,63,317529.794327,317529.858304,317529.896878,met,0.001272
b13,L1,95,317530.794150,317530.998514,317531.038844,met,0.003382
b13,L2,64,317532.794327,317532.908037,317532.954869,met,0.001365
b13,L1,96,317532.794150,317532.908102,317532.954869,met,0.002247
b13,L1,97,317534.794150,317534.899357,317534.940246,met,0.003471
b13,L2,65,317535.794327,317535.856010,317535.893130,met,0.001360
b13,L1,98,317536.794150,317536.999861,317537.039515,met,0.003276
b13,L2,66,317538.794327,317538.941262,317538.982585,met,0.001003
b13,L1,99,317538.794150,317538.959379,317538.997788,met,0.001324
b13,L1,100,317540.794150,317540.994209,317541.034282,met,0.002802
b13,L2,67,317541.794327,317541.984711,317542.022571,met,0.001240
b13,L1,101,317542.794150,317542.993130,317543.032384,met,0.003557
b13,L1,102,317544.794150,317544.849120,317544.891677,met,0.001822
b13,L2,68,317544.794327,317544.848907,317544.891626,met,0.001222
b13,L1,103,317546.794150,317546.876727,317546.917357,met,0.003627
b13,L2,69,317547.794327,317547.870156,317547.906619,met,0.001210
b13,L1,104,317548.794150,317548.854081,317548.890803,met,0.001364
b13,L1,105,317550.794150,317550.854156,317550.892833,met,0.001334
b13,L2,70,317550.794327,317550.859825,317550.898950,met,0.001040
b13,L1,106,317552.794150,317552.973397,317553.014077,met,0.003203
b13,L2,71,317553.794327,317553.877717,317553.915546,met,0.001195
b13,L1,107,317554.794150,317554.871532,317554.909515,met,0.001399
b13,L2,72,317556.794327,317556.855367,317556.892729,met,0.001167
b13,L1,108,317556.794150,317556.935739,317556.976008,met,0.003203
b13,L1,109,317558.794150,317558.894759,317558.935402,met,0.002946
b13,L2,73,317559.794327,317559.993782,317560.031835,met,0.001297
b13,L1,110,317560.794150,317560.870324,317560.907989,met,0.001317
b13,L2,74,317562.794327,317562.866059,317562.968442,met,0.063925
b13,L1,111,317562.794150,317562.885349,317562.968441,met,0.045210
b13,L1,112,317564.794150,317564.994689,317565.035448,met,0.003454
b13,L2,75,317565.794327,317565.931117,317565.968509,met,0.001205
b13,L1,113,317566.794150,317566.921889,317566.963007,met,0.003508
b13,L2,76,317568.794327,317568.857668,317568.895630,met,0.001141
b13,L1,114,317568.794150,317568.954850,317568.997069,met,0.003118
b13,L1,115,317570.794150,317570.857832,317570.898667,met,0.001648
b13,L2,77,317571.794327,317571.917740,317571.956589,met,0.001158
b13,L1,116,317572.794150,317572.919793,317572.963731,met,0.004261
b13,L2,78,317574.794327,317574.860108,317574.898381,met,0.001213
b13,L1,117,317574.794150,317574.963323,317575.000536,met,0.001477
b13,L1,118,317576.794150,317576.928696,317577.285947,met,0.313936
b13,L2,79,317577.794327,317577.866572,317577.901947,met,0.000871
b13,L1,119,317578.794150,317578.997965,317579.035914,met,0.001233
b13,L2,80,317580.794327,317580.920503,317580.958657,met,0.000962
b13,L1,120,317580.794150,317580.952487,317580.994290,met,0.003532
b13,L1,121,317582.794150,317582.966399,317583.008207,met,0.003899
b13,L2,81,317583.794327,317583.886816,317583.924308,met,0.001279
b13,L1,122,317584.794150,317584.894582,317584.932643,met,0.003035
b13,L2,82,317586.794327,317586.932731,317586.974342,met,0.001272
b13,L1,123,317586.794150,317586.932706,317586.976024,met,0.003992
b13,L1,124,317588.794150,317588.860955,317588.899856,met,0.003389
b13,L2,83,317589.794327,317589.985219,317590.023584,met,0.001190
b13,L1,125,317590.794150,317590.895683,317590.934376,met,0.002890
b13,L1,126,317592.794150,317592.884055,317592.923002,met,0.003214
b13,L2,84,317592.794327,317592.964800,317593.001547,met,0.001188
b13,L1,127,317594.794150,317594.976788,317595.015733,met,0.001298
b13,L2,85,317595.794327,317595.934613,317595.977831,met,0.001817
b13,L1,128,317596.794150,317596.950139,317597.004944,met,0.005471
b13,L1,129,317598.794150,317598.958093,317598.999889,met,0.003281
b13,L2,86,317598.794327,317598.990454,317599.028988,met,0.001223
b13,L1,130,317600.794150,317601.013656,317601.065640,met,0.001841
b13,L2,87,317601.794327,317602.009340,317602.055758,met,0.001977
b13,L1,131,317602.794150,317603.010903,317603.062888,met,0.005853
b13,L1,132,317604.794150,317604.977471,317605.022960,met,0.003207
b13,L2,88,317604.794327,317604.977472,317605.022960,met,0.003810
b13,L1,133,317606.794150,317606.873944,317606.924924,met,0.002255
b13,L2,89,317607.794327,317608.008276,317608.150904,met,0.104329
b13,L1,134,317608.794150,317608.865524,317609.091843,met,0.179181
b13,L1,135,317610.794150,317610.856638,317610.897136,met,0.000924
b13,L2,90,317610.794327,317610.898293,317610.937991,met,0.000949
b13,L1,136,317612.794150,317612.985167,317613.121503,met,0.098326
b13,L2,91,317613.794327,317613.976709,317614.315325,met,0.294326
b13,L1,137,317614.794150,317614.992417,317615.033627,met,0.001862
b13,L1,138,317616.794150,317616.853778,317616.896422,met,0.001189
b13,L2,92,317616.794327,317616.992403,317617.033402,met,0.001132
b13,L1,139,317618.794150,317619.009345,317619.050544,met,0.003273
b13,L2,93,317619.794327,317619.868098,317619.905982,met,0.001171
b13,L1,140,317620.794150,317620.849063,317620.888953,met,0.001823
b13,L1,141,317622.794150,317622.871295,317622.909917,met,0.000983
b13,L2,94,317622.794327,317622.933842,317622.973642,met,0.000909
b13,L1,142,317624.794150,317624.859600,317624.897369,met,0.001835
b13,L2,95,317625.794327,317625.937414,317625.977351,met,0.000871
b13,L1,143,317626.794150,317626.856627,317626.896365,met,0.001889
b13,L1,144,317628.794150,317628.882131,317628.920476,met,0.003310
b13,L2,96,317628.794327,317628.944621,317628.980831,met,0.001104
b13,L1,145,317630.794150,317630.998358,317631.038114,met,0.003314
b13,L2,97,317631.794327,317631.940481,317631.978346,met,0.001144
b13,L1,146,317632.794150,317632.948314,317632.988953,met,0.003126
b13,L1,147,317634.794150,317634.876081,317634.917011,met,0.003055
b13,L2,98,317634.794327,317634.973419,317635.009737,met,0.001144
b13,L1,148,317636.794150,317636.850841,317636.888887,met,0.003213
b13,L2,99,317637.794327,317637.869710,317637.907761,met,0.001179
b13,L1,149,317638.794150,317638.873983,317638.914357,met,0.001998
b14,L2,0,317639.298891,317639.360765,317639.403327,met,0.000990
b14,L1,0,317639.299216,317639.360680,317639.403942,met,0.001306
b14,L1,1,317641.299216,317641.412671,317641.449729,met,0.001196
b14,L2,1,317642.298891,317642.377107,317642.414853,met,0.000868
b14,L1,2,317643.299216,317643.395280,317643.472539,met,0.039018
b14,L2,2,317645.298891,317645.358099,317645.394226,met,0.000890
b14,L1,3,317645.299216,317645.481727,317645.517902,met,0.001277
b14,L1,4,317647.299216,317647.379680,317647.416835,met,0.001368
b14,L2,3,317648.298891,317648.454857,317648.494192,met,0.001157
b14,L1,5,317649.299216,317649.466293,317649.510638,met,0.002042
b14,L2,4,317651.298891,317651.472305,317651.516026,met,0.000804
b14,L1,6,317651.299216,317651.498070,317651.540552,met,0.001890
b14,L1,7,317653.299216,317653.506203,317653.548435,met,0.001894
b14,L2,5,317654.298891,317654.459879,317654.506848,met,0.000846
b14,L1,8,317655.299216,317655.494785,317655.541505,met,0.002158
b14,L2,6,317657.298891,317657.368589,317657.412249,met,0.002076
b14,L1,9,317657.299216,317657.368720,317657.412138,met,0.001818
b14,L1,10,317659.299216,317659.363325,317659.402121,met,0.003236
b14,L2,7,317660.298891,317660.408186,317660.446509,met,0.000877
b14,L1,11,317661.299216,317661.428118,317661.466502,met,0.001805
b14,L1,12,317663.299216,317663.356108,317663.395646,met,0.001879
b14,L2,8,317663.298891,317663.471044,317663.508781,met,0.000856
b14,L1,13,317665.299216,317665.359149,317665.398679,met,0.000932
b14,L2,9,317666.298891,317666.363685,317666.402675,met,0.000929
b14,L1,14,317667.299216,317667.386837,317667.426747,met,0.001823
b14,L2,10,317669.298891,317669.438538,317669.478107,met,0.002517
b14,L1,15,317669.299216,317669.459996,317669.499600,met,0.001800
b14,L1,16,317671.299216,317671.366396,317671.406541,met,0.001329
b14,L2,11,317672.298891,317672.363179,317672.439607,met,0.038672
b14,L1,17,317673.299216,317673.364764,317673.404922,met,0.003331
b14,L1,18,317675.299216,317675.404552,317676.073662,missed,0.614030
b14,L2,12,317675.298891,317675.404534,317676.194979,met,0.746243
b14,L1,19,317677.299216,317677.458508,317677.495714,met,0.001530
b14,L2,13,317678.298891,317678.385684,317678.423533,met,0.001202
b14,L1,20,317679.299216,317679.502638,317679.544361,met,0.003172
b14,L1,21,317681.299216,317681.360540,317681.401018,met,0.001342
b14,L2,14,317681.298891,317681.378140,317681.416435,met,0.001099
b14,L1,22,317683.299216,317683.386435,317683.428417,met,0.002779
b14,L2,15,317684.298891,317684.385144,317684.423316,met,0.001286
b14,L1,23,317685.299216,317685.407276,317685.445758,met,0.002941
b14,L2,16,317687.298891,317687.370816,317687.408783,met,0.001242
b14,L1,24,317687.299216,317687.416665,317687.455297,met,0.001370
b14,L1,25,317689.299216,317689.491781,317689.531124,met,0.003335
b14,L2,17,317690.298891,317690.370111,317690.409307,met,0.001316
b14,L1,26,317691.299216,317691.383572,317691.421729,met,0.001795
b14,L2,18,317693.298891,317693.387337,317693.426541,met,0.001208
b14,L1,27,317693.299216,317693.393579,317693.434896,met,0.003404
b14,L1,28,317695.299216,317695.373408,317695.412851,met,0.003384
b14,L2,19,317696.298891,317696.398926,317696.437307,met,0.001176
b14,L1,29,317697.299216,317697.366375,317697.403609,met,0.001719
b14,L1,30,317699.299216,317699.368167,317699.410113,met,0.001885
b14,L2,20,317699.298891,317699.392936,317699.432973,met,0.000863
b14,L1,31,317701.299216,317701.507301,317701.548424,met,0.001845
b14,L2,21,317702.298891,317702.504320,317702.540000,met,0.001179
b14,L1,32,317703.299216,317703.367727,317703.406984,met,0.001864
b14,L1,33,317705.299216,317705.374173,317705.413202,met,0.001513
b14,L2,22,317705.298891,317705.476531,317705.514531,met,0.001088
b14,L1,34,317707.299216,317707.442544,317707.482633,met,0.001812
b14,L2,23,317708.298891,317708.385689,317708.426780,met,0.001200
b14,L1,35,317709.299216,317709.363132,317709.402517,met,0.002895
b14,L2,24,317711.298891,317711.357732,317711.404715,met,0.004117
b14,L1,36,317711.299216,317711.357973,317711.404714,met,0.003553
b14,L1,37,317713.299216,317713.368579,317713.408701,met,0.003742
b14,L2,25,317714.298891,317714.380200,317714.419334,met,0.001495
b14,L1,38,317715.299216,317715.388461,317715.430753,met,0.001397
b14,L2,26,317717.298891,317717.397327,317717.434398,met,0.001217
b14,L1,39,317717.299216,317717.482517,317717.519873,met,0.001396
b14,L1,40,317719.299216,317719.440511,317719.503494,met,0.025459
b14,L2,27,317720.298891,317720.364238,317720.402272,met,0.001199
b14,L1,41,317721.299216,317721.357130,317721.396794,met,0.001334
b14,L2,28,317723.298891,317723.508222,317723.555876,met,0.001349
b14,L1,42,317723.299216,317723.508139,317723.556942,met,0.004377
b14,L1,43,317725.299216,317725.506472,317725.548259,met,0.001960
b14,L2,29,317726.298891,317726.509103,317726.551757,met,0.001799
b14,L1,44,317727.299216,317727.476915,317727.520177,met,0.002261
b14,L2,30,317729.298891,317729.352750,317729.398453,met,0.002115
b14,L1,45,317729.299216,317729.352702,317729.398537,met,0.001855
b14,L1,46,317731.299216,317731.377640,317731.418197,met,0.001710
b14,L2,31,317732.298891,317732.362148,317732.400284,met,0.000884
b14,L1,47,317733.299216,317733.399926,317733.439007,met,0.003236
b14,L2,32,317735.298891,317735.386701,317735.425189,met,0.001246
b14,L1,48,317735.299216,317735.393303,317735.433916,met,0.002856
b14,L1,49,317737.299216,317737.502148,317738.198466,missed,0.644992
b14,L2,33,317738.298891,317738.426426,317738.586773,met,0.119749
b14,L1,50,317739.299216,317739.508269,317739.544735,met,0.001381
b14,L1,51,317741.299216,317741.382895,317741.419702,met,0.000954
b14,L2,34,317741.298891,317741.379679,317741.419697,met,0.001115
b14,L1,52,317743.299216,317743.506657,317743.615508,met,0.071520
b14,L2,35,317744.298891,317744.451041,317744.496419,met,0.004388
b14,L1,53,317745.299216,317745.384117,317745.424345,met,0.003311
b14,L1,54,317747.299216,317747.352819,317747.735914,met,0.341645
b14,L2,36,317747.298891,317747.417619,317747.744738,met,0.289793
b14,L1,55,317749.299216,317749.431854,317749.470787,met,0.003411
b14,L2,37,317750.298891,317750.378681,317750.416814,met,0.001223
b14,L1,56,317751.299216,317751.390025,317751.432048,met,0.003350
b14,L1,57,317753.299216,317753.355612,317753.391571,met,0.001378
b14,L2,38,317753.298891,317753.462891,317753.556321,met,0.054144
b14,L1,58,317755.299216,317755.417259,317755.457457,met,0.003258
b14,L2,39,317756.298891,317756.379884,317756.417471,met,0.001168
b14,L1,59,317757.299216,317757.353040,317757.392647,met,0.003400
b14,L1,60,317759.299216,317759.393571,317759.432410,met,0.001838
b14,L2,40,317759.298891,317759.432434,317759.526671,met,0.054641
b14,L1,61,317761.299216,317761.430939,317761.468114,met,0.000913
b14,L2,41,317762.298891,317762.442817,317762.542424,met,0.062456
b14,L1,62,317763.299216,317763.361608,317763.399718,met,0.003011
b14,L2,42,317765.298891,317765.481673,317765.545947,met,0.017911
b14,L1,63,317765.299216,317765.481643,317765.545946,met,0.019639
b14,L1,64,317767.299216,317767.391047,317767.429442,met,0.001445
b14,L2,43,317768.298891,317768.465049,317768.560563,met,0.055888
b14,L1,65,317769.299216,317769.360025,317769.401708,met,0.003396
b14,L1,66,317771.299216,317771.402876,317771.442235,met,0.001318
b14,L2,44,317771.298891,317771.430008,317771.470317,met,0.001168
b14,L1,67,317773.299216,317773.434136,317773.473406,met,0.003169
b14,L2,45,317774.298891,317774.399731,317774.439833,met,0.001226
b14,L1,68,317775.299216,317775.390555,317775.429758,met,0.003419
b14,L2,46,317777.298891,317777.365128,317777.408313,met,0.001887
b14,L1,69,317777.299216,317777.365077,317777.408521,met,0.001368
b14,L1,70,317779.299216,317779.394186,317779.438055,met,0.003336
b14,L2,47,317780.298891,317780.450875,317781.239113,met,0.745140
b14,L1,71,317781.299216,317781.476758,317781.517866,met,0.003680
b14,L2,48,317783.298891,317783.469081,317783.508776,met,0.001163
b14,L1,72,317783.299216,317783.493441,317783.533948,met,0.001363
b14,L1,73,317785.299216,317785.361820,317785.402629,met,0.002970
b14,L2,49,317786.298891,317786.374914,317786.413697,met,0.001283
b14,L1,74,317787.299216,317787.365771,317787.404978,met,0.001371
b14,L2,50,317789.298891,317789.383613,317789.427379,met,0.000886
b14,L1,75,317789.299216,317789.383605,317789.427440,met,0.002050
b14,L1,76,317791.299216,317791.360069,317791.399133,met,0.000953
b14,L2,51,317792.298891,317792.446049,317792.554499,met,0.069518
b14,L1,77,317793.299216,317793.379624,317793.420656,met,0.002899
b14,L1,78,317795.299216,317795.430296,317795.470352,met,0.003437
b14,L2,52,317795.298891,317795.491568,317795.551817,met,0.020490
b14,L1,79,317797.299216,317797.372944,317797.881057,met,0.464279
b14,L2,53,317798.298891,317798.365978,317798.404611,met,0.001108
b14,L1,80,317799.299216,317799.378192,317799.420045,met,0.003663
b14,L2,54,317801.298891,317801.354548,317801.393510,met,0.001072
b14,L1,81,317801.299216,317801.448501,317801.559618,met,0.068909
b14,L1,82,317803.299216,317803.397627,317803.437313,met,0.001308
b14,L2,55,317804.298891,317804.361482,317804.402886,met,0.001154
b14,L1,83,317805.299216,317805.391820,317805.433564,met,0.003014
b14,L2,56,317807.298891,317807.396170,317807.436215,met,0.001136
b14,L1,84,317807.299216,317807.403771,317807.445185,met,0.001336
b14,L1,85,317809.299216,317809.354779,317809.394467,met,0.002027
b14,L2,57,317810.298891,317810.366172,317810.404030,met,0.001188
b14,L1,86,317811.299216,317811.380375,317811.421433,met,0.003237
b14,L2,58,317813.298891,317813.390031,317813.435354,met,0.001209
b14,L1,87,317813.299216,317813.390224,317813.435265,met,0.001870
b14,L1,88,317815.299216,317815.375199,317815.417136,met,0.003086
b14,L2,59,317816.298891,317816.391958,317816.443920,met,0.001089
b14,L1,89,317817.299216,317817.430581,317817.471642,met,0.003378
b14,L1,90,317819.299216,317819.464687,317819.548405,met,0.044621
b14,L2,60,317819.298891,317819.514242,317819.587286,met,0.033937
b14,L1,91,317821.299216,317821.374483,317821.412311,met,0.000929
b14,L2,61,317822.298891,317822.438745,317822.477010,met,0.001216
b14,L1,92,317823.299216,317823.427543,317823.470372,met,0.003412
b14,L2,62,317825.298891,317825.356295,317825.394491,met,0.001194
b14,L1,93,317825.299216,317825.413854,317825.459384,met,0.003237
b14,L1,94,317827.299216,317827.473127,317827.512194,met,0.003292
b14,L2,63,317828.298891,317828.372733,317829.196765,met,0.779453
b14,L1,95,317829.299216,317829.433835,317829.471415,met,0.003035
b14,L2,64,317831.298891,317831.377941,317831.417304,met,0.001121
b14,L1,96,317831.299216,317831.384483,317831.424260,met,0.001408
b14,L1,97,317833.299216,317833.456726,317833.497829,met,0.003190
b14,L2,65,317834.298891,317834.364254,317834.402840,met,0.001189
b14,L1,98,317835.299216,317835.375725,317835.415141,met,0.003104
b14,L1,99,317837.299216,317837.376248,317837.413944,met,0.001453
b14,L2,66,317837.298891,317837.438942,317837.475623,met,0.001146
b14,L1,100,317839.299216,317839.448096,317839.488458,met,0.003092
b14,L2,67,317840.298891,317840.354181,317840.393427,met,0.001149
b14,L1,101,317841.299216,317841.359748,317841.405565,met,0.003445
b14,L2,68,317843.298891,317843.412183,317843.454771,met,0.001126
b14,L1,102,317843.299216,317843.462905,317843.500696,met,0.001315
b14,L1,103,317845.299216,317845.384739,317845.434825,met,0.003403
b14,L2,69,317846.298891,317846.510980,317846.558706,met,0.001932
b14,L1,104,317847.299216,317847.516212,317847.567733,met,0.004714
b14,L2,70,317849.298891,317849.410610,317849.466666,met,0.002651
b14,L1,105,317849.299216,317849.410633,317849.466672,met,0.002327
b14,L1,106,317851.299216,317851.405698,317851.446820,met,0.001978
b14,L2,71,317852.298891,317852.442147,317852.489036,met,0.001520
b14,L1,107,317853.299216,317853.404943,317853.446729,met,0.001455
b14,L1,108,317855.299216,317855.398548,317855.445570,met,0.001811
b14,L2,72,317855.298891,317855.398637,317855.445725,met,0.002060
b14,L1,109,317857.299216,317857.384551,317857.426012,met,0.001258
b14,L2,73,317858.298891,317858.413522,317858.460588,met,0.001795
b14,L1,110,317859.299216,317859.470335,317860.175009,missed,0.649862
b14,L1,111,317861.299216,317861.428541,317861.592723,met,0.123286
b14,L2,74,317861.298891,317861.451783,317861.688029,met,0.195160
b14,L1,112,317863.299216,317863.367680,317863.417475,met,0.003561
b14,L2,75,317864.298891,317864.388683,317864.435855,met,0.001561
b14,L1,113,317865.299216,317865.413656,317865.457691,met,0.003153
b14,L1,114,317867.299216,317867.497622,317867.547448,met,0.003456
b14,L2,76,317867.298891,317867.497514,317867.547372,met,0.003967
b14,L1,115,317869.299216,317869.475370,317869.527556,met,0.005840
b14,L2,77,317870.298891,317870.366884,317870.408393,met,0.001393
b14,L1,116,317871.299216,317871.504687,317871.548129,met,0.003230
b14,L2,78,317873.298891,317873.383912,317873.430364,met,0.001288
b14,L1,117,317873.299216,317873.383908,317873.430533,met,0.004071
b14,L1,118,317875.299216,317875.412517,317875.452987,met,0.001811
b14,L2,79,317876.298891,317876.401270,317876.444270,met,0.001621
b14,L1,119,317877.299216,317877.361519,317877.401616,met,0.001183
b14,L2,80,317879.298891,317879.489685,317879.535351,met,0.000989
b14,L1,120,317879.299216,317879.506032,317879.550260,met,0.001743
b14,L1,121,317881.299216,317881.378978,317881.420545,met,0.001776
b14,L2,81,317882.298891,317882.443271,317882.486974,met,0.001596
b14,L1,122,317883.299216,317883.517839,317883.564398,met,0.001985
b14,L1,123,317885.299216,317885.368635,317885.415973,met,0.007859
b14,L2,82,317885.298891,317885.382361,317885.424328,met,0.000892
b14,L1,124,317887.299216,317887.395735,317887.439695,met,0.001892
b14,L2,83,317888.298891,317888.439563,317888.487597,met,0.001502
b14,L1,125,317889.299216,317889.513297,317889.561351,met,0.001754
b14,L2,84,317891.298891,317891.377383,317891.417249,met,0.001148
b14,L1,126,317891.299216,317891.410783,317891.454013,met,0.003625
b14,L1,127,317893.299216,317893.368518,317893.407524,met,0.001294
b14,L2,85,317894.298891,317894.371682,317894.412360,met,0.001151
b14,L1,128,317895.299216,317895.387638,317895.432697,met,0.003266
b14,L2,86,317897.298891,317897.508842,317897.561134,met,0.001584
b14,L1,129,317897.299216,317897.508827,317897.561315,met,0.004495
b14,L1,130,317899.299216,317899.402140,317899.444334,met,0.001334
b14,L2,87,317900.298891,317900.370663,317900.412490,met,0.001585
b14,L1,131,317901.299216,317901.403109,317901.504258,met,0.056865
b14,L1,132,317903.299216,317903.388496,317903.439213,met,0.003383
b14,L2,88,317903.298891,317903.502795,317903.542743,met,0.001198
b14,L1,133,317905.299216,317905.357524,317905.396546,met,0.001553
b14,L2,89,317906.298891,317906.371578,317906.416823,met,0.000999
b14,L1,134,317907.299216,317907.449581,317907.491774,met,0.002994
b14,L1,135,317909.299216,317909.419135,317909.462237,met,0.001913
b14,L2,90,317909.298891,317909.497311,317909.539503,met,0.000916
b14,L1,136,317911.299216,317911.490603,317911.532452,met,0.001698
b14,L2,91,317912.298891,317912.372461,317912.420526,met,0.000998
b14,L1,137,317913.299216,317913.384164,317913.426205,met,0.003169
b14,L2,92,317915.298891,317915.398627,317915.458843,met,0.011000
b14,L1,138,317915.299216,317915.398544,317915.458829,met,0.012347
b14,L1,139,317917.299216,317917.444007,317917.492963,met,0.003746
b14,L2,93,317918.298891,317918.396676,317918.456922,met,0.019960
b14,L1,140,317919.299216,317919.433466,317919.477866,met,0.003148
b14,L1,141,317921.299216,317921.394986,317922.093320,missed,0.643058
b14,L2,94,317921.298891,317921.429076,317922.358479,met,0.884160
b14,L1,142,317923.299216,317923.509259,317923.549528,met,0.003079
b14,L2,95,317924.298891,317924.363549,317924.403538,met,0.002622
b14,L1,143,317925.299216,317925.405655,317925.455174,met,0.001422
b14,L2,96,317927.298891,317927.431355,317927.479840,met,0.001677
b14,L1,144,317927.299216,317927.431231,317927.481119,met,0.005446
b14,L1,145,317929.299216,317929.388796,317929.431894,met,0.001713
b14,L2,97,317930.298891,317930.469953,317930.679370,met,0.164531
b14,L1,146,317931.299216,317931.383482,317931.425765,met,0.003436
b14,L1,147,317933.299216,317933.427822,317933.477658,met,0.001694
b14,L2,98,317933.298891,317933.480204,317933.519463,met,0.001131
b14,L1,148,317935.299216,317935.484784,317935.528893,met,0.003439
b14,L2,99,317936.298891,317936.379963,317936.418688,met,0.001184
b14,L1,149,317937.299216,317937.378844,317937.418996,met,0.001852
b15,L2,0,317937.784136,317937.841403,317937.885466,met,0.001864
b15,L1,0,317937.784109,317937.841484,317937.885583,met,0.001369
b15,L1,1,317939.784109,317939.857999,317939.903231,met,0.001878
b15,L2,1,317940.784136,317940.887573,317940.925816,met,0.001223
b15,L1,2,317941.784109,317941.877606,317941.918485,met,0.000950
b15,L2,2,317943.784136,317943.868695,317943.904896,met,0.001167
b15,L1,3,317943.784109,317943.913052,317943.951427,met,0.003014
b15,L1,4,317945.784109,317945.865962,317945.909769,met,0.001343
b15,L2,3,317946.784136,317946.912590,317946.952872,met,0.001171
b15,L1,5,317947.784109,317947.988413,317948.026730,met,0.003152
b15,L2,4,317949.784136,317949.993682,317950.039323,met,0.001502
b15,L1,6,317949.784109,317949.993662,317950.041193,met,0.005027
b15,L1,7,317951.784109,317951.858442,317951.898867,met,0.001272
b15,L2,5,317952.784136,317952.875315,317953.056635,met,0.134748
b15,L1,8,317953.784109,317953.857286,317953.899800,met,0.002783
b15,L1,9,317955.784109,317955.901796,317955.954415,met,0.001650
b15,L2,6,317955.784136,317955.902007,317955.954369,met,0.002332
b15,L1,10,317957.784109,317957.893580,317957.947913,met,0.005727
b15,L2,7,317958.784136,317958.848822,317958.889697,met,0.001158
b15,L1,11,317959.784109,317959.927040,317959.969961,met,0.003374
b15,L1,12,317961.784109,317961.880756,317961.922625,met,0.001371
b15,L2,8,317961.784136,317961.976803,317962.013881,met,0.001444
b15,L1,13,317963.784109,317963.847909,317963.890160,met,0.003030
b15,L2,9,317964.784136,317964.865759,317964.906423,met,0.001207
b15,L1,14,317965.784109,317965.992397,317966.035362,met,0.003362
b15,L1,15,317967.784109,317967.922480,317967.971660,met,0.002250
b15,L2,10,317967.784136,317967.922482,317967.971643,met,0.001426
b15,L1,16,317969.784109,317969.990057,317970.028507,met,0.003258
b15,L2,11,317970.784136,317970.918597,317970.957507,met,0.000865
b15,L1,17,317971.784109,317971.840456,317971.881457,met,0.001839
b15,L2,12,317973.784136,317973.868172,317973.905616,met,0.001274
b15,L1,18,317973.784109,317973.985724,317974.027800,met,0.003141
b15,L1,19,317975.784109,317975.937220,317975.977871,met,0.002962
b15,L2,13,317976.784136,317976.895474,317976.938206,met,0.001247
b15,L1,20,317977.784109,317977.852420,317977.894275,met,0.003213
b15,L2,14,317979.784136,317979.873650,317979.912819,met,0.001206
b15,L1,21,317979.784109,317979.961199,317980.002716,met,0.002239
b15,L1,22,317981.784109,317981.973678,317982.017538,met,0.003872
b15,L2,15,317982.784136,317982.906091,317982.945521,met,0.001162
b15,L1,23,317983.784109,317983.917977,317984.371771,met,0.408260
b15,L2,16,317985.784136,317985.915914,317985.952419,met,0.001140
b15,L1,24,317985.784109,317985.952419,317985.994083,met,0.001406
b15,L1,25,317987.784109,317987.877346,317987.920362,met,0.002430
b15,L2,17,317988.784136,317988.930367,317988.972173,met,0.001226
b15,L1,26,317989.784109,317989.840492,317989.882320,met,0.003265
b15,L2,18,317991.784136,317991.844186,317991.882266,met,0.001162
b15,L1,27,317991.784109,317991.980334,317992.019451,met,0.003222
b15,L1,28,317993.784109,317993.861716,317993.910208,met,0.009875
b15,L2,19,317994.784136,317994.852322,317994.898890,met,0.001636
b15,L1,29,317995.784109,317995.940263,317995.991352,met,0.005249
b15,L1,30,317997.784109,317997.855924,317997.907786,met,0.001973
b15,L2,20,317997.784136,317997.856238,317997.907783,met,0.002908
b15,L1,31,317999.784109,317999.976864,318000.026590,met,0.005067
b15,L2,21,318000.784136,318000.979941,318001.022105,met,0.000841
b15,L1,32,318001.784109,318001.863868,318001.903449,met,0.000890
b15,L1,33,318003.784109,318003.854720,318003.904060,met,0.006789
b15,L2,22,318003.784136,318003.940484,318003.978158,met,0.001045
b15,L1,34,318005.784109,318005.870239,318005.918902,met,0.004603
b15,L2,23,318006.784136,318006.912800,318006.966596,met,0.002030
b15,L1,35,318007.784109,318007.972178,318008.019982,met,0.002199
b15,L2,24,318009.784136,318009.844192,318009.882049,met,0.001127
b15,L1,36,318009.784109,318009.915514,318009.954914,met,0.003464
b15,L1,37,318011.784109,318011.958986,318011.998573,met,0.003196
b15,L2,25,318012.784136,318012.843651,318012.881784,met,0.001121
b15,L1,38,318013.784109,318013.961239,318013.997591,met,0.001530
b15,L2,26,318015.784136,318015.866441,318015.905793,met,0.001162
b15,L1,39,318015.784109,318015.936507,318015.977550,met,0.003057
b15,L1,40,318017.784109,318017.847864,318017.886351,met,0.001275
b15,L2,27,318018.784136,318018.949135,318018.988818,met,0.001171
b15,L1,41,318019.784109,318019.860823,318019.900467,met,0.002935
b15,L2,28,318021.784136,318021.915990,318021.957335,met,0.001317
b15,L1,42,318021.784109,318021.915967,318021.959044,met,0.003757
b15,L1,43,318023.784109,318023.981588,318024.019033,met,0.001409
b15,L2,29,318024.784136,318024.966544,318025.006295,met,0.001229
b15,L1,44,318025.784109,318025.894479,318025.935630,met,0.003179
b15,L1,45,318027.784109,318027.845716,318027.889117,met,0.002743
b15,L2,30,318027.784136,318027.899874,318027.940605,met,0.001176
b15,L1,46,318029.784109,318029.845329,318029.882153,met,0.001280
b15,L2,31,318030.784136,318030.983411,318031.023479,met,0.000759
b15,L1,47,318031.784109,318031.845799,318031.886947,met,0.000937
b15,L2,32,318033.784136,318033.842542,318033.879297,met,0.001097
b15,L1,48,318033.784109,318033.944731,318033.984639,met,0.002920
b15,L1,49,318035.784109,318035.849134,318035.889544,met,0.003129
b15,L2,33,318036.784136,318036.908145,318036.944675,met,0.001217
b15,L1,50,318037.784109,318037.841837,318037.880817,met,0.003146
b15,L1,51,318039.784109,318039.849333,318040.040406,met,0.153632
b15,L2,34,318039.784136,318039.903927,318040.040520,met,0.099106
b15,L1,52,318041.784109,318041.845432,318041.885155,met,0.002991
b15,L2,35,318042.784136,318042.849345,318042.887644,met,0.001184
b15,L1,53,318043.784109,318043.890949,318043.929953,met,0.003185
b15,L1,54,318045.784109,318045.946704,318046.220255,met,0.225247
b15,L2,36,318045.784136,318045.946692,318046.220427,met,0.223638
b15,L1,55,318047.784109,318047.852204,318047.889794,met,0.001281
b15,L2,37,318048.784136,318048.874456,318048.911884,met,0.001181
b15,L1,56,318049.784109,318049.865488,318049.904109,met,0.003034
b15,L1,57,318051.784109,318051.935609,318051.982025,met,0.003394
b15,L2,38,318051.784136,318051.935582,318051.982053,met,0.004036
b15,L1,58,318053.784109,318053.930998,318053.969693,met,0.001342
b15,L2,39,318054.784136,318054.990086,318055.028624,met,0.001179
b15,L1,59,318055.784109,318055.879992,318055.919841,met,0.004031
b15,L2,40,318057.784136,318057.849777,318057.888429,met,0.001167
b15,L1,60,318057.784109,318057.910626,318057.948363,met,0.003174
b15,L1,61,318059.784109,318059.840583,318059.880246,met,0.003247
b15,L2,41,318060.784136,318060.910284,318060.947897,met,0.001042
b15,L1,62,318061.784109,318061.937796,318061.978427,met,0.001828
b15,L1,63,318063.784109,318063.927842,318063.965844,met,0.001332
b15,L2,42,318063.784136,318063.934061,318063.972776,met,0.001107
b15,L1,64,318065.784109,318065.869105,318065.909227,met,0.003476
b15,L2,43,318066.784136,318066.994194,318067.032997,met,0.001231
b15,L1,65,318067.784109,318067.838931,318067.878936,met,0.003117
b15,L2,44,318069.784136,318069.840798,318069.884814,met,0.001320
b15,L1,66,318069.784109,318069.843432,318069.884813,met,0.001025
b15,L1,67,318071.784109,318071.939783,318071.983180,met,0.003461
b15,L2,45,318072.784136,318072.845545,318072.885095,met,0.000864
b15,L1,68,318073.784109,318073.880838,318073.920882,met,0.003020
b15,L1,69,318075.784109,318075.843922,318075.886618,met,0.004115
b15,L2,46,318075.784136,318075.861972,318075.900156,met,0.001135
b15,L1,70,318077.784109,318077.879706,318077.922959,met,0.003080
b15,L2,47,318078.784136,318078.934315,318078.974182,met,0.001200
b15,L1,71,318079.784109,318079.836995,318079.875733,met,0.001371
b15,L2,48,318081.784136,318081.842125,318081.881296,met,0.001250
b15,L1,72,318081.784109,318081.925146,318081.964992,met,0.003324
b15,L1,73,318083.784109,318083.972500,318084.027661,met,0.002584
b15,L2,49,318084.784136,318084.844221,318084.885102,met,0.001230
b15,L1,74,318085.784109,318086.004209,318086.310633,met,0.264571
b15,L2,50,318087.784136,318087.991937,318088.036555,met,0.003872
b15,L1,75,318087.784109,318087.991916,318088.036723,met,0.003286
b15,L1,76,318089.784109,318089.992994,318090.031765,met,0.003066
b15,L2,51,318090.784136,318090.858978,318090.898513,met,0.001138
b15,L1,77,318091.784109,318091.907165,318091.947697,met,0.000906
b15,L2,52,318093.784136,318093.851455,318093.891552,met,0.001100
b15,L1,78,318093.784109,318093.857489,318093.898027,met,0.003067
b15,L1,79,318095.784109,318095.924715,318095.964580,met,0.003326
b15,L2,53,318096.784136,318096.915410,318096.953985,met,0.001168
b15,L1,80,318097.784109,318097.853418,318097.894261,met,0.003488
b15,L2,54,318099.784136,318099.853587,318099.896409,met,0.004035
b15,L1,81,318099.784109,318099.852098,318099.896543,met,0.003404
b15,L1,82,318101.784109,318101.849483,318101.889124,met,0.002967
b15,L2,55,318102.784136,318102.873522,318102.911387,met,0.001154
b15,L1,83,318103.784109,318103.874386,318103.914328,met,0.003236
b15,L2,56,318105.784136,318105.864545,318105.902107,met,0.001194
b15,L1,84,318105.784109,318105.944795,318105.983610,met,0.003216
b15,L1,85,318107.784109,318107.861803,318108.368823,met,0.463034
b15,L2,57,318108.784136,318108.844663,318108.881403,met,0.001188
b15,L1,86,318109.784109,318109.937167,318109.975094,met,0.001370
b15,L2,58,318111.784136,318111.848975,318111.892315,met,0.001086
b15,L1,87,318111.784109,318111.848974,318111.893611,met,0.003518
b15,L1,88,318113.784109,318113.964819,318114.003987,met,0.003452
b15,L2,59,318114.784136,318114.861257,318114.898447,met,0.001214
b15,L1,89,318115.784109,318115.929938,318115.969627,met,0.003255
b15,L1,90,318117.784109,318117.852611,318117.893040,met,0.003243
b15,L2,60,318117.784136,318117.920779,318117.958350,met,0.001103
b15,L1,91,318119.784109,318119.996031,318120.042795,met,0.005331
b15,L2,61,318120.784136,318120.990174,318121.032869,met,0.001428
b15,L1,92,318121.784109,318121.915072,318121.955334,met,0.000913
b15,L2,62,318123.784136,318123.998823,318124.049103,met,0.001981
b15,L1,93,318123.784109,318123.998829,318124.051129,met,0.006509
b15,L1,94,318125.784109,318125.995334,318126.038930,met,0.001848
b15,L2,63,318126.784136,318126.940905,318126.985285,met,0.001634
b15,L1,95,318127.784109,318127.997889,318128.045894,met,0.005523
b15,L2,64,318129.784136,318129.859940,318129.907018,met,0.001615
b15,L1,96,318129.784109,318129.984729,318130.026457,met,0.005409
b15,L1,97,318131.784109,318131.998682,318132.044427,met,0.002147
b15,L2,65,318132.784136,318132.999342,318133.043592,met,0.001951
b15,L1,98,318133.784109,318133.996298,318134.046842,met,0.006103
b15,L1,99,318135.784109,318135.873880,318136.172969,met,0.248801
b15,L2,66,318135.784136,318135.873813,318136.172977,met,0.247821
b15,L1,100,318137.784109,318137.995008,318138.050576,met,0.004099
b15,L2,67,318138.784136,318138.984304,318139.502909,met,0.471161
b15,L1,101,318139.784109,318140.000124,318140.047225,met,0.003495
b15,L2,68,318141.784136,318141.848212,318141.888203,met,0.001431
b15,L1,102,318141.784109,318141.972154,318142.022778,met,0.011885
b15,L1,103,318143.784109,318143.847565,318143.886925,met,0.001268
b15,L2,69,318144.784136,318144.863545,318144.901785,met,0.001150
b15,L1,104,318145.784109,318145.977172,318146.018789,met,0.003127
b15,L2,70,318147.784136,318147.879870,318147.925588,met,0.002067
b15,L1,105,318147.784109,318147.879847,318147.925749,met,0.001807
b15,L1,106,318149.784109,318149.861118,318149.900271,met,0.002157
b15,L2,71,318150.784136,318150.869102,318150.907648,met,0.001111
b15,L1,107,318151.784109,318151.866202,318151.907619,met,0.001803
b15,L2,72,318153.784136,318153.845087,318153.885085,met,0.001178
b15,L1,108,318153.784109,318153.907581,318153.949125,met,0.001348
b15,L1,109,318155.784109,318155.954228,318155.997162,met,0.003359
b15,L2,73,318156.784136,318156.919448,318156.956204,met,0.001157
b15,L1,110,318157.784109,318157.894159,318157.934358,met,0.003141
b15,L2,74,318159.784136,318159.854196,318159.891169,met,0.001135
b15,L1,111,318159.784109,318159.907316,318159.947887,met,0.003086
b15,L1,112,318161.784109,318161.861200,318161.902909,met,0.003200
b15,L2,75,318162.784136,318162.981819,318163.217300,met,0.188208
b15,L1,113,318163.784109,318163.861377,318163.901812,met,0.003235
b15,L2,76,318165.784136,318165.961126,318166.006126,met,0.001188
b15,L1,114,318165.784109,318165.963289,318166.007970,met,0.003822
b15,L1,115,318167.784109,318167.895909,318167.936198,met,0.002920
b15,L2,77,318168.784136,318168.846816,318168.885544,met,0.001022
b15,L1,116,318169.784109,318169.879348,318170.338928,met,0.416226
b15,L2,78,318171.784136,318171.850520,318171.902793,met,0.001419
b15,L1,117,318171.784109,318171.957165,318171.995603,met,0.003199
b15,L1,118,318173.784109,318173.921803,318173.959912,met,0.003197
b15,L2,79,318174.784136,318174.928137,318174.965836,met,0.001181
b15,L1,119,318175.784109,318175.894765,318175.936212,met,0.003245
b15,L2,80,318177.784136,318177.887078,318177.931067,met,0.003518
b15,L1,120,318177.784109,318177.887146,318177.931084,met,0.003128
b15,L1,121,318179.784109,318179.910173,318179.950183,met,0.003297
b15,L2,81,318180.784136,318180.930805,318180.972645,met,0.000774
b15,L1,122,318181.784109,318181.838021,318181.878239,met,0.000940
b15,L2,82,318183.784136,318183.874122,318183.911322,met,0.001159
b15,L1,123,318183.784109,318183.917182,318183.957822,met,0.002580
b15,L1,124,318185.784109,318185.969180,318186.009922,met,0.003250
b15,L2,83,318186.784136,318186.846798,318186.887143,met,0.001170
b15,L1,125,318187.784109,318187.987283,318188.026217,met,0.001269
b15,L2,84,318189.784136,318189.888197,318189.925724,met,0.001245
b15,L1,126,318189.784109,318189.967616,318190.007846,met,0.003323
b15,L1,127,318191.784109,318191.860622,318191.901734,met,0.003475
b15,L2,85,318192.784136,318192.955637,318192.994629,met,0.001117
b15,L1,128,318193.784109,318193.985781,318194.025387,met,0.000945
b15,L1,129,318195.784109,318195.942093,318195.988337,met,0.003239
b15,L2,86,318195.784136,318195.942153,318195.988322,met,0.003856
b15,L1,130,318197.784109,318197.894356,318197.935964,met,0.003528
b15,L2,87,318198.784136,318198.932196,318198.970950,met,0.001182
b15,L1,131,318199.784109,318199.859195,318199.902317,met,0.001455
b15,L2,88,318201.784136,318201.884862,318201.930601,met,0.003680
b15,L1,132,318201.784109,318201.884765,318201.930664,met,0.003187
b15,L1,133,318203.784109,318203.939525,318203.975457,met,0.001291
b15,L2,89,318204.784136,318204.869766,318204.907444,met,0.001186
b15,L1,134,318205.784109,318205.988966,318206.029158,met,0.002847
b15,L1,135,318207.784109,318207.845188,318208.220596,met,0.328268
b15,L2,90,318207.784136,318207.897187,318208.220596,met,0.276135
b15,L1,136,318209.784109,318209.929037,318209.968060,met,0.003553
b15,L2,91,318210.784136,318210.854483,318210.893012,met,0.000816
b15,L1,137,318211.784109,318211.843655,318211.885474,met,0.001781
b15,L1,138,318213.784109,318213.929900,318213.974616,met,0.001326
b15,L2,92,318213.784136,318213.929855,318213.974637,met,0.001912
b15,L1,139,318215.784109,318215.964429,318216.093820,met,0.091243
b15,L2,93,318216.784136,318216.854686,318216.894053,met,0.001212
b15,L1,140,318217.784109,318217.862093,318217.901474,met,0.003205
b15,L2,94,318219.784136,318219.842970,318219.882926,met,0.001195
b15,L1,141,318219.784109,318219.862565,318219.906415,met,0.003293
b15,L1,142,318221.784109,318221.887427,318221.928940,met,0.003182
b15,L2,95,318222.784136,318222.857967,318222.897815,met,0.001217
b15,L1,143,318223.784109,318223.861545,318223.904637,met,0.003394
b15,L2,96,318225.784136,318225.969097,318226.010030,met,0.001082
b15,L1,144,318225.784109,318225.969288,318226.011708,met,0.003804
b15,L1,145,318227.784109,318227.907802,318227.947135,met,0.003339
b15,L2,97,318228.784136,318228.897757,318228.936092,met,0.001134
b15,L1,146,318229.784109,318229.963740,318230.005967,met,0.003317
b15,L2,98,318231.784136,318231.857964,318232.663612,met,0.761729
b15,L1,147,318231.784109,318231.977780,318232.670992,missed,0.640488
b15,L1,148,318233.784109,318233.907407,318233.946050,met,0.001318
b15,L2,99,318234.784136,318234.860442,318234.899482,met,0.001157
b15,L1,149,318235.784109,318235.965125,318236.006759,met,0.003060
b16,L2,0,318236.350488,318236.405950,318236.448185,met,0.001646
b16,L1,0,318236.350441,318236.405956,318236.448254,met,0.001313
b16,L1,1,318238.350441,318238.499042,318238.537353,met,0.002899
b16,L2,1,318239.350488,318239.538526,318239.577090,met,0.000852
b16,L1,2,318240.350441,318240.449951,318240.489649,met,0.003343
b16,L1,3,318242.350441,318242.438042,318242.530831,met,0.047573
b16,L2,2,318242.350488,318242.438269,318242.530880,met,0.045972
b16,L1,4,318244.350441,318244.420106,318244.457753,met,0.001282
b16,L2,3,318245.350488,318245.485559,318245.524777,met,0.001130
b16,L1,5,318246.350441,318246.523507,318246.562967,met,0.003265
b16,L1,6,318248.350441,318248.479266,318248.520238,met,0.004033
b16,L2,4,318248.350488,318248.507896,318248.544364,met,0.001137
b16,L1,7,318250.350441,318250.552837,318250.599090,met,0.001379
b16,L2,5,318251.350488,318251.547309,318251.591608,met,0.001591
b16,L1,8,318252.350441,318252.435554,318252.487900,met,0.006057
b16,L2,6,318254.350488,318254.491291,318254.536599,met,0.001280
b16,L1,9,318254.350441,318254.491233,318254.537353,met,0.004177
b16,L1,10,318256.350441,318256.486297,318256.532352,met,0.002354
b16,L2,7,318257.350488,318257.531503,318257.623505,met,0.051552
b16,L1,11,318258.350441,318258.557825,318258.607018,met,0.005096
b16,L1,12,318260.350441,318260.458537,318260.506986,met,0.004745
b16,L2,8,318260.350488,318260.552975,318260.591544,met,0.001271
b16,L1,13,318262.350441,318262.557345,318263.170544,missed,0.557895
b16,L2,9,318263.350488,318263.411129,318263.564715,met,0.098104
b16,L1,14,318264.350441,318264.500015,318264.596431,met,0.013464
b16,L1,15,318266.350441,318266.486485,318266.537269,met,0.002240
b16,L2,10,318266.350488,318266.486573,318266.537294,met,0.001357
b16,L1,16,318268.350441,318268.435673,318268.482972,met,0.003474
b16,L2,11,318269.350488,318269.417074,318269.502329,met,0.036859
b16,L1,17,318270.350441,318270.455480,318270.634997,met,0.135022
b16,L2,12,318272.350488,318272.419000,318272.464658,met,0.001384
b16,L1,18,318272.350441,318272.422867,318272.464618,met,0.001336
b16,L1,19,318274.350441,318274.426552,318274.472022,met,0.003075
b16,L2,13,318275.350488,318275.431445,318275.480097,met,0.001306
b16,L1,20,318276.350441,318276.448941,318276.495569,met,0.003567
b16,L2,14,318278.350488,318278.482618,318278.533466,met,0.001854
b16,L1,21,318278.350441,318278.482628,318278.533432,met,0.001430
b16,L1,22,318280.350441,318280.478702,318280.538155,met,0.002616
b16,L2,15,318281.350488,318281.482367,318281.539513,met,0.001184
b16,L1,23,318282.350441,318282.497502,318282.544723,met,0.001022
b16,L1,24,318284.350441,318284.429789,318284.476261,met,0.003322
b16,L2,16,318284.350488,318284.488277,318284.530073,met,0.001352
b16,L1,25,318286.350441,318286.481171,318286.526792,met,0.001546
b16,L2,17,318287.350488,318287.431305,318287.718314,met,0.238834
b16,L1,26,318288.350441,318288.482358,318288.527740,met,0.003416
b16,L2,18,318290.350488,318290.476022,318290.520463,met,0.001073
b16,L1,27,318290.350441,318290.470329,318290.520463,met,0.004172
b16,L1,28,318292.350441,318292.425944,318292.476599,met,0.003386
b16,L2,19,318293.350488,318293.424598,318293.470399,met,0.001245
b16,L1,29,318294.350441,318294.487189,318295.095587,missed,0.540374
b16,L2,20,318296.350488,318296.465406,318296.506740,met,0.001190
b16,L1,30,318296.350441,318296.484492,318296.523796,met,0.001358
b16,L1,31,318298.350441,318298.421967,318298.465349,met,0.003287
b16,L2,21,318299.350488,318299.478689,318299.517168,met,0.000879
b16,L1,32,318300.350441,318300.481428,318300.525241,met,0.003384
b16,L2,22,318302.350488,318302.411479,318302.460793,met,0.000981
b16,L1,33,318302.350441,318302.427094,318302.477900,met,0.001987
b16,L1,34,318304.350441,318304.487869,318304.540079,met,0.002278
b16,L2,23,318305.350488,318305.428866,318305.470818,met,0.000903
b16,L1,35,318306.350441,318306.421607,318306.465242,met,0.003396
b16,L1,36,318308.350441,318308.435447,318308.488273,met,0.003912
b16,L2,24,318308.350488,318308.433874,318308.488603,met,0.004746
b16,L1,37,318310.350441,318310.436592,318310.480037,met,0.003219
b16,L2,25,318311.350488,318311.419460,318311.459804,met,0.001189
b16,L1,38,318312.350441,318312.438900,318312.480873,met,0.001336
b16,L2,26,318314.350488,318314.412839,318314.455124,met,0.001236
b16,L1,39,318314.350441,318314.478445,318314.527621,met,0.003472
b16,L1,40,318316.350441,318316.458627,318316.518176,met,0.004422
b16,L2,27,318317.350488,318317.463835,318317.509201,met,0.001396
b16,L1,41,318318.350441,318318.497861,318318.549872,met,0.000960
b16,L2,28,318320.350488,318320.422401,318320.463981,met,0.001161
b16,L1,42,318320.350441,318320.475977,318320.519658,met,0.003403
b16,L1,43,318322.350441,318322.447872,318322.489976,met,0.003356
b16,L2,29,318323.350488,318323.414284,318323.453444,met,0.001153
b16,L1,44,318324.350441,318324.446603,318324.484762,met,0.001291
b16,L2,30,318326.350488,318326.413413,318326.455698,met,0.001161
b16,L1,45,318326.350441,318326.458145,318326.500813,met,0.005117
b16,L1,46,318328.350441,318328.448567,318328.498264,met,0.001912
b16,L2,31,318329.350488,318329.441919,318329.492801,met,0.005760
b16,L1,47,318330.350441,318330.438751,318330.481122,met,0.003257
b16,L1,48,318332.350441,318332.465254,318332.524082,met,0.018528
b16,L2,32,318332.350488,318332.430743,318332.523932,met,0.049348
b16,L1,49,318334.350441,318334.445666,318334.486859,met,0.001663
b16,L2,33,318335.350488,318335.422176,318335.458930,met,0.001208
b16,L1,50,318336.350441,318336.479197,318336.520273,met,0.003579
b16,L1,51,318338.350441,318338.413932,318338.454464,met,0.003339
b16,L2,34,318338.350488,318338.463412,318338.501819,met,0.001152
b16,L1,52,318340.350441,318340.430162,318340.470884,met,0.001295
b16,L2,35,318341.350488,318341.414412,318341.456430,met,0.001132
b16,L1,53,318342.350441,318342.457300,318342.503213,met,0.003248
b16,L2,36,318344.350488,318344.464051,318344.506422,met,0.001201
b16,L1,54,318344.350441,318344.478072,318344.522225,met,0.004788
b16,L1,55,318346.350441,318346.438488,318346.478651,met,0.003368
b16,L2,37,318347.350488,318347.445401,318347.486545,met,0.001200
b16,L1,56,318348.350441,318348.415422,318348.458043,met,0.003266
b16,L1,57,318350.350441,318350.414865,318350.462892,met,0.006344
b16,L2,38,318350.350488,318350.427290,318350.468677,met,0.000843
b16,L1,58,318352.350441,318352.482175,318352.525882,met,0.003154
b16,L2,39,318353.350488,318353.430466,318353.471376,met,0.001470
b16,L1,59,318354.350441,318354.413896,318354.456001,met,0.001308
b16,L1,60,318356.350441,318356.432396,318357.027060,missed,0.532682
b16,L2,40,318356.350488,318356.480647,318357.222052,met,0.695446
b16,L1,61,318358.350441,318358.429553,318358.470573,met,0.001417
b16,L2,41,318359.350488,318359.415409,318359.494549,met,0.039856
b16,L1,62,318360.350441,318360.432578,318360.527927,met,0.052844
b16,L1,63,318362.350441,318362.428453,318362.470643,met,0.002041
b16,L2,42,318362.350488,318362.451621,318362.494125,met,0.000903
b16,L1,64,318364.350441,318364.447545,318364.495610,met,0.003614
b16,L2,43,318365.350488,318365.442295,318365.482641,met,0.001257
b16,L1,65,318366.350441,318366.430313,318366.472050,met,0.001794
b16,L2,44,318368.350488,318368.432462,318368.480453,met,0.001200
b16,L1,66,318368.350441,318368.432867,318368.482326,met,0.004129
b16,L1,67,318370.350441,318370.466284,318370.509487,met,0.003405
b16,L2,45,318371.350488,318371.478760,318371.521479,met,0.001300
b16,L1,68,318372.350441,318372.415659,318372.456291,met,0.001766
b16,L2,46,318374.350488,318374.447878,318374.490201,met,0.001254
b16,L1,69,318374.350441,318374.477992,318374.519597,met,0.001541
b16,L1,70,318376.350441,318376.412452,318376.455114,met,0.002962
b16,L2,47,318377.350488,318377.440292,318377.480384,met,0.001133
b16,L1,71,318378.350441,318378.447017,318378.764952,met,0.273594
b16,L2,48,318380.350488,318380.463289,318380.508670,met,0.002026
b16,L1,72,318380.350441,318380.463406,318380.508904,met,0.001440
b16,L1,73,318382.350441,318382.485793,318382.541402,met,0.005030
b16,L2,49,318383.350488,318383.439935,318383.486821,met,0.001315
b16,L1,74,318384.350441,318384.482087,318384.577665,met,0.044620
b16,L2,50,318386.350488,318386.479673,318386.529784,met,0.001426
b16,L1,75,318386.350441,318386.496785,318386.545511,met,0.001363
b16,L1,76,318388.350441,318388.494081,318388.539088,met,0.001894
b16,L2,51,318389.350488,318389.437342,318389.494640,met,0.012008
b16,L1,77,318390.350441,318390.466799,318390.507695,met,0.001510
b16,L2,52,318392.350488,318392.436925,318392.487515,met,0.001112
b16,L1,78,318392.350441,318392.466489,318392.520967,met,0.002831
b16,L1,79,318394.350441,318394.483800,318394.529698,met,0.001903
b16,L2,53,318395.350488,318395.491666,318395.533241,met,0.001390
b16,L1,80,318396.350441,318396.471690,318396.516943,met,0.001337
b16,L2,54,318398.350488,318398.409249,318398.463854,met,0.001144
b16,L1,81,318398.350441,318398.415525,318398.474516,met,0.002524
b16,L1,82,318400.350441,318400.427511,318400.474070,met,0.001976
b16,L2,55,318401.350488,318401.430964,318401.480483,met,0.001703
b16,L1,83,318402.350441,318402.425912,318402.470582,met,0.001613
b16,L2,56,318404.350488,318404.424514,318404.474249,met,0.004015
b16,L1,84,318404.350441,318404.424747,318404.474249,met,0.003437
b16,L1,85,318406.350441,318406.454075,318406.495113,met,0.001686
b16,L2,57,318407.350488,318407.491929,318407.534011,met,0.001547
b16,L1,86,318408.350441,318408.439341,318408.480996,met,0.001939
b16,L2,58,318410.350488,318410.413125,318410.460611,met,0.001722
b16,L1,87,318410.350441,318410.413108,318410.463810,met,0.006510
b16,L1,88,318412.350441,318412.422876,318412.539793,met,0.076899
b16,L2,59,318413.350488,318413.456879,318413.498215,met,0.001099
b16,L1,89,318414.350441,318414.448441,318414.486667,met,0.001314
b16,L2,60,318416.350488,318416.443229,318416.485189,met,0.001135
b16,L1,90,318416.350441,318416.453731,318416.496516,met,0.003198
b16,L1,91,318418.350441,318418.473607,318419.102519,missed,0.573759
b16,L2,61,318419.350488,318419.457153,318419.518164,met,0.020618
b16,L1,92,318420.350441,318420.460394,318420.499812,met,0.001457
b16,L2,62,318422.350488,318422.473201,318422.732487,met,0.212558
b16,L1,93,318422.350441,318422.438128,318422.732378,met,0.245031
b16,L1,94,318424.350441,318424.427070,318424.601888,met,0.130280
b16,L2,63,318425.350488,318425.438609,318425.481881,met,0.001328
b16,L1,95,318426.350441,318426.484626,318426.527349,met,0.001407
b16,L2,64,318428.350488,318428.418643,318428.467467,met,0.000982
b16,L1,96,318428.350441,318428.418600,318428.467467,met,0.001491
b16,L1,97,318430.350441,318430.483409,318430.527096,met,0.003385
b16,L2,65,318431.350488,318431.420071,318431.459434,met,0.001215
b16,L1,98,318432.350441,318432.410830,318432.663476,met,0.208628
b16,L1,99,318434.350441,318434.450183,318434.497372,met,0.001973
b16,L2,66,318434.350488,318434.450230,318434.497498,met,0.002434
b16,L1,100,318436.350441,318436.435245,318436.474912,met,0.001366
b16,L2,67,318437.350488,318437.427852,318437.474198,met,0.001080
b16,L1,101,318438.350441,318438.461860,318438.510248,met,0.003339
b16,L2,68,318440.350488,318440.432524,318440.482554,met,0.000956
b16,L1,102,318440.350441,318440.482578,318440.533545,met,0.002532
b16,L1,103,318442.350441,318442.489832,318442.532029,met,0.001425
b16,L2,69,318443.350488,318443.491073,318443.529480,met,0.000918
b16,L1,104,318444.350441,318444.457376,318444.502464,met,0.002210
b16,L2,70,318446.350488,318446.421037,318446.486469,met,0.017573
b16,L1,105,318446.350441,318446.452188,318446.498092,met,0.001945
b16,L1,106,318448.350441,318448.424949,318448.474769,met,0.001424
b16,L2,71,318449.350488,318449.442696,318450.619511,met,1.125573
b16,L1,107,318450.350441,318450.448456,318450.619717,met,0.122778
b16,L2,72,318452.350488,318452.428623,318452.494719,met,0.002878
b16,L1,108,318452.350441,318452.490230,318452.552757,met,0.002257
b16,L1,109,318454.350441,318454.506926,318454.550372,met,0.003269
b16,L2,73,318455.350488,318455.473979,318455.730506,met,0.210928
b16,L1,110,318456.350441,318456.423770,318456.463990,met,0.001847
b16,L2,74,318458.350488,318458.422720,318458.466231,met,0.001268
b16,L1,111,318458.350441,318458.438591,318458.487815,met,0.003417
b16,L1,112,318460.350441,318460.482915,318460.528569,met,0.003890
b16,L2,75,318461.350488,318461.409253,318461.451464,met,0.001212
b16,L1,113,318462.350441,318462.461668,318462.505818,met,0.001450
b16,L1,114,318464.350441,318464.473181,318464.519743,met,0.003477
b16,L2,76,318464.350488,318464.484182,318464.527567,met,0.001147
b16,L1,115,318466.350441,318466.492922,318466.538682,met,0.003288
b16,L2,77,318467.350488,318467.424811,318467.468246,met,0.001165
b16,L1,116,318468.350441,318468.487698,318468.532987,met,0.001543
b16,L2,78,318470.350488,318470.489424,318470.529646,met,0.001215
b16,L1,117,318470.350441,318470.486996,318470.535032,met,0.005824
b16,L1,118,318472.350441,318472.431349,318472.477326,met,0.003411
b16,L2,79,318473.350488,318473.482958,318473.524527,met,0.001131
b16,L1,119,318474.350441,318474.459242,318474.500296,met,0.001341
b16,L2,80,318476.350488,318476.426686,318476.468719,met,0.001188
b16,L1,120,318476.350441,318476.425677,318476.470928,met,0.003937
b16,L1,121,318478.350441,318478.463085,318478.504397,met,0.003233
b16,L2,81,318479.350488,318479.435386,318479.475316,met,0.001225
b16,L1,122,318480.350441,318480.446330,318481.068860,missed,0.571176
b16,L2,82,318482.350488,318482.430939,318482.472455,met,0.000942
b16,L1,123,318482.350441,318482.453788,318482.498152,met,0.001988
b16,L1,124,318484.350441,318484.481767,318484.521629,met,0.001292
b16,L2,83,318485.350488,318485.420067,318485.457488,met,0.001130
b16,L1,125,318486.350441,318486.456613,318486.582954,met,0.086076
b16,L2,84,318488.350488,318488.438665,318488.476830,met,0.001198
b16,L1,126,318488.350441,318488.461106,318488.504819,met,0.005237
b16,L1,127,318490.350441,318490.413566,318490.453009,met,0.001272
b16,L2,85,318491.350488,318491.472677,318491.602242,met,0.089491
b16,L1,128,318492.350441,318492.435595,318492.480437,met,0.003265
b16,L2,86,318494.350488,318494.419971,318494.459966,met,0.001185
b16,L1,129,318494.350441,318494.453617,318494.498306,met,0.005706
b16,L1,130,318496.350441,318496.469532,318496.530268,met,0.022009
b16,L2,87,318497.350488,318497.414207,318497.456559,met,0.001120
b16,L1,131,318498.350441,318498.429988,318498.470004,met,0.001321
b16,L1,132,318500.350441,318500.416226,318500.459012,met,0.001437
b16,L2,88,318500.350488,318500.432288,318500.478016,met,0.001172
b16,L1,133,318502.350441,318502.423085,318502.467613,met,0.003226
b16,L2,89,318503.350488,318503.473675,318503.513602,met,0.001138
b16,L1,134,318504.350441,318504.453146,318504.494243,met,0.003079
b16,L2,90,318506.350488,318506.450027,318506.498346,met,0.001220
b16,L1,135,318506.350441,318506.450025,318506.499490,met,0.003656
b16,L1,136,318508.350441,318508.422262,318508.470936,met,0.003683
b16,L2,91,318509.350488,318509.488354,318509.532247,met,0.000932
b16,L1,137,318510.350441,318510.461465,318510.512968,met,0.003402
b16,L1,138,318512.350441,318512.421162,318512.916039,met,0.446762
b16,L2,92,318512.350488,318512.484919,318512.929651,met,0.394114
b16,L1,139,318514.350441,318514.428058,318514.469093,met,0.001174
b16,L2,93,318515.350488,318515.454934,318515.495573,met,0.001173
b16,L1,140,318516.350441,318516.431055,318516.475333,met,0.003603
b16,L1,141,318518.350441,318518.471952,318518.516536,met,0.003392
b16,L2,94,318518.350488,318518.478745,318518.524132,met,0.001240
b16,L1,142,318520.350441,318520.419463,318520.463292,met,0.003199
b16,L2,95,318521.350488,318521.456349,318521.498368,met,0.001131
b16,L1,143,318522.350441,318522.447540,318522.491406,met,0.003724
b16,L1,144,318524.350441,318524.432308,318524.482200,met,0.003676
b16,L2,96,318524.350488,318524.432150,318524.482217,met,0.004277
b16,L1,145,318526.350441,318526.470035,318526.513634,met,0.003683
b16,L2,97,318527.350488,318527.488432,318527.530566,met,0.001329
b16,L1,146,318528.350441,318528.486684,318528.530844,met,0.003554
b16,L1,147,318530.350441,318530.423133,318530.467525,met,0.001400
b16,L2,98,318530.350488,318530.435188,318530.476088,met,0.001207
b16,L1,148,318532.350441,318532.417972,318532.779084,met,0.318697
b16,L2,99,318533.350488,318533.494848,318533.547586,met,0.001324
b16,L1,149,318534.350441,318534.419447,318534.462994,met,0.003677
b17,L2,0,318534.853991,318534.917054,318534.966702,met,0.001225
b17,L1,0,318534.853956,318534.916875,318534.966630,met,0.001857
b17,L1,1,318536.853956,318536.980662,318537.018874,met,0.001917
b17,L2,1,318537.853991,318537.932202,318537.970260,met,0.000853
b17,L1,2,318538.853956,318538.928329,318538.972779,met,0.003479
b17,L2,2,318540.853991,318540.929011,318540.987517,met,0.004218
b17,L1,3,318540.853956,318540.929138,318540.987497,met,0.003624
b17,L1,4,318542.853956,318542.935779,318543.571381,missed,0.573684
b17,L2,3,318543.853991,318543.934714,318543.979566,met,0.000797
b17,L1,5,318544.853956,318544.934266,318544.980350,met,0.000852
b17,L2,4,318546.853991,318546.923736,318546.976992,met,0.002156
b17,L1,6,318546.853956,318546.923931,318546.977018,met,0.001850
b17,L1,7,318548.853956,318548.933441,318548.979270,met,0.002355
b17,L2,5,318549.853991,318550.002539,318550.048663,met,0.001115
b17,L1,8,318550.853956,318550.940153,318550.988599,met,0.003251
b17,L1,9,318552.853956,318552.955552,318553.004647,met,0.001977
b17,L2,6,318552.853991,318552.969562,318553.017198,met,0.001075
b17,L1,10,318554.853956,318554.990204,318555.033741,met,0.003341
b17,L2,7,318555.853991,318555.915761,318555.963050,met,0.000840
b17,L1,11,318556.853956,318556.924592,318556.973616,met,0.004227
b17,L1,12,318558.853956,318558.926172,318558.995388,met,0.019626
b17,L2,8,318558.853991,318558.926171,318558.995529,met,0.018279
b17,L1,13,318560.853956,318561.001675,318561.043768,met,0.001341
b17,L2,9,318561.853991,318561.963357,318562.010017,met,0.001025
b17,L1,14,318562.853956,318562.991943,318563.041652,met,0.005693
b17,L2,10,318564.853991,318564.941545,318565.554184,met,0.563976
b17,L1,15,318564.853956,318564.988068,318565.564280,missed,0.517172
b17,L1,16,318566.853956,318566.975869,318567.030632,met,0.010367
b17,L2,11,318567.853991,318567.942115,318567.989325,met,0.001679
b17,L1,17,318568.853956,318568.959298,318569.007176,met,0.002366
b17,L2,12,318570.853991,318570.946622,318570.994707,met,0.000973
b17,L1,18,318570.853956,318570.955268,318571.005118,met,0.001083
b17,L1,19,318572.853956,318572.956792,318572.999336,met,0.001405
b17,L2,13,318573.853991,318573.982433,318574.969959,met,0.938582
b17,L1,20,318574.853956,318574.915259,318574.970111,met,0.009517
b17,L2,14,318576.853991,318576.976608,318577.024155,met,0.001643
b17,L1,21,318576.853956,318576.977772,318577.026523,met,0.006012
b17,L1,22,318578.853956,318578.988628,318579.033148,met,0.002423
b17,L2,15,318579.853991,318579.921782,318579.972427,met,0.004777
b17,L1,23,318580.853956,318580.938748,318580.991925,met,0.012404
b17,L1,24,318582.853956,318582.921040,318582.963473,met,0.001257
b17,L2,16,318582.853991,318582.986705,318583.031292,met,0.001290
b17,L1,25,318584.853956,318584.961318,318585.005117,met,0.001721
b17,L2,17,318585.853991,318585.952952,318585.995038,met,0.001129
b17,L1,26,318586.853956,318586.915107,318586.994664,met,0.036397
b17,L1,27,318588.853956,318588.915354,318588.958181,met,0.001364
b17,L2,18,318588.853991,318588.982395,318589.023483,met,0.001190
b17,L1,28,318590.853956,318590.990599,318591.034519,met,0.003301
b17,L2,19,318591.853991,318591.913262,318591.954990,met,0.001407
b17,L1,29,318592.853956,318592.961044,318593.004016,met,0.001613
b17,L2,20,318594.853991,318594.974874,318595.036257,met,0.016497
b17,L1,30,318594.853956,318594.957296,318595.036389,met,0.032290
b17,L1,31,318596.853956,318596.972438,318597.013863,met,0.003187
b17,L2,21,318597.853991,318597.965034,318598.007713,met,0.001127
b17,L1,32,318598.853956,318598.974004,318599.017211,met,0.001721
b17,L2,22,318600.853991,318600.920682,318600.969095,met,0.001497
b17,L1,33,318600.853956,318600.920663,318600.971851,met,0.005684
b17,L1,34,318602.853956,318602.993438,318603.036135,met,0.003387
b17,L2,23,318603.853991,318603.965823,318604.009381,met,0.001134
b17,L1,35,318604.853956,318604.955477,318605.588212,missed,0.574177
b17,L2,24,318606.853991,318606.937401,318606.984095,met,0.000917
b17,L1,36,318606.853956,318606.984108,318607.029005,met,0.001075
b17,L1,37,318608.853956,318608.929831,318608.969294,met,0.001340
b17,L2,25,318609.853991,318609.956756,318610.000751,met,0.001619
b17,L1,38,318610.853956,318610.934009,318611.044048,met,0.067382
b17,L2,26,318612.853991,318612.923120,318612.966146,met,0.001448
b17,L1,39,318612.853956,318612.978019,318613.020542,met,0.003218
b17,L1,40,318614.853956,318614.924618,318614.977862,met,0.001827
b17,L2,27,318615.853991,318615.938973,318616.026402,met,0.044257
b17,L1,41,318616.853956,318616.922580,318616.968788,met,0.005493
b17,L2,28,318618.853991,318618.924925,318618.967776,met,0.001380
b17,L1,42,318618.853956,318618.943793,318618.987320,met,0.004115
b17,L1,43,318620.853956,318620.972318,318621.103899,met,0.086214
b17,L2,29,318621.853991,318621.979056,318622.023895,met,0.001323
b17,L1,44,318622.853956,318622.922175,318622.962463,met,0.001236
b17,L1,45,318624.853956,318624.921820,318624.964910,met,0.001827
b17,L2,30,318624.853991,318624.977681,318625.021472,met,0.000916
b17,L1,46,318626.853956,318626.914765,318626.959895,met,0.003309
b17,L2,31,318627.853991,318627.975168,318628.018272,met,0.001203
b17,L1,47,318628.853956,318628.930351,318628.974402,met,0.003256
b17,L2,32,318630.853991,318630.968624,318631.061185,met,0.046350
b17,L1,48,318630.853956,318630.938676,318631.061185,met,0.076351
b17,L1,49,318632.853956,318632.931226,318632.975157,met,0.001246
b17,L2,33,318633.853991,318633.924512,318633.966837,met,0.001357
b17,L1,50,318634.853956,318634.940206,318634.989913,met,0.003336
b17,L2,34,318636.853991,318636.940398,318636.983310,met,0.000843
b17,L1,51,318636.853956,318636.983306,318637.029462,met,0.002227
b17,L1,52,318638.853956,318638.973999,318639.015700,met,0.001262
b17,L2,35,318639.853991,318639.962161,318640.314274,met,0.303704
b17,L1,53,318640.853956,318640.981852,318641.035660,met,0.009848
b17,L2,36,318642.853991,318642.913510,318642.952889,met,0.001205
b17,L1,54,318642.853956,318642.970306,318643.018181,met,0.009630
b17,L1,55,318644.853956,318644.956277,318644.995138,met,0.001280
b17,L2,37,318645.853991,318645.990613,318646.034347,met,0.002938
b17,L1,56,318646.853956,318646.962532,318647.008511,met,0.004073
b17,L2,38,318648.853991,318648.924621,318648.966675,met,0.001254
b17,L1,57,318648.853956,318648.922642,318648.968393,met,0.004013
b17,L1,58,318650.853956,318650.922748,318651.526264,missed,0.545404
b17,L2,39,318651.853991,318651.937010,318651.979128,met,0.001224
b17,L1,59,318652.853956,318652.931981,318652.974338,met,0.001618
b17,L2,40,318654.853991,318654.957945,318655.005698,met,0.001197
b17,L1,60,318654.853956,318654.958041,318655.006899,met,0.004004
b17,L1,61,318656.853956,318656.991411,318657.037213,met,0.004154
b17,L2,41,318657.853991,318657.924340,318657.969691,met,0.001287
b17,L1,62,318658.853956,318658.955889,318659.002764,met,0.003500
b17,L2,42,318660.853991,318660.924397,318660.971228,met,0.001194
b17,L1,63,318660.853956,318660.940635,318660.990089,met,0.004466
b17,L1,64,318662.853956,318662.996595,318663.043078,met,0.003481
b17,L2,43,318663.853991,318663.924035,318663.968525,met,0.001220
b17,L1,65,318664.853956,318664.956456,318665.002206,met,0.003728
b17,L2,44,318666.853991,318666.915597,318666.962679,met,0.001004
b17,L1,66,318666.853956,318666.988383,318667.036334,met,0.001987
b17,L1,67,318668.853956,318668.923748,318668.967387,met,0.001779
b17,L2,45,318669.853991,318669.990093,318670.034631,met,0.001222
b17,L1,68,318670.853956,318670.987411,318671.152533,met,0.121332
b17,L2,46,318672.853991,318672.923738,318672.969735,met,0.001279
b17,L1,69,318672.853956,318672.962443,318673.011180,met,0.003281
b17,L1,70,318674.853956,318674.945603,318674.992105,met,0.001528
b17,L2,47,318675.853991,318675.982537,318676.028642,met,0.001199
b17,L1,71,318676.853956,318676.982828,318677.028291,met,0.003275
b17,L2,48,318678.853991,318678.953731,318679.004517,met,0.001243
b17,L1,72,318678.853956,318678.969619,318679.026911,met,0.003157
b17,L1,73,318680.853956,318680.949116,318680.996170,met,0.001323
b17,L2,49,318681.853991,318682.014616,318682.958737,met,0.891567
b17,L1,74,318682.853956,318682.932326,318683.031499,met,0.036594
b17,L1,75,318684.853956,318684.973727,318685.031313,met,0.001395
b17,L2,50,318684.853991,318685.004293,318685.068464,met,0.001815
b17,L1,76,318686.853956,318687.015735,318687.075577,met,0.003566
b17,L2,51,318687.853991,318687.937549,318687.988723,met,0.001017
b17,L1,77,318688.853956,318688.955189,318689.035828,met,0.019436
b17,L2,52,318690.853991,318690.996038,318691.048843,met,0.001401
b17,L1,78,318690.853956,318690.996358,318691.048842,met,0.002400
b17,L1,79,318692.853956,318692.973963,318693.030596,met,0.006167
b17,L2,53,318693.853991,318693.929390,318693.974959,met,0.001130
b17,L1,80,318694.853956,318695.001502,318695.058702,met,0.001965
b17,L1,81,318696.853956,318696.929430,318696.986301,met,0.002578
b17,L2,54,318696.853991,318696.962085,318697.025786,met,0.001271
b17,L1,82,318698.853956,318699.018622,318699.071489,met,0.003766
b17,L2,55,318699.853991,318699.975268,318700.046511,met,0.023531
b17,L1,83,318700.853956,318700.929881,318701.055593,met,0.064649
b17,L2,56,318702.853991,318702.927990,318702.975463,met,0.001016
b17,L1,84,318702.853956,318702.971944,318703.037134,met,0.003690
b17,L1,85,318704.853956,318704.954897,318705.004333,met,0.004178
b17,L2,57,318705.853991,318706.007085,318706.054990,met,0.001337
b17,L1,86,318706.853956,318706.921714,318707.536686,missed,0.556294
b17,L2,58,318708.853991,318708.950500,318709.007263,met,0.001235
b17,L1,87,318708.853956,318708.986389,318709.044088,met,0.002854
b17,L1,88,318710.853956,318710.940916,318710.985094,met,0.001463
b17,L2,59,318711.853991,318711.942280,318711.983942,met,0.001205
b17,L1,89,318712.853956,318712.920243,318713.551750,missed,0.574948
b17,L2,60,318714.853991,318714.927804,318714.972073,met,0.001585
b17,L1,90,318714.853956,318714.935768,318714.979890,met,0.001732
b17,L1,91,318716.853956,318716.922120,318717.080564,met,0.115226
b17,L2,61,318717.853991,318717.926779,318717.974530,met,0.008629
b17,L1,92,318718.853956,318718.927706,318718.969847,met,0.002181
b17,L1,93,318720.853956,318720.918525,318720.962045,met,0.003383
b17,L2,62,318720.853991,318720.923133,318720.961980,met,0.000879
b17,L1,94,318722.853956,318722.937803,318723.021550,met,0.044351
b17,L2,63,318723.853991,318723.922158,318723.961975,met,0.000841
b17,L1,95,318724.853956,318724.940880,318724.982287,met,0.003393
b17,L2,64,318726.853991,318726.955372,318727.004944,met,0.001246
b17,L1,96,318726.853956,318726.958139,318727.005007,met,0.000951
b17,L1,97,318728.853956,318728.934990,318729.012933,met,0.035080
b17,L2,65,318729.853991,318729.994907,318730.036562,met,0.001150
b17,L1,98,318730.853956,318730.918030,318730.957788,met,0.001378
b17,L1,99,318732.853956,318732.922609,318732.970036,met,0.002113
b17,L2,66,318732.853991,318732.922581,318732.970018,met,0.002440
b17,L1,100,318734.853956,318734.943018,318735.020083,met,0.036720
b17,L2,67,318735.853991,318735.926430,318735.966971,met,0.001147
b17,L1,101,318736.853956,318736.917671,318736.956122,met,0.001284
b17,L2,68,318738.853991,318738.919907,318738.961020,met,0.000873
b17,L1,102,318738.853956,318738.924077,318738.963155,met,0.001903
b17,L1,103,318740.853956,318740.939666,318741.022660,met,0.037097
b17,L2,69,318741.853991,318741.927609,318741.969303,met,0.001230
b17,L1,104,318742.853956,318742.953193,318742.994618,met,0.001335
b17,L1,105,318744.853956,318744.941323,318745.236657,met,0.248017
b17,L2,70,318744.853991,318744.920254,318745.236641,met,0.269014
b17,L1,106,318746.853956,318746.961147,318747.000449,met,0.001296
b17,L2,71,318747.853991,318747.943603,318748.242834,met,0.254092
b17,L1,107,318748.853956,318748.975397,318749.017351,met,0.003341
b17,L2,72,318750.853991,318750.973119,318751.015546,met,0.001238
b17,L1,108,318750.853956,318750.982734,318751.025364,met,0.003328
b17,L1,109,318752.853956,318752.921408,318752.964179,met,0.003301
b17,L2,73,318753.853991,318753.918461,318753.956100,met,0.001141
b17,L1,110,318754.853956,318754.946510,318755.063780,met,0.070419
b17,L2,74,318756.853991,318756.926477,318756.969155,met,0.000827
b17,L1,111,318756.853956,318756.969143,318757.013982,met,0.000973
b17,L1,112,318758.853956,318758.986192,318759.031639,met,0.002925
b17,L2,75,318759.853991,318759.935902,318760.082991,met,0.106032
b17,L1,113,318760.853956,318760.917267,318760.961258,met,0.003388
b17,L1,114,318762.853956,318762.929329,318762.984003,met,0.001333
b17,L2,76,318762.853991,318762.945020,318763.001338,met,0.001090
b17,L1,115,318764.853956,318764.924677,318765.083755,met,0.111044
b17,L2,77,318765.853991,318765.991212,318766.039585,met,0.001237
b17,L1,116,318766.853956,318766.936496,318766.980613,met,0.003403
b17,L2,78,318768.853991,318768.955346,318769.006509,met,0.002531
b17,L1,117,318768.853956,318768.955420,318769.006534,met,0.001867
b17,L1,118,318770.853956,318770.932465,318770.997614,met,0.015147
b17,L2,79,318771.853991,318771.998405,318772.044533,met,0.001430
b17,L1,119,318772.853956,318772.927676,318772.976163,met,0.004623
b17,L2,80,318774.853991,318774.995817,318775.104824,met,0.055448
b17,L1,120,318774.853956,318774.995947,318775.105060,met,0.055049
b17,L1,121,318776.853956,318776.994590,318777.045507,met,0.003734
b17,L2,81,318777.853991,318777.969609,318778.012837,met,0.001344
b17,L1,122,318778.853956,318778.996180,318779.150941,met,0.106280
b17,L2,82,318780.853991,318780.923763,318780.973100,met,0.001289
b17,L1,123,318780.853956,318780.933599,318780.984625,met,0.003130
b17,L1,124,318782.853956,318782.993220,318783.039460,met,0.002019
b17,L2,83,318783.853991,318783.921024,318783.968100,met,0.001727
b17,L1,125,318784.853956,318784.931106,318785.100449,met,0.124383
b17,L1,126,318786.853956,318786.929522,318786.983498,met,0.001203
b17,L2,84,318786.853991,318786.939569,318786.996129,met,0.000909
b17,L1,127,318788.853956,318788.927558,318788.977278,met,0.003343
b17,L2,85,318789.853991,318789.985940,318790.071619,met,0.044272
b17,L1,128,318790.853956,318790.974103,318791.024620,met,0.003690
b17,L1,129,318792.853956,318792.977704,318793.025908,met,0.003438
b17,L2,86,318792.853991,318792.986036,318793.033357,met,0.001146
b17,L1,130,318794.853956,318794.940300,318795.072244,met,0.089018
b17,L2,87,318795.853991,318795.962123,318796.002711,met,0.001072
b17,L1,131,318796.853956,318796.953503,318796.995076,met,0.001421
b17,L1,132,318798.853956,318798.921152,318798.988318,met,0.018423
b17,L2,88,318798.853991,318798.921178,318798.988242,met,0.017237
b17,L1,133,318800.853956,318800.923039,318800.985214,met,0.018658
b17,L2,89,318801.853991,318801.990388,318802.030881,met,0.001238
b17,L1,134,318802.853956,318802.925431,318802.978419,met,0.009313
b17,L1,135,318804.853956,318804.920239,318804.978068,met,0.011515
b17,L2,90,318804.853991,318804.920198,318804.998777,met,0.032008
b17,L1,136,318806.853956,318806.975055,318807.311982,met,0.287172
b17,L2,91,318807.853991,318807.924670,318807.969891,met,0.001126
b17,L1,137,318808.853956,318808.923135,318808.964583,met,0.001295
b17,L2,92,318810.853991,318810.941696,318810.990180,met,0.000888
b17,L1,138,318810.853956,318810.941744,318810.990305,met,0.002694
b17,L1,139,318812.853956,318812.990377,318813.033538,met,0.001399
b17,L2,93,318813.853991,318813.936585,318813.985223,met,0.001216
b17,L1,140,318814.853956,318814.977516,318815.023120,met,0.003371
b17,L1,141,318816.853956,318816.975593,318817.027802,met,0.002554
b17,L2,94,318816.853991,318816.975603,318817.027674,met,0.000877
b17,L1,142,318818.853956,318818.956076,318818.997431,met,0.001245
b17,L2,95,318819.853991,318819.994111,318820.168151,met,0.132843
b17,L1,143,318820.853956,318820.918571,318820.961891,met,0.003777
b17,L2,96,318822.853991,318822.956107,318822.996426,met,0.001207
b17,L1,144,318822.853956,318822.971806,318823.013000,met,0.003375
b17,L1,145,318824.853956,318824.972427,318825.010866,met,0.001392
b17,L2,97,318825.853991,318825.976789,318826.018741,met,0.001262
b17,L1,146,318826.853956,318826.958920,318827.002707,met,0.003225
b17,L1,147,318828.853956,318828.922787,318828.965957,met,0.003304
b17,L2,98,318828.853991,318828.931809,318828.972513,met,0.001175
b17,L1,148,318830.853956,318830.926892,318830.972015,met,0.003281
b17,L2,99,318831.853991,318831.922775,318831.969563,met,0.001279
b17,L1,149,318832.853956,318832.917269,318832.963201,met,0.003607
b18,L1,0,318833.369047,318833.438478,318833.490760,met,0.001327
b18,L2,0,318833.381583,318833.448414,318833.502288,met,0.001220
b18,L1,1,318835.369047,318835.516259,318835.565511,met,0.001945
b18,L2,1,318836.381583,318836.522651,318836.567345,met,0.001238
b18,L1,2,318837.369047,318837.479610,318838.112198,missed,0.572870
b18,L2,2,318839.381583,318839.456875,318839.508328,met,0.001216
b18,L1,3,318839.369047,318839.462743,318839.513395,met,0.001393
b18,L1,4,318841.369047,318841.445411,318841.496329,met,0.003331
b18,L2,3,318842.381583,318842.451479,318842.496571,met,0.001395
b18,L1,5,318843.369047,318843.444511,318843.490277,met,0.003534
b18,L2,4,318845.381583,318845.496411,318845.544020,met,0.001190
b18,L1,6,318845.369047,318845.505960,318845.557364,met,0.004034
b18,L1,7,318847.369047,318847.444150,318847.500377,met,0.001010
b18,L2,5,318848.381583,318848.511515,318848.558347,met,0.001189
b18,L1,8,318849.369047,318849.446766,318849.492870,met,0.003656
b18,L2,6,318851.381583,318851.460426,318851.502941,met,0.001569
b18,L1,9,318851.369047,318851.485893,318851.529988,met,0.004196
b18,L1,10,318853.369047,318853.491496,318853.537360,met,0.001290
b18,L2,7,318854.381583,318854.464152,318854.513946,met,0.001180
b18,L1,11,318855.369047,318855.440152,318855.484459,met,0.003745
b18,L1,12,318857.369047,318857.438594,318857.484033,met,0.001535
b18,L2,8,318857.381583,318857.508939,318857.551608,met,0.001150
b18,L1,13,318859.369047,318859.461820,318859.511694,met,0.007964
b18,L2,9,318860.381583,318860.447502,318860.491484,met,0.001196
b18,L1,14,318861.369047,318861.491944,318861.537821,met,0.003309
b18,L1,15,318863.369047,318863.458475,318863.506396,met,0.003772
b18,L2,10,318863.381583,318863.455969,318863.506581,met,0.004182
b18,L1,16,318865.369047,318865.435977,318865.480518,met,0.003908
b18,L2,11,318866.381583,318866.460612,318866.506219,met,0.001243
b18,L1,17,318867.369047,318867.459653,318867.505557,met,0.003365
b18,L2,12,318869.381583,318869.455164,318869.798998,met,0.293497
b18,L1,18,318869.369047,318869.442625,318869.799451,met,0.305844
b18,L1,19,318871.369047,318871.462335,318871.772928,met,0.262717
b18,L2,13,318872.381583,318872.518381,318872.559616,met,0.001201
b18,L1,20,318873.369047,318873.460464,318873.504024,met,0.003601
b18,L2,14,318875.381583,318875.443897,318875.494699,met,0.004701
b18,L1,21,318875.369047,318875.443961,318875.494815,met,0.004075
b18,L1,22,318877.369047,318877.475385,318877.519213,met,0.000983
b18,L2,15,318878.381583,318878.451477,318878.493870,met,0.001166
b18,L1,23,318879.369047,318879.509015,318879.553802,met,0.003155
b18,L2,16,318881.381583,318881.441375,318881.488954,met,0.001391
b18,L1,24,318881.369047,318881.470602,318881.518459,met,0.005015
b18,L1,25,318883.369047,318883.476104,318883.520676,met,0.003186
b18,L2,17,318884.381583,318884.458221,318884.503980,met,0.001292
b18,L1,26,318885.369047,318885.432640,318885.477513,met,0.003762
b18,L2,18,318887.381583,318887.483339,318887.532354,met,0.001240
b18,L1,27,318887.369047,318887.483703,318887.532196,met,0.001885
b18,L1,28,318889.369047,318889.440119,318889.483086,met,0.003244
b18,L2,19,318890.381583,318890.451285,318890.493000,met,0.001068
b18,L1,29,318891.369047,318891.468221,318891.510196,met,0.003147
b18,L1,30,318893.369047,318893.435418,318893.478948,met,0.001408
b18,L2,20,318893.381583,318893.447425,318893.493999,met,0.001055
b18,L1,31,318895.369047,318895.434794,318895.477438,met,0.003966
b18,L2,21,318896.381583,318896.518041,318896.560989,met,0.001129
b18,L1,32,318897.369047,318897.485585,318897.531661,met,0.003395
b18,L1,33,318899.369047,318899.453157,318899.499218,met,0.001326
b18,L2,22,318899.381583,318899.488524,318899.534141,met,0.001421
b18,L1,34,318901.369047,318901.503922,318901.553536,met,0.003253
b18,L2,23,318902.381583,318902.514324,318902.609959,met,0.045954
b18,L1,35,318903.369047,318903.457196,318903.497245,met,0.001285
b18,L1,36,318905.369047,318905.442582,318905.496016,met,0.003790
b18,L2,24,318905.381583,318905.465243,318905.517130,met,0.001055
b18,L1,37,318907.369047,318907.452674,318907.499765,met,0.002050
b18,L2,25,318908.381583,318908.521367,318908.567245,met,0.001157
b18,L1,38,318909.369047,318909.467686,318909.510808,met,0.001419
b18,L1,39,318911.369047,318911.443185,318911.493898,met,0.003950
b18,L2,26,318911.381583,318911.457394,318911.509541,met,0.001281
b18,L1,40,318913.369047,318913.504489,318913.549049,met,0.003345
b18,L2,27,318914.381583,318914.521817,318914.565319,met,0.001159
b18,L1,41,318915.369047,318915.435964,318915.479351,met,0.001360
b18,L2,28,318917.381583,318917.463212,318917.517152,met,0.001288
b18,L1,42,318917.369047,318917.463087,318917.519902,met,0.004768
b18,L1,43,318919.369047,318919.513513,318919.563752,met,0.001965
b18,L2,29,318920.381583,318920.523525,318920.574040,met,0.001400
b18,L1,44,318921.369047,318921.444084,318921.493891,met,0.004603
b18,L1,45,318923.369047,318923.435858,318923.484799,met,0.003507
b18,L2,30,318923.381583,318923.490239,318923.536239,met,0.001205
b18,L1,46,318925.369047,318925.443780,318925.486138,met,0.001443
b18,L2,31,318926.381583,318926.452988,318926.501073,met,0.001225
b18,L1,47,318927.369047,318927.437784,318927.485093,met,0.003350
b18,L1,48,318929.369047,318929.437445,318929.484017,met,0.001265
b18,L2,32,318929.381583,318929.497150,318929.543330,met,0.001164
b18,L1,49,318931.369047,318931.506092,318931.865834,met,0.309874
b18,L2,33,318932.381583,318932.452347,318932.499850,met,0.001197
b18,L1,50,318933.369047,318933.437067,318933.483615,met,0.001870
b18,L2,34,318935.381583,318935.451097,318935.501198,met,0.001455
b18,L1,51,318935.369047,318935.456873,318935.506323,met,0.002493
b18,L1,52,318937.369047,318937.432173,318937.478610,met,0.001880
b18,L2,35,318938.381583,318938.510587,318938.553958,met,0.001185
b18,L1,53,318939.369047,318939.507879,318939.567157,met,0.003776
b18,L1,54,318941.369047,318941.446597,318941.505798,met,0.003407
b18,L2,36,318941.381583,318941.458071,318941.509626,met,0.001326
b18,L1,55,318943.369047,318943.502953,318943.547579,met,0.003712
b18,L2,37,318944.381583,318944.467451,318944.514271,met,0.001265
b18,L1,56,318945.369047,318945.434946,318945.484118,met,0.003345
b18,L2,38,318947.381583,318947.458549,318947.505582,met,0.001196
b18,L1,57,318947.369047,318947.505640,318947.553536,met,0.002983
b18,L1,58,318949.369047,318949.435611,318949.476624,met,0.001304
b18,L2,39,318950.381583,318950.506028,318950.557537,met,0.001036
b18,L1,59,318951.369047,318951.485470,318951.533888,met,0.003972
b18,L2,40,318953.381583,318953.461462,318953.511948,met,0.001262
b18,L1,60,318953.369047,318953.484853,318953.535108,met,0.003624
b18,L1,61,318955.369047,318955.491721,318955.532981,met,0.001399
b18,L2,41,318956.381583,318956.451728,318956.495807,met,0.001160
b18,L1,62,318957.369047,318957.476005,318957.520839,met,0.003161
b18,L2,42,318959.381583,318959.466934,318959.518526,met,0.001253
b18,L1,63,318959.369047,318959.501913,318959.560616,met,0.002679
b18,L1,64,318961.369047,318961.504121,318961.547678,met,0.001824
b18,L2,43,318962.381583,318962.461188,318963.031181,met,0.521300
b18,L1,65,318963.369047,318963.428788,318963.470622,met,0.003059
b18,L1,66,318965.369047,318965.440880,318965.485855,met,0.001747
b18,L2,44,318965.381583,318965.443424,318965.485933,met,0.001185
b18,L1,67,318967.369047,318967.441972,318967.480016,met,0.000907
b18,L2,45,318968.381583,318968.480885,318968.524696,met,0.001106
b18,L1,68,318969.369047,318969.440868,318969.482654,met,0.003316
b18,L2,46,318971.381583,318971.451226,318971.493789,met,0.001060
b18,L1,69,318971.369047,318971.464563,318971.508298,met,0.001266
b18,L1,70,318973.369047,318973.491758,318973.534698,met,0.003506
b18,L2,47,318974.381583,318974.485729,318974.526062,met,0.001178
b18,L1,71,318975.369047,318975.442319,318975.482744,met,0.003246
b18,L1,72,318977.369047,318977.431510,318977.473166,met,0.001376
b18,L2,48,318977.381583,318977.504811,318977.545509,met,0.001072
b18,L1,73,318979.369047,318979.442110,318979.615669,met,0.131251
b18,L2,49,318980.381583,318980.459663,318980.500700,met,0.001213
b18,L1,74,318981.369047,318981.425501,318981.467493,met,0.003335
b18,L1,75,318983.369047,318983.435100,318983.476907,met,0.003264
b18,L2,50,318983.381583,318983.447470,318983.490265,met,0.001211
b18,L1,76,318985.369047,318985.459525,318985.500276,met,0.003208
b18,L2,51,318986.381583,318986.447713,318986.488775,met,0.001218
b18,L1,77,318987.369047,318987.476116,318987.519815,met,0.003542
b18,L2,52,318989.381583,318989.461327,318989.507137,met,0.001200
b18,L1,78,318989.369047,318989.463747,318989.509000,met,0.004062
b18,L1,79,318991.369047,318991.452166,318991.495282,met,0.003352
b18,L2,53,318992.381583,318992.509750,318992.550866,met,0.001117
b18,L1,80,318993.369047,318993.452656,318994.074192,missed,0.571002
b18,L2,54,318995.381583,318995.495507,318995.551199,met,0.005806
b18,L1,81,318995.369047,318995.497511,318995.551175,met,0.005282
b18,L1,82,318997.369047,318997.442558,318997.484323,met,0.001307
b18,L2,55,318998.381583,318998.510308,318998.550429,met,0.001114
b18,L1,83,318999.369047,318999.461586,318999.504966,met,0.003313
b18,L1,84,319001.369047,319001.436295,319001.475542,met,0.001307
b18,L2,56,319001.381583,319001.481408,319001.524100,met,0.001155
b18,L1,85,319003.369047,319003.433675,319003.474554,met,0.001368
b18,L2,57,319004.381583,319004.459378,319004.692806,met,0.184863
b18,L1,86,319005.369047,319005.499067,319005.545864,met,0.003557
b18,L1,87,319007.369047,319007.433272,319007.478210,met,0.003248
b18,L2,58,319007.381583,319007.440944,319007.483686,met,0.001101
b18,L1,88,319009.369047,319009.502612,319009.541602,met,0.002437
b18,L2,59,319010.381583,319010.494003,319010.567796,met,0.031328
b18,L1,89,319011.369047,319011.458324,319011.498993,met,0.001300
b18,L1,90,319013.369047,319013.443455,319013.491389,met,0.003852
b18,L2,60,319013.381583,319013.457120,319013.503692,met,0.001156
b18,L1,91,319015.369047,319015.439314,319015.481337,met,0.003085
b18,L2,61,319016.381583,319016.477026,319016.517455,met,0.001163
b18,L1,92,319017.369047,319017.439238,319017.478305,met,0.001349
b18,L2,62,319019.381583,319019.442053,319019.490527,met,0.001235
b18,L1,93,319019.369047,319019.442200,319019.491741,met,0.004357
b18,L1,94,319021.369047,319021.435126,319021.475285,met,0.001756
b18,L2,63,319022.381583,319022.463334,319022.505408,met,0.001271
b18,L1,95,319023.369047,319023.442020,319023.482632,met,0.001305
b18,L1,96,319025.369047,319025.428197,319025.472061,met,0.003716
b18,L2,64,319025.381583,319025.489377,319025.532505,met,0.001191
b18,L1,97,319027.369047,319027.485482,319027.526800,met,0.001279
b18,L2,65,319028.381583,319028.500629,319028.540358,met,0.001131
b18,L1,98,319029.369047,319029.500047,319029.541521,met,0.003280
b18,L1,99,319031.369047,319031.457296,319031.502840,met,0.003346
b18,L2,66,319031.381583,319031.482943,319031.525515,met,0.001091
b18,L1,100,319033.369047,319033.450827,319033.490627,met,0.001357
b18,L2,67,319034.381583,319034.444457,319034.486338,met,0.001182
b18,L1,101,319035.369047,319035.429843,319035.473519,met,0.003474
b18,L1,102,319037.369047,319037.459520,319037.504789,met,0.003280
b18,L2,68,319037.381583,319037.499505,319037.540205,met,0.001184
b18,L1,103,319039.369047,319039.494608,319039.536977,met,0.001449
b18,L2,69,319040.381583,319040.443296,319040.485226,met,0.001254
b18,L1,104,319041.369047,319041.468140,319041.511694,met,0.003254
b18,L1,105,319043.369047,319043.424809,319043.470158,met,0.003313
b18,L2,70,319043.381583,319043.455360,319043.499588,met,0.001209
b18,L1,106,319045.369047,319045.502596,319045.545946,met,0.003469
b18,L2,71,319046.381583,319046.444358,319046.484998,met,0.001208
b18,L1,107,319047.369047,319047.498564,319047.539706,met,0.003578
b18,L1,108,319049.369047,319049.432405,319049.476616,met,0.002503
b18,L2,72,319049.381583,319049.437561,319049.477434,met,0.001073
b18,L1,109,319051.369047,319051.506236,319051.547944,met,0.003142
b18,L2,73,319052.381583,319052.459680,319052.502032,met,0.001171
b18,L1,110,319053.369047,319053.440969,319053.483275,met,0.003011
b18,L1,111,319055.369047,319055.436548,319056.067023,missed,0.574720
b18,L2,74,319055.381583,319055.456967,319056.311477,met,0.804212
b18,L1,112,319057.369047,319057.449798,319057.494562,met,0.000868
b18,L2,75,319058.381583,319058.442640,319058.484252,met,0.001176
b18,L1,113,319059.369047,319059.485578,319059.528161,met,0.003276
b18,L2,76,319061.381583,319061.451738,319061.494184,met,0.001236
b18,L1,114,319061.369047,319061.455055,319061.498857,met,0.003216
b18,L1,115,319063.369047,319063.425439,319063.468339,met,0.003232
b18,L2,77,319064.381583,319064.482798,319064.523341,met,0.001136
b18,L1,116,319065.369047,319065.502543,319065.938045,met,0.383979
b18,L1,117,319067.369047,319067.476237,319067.524104,met,0.003921
b18,L2,78,319067.381583,319067.490273,319067.533348,met,0.001097
b18,L1,118,319069.369047,319069.434024,319069.475803,met,0.001326
b18,L2,79,319070.381583,319070.457632,319070.500796,met,0.001338
b18,L1,119,319071.369047,319071.436049,319071.479702,met,0.003808
b18,L2,80,319073.381583,319073.443550,319073.487382,met,0.001149
b18,L1,120,319073.369047,319073.455050,319073.500377,met,0.001339
b18,L1,121,319075.369047,319075.442748,319075.483908,met,0.001252
b18,L2,81,319076.381583,319076.484545,319076.529320,met,0.001246
b18,L1,122,319077.369047,319077.469033,319077.522369,met,0.003586
b18,L1,123,319079.369047,319079.454614,319079.506621,met,0.001387
b18,L2,82,319079.381583,319079.528647,319079.576042,met,0.001372
b18,L1,124,319081.369047,319081.499826,319081.548078,met,0.003461
b18,L2,83,319082.381583,319082.451770,319082.500390,met,0.001199
b18,L1,125,319083.369047,319083.501942,319083.548374,met,0.003491
b18,L1,126,319085.369047,319085.494994,319085.546999,met,0.001340
b18,L2,84,319085.381583,319085.517910,319085.566788,met,0.001246
b18,L1,127,319087.369047,319087.489123,319087.752673,met,0.209881
b18,L2,85,319088.381583,319088.453194,319088.503874,met,0.001032
b18,L1,128,319089.369047,319089.505664,319089.551593,met,0.001044
b18,L2,86,319091.381583,319091.494627,319091.543094,met,0.001141
b18,L1,129,319091.369047,319091.502314,319091.553533,met,0.003338
b18,L1,130,319093.369047,319093.500030,319093.543399,met,0.003274
b18,L2,87,319094.381583,319094.512324,319094.552366,met,0.001154
b18,L1,131,319095.369047,319095.495718,319095.541854,met,0.001372
b18,L2,88,319097.381583,319097.443857,319097.488218,met,0.001185
b18,L1,132,319097.369047,319097.447710,319097.491794,met,0.003246
b18,L1,133,319099.369047,319099.476139,319099.527459,met,0.004469
b18,L2,89,319100.381583,319100.476383,319100.522854,met,0.001147
b18,L1,134,319101.369047,319101.444094,319101.491352,met,0.001325
b18,L2,90,319103.381583,319103.479045,319103.525913,met,0.001220
b18,L1,135,319103.369047,319103.498443,319103.544225,met,0.003207
b18,L1,136,319105.369047,319105.435891,319105.479559,met,0.003256
b18,L2,91,319106.381583,319106.493579,319106.535748,met,0.001210
b18,L1,137,319107.369047,319107.468115,319107.510612,met,0.003295
b18,L2,92,319109.381583,319109.461808,319109.523824,met,0.001107
b18,L1,138,319109.369047,319109.461782,319109.524226,met,0.003300
b18,L1,139,319111.369047,319111.460321,319111.504615,met,0.003314
b18,L2,93,319112.381583,319112.535198,319112.581740,met,0.001149
b18,L1,140,319113.369047,319113.494006,319113.540038,met,0.003382
b18,L2,94,319115.381583,319115.442126,319115.486170,met,0.001199
b18,L1,141,319115.369047,319115.499251,319115.545734,met,0.003342
b18,L1,142,319117.369047,319117.470025,319118.084523,missed,0.556639
b18,L2,95,319118.381583,319118.454280,319119.043550,met,0.537735
b18,L1,143,319119.369047,319119.480967,319120.109381,missed,0.569358
b18,L1,144,319121.369047,319121.474761,319121.546418,met,0.015550
b18,L2,96,319121.381583,319121.475222,319121.546378,met,0.013715
b18,L1,145,319123.369047,319123.442720,319123.487311,met,0.002038
b18,L2,97,319124.381583,319124.495597,319124.548853,met,0.007611
b18,L1,146,319125.369047,319125.498033,319125.562942,met,0.022218
b18,L1,147,319127.369047,319127.480196,319127.532490,met,0.006767
b18,L2,98,319127.381583,319127.507308,319127.550443,met,0.001138
b18,L1,148,319129.369047,319129.443515,319129.490129,met,0.004872
b18,L2,99,319130.381583,319130.445285,319130.548056,met,0.059740
b18,L1,149,319131.369047,319131.495233,319131.566967,met,0.028784
b19,L1,0,319131.951687,319132.016500,319132.068104,met,0.002139
b19,L2,0,319131.951737,319132.016452,319132.068558,met,0.001346
b19,L1,1,319133.951687,319134.062215,319134.415315,met,0.305615
b19,L2,1,319134.951737,319135.018575,319135.060254,met,0.001231
b19,L1,2,319135.951687,319136.077189,319136.118976,met,0.001272
b19,L2,2,319137.951737,319138.019433,319138.068194,met,0.001171
b19,L1,3,319137.951687,319138.019469,319138.072161,met,0.004519
b19,L1,4,319139.951687,319140.059767,319140.112433,met,0.003528
b19,L2,3,319140.951737,319141.037177,319141.080750,met,0.001158
b19,L1,5,319141.951687,319142.088137,319142.137328,met,0.001407
b19,L1,6,319143.951687,319144.078358,319144.128413,met,0.003764
b19,L2,4,319143.951737,319144.082996,319144.132049,met,0.001135
b19,L1,7,319145.951687,319146.077418,319146.125542,met,0.003349
b19,L2,5,319146.951737,319147.086457,319147.133197,met,0.001252
b19,L1,8,319147.951687,319148.072715,319148.131142,met,0.001458
b19,L1,9,319149.951687,319150.029560,319150.083954,met,0.000990
b19,L2,6,319149.951737,319150.029645,319150.084168,met,0.001282
b19,L1,10,319151.951687,319152.025228,319152.071766,met,0.001912
b19,L2,7,319152.951737,319153.065856,319153.111444,met,0.001335
b19,L1,11,319153.951687,319154.055227,319154.110065,met,0.003755
b19,L2,8,319155.951737,319156.083386,319156.135529,met,0.004697
b19,L1,12,319155.951687,319156.083660,319156.135531,met,0.003852
b19,L1,13,319157.951687,319158.027096,319158.066283,met,0.001826
b19,L2,9,319158.951737,319159.031643,319159.913384,met,0.827535
b19,L1,14,319159.951687,319160.082402,319160.131859,met,0.002486
b19,L1,15,319161.951687,319162.051241,319162.104460,met,0.003458
b19,L2,10,319161.951737,319162.058682,319162.104460,met,0.000935
b19,L1,16,319163.951687,319164.063165,319164.111880,met,0.003281
b19,L2,11,319164.951737,319165.060799,319165.280094,met,0.173556
b19,L1,17,319165.951687,319166.019524,319166.065909,met,0.001383
b19,L1,18,319167.951687,319168.026468,319168.074567,met,0.002019
b19,L2,12,319167.951737,319168.057671,319168.104211,met,0.001290
b19,L1,19,319169.951687,319170.065719,319170.113225,met,0.002544
b19,L2,13,319170.951737,319171.051458,319171.096303,met,0.001154
b19,L1,20,319171.951687,319172.088152,319172.134807,met,0.001405
b19,L1,21,319173.951687,319174.024692,319174.074318,met,0.003373
b19,L2,14,319173.951737,319174.069134,319174.114628,met,0.001166
b19,L1,22,319175.951687,319176.028142,319176.075203,met,0.001968
b19,L2,15,319176.951737,319177.084286,319177.127686,met,0.001141
b19,L1,23,319177.951687,319178.088145,319178.137476,met,0.001412
b19,L1,24,319179.951687,319180.019777,319180.071991,met,0.002234
b19,L2,16,319179.951737,319180.059651,319180.109363,met,0.000966
b19,L1,25,319181.951687,319182.033216,319182.655983,missed,0.560733
b19,L2,17,319182.951737,319183.043317,319183.085430,met,0.001431
b19,L1,26,319183.951687,319184.067888,319184.116147,met,0.003483
b19,L2,18,319185.951737,319186.026395,319186.072577,met,0.001183
b19,L1,27,319185.951687,319186.091588,319186.143436,met,0.003404
b19,L1,28,319187.951687,319188.069755,319188.113835,met,0.001337
b19,L2,19,319188.951737,319189.070975,319189.116001,met,0.001192
b19,L1,29,319189.951687,319190.028565,319190.079560,met,0.003259
b19,L1,30,319191.951687,319192.028684,319192.077986,met,0.003489
b19,L2,20,319191.951737,319192.042176,319192.089228,met,0.001117
b19,L1,31,319193.951687,319194.078998,319194.131224,met,0.003509
b19,L2,21,319194.951737,319195.088260,319195.139815,met,0.001732
b19,L1,32,319195.951687,319196.057440,319196.174146,met,0.064050
b19,L1,33,319197.951687,319198.080659,319198.133228,met,0.003928
b19,L2,22,319197.951737,319198.078635,319198.133186,met,0.004486
b19,L1,34,319199.951687,319200.027458,319200.076658,met,0.003416
b19,L2,23,319200.951737,319201.093279,319201.135576,met,0.001158
b19,L1,35,319201.951687,319202.039690,319202.089444,met,0.003981
b19,L2,24,319203.951737,319204.012148,319204.058541,met,0.001246
b19,L1,36,319203.951687,319204.082583,319204.132818,met,0.003470
b19,L1,37,319205.951687,319206.075867,319206.121775,met,0.001333
b19,L2,25,319206.951737,319207.068922,319207.110760,met,0.000830
b19,L1,38,319207.951687,319208.069015,319208.706369,missed,0.576871
b19,L1,39,319209.951687,319210.070485,319210.121741,met,0.001086
b19,L2,26,319209.951737,319210.083938,319210.133315,met,0.000881
b19,L1,40,319211.951687,319212.079704,319212.126766,met,0.001402
b19,L2,27,319212.951737,319213.043283,319213.084142,met,0.001182
b19,L1,41,319213.951687,319214.086011,319214.140339,met,0.004402
b19,L1,42,319215.951687,319216.084776,319216.136078,met,0.001917
b19,L2,28,319215.951737,319216.084761,319216.136059,met,0.001237
b19,L1,43,319217.951687,319218.053531,319218.102329,met,0.003267
b19,L2,29,319218.951737,319219.027243,319219.069275,met,0.000958
b19,L1,44,319219.951687,319220.085105,319220.133141,met,0.003513
b19,L2,30,319221.951737,319222.019705,319222.066211,met,0.001202
b19,L1,45,319221.951687,319222.082602,319222.134658,met,0.003348
b19,L1,46,319223.951687,319224.101077,319224.149519,met,0.003774
b19,L2,31,319224.951737,319225.019576,319225.064282,met,0.001163
b19,L1,47,319225.951687,319226.090729,319226.141469,met,0.002854
b19,L2,32,319227.951737,319228.014702,319228.060569,met,0.001357
b19,L1,48,319227.951687,319228.030164,319228.078680,met,0.003049
b19,L1,49,319229.951687,319230.061181,319230.111485,met,0.003416
b19,L2,33,319230.951737,319231.084363,319231.127210,met,0.001187
b19,L1,50,319231.951687,319232.086825,319232.136786,met,0.003404
b19,L1,51,319233.951687,319234.037732,319234.090989,met,0.002798
b19,L2,34,319233.951737,319234.049288,319234.099439,met,0.001027
b19,L1,52,319235.951687,319236.096655,319236.141558,met,0.001340
b19,L2,35,319236.951737,319237.097921,319237.139512,met,0.001143
b19,L1,53,319237.951687,319238.063812,319238.124105,met,0.003094
b19,L2,36,319239.951737,319240.072644,319240.349087,met,0.220051
b19,L1,54,319239.951687,319240.103863,319240.348975,met,0.194539
b19,L1,55,319241.951687,319242.036973,319242.419410,met,0.335804
b19,L2,37,319242.951737,319243.064622,319243.106431,met,0.001284
b19,L1,56,319243.951687,319244.076955,319244.120473,met,0.003666
b19,L2,38,319245.951737,319246.010871,319246.053970,met,0.001049
b19,L1,57,319245.951687,319246.083952,319246.123614,met,0.001298
b19,L1,58,319247.951687,319248.017463,319248.059742,met,0.003521
b19,L2,39,319248.951737,319249.084136,319249.128586,met,0.001246
b19,L1,59,319249.951687,319250.050933,319250.094718,met,0.003278
b19,L1,60,319251.951687,319252.011296,319252.052605,met,0.001345
b19,L2,40,319251.951737,319252.040256,319252.081864,met,0.001131
b19,L1,61,319253.951687,319254.059153,319254.102457,met,0.002157
b19,L2,41,319254.951737,319255.051944,319255.096220,met,0.001115
b19,L1,62,319255.951687,319256.081819,319256.131892,met,0.003426
b19,L1,63,319257.951687,319258.044587,319258.085569,met,0.001458
b19,L2,42,319257.951737,319258.072038,319258.115416,met,0.001240
b19,L1,64,319259.951687,319260.050159,319260.096785,met,0.003356
b19,L2,43,319260.951737,319261.081184,319261.126373,met,0.001210
b19,L1,65,319261.951687,319262.069966,319262.113947,met,0.003379
b19,L1,66,319263.951687,319264.067123,319264.112665,met,0.002330
b19,L2,44,319263.951737,319264.081139,319264.124247,met,0.001035
b19,L1,67,319265.951687,319266.013017,319266.061564,met,0.003292
b19,L2,45,319266.951737,319267.069608,319267.113893,met,0.001267
b19,L1,68,319267.951687,319268.058362,319268.100386,met,0.003292
b19,L1,69,319269.951687,319270.011485,319270.054853,met,0.000903
b19,L2,46,319269.951737,319270.082579,319270.127069,met,0.000784
b19,L1,70,319271.951687,319272.077529,319272.124087,met,0.003515
b19,L2,47,319272.951737,319273.076051,319273.263338,met,0.142055
b19,L1,71,319273.951687,319274.053013,319274.099462,met,0.002142
b19,L1,72,319275.951687,319276.026133,319276.076056,met,0.003266
b19,L2,48,319275.951737,319276.059031,319276.106600,met,0.001176
b19,L1,73,319277.951687,319278.030203,319278.080264,met,0.003724
b19,L2,49,319278.951737,319279.019121,319279.064679,met,0.000952
b19,L1,74,319279.951687,319280.070040,319280.117112,met,0.003445
b19,L2,50,319281.951737,319282.045613,319282.090848,met,0.001174
b19,L1,75,319281.951687,319282.082153,319282.129711,met,0.001454
b19,L1,76,319283.951687,319284.080141,319284.715046,missed,0.569618
b19,L2,51,319284.951737,319285.070325,319285.119527,met,0.001167
b19,L1,77,319285.951687,319286.079169,319286.125174,met,0.001274
b19,L2,52,319287.951737,319288.071669,319288.118145,met,0.001341
b19,L1,78,319287.951687,319288.089077,319288.138774,met,0.003744
b19,L1,79,319289.951687,319290.034237,319290.079856,met,0.004087
b19,L2,53,319290.951737,319291.095597,319291.141405,met,0.001303
b19,L1,80,319291.951687,319292.061900,319292.111471,met,0.003811
b19,L1,81,319293.951687,319294.069994,319294.126278,met,0.003631
b19,L2,54,319293.951737,319294.070005,319294.126296,met,0.004310
b19,L1,82,319295.951687,319296.070584,319296.118075,met,0.003184
b19,L2,55,319296.951737,319297.036229,319297.081119,met,0.001240
b19,L1,83,319297.951687,319298.026240,319298.075351,met,0.003426
b19,L1,84,319299.951687,319300.017476,319300.070669,met,0.001892
b19,L2,56,319299.951737,319300.017405,319300.070669,met,0.001878
b19,L1,85,319301.951687,319302.097607,319302.148313,met,0.001303
b19,L2,57,319302.951737,319303.068606,319303.114593,met,0.001301
b19,L1,86,319303.951687,319304.047139,319304.098492,met,0.002095
b19,L2,58,319305.951737,319306.032478,319306.081576,met,0.000867
b19,L1,87,319305.951687,319306.081563,319306.132557,met,0.003988
b19,L1,88,319307.951687,319308.070381,319308.121196,met,0.001312
b19,L2,59,319308.951737,319309.027036,319309.073638,met,0.001200
b19,L1,89,319309.951687,319310.068563,319310.112898,met,0.004948
b19,L2,60,319311.951737,319312.057781,319312.104394,met,0.004005
b19,L1,90,319311.951687,319312.057782,319312.104477,met,0.003616
b19,L1,91,319313.951687,319314.091031,319314.139619,met,0.001906
b19,L2,61,319314.951737,319315.072282,319316.075818,met,0.953744
b19,L1,92,319315.951687,319316.069637,319316.117296,met,0.001128
b19,L1,93,319317.951687,319318.030957,319318.081237,met,0.002993
b19,L2,62,319317.951737,319318.074766,319318.117026,met,0.001176
b19,L1,94,319319.951687,319320.072578,319320.135488,met,0.002435
b19,L2,63,319320.951737,319321.036331,319321.081006,met,0.001136
b19,L1,95,319321.951687,319322.084672,319322.142840,met,0.004043
b19,L1,96,319323.951687,319324.030514,319324.080537,met,0.003468
b19,L2,64,319323.951737,319324.090631,319324.137772,met,0.001543
b19,L1,97,319325.951687,319326.039264,319326.090082,met,0.003804
b19,L2,65,319326.951737,319327.050039,319327.097170,met,0.001222
b19,L1,98,319327.951687,319328.054976,319328.104095,met,0.003661
b19,L1,99,319329.951687,319330.061655,319330.112845,met,0.002498
b19,L2,66,319329.951737,319330.075618,319330.123892,met,0.001000
b19,L1,100,319331.951687,319332.022294,319332.071105,met,0.001435
b19,L2,67,319332.951737,319333.091227,319333.139136,met,0.001175
b19,L1,101,319333.951687,319334.094418,319334.145646,met,0.003368
b19,L1,102,319335.951687,319336.029307,319336.081659,met,0.003643
b19,L2,68,319335.951737,319336.049836,319336.102684,met,0.001191
b19,L1,103,319337.951687,319338.036450,319338.082400,met,0.001439
b19,L2,69,319338.951737,319339.095468,319339.142807,met,0.001249
b19,L1,104,319339.951687,319340.087631,319340.144615,met,0.003664
b19,L2,70,319341.951737,319342.049025,319342.104052,met,0.001913
b19,L1,105,319341.951687,319342.044784,319342.104052,met,0.003380
b19,L1,106,319343.951687,319344.049615,319344.100486,met,0.001394
b19,L2,71,319344.951737,319345.075638,319345.124437,met,0.001241
b19,L1,107,319345.951687,319346.071966,319346.122828,met,0.003477
b19,L1,108,319347.951687,319348.033930,319348.677216,missed,0.574110
b19,L2,72,319347.951737,319348.032794,319348.825624,met,0.734757
b19,L1,109,319349.951687,319350.025896,319350.283663,met,0.212373
b19,L2,73,319350.951737,319351.090444,319351.133041,met,0.001184
b19,L1,110,319351.951687,319352.080325,319352.123922,met,0.001415
b19,L1,111,319353.951687,319354.069327,319354.112659,met,0.001286
b19,L2,74,319353.951737,319354.075849,319354.119122,met,0.001145
b19,L1,112,319355.951687,319356.074891,319356.120708,met,0.003727
b19,L2,75,319356.951737,319357.077737,319357.120852,met,0.001181
b19,L1,113,319357.951687,319358.050566,319358.117929,met,0.022593
b19,L1,114,319359.951687,319360.053386,319360.096689,met,0.002058
b19,L2,76,319359.951737,319360.077417,319360.121202,met,0.000838
b19,L1,115,319361.951687,319362.046278,319362.095538,met,0.005051
b19,L2,77,319362.951737,319363.078347,319363.120658,met,0.001606
b19,L1,116,319363.951687,319364.030007,319364.073634,met,0.003102
b19,L2,78,319365.951737,319366.029355,319366.070428,met,0.001128
b19,L1,117,319365.951687,319366.079448,319366.129679,met,0.006128
b19,L1,118,319367.951687,319368.027448,319368.074596,met,0.003144
b19,L2,79,319368.951737,319369.025490,319369.069672,met,0.001223
b19,L1,119,319369.951687,319370.029850,319370.075631,met,0.003804
b19,L1,120,319371.951687,319372.064087,319372.108816,met,0.002028
b19,L2,80,319371.951737,319372.061468,319372.108838,met,0.001254
b19,L1,121,319373.951687,319374.094236,319374.138024,met,0.003147
b19,L2,81,319374.951737,319375.044136,319375.087088,met,0.001179
b19,L1,122,319375.951687,319376.053554,319376.110132,met,0.003793
b19,L2,82,319377.951737,319378.025455,319378.067807,met,0.001097
b19,L1,123,319377.951687,319378.095222,319378.135409,met,0.001245
b19,L1,124,319379.951687,319380.072063,319380.114978,met,0.001770
b19,L2,83,319380.951737,319381.078266,319381.124575,met,0.000863
b19,L1,125,319381.951687,319382.085063,319382.133251,met,0.001351
b19,L2,84,319383.951737,319384.072444,319384.122335,met,0.001278
b19,L1,126,319383.951687,319384.088856,319384.141849,met,0.003279
b19,L1,127,319385.951687,319386.023264,319386.102054,met,0.033242
b19,L2,85,319386.951737,319387.099154,319387.142462,met,0.001160
b19,L1,128,319387.951687,319388.080533,319388.127765,met,0.001366
b19,L2,86,319389.951737,319390.052786,319390.107015,met,0.001423
b19,L1,129,319389.951687,319390.096620,319390.150002,met,0.003039
b19,L1,130,319391.951687,319392.039622,319392.105309,met,0.020612
b19,L2,87,319392.951737,319393.072368,319393.115342,met,0.001452
b19,L1,131,319393.951687,319394.047230,319394.088556,met,0.001383
b19,L1,132,319395.951687,319396.026106,319396.539188,met,0.457393
b19,L2,88,319395.951737,319396.040928,319396.539513,met,0.442405
b19,L1,133,319397.951687,319398.099754,319398.154049,met,0.002729
b19,L2,89,319398.951737,319399.066408,319399.116560,met,0.001279
b19,L1,134,319399.951687,319400.072727,319400.155683,met,0.037342
b19,L2,90,319401.951737,319402.029347,319402.080493,met,0.001437
b19,L1,135,319401.951687,319402.047151,319402.101764,met,0.003547
b19,L1,136,319403.951687,319404.064799,319404.114429,met,0.001928
b19,L2,91,319404.951737,319405.028595,319405.121545,met,0.024730
b19,L1,137,319405.951687,319406.047751,319406.096635,met,0.003305
b19,L1,138,319407.951687,319408.030496,319408.078527,met,0.003376
b19,L2,92,319407.951737,319408.059369,319408.108011,met,0.001228
b19,L1,139,319409.951687,319410.031661,319410.658996,missed,0.566276
b19,L2,93,319410.951737,319411.030096,319411.310643,met,0.231896
b19,L1,140,319411.951687,319412.030011,319412.072524,met,0.000967
b19,L1,141,319413.951687,319414.032115,319414.112258,met,0.031542
b19,L2,94,319413.951737,319414.058709,319414.112088,met,0.008854
b19,L1,142,319415.951687,319416.038925,319416.081662,met,0.001388
b19,L2,95,319416.951737,319417.034825,319417.102498,met,0.023586
b19,L1,143,319417.951687,319418.045824,319418.091346,met,0.003633
b19,L1,144,319419.951687,319420.082453,319420.716029,missed,0.570676
b19,L2,96,319419.951737,319420.082471,319420.845817,met,0.714263
b19,L1,145,319421.951687,319422.073066,319422.121317,met,0.003136
b19,L2,97,319422.951737,319423.077216,319423.123026,met,0.001384
b19,L1,146,319423.951687,319424.090530,319424.137880,met,0.001384
b19,L1,147,319425.951687,319426.105844,319426.753870,missed,0.575339
b19,L2,98,319425.951737,319426.105838,319427.182420,met,1.013316
b19,L1,148,319427.951687,319428.100646,319428.148507,met,0.001396
b19,L2,99,319428.951737,319429.064434,319429.110940,met,0.001283
b19,L1,149,319429.951687,319430.091107,319430.223227,met,0.084043
b20,L1,0,319430.704220,319430.775670,319430.839729,met,0.012088
b20,L2,0,319430.704230,319430.775670,319430.839576,met,0.011831
b20,L1,1,319432.704220,319432.833439,319432.886129,met,0.006861
b20,L2,1,319433.704230,319433.838314,319433.892258,met,0.012650
b20,L1,2,319434.704220,319434.821298,319434.865274,met,0.001451
b20,L2,2,319436.704230,319436.773791,319436.820417,met,0.001694
b20,L1,3,319436.704220,319436.773932,319436.820449,met,0.001309
b20,L1,4,319438.704220,319438.772827,319438.871041,met,0.052433
b20,L2,3,319439.704230,319439.788525,319439.837164,met,0.001131
b20,L1,5,319440.704220,319440.842221,319440.893129,met,0.001419
b20,L1,6,319442.704220,319442.769184,319442.815003,met,0.002079
b20,L2,4,319442.704230,319442.786929,319442.834500,met,0.000877
b20,L1,7,319444.704220,319444.812139,319444.885086,met,0.020035
b20,L2,5,319445.704230,319445.829949,319445.874643,met,0.001201
b20,L1,8,319446.704220,319446.796776,319446.842101,met,0.001430
b20,L1,9,319448.704220,319448.831159,319448.885151,met,0.005046
b20,L2,6,319448.704230,319448.831193,319448.885301,met,0.005394
b20,L1,10,319450.704220,319450.788653,319450.868718,met,0.039282
b20,L2,7,319451.704230,319451.829626,319451.870479,met,0.001303
b20,L1,11,319452.704220,319452.795524,319452.849199,met,0.005252
b20,L1,12,319454.704220,319454.785103,319454.834914,met,0.005574
b20,L2,8,319454.704230,319454.827667,319454.875818,met,0.001167
b20,L1,13,319456.704220,319456.841525,319456.896776,met,0.002688
b20,L1,14,319458.704220,319458.817382,319459.134159,met,0.263435
b20,L2,9,319457.704230,319457.807341,319459.134157,met,1.270233
b20,L1,15,319460.704220,319460.782223,319460.831658,met,0.004082
b20,L2,10,319460.704230,319460.843674,319460.907619,met,0.017938
b20,L1,16,319462.704220,319462.786064,319462.873952,met,0.043225
b20,L2,11,319463.704230,319463.784867,319463.831298,met,0.001306
b20,L1,17,319464.704220,319464.802309,319464.863639,met,0.001705
b20,L1,18,319466.704220,319466.776347,319466.822091,met,0.003452
b20,L2,12,319466.704230,319466.805448,319466.848569,met,0.001253
b20,L1,19,319468.704220,319468.762580,319468.868532,met,0.063467
b20,L2,13,319469.704230,319469.780803,319469.822520,met,0.001158
b20,L1,20,319470.704220,319470.826349,319470.868803,met,0.001383
b20,L1,21,319472.704220,319472.797269,319472.860007,met,0.003857
b20,L2,14,319472.704230,319472.835934,319472.899142,met,0.001320
b20,L1,22,319474.704220,319474.854384,319474.922355,met,0.016842
b20,L2,15,319475.704230,319475.848183,319475.895165,met,0.001250
b20,L1,23,319476.704220,319476.824737,319476.908959,met,0.001398
b20,L2,16,319478.704230,319478.795254,319478.851220,met,0.001229
b20,L1,24,319478.704220,319478.885329,319478.950952,met,0.003381
b20,L1,25,319480.704220,319480.838740,319480.899382,met,0.003332
b20,L2,17,319481.704230,319481.851116,319481.898227,met,0.001235
b20,L1,26,319482.704220,319482.832211,319482.882218,met,0.003847
b20,L2,18,319484.704230,319484.779049,319484.821507,met,0.001202
b20,L1,27,319484.704220,319484.776061,319484.822763,met,0.003452
b20,L1,28,319486.704220,319486.820866,319486.891720,met,0.017159
b20,L2,19,319487.704230,319487.784939,319487.828164,met,0.001257
b20,L1,29,319488.704220,319488.851753,319489.499084,missed,0.575054
b20,L2,20,319490.704230,319490.834884,319491.305613,met,0.410545
b20,L1,30,319490.704220,319490.856510,319491.305555,met,0.393098
b20,L1,31,319492.704220,319492.779307,319492.836411,met,0.003562
b20,L2,21,319493.704230,319493.789530,319493.833712,met,0.001221
b20,L1,32,319494.704220,319494.786622,319494.828586,met,0.001408
b20,L1,33,319496.704220,319496.789722,319496.842287,met,0.001322
b20,L2,22,319496.704230,319496.800371,319496.851266,met,0.001182
b20,L1,34,319498.704220,319498.812771,319498.863736,met,0.003972
b20,L2,23,319499.704230,319499.833318,319499.875576,met,0.001323
b20,L1,35,319500.704220,319500.772282,319500.921330,met,0.105816
b20,L1,36,319502.704220,319502.781283,319502.826268,met,0.003484
b20,L2,24,319502.704230,319502.838035,319502.881634,met,0.001164
b20,L1,37,319504.704220,319504.779659,319504.822612,met,0.001521
b20,L2,25,319505.704230,319505.804807,319506.046250,met,0.188836
b20,L1,38,319506.704220,319506.784033,319506.829880,met,0.003563
b20,L1,39,319508.704220,319508.832482,319508.882891,met,0.003756
b20,L2,26,319508.704230,319508.851089,319508.904786,met,0.001231
b20,L1,40,319510.704220,319510.810046,319510.859171,met,0.001627
b20,L2,27,319511.704230,319511.784841,319511.829156,met,0.001392
b20,L1,41,319512.704220,319512.832779,319512.876832,met,0.003780
b20,L2,28,319514.704230,319514.797257,319514.848045,met,0.003901
b20,L1,42,319514.704220,319514.797189,319514.848217,met,0.003396
b20,L1,43,319516.704220,319516.835242,319516.887176,met,0.001505
b20,L2,29,319517.704230,319517.843354,319517.889095,met,0.001396
b20,L1,44,319518.704220,319518.845508,319518.901597,met,0.003511
b20,L1,45,319520.704220,319520.838062,319521.480855,missed,0.573797
b20,L2,30,319520.704230,319520.830153,319521.686386,met,0.799167
b20,L1,46,319522.704220,319522.851160,319522.906903,met,0.003465
b20,L2,31,319523.704230,319523.788767,319523.835224,met,0.001229
b20,L1,47,319524.704220,319524.832905,319524.895845,met,0.003431
b20,L2,32,319526.704230,319526.834430,319526.884096,met,0.001283
b20,L1,48,319526.704220,319526.845646,319526.892721,met,0.001340
b20,L1,49,319528.704220,319528.848240,319528.895802,met,0.003209
b20,L2,33,319529.704230,319529.783360,319529.832333,met,0.001394
b20,L1,50,319530.704220,319530.799959,319530.846195,met,0.002036
b20,L2,34,319532.704230,319532.816956,319532.877193,met,0.001171
b20,L1,51,319532.704220,319532.838287,319532.901685,met,0.002828
b20,L1,52,319534.704220,319534.833058,319534.890881,met,0.004322
b20,L2,35,319535.704230,319535.855987,319535.910865,met,0.000961
b20,L1,53,319536.704220,319536.845344,319536.898893,met,0.003051
b20,L1,54,319538.704220,319538.796627,319538.857451,met,0.002409
b20,L2,36,319538.704230,319538.809956,319538.862557,met,0.001127
b20,L1,55,319540.704220,319540.825642,319540.897259,met,0.007816
b20,L2,37,319541.704230,319541.777869,319541.832181,met,0.001071
b20,L1,56,319542.704220,319542.804945,319542.864734,met,0.002744
b20,L1,57,319544.704220,319544.838446,319544.950998,met,0.001333
b20,L2,38,319544.704230,319544.850747,319544.962768,met,0.001110
b20,L1,58,319546.704220,319546.836973,319546.953943,met,0.048241
b20,L2,39,319547.704230,319547.877292,319547.932936,met,0.001497
b20,L1,59,319548.704220,319548.890456,319548.948414,met,0.003994
b20,L2,40,319550.704230,319550.786835,319550.846973,met,0.001287
b20,L1,60,319550.704220,319550.786615,319550.846971,met,0.002215
b20,L1,61,319552.704220,319552.851034,319553.316892,met,0.403547
b20,L2,41,319553.704230,319553.833121,319553.889301,met,0.001312
b20,L1,62,319554.704220,319554.853844,319554.898031,met,0.001079
b20,L1,63,319556.704220,319556.809615,319556.852962,met,0.001392
b20,L2,42,319556.704230,319556.852438,319556.900441,met,0.001404
b20,L1,64,319558.704220,319558.829989,319558.875581,met,0.001841
b20,L2,43,319559.704230,319559.832873,319559.877289,met,0.001237
b20,L1,65,319560.704220,319560.786843,319560.831691,met,0.001528
b20,L1,66,319562.704220,319562.767694,319562.845277,met,0.035053
b20,L2,44,319562.704230,319562.828690,319562.871163,met,0.000857
b20,L1,67,319564.704220,319564.783948,319564.852192,met,0.001203
b20,L2,45,319565.704230,319565.844965,319565.897159,met,0.001260
b20,L1,68,319566.704220,319566.841617,319566.891825,met,0.001425
b20,L2,46,319568.704230,319568.835696,319568.895619,met,0.002924
b20,L1,69,319568.704220,319568.835661,319568.896032,met,0.002621
b20,L1,70,319570.704220,319570.858395,319570.918775,met,0.002282
b20,L2,47,319571.704230,319571.814627,319571.861771,met,0.001321
b20,L1,71,319572.704220,319572.854761,319572.928493,met,0.014601
b20,L2,48,319574.704230,319574.836937,319574.888243,met,0.001378
b20,L1,72,319574.704220,319574.840869,319574.892926,met,0.003409
b20,L1,73,319576.704220,319576.838797,319576.886829,met,0.002041
b20,L2,49,319577.704230,319577.820218,319577.874752,met,0.011171
b20,L1,74,319578.704220,319578.835752,319578.883566,met,0.003767
b20,L1,75,319580.704220,319580.792808,319580.843075,met,0.003442
b20,L2,50,319580.704230,319580.798549,319580.846828,met,0.001327
b20,L1,76,319582.704220,319582.825624,319583.404679,missed,0.509002
b20,L2,51,319583.704230,319583.769748,319584.155828,met,0.329171
b20,L1,77,319584.704220,319584.831322,319584.882586,met,0.001539
b20,L1,78,319586.704220,319586.817908,319586.867171,met,0.002218
b20,L2,52,319586.704230,319586.844477,319586.891799,met,0.001051
b20,L1,79,319588.704220,319588.809346,319588.938231,met,0.084871
b20,L2,53,319589.704230,319589.777545,319589.866179,met,0.032803
b20,L1,80,319590.704220,319590.835536,319590.881419,met,0.003427
b20,L2,54,319592.704230,319592.817928,319592.880226,met,0.005606
b20,L1,81,319592.704220,319592.794244,319592.880240,met,0.024825
b20,L1,82,319594.704220,319594.859865,319594.908912,met,0.003361
b20,L2,55,319595.704230,319595.857774,319595.902024,met,0.000948
b20,L1,83,319596.704220,319596.776150,319596.823844,met,0.003627
b20,L1,84,319598.704220,319598.766460,319598.965562,met,0.153073
b20,L2,56,319598.704230,319598.838937,319599.000330,met,0.116676
b20,L1,85,319600.704220,319600.808931,319600.862467,met,0.001273
b20,L2,57,319601.704230,319601.814517,319601.858121,met,0.000868
b20,L1,86,319602.704220,319602.808971,319602.862873,met,0.012543
b20,L1,87,319604.704220,319604.818287,319604.866502,met,0.002062
b20,L2,58,319604.704230,319604.840702,319604.886058,met,0.001038
b20,L1,88,319606.704220,319606.772143,319606.817245,met,0.001416
b20,L2,59,319607.704230,319607.767073,319607.829032,met,0.018628
b20,L1,89,319608.704220,319608.817887,319608.887705,met,0.027876
b20,L1,90,319610.704220,319610.769448,319610.834414,met,0.015298
b20,L2,60,319610.704230,319610.769739,319610.834353,met,0.015932
b20,L1,91,319612.704220,319612.854651,319612.926026,met,0.018911
b20,L1,92,319614.704220,319614.838734,319615.461098,missed,0.555798
b20,L2,61,319613.704230,319613.818136,319615.525001,met,1.654392
b20,L2,62,319616.704230,319616.803372,319616.858505,met,0.001361
b20,L1,93,319616.704220,319616.850547,319616.903973,met,0.001307
b20,L1,94,319618.704220,319618.782059,319618.831790,met,0.002416
b20,L2,63,319619.704230,319619.850412,319619.914574,met,0.001138
b20,L1,95,319620.704220,319620.792471,319620.848310,met,0.003873
b20,L2,64,319622.704230,319622.797058,319622.849642,met,0.001216
b20,L1,96,319622.704220,319622.797181,319622.850600,met,0.003960
b20,L1,97,319624.704220,319624.793341,319624.845921,met,0.003857
b20,L2,65,319625.704230,319625.800626,319625.848268,met,0.001297
b20,L1,98,319626.704220,319626.797186,319626.842075,met,0.003803
b20,L1,99,319628.704220,319628.775887,319628.822853,met,0.003917
b20,L2,66,319628.704230,319628.830902,319628.878444,met,0.001215
b20,L1,100,319630.704220,319630.844466,319631.483457,missed,0.574223
b20,L2,67,319631.704230,319631.803942,319632.490566,met,0.632150
b20,L1,101,319632.704220,319632.854484,319632.904212,met,0.000995
b20,L2,68,319634.704230,319634.802358,319634.854485,met,0.001335
b20,L1,102,319634.704220,319634.833152,319634.887895,met,0.003285
b20,L1,103,319636.704220,319636.779370,319636.833338,met,0.003692
b20,L2,69,319637.704230,319637.852647,319637.905009,met,0.001235
b20,L1,104,319638.704220,319638.819914,319638.868102,met,0.001554
b20,L2,70,319640.704230,319640.845380,319640.899343,met,0.001399
b20,L1,105,319640.704220,319640.845369,319640.903965,met,0.004833
b20,L1,106,319642.704220,319642.842872,319642.891795,met,0.003205
b20,L2,71,319643.704230,319643.843637,319643.891996,met,0.001230
b20,L1,107,319644.704220,319644.768701,319644.818792,met,0.001417
b20,L2,72,319646.704230,319646.821009,319646.877593,met,0.001257
b20,L1,108,319646.704220,319646.834216,319646.891075,met,0.003266
b20,L1,109,319648.704220,319648.785335,319648.834327,met,0.002165
b20,L2,73,319649.704230,319649.851387,319649.907671,met,0.001168
b20,L1,110,319650.704220,319650.815155,319650.864826,met,0.002143
b20,L2,74,319652.704230,319652.817983,319652.871984,met,0.001434
b20,L1,111,319652.704220,319652.841120,319652.898715,met,0.003616
b20,L1,112,319654.704220,319654.816053,319654.870140,met,0.002240
b20,L2,75,319655.704230,319655.835195,319655.896045,met,0.001225
b20,L1,113,319656.704220,319656.907608,319657.123531,met,0.159644
b20,L1,114,319658.704220,319658.773015,319658.820644,met,0.001031
b20,L2,76,319658.704230,319658.833113,319658.886551,met,0.001008
b20,L1,115,319660.704220,319660.849834,319660.903426,met,0.002579
b20,L2,77,319661.704230,319661.852579,319661.904703,met,0.001015
b20,L1,116,319662.704220,319662.796872,319663.435320,missed,0.570418
b20,L2,78,319664.704230,319664.784052,319664.843660,met,0.001083
b20,L1,117,319664.704220,319664.826553,319664.880948,met,0.001144
b20,L1,118,319666.704220,319666.827430,319666.905895,met,0.003523
b20,L2,79,319667.704230,319667.815973,319667.878579,met,0.001518
b20,L1,119,319668.704220,319668.900192,319668.950522,met,0.004036
b20,L1,120,319670.704220,319670.781715,319670.835520,met,0.004170
b20,L2,80,319670.704230,319670.898161,319670.947051,met,0.001465
b20,L1,121,319672.704220,319672.794540,319672.843010,met,0.001578
b20,L2,81,319673.704230,319673.767479,319673.813055,met,0.001210
b20,L1,122,319674.704220,319674.815675,319674.866267,met,0.003707
b20,L2,82,319676.704230,319676.832463,319676.883122,met,0.001292
b20,L1,123,319676.704220,319676.841295,319676.895992,met,0.004043
b20,L1,124,319678.704220,319678.820234,319678.873363,met,0.001498
b20,L2,83,319679.704230,319679.848542,319679.908009,met,0.000963
b20,L1,125,319680.704220,319680.843314,319680.897204,met,0.004159
b20,L2,84,319682.704230,319682.842293,319683.430323,met,0.521081
b20,L1,126,319682.704220,319682.842288,319683.440723,missed,0.519858
b20,L1,127,319684.704220,319684.855271,319684.902919,met,0.001459
b20,L2,85,319685.704230,319685.859813,319685.912933,met,0.001391
b20,L1,128,319686.704220,319686.828817,319686.875453,met,0.003332
b20,L1,129,319688.704220,319688.773846,319688.831103,met,0.004697
b20,L2,86,319688.704230,319688.787786,319688.837337,met,0.001338
b20,L1,130,319690.704220,319690.815238,319690.866520,met,0.002265
b20,L2,87,319691.704230,319691.780672,319691.825577,met,0.001202
b20,L1,131,319692.704220,319692.852077,319692.921626,met,0.014339
b20,L1,132,319694.704220,319694.833431,319695.173072,met,0.291477
b20,L2,88,319694.704230,319694.830136,319695.172998,met,0.291408
b20,L1,133,319696.704220,319696.826316,319696.877500,met,0.003363
b20,L2,89,319697.704230,319697.795817,319697.851810,met,0.001305
b20,L1,134,319698.704220,319698.840957,319698.894912,met,0.003988
b20,L1,135,319700.704220,319700.765905,319700.814061,met,0.004328
b20,L2,90,319700.704230,319700.778546,319700.820978,met,0.001299
b20,L1,136,319702.704220,319702.839133,319702.888678,met,0.001393
b20,L2,91,319703.704230,319703.823912,319703.871011,met,0.001245
b20,L1,137,319704.704220,319704.839890,319704.890628,met,0.003374
b20,L1,138,319706.704220,319706.807837,319706.871156,met,0.004325
b20,L2,92,319706.704230,319706.839714,319706.900137,met,0.001384
b20,L1,139,319708.704220,319708.858616,319708.912385,met,0.001407
b20,L2,93,319709.704230,319709.845353,319709.900271,met,0.001347
b20,L1,140,319710.704220,319710.847459,319710.896475,met,0.002311
b20,L1,141,319712.704220,319712.781249,319712.834246,met,0.003599
b20,L2,94,319712.704230,319712.835760,319712.887934,met,0.001252
b20,L1,142,319714.704220,319714.787330,319714.840395,met,0.001025
b20,L2,95,319715.704230,319715.827456,319715.888425,met,0.001309
b20,L1,143,319716.704220,319716.844328,319716.898090,met,0.003621
b20,L2,96,319718.704230,319718.823284,319718.873957,met,0.003973
b20,L1,144,319718.704220,319718.823309,319718.873956,met,0.003365
b20,L1,145,319720.704220,319720.796172,319720.840717,met,0.002025
b20,L2,97,319721.704230,319721.838815,319721.880498,met,0.001258
b20,L1,146,319722.704220,319722.840246,319722.892988,met,0.003538
b20,L2,98,319724.704230,319724.818808,319724.861658,met,0.001287
b20,L1,147,319724.704220,319724.843301,319724.889224,met,0.003313
b20,L1,148,319726.704220,319726.824503,319726.882406,met,0.003893
b20,L2,99,319727.704230,319727.817709,319727.860665,met,0.001266
b20,L1,149,319728.704220,319728.795384,319728.841816,met,0.003593
b21,L1,0,319729.237128,319729.300982,319729.349693,met,0.001978
b21,L2,0,319729.237163,319729.301028,319729.350382,met,0.001300
b21,L1,1,319731.237128,319731.377646,319731.422295,met,0.003356
b21,L2,1,319732.237163,319732.346155,319732.394481,met,0.001264
b21,L1,2,319733.237128,319733.352139,319733.400929,met,0.003369
b21,L1,3,319735.237128,319735.368005,319735.444603,met,0.033452
b21,L2,2,319735.237163,319735.366130,319735.444555,met,0.033815
b21,L1,4,319737.237128,319737.375234,319737.420991,met,0.001513
b21,L2,3,319738.237163,319738.374159,319738.417391,met,0.001328
b21,L1,5,319739.237128,319739.329603,319739.375779,met,0.003297
b21,L1,6,319741.237128,319741.351969,319741.673516,met,0.278212
b21,L2,4,319741.237163,319741.318419,319741.673694,met,0.309394
b21,L1,7,319743.237128,319743.318603,319743.367309,met,0.003692
b21,L2,5,319744.237163,319744.313047,319744.358507,met,0.001287
b21,L1,8,319745.237128,319745.374660,319745.965926,missed,0.528779
b21,L1,9,319747.237128,319747.374170,319747.426594,met,0.002143
b21,L2,6,319747.237163,319747.371703,319747.426882,met,0.001401
b21,L1,10,319749.237128,319749.334756,319749.383072,met,0.001171
b21,L2,7,319750.237163,319750.333290,319750.388910,met,0.002161
b21,L1,11,319751.237128,319751.332352,319751.436825,met,0.054283
b21,L2,8,319753.237163,319753.315618,319753.363627,met,0.004177
b21,L1,12,319753.237128,319753.314083,319753.363674,met,0.003444
b21,L1,13,319755.237128,319755.334983,319755.378469,met,0.001800
b21,L2,9,319756.237163,319756.376627,319756.446188,met,0.021223
b21,L1,14,319757.237128,319757.373664,319757.417113,met,0.003158
b21,L2,10,319759.237163,319759.302501,319759.349204,met,0.001357
b21,L1,15,319759.237128,319759.319421,319759.365920,met,0.003291
b21,L1,16,319761.237128,319761.368547,319761.475533,met,0.063249
b21,L2,11,319762.237163,319762.325619,319762.372836,met,0.001226
b21,L1,17,319763.237128,319763.358161,319763.411557,met,0.001423
b21,L2,12,319765.237163,319765.302067,319765.347534,met,0.001268
b21,L1,18,319765.237128,319765.360148,319765.410806,met,0.003705
b21,L1,19,319767.237128,319767.371150,319767.414468,met,0.001974
b21,L2,13,319768.237163,319768.378106,319768.421492,met,0.001610
b21,L1,20,319769.237128,319769.371692,319769.415274,met,0.001684
b21,L2,14,319771.237163,319771.372730,319771.540313,met,0.115252
b21,L1,21,319771.237128,319771.355384,319771.540589,met,0.128874
b21,L1,22,319773.237128,319773.329457,319773.374858,met,0.001774
b21,L2,15,319774.237163,319774.338795,319774.381001,met,0.001216
b21,L1,23,319775.237128,319775.371711,319775.424264,met,0.001470
b21,L2,16,319777.237163,319777.372070,319777.467157,met,0.048869
b21,L1,24,319777.237128,319777.375392,319777.467184,met,0.048513
b21,L1,25,319779.237128,319779.358453,319779.414279,met,0.001182
b21,L2,17,319780.237163,319780.362272,319780.409154,met,0.000967
b21,L1,26,319781.237128,319781.362306,319781.407946,met,0.003508
b21,L1,27,319783.237128,319783.369562,319783.424817,met,0.002282
b21,L2,18,319783.237163,319783.375999,319783.429523,met,0.001364
b21,L1,28,319785.237128,319785.316043,319785.367823,met,0.001497
b21,L2,19,319786.237163,319786.371137,319786.416217,met,0.000943
b21,L1,29,319787.237128,319787.312928,319787.471853,met,0.117521
b21,L1,30,319789.237128,319789.294872,319789.347619,met,0.010339
b21,L2,20,319789.237163,319789.373203,319789.418204,met,0.000905
b21,L1,31,319791.237128,319791.372114,319791.416649,met,0.001310
b21,L2,21,319792.237163,319792.339480,319792.592407,met,0.199981
b21,L1,32,319793.237128,319793.295989,319793.351478,met,0.003489
b21,L2,22,319795.237163,319795.331275,319795.412948,met,0.021807
b21,L1,33,319795.237128,319795.365521,319795.464619,met,0.044848
b21,L1,34,319797.237128,319797.326643,319797.369773,met,0.001216
b21,L2,23,319798.237163,319798.379486,319798.448989,met,0.016474
b21,L1,35,319799.237128,319799.368693,319799.416602,met,0.003452
b21,L2,24,319801.237163,319801.314093,319801.400740,met,0.038017
b21,L1,36,319801.237128,319801.333403,319801.400781,met,0.019260
b21,L1,37,319803.237128,319803.371486,319803.415339,met,0.002109
b21,L2,25,319804.237163,319804.328379,319804.396014,met,0.024458
b21,L1,38,319805.237128,319805.335730,319805.392134,met,0.003628
b21,L1,39,319807.237128,319807.383181,319808.011401,missed,0.555622
b21,L2,26,319807.237163,319807.369813,319808.771551,met,1.337362
b21,L1,40,319809.237128,319809.379288,319809.442425,met,0.001474
b21,L2,27,319810.237163,319810.379934,319810.443748,met,0.002201
b21,L1,41,319811.237128,319811.385958,319812.015360,missed,0.568141
b21,L1,42,319813.237128,319813.348176,319813.402622,met,0.001259
b21,L2,28,319813.237163,319813.383187,319813.438537,met,0.001460
b21,L1,43,319815.237128,319815.382945,319815.517509,met,0.079402
b21,L2,29,319816.237163,319816.325115,319816.368599,met,0.001284
b21,L1,44,319817.237128,319817.384459,319817.425895,met,0.001288
b21,L1,45,319819.237128,319819.347257,319819.394669,met,0.003422
b21,L2,30,319819.237163,319819.363812,319819.408808,met,0.001248
b21,L1,46,319821.237128,319821.370556,319821.422081,met,0.001603
b21,L2,31,319822.237163,319822.362688,319822.415318,met,0.001389
b21,L1,47,319823.237128,319823.328235,319823.371790,met,0.003186
b21,L2,32,319825.237163,319825.317601,319825.369654,met,0.001259
b21,L1,48,319825.237128,319825.348247,319825.405374,met,0.003575
b21,L1,49,319827.237128,319827.382799,319827.432376,met,0.001565
b21,L2,33,319828.237163,319828.318703,319828.368515,met,0.001297
b21,L1,50,319829.237128,319829.304455,319829.357543,met,0.003973
b21,L1,51,319831.237128,319831.317736,319831.372276,met,0.003382
b21,L2,34,319831.237163,319831.317764,319831.372542,met,0.003979
b21,L1,52,319833.237128,319833.316576,319833.361826,met,0.001453
b21,L2,35,319834.237163,319834.308976,319834.365074,met,0.008895
b21,L1,53,319835.237128,319835.306379,319835.359206,met,0.003365
b21,L2,36,319837.237163,319837.356748,319837.410361,met,0.001244
b21,L1,54,319837.237128,319837.364534,319837.418757,met,0.002894
b21,L1,55,319839.237128,319839.377208,319839.429143,met,0.001156
b21,L2,37,319840.237163,319840.372456,319840.424215,met,0.000962
b21,L1,56,319841.237128,319841.351532,319841.396066,met,0.003916
b21,L1,57,319843.237128,319843.318264,319843.905835,missed,0.521824
b21,L2,38,319843.237163,319843.374841,319844.950629,met,1.521393
b21,L1,58,319845.237128,319845.318666,319845.370636,met,0.003853
b21,L2,39,319846.237163,319846.377876,319846.427034,met,0.001396
b21,L1,59,319847.237128,319847.316343,319847.376121,met,0.001587
b21,L1,60,319849.237128,319849.320570,319849.691175,met,0.312840
b21,L2,40,319849.237163,319849.320607,319849.691185,met,0.313256
b21,L1,61,319851.237128,319851.382336,319851.432503,met,0.003750
b21,L2,41,319852.237163,319852.366920,319852.427940,met,0.001329
b21,L1,62,319853.237128,319853.369543,319853.430694,met,0.002896
b21,L2,42,319855.237163,319855.320380,319855.376176,met,0.004580
b21,L1,63,319855.237128,319855.320481,319855.376220,met,0.004203
b21,L1,64,319857.237128,319857.339664,319857.407582,met,0.001463
b21,L2,43,319858.237163,319858.370633,319858.417504,met,0.001178
b21,L1,65,319859.237128,319859.369618,319859.418750,met,0.001439
b21,L2,44,319861.237163,319861.360865,319861.412540,met,0.001388
b21,L1,66,319861.237128,319861.358532,319861.415117,met,0.004811
b21,L1,67,319863.237128,319863.375057,319863.431624,met,0.001546
b21,L2,45,319864.237163,319864.381978,319864.442797,met,0.001332
b21,L1,68,319865.237128,319865.344215,319865.403975,met,0.004015
b21,L1,69,319867.237128,319867.380061,319867.439763,met,0.003134
b21,L2,46,319867.237163,319867.386224,319867.441836,met,0.001330
b21,L1,70,319869.237128,319869.313161,319869.364684,met,0.001201
b21,L2,47,319870.237163,319870.370375,319870.423633,met,0.000953
b21,L1,71,319871.237128,319871.373972,319871.433526,met,0.002902
b21,L2,48,319873.237163,319873.340376,319873.411986,met,0.020529
b21,L1,72,319873.237128,319873.340252,319873.411920,met,0.019580
b21,L1,73,319875.237128,319875.339438,319875.977210,missed,0.575224
b21,L2,49,319876.237163,319876.329098,319876.374628,met,0.001253
b21,L1,74,319877.237128,319877.312899,319877.358426,met,0.001430
b21,L1,75,319879.237128,319879.347294,319879.396255,met,0.003665
b21,L2,50,319879.237163,319879.362631,319879.412187,met,0.001349
b21,L1,76,319881.237128,319881.380745,319881.428125,met,0.003967
b21,L2,51,319882.237163,319882.315847,319882.364206,met,0.000893
b21,L1,77,319883.237128,319883.375123,319883.426625,met,0.003295
b21,L2,52,319885.237163,319885.316372,319885.370638,met,0.001112
b21,L1,78,319885.237128,319885.372810,319885.422151,met,0.004459
b21,L1,79,319887.237128,319887.332623,319887.382533,met,0.003883
b21,L2,53,319888.237163,319888.372485,319888.421730,met,0.001148
b21,L1,80,319889.237128,319889.363346,319889.413506,met,0.003921
b21,L2,54,319891.237163,319891.315133,319891.358953,met,0.000921
b21,L1,81,319891.237128,319891.368556,319891.418798,met,0.003398
b21,L1,82,319893.237128,319893.353329,319893.397227,met,0.001407
b21,L2,55,319894.237163,319894.338530,319894.381342,met,0.000888
b21,L1,83,319895.237128,319895.323278,319895.379547,met,0.003394
b21,L1,84,319897.237128,319897.373013,319897.432352,met,0.002520
b21,L2,56,319897.237163,319897.373607,319897.432625,met,0.002927
b21,L1,85,319899.237128,319899.340366,319899.388278,met,0.000989
b21,L2,57,319900.237163,319900.341010,319900.393146,met,0.001193
b21,L1,86,319901.237128,319901.350649,319901.442479,met,0.030331
b21,L2,58,319903.237163,319903.321202,319903.390335,met,0.013478
b21,L1,87,319903.237128,319903.354173,319903.415101,met,0.002338
b21,L1,88,319905.237128,319905.311830,319905.358139,met,0.001150
b21,L2,59,319906.237163,319906.331591,319907.311049,met,0.920485
b21,L1,89,319907.237128,319907.308082,319907.379163,met,0.005863
b21,L1,90,319909.237128,319909.340274,319909.387574,met,0.001386
b21,L2,60,319909.237163,319909.394579,319909.443142,met,0.001377
b21,L1,91,319911.237128,319911.307549,319911.646927,met,0.288034
b21,L2,61,319912.237163,319912.306702,319912.371800,met,0.001442
b21,L1,92,319913.237128,319913.381583,319914.016076,missed,0.561102
b21,L1,93,319915.237128,319915.351222,319915.403393,met,0.003591
b21,L2,62,319915.237163,319915.386429,319915.435767,met,0.001276
b21,L1,94,319917.237128,319917.309927,319917.364972,met,0.002360
b21,L2,63,319918.237163,319918.370903,319918.414092,met,0.001447
b21,L1,95,319919.237128,319919.406249,319919.462331,met,0.001945
b21,L1,96,319921.237128,319921.339461,319921.395805,met,0.002636
b21,L2,64,319921.237163,319921.339695,319921.395812,met,0.001610
b21,L1,97,319923.237128,319923.329433,319923.376350,met,0.003336
b21,L2,65,319924.237163,319924.326358,319924.375001,met,0.001326
b21,L1,98,319925.237128,319925.318698,319925.365855,met,0.001445
b21,L2,66,319927.237163,319927.323182,319927.444696,met,0.071338
b21,L1,99,319927.237128,319927.335359,319927.445040,met,0.064017
b21,L1,100,319929.237128,319929.381732,319929.428834,met,0.000968
b21,L2,67,319930.237163,319930.338525,319930.387665,met,0.000917
b21,L1,101,319931.237128,319931.374492,319931.422713,met,0.001421
b21,L2,68,319933.237163,319933.364809,319933.417524,met,0.001428
b21,L1,102,319933.237128,319933.371309,319933.423996,met,0.003983
b21,L1,103,319935.237128,319935.330327,319935.384743,met,0.004187
b21,L2,69,319936.237163,319936.349792,319936.396035,met,0.001303
b21,L1,104,319937.237128,319937.363834,319937.963882,missed,0.536235
b21,L1,105,319939.237128,319939.347682,319939.406500,met,0.001900
b21,L2,70,319939.237163,319939.369202,319939.430104,met,0.001272
b21,L1,106,319941.237128,319941.386509,319941.436310,met,0.001907
b21,L2,71,319942.237163,319942.389749,319942.586192,met,0.127036
b21,L1,107,319943.237128,319943.321039,319943.466619,met,0.099371
b21,L1,108,319945.237128,319945.312853,319945.358141,met,0.003522
b21,L2,72,319945.237163,319945.383560,319945.432818,met,0.002300
b21,L1,109,319947.237128,319947.306966,319947.354449,met,0.001413
b21,L2,73,319948.237163,319948.306544,319948.477219,met,0.122073
b21,L1,110,319949.237128,319949.332123,319949.387009,met,0.003457
b21,L1,111,319951.237128,319951.312112,319951.356050,met,0.003391
b21,L2,74,319951.237163,319951.373762,319951.416487,met,0.001188
b21,L1,112,319953.237128,319953.361731,319953.468367,met,0.061741
b21,L2,75,319954.237163,319954.304091,319954.359251,met,0.001314
b21,L1,113,319955.237128,319955.317570,319955.362144,met,0.003089
b21,L2,76,319957.237163,319957.350228,319957.396977,met,0.002326
b21,L1,114,319957.237128,319957.346129,319957.396955,met,0.003774
b21,L1,115,319959.237128,319959.354765,319959.835463,met,0.428380
b21,L2,77,319960.237163,319960.376213,319960.420995,met,0.000866
b21,L1,116,319961.237128,319961.302501,319961.348826,met,0.001895
b21,L2,78,319963.237163,319963.370339,319963.422532,met,0.004486
b21,L1,117,319963.237128,319963.370434,319963.422477,met,0.003918
b21,L1,118,319965.237128,319965.349771,319965.395352,met,0.003490
b21,L2,79,319966.237163,319966.318186,319966.360181,met,0.001230
b21,L1,119,319967.237128,319967.325659,319967.371740,met,0.002149
b21,L2,80,319969.237163,319969.355404,319969.418486,met,0.001107
b21,L1,120,319969.237128,319969.371185,319969.434268,met,0.002734
b21,L1,121,319971.237128,319971.386471,319971.430857,met,0.003384
b21,L2,81,319972.237163,319972.349221,319972.391817,met,0.001459
b21,L1,122,319973.237128,319973.338674,319973.467377,met,0.083332
b21,L1,123,319975.237128,319975.371888,319975.512506,met,0.004805
b21,L2,82,319975.237163,319975.382250,319975.521697,met,0.001447
b21,L1,124,319977.237128,319977.422363,319977.465546,met,0.001579
b21,L2,83,319978.237163,319978.437422,319978.478772,met,0.001195
b21,L1,125,319979.237128,319979.372509,319979.441389,met,0.001991
b21,L2,84,319981.237163,319981.335548,319981.381015,met,0.001302
b21,L1,126,319981.237128,319981.371202,319981.422490,met,0.003343
b21,L1,127,319983.237128,319983.300946,319983.342832,met,0.001341
b21,L2,85,319984.237163,319984.371354,319984.898747,met,0.476937
b21,L1,128,319985.237128,319985.313529,319985.359469,met,0.003624
b21,L1,129,319987.237128,319987.349861,319987.398066,met,0.001495
b21,L2,86,319987.237163,319987.367621,319987.417167,met,0.001288
b21,L1,130,319989.237128,319989.373945,319989.417986,met,0.001589
b21,L2,87,319990.237163,319990.369076,319991.169673,met,0.749016
b21,L1,131,319991.237128,319991.368737,319991.417677,met,0.001200
b21,L1,132,319993.237128,319993.373219,319993.474374,met,0.047502
b21,L2,88,319993.237163,319993.381544,319993.580844,met,0.150088
b21,L1,133,319995.237128,319995.364649,319995.421911,met,0.003596
b21,L2,89,319996.237163,319996.367286,319996.410277,met,0.001318
b21,L1,134,319997.237128,319997.388339,319997.459977,met,0.009608
b21,L2,90,319999.237163,319999.322626,319999.380757,met,0.001294
b21,L1,135,319999.237128,319999.322504,319999.383484,met,0.004400
b21,L1,136,320001.237128,320001.308141,320001.358324,met,0.003571
b21,L2,91,320002.237163,320002.380287,320002.426880,met,0.001244
b21,L1,137,320003.237128,320003.361965,320003.409632,met,0.003050
b21,L1,138,320005.237128,320005.366318,320005.427942,met,0.003322
b21,L2,92,320005.237163,320005.374037,320005.434610,met,0.001485
b21,L1,139,320007.237128,320007.365920,320007.410274,met,0.001447
b21,L2,93,320008.237163,320008.335946,320008.386619,met,0.001252
b21,L1,140,320009.237128,320009.372495,320009.429988,met,0.007189
b21,L2,94,320011.237163,320011.309947,320011.419457,met,0.040747
b21,L1,141,320011.237128,320011.323358,320011.419338,met,0.029572
b21,L1,142,320013.237128,320013.382790,320013.426137,met,0.001425
b21,L2,95,320014.237163,320014.333651,320014.386478,met,0.001332
b21,L1,143,320015.237128,320015.373632,320015.443364,met,0.003527
b21,L2,96,320017.237163,320017.379635,320017.436978,met,0.001380
b21,L1,144,320017.237128,320017.379629,320017.440284,met,0.004083
b21,L1,145,320019.237128,320019.449672,320020.230620,missed,0.570965
b21,L2,97,320020.237163,320020.327951,320020.653434,met,0.254653
b21,L1,146,320021.237128,320021.351808,320022.011966,missed,0.568755
b21,L1,147,320023.237128,320023.386918,320023.441793,met,0.001066
b21,L2,98,320023.237163,320023.411547,320023.465158,met,0.001084
b21,L1,148,320025.237128,320025.380929,320025.561656,met,0.126894
b21,L2,99,320026.237163,320026.392380,320027.520837,met,1.063875
b21,L1,149,320027.237128,320027.351630,320027.521321,met,0.120604
b22,L1,0,320028.045383,320028.125109,320028.175168,met,0.002022
b22,L2,0,320028.045401,320028.125150,320028.175529,met,0.001356
b22,L1,1,320030.045383,320030.183884,320030.229441,met,0.001432
b22,L2,1,320031.045401,320031.191925,320031.241271,met,0.001534
b22,L1,2,320032.045383,320032.134994,320032.180722,met,0.003666
b22,L2,2,320034.045401,320034.149674,320034.197816,met,0.001377
b22,L1,3,320034.045383,320034.159052,320034.208415,met,0.003336
b22,L1,4,320036.045383,320036.110253,320036.153977,met,0.003312
b22,L2,3,320037.045401,320037.186005,320037.231301,met,0.001176
b22,L1,5,320038.045383,320038.110216,320038.153924,met,0.001397
b22,L1,6,320040.045383,320040.106951,320040.151726,met,0.003693
b22,L2,4,320040.045401,320040.174803,320040.220357,met,0.001220
b22,L1,7,320042.045383,320042.170949,320042.216025,met,0.003045
b22,L2,5,320043.045401,320043.171687,320043.219945,met,0.001312
b22,L1,8,320044.045383,320044.161456,320044.209303,met,0.003309
b22,L2,6,320046.045401,320046.139176,320046.188702,met,0.001265
b22,L1,9,320046.045383,320046.152243,320046.201838,met,0.003430
b22,L1,10,320048.045383,320048.181451,320048.226808,met,0.001471
b22,L2,7,320049.045401,320049.151344,320049.198775,met,0.001396
b22,L1,11,320050.045383,320050.181166,320050.256707,met,0.002647
b22,L2,8,320052.045401,320052.129139,320052.189175,met,0.002020
b22,L1,12,320052.045383,320052.140626,320052.200723,met,0.002796
b22,L1,13,320054.045383,320054.201795,320054.254397,met,0.001514
b22,L2,9,320055.045401,320055.179347,320055.229621,met,0.001039
b22,L1,14,320056.045383,320056.147287,320056.195186,met,0.002089
b22,L1,15,320058.045383,320058.176588,320058.801931,missed,0.558947
b22,L2,10,320058.045401,320058.166113,320059.048428,met,0.829949
b22,L1,16,320060.045383,320060.165020,320060.215749,met,0.001452
b22,L2,11,320061.045401,320061.166952,320061.214050,met,0.000979
b22,L1,17,320062.045383,320062.180738,320062.244092,met,0.015271
b22,L1,18,320064.045383,320064.112086,320064.161899,met,0.002221
b22,L2,12,320064.045401,320064.108887,320064.162076,met,0.001362
b22,L1,19,320066.045383,320066.188703,320066.240434,met,0.002861
b22,L2,13,320067.045401,320067.188829,320067.251600,met,0.013198
b22,L1,20,320068.045383,320068.190679,320068.248703,met,0.007312
b22,L2,14,320070.045401,320070.122650,320070.171237,met,0.001246
b22,L1,21,320070.045383,320070.179973,320070.252391,met,0.024489
b22,L1,22,320072.045383,320072.146558,320072.197394,met,0.003508
b22,L2,15,320073.045401,320073.184991,320073.249431,met,0.011443
b22,L1,23,320074.045383,320074.148947,320074.200040,met,0.003435
b22,L2,16,320076.045401,320076.166262,320076.246021,met,0.022806
b22,L1,24,320076.045383,320076.190113,320076.249058,met,0.002766
b22,L1,25,320078.045383,320078.143480,320078.197795,met,0.001452
b22,L2,17,320079.045401,320079.137093,320079.180670,met,0.001273
b22,L1,26,320080.045383,320080.155829,320080.238975,met,0.036322
b22,L1,27,320082.045383,320082.157483,320082.210930,met,0.002976
b22,L2,18,320082.045401,320082.178268,320082.246145,met,0.016605
b22,L1,28,320084.045383,320084.143940,320084.191915,met,0.001516
b22,L2,19,320085.045401,320085.189643,320085.261663,met,0.026303
b22,L1,29,320086.045383,320086.191209,320086.252753,met,0.013701
b22,L2,20,320088.045401,320088.181223,320088.261383,met,0.027144
b22,L1,30,320088.045383,320088.181219,320088.261414,met,0.026770
b22,L1,31,320090.045383,320090.190369,320090.242867,met,0.001115
b22,L2,21,320091.045401,320091.158204,320091.219978,met,0.001128
b22,L1,32,320092.045383,320092.177748,320092.230182,met,0.003652
b22,L1,33,320094.045383,320094.138779,320094.188604,met,0.003443
b22,L2,22,320094.045401,320094.144671,320094.189368,met,0.001076
b22,L1,34,320096.045383,320096.191655,320096.238980,met,0.002064
b22,L2,23,320097.045401,320097.169864,320097.462784,met,0.243655
b22,L1,35,320098.045383,320098.137024,320098.183741,met,0.002980
b22,L1,36,320100.045383,320100.111036,320100.163023,met,0.003452
b22,L2,24,320100.045401,320100.184115,320100.270255,met,0.034079
b22,L1,37,320102.045383,320102.146730,320102.206595,met,0.004061
b22,L2,25,320103.045401,320103.185198,320103.235568,met,0.001286
b22,L1,38,320104.045383,320104.116567,320104.194860,met,0.003410
b22,L2,26,320106.045401,320106.127692,320106.174156,met,0.000957
b22,L1,39,320106.045383,320106.210618,320106.263020,met,0.003094
b22,L1,40,320108.045383,320108.188877,320108.240358,met,0.001425
b22,L2,27,320109.045401,320109.182462,320109.236068,met,0.000998
b22,L1,41,320110.045383,320110.149122,320110.241060,met,0.041519
b22,L2,28,320112.045401,320112.175717,320112.247599,met,0.001363
b22,L1,42,320112.045383,320112.181341,320112.278946,met,0.030986
b22,L1,43,320114.045383,320114.178660,320114.231512,met,0.001440
b22,L2,29,320115.045401,320115.134185,320115.190090,met,0.001206
b22,L1,44,320116.045383,320116.139313,320116.187481,met,0.001967
b22,L2,30,320118.045401,320118.158124,320118.209405,met,0.001347
b22,L1,45,320118.045383,320118.179605,320118.237388,met,0.003517
b22,L1,46,320120.045383,320120.180538,320120.814431,missed,0.569934
b22,L2,31,320121.045401,320121.189230,320121.636459,met,0.388457
b22,L1,47,320122.045383,320122.190689,320122.244048,met,0.001431
b22,L2,32,320124.045401,320124.180967,320124.242319,met,0.001078
b22,L1,48,320124.045383,320124.192009,320124.256513,met,0.001193
b22,L1,49,320126.045383,320126.130206,320126.183504,met,0.003814
b22,L2,33,320127.045401,320127.139427,320127.189693,met,0.001447
b22,L1,50,320128.045383,320128.160532,320128.285830,met,0.074428
b22,L1,51,320130.045383,320130.134026,320130.190365,met,0.001437
b22,L2,34,320130.045401,320130.184252,320130.238875,met,0.001446
b22,L1,52,320132.045383,320132.178941,320132.230778,met,0.003798
b22,L2,35,320133.045401,320133.124037,320133.173100,met,0.001275
b22,L1,53,320134.045383,320134.182298,320134.242471,met,0.004244
b22,L1,54,320136.045383,320136.126490,320136.174921,met,0.001275
b22,L2,36,320136.045401,320136.174947,320136.225637,met,0.001329
b22,L1,55,320138.045383,320138.183686,320138.234587,met,0.003276
b22,L2,37,320139.045401,320139.114768,320139.165630,met,0.001246
b22,L1,56,320140.045383,320140.114377,320140.237769,met,0.075436
b22,L2,38,320142.045401,320142.168973,320142.220790,met,0.001433
b22,L1,57,320142.045383,320142.169022,320142.223766,met,0.004776
b22,L1,58,320144.045383,320144.120589,320144.174347,met,0.003505
b22,L2,39,320145.045401,320145.186957,320145.240194,met,0.001361
b22,L1,59,320146.045383,320146.184926,320146.242881,met,0.003613
b22,L2,40,320148.045401,320148.179778,320148.229875,met,0.001264
b22,L1,60,320148.045383,320148.186881,320148.239499,met,0.004086
b22,L1,61,320150.045383,320150.190445,320150.238997,met,0.003510
b22,L2,41,320151.045401,320151.192930,320151.242082,met,0.001360
b22,L1,62,320152.045383,320152.112109,320152.750799,missed,0.571572
b22,L2,42,320154.045401,320154.162933,320154.207665,met,0.001200
b22,L1,63,320154.045383,320154.187236,320154.232350,met,0.001357
b22,L1,64,320156.045383,320156.176555,320156.244169,met,0.017540
b22,L2,43,320157.045401,320157.184912,320157.245817,met,0.001625
b22,L1,65,320158.045383,320158.140750,320158.195238,met,0.003588
b22,L1,66,320160.045383,320160.175672,320160.232094,met,0.003443
b22,L2,44,320160.045401,320160.194944,320160.246580,met,0.001193
b22,L1,67,320162.045383,320162.140966,320162.193010,met,0.002341
b22,L2,45,320163.045401,320163.158575,320163.217475,met,0.001383
b22,L1,68,320164.045383,320164.140562,320164.191391,met,0.003357
b22,L1,69,320166.045383,320166.125686,320166.179720,met,0.003475
b22,L2,46,320166.045401,320166.188757,320166.241827,met,0.001259
b22,L1,70,320168.045383,320168.182207,320168.230287,met,0.003766
b22,L2,47,320169.045401,320169.115971,320169.169075,met,0.001286
b22,L1,71,320170.045383,320170.165619,320170.241520,met,0.019382
b22,L1,72,320172.045383,320172.141694,320172.196697,met,0.003317
b22,L2,48,320172.045401,320172.187364,320172.244845,met,0.001372
b22,L1,73,320174.045383,320174.161269,320174.215784,met,0.002242
b22,L2,49,320175.045401,320175.161641,320175.216444,met,0.001390
b22,L1,74,320176.045383,320176.162442,320176.218299,met,0.001755
b22,L2,50,320178.045401,320178.128654,320178.184856,met,0.001256
b22,L1,75,320178.045383,320178.128724,320178.185590,met,0.004029
b22,L1,76,320180.045383,320180.177088,320180.226584,met,0.003060
b22,L2,51,320181.045401,320181.164079,320181.211042,met,0.001444
b22,L1,77,320182.045383,320182.129153,320182.180730,met,0.001297
b22,L1,78,320184.045383,320184.161810,320184.208955,met,0.002464
b22,L2,52,320184.045401,320184.187457,320184.233675,met,0.000946
b22,L1,79,320186.045383,320186.118219,320186.162781,met,0.001346
b22,L2,53,320187.045401,320187.118334,320187.163508,met,0.000893
b22,L1,80,320188.045383,320188.178716,320188.233693,met,0.003281
b22,L1,81,320190.045383,320190.163670,320190.235335,met,0.015220
b22,L2,54,320190.045401,320190.154624,320190.234941,met,0.028097
b22,L1,82,320192.045383,320192.155443,320192.216020,met,0.017036
b22,L2,55,320193.045401,320193.206912,320193.263597,met,0.008079
b22,L1,83,320194.045383,320194.150716,320194.197370,met,0.003861
b22,L2,56,320196.045401,320196.118383,320196.774200,met,0.604942
b22,L1,84,320196.045383,320196.174650,320196.786095,missed,0.549538
b22,L1,85,320198.045383,320198.113671,320198.163649,met,0.003395
b22,L2,57,320199.045401,320199.130894,320199.190031,met,0.001113
b22,L1,86,320200.045383,320200.158816,320200.260815,met,0.047109
b22,L1,87,320202.045383,320202.193584,320202.249196,met,0.002092
b22,L2,58,320202.045401,320202.193956,320202.249649,met,0.001363
b22,L1,88,320204.045383,320204.164928,320204.212250,met,0.003772
b22,L2,59,320205.045401,320205.176124,320205.521017,met,0.295814
b22,L1,89,320206.045383,320206.136604,320206.187814,met,0.003596
b22,L2,60,320208.045401,320208.109744,320208.166738,met,0.001233
b22,L1,90,320208.045383,320208.142390,320208.194952,met,0.001994
b22,L1,91,320210.045383,320210.185358,320210.240119,met,0.003425
b22,L2,61,320211.045401,320211.152632,320211.198680,met,0.001436
b22,L1,92,320212.045383,320212.184612,320212.233237,met,0.003401
b22,L1,93,320214.045383,320214.187100,320214.821495,missed,0.554981
b22,L2,62,320214.045401,320214.187504,320215.364665,met,1.113786
b22,L1,94,320216.045383,320216.135812,320216.184392,met,0.001515
b22,L2,63,320217.045401,320217.193906,320217.242636,met,0.001160
b22,L1,95,320218.045383,320218.141054,320218.186841,met,0.001480
b22,L2,64,320220.045401,320220.119262,320220.269712,met,0.101308
b22,L1,96,320220.045383,320220.183743,320220.310480,met,0.078308
b22,L1,97,320222.045383,320222.109723,320222.159842,met,0.003463
b22,L2,65,320223.045401,320223.166245,320223.226367,met,0.001397
b22,L1,98,320224.045383,320224.182701,320224.241114,met,0.001696
b22,L1,99,320226.045383,320226.195245,320226.253650,met,0.002459
b22,L2,66,320226.045401,320226.201157,320226.258499,met,0.001298
b22,L1,100,320228.045383,320228.158409,320228.213081,met,0.003647
b22,L2,67,320229.045401,320229.156983,320229.219105,met,0.008663
b22,L1,101,320230.045383,320230.165221,320230.455011,met,0.234082
b22,L1,102,320232.045383,320232.127399,320232.179715,met,0.003923
b22,L2,68,320232.045401,320232.156075,320232.206906,met,0.001252
b22,L1,103,320234.045383,320234.183258,320234.232368,met,0.003602
b22,L2,69,320235.045401,320235.183486,320235.240397,met,0.001330
b22,L1,104,320236.045383,320236.177644,320236.368570,met,0.141485
b22,L2,70,320238.045401,320238.120769,320238.179565,met,0.001420
b22,L1,105,320238.045383,320238.120690,320238.180848,met,0.004264
b22,L1,106,320240.045383,320240.178682,320240.235608,met,0.003138
b22,L2,71,320241.045401,320241.197633,320241.244422,met,0.001325
b22,L1,107,320242.045383,320242.154639,320242.208889,met,0.004110
b22,L2,72,320244.045401,320244.175134,320244.231934,met,0.001241
b22,L1,108,320244.045383,320244.186009,320244.244662,met,0.003662
b22,L1,109,320246.045383,320246.174572,320246.647542,met,0.412679
b22,L2,73,320247.045401,320247.173990,320247.222061,met,0.001233
b22,L1,110,320248.045383,320248.167691,320248.218253,met,0.001630
b22,L2,74,320250.045401,320250.133194,320250.185060,met,0.003583
b22,L1,111,320250.045383,320250.129373,320250.185060,met,0.003702
b22,L1,112,320252.045383,320252.140389,320252.193199,met,0.003249
b22,L2,75,320253.045401,320253.183891,320253.237850,met,0.001306
b22,L1,113,320254.045383,320254.174192,320254.222896,met,0.004090
b22,L1,114,320256.045383,320256.177687,320256.237251,met,0.003419
b22,L2,76,320256.045401,320256.177730,320256.237574,met,0.004037
b22,L1,115,320258.045383,320258.192119,320258.239908,met,0.003417
b22,L2,77,320259.045401,320259.136890,320259.185453,met,0.001195
b22,L1,116,320260.045383,320260.175309,320260.249935,met,0.027471
b22,L2,78,320262.045401,320262.185766,320262.252737,met,0.012279
b22,L1,117,320262.045383,320262.185808,320262.252737,met,0.011690
b22,L1,118,320264.045383,320264.183400,320264.226297,met,0.001378
b22,L2,79,320265.045401,320265.179129,320265.223163,met,0.001220
b22,L1,119,320266.045383,320266.180362,320266.227497,met,0.003358
b22,L2,80,320268.045401,320268.171018,320268.409985,met,0.187619
b22,L1,120,320268.045383,320268.174130,320268.410062,met,0.187012
b22,L1,121,320270.045383,320270.171282,320270.219798,met,0.003344
b22,L2,81,320271.045401,320271.180981,320271.226386,met,0.001347
b22,L1,122,320272.045383,320272.125797,320272.184604,met,0.004450
b22,L1,123,320274.045383,320274.108703,320274.156737,met,0.001509
b22,L2,82,320274.045401,320274.114109,320274.158403,met,0.001126
b22,L1,124,320276.045383,320276.160260,320276.214485,met,0.005923
b22,L2,83,320277.045401,320277.126492,320277.599107,met,0.420311
b22,L1,125,320278.045383,320278.167636,320278.214208,met,0.004830
b22,L1,126,320280.045383,320280.141659,320280.188053,met,0.001389
b22,L2,84,320280.045401,320280.174102,320280.217505,met,0.001173
b22,L1,127,320282.045383,320282.178098,320282.228253,met,0.003245
b22,L2,85,320283.045401,320283.177182,320283.222080,met,0.001486
b22,L1,128,320284.045383,320284.110126,320284.154776,met,0.003521
b22,L2,86,320286.045401,320286.150792,320286.215327,met,0.001053
b22,L1,129,320286.045383,320286.178705,320286.239098,met,0.001212
b22,L1,130,320288.045383,320288.193808,320288.240064,met,0.003719
b22,L2,87,320289.045401,320289.160507,320289.204722,met,0.001272
b22,L1,131,320290.045383,320290.177241,320290.259824,met,0.037420
b22,L1,132,320292.045383,320292.113527,320292.160963,met,0.001393
b22,L2,88,320292.045401,320292.173586,320292.223572,met,0.001280
b22,L1,133,320294.045383,320294.185781,320294.233662,met,0.005043
b22,L2,89,320295.045401,320295.168395,320295.214908,met,0.001289
b22,L1,134,320296.045383,320296.179606,320296.228630,met,0.003435
b22,L1,135,320298.045383,320298.154076,320298.205450,met,0.002353
b22,L2,90,320298.045401,320298.153941,320298.205542,met,0.000950
b22,L1,136,320300.045383,320300.178440,320300.225579,met,0.003329
b22,L2,91,320301.045401,320301.178461,320301.224304,met,0.001396
b22,L1,137,320302.045383,320302.143340,320302.190291,met,0.003331
b22,L2,92,320304.045401,320304.179394,320304.231445,met,0.004173
b22,L1,138,320304.045383,320304.179589,320304.231548,met,0.003569
b22,L1,139,320306.045383,320306.180516,320306.229116,met,0.003345
b22,L2,93,320307.045401,320307.182579,320307.227420,met,0.001264
b22,L1,140,320308.045383,320308.166474,320308.691663,met,0.472349
b22,L1,141,320310.045383,320310.179466,320310.231522,met,0.002095
b22,L2,94,320310.045401,320310.179466,320310.231647,met,0.001226
b22,L1,142,320312.045383,320312.188733,320312.236247,met,0.003632
b22,L2,95,320313.045401,320313.171337,320313.529219,met,0.311420
b22,L1,143,320314.045383,320314.143586,320314.190224,met,0.003330
b22,L2,96,320316.045401,320316.169582,320316.223373,met,0.003871
b22,L1,144,320316.045383,320316.169631,320316.223319,met,0.003364
b22,L1,145,320318.045383,320318.182230,320318.229899,met,0.003232
b22,L2,97,320319.045401,320319.143696,320319.190288,met,0.001329
b22,L1,146,320320.045383,320320.129530,320320.256096,met,0.081806
b22,L1,147,320322.045383,320322.103045,320322.151504,met,0.003345
b22,L2,98,320322.045401,320322.166789,320322.214041,met,0.001312
b22,L1,148,320324.045383,320324.145040,320324.192571,met,0.004066
b22,L2,99,320325.045401,320325.183767,320325.234922,met,0.001378
b22,L1,149,320326.045383,320326.167104,320326.214279,met,0.001476
b23,L1,0,320326.611541,320326.680378,320326.779085,met,0.048904
b23,L2,0,320326.611558,320326.680271,320326.779048,met,0.047202
b23,L1,1,320328.611541,320328.714822,320329.066807,met,0.303734
b23,L2,1,320329.611558,320329.756766,320329.840011,met,0.035710
b23,L1,2,320330.611541,320330.747453,320330.810703,met,0.019607
b23,L1,3,320332.611541,320332.671103,320332.783206,met,0.064371
b23,L2,2,320332.611558,320332.728788,320332.783093,met,0.005541
b23,L1,4,320334.611541,320334.688460,320334.734499,met,0.003312
b23,L2,3,320335.611558,320335.684913,320336.662767,met,0.932318
b23,L1,5,320336.611541,320336.744493,320336.789928,met,0.001912
b23,L1,6,320338.611541,320338.707083,320339.307137,missed,0.538714
b23,L2,4,320338.611558,320338.735620,320339.696626,met,0.903544
b23,L1,7,320340.611541,320340.748216,320340.797089,met,0.001343
b23,L2,5,320341.611558,320341.745172,320341.789749,met,0.001690
b23,L1,8,320342.611541,320342.704748,320342.750779,met,0.001331
b23,L1,9,320344.611541,320344.702621,320344.747929,met,0.001857
b23,L2,6,320344.611558,320344.741524,320344.788474,met,0.000880
b23,L1,10,320346.611541,320346.728398,320347.045033,met,0.264644
b23,L2,7,320347.611558,320347.744954,320347.806951,met,0.001621
b23,L1,11,320348.611541,320348.721105,320348.765229,met,0.001750
b23,L2,8,320350.611558,320350.724279,320350.799705,met,0.020846
b23,L1,12,320350.611541,320350.745683,320350.799874,met,0.004254
b23,L1,13,320352.611541,320352.759337,320352.812596,met,0.003399
b23,L2,9,320353.611558,320353.743152,320353.788247,met,0.001282
b23,L1,14,320354.611541,320354.747212,320354.791987,met,0.001841
b23,L1,15,320356.611541,320356.699757,320356.751492,met,0.001997
b23,L2,10,320356.611558,320356.701567,320356.751499,met,0.001345
b23,L1,16,320358.611541,320358.757030,320358.808983,met,0.002262
b23,L2,11,320359.611558,320359.685246,320360.022472,met,0.290855
b23,L1,17,320360.611541,320360.720407,320360.765959,met,0.001764
b23,L1,18,320362.611541,320362.713471,320362.759433,met,0.001719
b23,L2,12,320362.611558,320362.724963,320362.770613,met,0.001174
b23,L1,19,320364.611541,320364.746976,320364.791440,met,0.001986
b23,L2,13,320365.611558,320365.705507,320365.750408,met,0.001330
b23,L1,20,320366.611541,320366.747432,320366.794719,met,0.001980
b23,L1,21,320368.611541,320368.722984,320368.767984,met,0.001484
b23,L2,14,320368.611558,320368.739618,320368.786558,met,0.001331
b23,L1,22,320370.611541,320370.744694,320371.237633,met,0.447622
b23,L2,15,320371.611558,320371.736953,320371.786058,met,0.001335
b23,L1,23,320372.611541,320372.672207,320372.718827,met,0.001963
b23,L1,24,320374.611541,320374.728640,320374.778863,met,0.002282
b23,L2,16,320374.611558,320374.747105,320374.793632,met,0.000864
b23,L1,25,320376.611541,320376.696973,320376.743625,met,0.003361
b23,L2,17,320377.611558,320377.714653,320377.759685,met,0.001300
b23,L1,26,320378.611541,320378.681159,320378.730996,met,0.001812
b23,L2,18,320380.611558,320380.730416,320380.783720,met,0.000993
b23,L1,27,320380.611541,320380.746081,320380.798503,met,0.001007
b23,L1,28,320382.611541,320382.690037,320382.737152,met,0.003307
b23,L2,19,320383.611558,320383.744655,320383.788007,met,0.001280
b23,L1,29,320384.611541,320384.711688,320384.772874,met,0.002679
b23,L1,30,320386.611541,320386.743658,320386.795082,met,0.002334
b23,L2,20,320386.611558,320386.743088,320386.794979,met,0.001417
b23,L1,31,320388.611541,320388.750918,320388.798149,met,0.003419
b23,L2,21,320389.611558,320389.728737,320389.773503,met,0.000873
b23,L1,32,320390.611541,320390.739831,320390.908866,met,0.117776
b23,L2,22,320392.611558,320392.696541,320392.748041,met,0.001280
b23,L1,33,320392.611541,320392.748318,320392.810415,met,0.001563
b23,L1,34,320394.611541,320394.743488,320394.789761,met,0.001993
b23,L2,23,320395.611558,320395.758864,320395.803364,met,0.001205
b23,L1,35,320396.611541,320396.745742,320396.791867,met,0.001816
b23,L2,24,320398.611558,320398.696240,320398.748562,met,0.002291
b23,L1,36,320398.611541,320398.696240,320398.748639,met,0.001456
b23,L1,37,320400.611541,320400.746718,320400.794847,met,0.001359
b23,L2,25,320401.611558,320401.754838,320402.236830,met,0.433478
b23,L1,38,320402.611541,320402.675348,320402.747781,met,0.025783
b23,L1,39,320404.611541,320404.743362,320404.793610,met,0.004203
b23,L2,26,320404.611558,320404.715558,320404.793620,met,0.028456
b23,L1,40,320406.611541,320406.703415,320406.907874,met,0.158531
b23,L2,27,320407.611558,320407.681562,320407.728633,met,0.001345
b23,L1,41,320408.611541,320408.747796,320408.793896,met,0.004281
b23,L2,28,320410.611558,320410.746629,320410.805537,met,0.001582
b23,L1,42,320410.611541,320410.746409,320410.805547,met,0.001245
b23,L1,43,320412.611541,320412.753206,320412.813821,met,0.001162
b23,L2,29,320413.611558,320413.689460,320413.733521,met,0.001121
b23,L1,44,320414.611541,320414.732749,320414.796931,met,0.018890
b23,L2,30,320416.611558,320416.703185,320416.749883,met,0.001425
b23,L1,45,320416.611541,320416.745583,320416.803101,met,0.003781
b23,L1,46,320418.611541,320418.685573,320418.732193,met,0.003351
b23,L2,31,320419.611558,320419.680584,320419.772151,met,0.048126
b23,L1,47,320420.611541,320420.714537,320420.761616,met,0.001998
b23,L1,48,320422.611541,320422.709825,320422.754755,met,0.001343
b23,L2,32,320422.611558,320422.705770,320422.754702,met,0.001274
b23,L1,49,320424.611541,320424.740095,320424.799351,met,0.015183
b23,L2,33,320425.611558,320425.700895,320425.747626,met,0.001406
b23,L1,50,320426.611541,320426.744787,320426.790437,met,0.001851
b23,L2,34,320428.611558,320428.697273,320428.745007,met,0.001888
b23,L1,51,320428.611541,320428.697253,320428.744982,met,0.001417
b23,L1,52,320430.611541,320430.742683,320430.791016,met,0.003900
b23,L2,35,320431.611558,320431.719286,320431.766235,met,0.001245
b23,L1,53,320432.611541,320432.731464,320433.307097,missed,0.504099
b23,L1,54,320434.611541,320434.754050,320434.828183,met,0.024649
b23,L2,36,320434.611558,320434.747333,320434.828182,met,0.026959
b23,L1,55,320436.611541,320436.738202,320436.783438,met,0.001931
b23,L2,37,320437.611558,320437.714051,320437.759654,met,0.000883
b23,L1,56,320438.611541,320438.740922,320438.784498,met,0.001324
b23,L2,38,320440.611558,320440.692271,320440.741700,met,0.001091
b23,L1,57,320440.611541,320440.728084,320440.782417,met,0.001152
b23,L1,58,320442.611541,320442.713171,320442.758304,met,0.001839
b23,L2,39,320443.611558,320443.754141,320443.800051,met,0.001229
b23,L1,59,320444.611541,320444.699334,320444.743302,met,0.001412
b23,L2,40,320446.611558,320446.679043,320446.732852,met,0.001298
b23,L1,60,320446.611541,320446.679357,320446.733559,met,0.004108
b23,L1,61,320448.611541,320448.722307,320448.769547,met,0.001819
b23,L2,41,320449.611558,320449.721752,320449.803451,met,0.039711
b23,L1,62,320450.611541,320450.677606,320450.724996,met,0.003939
b23,L2,42,320452.611558,320452.738074,320452.933130,met,0.143459
b23,L1,63,320452.611541,320452.742058,320453.158363,met,0.372095
b23,L1,64,320454.611541,320454.729640,320454.789917,met,0.017317
b23,L2,43,320455.611558,320455.746689,320455.791422,met,0.001222
b23,L1,65,320456.611541,320456.696625,320456.746230,met,0.003384
b23,L1,66,320458.611541,320458.724381,320458.774910,met,0.003518
b23,L2,44,320458.611558,320458.741457,320458.788105,met,0.001305
b23,L1,67,320460.611541,320460.745880,320460.792615,met,0.001854
b23,L2,45,320461.611558,320461.693614,320461.737255,met,0.001208
b23,L1,68,320462.611541,320462.746271,320462.789899,met,0.001491
b23,L2,46,320464.611558,320464.741820,320464.810936,met,0.015208
b23,L1,69,320464.611541,320464.711025,320464.811203,met,0.046192
b23,L1,70,320466.611541,320466.765796,320466.811732,met,0.003454
b23,L2,47,320467.611558,320467.767259,320467.817052,met,0.000949
b23,L1,71,320468.611541,320468.742376,320468.787939,met,0.001886
b23,L1,72,320470.611541,320470.683917,320470.740909,met,0.008642
b23,L2,48,320470.611558,320470.743459,320470.795571,met,0.001221
b23,L1,73,320472.611541,320472.741984,320472.786444,met,0.000918
b23,L2,49,320473.611558,320473.749801,320473.812449,met,0.011016
b23,L1,74,320474.611541,320474.711642,320474.843370,met,0.070476
b23,L1,75,320476.611541,320476.730143,320477.094846,met,0.311489
b23,L2,50,320476.611558,320476.728078,320477.095114,met,0.308556
b23,L1,76,320478.611541,320478.715231,320478.762121,met,0.003857
b23,L2,51,320479.611558,320479.695949,320479.741154,met,0.001225
b23,L1,77,320480.611541,320480.743416,320480.787410,met,0.002727
b23,L1,78,320482.611541,320482.737793,320482.787204,met,0.001527
b23,L2,52,320482.611558,320482.737575,320482.787545,met,0.002143
b23,L1,79,320484.611541,320484.685880,320484.732136,met,0.001284
b23,L2,53,320485.611558,320485.751177,320485.794748,met,0.000913
b23,L1,80,320486.611541,320486.682589,320486.737268,met,0.003609
b23,L2,54,320488.611558,320488.689158,320488.781218,met,0.049269
b23,L1,81,320488.611541,320488.736203,320488.782963,met,0.002551
b23,L1,82,320490.611541,320490.698997,320490.743885,met,0.003882
b23,L2,55,320491.611558,320491.674926,320491.775454,met,0.054524
b23,L1,83,320492.611541,320492.704882,320492.752211,met,0.003265
b23,L1,84,320494.611541,320494.679205,320494.776853,met,0.054199
b23,L2,56,320494.611558,320494.746774,320494.865839,met,0.073787
b23,L1,85,320496.611541,320496.711039,320496.763939,met,0.003913
b23,L2,57,320497.611558,320497.743846,320497.817245,met,0.029330
b23,L1,86,320498.611541,320498.715361,320498.761053,met,0.003602
b23,L1,87,320500.611541,320500.711884,320500.767833,met,0.004436
b23,L2,58,320500.611558,320500.739634,320500.813665,met,0.023633
b23,L1,88,320502.611541,320502.726769,320502.769515,met,0.001344
b23,L2,59,320503.611558,320503.723936,320503.775773,met,0.008328
b23,L1,89,320504.611541,320504.719160,320504.763832,met,0.003282
b23,L1,90,320506.611541,320506.695396,320506.779401,met,0.037689
b23,L2,60,320506.611558,320506.742599,320506.819651,met,0.027747
b23,L1,91,320508.611541,320508.712772,320508.756977,met,0.001370
b23,L2,61,320509.611558,320509.744079,320509.816209,met,0.026773
b23,L1,92,320510.611541,320510.692540,320510.737980,met,0.003846
b23,L1,93,320512.611541,320512.671103,320512.779722,met,0.066210
b23,L2,62,320512.611558,320512.744583,320512.820852,met,0.028121
b23,L1,94,320514.611541,320514.747898,320514.790544,met,0.001518
b23,L2,63,320515.611558,320515.678229,320515.777066,met,0.054408
b23,L1,95,320516.611541,320516.742504,320516.788200,met,0.003235
b23,L2,64,320518.611558,320518.729969,320518.788209,met,0.010497
b23,L1,96,320518.611541,320518.729027,320518.788337,met,0.010153
b23,L1,97,320520.611541,320520.742466,320520.783341,met,0.001357
b23,L2,65,320521.611558,320521.698092,320521.779916,met,0.040116
b23,L1,98,320522.611541,320522.744487,320522.787422,met,0.003222
b23,L1,99,320524.611541,320524.676523,320524.785296,met,0.061281
b23,L2,66,320524.611558,320524.678969,320524.785150,met,0.061493
b23,L1,100,320526.611541,320526.721840,320527.174256,met,0.401148
b23,L2,67,320527.611558,320527.751569,320527.823001,met,0.027307
b23,L1,101,320528.611541,320528.743435,320528.789166,met,0.003279
b23,L1,102,320530.611541,320530.706244,320530.773921,met,0.017092
b23,L2,68,320530.611558,320530.742211,320530.818089,met,0.024868
b23,L1,103,320532.611541,320532.746652,320532.787988,met,0.001214
b23,L2,69,320533.611558,320533.747735,320533.825411,met,0.036394
b23,L1,104,320534.611541,320534.696390,320534.739244,met,0.003404
b23,L2,70,320536.611558,320536.709534,320536.785349,met,0.029022
b23,L1,105,320536.611541,320536.680860,320536.785420,met,0.055334
b23,L1,106,320538.611541,320538.705628,320538.748501,met,0.001325
b23,L2,71,320539.611558,320539.740946,320539.801943,met,0.002213
b23,L1,107,320540.611541,320540.680128,320540.724700,met,0.003720
b23,L1,108,320542.611541,320542.730255,320542.787997,met,0.007615
b23,L2,72,320542.611558,320542.757508,320542.828606,met,0.023247
b23,L1,109,320544.611541,320544.681662,320544.727239,met,0.001381
b23,L2,73,320545.611558,320545.745699,320546.115983,met,0.321421
b23,L1,110,320546.611541,320546.698117,320546.742601,met,0.003211
b23,L1,111,320548.611541,320548.705661,320548.750744,met,0.001453
b23,L2,74,320548.611558,320548.743744,320548.788088,met,0.001199
b23,L1,112,320550.611541,320550.692416,320550.738420,met,0.003302
b23,L2,75,320551.611558,320551.736131,320551.781263,met,0.001307
b23,L1,113,320552.611541,320552.731846,320552.776624,met,0.001902
b23,L1,114,320554.611541,320554.736648,320554.839729,met,0.049838
b23,L2,76,320554.611558,320554.736677,320554.840187,met,0.050193
b23,L1,115,320556.611541,320556.730791,320556.779260,met,0.003762
b23,L2,77,320557.611558,320557.696584,320558.438265,met,0.685496
b23,L1,116,320558.611541,320558.728340,320558.772536,met,0.001865
b23,L2,78,320560.611558,320560.751068,320560.978229,met,0.179698
b23,L1,117,320560.611541,320560.672004,320560.978285,met,0.254097
b23,L1,118,320562.611541,320562.692849,320562.743206,met,0.003379
b23,L2,79,320563.611558,320563.694526,320563.749161,met,0.001350
b23,L1,119,320564.611541,320564.688630,320564.737704,met,0.003042
b23,L2,80,320566.611558,320566.727736,320566.785057,met,0.001286
b23,L1,120,320566.611541,320566.744453,320566.804053,met,0.004275
b23,L1,121,320568.611541,320568.696953,320568.746633,met,0.003173
b23,L2,81,320569.611558,320569.692425,320569.743699,met,0.001212
b23,L1,122,320570.611541,320570.724009,320570.768388,met,0.003311
b23,L2,82,320572.611558,320572.716621,320572.765955,met,0.001300
b23,L1,123,320572.611541,320572.714919,320572.765958,met,0.001934
b23,L1,124,320574.611541,320574.697954,320574.746337,met,0.003318
b23,L2,83,320575.611558,320575.701150,320575.759368,met,0.001418
b23,L1,125,320576.611541,320576.745361,320576.794308,met,0.003480
b23,L2,84,320578.611558,320578.684752,320578.738371,met,0.001510
b23,L1,126,320578.611541,320578.717404,320578.766042,met,0.001409
b23,L1,127,320580.611541,320580.675786,320580.729141,met,0.003569
b23,L2,85,320581.611558,320581.749922,320581.799424,met,0.001339
b23,L1,128,320582.611541,320582.686249,320582.740925,met,0.004756
b23,L2,86,320584.611558,320584.692980,320584.740283,met,0.001239
b23,L1,129,320584.611541,320584.744628,320584.794325,met,0.001293
b23,L1,130,320586.611541,320586.702994,320586.751496,met,0.003382
b23,L2,87,320587.611558,320587.695998,320587.742542,met,0.001214
b23,L1,131,320588.611541,320588.734963,320589.372677,missed,0.565541
b23,L2,88,320590.611558,320590.736046,320590.792626,met,0.001203
b23,L1,132,320590.611541,320590.739618,320590.797697,met,0.002905
b23,L1,133,320592.611541,320592.737826,320592.782351,met,0.003187
b23,L2,89,320593.611558,320593.753306,320593.801331,met,0.001214
b23,L1,134,320594.611541,320594.722079,320594.768312,met,0.002006
b23,L2,90,320596.611558,320596.737984,320596.785885,met,0.001259
b23,L1,135,320596.611541,320596.745370,320596.791814,met,0.003165
b23,L1,136,320598.611541,320598.737338,320598.787181,met,0.003222
b23,L2,91,320599.611558,320599.721513,320599.766083,met,0.001229
b23,L1,137,320600.611541,320600.720642,320600.769277,met,0.002071
b23,L2,92,320602.611558,320602.704653,320602.765734,met,0.001297
b23,L1,138,320602.611541,320602.739642,320602.795451,met,0.001394
b23,L1,139,320604.611541,320604.738403,320604.782801,met,0.003441
b23,L2,93,320605.611558,320605.755345,320605.806166,met,0.001249
b23,L1,140,320606.611541,320606.750408,320606.805021,met,0.002722
b23,L2,94,320608.611558,320608.698643,320608.753099,met,0.001427
b23,L1,141,320608.611541,320608.753159,320608.806635,met,0.001495
b23,L1,142,320610.611541,320610.757154,320610.820620,met,0.003693
b23,L2,95,320611.611558,320611.743404,320611.793594,met,0.001033
b23,L1,143,320612.611541,320612.732191,320612.781065,met,0.002260
b23,L1,144,320614.611541,320614.687742,320614.736109,met,0.001572
b23,L2,96,320614.611558,320614.746601,320614.796190,met,0.001258
b23,L1,145,320616.611541,320616.754115,320616.803011,met,0.004099
b23,L2,97,320617.611558,320617.754879,320617.803672,met,0.001241
b23,L1,146,320618.611541,320618.718767,320618.768964,met,0.001225
b23,L1,147,320620.611541,320620.753475,320621.361986,missed,0.540461
b23,L2,98,320620.611558,320620.683859,320621.511275,met,0.770810
b23,L1,148,320622.611541,320622.760923,320622.830822,met,0.014594
b23,L2,99,320623.611558,320623.688679,320623.738194,met,0.000888
b23,L1,149,320624.611541,320624.732864,320624.924007,met,0.137327
b24,L1,0,320625.389703,320625.461438,320625.557555,met,0.031274
b24,L2,0,320625.389693,320625.461415,320625.557745,met,0.031535
b24,L1,1,320627.389703,320627.481009,320627.540245,met,0.003857
b24,L2,1,320628.389693,320628.543462,320628.592243,met,0.000877
b24,L1,2,320629.389703,320629.539546,320629.590779,met,0.002908
b24,L2,2,320631.389693,320631.461744,320631.512236,met,0.001284
b24,L1,3,320631.389703,320631.530157,320631.588719,met,0.006639
b24,L1,4,320633.389703,320633.528729,320633.592685,met,0.002217
b24,L2,3,320634.389693,320634.521739,320634.599403,met,0.025402
b24,L1,5,320635.389703,320635.537667,320635.592154,met,0.005090
b24,L2,4,320637.389693,320637.489318,320637.543660,met,0.001303
b24,L1,6,320637.389703,320637.524122,320637.601468,met,0.026477
b24,L1,7,320639.389703,320639.530852,320639.596582,met,0.010960
b24,L2,5,320640.389693,320640.499802,320640.557806,met,0.001260
b24,L1,8,320641.389703,320641.512377,320641.568828,met,0.006569
b24,L2,6,320643.389693,320643.470284,320643.517953,met,0.000881
b24,L1,9,320643.389703,320643.529064,320643.593401,met,0.018393
b24,L1,10,320645.389703,320645.455559,320645.501348,met,0.001484
b24,L2,7,320646.389693,320646.462479,320646.511863,met,0.001168
b24,L1,11,320647.389703,320647.460869,320647.510062,met,0.003337
b24,L2,8,320649.389693,320649.464908,320649.515766,met,0.001367
b24,L1,12,320649.389703,320649.467533,320649.518422,met,0.004912
b24,L1,13,320651.389703,320651.487971,320652.067371,missed,0.505078
b24,L2,9,320652.389693,320652.540028,320652.745854,met,0.145050
b24,L1,14,320653.389703,320653.551131,320653.789603,met,0.181004
b24,L2,10,320655.389693,320655.459797,320655.517415,met,0.001736
b24,L1,15,320655.389703,320655.469347,320655.526324,met,0.001432
b24,L1,16,320657.389703,320657.505675,320657.571510,met,0.003100
b24,L2,11,320658.389693,320658.548368,320658.598816,met,0.001171
b24,L1,17,320659.389703,320659.549761,320659.605282,met,0.003819
b24,L2,12,320661.389693,320661.463112,320661.520132,met,0.001598
b24,L1,18,320661.389703,320661.473424,320661.530198,met,0.001435
b24,L1,19,320663.389703,320663.509146,320663.560369,met,0.002100
b24,L2,13,320664.389693,320664.534236,320664.584999,met,0.001370
b24,L1,20,320665.389703,320665.492404,320665.548195,met,0.003402
b24,L1,21,320667.389703,320667.478284,320667.529234,met,0.000958
b24,L2,14,320667.389693,320667.531971,320667.582456,met,0.000936
b24,L1,22,320669.389703,320669.470396,320669.524864,met,0.004347
b24,L2,15,320670.389693,320670.532903,320670.582806,met,0.001528
b24,L1,23,320671.389703,320671.502228,320671.556930,met,0.003516
b24,L1,24,320673.389703,320673.501093,320673.557213,met,0.002694
b24,L2,16,320673.389693,320673.515529,320673.569994,met,0.001248
b24,L1,25,320675.389703,320675.516256,320675.577857,met,0.003622
b24,L2,17,320676.389693,320676.533085,320676.583919,met,0.001336
b24,L1,26,320677.389703,320677.468934,320677.529062,met,0.008687
b24,L2,18,320679.389693,320679.515688,320679.568317,met,0.001456
b24,L1,27,320679.389703,320679.525161,320679.581871,met,0.003362
b24,L1,28,320681.389703,320681.533143,320681.592321,met,0.003658
b24,L2,19,320682.389693,320682.532995,320683.244315,met,0.647863
b24,L1,29,320683.389703,320683.533693,320683.589500,met,0.002120
b24,L1,30,320685.389703,320685.471716,320685.525762,met,0.001706
b24,L2,20,320685.389693,320685.493007,320685.552427,met,0.001630
b24,L1,31,320687.389703,320687.465143,320687.522456,met,0.004373
b24,L2,21,320688.389693,320688.466785,320688.530235,met,0.014602
b24,L1,32,320689.389703,320689.468462,320689.518258,met,0.003777
b24,L2,22,320691.389693,320691.497926,320691.568456,met,0.001280
b24,L1,33,320691.389703,320691.524614,320691.589893,met,0.001738
b24,L1,34,320693.389703,320693.546955,320693.598040,met,0.002173
b24,L2,23,320694.389693,320694.470421,320694.517613,met,0.001486
b24,L1,35,320695.389703,320695.500860,320695.554521,met,0.001615
b24,L2,24,320697.389693,320697.520626,320697.571301,met,0.001265
b24,L1,36,320697.389703,320697.529480,320697.582245,met,0.003673
b24,L1,37,320699.389703,320699.463435,320699.528054,met,0.003794
b24,L2,25,320700.389693,320700.523217,320700.577194,met,0.001271
b24,L1,38,320701.389703,320701.495402,320701.554644,met,0.003536
b24,L2,26,320703.389693,320703.537746,320703.605039,met,0.001053
b24,L1,39,320703.389703,320703.537673,320703.607856,met,0.002870
b24,L1,40,320705.389703,320705.506645,320705.568046,met,0.003382
b24,L2,27,320706.389693,320706.473624,320706.535616,met,0.001370
b24,L1,41,320707.389703,320707.532657,320707.585232,met,0.004105
b24,L1,42,320709.389703,320709.467399,320709.523423,met,0.003697
b24,L2,28,320709.389693,320709.540511,320709.593410,met,0.001476
b24,L1,43,320711.389703,320711.519330,320711.575001,met,0.004026
b24,L2,29,320712.389693,320712.521775,320712.572157,met,0.001335
b24,L1,44,320713.389703,320713.477893,320714.117230,missed,0.569035
b24,L1,45,320715.389703,320715.484974,320715.549163,met,0.001328
b24,L2,30,320715.389693,320715.484991,320715.549256,met,0.001139
b24,L1,46,320717.389703,320717.540750,320717.591635,met,0.003819
b24,L2,31,320718.389693,320718.472384,320718.523540,met,0.001436
b24,L1,47,320719.389703,320719.526716,320719.589075,met,0.003969
b24,L2,32,320721.389693,320721.524092,320721.576276,met,0.001001
b24,L1,48,320721.389703,320721.532426,320721.586671,met,0.001025
b24,L1,49,320723.389703,320723.531306,320723.583835,met,0.005079
b24,L2,33,320724.389693,320724.535311,320724.583495,met,0.001558
b24,L1,50,320725.389703,320725.483746,320725.536261,met,0.004631
b24,L2,34,320727.389693,320727.496479,320727.608747,met,0.019309
b24,L1,51,320727.389703,320727.543550,320727.625590,met,0.001438
b24,L1,52,320729.389703,320729.550943,320729.602663,met,0.004365
b24,L2,35,320730.389693,320730.504485,320730.808428,met,0.254731
b24,L1,53,320731.389703,320731.527987,320731.576242,met,0.004060
b24,L2,36,320733.389693,320733.474131,320733.529621,met,0.001352
b24,L1,54,320733.389703,320733.526616,320733.581162,met,0.003452
b24,L1,55,320735.389703,320735.465190,320735.519883,met,0.003579
b24,L2,37,320736.389693,320736.524532,320736.577808,met,0.001212
b24,L1,56,320737.389703,320737.482728,320737.545198,met,0.005411
b24,L2,38,320739.389693,320739.464598,320739.516803,met,0.001308
b24,L1,57,320739.389703,320739.519547,320739.571076,met,0.002807
b24,L1,58,320741.389703,320741.518302,320741.572220,met,0.003234
b24,L2,39,320742.389693,320742.465124,320742.510741,met,0.001157
b24,L1,59,320743.389703,320743.531695,320743.584033,met,0.002586
b24,L2,40,320745.389693,320745.488063,320745.535707,met,0.001262
b24,L1,60,320745.389703,320745.529493,320745.578841,met,0.001393
b24,L1,61,320747.389703,320747.484611,320747.535747,met,0.004121
b24,L2,41,320748.389693,320748.457499,320748.508603,met,0.001205
b24,L1,62,320749.389703,320749.522444,320749.571650,met,0.003813
b24,L1,63,320751.389703,320751.464346,320752.091750,missed,0.562248
b24,L2,42,320751.389693,320751.494020,320752.656248,met,1.107297
b24,L1,64,320753.389703,320753.467755,320753.519904,met,0.003800
b24,L2,43,320754.389693,320754.517260,320754.563709,met,0.001172
b24,L1,65,320755.389703,320755.464483,320755.511177,met,0.001356
b24,L2,44,320757.389693,320757.486756,320757.549929,met,0.001356
b24,L1,66,320757.389703,320757.529297,320757.597452,met,0.002324
b24,L1,67,320759.389703,320759.534274,320759.583666,met,0.003831
b24,L2,45,320760.389693,320760.484181,320760.531666,met,0.001427
b24,L1,68,320761.389703,320761.484792,320761.597944,met,0.068519
b24,L1,69,320763.389703,320763.459917,320763.512834,met,0.004162
b24,L2,46,320763.389693,320763.498430,320763.547407,met,0.001263
b24,L1,70,320765.389703,320765.461301,320765.520143,met,0.003619
b24,L2,47,320766.389693,320766.516692,320766.565165,met,0.001273
b24,L1,71,320767.389703,320767.492773,320767.537219,met,0.001396
b24,L2,48,320769.389693,320769.517203,320769.564791,met,0.001212
b24,L1,72,320769.389703,320769.522670,320769.572046,met,0.003171
b24,L1,73,320771.389703,320771.485588,320771.541434,met,0.003420
b24,L2,49,320772.389693,320772.499757,320772.548969,met,0.001410
b24,L1,74,320773.389703,320773.522126,320773.572319,met,0.002110
b24,L2,50,320775.389693,320775.490109,320775.536443,met,0.001133
b24,L1,75,320775.389703,320775.483161,320775.536443,met,0.003552
b24,L1,76,320777.389703,320777.522578,320777.576401,met,0.003255
b24,L2,51,320778.389693,320778.468260,320778.515813,met,0.001391
b24,L1,77,320779.389703,320779.467241,320779.516897,met,0.004321
b24,L2,52,320781.389693,320781.468731,320781.515146,met,0.001402
b24,L1,78,320781.389703,320781.523652,320781.573785,met,0.003338
b24,L1,79,320783.389703,320783.459629,320783.932860,met,0.417637
b24,L2,53,320784.389693,320784.509592,320784.556294,met,0.001243
b24,L1,80,320785.389703,320785.485745,320785.535436,met,0.001286
b24,L1,81,320787.389703,320787.468090,320787.519030,met,0.004314
b24,L2,54,320787.389693,320787.520455,320787.568571,met,0.001208
b24,L1,82,320789.389703,320789.493423,320789.542619,met,0.003184
b24,L2,55,320790.389693,320790.525414,320790.574077,met,0.001059
b24,L1,83,320791.389703,320791.523184,320791.571855,met,0.003633
b24,L1,84,320793.389703,320793.481200,320793.530443,met,0.003292
b24,L2,56,320793.389693,320793.514246,320793.561792,met,0.001199
b24,L1,85,320795.389703,320795.529361,320795.579337,met,0.003292
b24,L2,57,320796.389693,320796.466833,320796.513325,met,0.001207
b24,L1,86,320797.389703,320797.459986,320797.508420,met,0.002645
b24,L2,58,320799.389693,320799.486913,320799.538352,met,0.004025
b24,L1,87,320799.389703,320799.486913,320799.538510,met,0.003465
b24,L1,88,320801.389703,320801.464776,320801.512713,met,0.001453
b24,L2,59,320802.389693,320802.482739,320802.529844,met,0.001189
b24,L1,89,320803.389703,320803.467004,320803.517732,met,0.001430
b24,L2,60,320805.389693,320805.469078,320805.520143,met,0.001386
b24,L1,90,320805.389703,320805.469098,320805.523211,met,0.004420
b24,L1,91,320807.389703,320807.503279,320807.909377,met,0.345510
b24,L2,61,320808.389693,320808.514149,320808.561732,met,0.001225
b24,L1,92,320809.389703,320809.535089,320809.585015,met,0.003644
b24,L2,62,320811.389693,320811.460072,320811.516278,met,0.001229
b24,L1,93,320811.389703,320811.516350,320811.569600,met,0.004165
b24,L1,94,320813.389703,320813.525982,320813.574182,met,0.001417
b24,L2,63,320814.389693,320814.494012,320815.270579,met,0.724517
b24,L1,95,320815.389703,320815.520357,320815.569188,met,0.003431
b24,L1,96,320817.389703,320817.467247,320817.514710,met,0.001425
b24,L2,64,320817.389693,320817.520571,320817.568105,met,0.001627
b24,L1,97,320819.389703,320819.524117,320819.580002,met,0.004740
b24,L2,65,320820.389693,320820.462644,320820.513258,met,0.001194
b24,L1,98,320821.389703,320821.520859,320821.572819,met,0.004571
b24,L2,66,320823.389693,320823.451885,320823.500189,met,0.001275
b24,L1,99,320823.389703,320823.464129,320823.513297,met,0.001402
b24,L1,100,320825.389703,320825.525269,320825.574019,met,0.003682
b24,L2,67,320826.389693,320826.530324,320826.582863,met,0.001354
b24,L1,101,320827.389703,320827.506993,320828.092382,missed,0.523784
b24,L1,102,320829.389703,320829.464106,320829.513245,met,0.003271
b24,L2,68,320829.389693,320829.524287,320829.569735,met,0.001237
b24,L1,103,320831.389703,320831.501009,320831.550313,met,0.003097
b24,L2,69,320832.389693,320832.467423,320832.515016,met,0.001186
b24,L1,104,320833.389703,320833.509727,320833.556766,met,0.001049
b24,L1,105,320835.389703,320835.487549,320835.548664,met,0.003423
b24,L2,70,320835.389693,320835.487576,320835.551769,met,0.008038
b24,L1,106,320837.389703,320837.524783,320837.580171,met,0.003365
b24,L2,71,320838.389693,320838.493243,320838.751598,met,0.209020
b24,L1,107,320839.389703,320839.487612,320839.537483,met,0.003977
b24,L1,108,320841.389703,320841.526431,320841.584081,met,0.004389
b24,L2,72,320841.389693,320841.526192,320841.584060,met,0.005020
b24,L1,109,320843.389703,320843.469136,320843.519619,met,0.004026
b24,L2,73,320844.389693,320844.497652,320844.550664,met,0.001272
b24,L1,110,320845.389703,320845.456947,320846.094613,missed,0.572197
b24,L1,111,320847.389703,320847.484525,320847.535144,met,0.002255
b24,L2,74,320847.389693,320847.487334,320847.535099,met,0.001337
b24,L1,112,320849.389703,320849.483048,320849.531305,met,0.001780
b24,L2,75,320850.389693,320850.466977,320850.515534,met,0.001233
b24,L1,113,320851.389703,320851.524225,320851.575130,met,0.003902
b24,L2,76,320853.389693,320853.458190,320853.504586,met,0.001167
b24,L1,114,320853.389703,320853.523799,320853.574337,met,0.003809
b24,L1,115,320855.389703,320855.464787,320855.515844,met,0.001855
b24,L2,77,320856.389693,320856.520834,320856.567309,met,0.001559
b24,L1,116,320857.389703,320857.501076,320857.552554,met,0.004019
b24,L2,78,320859.389693,320859.496839,320859.543919,met,0.001267
b24,L1,117,320859.389703,320859.525905,320859.578127,met,0.004586
b24,L1,118,320861.389703,320861.497173,320861.544949,met,0.001821
b24,L2,79,320862.389693,320862.464755,320862.512614,met,0.001186
b24,L1,119,320863.389703,320863.515454,320863.575332,met,0.000935
b24,L2,80,320865.389693,320865.512215,320865.562990,met,0.001646
b24,L1,120,320865.389703,320865.525657,320865.579096,met,0.004671
b24,L1,121,320867.389703,320867.533536,320867.610998,met,0.002805
b24,L2,81,320868.389693,320868.468157,320868.542431,met,0.001588
b24,L1,122,320869.389703,320869.559110,320869.822815,met,0.196255
b24,L2,82,320871.389693,320871.576537,320871.660625,met,0.001135
b24,L1,123,320871.389703,320871.573775,320871.660902,met,0.002874
b24,L1,124,320873.389703,320873.546961,320873.639514,met,0.012748
b24,L2,83,320874.389693,320874.488801,320874.548243,met,0.001319
b24,L1,125,320875.389703,320875.537028,320875.585901,met,0.001721
b24,L2,84,320877.389693,320877.509959,320877.690168,met,0.129714
b24,L1,126,320877.389703,320877.527202,320877.690281,met,0.114995
b24,L1,127,320879.389703,320879.521586,320879.571730,met,0.002448
b24,L2,85,320880.389693,320880.532843,320880.582267,met,0.001255
b24,L1,128,320881.389703,320881.529838,320881.579043,met,0.001372
b24,L2,86,320883.389693,320883.520185,320883.572726,met,0.001757
b24,L1,129,320883.389703,320883.529461,320883.587922,met,0.005960
b24,L1,130,320885.389703,320885.531682,320885.581625,met,0.004248
b24,L2,87,320886.389693,320886.524838,320886.585946,met,0.001360
b24,L1,131,320887.389703,320887.525145,320887.633392,met,0.062301
b24,L2,88,320889.389693,320889.480383,320889.528660,met,0.001483
b24,L1,132,320889.389703,320889.498213,320889.545869,met,0.001471
b24,L1,133,320891.389703,320891.527508,320891.579519,met,0.003883
b24,L2,89,320892.389693,320892.530886,320892.690277,met,0.109220
b24,L1,134,320893.389703,320893.491672,320893.539067,met,0.000885
b24,L2,90,320895.389693,320895.477668,320895.527908,met,0.001368
b24,L1,135,320895.389703,320895.519094,320895.568867,met,0.001557
b24,L1,136,320897.389703,320897.455210,320897.516785,met,0.014594
b24,L2,91,320898.389693,320898.462607,320898.510609,met,0.001318
b24,L1,137,320899.389703,320899.537368,320899.605855,met,0.003204
b24,L2,92,320901.389693,320901.458433,320901.506659,met,0.001253
b24,L1,138,320901.389703,320901.533854,320901.583725,met,0.001435
b24,L1,139,320903.389703,320903.496620,320903.549599,met,0.003353
b24,L2,93,320904.389693,320904.484900,320904.532527,met,0.001185
b24,L1,140,320905.389703,320905.475204,320905.525149,met,0.001473
b24,L1,141,320907.389703,320907.521429,320907.643913,met,0.062619
b24,L2,94,320907.389693,320907.521371,320907.643908,met,0.062269
b24,L1,142,320909.389703,320909.492768,320909.544939,met,0.001439
b24,L2,95,320910.389693,320910.510758,320910.569095,met,0.001319
b24,L1,143,320911.389703,320911.514820,320911.575850,met,0.002091
b24,L2,96,320913.389693,320913.526557,320913.572363,met,0.001146
b24,L1,144,320913.389703,320913.521253,320913.572295,met,0.003276
b24,L1,145,320915.389703,320915.492383,320915.543292,met,0.003391
b24,L2,97,320916.389693,320916.520998,320916.595977,met,0.001163
b24,L1,146,320917.389703,320917.465061,320917.518366,met,0.002595
b24,L1,147,320919.389703,320919.463796,320919.513484,met,0.003997
b24,L2,98,320919.389693,320919.536038,320919.586298,met,0.001231
b24,L1,148,320921.389703,320921.490420,320921.540042,met,0.003431
b24,L2,99,320922.389693,320922.511269,320922.634918,met,0.079828
b24,L1,149,320923.389703,320923.500666,320923.542132,met,0.001033
b25,L1,0,320923.933845,320924.000865,320924.053909,met,0.001353
b25,L2,0,320923.934412,320924.000506,320924.053989,met,0.001037
b25,L1,1,320925.933845,320926.004483,320926.048589,met,0.003380
b25,L2,1,320926.934412,320927.033141,320927.081220,met,0.001408
b25,L1,2,320927.933845,320928.045043,320928.089220,met,0.003544
b25,L2,2,320929.934412,320930.025272,320930.070477,met,0.001265
b25,L1,3,320929.933845,320930.052147,320930.099665,met,0.004108
b25,L1,4,320931.933845,320932.052008,320932.098734,met,0.003255
b25,L2,3,320932.934412,320933.023157,320933.065286,met,0.001120
b25,L1,5,320933.933845,320933.997932,320934.097906,met,0.053143
b25,L1,6,320935.933845,320936.004248,320936.052418,met,0.004703
b25,L2,4,320935.934412,320936.052321,320936.098322,met,0.001358
b25,L1,7,320937.933845,320938.010247,320938.057363,met,0.003805
b25,L2,5,320938.934412,320939.066447,320940.265962,met,1.149955
b25,L1,8,320939.933845,320940.044028,320940.266034,met,0.174665
b25,L2,6,320941.934412,320942.027900,320942.070228,met,0.001338
b25,L1,9,320941.933845,320942.032219,320942.071535,met,0.001574
b25,L1,10,320943.933845,320944.056152,320944.103031,met,0.004648
b25,L2,7,320944.934412,320945.007175,320945.048492,met,0.001025
b25,L1,11,320945.933845,320946.037170,320946.080823,met,0.001320
b25,L1,12,320947.933845,320948.001673,320948.051826,met,0.003850
b25,L2,8,320947.934412,320948.001639,320948.051776,met,0.004715
b25,L1,13,320949.933845,320950.067587,320950.113994,met,0.005123
b25,L2,9,320950.934412,320951.028053,320951.070080,met,0.001212
b25,L1,14,320951.933845,320952.061781,320952.108509,met,0.001549
b25,L1,15,320953.933845,320953.993933,320954.038450,met,0.000968
b25,L2,10,320953.934412,320954.020559,320954.064922,met,0.000876
b25,L1,16,320955.933845,320956.048790,320956.093110,met,0.003466
b25,L2,11,320956.934412,320957.002433,320957.043038,met,0.001185
b25,L1,17,320957.933845,320958.055342,320958.099955,met,0.003707
b25,L2,12,320959.934412,320960.042287,320960.084551,met,0.001388
b25,L1,18,320959.933845,320960.055394,320960.101328,met,0.003673
b25,L1,19,320961.933845,320962.032450,320962.212253,met,0.135852
b25,L2,13,320962.934412,320963.009921,320963.050583,met,0.001437
b25,L1,20,320963.933845,320964.034864,320964.078572,met,0.004089
b25,L2,14,320965.934412,320966.008954,320966.047908,met,0.001170
b25,L1,21,320965.933845,320966.059712,320966.103463,met,0.004569
b25,L1,22,320967.933845,320968.025238,320968.149351,met,0.081423
b25,L2,15,320968.934412,320969.011050,320969.054415,met,0.001234
b25,L1,23,320969.933845,320970.021904,320970.064813,met,0.002226
b25,L2,16,320971.934412,320971.997670,320972.040049,met,0.001120
b25,L1,24,320971.933845,320972.010209,320972.051783,met,0.001966
b25,L1,25,320973.933845,320974.034861,320974.079389,met,0.004018
b25,L2,17,320974.934412,320975.043209,320975.083826,met,0.001408
b25,L1,26,320975.933845,320976.031930,320976.074204,met,0.001515
b25,L2,18,320977.934412,320977.999754,320978.159464,met,0.116198
b25,L1,27,320977.933845,320978.022634,320978.186135,met,0.121963
b25,L1,28,320979.933845,320980.022689,320980.064870,met,0.001246
b25,L2,19,320980.934412,320981.011060,320981.052505,met,0.001327
b25,L1,29,320981.933845,320981.998525,320982.041402,met,0.003467
b25,L1,30,320983.933845,320984.028356,320984.074804,met,0.002127
b25,L2,20,320983.934412,320984.043095,320984.088689,met,0.000771
b25,L1,31,320985.933845,320986.001954,320986.045089,met,0.001381
b25,L2,21,320986.934412,320987.026338,320987.068485,met,0.001549
b25,L1,32,320987.933845,320987.994581,320988.102471,met,0.066069
b25,L1,33,320989.933845,320989.997137,320990.041422,met,0.001982
b25,L2,22,320989.934412,320990.001270,320990.041394,met,0.000677
b25,L1,34,320991.933845,320992.011107,320992.058080,met,0.001581
b25,L2,23,320992.934412,320993.008550,320993.444734,met,0.392549
b25,L1,35,320993.933845,320994.073425,320994.117907,met,0.003451
b25,L2,24,320995.934412,320996.008489,320996.051258,met,0.001001
b25,L1,36,320995.933845,320996.016240,320996.059332,met,0.001973
b25,L1,37,320997.933845,320998.001914,320998.044540,met,0.003636
b25,L2,25,320998.934412,320999.039186,320999.077967,met,0.001320
b25,L1,38,320999.933845,321000.066901,321000.111015,met,0.003896
b25,L2,26,321001.934412,321002.000219,321002.600037,met,0.548427
b25,L1,39,321001.933845,321002.000174,321002.626453,missed,0.572864
b25,L1,40,321003.933845,321004.006041,321004.048536,met,0.001352
b25,L2,27,321004.934412,321005.026623,321005.069669,met,0.001452
b25,L1,41,321005.933845,321006.010585,321006.054057,met,0.004187
b25,L2,28,321007.934412,321007.996905,321008.042627,met,0.001535
b25,L1,42,321007.933845,321008.014959,321008.064265,met,0.004293
b25,L1,43,321009.933845,321009.995129,321010.039722,met,0.003382
b25,L2,29,321010.934412,321011.008829,321011.050860,met,0.001957
b25,L1,44,321011.933845,321012.055855,321012.104982,met,0.003730
b25,L1,45,321013.933845,321014.005247,321014.050285,met,0.000937
b25,L2,30,321013.934412,321014.037837,321014.082080,met,0.000859
b25,L1,46,321015.933845,321016.027923,321016.072653,met,0.004014
b25,L2,31,321016.934412,321017.031765,321017.072821,met,0.001099
b25,L1,47,321017.933845,321018.024769,321018.070256,met,0.003956
b25,L1,48,321019.933845,321019.993134,321020.035645,met,0.001573
b25,L2,32,321019.934412,321019.997968,321020.039550,met,0.001149
b25,L1,49,321021.933845,321022.054413,321022.099319,met,0.003903
b25,L2,33,321022.934412,321023.001813,321023.043329,met,0.001287
b25,L1,50,321023.933845,321024.004126,321024.382567,met,0.336821
b25,L1,51,321025.933845,321026.017857,321026.062337,met,0.001608
b25,L2,34,321025.934412,321026.025410,321026.072082,met,0.001276
b25,L1,52,321027.933845,321028.008889,321028.054366,met,0.004210
b25,L2,35,321028.934412,321029.015634,321029.060180,met,0.001599
b25,L1,53,321029.933845,321030.021728,321030.067237,met,0.003592
b25,L1,54,321031.933845,321032.025158,321032.074928,met,0.001844
b25,L2,36,321031.934412,321032.037716,321032.083992,met,0.001317
b25,L1,55,321033.933845,321034.001030,321034.049770,met,0.001964
b25,L2,37,321034.934412,321035.028180,321035.071986,met,0.001451
b25,L1,56,321035.933845,321036.016511,321036.064080,met,0.003955
b25,L2,38,321037.934412,321038.002293,321038.056595,met,0.006527
b25,L1,57,321037.933845,321038.002354,321038.056426,met,0.005457
b25,L1,58,321039.933845,321040.044011,321040.092509,met,0.004393
b25,L2,39,321040.934412,321041.020482,321041.063695,met,0.001269
b25,L1,59,321041.933845,321042.012579,321042.061797,met,0.001888
b25,L2,40,321043.934412,321043.996255,321044.041021,met,0.001027
b25,L1,60,321043.933845,321044.051450,321044.095067,met,0.000940
b25,L1,61,321045.933845,321046.023648,321046.070933,met,0.002356
b25,L2,41,321046.934412,321047.011873,321047.052473,met,0.001412
b25,L1,62,321047.933845,321048.000287,321048.071149,met,0.026278
b25,L1,63,321049.933845,321050.043837,321050.099524,met,0.001990
b25,L2,42,321049.934412,321050.044118,321050.099456,met,0.002934
b25,L1,64,321051.933845,321052.057318,321052.111018,met,0.003847
b25,L2,43,321052.934412,321053.051012,321053.094088,met,0.001578
b25,L1,65,321053.933845,321054.027297,321054.073480,met,0.003904
b25,L1,66,321055.933845,321056.060617,321056.108717,met,0.001540
b25,L2,44,321055.934412,321056.060547,321056.108579,met,0.002211
b25,L1,67,321057.933845,321058.031040,321058.080237,met,0.004185
b25,L2,45,321058.934412,321059.027795,321059.069374,met,0.001494
b25,L1,68,321059.933845,321060.013930,321060.059652,met,0.004039
b25,L2,46,321061.934412,321062.030353,321062.075005,met,0.001257
b25,L1,69,321061.933845,321062.039288,321062.085635,met,0.001409
b25,L1,70,321063.933845,321064.005596,321064.628463,missed,0.570300
b25,L2,47,321064.934412,321065.077456,321065.228657,met,0.108065
b25,L1,71,321065.933845,321066.023149,321066.069631,met,0.004337
b25,L2,48,321067.934412,321068.034163,321068.079650,met,0.001317
b25,L1,72,321067.933845,321068.032248,321068.081418,met,0.004124
b25,L1,73,321069.933845,321070.011692,321070.056356,met,0.003781
b25,L2,49,321070.934412,321071.079824,321071.122553,met,0.001325
b25,L1,74,321071.933845,321071.997432,321072.051272,met,0.005381
b25,L1,75,321073.933845,321074.006130,321074.052629,met,0.000973
b25,L2,50,321073.934412,321074.013640,321074.061263,met,0.001605
b25,L1,76,321075.933845,321076.150802,321076.195550,met,0.003481
b25,L2,51,321076.934412,321077.019291,321077.072280,met,0.001402
b25,L1,77,321077.933845,321078.012249,321078.055138,met,0.003443
b25,L2,52,321079.934412,321079.998994,321080.042858,met,0.001167
b25,L1,78,321079.933845,321080.068312,321080.115034,met,0.001356
b25,L1,79,321081.933845,321082.039469,321082.086648,met,0.004613
b25,L2,53,321082.934412,321083.052396,321083.099040,met,0.001301
b25,L1,80,321083.933845,321084.083084,321084.132365,met,0.003710
b25,L1,81,321085.933845,321086.061022,321086.106738,met,0.001287
b25,L2,54,321085.934412,321086.087931,321086.133089,met,0.000939
b25,L1,82,321087.933845,321088.095706,321088.151972,met,0.005562
b25,L2,55,321088.934412,321089.112952,321089.157746,met,0.001276
b25,L1,83,321089.933845,321090.007965,321090.062770,met,0.004769
b25,L2,56,321091.934412,321092.007039,321092.055508,met,0.001959
b25,L1,84,321091.933845,321092.015671,321092.063776,met,0.001608
b25,L1,85,321093.933845,321094.069377,321094.116708,met,0.004351
b25,L2,57,321094.934412,321095.099742,321095.145385,met,0.001722
b25,L1,86,321095.933845,321096.029622,321096.362875,met,0.283506
b25,L2,58,321097.934412,321098.030234,321098.082186,met,0.005735
b25,L1,87,321097.933845,321098.030154,321098.082180,met,0.004926
b25,L1,88,321099.933845,321100.068867,321100.115450,met,0.003417
b25,L2,59,321100.934412,321101.089434,321101.173412,met,0.037967
b25,L1,89,321101.933845,321102.142139,321102.185610,met,0.001587
b25,L2,60,321103.934412,321104.008321,321104.056269,met,0.000984
b25,L1,90,321103.933845,321104.008295,321104.056229,met,0.001328
b25,L1,91,321105.933845,321106.102022,321106.158554,met,0.005119
b25,L2,61,321106.934412,321107.080215,321107.123333,met,0.001670
b25,L1,92,321107.933845,321108.041585,321108.090008,met,0.004441
b25,L2,62,321109.934412,321110.021154,321110.064914,met,0.001202
b25,L1,93,321109.933845,321110.063606,321110.112573,met,0.003760
b25,L1,94,321111.933845,321112.008071,321112.059497,met,0.002458
b25,L2,63,321112.934412,321113.033726,321113.108725,met,0.023808
b25,L1,95,321113.933845,321114.061011,321114.105027,met,0.002572
b25,L2,64,321115.934412,321115.998736,321116.039488,met,0.001451
b25,L1,96,321115.933845,321116.019612,321116.060562,met,0.001796
b25,L1,97,321117.933845,321118.037268,321118.084806,met,0.004775
b25,L2,65,321118.934412,321119.002297,321119.047408,met,0.001343
b25,L1,98,321119.933845,321120.036128,321120.079742,met,0.001406
b25,L1,99,321121.933845,321121.999631,321122.046229,met,0.002183
b25,L2,66,321121.934412,321122.028069,321122.072944,met,0.001257
b25,L1,100,321123.933845,321124.005559,321124.053007,met,0.004198
b25,L2,67,321124.934412,321125.031002,321125.083314,met,0.001170
b25,L1,101,321125.933845,321126.033444,321126.076411,met,0.001407
b25,L2,68,321127.934412,321128.014249,321128.060858,met,0.005751
b25,L1,102,321127.933845,321128.012080,321128.060694,met,0.005018
b25,L1,103,321129.933845,321130.054487,321130.098169,met,0.003225
b25,L2,69,321130.934412,321131.137557,321131.177463,met,0.001475
b25,L1,104,321131.933845,321132.030377,321132.107904,met,0.032334
b25,L2,70,321133.934412,321134.086878,321134.129906,met,0.000832
b25,L1,105,321133.933845,321134.144793,321134.188422,met,0.001015
b25,L1,106,321135.933845,321136.025379,321136.070328,met,0.004317
b25,L2,71,321136.934412,321137.055881,321137.097377,met,0.001241
b25,L1,107,321137.933845,321138.087743,321138.135316,met,0.005557
b25,L2,72,321139.934412,321139.998056,321140.043257,met,0.001769
b25,L1,108,321139.933845,321140.035504,321140.082476,met,0.003200
b25,L1,109,321141.933845,321142.119239,321142.166309,met,0.003085
b25,L2,73,321142.934412,321143.036793,321143.080559,met,0.001156
b25,L1,110,321143.933845,321144.054311,321144.109114,met,0.003506
b25,L2,74,321145.934412,321146.035748,321146.081839,met,0.001406
b25,L1,111,321145.933845,321146.099110,321146.150560,met,0.005643
b25,L1,112,321147.933845,321148.008264,321148.060556,met,0.002433
b25,L2,75,321148.934412,321149.007909,321149.053656,met,0.001176
b25,L1,113,321149.933845,321150.024195,321150.066525,met,0.001345
b25,L1,114,321151.933845,321152.013569,321152.059909,met,0.003793
b25,L2,76,321151.934412,321152.044546,321152.085952,met,0.001509
b25,L1,115,321153.933845,321154.011034,321154.056584,met,0.003630
b25,L2,77,321154.934412,321155.091622,321155.138353,met,0.001710
b25,L1,116,321155.933845,321156.082656,321156.127577,met,0.001481
b25,L1,117,321157.933845,321158.124205,321158.696584,missed,0.518427
b25,L2,78,321157.934412,321157.999596,321158.997108,met,0.950872
b25,L1,118,321159.933845,321159.997185,321160.043077,met,0.004485
b25,L2,79,321160.934412,321161.051449,321161.092360,met,0.001312
b25,L1,119,321161.933845,321161.992233,321162.035971,met,0.001491
b25,L1,120,321163.933845,321164.011910,321164.055265,met,0.002441
b25,L2,80,321163.934412,321164.140085,321164.184138,met,0.000838
b25,L1,121,321165.933845,321166.084482,321166.130388,met,0.003970
b25,L2,81,321166.934412,321167.025072,321167.066737,met,0.001155
b25,L1,122,321167.933845,321168.030681,321168.073713,met,0.001430
b25,L1,123,321169.933845,321170.056423,321170.102097,met,0.003811
b25,L2,82,321169.934412,321170.141559,321170.184436,met,0.001157
b25,L1,124,321171.933845,321172.034406,321172.079807,met,0.003600
b25,L2,83,321172.934412,321173.005355,321173.048946,met,0.001244
b25,L1,125,321173.933845,321174.022991,321174.064145,met,0.001993
b25,L1,126,321175.933845,321176.000789,321176.044695,met,0.003397
b25,L2,84,321175.934412,321176.130270,321176.172750,met,0.001244
b25,L1,127,321177.933845,321178.007195,321178.497263,met,0.444429
b25,L2,85,321178.934412,321179.066141,321179.107752,met,0.000832
b25,L1,128,321179.933845,321179.996936,321180.042068,met,0.003675
b25,L2,86,321181.934412,321181.996307,321182.037850,met,0.001331
b25,L1,129,321181.933845,321182.028888,321182.073715,met,0.001429
b25,L1,130,321183.933845,321184.072231,321184.114757,met,0.002236
b25,L2,87,321184.934412,321185.151192,321185.198864,met,0.001678
b25,L1,131,321185.933845,321186.001051,321186.047909,met,0.001371
b25,L2,88,321187.934412,321188.042049,321188.097445,met,0.005487
b25,L1,132,321187.933845,321188.042058,321188.097399,met,0.004410
b25,L1,133,321189.933845,321190.043759,321190.233020,met,0.143277
b25,L2,89,321190.934412,321191.042836,321191.092251,met,0.001345
b25,L1,134,321191.933845,321192.145114,321192.188691,met,0.001912
b25,L2,90,321193.934412,321194.050145,321194.205771,met,0.111822
b25,L1,135,321193.933845,321194.144052,321194.206548,met,0.019990
b25,L1,136,321195.933845,321196.016618,321196.065744,met,0.001831
b25,L2,91,321196.934412,321197.049083,321197.097905,met,0.001545
b25,L1,137,321197.933845,321197.998988,321198.047381,met,0.005202
b25,L1,138,321199.933845,321200.027273,321200.078080,met,0.004017
b25,L2,92,321199.934412,321200.050405,321200.095540,met,0.001239
b25,L1,139,321201.933845,321202.127552,321202.171763,met,0.002027
b25,L2,93,321202.934412,321203.031323,321203.074977,met,0.001323
b25,L1,140,321203.933845,321203.997231,321204.039311,met,0.002028
b25,L1,141,321205.933845,321206.032256,321206.080176,met,0.004229
b25,L2,94,321205.934412,321206.035789,321206.080085,met,0.001027
b25,L1,142,321207.933845,321207.997822,321208.042355,met,0.001356
b25,L2,95,321208.934412,321209.032653,321209.076261,met,0.000977
b25,L1,143,321209.933845,321210.105984,321210.150974,met,0.003244
b25,L2,96,321211.934412,321211.998721,321212.043063,met,0.001220
b25,L1,144,321211.933845,321212.039062,321212.086650,met,0.003535
b25,L1,145,321213.933845,321214.013430,321214.054854,met,0.001125
b25,L2,97,321214.934412,321215.038706,321215.080881,met,0.001120
b25,L1,146,321215.933845,321216.040672,321216.087042,met,0.003373
b25,L2,98,321217.934412,321218.004619,321218.045555,met,0.001236
b25,L1,147,321217.933845,321218.103779,321218.150616,met,0.003256
b25,L1,148,321219.933845,321220.013757,321220.060170,met,0.004595
b25,L2,99,321220.934412,321220.999420,321221.445546,met,0.399894
b25,L1,149,321221.933845,321222.076116,321222.121746,met,0.004231
b26,L1,0,321222.519267,321222.586314,321222.632340,met,0.002155
b26,L2,0,321222.519338,321222.586293,321222.632210,met,0.001280
b26,L1,1,321224.519267,321224.718063,321224.974431,met,0.211128
b26,L2,1,321225.519338,321225.657363,321225.696615,met,0.001006
b26,L1,2,321226.519267,321226.589702,321226.633580,met,0.001455
b26,L2,2,321228.519338,321228.581971,321228.625140,met,0.001542
b26,L1,3,321228.519267,321228.669200,321228.712628,met,0.003961
b26,L1,4,321230.519267,321230.580683,321230.624970,met,0.001829
b26,L2,3,321231.519338,321231.702157,321231.741427,met,0.001308
b26,L1,5,321232.519267,321232.579942,321232.622942,met,0.003000
b26,L2,4,321234.519338,321234.606838,321234.648240,met,0.001228
b26,L1,6,321234.519267,321234.702929,321234.743577,met,0.003248
b26,L1,7,321236.519267,321236.581117,321236.623057,met,0.002080
b26,L2,5,321237.519338,321237.576179,321237.620207,met,0.001340
b26,L1,8,321238.519267,321238.667693,321238.706706,met,0.001348
b26,L2,6,321240.519338,321240.580880,321240.626731,met,0.001368
b26,L1,9,321240.519267,321240.580880,321240.627478,met,0.004170
b26,L1,10,321242.519267,321242.703552,321242.744976,met,0.003492
b26,L2,7,321243.519338,321243.601342,321243.642968,met,0.001215
b26,L1,11,321244.519267,321244.580174,321244.623224,met,0.004159
b26,L1,12,321246.519267,321246.662266,321246.702474,met,0.003485
b26,L2,8,321246.519338,321246.690654,321246.732959,met,0.001135
b26,L1,13,321248.519267,321248.613350,321249.316148,missed,0.649205
b26,L2,9,321249.519338,321249.712916,321249.759503,met,0.008595
b26,L1,14,321250.519267,321250.588322,321250.633728,met,0.003776
b26,L1,15,321252.519267,321252.694946,321252.995764,met,0.256414
b26,L2,10,321252.519338,321252.586131,321252.995775,met,0.362970
b26,L1,16,321254.519267,321254.603503,321254.646839,met,0.002398
b26,L2,11,321255.519338,321255.612600,321255.744548,met,0.091055
b26,L1,17,321256.519267,321256.591301,321256.634477,met,0.001470
b26,L2,12,321258.519338,321258.598077,321258.641309,met,0.001152
b26,L1,18,321258.519267,321258.629135,321258.667673,met,0.001442
b26,L1,19,321260.519267,321260.579830,321260.625873,met,0.003793
b26,L2,13,321261.519338,321261.606729,321261.647766,met,0.001187
b26,L1,20,321262.519267,321262.696816,321262.733963,met,0.001402
b26,L2,14,321264.519338,321264.600582,321264.640201,met,0.001297
b26,L1,21,321264.519267,321264.714288,321264.754902,met,0.003131
b26,L1,22,321266.519267,321266.665560,321266.709041,met,0.003645
b26,L2,15,321267.519338,321267.578923,321267.622217,met,0.001402
b26,L1,23,321268.519267,321268.584532,321268.630588,met,0.001924
b26,L2,16,321270.519338,321270.613211,321270.652526,met,0.001235
b26,L1,24,321270.519267,321270.720372,321270.910173,met,0.150562
b26,L1,25,321272.519267,321272.583180,321272.626965,met,0.001950
b26,L2,17,321273.519338,321273.587104,321273.631670,met,0.001652
b26,L1,26,321274.519267,321274.625540,321274.669056,met,0.003879
b26,L1,27,321276.519267,321276.603360,321276.666292,met,0.003802
b26,L2,18,321276.519338,321276.603361,321276.666362,met,0.016784
b26,L1,28,321278.519267,321278.589470,321278.632634,met,0.001858
b26,L2,19,321279.519338,321279.639646,321279.681589,met,0.000883
b26,L1,29,321280.519267,321280.600398,321280.644988,met,0.003171
b26,L2,20,321282.519338,321282.600698,321282.646677,met,0.001170
b26,L1,30,321282.519267,321282.602091,321282.648469,met,0.004114
b26,L1,31,321284.519267,321284.674737,321284.716372,met,0.001908
b26,L2,21,321285.519338,321285.583001,321285.628883,met,0.001113
b26,L1,32,321286.519267,321286.589569,321286.631596,met,0.001009
b26,L1,33,321288.519267,321288.582372,321288.626794,met,0.003477
b26,L2,22,321288.519338,321288.705539,321288.742920,met,0.001156
b26,L1,34,321290.519267,321290.611131,321290.649780,met,0.001730
b26,L2,23,321291.519338,321291.587481,321291.631024,met,0.001209
b26,L1,35,321292.519267,321292.654927,321292.691980,met,0.001379
b26,L2,24,321294.519338,321294.592225,321294.633816,met,0.000894
b26,L1,36,321294.519267,321294.618349,321294.658564,met,0.001821
b26,L1,37,321296.519267,321296.582330,321296.623897,met,0.001851
b26,L2,25,321297.519338,321297.590487,321297.633899,met,0.001609
b26,L1,38,321298.519267,321298.583490,321298.626151,met,0.002215
b26,L2,26,321300.519338,321300.600877,321300.646274,met,0.001319
b26,L1,39,321300.519267,321300.600963,321300.649749,met,0.004985
b26,L1,40,321302.519267,321302.582276,321302.625412,met,0.001818
b26,L2,27,321303.519338,321303.671476,321303.712498,met,0.001471
b26,L1,41,321304.519267,321304.665654,321304.704821,met,0.001845
b26,L1,42,321306.519267,321306.670597,321306.716981,met,0.003258
b26,L2,28,321306.519338,321306.670550,321306.716981,met,0.003852
b26,L1,43,321308.519267,321308.599713,321308.642033,met,0.002028
b26,L2,29,321309.519338,321309.585948,321309.628387,met,0.001199
b26,L1,44,321310.519267,321310.690297,321310.733769,met,0.003372
b26,L1,45,321312.519267,321312.577807,321312.624620,met,0.004280
b26,L2,30,321312.519338,321312.603435,321312.644131,met,0.001222
b26,L1,46,321314.519267,321314.588697,321315.296312,missed,0.650001
b26,L2,31,321315.519338,321315.598776,321315.663979,met,0.023407
b26,L1,47,321316.519267,321316.593075,321316.638275,met,0.000971
b26,L2,32,321318.519338,321318.715405,321318.758062,met,0.000940
b26,L1,48,321318.519267,321318.723620,321318.767117,met,0.001861
b26,L1,49,321320.519267,321320.615863,321320.657379,met,0.002096
b26,L2,33,321321.519338,321321.631692,321322.045610,met,0.362620
b26,L1,50,321322.519267,321322.604469,321322.650405,met,0.003653
b26,L1,51,321324.519267,321324.615841,321324.653840,met,0.001403
b26,L2,34,321324.519338,321324.681939,321324.722906,met,0.001266
b26,L1,52,321326.519267,321326.576778,321326.623632,met,0.003976
b26,L2,35,321327.519338,321327.622370,321327.668398,met,0.001250
b26,L1,53,321328.519267,321328.651376,321328.699307,met,0.001288
b26,L1,54,321330.519267,321330.585499,321330.834490,met,0.201961
b26,L2,36,321330.519338,321330.585499,321330.934055,met,0.300962
b26,L1,55,321332.519267,321332.608488,321332.755762,met,0.101276
b26,L2,37,321333.519338,321333.614805,321333.665227,met,0.001421
b26,L1,56,321334.519267,321334.667183,321334.716591,met,0.003898
b26,L1,57,321336.519267,321336.612109,321336.655640,met,0.003984
b26,L2,38,321336.519338,321336.665374,321336.706387,met,0.001233
b26,L1,58,321338.519267,321338.620206,321338.662585,met,0.003427
b26,L2,39,321339.519338,321339.672216,321339.712553,met,0.001184
b26,L1,59,321340.519267,321340.678598,321340.803444,met,0.085469
b26,L1,60,321342.519267,321342.717487,321342.764663,met,0.003928
b26,L2,40,321342.519338,321342.724243,321342.767419,met,0.001111
b26,L1,61,321344.519267,321344.599159,321344.643009,met,0.003565
b26,L2,41,321345.519338,321345.581291,321346.886584,met,1.256964
b26,L1,62,321346.519267,321346.579979,321346.888165,met,0.258743
b26,L2,42,321348.519338,321348.596322,321348.638903,met,0.000900
b26,L1,63,321348.519267,321348.621717,321348.662940,met,0.000909
b26,L1,64,321350.519267,321350.593172,321350.641907,met,0.004062
b26,L2,43,321351.519338,321351.681105,321351.804741,met,0.084450
b26,L1,65,321352.519267,321352.708702,321352.747973,met,0.003377
b26,L2,44,321354.519338,321354.602110,321354.648848,met,0.004091
b26,L1,66,321354.519267,321354.602099,321354.648868,met,0.003489
b26,L1,67,321356.519267,321356.602616,321356.645854,met,0.003351
b26,L2,45,321357.519338,321357.596139,321357.636227,met,0.001340
b26,L1,68,321358.519267,321358.579889,321358.623507,met,0.004107
b26,L2,46,321360.519338,321360.584893,321360.624672,met,0.001319
b26,L1,69,321360.519267,321360.582629,321360.626042,met,0.004003
b26,L1,70,321362.519267,321362.720815,321362.758281,met,0.001515
b26,L2,47,321363.519338,321363.616533,321363.655255,met,0.000900
b26,L1,71,321364.519267,321364.599044,321364.637592,met,0.001443
b26,L1,72,321366.519267,321366.574970,321366.621448,met,0.003227
b26,L2,48,321366.519338,321366.583993,321366.627322,met,0.001134
b26,L1,73,321368.519267,321368.601042,321368.643546,met,0.003496
b26,L2,49,321369.519338,321369.581283,321369.623437,met,0.001383
b26,L1,74,321370.519267,321370.585371,321370.626916,met,0.001327
b26,L2,50,321372.519338,321372.602486,321372.650249,met,0.004266
b26,L1,75,321372.519267,321372.602461,321372.650395,met,0.003523
b26,L1,76,321374.519267,321374.585030,321374.628411,met,0.002956
b26,L2,51,321375.519338,321375.595904,321375.637054,met,0.001206
b26,L1,77,321376.519267,321376.581819,321377.286157,missed,0.646832
b26,L2,52,321378.519338,321378.576095,321378.903391,met,0.279419
b26,L1,78,321378.519267,321378.597434,321378.903369,met,0.260750
b26,L1,79,321380.519267,321380.632848,321380.670645,met,0.001484
b26,L2,53,321381.519338,321381.621118,321381.660135,met,0.001104
b26,L1,80,321382.519267,321382.593374,321382.637946,met,0.003627
b26,L1,81,321384.519267,321384.601138,321384.656240,met,0.004629
b26,L2,54,321384.519338,321384.600998,321384.656514,met,0.001877
b26,L1,82,321386.519267,321386.742301,321386.781664,met,0.001162
b26,L2,55,321387.519338,321387.737528,321387.777174,met,0.001241
b26,L1,83,321388.519267,321388.699612,321388.738665,met,0.003546
b26,L1,84,321390.519267,321390.712778,321390.759033,met,0.003718
b26,L2,56,321390.519338,321390.712816,321390.759221,met,0.004581
b26,L1,85,321392.519267,321392.602240,321392.641024,met,0.001313
b26,L2,57,321393.519338,321393.601655,321393.638169,met,0.000857
b26,L1,86,321394.519267,321394.602222,321394.642845,met,0.003207
b26,L1,87,321396.519267,321396.602868,321396.700475,met,0.054936
b26,L2,58,321396.519338,321396.667311,321396.715262,met,0.007163
b26,L1,88,321398.519267,321398.713690,321398.755334,met,0.003542
b26,L2,59,321399.519338,321399.604907,321399.645419,met,0.001205
b26,L1,89,321400.519267,321400.635629,321400.672566,met,0.001327
b26,L2,60,321402.519338,321402.700639,321402.745450,met,0.004097
b26,L1,90,321402.519267,321402.700659,321402.745654,met,0.003415
b26,L1,91,321404.519267,321404.597114,321404.636254,met,0.003415
b26,L2,61,321405.519338,321405.601899,321405.641421,met,0.001325
b26,L1,92,321406.519267,321406.590118,321406.631113,met,0.004058
b26,L1,93,321408.519267,321408.717493,321409.073326,met,0.313158
b26,L2,62,321408.519338,321408.663074,321409.073277,met,0.364255
b26,L1,94,321410.519267,321410.691995,321410.728750,met,0.000902
b26,L2,63,321411.519338,321411.603696,321411.641937,met,0.001201
b26,L1,95,321412.519267,321412.722770,321412.761557,met,0.003429
b26,L2,64,321414.519338,321414.612761,321414.652154,met,0.001297
b26,L1,96,321414.519267,321414.619171,321414.659169,met,0.002906
b26,L1,97,321416.519267,321416.595752,321416.637317,met,0.003426
b26,L2,65,321417.519338,321417.587992,321417.629251,met,0.001338
b26,L1,98,321418.519267,321418.614036,321418.653098,met,0.003805
b26,L1,99,321420.519267,321420.644160,321420.686192,met,0.003638
b26,L2,66,321420.519338,321420.651446,321420.689963,met,0.001148
b26,L1,100,321422.519267,321422.587040,321422.626001,met,0.001397
b26,L2,67,321423.519338,321423.619786,321423.657064,met,0.001251
b26,L1,101,321424.519267,321424.657450,321424.800201,met,0.104950
b26,L1,102,321426.519267,321426.688780,321426.732237,met,0.001388
b26,L2,68,321426.519338,321426.688832,321426.732445,met,0.002006
b26,L1,103,321428.519267,321428.708662,321428.749182,met,0.003864
b26,L2,69,321429.519338,321429.653343,321429.692330,met,0.001211
b26,L1,104,321430.519267,321430.626952,321430.668211,met,0.003409
b26,L1,105,321432.519267,321432.583835,321432.655257,met,0.001742
b26,L2,70,321432.519338,321432.583570,321432.656228,met,0.001295
b26,L1,106,321434.519267,321434.634260,321434.672961,met,0.003559
b26,L2,71,321435.519338,321435.745262,321435.782635,met,0.001229
b26,L1,107,321436.519267,321436.696844,321436.735359,met,0.003401
b26,L1,108,321438.519267,321438.627037,321438.665535,met,0.001386
b26,L2,72,321438.519338,321438.687019,321438.724462,met,0.001228
b26,L1,109,321440.519267,321440.657419,321440.705767,met,0.006613
b26,L2,73,321441.519338,321441.651950,321441.693596,met,0.000888
b26,L1,110,321442.519267,321442.633125,321442.669175,met,0.001386
b26,L2,74,321444.519338,321444.666351,321444.704380,met,0.001186
b26,L1,111,321444.519267,321444.704395,321444.747339,met,0.003372
b26,L1,112,321446.519267,321446.695611,321446.735001,met,0.003122
b26,L2,75,321447.519338,321447.604335,321447.643002,met,0.001201
b26,L1,113,321448.519267,321448.594914,321448.633747,met,0.001493
b26,L1,114,321450.519267,321450.603266,321450.649760,met,0.003904
b26,L2,76,321450.519338,321450.603258,321450.649832,met,0.004649
b26,L1,115,321452.519267,321452.724362,321452.763450,met,0.003612
b26,L2,77,321453.519338,321453.604250,321453.644382,met,0.001260
b26,L1,116,321454.519267,321454.590783,321454.630521,met,0.001454
b26,L2,78,321456.519338,321456.591611,321456.633139,met,0.001204
b26,L1,117,321456.519267,321456.597262,321456.638895,met,0.003173
b26,L1,118,321458.519267,321458.667010,321458.707317,met,0.003582
b26,L2,79,321459.519338,321459.601653,321459.640268,met,0.001294
b26,L1,119,321460.519267,321460.663489,321460.706156,met,0.003258
b26,L1,120,321462.519267,321462.607359,321462.660297,met,0.002581
b26,L2,80,321462.519338,321462.628350,321462.681014,met,0.001685
b26,L1,121,321464.519267,321464.738463,321464.794588,met,0.017489
b26,L2,81,321465.519338,321465.744191,321465.793827,met,0.001118
b26,L1,122,321466.519267,321466.737870,321466.791377,met,0.003975
b26,L2,82,321468.519338,321468.732602,321468.785823,met,0.003291
b26,L1,123,321468.519267,321468.732600,321468.785865,met,0.003591
b26,L1,124,321470.519267,321470.725339,321471.183033,met,0.412406
b26,L2,83,321471.519338,321471.722133,321471.761035,met,0.000813
b26,L1,125,321472.519267,321472.576755,321472.616078,met,0.000921
b26,L2,84,321474.519338,321474.734349,321474.783537,met,0.001915
b26,L1,126,321474.519267,321474.734184,321474.784533,met,0.005410
b26,L1,127,321476.519267,321476.738296,321476.794900,met,0.006690
b26,L2,85,321477.519338,321477.738041,321477.785399,met,0.001699
b26,L1,128,321478.519267,321478.717778,321478.758571,met,0.004824
b26,L2,86,321480.519338,321480.712414,321480.751372,met,0.001337
b26,L1,129,321480.519267,321480.715842,321480.758884,met,0.003841
b26,L1,130,321482.519267,321482.600790,321482.639555,met,0.001342
b26,L2,87,321483.519338,321483.601520,321483.641116,met,0.001224
b26,L1,131,321484.519267,321484.629767,321484.668579,met,0.003271
b26,L2,88,321486.519338,321486.637792,321486.909007,met,0.228679
b26,L1,132,321486.519267,321486.587833,321486.908873,met,0.277688
b26,L1,133,321488.519267,321488.727364,321488.764583,met,0.001306
b26,L2,89,321489.519338,321489.617620,321489.656029,met,0.001192
b26,L1,134,321490.519267,321490.642981,321490.681512,met,0.003245
b26,L2,90,321492.519338,321492.576402,321492.615707,met,0.001255
b26,L1,135,321492.519267,321492.616751,321492.660171,met,0.003419
b26,L1,136,321494.519267,321494.623263,321494.661021,met,0.001335
b26,L2,91,321495.519338,321495.726560,321495.767366,met,0.001263
b26,L1,137,321496.519267,321496.707026,321496.745735,met,0.003031
b26,L2,92,321498.519338,321498.602621,321498.645203,met,0.001267
b26,L1,138,321498.519267,321498.602622,321498.647988,met,0.004112
b26,L1,139,321500.519267,321500.630318,321500.668575,met,0.001336
b26,L2,93,321501.519338,321501.615271,321503.140273,met,1.479791
b26,L1,140,321502.519267,321502.583234,321503.149769,missed,0.513018
b26,L1,141,321504.519267,321504.600386,321504.639952,met,0.003474
b26,L2,94,321504.519338,321504.699561,321504.736134,met,0.001191
b26,L1,142,321506.519267,321506.723255,321506.761237,met,0.003353
b26,L2,95,321507.519338,321507.583672,321507.624569,met,0.001592
b26,L1,143,321508.519267,321508.723883,321508.761526,met,0.003475
b26,L2,96,321510.519338,321510.601154,321510.640726,met,0.001171
b26,L1,144,321510.519267,321510.644175,321510.683310,met,0.003548
b26,L1,145,321512.519267,321512.641429,321512.680051,met,0.003527
b26,L2,97,321513.519338,321513.575306,321513.617081,met,0.001293
b26,L1,146,321514.519267,321514.720536,321514.760819,met,0.003235
b26,L2,98,321516.519338,321516.637537,321516.675601,met,0.001528
b26,L1,147,321516.519267,321516.694593,321516.735167,met,0.003287
b26,L1,148,321518.519267,321518.606605,321518.645185,met,0.000895
b26,L2,99,321519.519338,321519.645804,321519.684826,met,0.001278
b26,L1,149,321520.519267,321520.572655,321520.612954,met,0.003400
b27,L2,0,321520.985272,321521.043113,321521.158273,met,0.072183
b27,L1,0,321520.985305,321521.043136,321521.158384,met,0.071879
b27,L1,1,321522.985305,321523.072347,321523.115655,met,0.003768
b27,L2,1,321523.985272,321524.057363,321524.097582,met,0.001346
b27,L1,2,321524.985305,321525.191501,321525.292307,met,0.059609
b27,L2,2,321526.985272,321527.065197,321527.114976,met,0.004303
b27,L1,3,321526.985305,321527.065408,321527.115119,met,0.003573
b27,L1,4,321528.985305,321529.198213,321529.239358,met,0.003573
b27,L2,3,321529.985272,321530.157775,321530.198365,met,0.001205
b27,L1,5,321530.985305,321531.074273,321531.170143,met,0.052769
b27,L1,6,321532.985305,321533.189905,321533.865972,missed,0.625435
b27,L2,4,321532.985272,321533.177431,321534.042106,met,0.820943
b27,L1,7,321534.985305,321535.085385,321535.126632,met,0.001568
b27,L2,5,321535.985272,321536.063011,321536.158696,met,0.055329
b27,L1,8,321536.985305,321537.193676,321537.237703,met,0.004508
b27,L1,9,321538.985305,321539.060122,321539.101354,met,0.001395
b27,L2,6,321538.985272,321539.084461,321539.126261,met,0.001191
b27,L1,10,321540.985305,321541.131228,321541.173644,met,0.000962
b27,L2,7,321541.985272,321542.042224,321542.314216,met,0.227163
b27,L1,11,321542.985305,321543.169615,321543.209113,met,0.001591
b27,L2,8,321544.985272,321545.052768,321545.093020,met,0.001001
b27,L1,12,321544.985305,321545.105620,321545.147614,met,0.003684
b27,L1,13,321546.985305,321547.146816,321547.189654,met,0.004032
b27,L2,9,321547.985272,321548.088609,321548.129062,met,0.001282
b27,L1,14,321548.985305,321549.082064,321549.123610,met,0.001348
b27,L1,15,321550.985305,321551.055464,321551.190049,met,0.081619
b27,L2,10,321550.985272,321551.096425,321551.222747,met,0.076860
b27,L1,16,321552.985305,321553.090855,321553.132981,met,0.003358
b27,L2,11,321553.985272,321554.082000,321554.121255,met,0.001298
b27,L1,17,321554.985305,321555.131544,321555.172587,met,0.001487
b27,L1,18,321556.985305,321557.048948,321557.094893,met,0.004706
b27,L2,12,321556.985272,321557.062758,321557.103803,met,0.001245
b27,L1,19,321558.985305,321559.053814,321559.095486,met,0.003285
b27,L2,13,321559.985272,321560.196441,321560.234228,met,0.001268
b27,L1,20,321560.985305,321561.155097,321561.219955,met,0.025149
b27,L2,14,321562.985272,321563.056183,321563.103807,met,0.004124
b27,L1,21,321562.985305,321563.056095,321563.103923,met,0.003424
b27,L1,22,321564.985305,321565.069759,321565.436950,met,0.321835
b27,L2,15,321565.985272,321566.188209,321566.229500,met,0.000851
b27,L1,23,321566.985305,321567.066817,321567.112509,met,0.004391
b27,L1,24,321568.985305,321569.059537,321569.100785,met,0.003645
b27,L2,16,321568.985272,321569.129213,321569.169287,met,0.001216
b27,L1,25,321570.985305,321571.058349,321571.217996,met,0.120977
b27,L2,17,321571.985272,321572.092874,321572.132633,met,0.001183
b27,L1,26,321572.985305,321573.082081,321573.124921,met,0.003441
b27,L2,18,321574.985272,321575.051511,321575.091410,met,0.001237
b27,L1,27,321574.985305,321575.115225,321575.156122,met,0.002269
b27,L1,28,321576.985305,321577.059690,321577.109334,met,0.008668
b27,L2,19,321577.985272,321578.106231,321578.146220,met,0.001258
b27,L1,29,321578.985305,321579.092524,321579.131399,met,0.001379
b27,L1,30,321580.985305,321581.163847,321581.227934,met,0.019161
b27,L2,20,321580.985272,321581.154429,321581.227898,met,0.025941
b27,L1,31,321582.985305,321583.067638,321583.122638,met,0.015914
b27,L2,21,321583.985272,321584.127842,321584.167987,met,0.001244
b27,L1,32,321584.985305,321585.045855,321585.086622,met,0.001325
b27,L2,22,321586.985272,321587.082762,321587.123862,met,0.001429
b27,L1,33,321586.985305,321587.136407,321587.182899,met,0.003552
b27,L1,34,321588.985305,321589.108727,321589.146813,met,0.001768
b27,L2,23,321589.985272,321590.044360,321590.085366,met,0.003009
b27,L1,35,321590.985305,321591.099383,321591.197248,met,0.057696
b27,L1,36,321592.985305,321593.067333,321593.116559,met,0.004258
b27,L2,24,321592.985272,321593.067204,321593.116541,met,0.004473
b27,L1,37,321594.985305,321595.097784,321595.143764,met,0.004928
b27,L2,25,321595.985272,321596.189365,321597.140372,met,0.899451
b27,L1,38,321596.985305,321597.167354,321597.214878,met,0.002554
b27,L1,39,321598.985305,321599.199079,321599.251480,met,0.004599
b27,L2,26,321598.985272,321599.200444,321599.251490,met,0.001423
b27,L1,40,321600.985305,321601.192647,321601.732513,met,0.495443
b27,L2,27,321601.985272,321602.202893,321602.250979,met,0.000963
b27,L1,41,321602.985305,321603.204228,321603.256712,met,0.002292
b27,L2,28,321604.985272,321605.202387,321605.255999,met,0.002109
b27,L1,42,321604.985305,321605.202435,321605.255943,met,0.001519
b27,L1,43,321606.985305,321607.204878,321607.258190,met,0.004502
b27,L2,29,321607.985272,321608.203943,321608.245493,met,0.001221
b27,L1,44,321608.985305,321609.196579,321609.246057,met,0.002737
b27,L2,30,321610.985272,321611.195527,321611.493356,met,0.245931
b27,L1,45,321610.985305,321611.195644,321611.585791,met,0.341548
b27,L1,46,321612.985305,321613.139095,321613.181558,met,0.001847
b27,L2,31,321613.985272,321614.079082,321614.119310,met,0.001163
b27,L1,47,321614.985305,321615.087157,321615.127821,met,0.001406
b27,L2,32,321616.985272,321617.063586,321617.102612,met,0.000607
b27,L1,48,321616.985305,321617.059089,321617.102628,met,0.002039
b27,L1,49,321618.985305,321619.193117,321619.235422,met,0.001772
b27,L2,33,321619.985272,321620.069171,321620.110539,met,0.002793
b27,L1,50,321620.985305,321621.101497,321621.143091,met,0.001023
b27,L2,34,321622.985272,321623.064836,321623.105376,met,0.001247
b27,L1,51,321622.985305,321623.100223,321623.143220,met,0.003427
b27,L1,52,321624.985305,321625.147433,321625.187542,met,0.001790
b27,L2,35,321625.985272,321626.043137,321626.086837,met,0.001229
b27,L1,53,321626.985305,321627.125115,321627.827624,missed,0.650312
b27,L2,36,321628.985272,321629.041937,321629.081357,met,0.001284
b27,L1,54,321628.985305,321629.103165,321629.146052,met,0.003281
b27,L1,55,321630.985305,321631.102679,321631.198723,met,0.054275
b27,L2,37,321631.985272,321632.130107,321632.171146,met,0.001134
b27,L1,56,321632.985305,321633.065840,321633.106974,met,0.002009
b27,L1,57,321634.985305,321635.052720,321635.093783,met,0.004025
b27,L2,38,321634.985272,321635.156969,321635.197894,met,0.001206
b27,L1,58,321636.985305,321637.068584,321637.110832,met,0.001708
b27,L2,39,321637.985272,321638.063867,321638.101173,met,0.000826
b27,L1,59,321638.985305,321639.084449,321639.126119,met,0.003579
b27,L2,40,321640.985272,321641.081263,321641.123291,met,0.001270
b27,L1,60,321640.985305,321641.088890,321641.134098,met,0.003831
b27,L1,61,321642.985305,321643.050605,321643.090604,met,0.002035
b27,L2,41,321643.985272,321644.190166,321644.228978,met,0.001288
b27,L1,62,321644.985305,321645.087430,321645.129720,met,0.003538
b27,L2,42,321646.985272,321647.051426,321647.092274,met,0.001623
b27,L1,63,321646.985305,321647.103772,321647.146143,met,0.003443
b27,L1,64,321648.985305,321649.094003,321649.195846,met,0.062581
b27,L2,43,321649.985272,321650.092493,321650.130876,met,0.001204
b27,L1,65,321650.985305,321651.057740,321651.097706,met,0.000868
b27,L2,44,321652.985272,321653.057964,321653.103121,met,0.000881
b27,L1,66,321652.985305,321653.057971,321653.103121,met,0.002393
b27,L1,67,321654.985305,321655.090854,321655.194892,met,0.065272
b27,L2,45,321655.985272,321656.071524,321656.110262,met,0.001191
b27,L1,68,321656.985305,321657.112820,321657.152984,met,0.001509
b27,L1,69,321658.985305,321659.130545,321659.379989,met,0.204526
b27,L2,46,321658.985272,321659.130387,321659.379939,met,0.202683
b27,L1,70,321660.985305,321661.084615,321661.125408,met,0.001370
b27,L2,47,321661.985272,321662.069243,321662.109090,met,0.001131
b27,L1,71,321662.985305,321663.117356,321663.157972,met,0.001559
b27,L1,72,321664.985305,321665.043818,321665.086207,met,0.001810
b27,L2,48,321664.985272,321665.081359,321665.122025,met,0.000808
b27,L1,73,321666.985305,321667.060907,321667.104546,met,0.001310
b27,L2,49,321667.985272,321668.145457,321668.185835,met,0.000912
b27,L1,74,321668.985305,321669.075544,321669.115877,met,0.001965
b27,L1,75,321670.985305,321671.047817,321671.751767,missed,0.648976
b27,L2,50,321670.985272,321671.095097,321671.854602,met,0.719973
b27,L1,76,321672.985305,321673.163948,321673.206469,met,0.003667
b27,L2,51,321673.985272,321674.178258,321674.216814,met,0.001292
b27,L1,77,321674.985305,321675.083334,321675.125190,met,0.003489
b27,L1,78,321676.985305,321677.046004,321677.088143,met,0.001420
b27,L2,52,321676.985272,321677.065536,321677.106010,met,0.001295
b27,L1,79,321678.985305,321679.047567,321679.087236,met,0.001974
b27,L2,53,321679.985272,321680.071916,321680.112365,met,0.001220
b27,L1,80,321680.985305,321681.084096,321681.125167,met,0.000938
b27,L1,81,321682.985305,321683.064782,321683.109772,met,0.002414
b27,L2,54,321682.985272,321683.064782,321683.109970,met,0.000894
b27,L1,82,321684.985305,321685.114455,321685.160943,met,0.004123
b27,L2,55,321685.985272,321686.158362,321686.198138,met,0.000892
b27,L1,83,321686.985305,321687.088835,321687.130646,met,0.003198
b27,L1,84,321688.985305,321689.183989,321689.870254,missed,0.633527
b27,L2,56,321688.985272,321689.143048,321690.316417,met,1.125554
b27,L1,85,321690.985305,321691.094950,321691.132545,met,0.001391
b27,L2,57,321691.985272,321692.043072,321692.082256,met,0.001214
b27,L1,86,321692.985305,321693.148989,321693.189684,met,0.001775
b27,L1,87,321694.985305,321695.048260,321695.175605,met,0.086395
b27,L2,58,321694.985272,321695.056377,321695.191575,met,0.095299
b27,L1,88,321696.985305,321697.046951,321697.090693,met,0.002971
b27,L2,59,321697.985272,321698.072022,321698.114504,met,0.001323
b27,L1,89,321698.985305,321699.057808,321699.102152,met,0.001759
b27,L1,90,321700.985305,321701.088612,321701.132148,met,0.003874
b27,L2,60,321700.985272,321701.107535,321701.147951,met,0.001170
b27,L1,91,321702.985305,321703.117089,321703.177155,met,0.022714
b27,L2,61,321703.985272,321704.091168,321704.131435,met,0.001255
b27,L1,92,321704.985305,321705.066914,321705.128729,met,0.021436
b27,L2,62,321706.985272,321707.065214,321707.113148,met,0.004395
b27,L1,93,321706.985305,321707.065210,321707.113363,met,0.003705
b27,L1,94,321708.985305,321709.127787,321709.168032,met,0.003267
b27,L2,63,321709.985272,321710.075528,321710.162980,met,0.049251
b27,L1,95,321710.985305,321711.061685,321711.127306,met,0.023645
b27,L1,96,321712.985305,321713.108445,321713.150585,met,0.001385
b27,L2,64,321712.985272,321713.155516,321713.201911,met,0.005085
b27,L1,97,321714.985305,321715.141840,321715.224182,met,0.043402
b27,L2,65,321715.985272,321716.082758,321716.124066,met,0.001234
b27,L1,98,321716.985305,321717.169701,321717.210163,met,0.001888
b27,L2,66,321718.985272,321719.093457,321719.140990,met,0.002157
b27,L1,99,321718.985305,321719.093643,321719.140994,met,0.001415
b27,L1,100,321720.985305,321721.094304,321721.699466,missed,0.553254
b27,L2,67,321721.985272,321722.071999,321722.113449,met,0.001268
b27,L1,101,321722.985305,321723.188932,321723.227739,met,0.001560
b27,L1,102,321724.985305,321725.131780,321725.180735,met,0.003602
b27,L2,68,321724.985272,321725.131738,321725.180783,met,0.004196
b27,L1,103,321726.985305,321727.059230,321727.101187,met,0.003423
b27,L2,69,321727.985272,321728.157118,321728.196741,met,0.001272
b27,L1,104,321728.985305,321729.049976,321729.093055,met,0.003911
b27,L2,70,321730.985272,321731.062689,321731.108717,met,0.001037
b27,L1,105,321730.985305,321731.062697,321731.110153,met,0.004399
b27,L1,106,321732.985305,321733.158516,321733.207210,met,0.003505
b27,L2,71,321733.985272,321734.137946,321734.178125,met,0.001162
b27,L1,107,321734.985305,321735.225394,321735.280503,met,0.005192
b27,L2,72,321736.985272,321737.064271,321737.114909,met,0.001088
b27,L1,108,321736.985305,321737.085777,321737.132522,met,0.003445
b27,L1,109,321738.985305,321739.200126,321739.248427,met,0.001316
b27,L2,73,321739.985272,321740.080564,321740.125843,met,0.001431
b27,L1,110,321740.985305,321741.135434,321741.212116,met,0.033459
b27,L1,111,321742.985305,321743.089098,321743.140119,met,0.008183
b27,L2,74,321742.985272,321743.115279,321743.156929,met,0.001542
b27,L1,112,321744.985305,321745.116702,321745.168422,met,0.007541
b27,L2,75,321745.985272,321746.198449,321746.246485,met,0.005528
b27,L1,113,321746.985305,321747.090204,321747.143091,met,0.003369
b27,L2,76,321748.985272,321749.077598,321749.120329,met,0.001400
b27,L1,114,321748.985305,321749.199104,321749.240890,met,0.001387
b27,L1,115,321750.985305,321751.142069,321751.838072,missed,0.642103
b27,L2,77,321751.985272,321752.163137,321752.876476,met,0.667307
b27,L1,116,321752.985305,321753.202612,321753.248341,met,0.003489
b27,L2,78,321754.985272,321755.145413,321755.192917,met,0.002093
b27,L1,117,321754.985305,321755.145413,321755.192919,met,0.001444
b27,L1,118,321756.985305,321757.163920,321757.208278,met,0.003183
b27,L2,79,321757.985272,321758.138906,321758.189843,met,0.001290
b27,L1,119,321758.985305,321759.053948,321759.097936,met,0.003129
b27,L1,120,321760.985305,321761.125479,321761.248767,met,0.078369
b27,L2,80,321760.985272,321761.116321,321761.248768,met,0.088354
b27,L1,121,321762.985305,321763.107133,321763.150903,met,0.003249
b27,L2,81,321763.985272,321764.159338,321764.208707,met,0.001269
b27,L1,122,321764.985305,321765.073875,321765.117768,met,0.003354
b27,L2,82,321766.985272,321767.113178,321767.167043,met,0.002562
b27,L1,123,321766.985305,321767.113272,321767.167083,met,0.001805
b27,L1,124,321768.985305,321769.053979,321769.098227,met,0.003796
b27,L2,83,321769.985272,321770.125901,321770.167789,met,0.001125
b27,L1,125,321770.985305,321771.156489,321771.860358,missed,0.648450
b27,L2,84,321772.985272,321773.076635,321773.119079,met,0.000868
b27,L1,126,321772.985305,321773.168921,321773.212160,met,0.001871
b27,L1,127,321774.985305,321775.179096,321775.232746,met,0.005250
b27,L2,85,321775.985272,321776.094188,321776.144409,met,0.001586
b27,L1,128,321776.985305,321777.068122,321777.111473,met,0.003841
b27,L2,86,321778.985272,321779.170250,321779.218779,met,0.001367
b27,L1,129,321778.985305,321779.170250,321779.219848,met,0.004482
b27,L1,130,321780.985305,321781.071417,321781.115272,met,0.003440
b27,L2,87,321781.985272,321782.070031,321782.108806,met,0.001291
b27,L1,131,321782.985305,321783.051548,321783.093835,met,0.001388
b27,L1,132,321784.985305,321785.128757,321785.171540,met,0.001498
b27,L2,88,321784.985272,321785.178833,321785.222149,met,0.001199
b27,L1,133,321786.985305,321787.109516,321787.156900,met,0.004652
b27,L2,89,321787.985272,321788.167926,321788.219174,met,0.001130
b27,L1,134,321788.985305,321789.159343,321789.204989,met,0.004159
b27,L2,90,321790.985272,321791.155105,321791.201609,met,0.002191
b27,L1,135,321790.985305,321791.152799,321791.201732,met,0.001584
b27,L1,136,321792.985305,321793.109557,321793.154040,met,0.003117
b27,L2,91,321793.985272,321794.144606,321794.190469,met,0.001248
b27,L1,137,321794.985305,321795.128454,321795.173460,met,0.003138
b27,L1,138,321796.985305,321797.061395,321797.106272,met,0.001126
b27,L2,92,321796.985272,321797.111727,321797.152820,met,0.001228
b27,L1,139,321798.985305,321799.045513,321799.087535,met,0.001952
b27,L2,93,321799.985272,321800.178022,321800.225639,met,0.001717
b27,L1,140,321800.985305,321801.166461,321801.208186,met,0.003532
b27,L1,141,321802.985305,321803.094327,321803.179585,met,0.037664
b27,L2,94,321802.985272,321803.094232,321803.179521,met,0.037877
b27,L1,142,321804.985305,321805.172508,321805.223074,met,0.003746
b27,L2,95,321805.985272,321806.089261,321806.134304,met,0.001263
b27,L1,143,321806.985305,321807.048776,321807.093724,met,0.003945
b27,L2,96,321808.985272,321809.049203,321809.092121,met,0.001193
b27,L1,144,321808.985305,321809.155582,321809.214066,met,0.017973
b27,L1,145,321810.985305,321811.194529,321811.240332,met,0.003285
b27,L2,97,321811.985272,321812.203210,321812.248133,met,0.001281
b27,L1,146,321812.985305,321813.136877,321813.210999,met,0.024810
b27,L2,98,321814.985272,321815.111516,321815.163238,met,0.001840
b27,L1,147,321814.985305,321815.111522,321815.163209,met,0.001321
b27,L1,148,321816.985305,321817.169358,321817.213489,met,0.001825
b27,L2,99,321817.985272,321818.169808,321818.214081,met,0.000929
b27,L1,149,321818.985305,321819.198246,321819.241608,met,0.003351
b28,L2,0,321819.624782,321819.686182,321819.727871,met,0.001820
b28,L1,0,321819.624658,321819.686032,321819.727906,met,0.001326
b28,L1,1,321821.624658,321821.701809,321821.744095,met,0.003461
b28,L2,1,321822.624782,321822.702274,321822.751637,met,0.001647
b28,L1,2,321823.624658,321823.833676,321823.884277,met,0.006177
b28,L1,3,321825.624658,321825.757914,321825.811995,met,0.003990
b28,L2,2,321825.624782,321825.824357,321825.863261,met,0.001147
b28,L1,4,321827.624658,321827.783906,321827.832845,met,0.002075
b28,L2,3,321828.624782,321828.809777,321828.851040,met,0.001098
b28,L1,5,321829.624658,321829.708740,321829.761163,met,0.014621
b28,L2,4,321831.624782,321831.808276,321831.896319,met,0.051600
b28,L1,6,321831.624658,321831.797779,321831.896386,met,0.058039
b28,L1,7,321833.624658,321833.715783,321834.406976,missed,0.633334
b28,L2,5,321834.624782,321834.817116,321834.865881,met,0.001489
b28,L1,8,321835.624658,321835.711555,321835.751483,met,0.001381
b28,L2,6,321837.624782,321837.698675,321837.741262,met,0.002029
b28,L1,9,321837.624658,321837.698598,321837.741131,met,0.001743
b28,L1,10,321839.624658,321839.739564,321839.781835,met,0.003313
b28,L2,7,321840.624782,321840.687882,321840.727377,met,0.000839
b28,L1,11,321841.624658,321841.697940,321842.401954,missed,0.648211
b28,L2,8,321843.624782,321843.754527,321843.805052,met,0.004343
b28,L1,12,321843.624658,321843.754635,321843.805022,met,0.003740
b28,L1,13,321845.624658,321845.748518,321845.789583,met,0.001334
b28,L2,9,321846.624782,321846.754314,321846.794880,met,0.001169
b28,L1,14,321847.624658,321847.752963,321847.804394,met,0.003992
b28,L2,10,321849.624782,321849.811043,321849.856056,met,0.001242
b28,L1,15,321849.624658,321849.823719,321849.868857,met,0.004032
b28,L1,16,321851.624658,321851.720886,321851.761864,met,0.001392
b28,L2,11,321852.624782,321852.746573,321852.793732,met,0.001258
b28,L1,17,321853.624658,321853.697741,321853.745600,met,0.003437
b28,L2,12,321855.624782,321855.690056,321855.732406,met,0.000845
b28,L1,18,321855.624658,321855.813821,321855.857111,met,0.003281
b28,L1,19,321857.624658,321857.760872,321857.796989,met,0.001467
b28,L2,13,321858.624782,321858.683176,321858.723592,met,0.000778
b28,L1,20,321859.624658,321859.702033,321859.741320,met,0.003200
b28,L1,21,321861.624658,321861.680855,321861.795891,met,0.075096
b28,L2,14,321861.624782,321861.815936,321861.856558,met,0.000829
b28,L1,22,321863.624658,321863.712137,321863.753283,met,0.003347
b28,L2,15,321864.624782,321864.707359,321864.744558,met,0.000836
b28,L1,23,321865.624658,321865.830423,321865.870577,met,0.003271
b28,L2,16,321867.624782,321867.780626,321867.822561,met,0.001176
b28,L1,24,321867.624658,321867.786071,321867.833107,met,0.003939
b28,L1,25,321869.624658,321869.840022,321869.879652,met,0.003359
b28,L2,17,321870.624782,321870.841216,321870.877823,met,0.001174
b28,L1,26,321871.624658,321871.682498,321871.724555,met,0.003302
b28,L1,27,321873.624658,321873.788288,321873.847604,met,0.018535
b28,L2,18,321873.624782,321873.747564,321873.847529,met,0.056151
b28,L1,28,321875.624658,321875.765488,321875.959810,met,0.150299
b28,L2,19,321876.624782,321876.790656,321876.829941,met,0.000845
b28,L1,29,321877.624658,321877.686929,321877.725860,met,0.002930
b28,L2,20,321879.624782,321879.775984,321879.820946,met,0.000893
b28,L1,30,321879.624658,321879.775971,321879.820912,met,0.002112
b28,L1,31,321881.624658,321881.726574,321881.763945,met,0.001348
b28,L2,21,321882.624782,321882.761362,321883.157712,met,0.354802
b28,L1,32,321883.624658,321883.778118,321883.856763,met,0.013398
b28,L2,22,321885.624782,321885.693934,321885.742038,met,0.000969
b28,L1,33,321885.624658,321885.813568,321885.859172,met,0.001094
b28,L1,34,321887.624658,321887.773877,321887.818524,met,0.000970
b28,L2,23,321888.624782,321888.855782,321888.908306,met,0.001236
b28,L1,35,321889.624658,321889.837037,321889.888325,met,0.004896
b28,L2,24,321891.624782,321891.722279,321891.823335,met,0.061338
b28,L1,36,321891.624658,321891.818271,321891.857190,met,0.000911
b28,L1,37,321893.624658,321893.739297,321893.778950,met,0.001961
b28,L2,25,321894.624782,321894.844031,321894.895083,met,0.000992
b28,L1,38,321895.624658,321895.840803,321895.895019,met,0.004481
b28,L1,39,321897.624658,321897.842969,321897.893965,met,0.003968
b28,L2,26,321897.624782,321897.842958,321897.893892,met,0.001406
b28,L1,40,321899.624658,321899.847798,321899.898418,met,0.004957
b28,L2,27,321900.624782,321900.848853,321900.898641,met,0.000997
b28,L1,41,321901.624658,321901.681757,321901.722954,met,0.003269
b28,L1,42,321903.624658,321903.703732,321903.744545,met,0.001667
b28,L2,28,321903.624782,321903.768432,321903.807697,met,0.000843
b28,L1,43,321905.624658,321905.737328,321905.776207,met,0.001274
b28,L2,29,321906.624782,321906.770524,321906.819250,met,0.011344
b28,L1,44,321907.624658,321907.695715,321907.736499,met,0.003070
b28,L2,30,321909.624782,321909.728079,321909.793349,met,0.025610
b28,L1,45,321909.624658,321909.810151,321909.850754,met,0.001812
b28,L1,46,321911.624658,321911.699121,321911.738240,met,0.001342
b28,L2,31,321912.624782,321912.830829,321912.867745,met,0.000837
b28,L1,47,321913.624658,321913.678582,321913.718994,met,0.003600
b28,L1,48,321915.624658,321915.734606,321915.796157,met,0.017613
b28,L2,32,321915.624782,321915.734544,321915.796157,met,0.016132
b28,L1,49,321917.624658,321917.710007,321917.748225,met,0.001324
b28,L2,33,321918.624782,321918.798574,321918.836408,met,0.000806
b28,L1,50,321919.624658,321919.829142,321919.868446,met,0.003412
b28,L2,34,321921.624782,321921.691878,321922.224539,met,0.490023
b28,L1,51,321921.624658,321921.818840,321922.246687,met,0.389105
b28,L1,52,321923.624658,321923.763896,321923.813063,met,0.003769
b28,L2,35,321924.624782,321924.741564,321924.779385,met,0.001134
b28,L1,53,321925.624658,321925.685567,321925.725230,met,0.003010
b28,L2,36,321927.624782,321927.705356,321927.746098,met,0.001202
b28,L1,54,321927.624658,321927.727211,321927.766957,met,0.001295
b28,L1,55,321929.624658,321929.756436,321929.795821,met,0.003299
b28,L2,37,321930.624782,321930.699656,321930.738514,met,0.001115
b28,L1,56,321931.624658,321931.697274,321931.737798,met,0.003370
b28,L1,57,321933.624658,321933.690659,321933.730160,met,0.004096
b28,L2,38,321933.624782,321933.751700,321933.793924,met,0.001118
b28,L1,58,321935.624658,321935.782808,321936.167593,met,0.340261
b28,L2,39,321936.624782,321936.783774,321936.822614,met,0.001186
b28,L1,59,321937.624658,321937.721413,321937.762222,met,0.001902
b28,L2,40,321939.624782,321939.698155,321939.737475,met,0.001230
b28,L1,60,321939.624658,321939.816272,321939.855402,met,0.003252
b28,L1,61,321941.624658,321941.678897,321941.719757,met,0.003418
b28,L2,41,321942.624782,321942.686603,321942.725092,met,0.000835
b28,L1,62,321943.624658,321943.691489,321943.730558,met,0.003615
b28,L2,42,321945.624782,321945.693260,321945.731344,met,0.001158
b28,L1,63,321945.624658,321945.727584,321945.766563,met,0.001270
b28,L1,64,321947.624658,321947.709355,321947.750437,met,0.001843
b28,L2,43,321948.624782,321948.694176,321948.733950,met,0.001229
b28,L1,65,321949.624658,321949.707459,321949.746746,met,0.003506
b28,L1,66,321951.624658,321951.816485,321951.860088,met,0.000914
b28,L2,44,321951.624782,321951.816551,321951.860087,met,0.001190
b28,L1,67,321953.624658,321953.763847,321953.810240,met,0.002101
b28,L2,45,321954.624782,321954.769262,321954.843133,met,0.001449
b28,L1,68,321955.624658,321955.772964,321955.814432,met,0.001560
b28,L1,69,321957.624658,321957.695163,321957.734110,met,0.000977
b28,L2,46,321957.624782,321957.827684,321957.865516,met,0.001212
b28,L1,70,321959.624658,321959.704279,321959.771284,met,0.029357
b28,L2,47,321960.624782,321960.725714,321960.765532,met,0.000884
b28,L1,71,321961.624658,321961.697847,321961.736952,met,0.001933
b28,L2,48,321963.624782,321963.682056,321963.722127,met,0.001156
b28,L1,72,321963.624658,321963.689697,321963.731522,met,0.003891
b28,L1,73,321965.624658,321965.743994,321965.783685,met,0.003435
b28,L2,49,321966.624782,321966.826518,321967.155143,met,0.283142
b28,L1,74,321967.624658,321967.686063,321967.728105,met,0.003242
b28,L2,50,321969.624782,321969.684966,321969.726708,met,0.001455
b28,L1,75,321969.624658,321969.834366,321969.876892,met,0.003588
b28,L1,76,321971.624658,321971.824570,321971.867367,met,0.003928
b28,L2,51,321972.624782,321972.819663,321972.858786,met,0.001226
b28,L1,77,321973.624658,321973.780113,321973.825499,met,0.004252
b28,L1,78,321975.624658,321975.719029,321975.756586,met,0.001322
b28,L2,52,321975.624782,321975.740115,321975.779124,met,0.001175
b28,L1,79,321977.624658,321977.746909,321977.786873,met,0.003386
b28,L2,53,321978.624782,321978.820440,321978.859023,met,0.001138
b28,L1,80,321979.624658,321979.744114,321979.784764,met,0.003270
b28,L2,54,321981.624782,321981.692734,321981.819899,met,0.084401
b28,L1,81,321981.624658,321981.692783,321981.819901,met,0.084166
b28,L1,82,321983.624658,321983.811381,321983.966690,met,0.114674
b28,L2,55,321984.624782,321984.777387,321984.820316,met,0.001270
b28,L1,83,321985.624658,321985.751422,321985.792243,met,0.003349
b28,L2,56,321987.624782,321987.709065,321987.751235,met,0.001789
b28,L1,84,321987.624658,321987.711623,321987.751313,met,0.001325
b28,L1,85,321989.624658,321989.732867,321989.772914,met,0.003302
b28,L2,57,321990.624782,321990.791507,321990.830115,met,0.001165
b28,L1,86,321991.624658,321991.693110,321991.733139,met,0.003106
b28,L1,87,321993.624658,321993.769409,321993.807049,met,0.002006
b28,L2,58,321993.624782,321993.766097,321993.807171,met,0.002236
b28,L1,88,321995.624658,321995.815378,321995.856345,met,0.002865
b28,L2,59,321996.624782,321996.795119,321996.835058,met,0.001146
b28,L1,89,321997.624658,321997.683620,321998.385161,missed,0.650155
b28,L2,60,321999.624782,321999.697880,321999.743936,met,0.001214
b28,L1,90,321999.624658,321999.789732,321999.835293,met,0.003662
b28,L1,91,322001.624658,322001.724897,322001.765237,met,0.003534
b28,L2,61,322002.624782,322002.733996,322002.773355,met,0.000947
b28,L1,92,322003.624658,322003.688987,322003.769886,met,0.042863
b28,L2,62,322005.624782,322005.690144,322005.730400,met,0.001185
b28,L1,93,322005.624658,322005.697761,322005.738085,met,0.001186
b28,L1,94,322007.624658,322007.690255,322007.731175,met,0.003129
b28,L2,63,322008.624782,322008.751492,322008.792100,met,0.000834
b28,L1,95,322009.624658,322009.827442,322009.867772,met,0.003072
b28,L2,64,322011.624782,322011.692393,322011.822996,met,0.090127
b28,L1,96,322011.624658,322011.772675,322011.822914,met,0.011882
b28,L1,97,322013.624658,322013.768346,322013.810568,met,0.002818
b28,L2,65,322014.624782,322014.768932,322014.808346,met,0.000863
b28,L1,98,322015.624658,322015.737148,322015.778545,met,0.003313
b28,L2,66,322017.624782,322017.714410,322017.756268,met,0.001110
b28,L1,99,322017.624658,322017.782342,322017.820371,met,0.001493
b28,L1,100,322019.624658,322019.742355,322019.796058,met,0.004785
b28,L2,67,322020.624782,322020.764283,322020.816103,met,0.001495
b28,L1,101,322021.624658,322021.826484,322021.865717,met,0.001411
b28,L1,102,322023.624658,322023.696909,322023.804469,met,0.059530
b28,L2,68,322023.624782,322023.798013,322023.837833,met,0.000927
b28,L1,103,322025.624658,322025.844973,322025.896914,met,0.001965
b28,L2,69,322026.624782,322026.833789,322026.885359,met,0.001581
b28,L1,104,322027.624658,322027.837282,322027.882607,met,0.001704
b28,L1,105,322029.624658,322029.807027,322030.212425,met,0.347943
b28,L2,70,322029.624782,322029.807022,322030.212393,met,0.348142
b28,L1,106,322031.624658,322031.842885,322031.890821,met,0.001826
b28,L2,71,322032.624782,322032.849389,322032.895546,met,0.001631
b28,L1,107,322033.624658,322033.732347,322033.782915,met,0.005943
b28,L1,108,322035.624658,322035.761464,322035.806238,met,0.003278
b28,L2,72,322035.624782,322035.761425,322035.806239,met,0.003829
b28,L1,109,322037.624658,322037.702332,322037.742405,met,0.003259
b28,L2,73,322038.624782,322038.776193,322038.815291,met,0.001152
b28,L1,110,322039.624658,322039.690951,322039.731155,met,0.003631
b28,L1,111,322041.624658,322041.701122,322041.824071,met,0.082036
b28,L2,74,322041.624782,322041.789931,322041.828236,met,0.000818
b28,L1,112,322043.624658,322043.680385,322043.719713,met,0.000866
b28,L2,75,322044.624782,322044.729020,322044.767038,met,0.001191
b28,L1,113,322045.624658,322045.705564,322045.744379,met,0.001847
b28,L1,114,322047.624658,322047.702903,322047.742299,met,0.001329
b28,L2,76,322047.624782,322047.730373,322047.771691,met,0.001184
b28,L1,115,322049.624658,322049.722313,322049.760656,met,0.003273
b28,L2,77,322050.624782,322050.825673,322050.863143,met,0.001117
b28,L1,116,322051.624658,322051.719870,322051.758856,met,0.003041
b28,L1,117,322053.624658,322053.752858,322053.797332,met,0.001861
b28,L2,78,322053.624782,322053.752889,322053.797243,met,0.001147
b28,L1,118,322055.624658,322055.703233,322055.741502,met,0.003073
b28,L2,79,322056.624782,322056.715353,322056.753040,met,0.001244
b28,L1,119,322057.624658,322057.680547,322057.721887,met,0.003299
b28,L1,120,322059.624658,322059.837909,322060.461488,missed,0.557235
b28,L2,80,322059.624782,322059.802360,322061.404984,met,1.540412
b28,L1,121,322061.624658,322061.750657,322061.790975,met,0.000915
b28,L2,81,322062.624782,322062.696468,322062.746113,met,0.001602
b28,L1,122,322063.624658,322063.733754,322063.776880,met,0.001107
b28,L2,82,322065.624782,322065.684870,322065.724565,met,0.001197
b28,L1,123,322065.624658,322065.737612,322065.780698,met,0.003596
b28,L1,124,322067.624658,322067.749715,322067.794009,met,0.001815
b28,L2,83,322068.624782,322068.696126,322068.735608,met,0.001135
b28,L1,125,322069.624658,322069.718328,322069.760179,met,0.001376
b28,L1,126,322071.624658,322071.682121,322071.836719,met,0.112517
b28,L2,84,322071.624782,322071.731065,322071.836639,met,0.062876
b28,L1,127,322073.624658,322073.752586,322073.799319,met,0.002256
b28,L2,85,322074.624782,322074.752391,322074.790684,met,0.000925
b28,L1,128,322075.624658,322075.693589,322075.735262,met,0.001479
b28,L2,86,322077.624782,322077.687854,322077.734669,met,0.003624
b28,L1,129,322077.624658,322077.687871,322077.734693,met,0.003138
b28,L1,130,322079.624658,322079.694696,322079.735289,met,0.003395
b28,L2,87,322080.624782,322080.712687,322080.751033,met,0.001157
b28,L1,131,322081.624658,322081.692369,322081.742582,met,0.003172
b28,L2,88,322083.624782,322083.713236,322083.755156,met,0.001166
b28,L1,132,322083.624658,322083.730615,322083.771766,met,0.001329
b28,L1,133,322085.624658,322085.690863,322085.736256,met,0.003442
b28,L2,89,322086.624782,322086.699101,322086.736535,met,0.001162
b28,L1,134,322087.624658,322087.701841,322087.750310,met,0.003606
b28,L2,90,322089.624782,322089.684186,322089.730716,met,0.001188
b28,L1,135,322089.624658,322089.723942,322089.767350,met,0.003068
b28,L1,136,322091.624658,322091.694382,322092.329782,missed,0.574644
b28,L2,91,322092.624782,322092.702657,322093.928300,met,1.176512
b28,L1,137,322093.624658,322093.734755,322093.932466,met,0.148111
b28,L2,92,322095.624782,322095.734362,322095.777273,met,0.001358
b28,L1,138,322095.624658,322095.763504,322095.805880,met,0.003764
b28,L1,139,322097.624658,322097.696081,322097.741420,met,0.003974
b28,L2,93,322098.624782,322098.690484,322098.732074,met,0.001648
b28,L1,140,322099.624658,322099.705985,322099.754937,met,0.002673
b28,L1,141,322101.624658,322101.693062,322101.851892,met,0.110990
b28,L2,94,322101.624782,322101.742254,322101.852114,met,0.060019
b28,L1,142,322103.624658,322103.743378,322103.785189,met,0.000916
b28,L2,95,322104.624782,322104.769454,322104.808173,met,0.001383
b28,L1,143,322105.624658,322105.701495,322105.740587,met,0.003231
b28,L1,144,322107.624658,322107.704764,322107.751807,met,0.002254
b28,L2,96,322107.624782,322107.704791,322107.751746,met,0.000923
b28,L1,145,322109.624658,322109.708780,322109.750063,met,0.001019
b28,L2,97,322110.624782,322110.700365,322110.740818,met,0.000855
b28,L1,146,322111.624658,322111.758896,322111.806917,met,0.001893
b28,L2,98,322113.624782,322113.695483,322113.738886,met,0.000958
b28,L1,147,322113.624658,322113.695467,322113.738889,met,0.002344
b28,L1,148,322115.624658,322115.746301,322115.789185,met,0.001005
b28,L2,99,322116.624782,322116.734870,322116.790702,met,0.005695
b28,L1,149,322117.624658,322117.754240,322117.802595,met,0.001999
b29,L1,0,322118.245533,322118.312499,322118.363390,met,0.001724
b29,L2,0,322118.245465,322118.312625,322118.363294,met,0.001063
b29,L1,1,322120.245533,322120.355400,322120.410374,met,0.004054
b29,L2,1,322121.245465,322121.394443,322121.441139,met,0.001166
b29,L1,2,322122.245533,322122.378800,322123.015611,missed,0.573992
b29,L2,2,322124.245465,322124.378105,322124.430665,met,0.001511
b29,L1,3,322124.245533,322124.378105,322124.430887,met,0.002183
b29,L1,4,322126.245533,322126.389941,322126.439728,met,0.002276
b29,L2,3,322127.245465,322127.393491,322127.439981,met,0.001339
b29,L1,5,322128.245533,322128.376582,322128.423992,met,0.004525
b29,L1,6,322130.245533,322130.322069,322130.372405,met,0.004164
b29,L2,4,322130.245465,322130.340498,322130.387219,met,0.001343
b29,L1,7,322132.245533,322132.374521,322132.422663,met,0.002072
b29,L2,5,322133.245465,322133.389677,322133.440816,met,0.001171
b29,L1,8,322134.245533,322134.390804,322134.445605,met,0.002629
b29,L2,6,322136.245465,322136.342225,322136.394148,met,0.004262
b29,L1,9,322136.245533,322136.342225,322136.394371,met,0.003404
b29,L1,10,322138.245533,322138.326594,322138.374743,met,0.001653
b29,L2,7,322139.245465,322139.389373,322139.634480,met,0.191832
b29,L1,11,322140.245533,322140.337043,322140.389051,met,0.005401
b29,L2,8,322142.245465,322142.327350,322142.372012,met,0.001220
b29,L1,12,322142.245533,322142.365495,322142.411210,met,0.002545
b29,L1,13,322144.245533,322144.362887,322144.411902,met,0.001332
b29,L2,9,322145.245465,322145.320588,322145.371110,met,0.001832
b29,L1,14,322146.245533,322146.379019,322146.433828,met,0.004585
b29,L2,10,322148.245465,322148.337324,322148.393593,met,0.005093
b29,L1,15,322148.245533,322148.337364,322148.393953,met,0.004473
b29,L1,16,322150.245533,322150.387121,322150.441874,met,0.003950
b29,L2,11,322151.245465,322151.328788,322151.377194,met,0.001345
b29,L1,17,322152.245533,322152.322599,322152.377721,met,0.003483
b29,L1,18,322154.245533,322154.323624,322154.932554,missed,0.544374
b29,L2,12,322154.245465,322154.359891,322155.466224,met,1.054271
b29,L1,19,322156.245533,322156.319606,322156.361381,met,0.001365
b29,L2,13,322157.245465,322157.333814,322157.377809,met,0.001399
b29,L1,20,322158.245533,322158.314452,322158.359311,met,0.003356
b29,L2,14,322160.245465,322160.335439,322160.378869,met,0.001135
b29,L1,21,322160.245533,322160.360985,322160.407729,met,0.003269
b29,L1,22,322162.245533,322162.338263,322162.386074,met,0.003523
b29,L2,15,322163.245465,322163.329314,322163.374218,met,0.000857
b29,L1,23,322164.245533,322164.352787,322164.420068,met,0.021053
b29,L2,16,322166.245465,322166.328409,322166.387515,met,0.013114
b29,L1,24,322166.245533,322166.328128,322166.390043,met,0.016082
b29,L1,25,322168.245533,322168.315366,322168.358757,met,0.001502
b29,L2,17,322169.245465,322169.329068,322169.406219,met,0.034603
b29,L1,26,322170.245533,322170.379673,322170.428867,met,0.003935
b29,L1,27,322172.245533,322172.331828,322172.392873,met,0.019032
b29,L2,18,322172.245465,322172.377371,322172.417832,met,0.001226
b29,L1,28,322174.245533,322174.360006,322174.406944,met,0.004106
b29,L2,19,322175.245465,322175.314990,322175.360764,met,0.001443
b29,L1,29,322176.245533,322176.336887,322176.396951,met,0.007251
b29,L1,30,322178.245533,322178.387387,322178.450789,met,0.015929
b29,L2,20,322178.245465,322178.382309,322178.450949,met,0.021952
b29,L1,31,322180.245533,322180.375235,322180.422973,met,0.004374
b29,L2,21,322181.245465,322181.383279,322181.427854,met,0.001235
b29,L1,32,322182.245533,322182.369050,322182.413561,met,0.001881
b29,L1,33,322184.245533,322184.319421,322184.366410,met,0.001325
b29,L2,22,322184.245465,322184.319347,322184.367945,met,0.003844
b29,L1,34,322186.245533,322186.345715,322186.616685,met,0.222967
b29,L2,23,322187.245465,322187.318706,322187.363532,met,0.001118
b29,L1,35,322188.245533,322188.333496,322188.379336,met,0.001642
b29,L1,36,322190.245533,322190.311189,322190.364677,met,0.008480
b29,L2,24,322190.245465,322190.373853,322190.418432,met,0.000878
b29,L1,37,322192.245533,322192.320361,322192.361786,met,0.001988
b29,L2,25,322193.245465,322193.318093,322193.363696,met,0.000930
b29,L1,38,322194.245533,322194.377611,322194.420048,met,0.001443
b29,L2,26,322196.245465,322196.310080,322196.352057,met,0.000873
b29,L1,39,322196.245533,322196.374027,322196.417205,met,0.001727
b29,L1,40,322198.245533,322198.355778,322198.399660,met,0.001818
b29,L2,27,322199.245465,322199.316004,322199.359006,met,0.001091
b29,L1,41,322200.245533,322200.350212,322200.393383,met,0.001428
b29,L2,28,322202.245465,322202.319233,322202.369998,met,0.004087
b29,L1,42,322202.245533,322202.319232,322202.370084,met,0.003426
b29,L1,43,322204.245533,322204.317935,322204.362475,met,0.002057
b29,L2,29,322205.245465,322205.318914,322205.361180,met,0.001121
b29,L1,44,322206.245533,322206.334411,322206.378101,met,0.002048
b29,L1,45,322208.245533,322208.308994,322208.355743,met,0.003824
b29,L2,30,322208.245465,322208.374749,322208.418293,met,0.001176
b29,L1,46,322210.245533,322210.329345,322210.374783,met,0.001999
b29,L2,31,322211.245465,322211.352689,322211.397651,met,0.001016
b29,L1,47,322212.245533,322212.355004,322212.400593,met,0.002152
b29,L1,48,322214.245533,322214.342481,322214.387573,met,0.003775
b29,L2,32,322214.245465,322214.374649,322214.419634,met,0.001198
b29,L1,49,322216.245533,322216.338878,322216.979626,missed,0.576075
b29,L2,33,322217.245465,322217.360095,322217.802679,met,0.396477
b29,L1,50,322218.245533,322218.313943,322218.357473,met,0.001445
b29,L2,34,322220.245465,322220.351223,322220.468073,met,0.062425
b29,L1,51,322220.245533,322220.342253,322220.468205,met,0.071695
b29,L1,52,322222.245533,322222.355018,322222.399692,met,0.002517
b29,L2,35,322223.245465,322223.377405,322223.424436,met,0.001470
b29,L1,53,322224.245533,322224.353004,322224.400352,met,0.003539
b29,L2,36,322226.245465,322226.379088,322226.438962,met,0.011485
b29,L1,54,322226.245533,322226.382232,322226.441723,met,0.014252
b29,L1,55,322228.245533,322228.373831,322228.419382,met,0.003474
b29,L2,37,322229.245465,322229.386436,322229.436513,met,0.007820
b29,L1,56,322230.245533,322230.321823,322230.367585,met,0.003607
b29,L2,38,322232.245465,322232.329553,322232.469782,met,0.096860
b29,L1,57,322232.245533,322232.326249,322232.469806,met,0.097195
b29,L1,58,322234.245533,322234.331911,322234.377118,met,0.001582
b29,L2,39,322235.245465,322235.335776,322235.379814,met,0.001371
b29,L1,59,322236.245533,322236.309483,322236.355345,met,0.004057
b29,L2,40,322238.245465,322238.352482,322238.396457,met,0.001116
b29,L1,60,322238.245533,322238.369668,322238.417115,met,0.003319
b29,L1,61,322240.245533,322240.334349,322240.377579,met,0.001351
b29,L2,41,322241.245465,322241.343793,322241.386930,met,0.001213
b29,L1,62,322242.245533,322242.319543,322242.390928,met,0.025866
b29,L1,63,322244.245533,322244.317575,322244.371733,met,0.002286
b29,L2,42,322244.245465,322244.317744,322244.372069,met,0.002772
b29,L1,64,322246.245533,322246.351370,322246.392286,met,0.001069
b29,L2,43,322247.245465,322247.339949,322248.915873,met,1.526593
b29,L1,65,322248.245533,322248.377360,322249.000891,missed,0.569969
b29,L1,66,322250.245533,322250.379964,322250.428089,met,0.001372
b29,L2,44,322250.245465,322250.379959,322250.428027,met,0.001835
b29,L1,67,322252.245533,322252.316782,322252.361058,met,0.003308
b29,L2,45,322253.245465,322253.318292,322253.363918,met,0.001340
b29,L1,68,322254.245533,322254.340501,322254.384751,met,0.001949
b29,L2,46,322256.245465,322256.327175,322256.370604,met,0.001213
b29,L1,69,322256.245533,322256.341287,322256.389759,met,0.005480
b29,L1,70,322258.245533,322258.376168,322258.422776,met,0.003682
b29,L2,47,322259.245465,322259.352006,322259.396390,met,0.001142
b29,L1,71,322260.245533,322260.357234,322260.403150,met,0.003321
b29,L2,48,322262.245465,322262.378184,322262.425863,met,0.001257
b29,L1,72,322262.245533,322262.381732,322262.426527,met,0.003946
b29,L1,73,322264.245533,322264.386983,322264.535820,met,0.104323
b29,L2,49,322265.245465,322265.321544,322265.365188,met,0.001008
b29,L1,74,322266.245533,322266.326644,322266.370866,met,0.001374
b29,L1,75,322268.245533,322268.317273,322268.364250,met,0.003573
b29,L2,50,322268.245465,322268.357854,322268.406125,met,0.001225
b29,L1,76,322270.245533,322270.381230,322270.428520,met,0.003300
b29,L2,51,322271.245465,322271.377190,322271.424584,met,0.001427
b29,L1,77,322272.245533,322272.313933,322272.357903,met,0.001795
b29,L1,78,322274.245533,322274.308290,322274.356112,met,0.004619
b29,L2,52,322274.245465,322274.379068,322274.424935,met,0.001617
b29,L1,79,322276.245533,322276.344574,322276.400616,met,0.002263
b29,L2,53,322277.245465,322277.378181,322277.422672,met,0.001567
b29,L1,80,322278.245533,322278.360733,322278.403887,met,0.001922
b29,L2,54,322280.245465,322280.312589,322280.362207,met,0.002089
b29,L1,81,322280.245533,322280.312562,322280.362104,met,0.001828
b29,L1,82,322282.245533,322282.387375,322282.431837,met,0.001451
b29,L2,55,322283.245465,322283.319886,322283.365353,met,0.000983
b29,L1,83,322284.245533,322284.309966,322284.356433,met,0.004393
b29,L2,56,322286.245465,322286.329757,322286.395137,met,0.001303
b29,L1,84,322286.245533,322286.327561,322286.395397,met,0.004503
b29,L1,85,322288.245533,322288.327593,322288.370910,met,0.001423
b29,L2,57,322289.245465,322289.335592,322289.380843,met,0.001205
b29,L1,86,322290.245533,322290.382534,322290.426718,met,0.003500
b29,L2,58,322292.245465,322292.382210,322292.435314,met,0.004712
b29,L1,87,322292.245533,322292.382316,322292.435346,met,0.004131
b29,L1,88,322294.245533,322294.319875,322294.363368,met,0.001544
b29,L2,59,322295.245465,322295.318441,322295.447167,met,0.085011
b29,L1,89,322296.245533,322296.340365,322296.388050,met,0.003210
b29,L2,60,322298.245465,322298.349588,322298.412192,met,0.001090
b29,L1,90,322298.245533,322298.382017,322298.444865,met,0.003170
b29,L1,91,322300.245533,322300.388826,322300.432142,met,0.003268
b29,L2,61,322301.245465,322301.344336,322301.388557,met,0.001190
b29,L1,92,322302.245533,322302.311185,322302.359557,met,0.005317
b29,L1,93,322304.245533,322304.316557,322304.361682,met,0.003165
b29,L2,62,322304.245465,322304.363324,322304.410728,met,0.001524
b29,L1,94,322306.245533,322306.373328,322306.419367,met,0.003215
b29,L2,63,322307.245465,322307.320853,322307.504293,met,0.135541
b29,L1,95,322308.245533,322308.324079,322308.373516,met,0.006524
b29,L1,96,322310.245533,322310.367185,322310.984478,missed,0.559224
b29,L2,64,322310.245465,322310.346986,322311.199813,met,0.804766
b29,L1,97,322312.245533,322312.384226,322312.427326,met,0.001471
b29,L2,65,322313.245465,322313.345574,322313.392542,met,0.001500
b29,L1,98,322314.245533,322314.321012,322314.364832,met,0.001775
b29,L1,99,322316.245533,322316.347845,322316.394594,met,0.003962
b29,L2,66,322316.245465,322316.371496,322316.414745,met,0.001811
b29,L1,100,322318.245533,322318.323258,322318.372117,met,0.004887
b29,L2,67,322319.245465,322319.312124,322319.357523,met,0.001640
b29,L1,101,322320.245533,322320.313999,322320.365398,met,0.003669
b29,L2,68,322322.245465,322322.315671,322322.366665,met,0.001248
b29,L1,102,322322.245533,322322.392957,322322.451059,met,0.003587
b29,L1,103,322324.245533,322324.379827,322324.434887,met,0.003493
b29,L2,69,322325.245465,322325.403322,322325.455597,met,0.001248
b29,L1,104,322326.245533,322326.322834,322326.967460,missed,0.576163
b29,L2,70,322328.245465,322328.345062,322328.401439,met,0.002128
b29,L1,105,322328.245533,322328.344961,322328.401470,met,0.001697
b29,L1,106,322330.245533,322330.330266,322330.383242,met,0.002418
b29,L2,71,322331.245465,322331.338055,322331.386393,met,0.001239
b29,L1,107,322332.245533,322332.380148,322332.432952,met,0.003529
b29,L2,72,322334.245465,322334.345593,322334.401066,met,0.004481
b29,L1,108,322334.245533,322334.345491,322334.401428,met,0.003646
b29,L1,109,322336.245533,322336.318071,322336.944795,missed,0.566163
b29,L2,73,322337.245465,322337.391338,322337.437920,met,0.001141
b29,L1,110,322338.245533,322338.384336,322338.437030,met,0.003805
b29,L1,111,322340.245533,322340.335086,322340.404163,met,0.002989
b29,L2,74,322340.245465,322340.382754,322340.444895,met,0.001068
b29,L1,112,322342.245533,322342.325071,322342.900087,missed,0.506635
b29,L2,75,322343.245465,322343.370326,322344.068047,met,0.634213
b29,L1,113,322344.245533,322344.361933,322344.420575,met,0.002038
b29,L2,76,322346.245465,322346.353532,322346.407648,met,0.002400
b29,L1,114,322346.245533,322346.353633,322346.407490,met,0.001467
b29,L1,115,322348.245533,322348.359397,322348.408006,met,0.004590
b29,L2,77,322349.245465,322349.326630,322349.374318,met,0.001276
b29,L1,116,322350.245533,322350.384328,322350.435211,met,0.003643
b29,L1,117,322352.245533,322352.381259,322353.001143,missed,0.560778
b29,L2,78,322352.245465,322352.327927,322353.619145,met,1.233404
b29,L1,118,322354.245533,322354.385352,322354.437429,met,0.001486
b29,L2,79,322355.245465,322355.359942,322355.406839,met,0.001271
b29,L1,119,322356.245533,322356.387829,322356.436967,met,0.001408
b29,L1,120,322358.245533,322358.327004,322358.387475,met,0.003528
b29,L2,80,322358.245465,322358.351324,322358.410416,met,0.001134
b29,L1,121,322360.245533,322360.353256,322360.532973,met,0.123636
b29,L2,81,322361.245465,322361.366561,322361.417362,met,0.001406
b29,L1,122,322362.245533,322362.329335,322362.392287,met,0.001587
b29,L2,82,322364.245465,322364.360167,322364.413654,met,0.001244
b29,L1,123,322364.245533,322364.360096,322364.415700,met,0.004159
b29,L1,124,322366.245533,322366.327264,322366.376707,met,0.003886
b29,L2,83,322367.245465,322367.332927,322367.380370,met,0.000899
b29,L1,125,322368.245533,322368.385826,322368.445524,met,0.002093
b29,L1,126,322370.245533,322370.341972,322370.398915,met,0.004366
b29,L2,84,322370.245465,322370.384521,322370.442545,met,0.001194
b29,L1,127,322372.245533,322372.326603,322372.939821,missed,0.546279
b29,L1,128,322374.245533,322374.345746,322374.989850,missed,0.574840
b29,L2,85,322373.245465,322373.374663,322375.367719,met,1.933726
b29,L1,129,322376.245533,322376.344589,322376.412759,met,0.001467
b29,L2,86,322376.245465,322376.395058,322376.472666,met,0.001582
b29,L1,130,322378.245533,322378.362340,322378.440105,met,0.027326
b29,L2,87,322379.245465,322379.404419,322379.453191,met,0.002003
b29,L1,131,322380.245533,322380.318492,322380.375981,met,0.004353
b29,L2,88,322382.245465,322382.321640,322382.401408,met,0.012229
b29,L1,132,322382.245533,322382.325334,322382.402187,met,0.017410
b29,L1,133,322384.245533,322384.396286,322385.003870,missed,0.529518
b29,L2,89,322385.245465,322385.396271,322385.455607,met,0.001430
b29,L1,134,322386.245533,322386.370484,322386.422822,met,0.003406
b29,L1,135,322388.245533,322388.331404,322388.377019,met,0.001488
b29,L2,90,322388.245465,322388.398070,322388.446471,met,0.001192
b29,L1,136,322390.245533,322390.333603,322390.388737,met,0.004440
b29,L2,91,322391.245465,322391.345351,322392.393570,met,0.991908
b29,L1,137,322392.245533,322392.359637,322392.419831,met,0.001386
b29,L1,138,322394.245533,322394.376679,322394.599661,met,0.165964
b29,L2,92,322394.245465,322394.376322,322394.713647,met,0.278984
b29,L1,139,322396.245533,322396.353202,322396.408575,met,0.004081
b29,L2,93,322397.245465,322397.377240,322397.424466,met,0.001246
b29,L1,140,322398.245533,322398.382249,322398.431629,met,0.003294
b29,L2,94,322400.245465,322400.390854,322400.457991,met,0.001294
b29,L1,141,322400.245533,322400.390860,322400.458777,met,0.004228
b29,L1,142,322402.245533,322402.360558,322402.411176,met,0.001487
b29,L2,95,322403.245465,322403.344506,322403.394468,met,0.001288
b29,L1,143,322404.245533,322404.393895,322405.031616,missed,0.559561
b29,L2,96,322406.245465,322406.339917,322406.893343,met,0.482810
b29,L1,144,322406.245533,322406.343635,322406.893286,met,0.481656
b29,L1,145,322408.245533,322408.372010,322408.437911,met,0.001471
b29,L2,97,322409.245465,322409.364326,322409.414431,met,0.001303
b29,L1,146,322410.245533,322410.347078,322410.399906,met,0.002454
b29,L1,147,322412.245533,322412.319405,322412.371111,met,0.003459
b29,L2,98,322412.245465,322412.383508,322412.431979,met,0.001394
b29,L1,148,322414.245533,322414.328868,322414.397062,met,0.003396
b29,L2,99,322415.245465,322415.327451,322416.522442,met,1.124812
b29,L1,149,322416.245533,322416.335707,322416.607629,met,0.213594
b30,L2,0,322417.285357,322417.376057,322417.443529,met,0.001317
b30,L1,0,322417.285353,322417.373859,322417.444139,met,0.002072
b30,L1,1,322419.285353,322419.369698,322419.418124,met,0.001271
b30,L2,1,322420.285357,322420.390814,322420.446728,met,0.001216
b30,L1,2,322421.285353,322421.369547,322421.427166,met,0.003535
b30,L1,3,322423.285353,322423.392102,322424.062839,missed,0.575835
b30,L2,2,322423.285357,322423.392137,322424.548660,met,1.091126
b30,L1,4,322425.285353,322425.419769,322425.560973,met,0.068949
b30,L2,3,322426.285357,322426.425508,322426.513700,met,0.001434
b30,L1,5,322427.285353,322427.469860,322427.612119,met,0.003586
b30,L1,6,322429.285353,322429.452633,322429.531670,met,0.003255
b30,L2,4,322429.285357,322429.458189,322429.539020,met,0.001406
b30,L1,7,322431.285353,322431.403791,322431.613569,met,0.126569
b30,L2,5,322432.285357,322432.439306,322432.523026,met,0.001521
b30,L1,8,322433.285353,322433.410327,322433.496258,met,0.004498
b30,L1,9,322435.285353,322435.496475,322436.179192,missed,0.575467
b30,L2,6,322435.285357,322435.414031,322437.552088,missed,2.018971
b30,L1,10,322437.285353,322437.486145,322438.196405,missed,0.575181
b30,L1,11,322439.285353,322439.474980,322440.143811,missed,0.572037
b30,L2,7,322438.285357,322438.456932,322440.451172,met,1.925442
b30,L1,12,322441.285353,322441.393795,322441.470612,met,0.001932
b30,L2,8,322441.285357,322441.458478,322441.557064,met,0.004006
b30,L1,13,322443.285353,322443.481573,322443.549864,met,0.004087
b30,L2,9,322444.285357,322444.417190,322444.495153,met,0.001590
b30,L1,14,322445.285353,322445.451086,322445.507857,met,0.001749
b30,L2,10,322447.285357,322447.406077,322447.494558,met,0.001562
b30,L1,15,322447.285353,322447.417167,322447.507776,met,0.004778
b30,L1,16,322449.285353,322449.454654,322449.505234,met,0.004208
b30,L2,11,322450.285357,322450.453221,322450.502849,met,0.001203
b30,L1,17,322451.285353,322451.420533,322451.466847,met,0.001348
b30,L2,12,322453.285357,322453.422838,322453.474283,met,0.004118
b30,L1,18,322453.285353,322453.421510,322453.474283,met,0.003667
b30,L1,19,322455.285353,322455.426155,322455.656833,met,0.175872
b30,L2,13,322456.285357,322456.429259,322456.479592,met,0.001872
b30,L1,20,322457.285353,322457.415820,322457.463709,met,0.001692
b30,L2,14,322459.285357,322459.424497,322459.471943,met,0.001877
b30,L1,21,322459.285353,322459.419018,322459.472041,met,0.005792
b30,L1,22,322461.285353,322461.428704,322461.481439,met,0.001606
b30,L2,15,322462.285357,322462.426154,322462.474759,met,0.001441
b30,L1,23,322463.285353,322463.426746,322463.471066,met,0.001798
b30,L1,24,322465.285353,322465.358911,322465.410403,met,0.005166
b30,L2,16,322465.285357,322465.425730,322465.475373,met,0.001713
b30,L1,25,322467.285353,322467.405441,322467.571148,met,0.121279
b30,L2,17,322468.285357,322468.406211,322468.900099,met,0.442638
b30,L1,26,322469.285353,322469.367423,322469.446338,met,0.023388
b30,L2,18,322471.285357,322471.419589,322471.467223,met,0.000934
b30,L1,27,322471.285353,322471.433251,322471.481721,met,0.001909
b30,L1,28,322473.285353,322473.366644,322473.413819,met,0.003520
b30,L2,19,322474.285357,322474.358630,322474.403917,met,0.001233
b30,L1,29,322475.285353,322475.378340,322475.424610,met,0.003270
b30,L1,30,322477.285353,322477.363504,322477.413300,met,0.004030
b30,L2,20,322477.285357,322477.377349,322477.423777,met,0.001289
b30,L1,31,322479.285353,322479.425884,322479.473989,met,0.004052
b30,L2,21,322480.285357,322480.379409,322480.424311,met,0.001087
b30,L1,32,322481.285353,322481.354113,322481.397882,met,0.001457
b30,L2,22,322483.285357,322483.354992,322483.402760,met,0.001491
b30,L1,33,322483.285353,322483.354934,322483.404458,met,0.004427
b30,L1,34,322485.285353,322485.354553,322485.399474,met,0.003571
b30,L2,23,322486.285357,322486.386967,322486.681900,met,0.245967
b30,L1,35,322487.285353,322487.387495,322487.431658,met,0.001357
b30,L2,24,322489.285357,322489.397150,322489.443465,met,0.001495
b30,L1,36,322489.285353,322489.419247,322489.468702,met,0.004031
b30,L1,37,322491.285353,322491.424523,322491.473715,met,0.003454
b30,L2,25,322492.285357,322492.371422,322492.418174,met,0.001277
b30,L1,38,322493.285353,322493.414974,322493.463730,met,0.001391
b30,L2,26,322495.285357,322495.377591,322495.424074,met,0.001434
b30,L1,39,322495.285353,322495.424157,322495.471611,met,0.003347
b30,L1,40,322497.285353,322497.423811,322497.474889,met,0.003375
b30,L2,27,322498.285357,322498.410820,322498.459440,met,0.001190
b30,L1,41,322499.285353,322499.425694,322500.056592,missed,0.570546
b30,L2,28,322501.285357,322501.361550,322501.406557,met,0.000866
b30,L1,42,322501.285353,322501.409283,322501.455372,met,0.000940
b30,L1,43,322503.285353,322503.422093,322503.466205,met,0.002099
b30,L2,29,322504.285357,322504.430367,322504.475718,met,0.001215
b30,L1,44,322505.285353,322505.409937,322505.455116,met,0.001323
b30,L2,30,322507.285357,322507.364461,322507.410141,met,0.001393
b30,L1,45,322507.285353,322507.402732,322507.450533,met,0.003320
b30,L1,46,322509.285353,322509.372693,322509.418252,met,0.001914
b30,L2,31,322510.285357,322510.375335,322510.421026,met,0.000883
b30,L1,47,322511.285353,322511.400328,322511.471507,met,0.003310
b30,L2,32,322513.285357,322513.358634,322513.414815,met,0.001307
b30,L1,48,322513.285353,322513.433044,322513.484299,met,0.003295
b30,L1,49,322515.285353,322515.371140,322515.417988,met,0.002132
b30,L2,33,322516.285357,322516.365389,322516.411573,met,0.001575
b30,L1,50,322517.285353,322517.422253,322517.489341,met,0.022108
b30,L2,34,322519.285357,322519.393115,322519.443558,met,0.001790
b30,L1,51,322519.285353,322519.394938,322519.446929,met,0.006040
b30,L1,52,322521.285353,322521.379878,322521.426291,met,0.002018
b30,L2,35,322522.285357,322522.415139,322522.460628,met,0.001667
b30,L1,53,322523.285353,322523.355224,322523.398621,met,0.001425
b30,L2,36,322525.285357,322525.354369,322525.400604,met,0.000976
b30,L1,54,322525.285353,322525.400423,322525.450623,met,0.003793
b30,L1,55,322527.285353,322527.355560,322527.991178,missed,0.575369
b30,L2,37,322528.285357,322528.380833,322528.426236,met,0.001015
b30,L1,56,322529.285353,322529.373072,322529.421857,met,0.004532
b30,L2,38,322531.285357,322531.379937,322531.528014,met,0.098042
b30,L1,57,322531.285353,322531.355628,322531.528361,met,0.119740
b30,L1,58,322533.285353,322533.430399,322533.476869,met,0.001621
b30,L2,39,322534.285357,322534.354629,322534.404307,met,0.006054
b30,L1,59,322535.285353,322535.397754,322535.446399,met,0.002758
b30,L2,40,322537.285357,322537.361688,322537.414857,met,0.007182
b30,L1,60,322537.285353,322537.357213,322537.414852,met,0.011607
b30,L1,61,322539.285353,322539.423690,322539.474486,met,0.003527
b30,L2,41,322540.285357,322540.397088,322540.472903,met,0.029916
b30,L1,62,322541.285353,322541.414570,322541.462038,met,0.002163
b30,L2,42,322543.285357,322543.363957,322543.491651,met,0.082160
b30,L1,63,322543.285353,322543.421265,322543.492635,met,0.025552
b30,L1,64,322545.285353,322545.404808,322545.451132,met,0.001552
b30,L2,43,322546.285357,322546.413586,322546.486976,met,0.027636
b30,L1,65,322547.285353,322547.398260,322547.446191,met,0.003727
b30,L1,66,322549.285353,322549.356813,322549.493594,met,0.089217
b30,L2,44,322549.285357,322549.400388,322549.493987,met,0.045412
b30,L1,67,322551.285353,322551.380498,322551.426539,met,0.002016
b30,L2,45,322552.285357,322552.365670,322552.487388,met,0.076590
b30,L1,68,322553.285353,322553.379653,322553.438540,met,0.013622
b30,L2,46,322555.285357,322555.381940,322555.489242,met,0.060722
b30,L1,69,322555.285353,322555.419484,322555.489297,met,0.024838
b30,L1,70,322557.285353,322557.382371,322557.436862,met,0.009280
b30,L2,47,322558.285357,322558.377462,322558.433619,met,0.012683
b30,L1,71,322559.285353,322559.380427,322559.430814,met,0.005032
b30,L1,72,322561.285353,322561.359445,322561.993180,missed,0.569168
b30,L2,48,322561.285357,322561.359157,322562.725180,met,1.310872
b30,L1,73,322563.285353,322563.423321,322563.528504,met,0.058290
b30,L2,49,322564.285357,322564.348872,322564.395060,met,0.000965
b30,L1,74,322565.285353,322565.381811,322565.429480,met,0.001924
b30,L1,75,322567.285353,322567.358449,322567.465364,met,0.056374
b30,L2,50,322567.285357,322567.358484,322567.465363,met,0.056658
b30,L1,76,322569.285353,322569.364314,322569.409956,met,0.003764
b30,L2,51,322570.285357,322570.382441,322570.428579,met,0.001624
b30,L1,77,322571.285353,322571.425451,322571.469642,met,0.001583
b30,L2,52,322573.285357,322573.418330,322573.469048,met,0.001398
b30,L1,78,322573.285353,322573.418337,322573.470569,met,0.005351
b30,L1,79,322575.285353,322575.356042,322575.404391,met,0.005363
b30,L2,53,322576.285357,322576.416711,322576.465954,met,0.001486
b30,L1,80,322577.285353,322577.364745,322577.518660,met,0.109213
b30,L2,54,322579.285357,322579.358166,322579.409049,met,0.001220
b30,L1,81,322579.285353,322579.358293,322579.412213,met,0.004489
b30,L1,82,322581.285353,322581.401762,322581.451409,met,0.004218
b30,L2,55,322582.285357,322582.372342,322582.466353,met,0.049013
b30,L1,83,322583.285353,322583.422635,322583.471572,met,0.005188
b30,L1,84,322585.285353,322585.397569,322585.455116,met,0.003668
b30,L2,56,322585.285357,322585.416737,322585.472567,met,0.001219
b30,L1,85,322587.285353,322587.392600,322587.466607,met,0.029719
b30,L2,57,322588.285357,322588.405543,322588.449451,met,0.001593
b30,L1,86,322589.285353,322589.416752,322589.464902,met,0.003900
b30,L1,87,322591.285353,322591.349358,322591.395494,met,0.003535
b30,L2,58,322591.285357,322591.418371,322591.462526,met,0.001551
b30,L1,88,322593.285353,322593.364787,322593.852668,met,0.438721
b30,L2,59,322594.285357,322594.354933,322594.399495,met,0.000949
b30,L1,89,322595.285353,322595.399106,322595.444223,met,0.000937
b30,L2,60,322597.285357,322597.374353,322597.419713,met,0.001000
b30,L1,90,322597.285353,322597.383238,322597.432933,met,0.003913
b30,L1,91,322599.285353,322599.355724,322599.402785,met,0.004269
b30,L2,61,322600.285357,322600.405802,322600.450160,met,0.001345
b30,L1,92,322601.285353,322601.362019,322601.410499,met,0.004102
b30,L1,93,322603.285353,322603.361497,322603.405877,met,0.002665
b30,L2,62,322603.285357,322603.357866,322603.405878,met,0.001750
b30,L1,94,322605.285353,322605.366100,322605.416106,met,0.004359
b30,L2,63,322606.285357,322606.365440,322606.411144,met,0.001246
b30,L1,95,322607.285353,322607.357867,322607.405525,met,0.001664
b30,L1,96,322609.285353,322609.366752,322609.635237,met,0.218337
b30,L2,64,322609.285357,322609.385592,322609.635272,met,0.199824
b30,L1,97,322611.285353,322611.364193,322611.409848,met,0.001350
b30,L2,65,322612.285357,322612.382683,322612.428956,met,0.001314
b30,L1,98,322613.285353,322613.420118,322613.469996,met,0.003930
b30,L1,99,322615.285353,322615.359046,322615.408181,met,0.003786
b30,L2,66,322615.285357,322615.422723,322615.468612,met,0.001322
b30,L1,100,322617.285353,322617.383546,322617.430124,met,0.001979
b30,L2,67,322618.285357,322618.366993,322618.413711,met,0.001250
b30,L1,101,322619.285353,322619.366202,322619.416340,met,0.004893
b30,L2,68,322621.285357,322621.364758,322621.413588,met,0.004994
b30,L1,102,322621.285353,322621.368115,322621.413587,met,0.003793
b30,L1,103,322623.285353,322623.357462,322623.401159,met,0.001356
b30,L2,69,322624.285357,322624.393207,322625.175665,met,0.731123
b30,L1,104,322625.285353,322625.419963,322625.466434,met,0.002007
b30,L1,105,322627.285353,322627.357790,322627.408837,met,0.001121
b30,L2,70,322627.285357,322627.357852,322627.408837,met,0.001713
b30,L1,106,322629.285353,322629.365617,322629.411045,met,0.003154
b30,L2,71,322630.285357,322630.393395,322630.438088,met,0.001330
b30,L1,107,322631.285353,322631.365023,322631.412965,met,0.003440
b30,L2,72,322633.285357,322633.377958,322633.423039,met,0.001339
b30,L1,108,322633.285353,322633.404287,322633.448781,met,0.001431
b30,L1,109,322635.285353,322635.363616,322635.409724,met,0.003308
b30,L2,73,322636.285357,322636.421410,322636.464124,met,0.001313
b30,L1,110,322637.285353,322637.356736,322637.402571,met,0.003387
b30,L1,111,322639.285353,322639.358234,322639.407836,met,0.001097
b30,L2,74,322639.285357,322639.358233,322639.408061,met,0.001440
b30,L1,112,322641.285353,322641.355610,322641.400886,met,0.003542
b30,L2,75,322642.285357,322642.381935,322642.426471,met,0.001206
b30,L1,113,322643.285353,322643.380870,322643.426560,met,0.003254
b30,L2,76,322645.285357,322645.356751,322645.401810,met,0.001228
b30,L1,114,322645.285353,322645.378090,322645.424281,met,0.003382
b30,L1,115,322647.285353,322647.349937,322647.397682,met,0.003510
b30,L2,77,322648.285357,322648.366055,322648.412642,met,0.001391
b30,L1,116,322649.285353,322649.424229,322649.470971,met,0.003497
b30,L2,78,322651.285357,322651.415279,322651.459997,met,0.001283
b30,L1,117,322651.285353,322651.419063,322651.461405,met,0.003533
b30,L1,118,322653.285353,322653.358601,322653.405197,met,0.003894
b30,L2,79,322654.285357,322654.357801,322654.403432,met,0.001516
b30,L1,119,322655.285353,322655.393217,322656.016565,missed,0.565645
b30,L1,120,322657.285353,322657.359621,322657.410694,met,0.000945
b30,L2,80,322657.285357,322657.359611,322657.410521,met,0.001175
b30,L1,121,322659.285353,322659.359392,322659.407174,met,0.005029
b30,L2,81,322660.285357,322660.433600,322660.480499,met,0.002239
b30,L1,122,322661.285353,322661.365448,322661.411579,met,0.003358
b30,L1,123,322663.285353,322663.359490,322663.410063,met,0.004489
b30,L2,82,322663.285357,322663.370626,322663.414971,met,0.001267
b30,L1,124,322665.285353,322665.382211,322665.426315,met,0.003310
b30,L2,83,322666.285357,322666.365818,322666.410735,met,0.001236
b30,L1,125,322667.285353,322667.355814,322667.401534,met,0.003818
b30,L2,84,322669.285357,322669.361630,322669.405621,met,0.001389
b30,L1,126,322669.285353,322669.369191,322669.417800,met,0.004039
b30,L1,127,322671.285353,322671.399924,322671.792210,met,0.343878
b30,L2,85,322672.285357,322672.359367,322672.435741,met,0.031593
b30,L1,128,322673.285353,322673.394740,322673.440888,met,0.003690
b30,L1,129,322675.285353,322675.355576,322675.405011,met,0.002157
b30,L2,86,322675.285357,322675.355401,322675.405002,met,0.001314
b30,L1,130,322677.285353,322677.413381,322677.466602,met,0.009953
b30,L2,87,322678.285357,322678.405963,322678.451304,met,0.001169
b30,L1,131,322679.285353,322679.416305,322679.461415,met,0.001381
b30,L2,88,322681.285357,322681.361997,322681.407303,met,0.001223
b30,L1,132,322681.285353,322681.411240,322681.459163,met,0.004116
b30,L1,133,322683.285353,322683.416678,322683.464734,met,0.003722
b30,L2,89,322684.285357,322684.365664,322684.410594,met,0.001172
b30,L1,134,322685.285353,322685.390727,322685.438031,met,0.006746
b30,L1,135,322687.285353,322687.373804,322687.606472,met,0.180590
b30,L2,90,322687.285357,322687.373798,322687.606620,met,0.180030
b30,L1,136,322689.285353,322689.356648,322689.399639,met,0.001663
b30,L2,91,322690.285357,322690.397837,322690.442736,met,0.000869
b30,L1,137,322691.285353,322691.382688,322691.429154,met,0.003471
b30,L1,138,322693.285353,322693.355428,322693.400851,met,0.002208
b30,L2,92,322693.285357,322693.402090,322693.447631,met,0.001277
b30,L1,139,322695.285353,322695.373668,322695.416677,met,0.001610
b30,L2,93,322696.285357,322696.365729,322696.410473,met,0.000925
b30,L1,140,322697.285353,322697.400264,322697.448892,met,0.003726
b30,L2,94,322699.285357,322699.366642,322699.413594,met,0.001065
b30,L1,141,322699.285353,322699.394553,322699.439717,met,0.002368
b30,L1,142,322701.285353,322701.382347,322701.427158,met,0.001383
b30,L2,95,322702.285357,322702.375545,322702.418859,met,0.000907
b30,L1,143,322703.285353,322703.382927,322703.426984,met,0.003299
b30,L2,96,322705.285357,322705.373085,322705.416964,met,0.001284
b30,L1,144,322705.285353,322705.412092,322705.457124,met,0.003541
b30,L1,145,322707.285353,322707.348776,322707.394330,met,0.003035
b30,L2,97,322708.285357,322708.400547,322708.445013,met,0.000885
b30,L1,146,322709.285353,322709.378331,322709.426305,met,0.003788
b30,L2,98,322711.285357,322711.375849,322711.463662,met,0.040348
b30,L1,147,322711.285353,322711.397136,322711.463883,met,0.023693
b30,L1,148,322713.285353,322713.358472,322713.406048,met,0.003504
b30,L2,99,322714.285357,322714.384002,322714.427889,met,0.000867
b30,L1,149,322715.285353,322715.366462,322715.411458,met,0.003209
