35163763565	Quick Gate (build + typecheck + lint)	completed	success	2026-09-16T23:46:38Z	2026-09-16T23:51:26Z	1
35163763565	Classify CI scope	completed	success	2026-09-16T23:46:37Z	2026-09-16T23:46:55Z	1
35163763565	Script Tests 2/5 — fleet/setup/packaging A (shell suites)	completed	skipped	2026-09-16T23:46:55Z	2026-09-16T23:46:55Z	1
35163763565	NPM payload distribution (endpoint + release pipeline)	completed	skipped	2026-09-16T23:46:55Z	2026-09-16T23:46:55Z	1
35163763565	Unit (${{ matrix.name }})	completed	skipped	2026-09-16T23:46:55Z	2026-09-16T23:46:55Z	1
35163763565	Script Tests 5/5 — Lead memory remote sync	completed	skipped	2026-09-16T23:46:55Z	2026-09-16T23:46:55Z	1
35163763565	Script Tests 3/5 — fleet/setup/packaging B (shell suites)	completed	skipped	2026-09-16T23:46:55Z	2026-09-16T23:46:55Z	1
35163763565	Script Tests 4/5 — cmux repair + Lead memory (shell suites)	completed	skipped	2026-09-16T23:46:55Z	2026-09-16T23:46:55Z	1
35163763565	Script Tests 1/5 — session/lifecycle (shell suites)	completed	skipped	2026-09-16T23:46:55Z	2026-09-16T23:46:55Z	1
35163763565	CI OK	completed	success	2026-09-16T23:51:28Z	2026-09-16T23:51:31Z	1
35162507034	Quick Gate (build + typecheck + lint)	completed	success	2026-09-16T23:29:26Z	2026-09-16T23:34:36Z	1
35162507034	Classify CI scope	completed	success	2026-09-16T23:29:26Z	2026-09-16T23:29:44Z	1
35162507034	Script Tests 1/5 — session/lifecycle (shell suites)	completed	success	2026-09-16T23:29:47Z	2026-09-16T23:41:55Z	1
35162507034	NPM payload distribution (endpoint + release pipeline)	completed	success	2026-09-16T23:29:46Z	2026-09-16T23:32:54Z	1
35162507034	Script Tests 4/5 — cmux repair + Lead memory (shell suites)	completed	success	2026-09-16T23:29:47Z	2026-09-16T23:40:30Z	1
35162507034	Script Tests 3/5 — fleet/setup/packaging B (shell suites)	completed	success	2026-09-16T23:29:47Z	2026-09-16T23:46:13Z	1
35162507034	Script Tests 2/5 — fleet/setup/packaging A (shell suites)	completed	success	2026-09-16T23:29:47Z	2026-09-16T23:45:47Z	1
35162507034	Unit (teamlead 4 of 4)	completed	success	2026-09-16T23:29:47Z	2026-09-16T23:40:48Z	1
35162507034	Unit (observation performance)	completed	success	2026-09-16T23:29:47Z	2026-09-16T23:32:27Z	1
35162507034	Script Tests 5/5 — Lead memory remote sync	completed	success	2026-09-16T23:29:48Z	2026-09-16T23:42:28Z	1
35162507034	Unit (teamlead 3 of 4)	completed	success	2026-09-16T23:29:46Z	2026-09-16T23:42:14Z	1
35162507034	Unit (light)	completed	success	2026-09-16T23:29:47Z	2026-09-16T23:34:01Z	1
35162507034	Unit (heavy)	completed	success	2026-09-16T23:29:47Z	2026-09-16T23:40:14Z	1
35162507034	Unit (teamlead 1 of 4)	completed	success	2026-09-16T23:29:47Z	2026-09-16T23:40:57Z	1
35162507034	Unit (teamlead 2 of 4)	completed	success	2026-09-16T23:29:47Z	2026-09-16T23:41:24Z	1
35162507034	CI OK	completed	success	2026-09-16T23:46:15Z	2026-09-16T23:46:18Z	1
35162478284	Quick Gate (build + typecheck + lint)	completed	success	2026-09-16T23:29:00Z	2026-09-16T23:33:06Z	1
35162478284	Classify CI scope	completed	success	2026-09-16T23:29:01Z	2026-09-16T23:29:22Z	1
35162478284	Script Tests 2/5 — fleet/setup/packaging A (shell suites)	completed	success	2026-09-16T23:29:24Z	2026-09-16T23:45:34Z	1
35162478284	Script Tests 5/5 — Lead memory remote sync	completed	success	2026-09-16T23:29:24Z	2026-09-16T23:41:33Z	1
35162478284	Script Tests 4/5 — cmux repair + Lead memory (shell suites)	completed	success	2026-09-16T23:29:24Z	2026-09-16T23:38:37Z	1
35162478284	Script Tests 1/5 — session/lifecycle (shell suites)	completed	success	2026-09-16T23:29:24Z	2026-09-16T23:41:44Z	1
35162478284	Script Tests 3/5 — fleet/setup/packaging B (shell suites)	completed	success	2026-09-16T23:29:24Z	2026-09-16T23:45:12Z	1
35162478284	Unit (observation performance)	completed	success	2026-09-16T23:29:24Z	2026-09-16T23:32:07Z	1
35162478284	Unit (light)	completed	success	2026-09-16T23:29:24Z	2026-09-16T23:33:45Z	1
35162478284	Unit (teamlead 3 of 4)	completed	success	2026-09-16T23:29:24Z	2026-09-16T23:39:02Z	1
35162478284	Unit (teamlead 4 of 4)	completed	success	2026-09-16T23:29:24Z	2026-09-16T23:40:33Z	1
35162478284	Unit (teamlead 2 of 4)	completed	success	2026-09-16T23:29:24Z	2026-09-16T23:41:00Z	1
35162478284	Unit (heavy)	completed	success	2026-09-16T23:29:24Z	2026-09-16T23:39:52Z	1
35162478284	NPM payload distribution (endpoint + release pipeline)	completed	success	2026-09-16T23:29:24Z	2026-09-16T23:32:27Z	1
35162478284	Unit (teamlead 1 of 4)	completed	success	2026-09-16T23:29:25Z	2026-09-16T23:40:02Z	1
35162478284	CI OK	completed	success	2026-09-16T23:45:36Z	2026-09-16T23:45:39Z	1
35161910192	Quick Gate (build + typecheck + lint)	completed	success	2026-09-16T23:21:13Z	2026-09-16T23:26:27Z	1
35161910192	Classify CI scope	completed	success	2026-09-16T23:21:15Z	2026-09-16T23:21:33Z	1
35161910192	Script Tests 4/5 — cmux repair + Lead memory (shell suites)	completed	success	2026-09-16T23:21:36Z	2026-09-16T23:29:51Z	1
35161910192	Script Tests 5/5 — Lead memory remote sync	completed	success	2026-09-16T23:21:37Z	2026-09-16T23:33:49Z	1
35161910192	Script Tests 2/5 — fleet/setup/packaging A (shell suites)	completed	success	2026-09-16T23:21:36Z	2026-09-16T23:37:57Z	1
35161910192	Script Tests 1/5 — session/lifecycle (shell suites)	completed	success	2026-09-16T23:21:35Z	2026-09-16T23:33:38Z	1
35161910192	Script Tests 3/5 — fleet/setup/packaging B (shell suites)	completed	success	2026-09-16T23:21:35Z	2026-09-16T23:37:40Z	1
35161910192	Unit (light)	completed	success	2026-09-16T23:21:35Z	2026-09-16T23:25:06Z	1
35161910192	NPM payload distribution (endpoint + release pipeline)	completed	success	2026-09-16T23:21:35Z	2026-09-16T23:24:38Z	1
35161910192	Unit (observation performance)	completed	success	2026-09-16T23:21:35Z	2026-09-16T23:23:56Z	1
35161910192	Unit (heavy)	completed	success	2026-09-16T23:21:35Z	2026-09-16T23:31:58Z	1
35161910192	Unit (teamlead 2 of 4)	completed	success	2026-09-16T23:21:35Z	2026-09-16T23:33:48Z	1
35161910192	Unit (teamlead 3 of 4)	completed	failure	2026-09-16T23:21:36Z	2026-09-16T23:34:23Z	1
35161910192	Unit (teamlead 1 of 4)	completed	success	2026-09-16T23:21:36Z	2026-09-16T23:35:32Z	1
35161910192	Unit (teamlead 4 of 4)	completed	success	2026-09-16T23:21:36Z	2026-09-16T23:32:37Z	1
35161910192	CI OK	completed	failure	2026-09-16T23:38:00Z	2026-09-16T23:38:04Z	1
35161910192	Unit (teamlead 3 of 4)	completed	success	2026-09-16T23:38:41Z	2026-09-16T23:50:18Z	2
35161910192	Classify CI scope	completed	success	2026-09-16T23:21:15Z	2026-09-16T23:21:33Z	2
35161910192	Unit (teamlead 1 of 4)	completed	success	2026-09-16T23:21:36Z	2026-09-16T23:35:32Z	2
35161910192	Script Tests 5/5 — Lead memory remote sync	completed	success	2026-09-16T23:21:37Z	2026-09-16T23:33:49Z	2
35161910192	Unit (teamlead 2 of 4)	completed	success	2026-09-16T23:21:35Z	2026-09-16T23:33:48Z	2
35161910192	Unit (heavy)	completed	success	2026-09-16T23:21:35Z	2026-09-16T23:31:58Z	2
35161910192	Script Tests 1/5 — session/lifecycle (shell suites)	completed	success	2026-09-16T23:21:35Z	2026-09-16T23:33:38Z	2
35161910192	Script Tests 2/5 — fleet/setup/packaging A (shell suites)	completed	success	2026-09-16T23:21:36Z	2026-09-16T23:37:57Z	2
35161910192	NPM payload distribution (endpoint + release pipeline)	completed	success	2026-09-16T23:21:35Z	2026-09-16T23:24:38Z	2
35161910192	Script Tests 4/5 — cmux repair + Lead memory (shell suites)	completed	success	2026-09-16T23:21:36Z	2026-09-16T23:29:51Z	2
35161910192	Unit (teamlead 4 of 4)	completed	success	2026-09-16T23:21:36Z	2026-09-16T23:32:37Z	2
35161910192	Unit (light)	completed	success	2026-09-16T23:21:35Z	2026-09-16T23:25:06Z	2
35161910192	Unit (observation performance)	completed	success	2026-09-16T23:21:35Z	2026-09-16T23:23:56Z	2
35161910192	Quick Gate (build + typecheck + lint)	completed	success	2026-09-16T23:21:13Z	2026-09-16T23:26:27Z	2
35161910192	Script Tests 3/5 — fleet/setup/packaging B (shell suites)	completed	success	2026-09-16T23:21:35Z	2026-09-16T23:37:40Z	2
35161910192	CI OK	completed	success	2026-09-16T23:50:21Z	2026-09-16T23:50:24Z	2
35160812972	Quick Gate (build + typecheck + lint)	completed	success	2026-09-16T23:06:38Z	2026-09-16T23:11:08Z	1
35160812972	Classify CI scope	completed	success	2026-09-16T23:06:37Z	2026-09-16T23:06:59Z	1
35160812972	Script Tests 3/5 — fleet/setup/packaging B (shell suites)	completed	success	2026-09-16T23:07:01Z	2026-09-16T23:20:08Z	1
35160812972	Script Tests 1/5 — session/lifecycle (shell suites)	completed	success	2026-09-16T23:07:01Z	2026-09-16T23:19:17Z	1
35160812972	Script Tests 5/5 — Lead memory remote sync	completed	success	2026-09-16T23:07:01Z	2026-09-16T23:19:06Z	1
35160812972	Script Tests 4/5 — cmux repair + Lead memory (shell suites)	completed	success	2026-09-16T23:07:02Z	2026-09-16T23:18:53Z	1
35160812972	Unit (teamlead 1 of 4)	completed	success	2026-09-16T23:07:02Z	2026-09-16T23:20:49Z	1
35160812972	Unit (observation performance)	completed	success	2026-09-16T23:07:01Z	2026-09-16T23:09:57Z	1
35160812972	Unit (teamlead 2 of 4)	completed	success	2026-09-16T23:07:01Z	2026-09-16T23:19:24Z	1
35160812972	Unit (heavy)	completed	success	2026-09-16T23:07:01Z	2026-09-16T23:17:30Z	1
35160812972	NPM payload distribution (endpoint + release pipeline)	completed	success	2026-09-16T23:07:01Z	2026-09-16T23:10:12Z	1
35160812972	Unit (teamlead 4 of 4)	completed	success	2026-09-16T23:07:01Z	2026-09-16T23:19:05Z	1
35160812972	Unit (light)	completed	success	2026-09-16T23:07:01Z	2026-09-16T23:10:29Z	1
35160812972	Script Tests 2/5 — fleet/setup/packaging A (shell suites)	completed	success	2026-09-16T23:07:01Z	2026-09-16T23:23:48Z	1
35160812972	Unit (teamlead 3 of 4)	completed	success	2026-09-16T23:07:01Z	2026-09-16T23:18:10Z	1
35160812972	CI OK	completed	success	2026-09-16T23:23:51Z	2026-09-16T23:23:55Z	1
35158317521	Quick Gate (build + typecheck + lint)	completed	success	2026-09-16T22:34:16Z	2026-09-16T22:39:41Z	1
35158317521	Classify CI scope	completed	success	2026-09-16T22:34:14Z	2026-09-16T22:34:34Z	1
35158317521	Script Tests 4/5 — cmux repair + Lead memory (shell suites)	completed	success	2026-09-16T22:34:36Z	2026-09-16T22:44:26Z	1
35158317521	Script Tests 1/5 — session/lifecycle (shell suites)	completed	success	2026-09-16T22:34:36Z	2026-09-16T22:46:54Z	1
35158317521	Script Tests 3/5 — fleet/setup/packaging B (shell suites)	completed	success	2026-09-16T22:34:35Z	2026-09-16T22:50:25Z	1
35158317521	Script Tests 2/5 — fleet/setup/packaging A (shell suites)	completed	success	2026-09-16T22:34:36Z	2026-09-16T22:50:44Z	1
35158317521	Unit (teamlead 3 of 4)	completed	success	2026-09-16T22:34:36Z	2026-09-16T22:46:35Z	1
35158317521	Script Tests 5/5 — Lead memory remote sync	completed	success	2026-09-16T22:34:36Z	2026-09-16T22:46:52Z	1
35158317521	Unit (light)	completed	success	2026-09-16T22:34:35Z	2026-09-16T22:38:45Z	1
35158317521	Unit (teamlead 1 of 4)	completed	success	2026-09-16T22:34:36Z	2026-09-16T22:48:08Z	1
35158317521	Unit (teamlead 2 of 4)	completed	success	2026-09-16T22:34:36Z	2026-09-16T22:45:54Z	1
35158317521	Unit (observation performance)	completed	success	2026-09-16T22:34:36Z	2026-09-16T22:37:36Z	1
35158317521	NPM payload distribution (endpoint + release pipeline)	completed	success	2026-09-16T22:34:36Z	2026-09-16T22:37:37Z	1
35158317521	Unit (heavy)	completed	success	2026-09-16T22:34:36Z	2026-09-16T22:45:12Z	1
35158317521	Unit (teamlead 4 of 4)	completed	success	2026-09-16T22:34:36Z	2026-09-16T22:45:39Z	1
35158317521	CI OK	completed	success	2026-09-16T22:50:47Z	2026-09-16T22:50:50Z	1
35157723991	Classify CI scope	completed	success	2026-09-16T22:26:57Z	2026-09-16T22:27:15Z	1
35157723991	Quick Gate (build + typecheck + lint)	completed	success	2026-09-16T22:26:57Z	2026-09-16T22:31:28Z	1
35157723991	Script Tests 3/5 — fleet/setup/packaging B (shell suites)	completed	success	2026-09-16T22:27:17Z	2026-09-16T22:43:06Z	1
35157723991	Script Tests 2/5 — fleet/setup/packaging A (shell suites)	completed	success	2026-09-16T22:27:18Z	2026-09-16T22:43:27Z	1
35157723991	Script Tests 5/5 — Lead memory remote sync	completed	success	2026-09-16T22:27:18Z	2026-09-16T22:39:40Z	1
35157723991	Script Tests 1/5 — session/lifecycle (shell suites)	completed	success	2026-09-16T22:27:18Z	2026-09-16T22:39:23Z	1
35157723991	Script Tests 4/5 — cmux repair + Lead memory (shell suites)	completed	success	2026-09-16T22:27:17Z	2026-09-16T22:37:33Z	1
35157723991	Unit (heavy)	completed	success	2026-09-16T22:27:18Z	2026-09-16T22:37:48Z	1
35157723991	NPM payload distribution (endpoint + release pipeline)	completed	success	2026-09-16T22:27:18Z	2026-09-16T22:30:23Z	1
35157723991	Unit (teamlead 3 of 4)	completed	success	2026-09-16T22:27:19Z	2026-09-16T22:39:57Z	1
35157723991	Unit (light)	completed	success	2026-09-16T22:27:19Z	2026-09-16T22:31:56Z	1
35157723991	Unit (observation performance)	completed	failure	2026-09-16T22:27:18Z	2026-09-16T22:30:19Z	1
35157723991	Unit (teamlead 1 of 4)	completed	success	2026-09-16T22:27:17Z	2026-09-16T22:41:28Z	1
35157723991	Unit (teamlead 4 of 4)	completed	success	2026-09-16T22:27:18Z	2026-09-16T22:39:32Z	1
35157723991	Unit (teamlead 2 of 4)	completed	success	2026-09-16T22:27:17Z	2026-09-16T22:38:22Z	1
35157723991	CI OK	completed	failure	2026-09-16T22:43:29Z	2026-09-16T22:43:32Z	1
35157723991	Quick Gate (build + typecheck + lint)	completed	success	2026-09-16T22:26:57Z	2026-09-16T22:31:28Z	2
35157723991	Unit (observation performance)	completed	success	2026-09-16T22:44:46Z	2026-09-16T22:48:01Z	2
35157723991	Script Tests 5/5 — Lead memory remote sync	completed	success	2026-09-16T22:27:18Z	2026-09-16T22:39:40Z	2
35157723991	Script Tests 3/5 — fleet/setup/packaging B (shell suites)	completed	success	2026-09-16T22:27:17Z	2026-09-16T22:43:06Z	2
35157723991	Classify CI scope	completed	success	2026-09-16T22:26:57Z	2026-09-16T22:27:15Z	2
35157723991	Script Tests 4/5 — cmux repair + Lead memory (shell suites)	completed	success	2026-09-16T22:27:17Z	2026-09-16T22:37:33Z	2
35157723991	Unit (teamlead 3 of 4)	completed	success	2026-09-16T22:27:19Z	2026-09-16T22:39:57Z	2
35157723991	Unit (teamlead 2 of 4)	completed	success	2026-09-16T22:27:17Z	2026-09-16T22:38:22Z	2
35157723991	Unit (teamlead 1 of 4)	completed	success	2026-09-16T22:27:17Z	2026-09-16T22:41:28Z	2
35157723991	Script Tests 2/5 — fleet/setup/packaging A (shell suites)	completed	success	2026-09-16T22:27:18Z	2026-09-16T22:43:27Z	2
35157723991	Unit (teamlead 4 of 4)	completed	success	2026-09-16T22:27:18Z	2026-09-16T22:39:32Z	2
35157723991	NPM payload distribution (endpoint + release pipeline)	completed	success	2026-09-16T22:27:18Z	2026-09-16T22:30:23Z	2
35157723991	Unit (heavy)	completed	success	2026-09-16T22:27:18Z	2026-09-16T22:37:48Z	2
35157723991	Script Tests 1/5 — session/lifecycle (shell suites)	completed	success	2026-09-16T22:27:18Z	2026-09-16T22:39:23Z	2
35157723991	Unit (light)	completed	success	2026-09-16T22:27:19Z	2026-09-16T22:31:56Z	2
35157723991	CI OK	completed	success	2026-09-16T22:48:03Z	2026-09-16T22:48:06Z	2
35153237854	Classify CI scope	completed	success	2026-09-16T21:35:39Z	2026-09-16T21:35:57Z	1
35153237854	Quick Gate (build + typecheck + lint)	completed	success	2026-09-16T21:35:39Z	2026-09-16T21:41:04Z	1
35153237854	Script Tests 2/5 — fleet/setup/packaging A (shell suites)	completed	success	2026-09-16T21:35:59Z	2026-09-16T21:52:10Z	1
35153237854	Script Tests 3/5 — fleet/setup/packaging B (shell suites)	completed	success	2026-09-16T21:36:00Z	2026-09-16T21:51:53Z	1
35153237854	Script Tests 5/5 — Lead memory remote sync	completed	success	2026-09-16T21:35:59Z	2026-09-16T21:47:44Z	1
35153237854	Script Tests 4/5 — cmux repair + Lead memory (shell suites)	completed	success	2026-09-16T21:35:59Z	2026-09-16T21:46:01Z	1
35153237854	Script Tests 1/5 — session/lifecycle (shell suites)	completed	success	2026-09-16T21:35:59Z	2026-09-16T21:47:54Z	1
35153237854	NPM payload distribution (endpoint + release pipeline)	completed	success	2026-09-16T21:35:59Z	2026-09-16T21:38:49Z	1
35153237854	Unit (observation performance)	completed	success	2026-09-16T21:35:59Z	2026-09-16T21:38:43Z	1
35153237854	Unit (heavy)	completed	success	2026-09-16T21:35:59Z	2026-09-16T21:46:17Z	1
35153237854	Unit (teamlead 4 of 4)	completed	success	2026-09-16T21:35:59Z	2026-09-16T21:48:14Z	1
35153237854	Unit (light)	completed	success	2026-09-16T21:35:59Z	2026-09-16T21:40:00Z	1
35153237854	Unit (teamlead 2 of 4)	completed	success	2026-09-16T21:35:59Z	2026-09-16T21:47:53Z	1
35153237854	Unit (teamlead 3 of 4)	completed	success	2026-09-16T21:35:59Z	2026-09-16T21:45:00Z	1
35153237854	Unit (teamlead 1 of 4)	completed	success	2026-09-16T21:35:59Z	2026-09-16T21:49:58Z	1
35153237854	CI OK	completed	success	2026-09-16T21:52:12Z	2026-09-16T21:52:15Z	1
35151422945	Classify CI scope	completed	success	2026-09-16T21:16:16Z	2026-09-16T21:16:35Z	1
35151422945	Quick Gate (build + typecheck + lint)	completed	success	2026-09-16T21:16:21Z	2026-09-16T21:22:02Z	1
35151422945	Script Tests 2/5 — fleet/setup/packaging A (shell suites)	completed	success	2026-09-16T21:16:38Z	2026-09-16T21:32:45Z	1
35151422945	NPM payload distribution (endpoint + release pipeline)	completed	success	2026-09-16T21:16:38Z	2026-09-16T21:19:50Z	1
35151422945	Script Tests 3/5 — fleet/setup/packaging B (shell suites)	completed	success	2026-09-16T21:17:30Z	2026-09-16T21:33:44Z	1
35151422945	Script Tests 5/5 — Lead memory remote sync	completed	success	2026-09-16T21:16:37Z	2026-09-16T21:29:11Z	1
35151422945	Script Tests 4/5 — cmux repair + Lead memory (shell suites)	completed	success	2026-09-16T21:16:38Z	2026-09-16T21:24:27Z	1
35151422945	Script Tests 1/5 — session/lifecycle (shell suites)	completed	success	2026-09-16T21:16:38Z	2026-09-16T21:28:36Z	1
35151422945	Unit (teamlead 3 of 4)	completed	success	2026-09-16T21:16:38Z	2026-09-16T21:26:13Z	1
35151422945	Unit (teamlead 2 of 4)	completed	success	2026-09-16T21:16:37Z	2026-09-16T21:29:08Z	1
35151422945	Unit (teamlead 1 of 4)	completed	success	2026-09-16T21:16:39Z	2026-09-16T21:30:01Z	1
35151422945	Unit (light)	completed	success	2026-09-16T21:16:38Z	2026-09-16T21:21:09Z	1
35151422945	Unit (heavy)	completed	success	2026-09-16T21:16:37Z	2026-09-16T21:26:03Z	1
35151422945	Unit (observation performance)	completed	success	2026-09-16T21:17:22Z	2026-09-16T21:19:32Z	1
35151422945	Unit (teamlead 4 of 4)	completed	success	2026-09-16T21:16:38Z	2026-09-16T21:26:39Z	1
35151422945	CI OK	completed	success	2026-09-16T21:33:47Z	2026-09-16T21:33:49Z	1
35151422945	Quick Gate (build + typecheck + lint)	completed	success	2026-09-16T21:35:21Z	2026-09-16T21:40:50Z	2
35151422945	Classify CI scope	completed	success	2026-09-16T21:35:21Z	2026-09-16T21:35:41Z	2
35151422945	Script Tests 4/5 — cmux repair + Lead memory (shell suites)	completed	success	2026-09-16T21:35:43Z	2026-09-16T21:45:58Z	2
35151422945	Script Tests 3/5 — fleet/setup/packaging B (shell suites)	completed	success	2026-09-16T21:35:42Z	2026-09-16T21:51:23Z	2
35151422945	Script Tests 5/5 — Lead memory remote sync	completed	success	2026-09-16T21:35:43Z	2026-09-16T21:48:22Z	2
35151422945	NPM payload distribution (endpoint + release pipeline)	completed	success	2026-09-16T21:35:43Z	2026-09-16T21:38:57Z	2
35151422945	Script Tests 1/5 — session/lifecycle (shell suites)	completed	success	2026-09-16T21:35:43Z	2026-09-16T21:48:00Z	2
35151422945	Script Tests 2/5 — fleet/setup/packaging A (shell suites)	completed	success	2026-09-16T21:35:43Z	2026-09-16T21:50:30Z	2
35151422945	Unit (teamlead 3 of 4)	completed	success	2026-09-16T21:35:43Z	2026-09-16T21:43:36Z	2
35151422945	Unit (observation performance)	completed	success	2026-09-16T21:35:44Z	2026-09-16T21:38:37Z	2
35151422945	Unit (teamlead 4 of 4)	completed	success	2026-09-16T21:35:43Z	2026-09-16T21:45:24Z	2
35151422945	Unit (teamlead 2 of 4)	completed	success	2026-09-16T21:35:43Z	2026-09-16T21:48:07Z	2
35151422945	Unit (heavy)	completed	success	2026-09-16T21:35:43Z	2026-09-16T21:46:16Z	2
35151422945	Unit (teamlead 1 of 4)	completed	success	2026-09-16T21:35:43Z	2026-09-16T21:46:18Z	2
35151422945	Unit (light)	completed	success	2026-09-16T21:35:44Z	2026-09-16T21:39:58Z	2
35151422945	CI OK	completed	success	2026-09-16T21:51:27Z	2026-09-16T21:51:31Z	2
35151422945	Classify CI scope	completed	success	2026-09-16T21:52:18Z	2026-09-16T21:52:39Z	3
35151422945	Quick Gate (build + typecheck + lint)	completed	success	2026-09-16T21:52:54Z	2026-09-16T21:58:25Z	3
35151422945	Script Tests 3/5 — fleet/setup/packaging B (shell suites)	completed	success	2026-09-16T21:52:41Z	2026-09-16T22:06:06Z	3
35151422945	Script Tests 1/5 — session/lifecycle (shell suites)	completed	success	2026-09-16T21:52:42Z	2026-09-16T22:05:27Z	3
35151422945	NPM payload distribution (endpoint + release pipeline)	completed	success	2026-09-16T21:52:41Z	2026-09-16T21:55:54Z	3
35151422945	Script Tests 4/5 — cmux repair + Lead memory (shell suites)	completed	success	2026-09-16T21:52:41Z	2026-09-16T22:02:40Z	3
35151422945	Script Tests 2/5 — fleet/setup/packaging A (shell suites)	completed	success	2026-09-16T21:52:41Z	2026-09-16T22:06:17Z	3
35151422945	Unit (teamlead 1 of 4)	completed	success	2026-09-16T21:52:41Z	2026-09-16T22:06:12Z	3
35151422945	Script Tests 5/5 — Lead memory remote sync	completed	success	2026-09-16T21:52:41Z	2026-09-16T22:05:04Z	3
35151422945	Unit (teamlead 2 of 4)	completed	success	2026-09-16T21:52:41Z	2026-09-16T22:04:59Z	3
35151422945	Unit (teamlead 3 of 4)	completed	failure	2026-09-16T21:52:43Z	2026-09-16T22:04:59Z	3
35151422945	Unit (heavy)	completed	success	2026-09-16T21:52:41Z	2026-09-16T22:03:22Z	3
35151422945	Unit (light)	completed	success	2026-09-16T21:52:42Z	2026-09-16T21:57:02Z	3
35151422945	Unit (observation performance)	completed	success	2026-09-16T21:52:41Z	2026-09-16T21:55:25Z	3
35151422945	Unit (teamlead 4 of 4)	completed	success	2026-09-16T21:52:41Z	2026-09-16T22:03:41Z	3
35151422945	CI OK	completed	failure	2026-09-16T22:06:55Z	2026-09-16T22:06:57Z	3
35151422945	Quick Gate (build + typecheck + lint)	completed	success	2026-09-16T22:08:03Z	2026-09-16T22:11:54Z	4
35151422945	Classify CI scope	completed	success	2026-09-16T22:08:04Z	2026-09-16T22:08:20Z	4
35151422945	Script Tests 5/5 — Lead memory remote sync	completed	success	2026-09-16T22:08:23Z	2026-09-16T22:20:48Z	4
35151422945	Script Tests 2/5 — fleet/setup/packaging A (shell suites)	completed	success	2026-09-16T22:08:23Z	2026-09-16T22:24:31Z	4
35151422945	Script Tests 3/5 — fleet/setup/packaging B (shell suites)	completed	success	2026-09-16T22:08:22Z	2026-09-16T22:24:17Z	4
35151422945	Script Tests 1/5 — session/lifecycle (shell suites)	completed	success	2026-09-16T22:08:23Z	2026-09-16T22:20:31Z	4
35151422945	Script Tests 4/5 — cmux repair + Lead memory (shell suites)	completed	success	2026-09-16T22:08:59Z	2026-09-16T22:18:57Z	4
35151422945	NPM payload distribution (endpoint + release pipeline)	completed	success	2026-09-16T22:08:23Z	2026-09-16T22:11:29Z	4
35151422945	Unit (teamlead 2 of 4)	completed	success	2026-09-16T22:08:23Z	2026-09-16T22:20:38Z	4
35151422945	Unit (teamlead 3 of 4)	completed	failure	2026-09-16T22:08:24Z	2026-09-16T22:20:20Z	4
35151422945	Unit (teamlead 4 of 4)	completed	success	2026-09-16T22:08:23Z	2026-09-16T22:18:16Z	4
35151422945	Unit (light)	completed	success	2026-09-16T22:08:23Z	2026-09-16T22:11:28Z	4
35151422945	Unit (teamlead 1 of 4)	completed	success	2026-09-16T22:08:23Z	2026-09-16T22:20:29Z	4
35151422945	Unit (observation performance)	completed	success	2026-09-16T22:08:23Z	2026-09-16T22:11:06Z	4
35151422945	Unit (heavy)	completed	failure	2026-09-16T22:08:23Z	2026-09-16T22:13:54Z	4
35151422945	CI OK	completed	failure	2026-09-16T22:24:33Z	2026-09-16T22:24:36Z	4
35151422945	Classify CI scope	completed	success	2026-09-16T22:25:30Z	2026-09-16T22:25:48Z	5
35151422945	Quick Gate (build + typecheck + lint)	completed	success	2026-09-16T22:25:32Z	2026-09-16T22:30:59Z	5
35151422945	Script Tests 2/5 — fleet/setup/packaging A (shell suites)	completed	success	2026-09-16T22:25:50Z	2026-09-16T22:41:48Z	5
35151422945	Script Tests 4/5 — cmux repair + Lead memory (shell suites)	completed	success	2026-09-16T22:25:50Z	2026-09-16T22:33:20Z	5
35151422945	Script Tests 1/5 — session/lifecycle (shell suites)	completed	success	2026-09-16T22:26:26Z	2026-09-16T22:38:44Z	5
35151422945	NPM payload distribution (endpoint + release pipeline)	completed	success	2026-09-16T22:25:50Z	2026-09-16T22:29:01Z	5
35151422945	Script Tests 3/5 — fleet/setup/packaging B (shell suites)	completed	success	2026-09-16T22:25:50Z	2026-09-16T22:41:46Z	5
35151422945	Script Tests 5/5 — Lead memory remote sync	completed	success	2026-09-16T22:25:50Z	2026-09-16T22:35:58Z	5
35151422945	Unit (teamlead 3 of 4)	completed	success	2026-09-16T22:25:50Z	2026-09-16T22:35:47Z	5
35151422945	Unit (teamlead 1 of 4)	completed	success	2026-09-16T22:25:50Z	2026-09-16T22:34:15Z	5
35151422945	Unit (heavy)	completed	success	2026-09-16T22:25:52Z	2026-09-16T22:36:12Z	5
35151422945	Unit (observation performance)	completed	success	2026-09-16T22:25:50Z	2026-09-16T22:28:23Z	5
35151422945	Unit (teamlead 2 of 4)	completed	success	2026-09-16T22:25:50Z	2026-09-16T22:35:36Z	5
35151422945	Unit (light)	completed	success	2026-09-16T22:25:52Z	2026-09-16T22:30:11Z	5
35151422945	Unit (teamlead 4 of 4)	completed	success	2026-09-16T22:25:50Z	2026-09-16T22:35:34Z	5
35151422945	CI OK	completed	success	2026-09-16T22:41:51Z	2026-09-16T22:41:54Z	5
35151422945	Quick Gate (build + typecheck + lint)	completed	success	2026-09-16T22:42:35Z	2026-09-16T22:48:07Z	6
35151422945	Classify CI scope	completed	success	2026-09-16T22:42:35Z	2026-09-16T22:42:53Z	6
35151422945	Script Tests 5/5 — Lead memory remote sync	completed	success	2026-09-16T22:42:57Z	2026-09-16T22:55:32Z	6
35151422945	Script Tests 3/5 — fleet/setup/packaging B (shell suites)	completed	success	2026-09-16T22:42:57Z	2026-09-16T22:55:56Z	6
35151422945	Script Tests 2/5 — fleet/setup/packaging A (shell suites)	completed	success	2026-09-16T22:42:57Z	2026-09-16T22:57:47Z	6
35151422945	Script Tests 4/5 — cmux repair + Lead memory (shell suites)	completed	success	2026-09-16T22:42:57Z	2026-09-16T22:51:50Z	6
35151422945	Script Tests 1/5 — session/lifecycle (shell suites)	completed	success	2026-09-16T22:42:57Z	2026-09-16T22:53:58Z	6
35151422945	Unit (teamlead 2 of 4)	completed	success	2026-09-16T22:42:57Z	2026-09-16T22:55:16Z	6
35151422945	Unit (light)	completed	success	2026-09-16T22:42:58Z	2026-09-16T22:46:11Z	6
35151422945	NPM payload distribution (endpoint + release pipeline)	completed	success	2026-09-16T22:42:57Z	2026-09-16T22:46:05Z	6
35151422945	Unit (heavy)	completed	success	2026-09-16T22:42:58Z	2026-09-16T22:53:21Z	6
35151422945	Unit (observation performance)	completed	success	2026-09-16T22:42:58Z	2026-09-16T22:45:50Z	6
35151422945	Unit (teamlead 4 of 4)	completed	success	2026-09-16T22:42:57Z	2026-09-16T22:54:45Z	6
35151422945	Unit (teamlead 1 of 4)	completed	success	2026-09-16T22:42:57Z	2026-09-16T22:55:49Z	6
35151422945	Unit (teamlead 3 of 4)	completed	success	2026-09-16T22:42:57Z	2026-09-16T22:55:09Z	6
35151422945	CI OK	completed	success	2026-09-16T22:57:50Z	2026-09-16T22:57:53Z	6
35151422945	Quick Gate (build + typecheck + lint)	completed	success	2026-09-16T22:59:19Z	2026-09-16T23:04:42Z	7
35151422945	Classify CI scope	completed	success	2026-09-16T22:59:19Z	2026-09-16T22:59:36Z	7
35151422945	Script Tests 4/5 — cmux repair + Lead memory (shell suites)	completed	success	2026-09-16T22:59:39Z	2026-09-16T23:07:34Z	7
35151422945	Script Tests 1/5 — session/lifecycle (shell suites)	completed	success	2026-09-16T22:59:39Z	2026-09-16T23:11:42Z	7
35151272829	Classify CI scope	completed	success	2026-09-16T21:15:50Z	2026-09-16T21:16:10Z	1
35151272829	Quick Gate (build + typecheck + lint)	completed	success	2026-09-16T21:15:50Z	2026-09-16T21:20:07Z	1
35151272829	NPM payload distribution (endpoint + release pipeline)	completed	success	2026-09-16T21:16:13Z	2026-09-16T21:18:58Z	1
35151272829	Script Tests 2/5 — fleet/setup/packaging A (shell suites)	completed	success	2026-09-16T21:16:12Z	2026-09-16T21:32:01Z	1
35151272829	Script Tests 5/5 — Lead memory remote sync	completed	success	2026-09-16T21:16:13Z	2026-09-16T21:29:01Z	1
35151272829	Script Tests 4/5 — cmux repair + Lead memory (shell suites)	completed	success	2026-09-16T21:16:13Z	2026-09-16T21:26:00Z	1
35151272829	Script Tests 1/5 — session/lifecycle (shell suites)	completed	success	2026-09-16T21:16:13Z	2026-09-16T21:28:41Z	1
35151272829	Script Tests 3/5 — fleet/setup/packaging B (shell suites)	completed	success	2026-09-16T21:16:12Z	2026-09-16T21:32:16Z	1
35151272829	Unit (heavy)	completed	success	2026-09-16T21:16:13Z	2026-09-16T21:25:43Z	1
35151272829	Unit (teamlead 4 of 4)	completed	success	2026-09-16T21:16:14Z	2026-09-16T21:28:20Z	1
35151272829	Unit (light)	completed	success	2026-09-16T21:16:13Z	2026-09-16T21:19:51Z	1
35151272829	Unit (teamlead 2 of 4)	completed	failure	2026-09-16T21:16:13Z	2026-09-16T21:28:12Z	1
35151272829	Unit (observation performance)	completed	failure	2026-09-16T21:16:13Z	2026-09-16T21:18:40Z	1
35151272829	Unit (teamlead 1 of 4)	completed	success	2026-09-16T21:16:13Z	2026-09-16T21:29:08Z	1
35151272829	Unit (teamlead 3 of 4)	completed	failure	2026-09-16T21:16:13Z	2026-09-16T21:24:17Z	1
35151272829	CI OK	completed	failure	2026-09-16T21:32:20Z	2026-09-16T21:32:24Z	1
35151188689	Quick Gate (build + typecheck + lint)	completed	cancelled	2026-09-16T21:13:53Z	2026-09-16T21:15:24Z	1
35151188689	Classify CI scope	completed	success	2026-09-16T21:13:52Z	2026-09-16T21:14:09Z	1
35151188689	Script Tests 1/5 — session/lifecycle (shell suites)	completed	cancelled	2026-09-16T21:14:13Z	2026-09-16T21:15:45Z	1
35151188689	Script Tests 3/5 — fleet/setup/packaging B (shell suites)	completed	cancelled	2026-09-16T21:14:12Z	2026-09-16T21:15:41Z	1
35151188689	NPM payload distribution (endpoint + release pipeline)	completed	cancelled	2026-09-16T21:14:12Z	2026-09-16T21:14:56Z	1
35151188689	Script Tests 5/5 — Lead memory remote sync	completed	cancelled	2026-09-16T21:14:12Z	2026-09-16T21:15:47Z	1
35151188689	Script Tests 2/5 — fleet/setup/packaging A (shell suites)	completed	cancelled	2026-09-16T21:14:11Z	2026-09-16T21:15:43Z	1
35151188689	Script Tests 4/5 — cmux repair + Lead memory (shell suites)	completed	cancelled	2026-09-16T21:14:12Z	2026-09-16T21:15:46Z	1
35151188689	Unit (teamlead 3 of 4)	completed	cancelled	2026-09-16T21:14:11Z	2026-09-16T21:15:42Z	1
35151188689	Unit (heavy)	completed	cancelled	2026-09-16T21:14:11Z	2026-09-16T21:15:43Z	1
35151188689	Unit (teamlead 4 of 4)	completed	cancelled	2026-09-16T21:14:19Z	2026-09-16T21:15:10Z	1
35151188689	Unit (light)	completed	cancelled	2026-09-16T21:14:12Z	2026-09-16T21:14:54Z	1
35151188689	Unit (teamlead 1 of 4)	completed	cancelled	2026-09-16T21:14:11Z	2026-09-16T21:15:42Z	1
35151188689	Unit (observation performance)	completed	cancelled	2026-09-16T21:14:12Z	2026-09-16T21:15:43Z	1
35151188689	Unit (teamlead 2 of 4)	completed	cancelled	2026-09-16T21:14:12Z	2026-09-16T21:15:44Z	1
35151188689	CI OK	completed	cancelled	2026-09-16T21:15:48Z	2026-09-16T21:15:47Z	1
35151184213	Quick Gate (build + typecheck + lint)	completed	success	2026-09-16T21:13:48Z	2026-09-16T21:19:30Z	1
35151184213	Classify CI scope	completed	success	2026-09-16T21:13:49Z	2026-09-16T21:14:09Z	1
35151184213	Script Tests 1/5 — session/lifecycle (shell suites)	completed	success	2026-09-16T21:14:11Z	2026-09-16T21:24:32Z	1
35151184213	Script Tests 2/5 — fleet/setup/packaging A (shell suites)	completed	success	2026-09-16T21:14:11Z	2026-09-16T21:30:40Z	1
35151184213	Script Tests 3/5 — fleet/setup/packaging B (shell suites)	completed	success	2026-09-16T21:14:11Z	2026-09-16T21:30:29Z	1
35151184213	NPM payload distribution (endpoint + release pipeline)	completed	success	2026-09-16T21:14:11Z	2026-09-16T21:17:16Z	1
35151184213	Script Tests 5/5 — Lead memory remote sync	completed	success	2026-09-16T21:14:12Z	2026-09-16T21:26:44Z	1
35151184213	Unit (teamlead 1 of 4)	completed	success	2026-09-16T21:14:11Z	2026-09-16T21:27:49Z	1
35151184213	Script Tests 4/5 — cmux repair + Lead memory (shell suites)	completed	success	2026-09-16T21:14:12Z	2026-09-16T21:23:28Z	1
35151184213	Unit (teamlead 3 of 4)	completed	failure	2026-09-16T21:14:11Z	2026-09-16T21:26:39Z	1
35151184213	Unit (teamlead 4 of 4)	completed	success	2026-09-16T21:14:11Z	2026-09-16T21:27:22Z	1
35151184213	Unit (heavy)	completed	success	2026-09-16T21:14:11Z	2026-09-16T21:25:10Z	1
35151184213	Unit (light)	completed	success	2026-09-16T21:14:11Z	2026-09-16T21:18:12Z	1
35151184213	Unit (observation performance)	completed	success	2026-09-16T21:14:11Z	2026-09-16T21:17:20Z	1
35151184213	Unit (teamlead 2 of 4)	completed	success	2026-09-16T21:14:11Z	2026-09-16T21:25:15Z	1
35151184213	CI OK	completed	failure	2026-09-16T21:30:44Z	2026-09-16T21:30:48Z	1
35148695706	Classify CI scope	completed	success	2026-09-16T20:48:33Z	2026-09-16T20:48:54Z	1
35148695706	Quick Gate (build + typecheck + lint)	completed	success	2026-09-16T20:48:33Z	2026-09-16T20:53:00Z	1
35148695706	Script Tests 1/5 — session/lifecycle (shell suites)	completed	success	2026-09-16T20:48:56Z	2026-09-16T20:58:28Z	1
35148695706	Script Tests 3/5 — fleet/setup/packaging B (shell suites)	completed	success	2026-09-16T20:48:56Z	2026-09-16T21:02:49Z	1
35148695706	Script Tests 5/5 — Lead memory remote sync	completed	success	2026-09-16T20:48:57Z	2026-09-16T20:59:53Z	1
35148695706	NPM payload distribution (endpoint + release pipeline)	completed	success	2026-09-16T20:48:56Z	2026-09-16T20:51:38Z	1
35148695706	Unit (teamlead 3 of 4)	completed	failure	2026-09-16T20:48:57Z	2026-09-16T20:59:19Z	1
35148695706	Script Tests 2/5 — fleet/setup/packaging A (shell suites)	completed	success	2026-09-16T20:49:49Z	2026-09-16T21:06:19Z	1
35148695706	Unit (heavy)	completed	success	2026-09-16T20:49:28Z	2026-09-16T21:00:07Z	1
35148695706	Script Tests 4/5 — cmux repair + Lead memory (shell suites)	completed	success	2026-09-16T20:49:37Z	2026-09-16T20:58:04Z	1
35148695706	Unit (teamlead 2 of 4)	completed	failure	2026-09-16T20:50:14Z	2026-09-16T21:03:04Z	1
35148695706	Unit (teamlead 4 of 4)	completed	failure	2026-09-16T20:49:49Z	2026-09-16T21:00:14Z	1
35148695706	Unit (observation performance)	completed	success	2026-09-16T20:49:54Z	2026-09-16T20:53:12Z	1
35148695706	Unit (light)	completed	success	2026-09-16T20:48:56Z	2026-09-16T20:53:10Z	1
35148695706	Unit (teamlead 1 of 4)	completed	failure	2026-09-16T20:49:27Z	2026-09-16T21:03:00Z	1
35148695706	CI OK	completed	failure	2026-09-16T21:06:22Z	2026-09-16T21:06:25Z	1
35148448636	Classify CI scope	completed	success	2026-09-16T20:46:43Z	2026-09-16T20:47:00Z	1
35148448636	Quick Gate (build + typecheck + lint)	completed	success	2026-09-16T20:46:43Z	2026-09-16T20:51:55Z	1
35148448636	Script Tests 5/5 — Lead memory remote sync	completed	success	2026-09-16T20:47:03Z	2026-09-16T20:59:45Z	1
35148448636	NPM payload distribution (endpoint + release pipeline)	completed	success	2026-09-16T20:47:02Z	2026-09-16T20:50:06Z	1
35148448636	Script Tests 2/5 — fleet/setup/packaging A (shell suites)	completed	success	2026-09-16T20:47:02Z	2026-09-16T21:03:09Z	1
35148448636	Script Tests 1/5 — session/lifecycle (shell suites)	completed	success	2026-09-16T20:47:02Z	2026-09-16T20:58:02Z	1
35148448636	Script Tests 4/5 — cmux repair + Lead memory (shell suites)	completed	success	2026-09-16T20:47:02Z	2026-09-16T20:57:17Z	1
35148448636	Script Tests 3/5 — fleet/setup/packaging B (shell suites)	completed	success	2026-09-16T20:47:03Z	2026-09-16T21:02:58Z	1
35148448636	Unit (teamlead 3 of 4)	completed	success	2026-09-16T20:47:02Z	2026-09-16T20:58:17Z	1
35148448636	Unit (teamlead 2 of 4)	completed	success	2026-09-16T20:47:02Z	2026-09-16T20:59:43Z	1
35148448636	Unit (teamlead 4 of 4)	completed	success	2026-09-16T20:47:02Z	2026-09-16T20:56:22Z	1
35148448636	Unit (teamlead 1 of 4)	completed	success	2026-09-16T20:47:03Z	2026-09-16T20:59:57Z	1
35148448636	Unit (observation performance)	completed	success	2026-09-16T20:47:02Z	2026-09-16T20:49:48Z	1
35148448636	Unit (heavy)	completed	success	2026-09-16T20:47:05Z	2026-09-16T20:57:30Z	1
35148448636	Unit (light)	completed	success	2026-09-16T20:47:18Z	2026-09-16T20:51:12Z	1
35148448636	CI OK	completed	success	2026-09-16T21:03:12Z	2026-09-16T21:03:15Z	1
35148360641	Classify CI scope	completed	success	2026-09-16T20:44:28Z	2026-09-16T20:44:46Z	1
35148360641	Quick Gate (build + typecheck + lint)	completed	cancelled	2026-09-16T20:44:28Z	2026-09-16T20:45:58Z	1
35148360641	Script Tests 5/5 — Lead memory remote sync	completed	cancelled	2026-09-16T20:44:48Z	2026-09-16T20:45:47Z	1
35148360641	Script Tests 1/5 — session/lifecycle (shell suites)	completed	cancelled	2026-09-16T20:44:46Z	2026-09-16T20:45:20Z	1
35148360641	Script Tests 2/5 — fleet/setup/packaging A (shell suites)	completed	cancelled	2026-09-16T20:44:52Z	2026-09-16T20:46:23Z	1
35148360641	NPM payload distribution (endpoint + release pipeline)	completed	cancelled	2026-09-16T20:44:49Z	2026-09-16T20:46:19Z	1
35148360641	Script Tests 4/5 — cmux repair + Lead memory (shell suites)	completed	cancelled	2026-09-16T20:45:08Z	2026-09-16T20:46:40Z	1
35148360641	Unit (teamlead 1 of 4)	completed	cancelled	2026-09-16T20:45:16Z	2026-09-16T20:46:10Z	1
35148360641	Script Tests 3/5 — fleet/setup/packaging B (shell suites)	completed	cancelled	2026-09-16T20:44:46Z	2026-09-16T20:45:20Z	1
35148360641	Unit (teamlead 3 of 4)	completed	cancelled	2026-09-16T20:44:46Z	2026-09-16T20:45:20Z	1
35148360641	Unit (light)	completed	cancelled	2026-09-16T20:44:46Z	2026-09-16T20:45:21Z	1
35148360641	Unit (teamlead 4 of 4)	completed	cancelled	2026-09-16T20:45:10Z	2026-09-16T20:45:53Z	1
35148360641	Unit (heavy)	completed	cancelled	2026-09-16T20:44:46Z	2026-09-16T20:45:20Z	1
35148360641	Unit (observation performance)	completed	cancelled	2026-09-16T20:44:46Z	2026-09-16T20:45:20Z	1
35148360641	Unit (teamlead 2 of 4)	completed	cancelled	2026-09-16T20:44:46Z	2026-09-16T20:45:20Z	1
35148360641	CI OK	completed	cancelled	2026-09-16T20:46:41Z	2026-09-16T20:46:40Z	1
35148076676	Classify CI scope	completed	success	2026-09-16T20:41:41Z	2026-09-16T20:42:00Z	1
35148076676	Quick Gate (build + typecheck + lint)	completed	success	2026-09-16T20:41:41Z	2026-09-16T20:47:00Z	1
35148076676	Script Tests 4/5 — cmux repair + Lead memory (shell suites)	completed	success	2026-09-16T20:42:02Z	2026-09-16T20:49:47Z	1
35148076676	Script Tests 5/5 — Lead memory remote sync	completed	success	2026-09-16T20:42:03Z	2026-09-16T20:55:00Z	1
35148076676	Script Tests 2/5 — fleet/setup/packaging A (shell suites)	completed	success	2026-09-16T20:43:14Z	2026-09-16T20:59:16Z	1
35148076676	Script Tests 1/5 — session/lifecycle (shell suites)	completed	success	2026-09-16T20:42:02Z	2026-09-16T20:54:08Z	1
35148076676	NPM payload distribution (endpoint + release pipeline)	completed	success	2026-09-16T20:42:03Z	2026-09-16T20:45:08Z	1
35148076676	Unit (observation performance)	completed	success	2026-09-16T20:42:04Z	2026-09-16T20:45:06Z	1
35148076676	Unit (teamlead 1 of 4)	completed	success	2026-09-16T20:42:11Z	2026-09-16T20:51:25Z	1
35148076676	Unit (teamlead 4 of 4)	completed	success	2026-09-16T20:42:03Z	2026-09-16T20:53:58Z	1
35148076676	Unit (light)	completed	success	2026-09-16T20:42:03Z	2026-09-16T20:45:14Z	1
35148076676	Script Tests 3/5 — fleet/setup/packaging B (shell suites)	completed	success	2026-09-16T20:43:33Z	2026-09-16T20:58:02Z	1
35148076676	Unit (teamlead 2 of 4)	completed	success	2026-09-16T20:42:39Z	2026-09-16T20:55:01Z	1
35148076676	Unit (teamlead 3 of 4)	completed	success	2026-09-16T20:42:44Z	2026-09-16T20:54:58Z	1
35148076676	Unit (heavy)	completed	success	2026-09-16T20:43:02Z	2026-09-16T20:53:26Z	1
35148076676	CI OK	completed	success	2026-09-16T20:59:18Z	2026-09-16T20:59:21Z	1
35147388796	Quick Gate (build + typecheck + lint)	completed	success	2026-09-16T20:36:13Z	2026-09-16T20:41:29Z	1
35147388796	Classify CI scope	completed	success	2026-09-16T20:35:57Z	2026-09-16T20:36:17Z	1
35147388796	Script Tests 4/5 — cmux repair + Lead memory (shell suites)	completed	success	2026-09-16T20:36:35Z	2026-09-16T20:47:03Z	1
35147388796	Script Tests 3/5 — fleet/setup/packaging B (shell suites)	completed	success	2026-09-16T20:37:21Z	2026-09-16T20:53:07Z	1
35147388796	Script Tests 1/5 — session/lifecycle (shell suites)	completed	success	2026-09-16T20:36:30Z	2026-09-16T20:48:05Z	1
35147388796	Script Tests 5/5 — Lead memory remote sync	completed	success	2026-09-16T20:37:35Z	2026-09-16T20:49:50Z	1
35147388796	Unit (teamlead 3 of 4)	completed	success	2026-09-16T20:36:32Z	2026-09-16T20:47:56Z	1
35147388796	Unit (teamlead 2 of 4)	completed	success	2026-09-16T20:36:19Z	2026-09-16T20:44:10Z	1
35147388796	Unit (teamlead 4 of 4)	completed	success	2026-09-16T20:37:24Z	2026-09-16T20:49:25Z	1
35147388796	NPM payload distribution (endpoint + release pipeline)	completed	success	2026-09-16T20:38:44Z	2026-09-16T20:41:55Z	1
35147388796	Script Tests 2/5 — fleet/setup/packaging A (shell suites)	completed	success	2026-09-16T20:38:41Z	2026-09-16T20:55:01Z	1
35147388796	Unit (observation performance)	completed	success	2026-09-16T20:38:19Z	2026-09-16T20:41:09Z	1
35147388796	Unit (heavy)	completed	success	2026-09-16T20:38:48Z	2026-09-16T20:49:35Z	1
35147388796	Unit (light)	completed	success	2026-09-16T20:36:56Z	2026-09-16T20:41:01Z	1
35147388796	Unit (teamlead 1 of 4)	completed	success	2026-09-16T20:38:57Z	2026-09-16T20:49:26Z	1
35147388796	CI OK	completed	success	2026-09-16T20:55:04Z	2026-09-16T20:55:06Z	1
35147247182	Classify CI scope	completed	success	2026-09-16T20:34:20Z	2026-09-16T20:34:39Z	1
35147247182	Quick Gate (build + typecheck + lint)	completed	success	2026-09-16T20:34:22Z	2026-09-16T20:38:17Z	1
35147247182	Script Tests 2/5 — fleet/setup/packaging A (shell suites)	completed	success	2026-09-16T20:34:41Z	2026-09-16T20:51:03Z	1
35147247182	Script Tests 1/5 — session/lifecycle (shell suites)	completed	success	2026-09-16T20:34:42Z	2026-09-16T20:47:16Z	1
35147247182	Script Tests 4/5 — cmux repair + Lead memory (shell suites)	completed	success	2026-09-16T20:34:42Z	2026-09-16T20:44:10Z	1
35147247182	Script Tests 5/5 — Lead memory remote sync	completed	success	2026-09-16T20:35:05Z	2026-09-16T20:46:56Z	1
35147247182	Script Tests 3/5 — fleet/setup/packaging B (shell suites)	completed	success	2026-09-16T20:35:15Z	2026-09-16T20:49:35Z	1
35147247182	NPM payload distribution (endpoint + release pipeline)	completed	success	2026-09-16T20:35:15Z	2026-09-16T20:38:38Z	1
35147247182	Unit (teamlead 1 of 4)	completed	success	2026-09-16T20:35:13Z	2026-09-16T20:50:03Z	1
35147247182	Unit (heavy)	completed	success	2026-09-16T20:35:17Z	2026-09-16T20:45:56Z	1
35147247182	Unit (light)	completed	success	2026-09-16T20:35:07Z	2026-09-16T20:39:18Z	1
35147247182	Unit (teamlead 3 of 4)	completed	success	2026-09-16T20:35:45Z	2026-09-16T20:47:43Z	1
35147247182	Unit (observation performance)	completed	success	2026-09-16T20:35:51Z	2026-09-16T20:38:41Z	1
35147247182	Unit (teamlead 2 of 4)	completed	success	2026-09-16T20:35:42Z	2026-09-16T20:46:54Z	1
35147247182	Unit (teamlead 4 of 4)	completed	success	2026-09-16T20:35:19Z	2026-09-16T20:47:31Z	1
35147247182	CI OK	completed	success	2026-09-16T20:51:05Z	2026-09-16T20:51:08Z	1
35147117917	Quick Gate (build + typecheck + lint)	completed	failure	2026-09-16T20:32:07Z	2026-09-16T20:36:11Z	1
35147117917	Classify CI scope	completed	success	2026-09-16T20:32:07Z	2026-09-16T20:32:24Z	1
35147117917	Script Tests 1/5 — session/lifecycle (shell suites)	completed	success	2026-09-16T20:32:26Z	2026-09-16T20:43:12Z	1
35147117917	NPM payload distribution (endpoint + release pipeline)	completed	success	2026-09-16T20:32:26Z	2026-09-16T20:35:40Z	1
35147117917	Script Tests 5/5 — Lead memory remote sync	completed	success	2026-09-16T20:32:26Z	2026-09-16T20:43:31Z	1
35147117917	Script Tests 2/5 — fleet/setup/packaging A (shell suites)	completed	cancelled	2026-09-16T20:32:26Z	2026-09-16T20:48:30Z	1
35147117917	Unit (teamlead 3 of 4)	completed	failure	2026-09-16T20:32:26Z	2026-09-16T20:44:50Z	1
35147117917	Script Tests 4/5 — cmux repair + Lead memory (shell suites)	completed	success	2026-09-16T20:32:27Z	2026-09-16T20:42:37Z	1
35147117917	Unit (heavy)	completed	success	2026-09-16T20:32:26Z	2026-09-16T20:42:09Z	1
35147117917	Unit (teamlead 2 of 4)	completed	failure	2026-09-16T20:32:26Z	2026-09-16T20:44:45Z	1
35147117917	Unit (teamlead 1 of 4)	completed	failure	2026-09-16T20:32:26Z	2026-09-16T20:46:04Z	1
35147117917	Unit (light)	completed	success	2026-09-16T20:32:26Z	2026-09-16T20:37:19Z	1
35147117917	Script Tests 3/5 — fleet/setup/packaging B (shell suites)	completed	success	2026-09-16T20:32:32Z	2026-09-16T20:47:17Z	1
35147117917	Unit (observation performance)	completed	success	2026-09-16T20:34:00Z	2026-09-16T20:36:29Z	1
35147117917	Unit (teamlead 4 of 4)	completed	cancelled	2026-09-16T20:34:05Z	2026-09-16T20:48:00Z	1
35147117917	CI OK	completed	cancelled	2026-09-16T20:48:31Z	2026-09-16T20:48:30Z	1
35146535556	Classify CI scope	completed	success	2026-09-16T20:26:20Z	2026-09-16T20:26:43Z	1
35146535556	Quick Gate (build + typecheck + lint)	completed	success	2026-09-16T20:26:20Z	2026-09-16T20:31:56Z	1
35146535556	NPM payload distribution (endpoint + release pipeline)	completed	success	2026-09-16T20:26:45Z	2026-09-16T20:29:49Z	1
35146535556	Script Tests 1/5 — session/lifecycle (shell suites)	completed	success	2026-09-16T20:26:45Z	2026-09-16T20:40:27Z	1
35146535556	Script Tests 5/5 — Lead memory remote sync	completed	success	2026-09-16T20:26:45Z	2026-09-16T20:39:11Z	1
35146535556	Script Tests 4/5 — cmux repair + Lead memory (shell suites)	completed	success	2026-09-16T20:26:48Z	2026-09-16T20:36:53Z	1
35146535556	Script Tests 2/5 — fleet/setup/packaging A (shell suites)	completed	success	2026-09-16T20:26:45Z	2026-09-16T20:43:00Z	1
35146535556	Script Tests 3/5 — fleet/setup/packaging B (shell suites)	completed	success	2026-09-16T20:26:47Z	2026-09-16T20:42:42Z	1
35146535556	Unit (teamlead 3 of 4)	completed	success	2026-09-16T20:26:47Z	2026-09-16T20:38:55Z	1
35146535556	Unit (teamlead 4 of 4)	completed	success	2026-09-16T20:26:46Z	2026-09-16T20:38:40Z	1
35146535556	Unit (teamlead 1 of 4)	completed	success	2026-09-16T20:26:46Z	2026-09-16T20:40:02Z	1
35146535556	Unit (teamlead 2 of 4)	completed	success	2026-09-16T20:26:45Z	2026-09-16T20:37:31Z	1
35146535556	Unit (heavy)	completed	success	2026-09-16T20:26:45Z	2026-09-16T20:34:20Z	1
35146535556	Unit (light)	completed	success	2026-09-16T20:26:46Z	2026-09-16T20:31:07Z	1
35146535556	Unit (observation performance)	completed	success	2026-09-16T20:26:45Z	2026-09-16T20:29:25Z	1
35146535556	CI OK	completed	success	2026-09-16T20:44:12Z	2026-09-16T20:44:14Z	1
35146373455	Quick Gate (build + typecheck + lint)	completed	success	2026-09-16T20:24:34Z	2026-09-16T20:29:29Z	1
35146373455	Classify CI scope	completed	success	2026-09-16T20:24:34Z	2026-09-16T20:24:55Z	1
35146373455	NPM payload distribution (endpoint + release pipeline)	completed	success	2026-09-16T20:24:57Z	2026-09-16T20:28:07Z	1
35146373455	Script Tests 2/5 — fleet/setup/packaging A (shell suites)	completed	cancelled	2026-09-16T20:24:58Z	2026-09-16T20:35:14Z	1
35146373455	Script Tests 1/5 — session/lifecycle (shell suites)	completed	cancelled	2026-09-16T20:24:57Z	2026-09-16T20:35:12Z	1
35146373455	Script Tests 4/5 — cmux repair + Lead memory (shell suites)	completed	cancelled	2026-09-16T20:24:58Z	2026-09-16T20:35:05Z	1
35146373455	Script Tests 3/5 — fleet/setup/packaging B (shell suites)	completed	cancelled	2026-09-16T20:24:57Z	2026-09-16T20:35:13Z	1
35146373455	Script Tests 5/5 — Lead memory remote sync	completed	cancelled	2026-09-16T20:24:57Z	2026-09-16T20:35:14Z	1
35146373455	Unit (teamlead 3 of 4)	completed	cancelled	2026-09-16T20:24:57Z	2026-09-16T20:35:14Z	1
35146373455	Unit (teamlead 1 of 4)	completed	cancelled	2026-09-16T20:24:57Z	2026-09-16T20:35:53Z	1
35146373455	Unit (observation performance)	completed	failure	2026-09-16T20:24:57Z	2026-09-16T20:27:31Z	1
35146373455	Unit (heavy)	completed	cancelled	2026-09-16T20:24:57Z	2026-09-16T20:35:03Z	1
35146373455	Unit (teamlead 4 of 4)	completed	cancelled	2026-09-16T20:24:59Z	2026-09-16T20:35:17Z	1
35146373455	Unit (light)	completed	success	2026-09-16T20:24:59Z	2026-09-16T20:29:05Z	1
35146373455	Unit (teamlead 2 of 4)	completed	cancelled	2026-09-16T20:24:57Z	2026-09-16T20:35:43Z	1
35146373455	CI OK	completed	cancelled	2026-09-16T20:35:54Z	2026-09-16T20:35:53Z	1
35145517888	Classify CI scope	completed	failure	2026-09-16T20:17:09Z	2026-09-16T20:17:11Z	1
35145517888	Quick Gate (build + typecheck + lint)	completed	failure	2026-09-16T20:17:09Z	2026-09-16T20:17:11Z	1
35145517888	CI OK	completed	failure	2026-09-16T20:17:12Z	2026-09-16T20:17:14Z	1
35145517888	Script Tests 3/5 — fleet/setup/packaging B (shell suites)	completed	skipped	2026-09-16T20:17:12Z	2026-09-16T20:17:12Z	1
35145517888	NPM payload distribution (endpoint + release pipeline)	completed	skipped	2026-09-16T20:17:12Z	2026-09-16T20:17:12Z	1
35145517888	Unit (${{ matrix.name }})	completed	skipped	2026-09-16T20:17:12Z	2026-09-16T20:17:12Z	1
35145517888	Script Tests 2/5 — fleet/setup/packaging A (shell suites)	completed	skipped	2026-09-16T20:17:12Z	2026-09-16T20:17:12Z	1
35145517888	Script Tests 1/5 — session/lifecycle (shell suites)	completed	skipped	2026-09-16T20:17:12Z	2026-09-16T20:17:12Z	1
35145517888	Script Tests 4/5 — cmux repair + Lead memory (shell suites)	completed	skipped	2026-09-16T20:17:12Z	2026-09-16T20:17:12Z	1
35145517888	Script Tests 5/5 — Lead memory remote sync	completed	skipped	2026-09-16T20:17:12Z	2026-09-16T20:17:12Z	1
35145517888	Classify CI scope	completed	success	2026-09-16T20:22:56Z	2026-09-16T20:23:15Z	2
35145517888	Quick Gate (build + typecheck + lint)	completed	failure	2026-09-16T20:22:55Z	2026-09-16T20:17:11Z	2
35145517888	Script Tests 4/5 — cmux repair + Lead memory (shell suites)	completed	success	2026-09-16T20:23:17Z	2026-09-16T20:32:30Z	2
35145517888	Script Tests 2/5 — fleet/setup/packaging A (shell suites)	completed	success	2026-09-16T20:23:18Z	2026-09-16T20:36:30Z	2
35145517888	Script Tests 3/5 — fleet/setup/packaging B (shell suites)	completed	success	2026-09-16T20:23:17Z	2026-09-16T20:37:23Z	2
35145517888	Script Tests 1/5 — session/lifecycle (shell suites)	completed	success	2026-09-16T20:23:18Z	2026-09-16T20:34:18Z	2
35145517888	Script Tests 5/5 — Lead memory remote sync	completed	success	2026-09-16T20:23:17Z	2026-09-16T20:33:58Z	2
35145517888	NPM payload distribution (endpoint + release pipeline)	completed	success	2026-09-16T20:23:19Z	2026-09-16T20:26:27Z	2
35145517888	Unit (light)	completed	success	2026-09-16T20:23:18Z	2026-09-16T20:26:46Z	2
35145517888	Unit (observation performance)	completed	success	2026-09-16T20:23:17Z	2026-09-16T20:25:35Z	2
35145517888	Unit (teamlead 1 of 4)	completed	success	2026-09-16T20:23:18Z	2026-09-16T20:36:34Z	2
35145517888	Unit (teamlead 2 of 4)	completed	success	2026-09-16T20:23:17Z	2026-09-16T20:34:40Z	2
35145517888	Unit (heavy)	completed	failure	2026-09-16T20:23:19Z	2026-09-16T20:34:03Z	2
35145517888	Unit (teamlead 3 of 4)	completed	success	2026-09-16T20:23:18Z	2026-09-16T20:30:52Z	2
35145517888	Unit (teamlead 4 of 4)	completed	success	2026-09-16T20:23:17Z	2026-09-16T20:34:33Z	2
35145517888	CI OK	completed	failure	2026-09-16T20:38:42Z	2026-09-16T20:38:46Z	2
35145286111	Classify CI scope	completed	failure	2026-09-16T20:13:48Z	2026-09-16T20:13:51Z	1
35145286111	Quick Gate (build + typecheck + lint)	completed	failure	2026-09-16T20:13:48Z	2026-09-16T20:13:51Z	1
35145286111	CI OK	completed	failure	2026-09-16T20:13:51Z	2026-09-16T20:13:54Z	1
35145286111	NPM payload distribution (endpoint + release pipeline)	completed	skipped	2026-09-16T20:13:51Z	2026-09-16T20:13:51Z	1
35145286111	Script Tests 2/5 — fleet/setup/packaging A (shell suites)	completed	skipped	2026-09-16T20:13:51Z	2026-09-16T20:13:51Z	1
35145286111	Unit (${{ matrix.name }})	completed	skipped	2026-09-16T20:13:51Z	2026-09-16T20:13:51Z	1
35145286111	Script Tests 5/5 — Lead memory remote sync	completed	skipped	2026-09-16T20:13:52Z	2026-09-16T20:13:51Z	1
35145286111	Script Tests 4/5 — cmux repair + Lead memory (shell suites)	completed	skipped	2026-09-16T20:13:52Z	2026-09-16T20:13:51Z	1
35145286111	Script Tests 1/5 — session/lifecycle (shell suites)	completed	skipped	2026-09-16T20:13:52Z	2026-09-16T20:13:51Z	1
35145286111	Script Tests 3/5 — fleet/setup/packaging B (shell suites)	completed	skipped	2026-09-16T20:13:52Z	2026-09-16T20:13:51Z	1
35144293026	Quick Gate (build + typecheck + lint)	completed	success	2026-09-16T20:04:02Z	2026-09-16T20:09:01Z	1
35144293026	Classify CI scope	completed	success	2026-09-16T20:04:02Z	2026-09-16T20:04:20Z	1
35144293026	Script Tests 4/5 — cmux repair + Lead memory (shell suites)	completed	success	2026-09-16T20:04:23Z	2026-09-16T20:12:37Z	1
35144293026	Script Tests 2/5 — fleet/setup/packaging A (shell suites)	completed	cancelled	2026-09-16T20:04:22Z	2026-09-16T20:17:00Z	1
35144293026	Script Tests 1/5 — session/lifecycle (shell suites)	completed	cancelled	2026-09-16T20:04:22Z	2026-09-16T20:16:20Z	1
35144293026	Script Tests 5/5 — Lead memory remote sync	completed	cancelled	2026-09-16T20:04:22Z	2026-09-16T20:16:23Z	1
35144293026	Script Tests 3/5 — fleet/setup/packaging B (shell suites)	completed	cancelled	2026-09-16T20:04:22Z	2026-09-16T20:16:57Z	1
35144293026	Unit (heavy)	completed	success	2026-09-16T20:04:22Z	2026-09-16T20:14:35Z	1
35144293026	Unit (teamlead 1 of 4)	completed	cancelled	2026-09-16T20:04:22Z	2026-09-16T20:17:08Z	1
35144293026	Unit (teamlead 4 of 4)	completed	success	2026-09-16T20:04:22Z	2026-09-16T20:13:35Z	1
35144293026	Unit (observation performance)	completed	success	2026-09-16T20:04:22Z	2026-09-16T20:06:48Z	1
35144293026	Unit (teamlead 3 of 4)	completed	success	2026-09-16T20:04:22Z	2026-09-16T20:12:48Z	1
35144293026	Unit (teamlead 2 of 4)	completed	success	2026-09-16T20:04:23Z	2026-09-16T20:14:43Z	1
35144293026	NPM payload distribution (endpoint + release pipeline)	completed	success	2026-09-16T20:04:23Z	2026-09-16T20:07:27Z	1
35144293026	Unit (light)	completed	success	2026-09-16T20:04:23Z	2026-09-16T20:08:34Z	1
35144293026	CI OK	completed	cancelled	2026-09-16T20:17:09Z	2026-09-16T20:17:08Z	1
35142785012	Classify CI scope	completed	success	2026-09-16T19:48:38Z	2026-09-16T19:48:55Z	1
35142785012	Quick Gate (build + typecheck + lint)	completed	failure	2026-09-16T19:48:38Z	2026-09-16T19:51:32Z	1
35142785012	Script Tests 3/5 — fleet/setup/packaging B (shell suites)	completed	success	2026-09-16T19:48:58Z	2026-09-16T20:04:32Z	1
35142785012	Script Tests 1/5 — session/lifecycle (shell suites)	completed	success	2026-09-16T19:48:57Z	2026-09-16T20:00:58Z	1
35142785012	Script Tests 2/5 — fleet/setup/packaging A (shell suites)	completed	success	2026-09-16T19:48:58Z	2026-09-16T20:04:13Z	1
35142785012	Script Tests 4/5 — cmux repair + Lead memory (shell suites)	completed	success	2026-09-16T19:48:58Z	2026-09-16T19:58:59Z	1
35142785012	NPM payload distribution (endpoint + release pipeline)	completed	success	2026-09-16T19:48:57Z	2026-09-16T19:52:03Z	1
35142785012	Script Tests 5/5 — Lead memory remote sync	completed	success	2026-09-16T19:48:57Z	2026-09-16T20:00:54Z	1
35142785012	Unit (teamlead 3 of 4)	completed	failure	2026-09-16T19:48:58Z	2026-09-16T20:00:21Z	1
35142785012	Unit (teamlead 1 of 4)	completed	success	2026-09-16T19:49:00Z	2026-09-16T20:01:42Z	1
35142785012	Unit (teamlead 4 of 4)	completed	success	2026-09-16T19:48:59Z	2026-09-16T20:00:35Z	1
35142785012	Unit (teamlead 2 of 4)	completed	success	2026-09-16T19:48:58Z	2026-09-16T19:58:42Z	1
35142785012	Unit (heavy)	completed	success	2026-09-16T19:48:58Z	2026-09-16T19:59:32Z	1
35142785012	Unit (observation performance)	completed	success	2026-09-16T19:48:58Z	2026-09-16T19:51:06Z	1
35142785012	Unit (light)	completed	success	2026-09-16T19:48:58Z	2026-09-16T19:53:02Z	1
35142785012	CI OK	completed	failure	2026-09-16T20:04:32Z	2026-09-16T20:04:35Z	1
35142642031	Classify CI scope	completed	success	2026-09-16T19:47:13Z	2026-09-16T19:47:32Z	1
35142642031	Quick Gate (build + typecheck + lint)	completed	success	2026-09-16T19:47:13Z	2026-09-16T19:52:27Z	1
35142642031	Script Tests 5/5 — Lead memory remote sync	completed	success	2026-09-16T19:47:34Z	2026-09-16T19:59:48Z	1
35142642031	Script Tests 1/5 — session/lifecycle (shell suites)	completed	success	2026-09-16T19:47:34Z	2026-09-16T19:59:56Z	1
35142642031	Script Tests 3/5 — fleet/setup/packaging B (shell suites)	completed	success	2026-09-16T19:47:34Z	2026-09-16T20:02:08Z	1
35142642031	Script Tests 4/5 — cmux repair + Lead memory (shell suites)	completed	success	2026-09-16T19:47:34Z	2026-09-16T19:57:38Z	1
35142642031	Script Tests 2/5 — fleet/setup/packaging A (shell suites)	completed	success	2026-09-16T19:47:34Z	2026-09-16T20:03:00Z	1
35142642031	Unit (heavy)	completed	success	2026-09-16T19:47:35Z	2026-09-16T19:58:11Z	1
35142642031	Unit (teamlead 1 of 4)	completed	success	2026-09-16T19:47:34Z	2026-09-16T19:58:17Z	1
35142642031	NPM payload distribution (endpoint + release pipeline)	completed	success	2026-09-16T19:47:34Z	2026-09-16T19:50:34Z	1
35142642031	Unit (teamlead 4 of 4)	completed	success	2026-09-16T19:47:34Z	2026-09-16T19:59:20Z	1
35142642031	Unit (light)	completed	success	2026-09-16T19:47:34Z	2026-09-16T19:51:03Z	1
35142642031	Unit (teamlead 3 of 4)	completed	success	2026-09-16T19:47:34Z	2026-09-16T19:57:38Z	1
35142642031	Unit (observation performance)	completed	success	2026-09-16T19:47:34Z	2026-09-16T19:50:01Z	1
35142642031	Unit (teamlead 2 of 4)	completed	success	2026-09-16T19:47:35Z	2026-09-16T19:57:57Z	1
35142642031	CI OK	completed	success	2026-09-16T20:03:04Z	2026-09-16T20:03:07Z	1
35140999342	Classify CI scope	completed	success	2026-09-16T19:32:15Z	2026-09-16T19:32:32Z	1
35140999342	Quick Gate (build + typecheck + lint)	completed	success	2026-09-16T19:32:15Z	2026-09-16T19:36:36Z	1
35140999342	Script Tests 2/5 — fleet/setup/packaging A (shell suites)	completed	success	2026-09-16T19:32:35Z	2026-09-16T19:47:59Z	1
35140999342	Script Tests 3/5 — fleet/setup/packaging B (shell suites)	completed	success	2026-09-16T19:32:34Z	2026-09-16T19:48:08Z	1
35140999342	Script Tests 1/5 — session/lifecycle (shell suites)	completed	success	2026-09-16T19:32:34Z	2026-09-16T19:42:25Z	1
35140999342	Script Tests 5/5 — Lead memory remote sync	completed	success	2026-09-16T19:32:34Z	2026-09-16T19:44:59Z	1
35140999342	Script Tests 4/5 — cmux repair + Lead memory (shell suites)	completed	success	2026-09-16T19:32:34Z	2026-09-16T19:42:35Z	1
35140999342	NPM payload distribution (endpoint + release pipeline)	completed	success	2026-09-16T19:32:36Z	2026-09-16T19:35:39Z	1
35140999342	Unit (heavy)	completed	success	2026-09-16T19:32:35Z	2026-09-16T19:42:55Z	1
35140999342	Unit (observation performance)	completed	success	2026-09-16T19:32:34Z	2026-09-16T19:35:17Z	1
35140999342	Unit (teamlead 3 of 4)	completed	success	2026-09-16T19:32:34Z	2026-09-16T19:43:02Z	1
35140999342	Unit (teamlead 2 of 4)	completed	success	2026-09-16T19:32:34Z	2026-09-16T19:43:18Z	1
35140999342	Unit (teamlead 1 of 4)	completed	success	2026-09-16T19:32:34Z	2026-09-16T19:45:09Z	1
35140999342	Unit (teamlead 4 of 4)	completed	failure	2026-09-16T19:32:37Z	2026-09-16T19:43:59Z	1
35140999342	Unit (light)	completed	success	2026-09-16T19:32:34Z	2026-09-16T19:36:06Z	1
35140999342	CI OK	completed	failure	2026-09-16T19:48:10Z	2026-09-16T19:48:14Z	1
35140387972	Quick Gate (build + typecheck + lint)	completed	success	2026-09-16T19:24:41Z	2026-09-16T19:29:39Z	1
35140387972	Classify CI scope	completed	success	2026-09-16T19:24:41Z	2026-09-16T19:25:02Z	1
35140387972	Script Tests 3/5 — fleet/setup/packaging B (shell suites)	completed	skipped	2026-09-16T19:25:02Z	2026-09-16T19:25:02Z	1
35140387972	Unit (${{ matrix.name }})	completed	skipped	2026-09-16T19:25:02Z	2026-09-16T19:25:02Z	1
35140387972	Script Tests 4/5 — cmux repair + Lead memory (shell suites)	completed	skipped	2026-09-16T19:25:02Z	2026-09-16T19:25:02Z	1
35140387972	Script Tests 2/5 — fleet/setup/packaging A (shell suites)	completed	skipped	2026-09-16T19:25:03Z	2026-09-16T19:25:02Z	1
35140387972	Script Tests 1/5 — session/lifecycle (shell suites)	completed	skipped	2026-09-16T19:25:03Z	2026-09-16T19:25:02Z	1
35140387972	Script Tests 5/5 — Lead memory remote sync	completed	skipped	2026-09-16T19:25:03Z	2026-09-16T19:25:02Z	1
35140387972	NPM payload distribution (endpoint + release pipeline)	completed	skipped	2026-09-16T19:25:03Z	2026-09-16T19:25:02Z	1
35140387972	CI OK	completed	success	2026-09-16T19:29:44Z	2026-09-16T19:29:48Z	1
35140191455	Quick Gate (build + typecheck + lint)	completed	success	2026-09-16T19:22:46Z	2026-09-16T19:26:12Z	1
35140191455	Classify CI scope	completed	success	2026-09-16T19:22:46Z	2026-09-16T19:23:03Z	1
35140191455	NPM payload distribution (endpoint + release pipeline)	completed	success	2026-09-16T19:23:07Z	2026-09-16T19:26:16Z	1
35140191455	Script Tests 3/5 — fleet/setup/packaging B (shell suites)	completed	cancelled	2026-09-16T19:23:06Z	2026-09-16T19:32:08Z	1
35140191455	Script Tests 1/5 — session/lifecycle (shell suites)	completed	cancelled	2026-09-16T19:23:06Z	2026-09-16T19:32:07Z	1
35140191455	Unit (teamlead 2 of 4)	completed	cancelled	2026-09-16T19:23:06Z	2026-09-16T19:32:09Z	1
35140191455	Unit (observation performance)	completed	failure	2026-09-16T19:23:06Z	2026-09-16T19:25:36Z	1
35140191455	Unit (light)	completed	success	2026-09-16T19:24:11Z	2026-09-16T19:28:20Z	1
35140191455	Script Tests 2/5 — fleet/setup/packaging A (shell suites)	completed	cancelled	2026-09-16T19:23:07Z	2026-09-16T19:32:06Z	1
35140191455	Unit (teamlead 4 of 4)	completed	cancelled	2026-09-16T19:23:42Z	2026-09-16T19:31:27Z	1
35140191455	Script Tests 4/5 — cmux repair + Lead memory (shell suites)	completed	cancelled	2026-09-16T19:23:06Z	2026-09-16T19:32:08Z	1
35140191455	Unit (teamlead 3 of 4)	completed	cancelled	2026-09-16T19:23:07Z	2026-09-16T19:32:12Z	1
35140191455	Unit (heavy)	completed	cancelled	2026-09-16T19:23:06Z	2026-09-16T19:32:08Z	1
35140191455	Script Tests 5/5 — Lead memory remote sync	completed	cancelled	2026-09-16T19:24:00Z	2026-09-16T19:31:47Z	1
35140191455	Unit (teamlead 1 of 4)	completed	cancelled	2026-09-16T19:23:07Z	2026-09-16T19:32:10Z	1
35140191455	CI OK	completed	cancelled	2026-09-16T19:32:13Z	2026-09-16T19:32:12Z	1
35140038566	Classify CI scope	completed	success	2026-09-16T19:21:14Z	2026-09-16T19:21:30Z	1
35140038566	Quick Gate (build + typecheck + lint)	completed	success	2026-09-16T19:21:14Z	2026-09-16T19:26:18Z	1
35140038566	Script Tests 3/5 — fleet/setup/packaging B (shell suites)	completed	success	2026-09-16T19:21:32Z	2026-09-16T19:37:22Z	1
35140038566	Script Tests 4/5 — cmux repair + Lead memory (shell suites)	completed	success	2026-09-16T19:21:32Z	2026-09-16T19:31:16Z	1
35140038566	Script Tests 2/5 — fleet/setup/packaging A (shell suites)	completed	success	2026-09-16T19:21:33Z	2026-09-16T19:36:50Z	1
35140038566	Script Tests 5/5 — Lead memory remote sync	completed	success	2026-09-16T19:21:32Z	2026-09-16T19:33:43Z	1
35140038566	Script Tests 1/5 — session/lifecycle (shell suites)	completed	success	2026-09-16T19:21:32Z	2026-09-16T19:34:07Z	1
35140038566	Unit (teamlead 3 of 4)	completed	success	2026-09-16T19:21:33Z	2026-09-16T19:33:38Z	1
35140038566	Unit (teamlead 4 of 4)	completed	success	2026-09-16T19:21:33Z	2026-09-16T19:33:06Z	1
35140038566	Unit (heavy)	completed	success	2026-09-16T19:21:33Z	2026-09-16T19:31:53Z	1
35140038566	Unit (teamlead 1 of 4)	completed	success	2026-09-16T19:21:33Z	2026-09-16T19:34:47Z	1
35140038566	NPM payload distribution (endpoint + release pipeline)	completed	success	2026-09-16T19:21:33Z	2026-09-16T19:24:33Z	1
35140038566	Unit (light)	completed	success	2026-09-16T19:21:33Z	2026-09-16T19:25:54Z	1
35140038566	Unit (teamlead 2 of 4)	completed	success	2026-09-16T19:21:33Z	2026-09-16T19:33:32Z	1
35140038566	Unit (observation performance)	completed	failure	2026-09-16T19:21:33Z	2026-09-16T19:24:09Z	1
35140038566	CI OK	completed	failure	2026-09-16T19:37:26Z	2026-09-16T19:37:31Z	1
35140038566	Quick Gate (build + typecheck + lint)	completed	success	2026-09-16T19:21:14Z	2026-09-16T19:26:18Z	2
35140038566	Unit (observation performance)	completed	failure	2026-09-16T19:38:19Z	2026-09-16T19:41:03Z	2
35140038566	Script Tests 3/5 — fleet/setup/packaging B (shell suites)	completed	success	2026-09-16T19:21:32Z	2026-09-16T19:37:22Z	2
35140038566	NPM payload distribution (endpoint + release pipeline)	completed	success	2026-09-16T19:21:33Z	2026-09-16T19:24:33Z	2
35140038566	Unit (teamlead 1 of 4)	completed	success	2026-09-16T19:21:33Z	2026-09-16T19:34:47Z	2
35140038566	Unit (teamlead 4 of 4)	completed	success	2026-09-16T19:21:33Z	2026-09-16T19:33:06Z	2
35140038566	Unit (teamlead 3 of 4)	completed	success	2026-09-16T19:21:33Z	2026-09-16T19:33:38Z	2
35140038566	Script Tests 1/5 — session/lifecycle (shell suites)	completed	success	2026-09-16T19:21:32Z	2026-09-16T19:34:07Z	2
35140038566	Unit (teamlead 2 of 4)	completed	success	2026-09-16T19:21:33Z	2026-09-16T19:33:32Z	2
35140038566	Script Tests 4/5 — cmux repair + Lead memory (shell suites)	completed	success	2026-09-16T19:21:32Z	2026-09-16T19:31:16Z	2
35140038566	Unit (heavy)	completed	success	2026-09-16T19:21:33Z	2026-09-16T19:31:53Z	2
35140038566	Script Tests 5/5 — Lead memory remote sync	completed	success	2026-09-16T19:21:32Z	2026-09-16T19:33:43Z	2
35140038566	Unit (light)	completed	success	2026-09-16T19:21:33Z	2026-09-16T19:25:54Z	2
35140038566	Script Tests 2/5 — fleet/setup/packaging A (shell suites)	completed	success	2026-09-16T19:21:33Z	2026-09-16T19:36:50Z	2
35140038566	Classify CI scope	completed	success	2026-09-16T19:21:14Z	2026-09-16T19:21:30Z	2
35140038566	CI OK	completed	failure	2026-09-16T19:41:05Z	2026-09-16T19:41:08Z	2
35140007235	Classify CI scope	completed	success	2026-09-16T19:20:56Z	2026-09-16T19:21:12Z	1
35140007235	Quick Gate (build + typecheck + lint)	completed	success	2026-09-16T19:20:56Z	2026-09-16T19:27:56Z	1
35140007235	Script Tests 1/5 — session/lifecycle (shell suites)	completed	success	2026-09-16T19:21:14Z	2026-09-16T19:33:16Z	1
35140007235	Script Tests 3/5 — fleet/setup/packaging B (shell suites)	completed	success	2026-09-16T19:21:14Z	2026-09-16T19:34:47Z	1
35140007235	Script Tests 2/5 — fleet/setup/packaging A (shell suites)	completed	success	2026-09-16T19:21:15Z	2026-09-16T19:36:48Z	1
35140007235	Script Tests 4/5 — cmux repair + Lead memory (shell suites)	completed	success	2026-09-16T19:21:14Z	2026-09-16T19:31:41Z	1
35140007235	Script Tests 5/5 — Lead memory remote sync	completed	success	2026-09-16T19:21:14Z	2026-09-16T19:33:10Z	1
35140007235	NPM payload distribution (endpoint + release pipeline)	completed	success	2026-09-16T19:21:14Z	2026-09-16T19:24:15Z	1
35140007235	Unit (teamlead 1 of 4)	completed	success	2026-09-16T19:21:14Z	2026-09-16T19:34:30Z	1
35140007235	Unit (teamlead 2 of 4)	completed	success	2026-09-16T19:21:14Z	2026-09-16T19:32:26Z	1
35140007235	Unit (teamlead 4 of 4)	completed	success	2026-09-16T19:21:14Z	2026-09-16T19:33:13Z	1
35140007235	Unit (heavy)	completed	success	2026-09-16T19:21:14Z	2026-09-16T19:31:20Z	1
35140007235	Unit (observation performance)	completed	success	2026-09-16T19:21:14Z	2026-09-16T19:23:58Z	1
35140007235	Unit (teamlead 3 of 4)	completed	success	2026-09-16T19:21:14Z	2026-09-16T19:31:26Z	1
35140007235	Unit (light)	completed	success	2026-09-16T19:21:14Z	2026-09-16T19:25:20Z	1
35140007235	CI OK	completed	success	2026-09-16T19:36:50Z	2026-09-16T19:36:53Z	1
35139592910	Classify CI scope	completed	success	2026-09-16T19:17:26Z	2026-09-16T19:17:46Z	1
35139592910	Quick Gate (build + typecheck + lint)	completed	success	2026-09-16T19:17:26Z	2026-09-16T19:22:24Z	1
35139592910	Script Tests 2/5 — fleet/setup/packaging A (shell suites)	completed	skipped	2026-09-16T19:17:46Z	2026-09-16T19:17:46Z	1
35139592910	Script Tests 3/5 — fleet/setup/packaging B (shell suites)	completed	skipped	2026-09-16T19:17:46Z	2026-09-16T19:17:46Z	1
35139592910	Unit (${{ matrix.name }})	completed	skipped	2026-09-16T19:17:46Z	2026-09-16T19:17:46Z	1
35139592910	Script Tests 1/5 — session/lifecycle (shell suites)	completed	skipped	2026-09-16T19:17:46Z	2026-09-16T19:17:46Z	1
35139592910	Script Tests 5/5 — Lead memory remote sync	completed	skipped	2026-09-16T19:17:46Z	2026-09-16T19:17:46Z	1
35139592910	NPM payload distribution (endpoint + release pipeline)	completed	skipped	2026-09-16T19:17:46Z	2026-09-16T19:17:46Z	1
35139592910	Script Tests 4/5 — cmux repair + Lead memory (shell suites)	completed	skipped	2026-09-16T19:17:46Z	2026-09-16T19:17:46Z	1
35139592910	CI OK	completed	success	2026-09-16T19:22:27Z	2026-09-16T19:22:31Z	1
35139494400	Quick Gate (build + typecheck + lint)	completed	cancelled	2026-09-16T19:15:50Z	2026-09-16T19:17:22Z	1
35139494400	Classify CI scope	completed	success	2026-09-16T19:15:52Z	2026-09-16T19:16:12Z	1
35139494400	Script Tests 3/5 — fleet/setup/packaging B (shell suites)	completed	skipped	2026-09-16T19:16:13Z	2026-09-16T19:16:13Z	1
35139494400	Script Tests 4/5 — cmux repair + Lead memory (shell suites)	completed	skipped	2026-09-16T19:16:13Z	2026-09-16T19:16:13Z	1
35139494400	Script Tests 5/5 — Lead memory remote sync	completed	skipped	2026-09-16T19:16:13Z	2026-09-16T19:16:13Z	1
35139494400	Script Tests 2/5 — fleet/setup/packaging A (shell suites)	completed	skipped	2026-09-16T19:16:13Z	2026-09-16T19:16:13Z	1
35139494400	NPM payload distribution (endpoint + release pipeline)	completed	skipped	2026-09-16T19:16:13Z	2026-09-16T19:16:13Z	1
35139494400	Unit (${{ matrix.name }})	completed	skipped	2026-09-16T19:16:13Z	2026-09-16T19:16:13Z	1
35139494400	Script Tests 1/5 — session/lifecycle (shell suites)	completed	skipped	2026-09-16T19:16:13Z	2026-09-16T19:16:13Z	1
35139494400	CI OK	completed	cancelled	2026-09-16T19:17:23Z	2026-09-16T19:17:23Z	1
35138995723	Classify CI scope	completed	success	2026-09-16T19:11:03Z	2026-09-16T19:11:22Z	1
35138995723	Quick Gate (build + typecheck + lint)	completed	success	2026-09-16T19:11:02Z	2026-09-16T19:15:23Z	1
35138995723	NPM payload distribution (endpoint + release pipeline)	completed	skipped	2026-09-16T19:11:23Z	2026-09-16T19:11:23Z	1
35138995723	Script Tests 2/5 — fleet/setup/packaging A (shell suites)	completed	skipped	2026-09-16T19:11:23Z	2026-09-16T19:11:23Z	1
35138995723	Script Tests 4/5 — cmux repair + Lead memory (shell suites)	completed	skipped	2026-09-16T19:11:23Z	2026-09-16T19:11:23Z	1
35138995723	Unit (${{ matrix.name }})	completed	skipped	2026-09-16T19:11:23Z	2026-09-16T19:11:23Z	1
35138995723	Script Tests 3/5 — fleet/setup/packaging B (shell suites)	completed	skipped	2026-09-16T19:11:23Z	2026-09-16T19:11:23Z	1
35138995723	Script Tests 5/5 — Lead memory remote sync	completed	skipped	2026-09-16T19:11:23Z	2026-09-16T19:11:23Z	1
35138995723	Script Tests 1/5 — session/lifecycle (shell suites)	completed	skipped	2026-09-16T19:11:23Z	2026-09-16T19:11:23Z	1
35138995723	CI OK	completed	success	2026-09-16T19:15:26Z	2026-09-16T19:15:29Z	1
35134814067	Quick Gate (build + typecheck + lint)	completed	success	2026-09-16T18:30:23Z	2026-09-16T18:35:27Z	1
35134814067	Classify CI scope	completed	success	2026-09-16T18:30:35Z	2026-09-16T18:30:54Z	1
35134814067	Script Tests 1/5 — session/lifecycle (shell suites)	completed	success	2026-09-16T18:30:56Z	2026-09-16T18:41:11Z	1
35134814067	Script Tests 5/5 — Lead memory remote sync	completed	failure	2026-09-16T18:30:58Z	2026-09-16T18:36:28Z	1
35134814067	Script Tests 2/5 — fleet/setup/packaging A (shell suites)	completed	success	2026-09-16T18:30:57Z	2026-09-16T18:47:50Z	1
35134814067	Script Tests 3/5 — fleet/setup/packaging B (shell suites)	completed	success	2026-09-16T18:30:56Z	2026-09-16T18:46:50Z	1
35134814067	NPM payload distribution (endpoint + release pipeline)	completed	success	2026-09-16T18:30:56Z	2026-09-16T18:34:02Z	1
35134814067	Script Tests 4/5 — cmux repair + Lead memory (shell suites)	completed	success	2026-09-16T18:30:56Z	2026-09-16T18:40:44Z	1
35134814067	Unit (teamlead 1 of 4)	completed	success	2026-09-16T18:30:56Z	2026-09-16T18:44:24Z	1
35134814067	Unit (observation performance)	completed	success	2026-09-16T18:30:56Z	2026-09-16T18:33:54Z	1
35134814067	Unit (teamlead 4 of 4)	completed	success	2026-09-16T18:30:56Z	2026-09-16T18:42:37Z	1
35134814067	Unit (light)	completed	success	2026-09-16T18:30:56Z	2026-09-16T18:34:34Z	1
35134814067	Unit (teamlead 3 of 4)	completed	success	2026-09-16T18:30:57Z	2026-09-16T18:40:44Z	1
35134814067	Unit (teamlead 2 of 4)	completed	success	2026-09-16T18:30:57Z	2026-09-16T18:42:01Z	1
35134814067	Unit (heavy)	completed	success	2026-09-16T18:30:57Z	2026-09-16T18:40:02Z	1
35134814067	CI OK	completed	failure	2026-09-16T18:47:55Z	2026-09-16T18:48:00Z	1
35134814067	Script Tests 5/5 — Lead memory remote sync	completed	success	2026-09-16T18:48:55Z	2026-09-16T19:01:21Z	2
35134814067	Quick Gate (build + typecheck + lint)	completed	success	2026-09-16T18:30:23Z	2026-09-16T18:35:27Z	2
35134814067	Script Tests 1/5 — session/lifecycle (shell suites)	completed	success	2026-09-16T18:30:56Z	2026-09-16T18:41:11Z	2
35134814067	Script Tests 4/5 — cmux repair + Lead memory (shell suites)	completed	success	2026-09-16T18:30:56Z	2026-09-16T18:40:44Z	2
35134814067	Script Tests 2/5 — fleet/setup/packaging A (shell suites)	completed	success	2026-09-16T18:30:57Z	2026-09-16T18:47:50Z	2
35134814067	Script Tests 3/5 — fleet/setup/packaging B (shell suites)	completed	success	2026-09-16T18:30:56Z	2026-09-16T18:46:50Z	2
35134814067	NPM payload distribution (endpoint + release pipeline)	completed	success	2026-09-16T18:30:56Z	2026-09-16T18:34:02Z	2
35134814067	Unit (teamlead 2 of 4)	completed	success	2026-09-16T18:30:57Z	2026-09-16T18:42:01Z	2
35134814067	Unit (observation performance)	completed	success	2026-09-16T18:30:56Z	2026-09-16T18:33:54Z	2
35134814067	Unit (teamlead 3 of 4)	completed	success	2026-09-16T18:30:57Z	2026-09-16T18:40:44Z	2
35134814067	Unit (teamlead 1 of 4)	completed	success	2026-09-16T18:30:56Z	2026-09-16T18:44:24Z	2
35134814067	Unit (teamlead 4 of 4)	completed	success	2026-09-16T18:30:56Z	2026-09-16T18:42:37Z	2
35134814067	Unit (heavy)	completed	success	2026-09-16T18:30:57Z	2026-09-16T18:40:02Z	2
35134814067	Unit (light)	completed	success	2026-09-16T18:30:56Z	2026-09-16T18:34:34Z	2
35134814067	Classify CI scope	completed	success	2026-09-16T18:30:35Z	2026-09-16T18:30:54Z	2
35134814067	CI OK	completed	success	2026-09-16T19:01:24Z	2026-09-16T19:01:28Z	2
35128039249	Classify CI scope	completed	success	2026-09-16T17:25:03Z	2026-09-16T17:25:21Z	1
35128039249	Quick Gate (build + typecheck + lint)	completed	success	2026-09-16T17:25:03Z	2026-09-16T17:30:10Z	1
35128039249	Script Tests 3/5 — fleet/setup/packaging B (shell suites)	completed	skipped	2026-09-16T17:25:21Z	2026-09-16T17:25:21Z	1
35128039249	Script Tests 4/5 — cmux repair + Lead memory (shell suites)	completed	skipped	2026-09-16T17:25:21Z	2026-09-16T17:25:21Z	1
35128039249	NPM payload distribution (endpoint + release pipeline)	completed	skipped	2026-09-16T17:25:21Z	2026-09-16T17:25:21Z	1
35128039249	Script Tests 5/5 — Lead memory remote sync	completed	skipped	2026-09-16T17:25:21Z	2026-09-16T17:25:21Z	1
35128039249	Script Tests 1/5 — session/lifecycle (shell suites)	completed	skipped	2026-09-16T17:25:21Z	2026-09-16T17:25:21Z	1
35128039249	Script Tests 2/5 — fleet/setup/packaging A (shell suites)	completed	skipped	2026-09-16T17:25:21Z	2026-09-16T17:25:21Z	1
35128039249	Unit (${{ matrix.name }})	completed	skipped	2026-09-16T17:25:21Z	2026-09-16T17:25:21Z	1
35128039249	CI OK	completed	success	2026-09-16T17:30:14Z	2026-09-16T17:30:18Z	1
35125461411	Quick Gate (build + typecheck + lint)	completed	success	2026-09-16T17:00:26Z	2026-09-16T17:05:44Z	1
35125461411	Classify CI scope	completed	success	2026-09-16T17:00:28Z	2026-09-16T17:00:47Z	1
35125461411	Script Tests 5/5 — Lead memory remote sync	completed	success	2026-09-16T17:00:51Z	2026-09-16T17:13:12Z	1
35125461411	NPM payload distribution (endpoint + release pipeline)	completed	success	2026-09-16T17:00:50Z	2026-09-16T17:03:48Z	1
35125461411	Script Tests 2/5 — fleet/setup/packaging A (shell suites)	completed	success	2026-09-16T17:00:50Z	2026-09-16T17:16:35Z	1
35125461411	Script Tests 4/5 — cmux repair + Lead memory (shell suites)	completed	success	2026-09-16T17:00:50Z	2026-09-16T17:11:13Z	1
35125461411	Script Tests 1/5 — session/lifecycle (shell suites)	completed	success	2026-09-16T17:00:51Z	2026-09-16T17:10:46Z	1
35125461411	Script Tests 3/5 — fleet/setup/packaging B (shell suites)	completed	success	2026-09-16T17:00:50Z	2026-09-16T17:16:41Z	1
35125461411	Unit (teamlead 3 of 4)	completed	success	2026-09-16T17:00:50Z	2026-09-16T17:10:03Z	1
35125461411	Unit (observation performance)	completed	success	2026-09-16T17:00:50Z	2026-09-16T17:03:22Z	1
35125461411	Unit (teamlead 4 of 4)	completed	success	2026-09-16T17:00:50Z	2026-09-16T17:12:51Z	1
35125461411	Unit (teamlead 1 of 4)	completed	success	2026-09-16T17:00:50Z	2026-09-16T17:14:07Z	1
35125461411	Unit (teamlead 2 of 4)	completed	success	2026-09-16T17:00:50Z	2026-09-16T17:10:54Z	1
35125461411	Unit (light)	completed	success	2026-09-16T17:00:50Z	2026-09-16T17:04:25Z	1
35125461411	Unit (heavy)	completed	success	2026-09-16T17:00:50Z	2026-09-16T17:09:39Z	1
35125461411	CI OK	completed	success	2026-09-16T17:16:44Z	2026-09-16T17:16:47Z	1
35122819904	Classify CI scope	completed	success	2026-09-16T16:35:58Z	2026-09-16T16:36:18Z	1
35122819904	Quick Gate (build + typecheck + lint)	completed	success	2026-09-16T16:35:58Z	2026-09-16T16:40:17Z	1
35122819904	Script Tests 2/5 — fleet/setup/packaging A (shell suites)	completed	success	2026-09-16T16:36:20Z	2026-09-16T16:52:18Z	1
35122819904	Script Tests 1/5 — session/lifecycle (shell suites)	completed	success	2026-09-16T16:36:22Z	2026-09-16T16:48:26Z	1
35122819904	Script Tests 4/5 — cmux repair + Lead memory (shell suites)	completed	success	2026-09-16T16:36:20Z	2026-09-16T16:46:07Z	1
35122819904	Script Tests 3/5 — fleet/setup/packaging B (shell suites)	completed	success	2026-09-16T16:36:20Z	2026-09-16T16:50:20Z	1
35122819904	Script Tests 5/5 — Lead memory remote sync	completed	success	2026-09-16T16:36:21Z	2026-09-16T16:48:24Z	1
35122819904	Unit (heavy)	completed	success	2026-09-16T16:36:20Z	2026-09-16T16:44:50Z	1
35122819904	Unit (teamlead 4 of 4)	completed	failure	2026-09-16T16:36:22Z	2026-09-16T16:47:47Z	1
35122819904	NPM payload distribution (endpoint + release pipeline)	completed	success	2026-09-16T16:36:22Z	2026-09-16T16:39:28Z	1
35122819904	Unit (teamlead 3 of 4)	completed	success	2026-09-16T16:36:21Z	2026-09-16T16:47:48Z	1
35122819904	Unit (light)	completed	success	2026-09-16T16:36:20Z	2026-09-16T16:40:20Z	1
35122819904	Unit (observation performance)	completed	failure	2026-09-16T16:36:20Z	2026-09-16T16:38:19Z	1
35122819904	Unit (teamlead 2 of 4)	completed	success	2026-09-16T16:36:20Z	2026-09-16T16:45:29Z	1
35122819904	Unit (teamlead 1 of 4)	completed	success	2026-09-16T16:36:20Z	2026-09-16T16:48:41Z	1
35122819904	CI OK	completed	failure	2026-09-16T16:52:20Z	2026-09-16T16:52:23Z	1
35122819904	Quick Gate (build + typecheck + lint)	completed	success	2026-09-16T16:35:58Z	2026-09-16T16:40:17Z	2
35122819904	Unit (observation performance)	completed	failure	2026-09-16T20:12:10Z	2026-09-16T20:12:12Z	2
35122819904	Classify CI scope	completed	success	2026-09-16T16:35:58Z	2026-09-16T16:36:18Z	2
35122819904	Script Tests 4/5 — cmux repair + Lead memory (shell suites)	completed	success	2026-09-16T16:36:20Z	2026-09-16T16:46:07Z	2
35122819904	Unit (teamlead 1 of 4)	completed	success	2026-09-16T16:36:20Z	2026-09-16T16:48:41Z	2
35122819904	Script Tests 5/5 — Lead memory remote sync	completed	success	2026-09-16T16:36:21Z	2026-09-16T16:48:24Z	2
35122819904	Unit (heavy)	completed	success	2026-09-16T16:36:20Z	2026-09-16T16:44:50Z	2
35122819904	Script Tests 3/5 — fleet/setup/packaging B (shell suites)	completed	success	2026-09-16T16:36:20Z	2026-09-16T16:50:20Z	2
35122819904	Unit (teamlead 3 of 4)	completed	success	2026-09-16T16:36:21Z	2026-09-16T16:47:48Z	2
35122819904	Script Tests 1/5 — session/lifecycle (shell suites)	completed	success	2026-09-16T16:36:22Z	2026-09-16T16:48:26Z	2
35122819904	NPM payload distribution (endpoint + release pipeline)	completed	success	2026-09-16T16:36:22Z	2026-09-16T16:39:28Z	2
35122819904	Script Tests 2/5 — fleet/setup/packaging A (shell suites)	completed	success	2026-09-16T16:36:20Z	2026-09-16T16:52:18Z	2
35122819904	Unit (light)	completed	success	2026-09-16T16:36:20Z	2026-09-16T16:40:20Z	2
35122819904	Unit (teamlead 2 of 4)	completed	success	2026-09-16T16:36:20Z	2026-09-16T16:45:29Z	2
35122819904	Unit (teamlead 4 of 4)	completed	failure	2026-09-16T16:36:22Z	2026-09-16T16:47:47Z	2
35122819904	CI OK	completed	cancelled	2026-09-16T20:12:53Z	2026-09-16T20:12:53Z	2
35122819904	Unit (observation performance)	completed	success	2026-09-17T00:51:48Z	2026-09-17T00:54:51Z	3
35122819904	Quick Gate (build + typecheck + lint)	completed	success	2026-09-16T16:35:58Z	2026-09-16T16:40:17Z	3
35122819904	Script Tests 3/5 — fleet/setup/packaging B (shell suites)	completed	success	2026-09-16T16:36:20Z	2026-09-16T16:50:20Z	3
35122819904	Unit (teamlead 1 of 4)	completed	success	2026-09-16T16:36:20Z	2026-09-16T16:48:41Z	3
35122819904	Unit (heavy)	completed	success	2026-09-16T16:36:20Z	2026-09-16T16:44:50Z	3
35122819904	Script Tests 4/5 — cmux repair + Lead memory (shell suites)	completed	success	2026-09-16T16:36:20Z	2026-09-16T16:46:07Z	3
35122819904	NPM payload distribution (endpoint + release pipeline)	completed	success	2026-09-16T16:36:22Z	2026-09-16T16:39:28Z	3
35122819904	Script Tests 5/5 — Lead memory remote sync	completed	success	2026-09-16T16:36:21Z	2026-09-16T16:48:24Z	3
35122819904	Script Tests 1/5 — session/lifecycle (shell suites)	completed	success	2026-09-16T16:36:22Z	2026-09-16T16:48:26Z	3
35122819904	Unit (teamlead 3 of 4)	completed	success	2026-09-16T16:36:21Z	2026-09-16T16:47:48Z	3
35122819904	Unit (light)	completed	success	2026-09-16T16:36:20Z	2026-09-16T16:40:20Z	3
35122819904	Unit (teamlead 4 of 4)	completed	failure	2026-09-16T16:36:22Z	2026-09-16T16:47:47Z	3
35122819904	Unit (teamlead 2 of 4)	completed	success	2026-09-16T16:36:20Z	2026-09-16T16:45:29Z	3
35122819904	Classify CI scope	completed	success	2026-09-16T16:35:58Z	2026-09-16T16:36:18Z	3
35122819904	Script Tests 2/5 — fleet/setup/packaging A (shell suites)	completed	success	2026-09-16T16:36:20Z	2026-09-16T16:52:18Z	3
35122819904	CI OK	completed	failure	2026-09-17T00:54:54Z	2026-09-17T00:54:57Z	3
35122819904	Quick Gate (build + typecheck + lint)	completed	success	2026-09-16T16:35:58Z	2026-09-16T16:40:17Z	4
35122819904	Unit (observation performance)	completed	success	2026-09-17T00:58:31Z	2026-09-17T01:01:17Z	4
35122819904	Classify CI scope	completed	success	2026-09-16T16:35:58Z	2026-09-16T16:36:18Z	4
35122819904	NPM payload distribution (endpoint + release pipeline)	completed	success	2026-09-16T16:36:22Z	2026-09-16T16:39:28Z	4
35122819904	Unit (teamlead 1 of 4)	completed	success	2026-09-16T16:36:20Z	2026-09-16T16:48:41Z	4
35122819904	Script Tests 5/5 — Lead memory remote sync	completed	success	2026-09-16T16:36:21Z	2026-09-16T16:48:24Z	4
35122819904	Script Tests 2/5 — fleet/setup/packaging A (shell suites)	completed	success	2026-09-16T16:36:20Z	2026-09-16T16:52:18Z	4
35122819904	Unit (teamlead 3 of 4)	completed	success	2026-09-16T16:36:21Z	2026-09-16T16:47:48Z	4
35122819904	Script Tests 3/5 — fleet/setup/packaging B (shell suites)	completed	success	2026-09-16T16:36:20Z	2026-09-16T16:50:20Z	4
35122819904	Script Tests 1/5 — session/lifecycle (shell suites)	completed	success	2026-09-16T16:36:22Z	2026-09-16T16:48:26Z	4
35122819904	Unit (teamlead 2 of 4)	completed	success	2026-09-16T16:36:20Z	2026-09-16T16:45:29Z	4
35122819904	Unit (heavy)	completed	success	2026-09-16T16:36:20Z	2026-09-16T16:44:50Z	4
35122819904	Script Tests 4/5 — cmux repair + Lead memory (shell suites)	completed	success	2026-09-16T16:36:20Z	2026-09-16T16:46:07Z	4
35122819904	Unit (teamlead 4 of 4)	completed	failure	2026-09-16T16:36:22Z	2026-09-16T16:47:47Z	4
35122819904	Unit (light)	completed	success	2026-09-16T16:36:20Z	2026-09-16T16:40:20Z	4
35122819904	CI OK	completed	failure	2026-09-17T01:01:20Z	2026-09-17T01:01:22Z	4
35122819904	Classify CI scope	completed	success	2026-09-16T16:35:58Z	2026-09-16T16:36:18Z	5
35122819904	Unit (observation performance)	completed	success	2026-09-17T01:05:05Z	2026-09-17T01:08:16Z	5
35122819904	Script Tests 2/5 — fleet/setup/packaging A (shell suites)	completed	success	2026-09-16T16:36:20Z	2026-09-16T16:52:18Z	5
35122819904	Unit (teamlead 1 of 4)	completed	success	2026-09-16T16:36:20Z	2026-09-16T16:48:41Z	5
35122819904	Script Tests 4/5 — cmux repair + Lead memory (shell suites)	completed	success	2026-09-16T16:36:20Z	2026-09-16T16:46:07Z	5
35122819904	Script Tests 5/5 — Lead memory remote sync	completed	success	2026-09-16T16:36:21Z	2026-09-16T16:48:24Z	5
35122819904	Unit (teamlead 2 of 4)	completed	success	2026-09-16T16:36:20Z	2026-09-16T16:45:29Z	5
35122819904	Unit (teamlead 3 of 4)	completed	success	2026-09-16T16:36:21Z	2026-09-16T16:47:48Z	5
35122819904	NPM payload distribution (endpoint + release pipeline)	completed	success	2026-09-16T16:36:22Z	2026-09-16T16:39:28Z	5
35122819904	Unit (teamlead 4 of 4)	completed	failure	2026-09-16T16:36:22Z	2026-09-16T16:47:47Z	5
35122819904	Unit (heavy)	completed	success	2026-09-16T16:36:20Z	2026-09-16T16:44:50Z	5
35122819904	Unit (light)	completed	success	2026-09-16T16:36:20Z	2026-09-16T16:40:20Z	5
35122819904	Quick Gate (build + typecheck + lint)	completed	success	2026-09-16T16:35:58Z	2026-09-16T16:40:17Z	5
35122819904	Script Tests 3/5 — fleet/setup/packaging B (shell suites)	completed	success	2026-09-16T16:36:20Z	2026-09-16T16:50:20Z	5
35122819904	Script Tests 1/5 — session/lifecycle (shell suites)	completed	success	2026-09-16T16:36:22Z	2026-09-16T16:48:26Z	5
35122819904	CI OK	completed	failure	2026-09-17T01:08:18Z	2026-09-17T01:08:21Z	5
35122462307	Quick Gate (build + typecheck + lint)	completed	cancelled	2026-09-16T16:32:13Z	2026-09-16T16:35:55Z	1
35122462307	Classify CI scope	completed	success	2026-09-16T16:32:13Z	2026-09-16T16:32:33Z	1
35122462307	Script Tests 1/5 — session/lifecycle (shell suites)	completed	cancelled	2026-09-16T16:32:35Z	2026-09-16T16:35:18Z	1
35122462307	Script Tests 3/5 — fleet/setup/packaging B (shell suites)	completed	cancelled	2026-09-16T16:32:35Z	2026-09-16T16:35:18Z	1
35122462307	Script Tests 2/5 — fleet/setup/packaging A (shell suites)	completed	cancelled	2026-09-16T16:32:35Z	2026-09-16T16:35:18Z	1
35122462307	Script Tests 5/5 — Lead memory remote sync	completed	cancelled	2026-09-16T16:32:35Z	2026-09-16T16:35:20Z	1
35122462307	Script Tests 4/5 — cmux repair + Lead memory (shell suites)	completed	cancelled	2026-09-16T16:32:35Z	2026-09-16T16:35:20Z	1
35122462307	NPM payload distribution (endpoint + release pipeline)	completed	cancelled	2026-09-16T16:32:35Z	2026-09-16T16:35:22Z	1
35122462307	Unit (light)	completed	cancelled	2026-09-16T16:32:35Z	2026-09-16T16:35:21Z	1
35122462307	Unit (teamlead 2 of 4)	completed	cancelled	2026-09-16T16:32:35Z	2026-09-16T16:35:22Z	1
35122462307	Unit (teamlead 3 of 4)	completed	cancelled	2026-09-16T16:32:35Z	2026-09-16T16:35:23Z	1
35122462307	Unit (observation performance)	completed	cancelled	2026-09-16T16:32:35Z	2026-09-16T16:35:21Z	1
35122462307	Unit (heavy)	completed	cancelled	2026-09-16T16:32:35Z	2026-09-16T16:35:24Z	1
35122462307	Unit (teamlead 1 of 4)	completed	cancelled	2026-09-16T16:32:35Z	2026-09-16T16:35:10Z	1
35122462307	Unit (teamlead 4 of 4)	completed	cancelled	2026-09-16T16:32:35Z	2026-09-16T16:35:20Z	1
35122462307	CI OK	completed	cancelled	2026-09-16T16:35:56Z	2026-09-16T16:35:55Z	1
35120905715	Classify CI scope	completed	success	2026-09-16T16:18:25Z	2026-09-16T16:18:44Z	1
35120905715	Quick Gate (build + typecheck + lint)	completed	success	2026-09-16T16:18:26Z	2026-09-16T16:23:45Z	1
35120905715	Script Tests 2/5 — fleet/setup/packaging A (shell suites)	completed	cancelled	2026-09-16T16:18:46Z	2026-09-16T16:32:10Z	1
35120905715	Script Tests 4/5 — cmux repair + Lead memory (shell suites)	completed	success	2026-09-16T16:18:46Z	2026-09-16T16:27:46Z	1
35120905715	Script Tests 3/5 — fleet/setup/packaging B (shell suites)	completed	cancelled	2026-09-16T16:18:47Z	2026-09-16T16:32:03Z	1
35120905715	Script Tests 5/5 — Lead memory remote sync	completed	success	2026-09-16T16:18:46Z	2026-09-16T16:26:53Z	1
35120905715	Unit (teamlead 1 of 4)	completed	cancelled	2026-09-16T16:18:46Z	2026-09-16T16:31:45Z	1
35120905715	Unit (observation performance)	completed	success	2026-09-16T16:18:46Z	2026-09-16T16:21:30Z	1
35120905715	Unit (teamlead 3 of 4)	completed	success	2026-09-16T16:18:46Z	2026-09-16T16:29:14Z	1
35120905715	NPM payload distribution (endpoint + release pipeline)	completed	success	2026-09-16T16:18:47Z	2026-09-16T16:21:58Z	1
35120905715	Unit (teamlead 4 of 4)	completed	success	2026-09-16T16:18:46Z	2026-09-16T16:29:23Z	1
35120905715	Unit (teamlead 2 of 4)	completed	success	2026-09-16T16:18:46Z	2026-09-16T16:27:49Z	1
35120905715	Unit (light)	completed	success	2026-09-16T16:18:46Z	2026-09-16T16:21:51Z	1
35120905715	Unit (heavy)	completed	success	2026-09-16T16:18:46Z	2026-09-16T16:28:24Z	1
35120905715	Script Tests 1/5 — session/lifecycle (shell suites)	completed	success	2026-09-16T16:18:47Z	2026-09-16T16:30:41Z	1
35120905715	CI OK	completed	cancelled	2026-09-16T16:32:10Z	2026-09-16T16:32:10Z	1
35120905715	Unit (observation performance)	completed	failure	2026-09-16T20:12:54Z	2026-09-16T20:12:56Z	2
35120905715	Script Tests 2/5 — fleet/setup/packaging A (shell suites)	completed	cancelled	2026-09-16T16:18:46Z	2026-09-16T16:32:10Z	2
35120905715	Script Tests 3/5 — fleet/setup/packaging B (shell suites)	completed	cancelled	2026-09-16T16:18:47Z	2026-09-16T16:32:03Z	2
35120905715	CI OK	completed	failure	2026-09-16T20:12:56Z	2026-09-16T20:12:58Z	2
35120905715	Unit (teamlead 4 of 4)	completed	success	2026-09-16T16:18:46Z	2026-09-16T16:29:23Z	2
35120905715	Unit (teamlead 3 of 4)	completed	success	2026-09-16T16:18:46Z	2026-09-16T16:29:14Z	2
35120905715	Quick Gate (build + typecheck + lint)	completed	success	2026-09-16T16:18:26Z	2026-09-16T16:23:45Z	2
35120905715	Unit (heavy)	completed	success	2026-09-16T16:18:46Z	2026-09-16T16:28:24Z	2
35120905715	NPM payload distribution (endpoint + release pipeline)	completed	success	2026-09-16T16:18:47Z	2026-09-16T16:21:58Z	2
35120905715	Unit (teamlead 2 of 4)	completed	success	2026-09-16T16:18:46Z	2026-09-16T16:27:49Z	2
35120905715	Classify CI scope	completed	success	2026-09-16T16:18:25Z	2026-09-16T16:18:44Z	2
35120905715	Script Tests 5/5 — Lead memory remote sync	completed	success	2026-09-16T16:18:46Z	2026-09-16T16:26:53Z	2
35120905715	Script Tests 4/5 — cmux repair + Lead memory (shell suites)	completed	success	2026-09-16T16:18:46Z	2026-09-16T16:27:46Z	2
35120905715	Script Tests 1/5 — session/lifecycle (shell suites)	completed	success	2026-09-16T16:18:47Z	2026-09-16T16:30:41Z	2
35120905715	Unit (teamlead 1 of 4)	completed	cancelled	2026-09-16T16:18:46Z	2026-09-16T16:31:45Z	2
35120905715	Unit (light)	completed	success	2026-09-16T16:18:46Z	2026-09-16T16:21:51Z	2
35120905715	Classify CI scope	completed	success	2026-09-16T16:18:25Z	2026-09-16T16:18:44Z	3
35120905715	Unit (observation performance)	completed	failure	2026-09-16T20:15:07Z	2026-09-16T20:15:11Z	3
35120905715	Script Tests 5/5 — Lead memory remote sync	completed	success	2026-09-16T16:18:46Z	2026-09-16T16:26:53Z	3
35120905715	Script Tests 3/5 — fleet/setup/packaging B (shell suites)	completed	cancelled	2026-09-16T16:18:47Z	2026-09-16T16:32:03Z	3
35120905715	Unit (teamlead 1 of 4)	completed	cancelled	2026-09-16T16:18:46Z	2026-09-16T16:31:45Z	3
35120905715	Script Tests 1/5 — session/lifecycle (shell suites)	completed	success	2026-09-16T16:18:47Z	2026-09-16T16:30:41Z	3
35120905715	Unit (teamlead 2 of 4)	completed	success	2026-09-16T16:18:46Z	2026-09-16T16:27:49Z	3
35120905715	Script Tests 2/5 — fleet/setup/packaging A (shell suites)	completed	cancelled	2026-09-16T16:18:46Z	2026-09-16T16:32:10Z	3
35120905715	NPM payload distribution (endpoint + release pipeline)	completed	success	2026-09-16T16:18:47Z	2026-09-16T16:21:58Z	3
35120905715	Script Tests 4/5 — cmux repair + Lead memory (shell suites)	completed	success	2026-09-16T16:18:46Z	2026-09-16T16:27:46Z	3
35120905715	Unit (teamlead 3 of 4)	completed	success	2026-09-16T16:18:46Z	2026-09-16T16:29:14Z	3
35120905715	Unit (light)	completed	success	2026-09-16T16:18:46Z	2026-09-16T16:21:51Z	3
35120905715	Unit (teamlead 4 of 4)	completed	success	2026-09-16T16:18:46Z	2026-09-16T16:29:23Z	3
35120905715	Unit (heavy)	completed	success	2026-09-16T16:18:46Z	2026-09-16T16:28:24Z	3
35120905715	CI OK	completed	failure	2026-09-16T20:15:11Z	2026-09-16T20:15:13Z	3
35120905715	Quick Gate (build + typecheck + lint)	completed	success	2026-09-16T16:18:26Z	2026-09-16T16:23:45Z	3
35120905715	Quick Gate (build + typecheck + lint)	completed	success	2026-09-16T16:18:26Z	2026-09-16T16:23:45Z	4
35120905715	Unit (observation performance)	completed	failure	2026-09-16T20:17:24Z	2026-09-16T20:17:27Z	4
35120905715	Script Tests 5/5 — Lead memory remote sync	completed	success	2026-09-16T16:18:46Z	2026-09-16T16:26:53Z	4
35120905715	Unit (teamlead 1 of 4)	completed	cancelled	2026-09-16T16:18:46Z	2026-09-16T16:31:45Z	4
35120905715	Unit (teamlead 3 of 4)	completed	success	2026-09-16T16:18:46Z	2026-09-16T16:29:14Z	4
35120905715	Script Tests 1/5 — session/lifecycle (shell suites)	completed	success	2026-09-16T16:18:47Z	2026-09-16T16:30:41Z	4
35120905715	Script Tests 4/5 — cmux repair + Lead memory (shell suites)	completed	success	2026-09-16T16:18:46Z	2026-09-16T16:27:46Z	4
35120905715	Unit (heavy)	completed	success	2026-09-16T16:18:46Z	2026-09-16T16:28:24Z	4
35120905715	Unit (teamlead 2 of 4)	completed	success	2026-09-16T16:18:46Z	2026-09-16T16:27:49Z	4
35120905715	NPM payload distribution (endpoint + release pipeline)	completed	success	2026-09-16T16:18:47Z	2026-09-16T16:21:58Z	4
35120905715	Script Tests 3/5 — fleet/setup/packaging B (shell suites)	completed	cancelled	2026-09-16T16:18:47Z	2026-09-16T16:32:03Z	4
35120905715	Unit (light)	completed	success	2026-09-16T16:18:46Z	2026-09-16T16:21:51Z	4
35120905715	Unit (teamlead 4 of 4)	completed	success	2026-09-16T16:18:46Z	2026-09-16T16:29:23Z	4
35120905715	Script Tests 2/5 — fleet/setup/packaging A (shell suites)	completed	cancelled	2026-09-16T16:18:46Z	2026-09-16T16:32:10Z	4
35120905715	CI OK	completed	failure	2026-09-16T20:17:27Z	2026-09-16T20:17:29Z	4
35120905715	Classify CI scope	completed	success	2026-09-16T16:18:25Z	2026-09-16T16:18:44Z	4
35120905715	Unit (observation performance)	completed	cancelled	2026-09-17T00:51:41Z	2026-09-17T00:51:45Z	5
35120905715	Quick Gate (build + typecheck + lint)	completed	success	2026-09-16T16:18:26Z	2026-09-16T16:23:45Z	5
35120905715	Script Tests 3/5 — fleet/setup/packaging B (shell suites)	completed	cancelled	2026-09-16T16:18:47Z	2026-09-16T16:32:03Z	5
35120905715	Classify CI scope	completed	success	2026-09-16T16:18:25Z	2026-09-16T16:18:44Z	5
35120905715	Unit (light)	completed	success	2026-09-16T16:18:46Z	2026-09-16T16:21:51Z	5
35120905715	Script Tests 4/5 — cmux repair + Lead memory (shell suites)	completed	success	2026-09-16T16:18:46Z	2026-09-16T16:27:46Z	5
35120905715	Script Tests 5/5 — Lead memory remote sync	completed	success	2026-09-16T16:18:46Z	2026-09-16T16:26:53Z	5
35120905715	Unit (heavy)	completed	success	2026-09-16T16:18:46Z	2026-09-16T16:28:24Z	5
35120905715	Unit (teamlead 4 of 4)	completed	success	2026-09-16T16:18:46Z	2026-09-16T16:29:23Z	5
35120905715	CI OK	completed	cancelled	2026-09-17T00:51:46Z	2026-09-17T00:51:46Z	5
35120905715	Unit (teamlead 3 of 4)	completed	success	2026-09-16T16:18:46Z	2026-09-16T16:29:14Z	5
35120905715	Script Tests 1/5 — session/lifecycle (shell suites)	completed	success	2026-09-16T16:18:47Z	2026-09-16T16:30:41Z	5
35120905715	Unit (teamlead 1 of 4)	completed	cancelled	2026-09-16T16:18:46Z	2026-09-16T16:31:45Z	5
35120905715	Script Tests 2/5 — fleet/setup/packaging A (shell suites)	completed	cancelled	2026-09-16T16:18:46Z	2026-09-16T16:32:10Z	5
35120905715	Unit (teamlead 2 of 4)	completed	success	2026-09-16T16:18:46Z	2026-09-16T16:27:49Z	5
35120905715	NPM payload distribution (endpoint + release pipeline)	completed	success	2026-09-16T16:18:47Z	2026-09-16T16:21:58Z	5
35120905715	Classify CI scope	completed	success	2026-09-16T16:18:25Z	2026-09-16T16:18:44Z	6
35120905715	Script Tests 1/5 — session/lifecycle (shell suites)	completed	success	2026-09-16T16:18:47Z	2026-09-16T16:30:41Z	6
35120905715	Quick Gate (build + typecheck + lint)	completed	success	2026-09-16T16:18:26Z	2026-09-16T16:23:45Z	6
35120905715	NPM payload distribution (endpoint + release pipeline)	completed	success	2026-09-16T16:18:47Z	2026-09-16T16:21:58Z	6
35120905715	Script Tests 3/5 — fleet/setup/packaging B (shell suites)	completed	cancelled	2026-09-16T16:18:47Z	2026-09-16T16:32:03Z	6
35120905715	Script Tests 4/5 — cmux repair + Lead memory (shell suites)	completed	success	2026-09-16T16:18:46Z	2026-09-16T16:27:46Z	6
35120905715	Script Tests 5/5 — Lead memory remote sync	completed	success	2026-09-16T16:18:46Z	2026-09-16T16:26:53Z	6
35120905715	Unit (observation performance)	completed	success	2026-09-17T00:55:32Z	2026-09-17T00:58:09Z	6
35120905715	Unit (teamlead 2 of 4)	completed	success	2026-09-16T16:18:46Z	2026-09-16T16:27:49Z	6
35120905715	Unit (heavy)	completed	success	2026-09-16T16:18:46Z	2026-09-16T16:28:24Z	6
35120905715	Unit (teamlead 4 of 4)	completed	success	2026-09-16T16:18:46Z	2026-09-16T16:29:23Z	6
35120905715	Unit (teamlead 1 of 4)	completed	cancelled	2026-09-16T16:18:46Z	2026-09-16T16:31:45Z	6
35120905715	Script Tests 2/5 — fleet/setup/packaging A (shell suites)	completed	cancelled	2026-09-16T16:18:46Z	2026-09-16T16:32:10Z	6
35120905715	Unit (teamlead 3 of 4)	completed	success	2026-09-16T16:18:46Z	2026-09-16T16:29:14Z	6
35120905715	Unit (light)	completed	success	2026-09-16T16:18:46Z	2026-09-16T16:21:51Z	6
35120905715	CI OK	completed	failure	2026-09-17T00:58:11Z	2026-09-17T00:58:13Z	6
35120905715	Unit (observation performance)	completed	failure	2026-09-17T01:02:02Z	2026-09-17T01:04:35Z	7
35120905715	Quick Gate (build + typecheck + lint)	completed	success	2026-09-16T16:18:26Z	2026-09-16T16:23:45Z	7
35120905715	Classify CI scope	completed	success	2026-09-16T16:18:25Z	2026-09-16T16:18:44Z	7
35120905715	Unit (teamlead 3 of 4)	completed	success	2026-09-16T16:18:46Z	2026-09-16T16:29:14Z	7
35120516189	Quick Gate (build + typecheck + lint)	completed	cancelled	2026-09-16T16:13:38Z	2026-09-16T16:17:41Z	1
35120516189	Classify CI scope	completed	success	2026-09-16T16:13:37Z	2026-09-16T16:13:57Z	1
35120516189	Script Tests 1/5 — session/lifecycle (shell suites)	completed	cancelled	2026-09-16T16:13:59Z	2026-09-16T16:18:00Z	1
35120516189	Script Tests 5/5 — Lead memory remote sync	completed	cancelled	2026-09-16T16:14:02Z	2026-09-16T16:18:03Z	1
35120516189	Script Tests 4/5 — cmux repair + Lead memory (shell suites)	completed	cancelled	2026-09-16T16:14:00Z	2026-09-16T16:18:04Z	1
35120516189	Script Tests 3/5 — fleet/setup/packaging B (shell suites)	completed	cancelled	2026-09-16T16:13:59Z	2026-09-16T16:17:58Z	1
35120516189	Script Tests 2/5 — fleet/setup/packaging A (shell suites)	completed	cancelled	2026-09-16T16:13:59Z	2026-09-16T16:17:50Z	1
35120516189	NPM payload distribution (endpoint + release pipeline)	completed	cancelled	2026-09-16T16:14:01Z	2026-09-16T16:17:15Z	1
35120516189	Unit (teamlead 2 of 4)	completed	cancelled	2026-09-16T16:13:59Z	2026-09-16T16:18:01Z	1
35120516189	Unit (light)	completed	cancelled	2026-09-16T16:14:01Z	2026-09-16T16:18:06Z	1
35120516189	Unit (teamlead 1 of 4)	completed	cancelled	2026-09-16T16:14:02Z	2026-09-16T16:18:23Z	1
35120516189	Unit (teamlead 3 of 4)	completed	cancelled	2026-09-16T16:13:59Z	2026-09-16T16:17:59Z	1
35120516189	Unit (heavy)	completed	cancelled	2026-09-16T16:13:59Z	2026-09-16T16:17:59Z	1
35120516189	Unit (teamlead 4 of 4)	completed	cancelled	2026-09-16T16:13:59Z	2026-09-16T16:18:01Z	1
35120516189	Unit (observation performance)	completed	success	2026-09-16T16:14:00Z	2026-09-16T16:16:38Z	1
35120516189	CI OK	completed	cancelled	2026-09-16T16:18:23Z	2026-09-16T16:18:23Z	1
35102091253	Quick Gate (build + typecheck + lint)	completed	success	2026-09-16T13:28:05Z	2026-09-16T13:33:05Z	1
35102091253	Classify CI scope	completed	success	2026-09-16T13:28:04Z	2026-09-16T13:28:23Z	1
35102091253	Script Tests 5/5 — Lead memory remote sync	completed	success	2026-09-16T13:28:26Z	2026-09-16T13:36:54Z	1
35102091253	Script Tests 3/5 — fleet/setup/packaging B (shell suites)	completed	success	2026-09-16T13:28:26Z	2026-09-16T13:43:49Z	1
35102091253	Script Tests 2/5 — fleet/setup/packaging A (shell suites)	completed	success	2026-09-16T13:28:26Z	2026-09-16T13:44:30Z	1
35102091253	Script Tests 4/5 — cmux repair + Lead memory (shell suites)	completed	success	2026-09-16T13:28:26Z	2026-09-16T13:39:09Z	1
35102091253	Script Tests 1/5 — session/lifecycle (shell suites)	completed	success	2026-09-16T13:28:27Z	2026-09-16T13:39:14Z	1
35102091253	NPM payload distribution (endpoint + release pipeline)	completed	success	2026-09-16T13:28:26Z	2026-09-16T13:31:33Z	1
35102091253	Unit (observation performance)	completed	success	2026-09-16T13:28:26Z	2026-09-16T13:31:12Z	1
35102091253	Unit (teamlead 2 of 4)	completed	success	2026-09-16T13:28:26Z	2026-09-16T13:39:33Z	1
35102091253	Unit (teamlead 4 of 4)	completed	success	2026-09-16T13:28:26Z	2026-09-16T13:39:42Z	1
35102091253	Unit (light)	completed	success	2026-09-16T13:28:27Z	2026-09-16T13:32:39Z	1
35102091253	Unit (teamlead 1 of 4)	completed	success	2026-09-16T13:28:26Z	2026-09-16T13:41:09Z	1
35102091253	Unit (heavy)	completed	success	2026-09-16T13:28:27Z	2026-09-16T13:38:46Z	1
35102091253	Unit (teamlead 3 of 4)	completed	success	2026-09-16T13:28:26Z	2026-09-16T13:40:08Z	1
35102091253	CI OK	completed	success	2026-09-16T13:44:33Z	2026-09-16T13:44:37Z	1
35092259946	Classify CI scope	completed	success	2026-09-16T11:48:24Z	2026-09-16T11:48:46Z	1
35092259946	Quick Gate (build + typecheck + lint)	completed	success	2026-09-16T11:48:23Z	2026-09-16T11:53:22Z	1
35092259946	Script Tests 3/5 — fleet/setup/packaging B (shell suites)	completed	success	2026-09-16T11:48:49Z	2026-09-16T12:04:02Z	1
35092259946	Script Tests 1/5 — session/lifecycle (shell suites)	completed	success	2026-09-16T11:48:49Z	2026-09-16T12:00:37Z	1
35092259946	NPM payload distribution (endpoint + release pipeline)	completed	success	2026-09-16T11:48:49Z	2026-09-16T11:51:51Z	1
35092259946	Script Tests 5/5 — Lead memory remote sync	completed	success	2026-09-16T11:48:49Z	2026-09-16T11:56:44Z	1
35092259946	Script Tests 2/5 — fleet/setup/packaging A (shell suites)	completed	success	2026-09-16T11:48:49Z	2026-09-16T12:04:26Z	1
35092259946	Script Tests 4/5 — cmux repair + Lead memory (shell suites)	completed	success	2026-09-16T11:48:49Z	2026-09-16T11:57:19Z	1
35092259946	Unit (heavy)	completed	success	2026-09-16T11:48:49Z	2026-09-16T11:59:04Z	1
35092259946	Unit (light)	completed	success	2026-09-16T11:48:48Z	2026-09-16T11:52:45Z	1
35092259946	Unit (observation performance)	completed	success	2026-09-16T11:48:49Z	2026-09-16T11:51:41Z	1
35092259946	Unit (teamlead 1 of 4)	completed	success	2026-09-16T11:48:49Z	2026-09-16T12:02:04Z	1
35092259946	Unit (teamlead 4 of 4)	completed	success	2026-09-16T11:48:50Z	2026-09-16T12:00:34Z	1
35092259946	Unit (teamlead 2 of 4)	completed	success	2026-09-16T11:48:49Z	2026-09-16T11:59:20Z	1
35092259946	Unit (teamlead 3 of 4)	completed	success	2026-09-16T11:48:49Z	2026-09-16T12:00:36Z	1
35092259946	CI OK	completed	success	2026-09-16T12:04:29Z	2026-09-16T12:04:33Z	1
35091589125	Quick Gate (build + typecheck + lint)	completed	success	2026-09-16T11:40:41Z	2026-09-16T11:45:52Z	1
35091589125	Classify CI scope	completed	success	2026-09-16T11:40:37Z	2026-09-16T11:40:55Z	1
35091589125	Script Tests 2/5 — fleet/setup/packaging A (shell suites)	completed	cancelled	2026-09-16T11:40:58Z	2026-09-16T11:48:15Z	1
35091589125	Script Tests 1/5 — session/lifecycle (shell suites)	completed	cancelled	2026-09-16T11:40:58Z	2026-09-16T11:48:16Z	1
35091589125	Script Tests 4/5 — cmux repair + Lead memory (shell suites)	completed	cancelled	2026-09-16T11:40:58Z	2026-09-16T11:48:19Z	1
35091589125	Script Tests 3/5 — fleet/setup/packaging B (shell suites)	completed	cancelled	2026-09-16T11:40:58Z	2026-09-16T11:48:16Z	1
35091589125	NPM payload distribution (endpoint + release pipeline)	completed	success	2026-09-16T11:40:58Z	2026-09-16T11:43:40Z	1
35091589125	Unit (teamlead 1 of 4)	completed	cancelled	2026-09-16T11:40:58Z	2026-09-16T11:48:16Z	1
35091589125	Unit (teamlead 4 of 4)	completed	cancelled	2026-09-16T11:40:59Z	2026-09-16T11:48:18Z	1
35091589125	Script Tests 5/5 — Lead memory remote sync	completed	cancelled	2026-09-16T11:40:58Z	2026-09-16T11:48:16Z	1
35091589125	Unit (heavy)	completed	cancelled	2026-09-16T11:40:58Z	2026-09-16T11:48:17Z	1
35091589125	Unit (teamlead 2 of 4)	completed	cancelled	2026-09-16T11:40:59Z	2026-09-16T11:48:20Z	1
35091589125	Unit (light)	completed	success	2026-09-16T11:40:58Z	2026-09-16T11:45:00Z	1
35091589125	Unit (teamlead 3 of 4)	completed	cancelled	2026-09-16T11:40:59Z	2026-09-16T11:48:19Z	1
35091589125	Unit (observation performance)	completed	success	2026-09-16T11:40:58Z	2026-09-16T11:43:41Z	1
35091589125	CI OK	completed	cancelled	2026-09-16T11:48:21Z	2026-09-16T11:48:21Z	1
35091284431	Quick Gate (build + typecheck + lint)	completed	success	2026-09-16T11:37:13Z	2026-09-16T11:41:34Z	1
35091284431	Classify CI scope	completed	success	2026-09-16T11:37:14Z	2026-09-16T11:37:33Z	1
35091284431	Script Tests 4/5 — cmux repair + Lead memory (shell suites)	completed	success	2026-09-16T11:37:36Z	2026-09-16T11:48:06Z	1
35091284431	NPM payload distribution (endpoint + release pipeline)	completed	success	2026-09-16T11:37:36Z	2026-09-16T11:40:43Z	1
35091284431	Script Tests 3/5 — fleet/setup/packaging B (shell suites)	completed	success	2026-09-16T11:37:36Z	2026-09-16T11:53:40Z	1
35091284431	Script Tests 1/5 — session/lifecycle (shell suites)	completed	success	2026-09-16T11:37:36Z	2026-09-16T11:49:25Z	1
35091284431	Script Tests 2/5 — fleet/setup/packaging A (shell suites)	completed	success	2026-09-16T11:37:36Z	2026-09-16T11:49:07Z	1
35091284431	Unit (light)	completed	success	2026-09-16T11:37:36Z	2026-09-16T11:41:32Z	1
35091284431	Unit (teamlead 4 of 4)	completed	success	2026-09-16T11:37:36Z	2026-09-16T11:46:50Z	1
35091284431	Unit (teamlead 2 of 4)	completed	success	2026-09-16T11:37:36Z	2026-09-16T11:47:21Z	1
35091284431	Unit (teamlead 3 of 4)	completed	success	2026-09-16T11:37:36Z	2026-09-16T11:46:42Z	1
35091284431	Unit (heavy)	completed	success	2026-09-16T11:37:36Z	2026-09-16T11:48:24Z	1
35091284431	Unit (observation performance)	completed	failure	2026-09-16T11:37:36Z	2026-09-16T11:40:22Z	1
35091284431	Script Tests 5/5 — Lead memory remote sync	completed	success	2026-09-16T11:37:36Z	2026-09-16T11:46:10Z	1
35091284431	Unit (teamlead 1 of 4)	completed	success	2026-09-16T11:37:36Z	2026-09-16T11:49:30Z	1
35091284431	CI OK	completed	failure	2026-09-16T11:53:42Z	2026-09-16T11:53:46Z	1
35091284431	Unit (observation performance)	completed	success	2026-09-16T11:54:43Z	2026-09-16T11:57:25Z	2
35091284431	Classify CI scope	completed	success	2026-09-16T11:37:14Z	2026-09-16T11:37:33Z	2
35091284431	Script Tests 3/5 — fleet/setup/packaging B (shell suites)	completed	success	2026-09-16T11:37:36Z	2026-09-16T11:53:40Z	2
35091284431	Script Tests 1/5 — session/lifecycle (shell suites)	completed	success	2026-09-16T11:37:36Z	2026-09-16T11:49:25Z	2
35091284431	Quick Gate (build + typecheck + lint)	completed	success	2026-09-16T11:37:13Z	2026-09-16T11:41:34Z	2
35091284431	Unit (teamlead 2 of 4)	completed	success	2026-09-16T11:37:36Z	2026-09-16T11:47:21Z	2
35091284431	Script Tests 2/5 — fleet/setup/packaging A (shell suites)	completed	success	2026-09-16T11:37:36Z	2026-09-16T11:49:07Z	2
35091284431	Unit (heavy)	completed	success	2026-09-16T11:37:36Z	2026-09-16T11:48:24Z	2
35091284431	Script Tests 4/5 — cmux repair + Lead memory (shell suites)	completed	success	2026-09-16T11:37:36Z	2026-09-16T11:48:06Z	2
35091284431	Unit (light)	completed	success	2026-09-16T11:37:36Z	2026-09-16T11:41:32Z	2
35091284431	Unit (teamlead 3 of 4)	completed	success	2026-09-16T11:37:36Z	2026-09-16T11:46:42Z	2
35091284431	NPM payload distribution (endpoint + release pipeline)	completed	success	2026-09-16T11:37:36Z	2026-09-16T11:40:43Z	2
35091284431	Unit (teamlead 1 of 4)	completed	success	2026-09-16T11:37:36Z	2026-09-16T11:49:30Z	2
35091284431	Script Tests 5/5 — Lead memory remote sync	completed	success	2026-09-16T11:37:36Z	2026-09-16T11:46:10Z	2
35091284431	Unit (teamlead 4 of 4)	completed	success	2026-09-16T11:37:36Z	2026-09-16T11:46:50Z	2
35091284431	CI OK	completed	success	2026-09-16T11:57:28Z	2026-09-16T11:57:30Z	2
35090502825	Quick Gate (build + typecheck + lint)	completed	success	2026-09-16T11:29:03Z	2026-09-16T11:33:51Z	1
35090502825	Classify CI scope	completed	success	2026-09-16T11:29:03Z	2026-09-16T11:29:22Z	1
35090502825	Script Tests 4/5 — cmux repair + Lead memory (shell suites)	completed	success	2026-09-16T11:29:25Z	2026-09-16T11:39:14Z	1
35090502825	NPM payload distribution (endpoint + release pipeline)	completed	success	2026-09-16T11:29:25Z	2026-09-16T11:32:36Z	1
35090502825	Script Tests 1/5 — session/lifecycle (shell suites)	completed	success	2026-09-16T11:29:24Z	2026-09-16T11:41:52Z	1
35090502825	Script Tests 2/5 — fleet/setup/packaging A (shell suites)	completed	success	2026-09-16T11:29:24Z	2026-09-16T11:44:49Z	1
35090502825	Script Tests 3/5 — fleet/setup/packaging B (shell suites)	completed	success	2026-09-16T11:29:25Z	2026-09-16T11:43:20Z	1
35090502825	Script Tests 5/5 — Lead memory remote sync	completed	success	2026-09-16T11:29:25Z	2026-09-16T11:38:15Z	1
35090502825	Unit (teamlead 1 of 4)	completed	success	2026-09-16T11:29:25Z	2026-09-16T11:39:34Z	1
35090502825	Unit (observation performance)	completed	success	2026-09-16T11:29:25Z	2026-09-16T11:32:09Z	1
35090502825	Unit (light)	completed	success	2026-09-16T11:29:24Z	2026-09-16T11:33:28Z	1
35090502825	Unit (teamlead 3 of 4)	completed	success	2026-09-16T11:29:25Z	2026-09-16T11:38:55Z	1
35090502825	Unit (heavy)	completed	success	2026-09-16T11:29:25Z	2026-09-16T11:39:42Z	1
35090502825	Unit (teamlead 2 of 4)	completed	success	2026-09-16T11:29:25Z	2026-09-16T11:40:56Z	1
35090502825	Unit (teamlead 4 of 4)	completed	success	2026-09-16T11:29:25Z	2026-09-16T11:40:56Z	1
35090502825	CI OK	completed	success	2026-09-16T11:44:52Z	2026-09-16T11:44:56Z	1
35089587937	Quick Gate (build + typecheck + lint)	completed	success	2026-09-16T11:18:21Z	2026-09-16T11:23:25Z	1
35089587937	Classify CI scope	completed	success	2026-09-16T11:18:21Z	2026-09-16T11:18:40Z	1
35089587937	Script Tests 5/5 — Lead memory remote sync	completed	success	2026-09-16T11:18:42Z	2026-09-16T11:27:24Z	1
35089587937	Script Tests 2/5 — fleet/setup/packaging A (shell suites)	completed	cancelled	2026-09-16T11:18:43Z	2026-09-16T11:28:44Z	1
35089587937	Script Tests 1/5 — session/lifecycle (shell suites)	completed	cancelled	2026-09-16T11:18:43Z	2026-09-16T11:28:46Z	1
35089587937	Script Tests 3/5 — fleet/setup/packaging B (shell suites)	completed	cancelled	2026-09-16T11:18:42Z	2026-09-16T11:28:47Z	1
35089587937	Script Tests 4/5 — cmux repair + Lead memory (shell suites)	completed	cancelled	2026-09-16T11:18:43Z	2026-09-16T11:28:44Z	1
35089587937	NPM payload distribution (endpoint + release pipeline)	completed	success	2026-09-16T11:18:43Z	2026-09-16T11:21:39Z	1
35089587937	Unit (teamlead 4 of 4)	completed	success	2026-09-16T11:18:42Z	2026-09-16T11:28:07Z	1
35089587937	Unit (observation performance)	completed	success	2026-09-16T11:18:43Z	2026-09-16T11:21:28Z	1
35089587937	Unit (heavy)	completed	cancelled	2026-09-16T11:18:42Z	2026-09-16T11:28:49Z	1
35089587937	Unit (light)	completed	success	2026-09-16T11:18:43Z	2026-09-16T11:22:47Z	1
35089587937	Unit (teamlead 2 of 4)	completed	cancelled	2026-09-16T11:18:43Z	2026-09-16T11:28:50Z	1
35089587937	Unit (teamlead 1 of 4)	completed	cancelled	2026-09-16T11:18:42Z	2026-09-16T11:29:00Z	1
35089587937	Unit (teamlead 3 of 4)	completed	success	2026-09-16T11:18:43Z	2026-09-16T11:27:58Z	1
35089587937	CI OK	completed	cancelled	2026-09-16T11:29:00Z	2026-09-16T11:29:00Z	1
35086012563	Classify CI scope	completed	success	2026-09-16T10:37:54Z	2026-09-16T10:38:12Z	1
35086012563	Quick Gate (build + typecheck + lint)	completed	success	2026-09-16T10:37:53Z	2026-09-16T10:42:52Z	1
35086012563	Script Tests 2/5 — fleet/setup/packaging A (shell suites)	completed	success	2026-09-16T10:38:15Z	2026-09-16T10:53:58Z	1
35086012563	Script Tests 1/5 — session/lifecycle (shell suites)	completed	success	2026-09-16T10:38:16Z	2026-09-16T10:49:57Z	1
35086012563	Script Tests 4/5 — cmux repair + Lead memory (shell suites)	completed	success	2026-09-16T10:38:15Z	2026-09-16T10:46:02Z	1
35086012563	Script Tests 3/5 — fleet/setup/packaging B (shell suites)	completed	success	2026-09-16T10:38:15Z	2026-09-16T10:53:51Z	1
35086012563	Script Tests 5/5 — Lead memory remote sync	completed	success	2026-09-16T10:38:15Z	2026-09-16T10:46:57Z	1
35086012563	NPM payload distribution (endpoint + release pipeline)	completed	success	2026-09-16T10:38:15Z	2026-09-16T10:41:22Z	1
35086012563	Unit (teamlead 4 of 4)	completed	success	2026-09-16T10:38:15Z	2026-09-16T10:49:17Z	1
35086012563	Unit (teamlead 3 of 4)	completed	success	2026-09-16T10:38:16Z	2026-09-16T10:49:32Z	1
35086012563	Unit (observation performance)	completed	success	2026-09-16T10:38:14Z	2026-09-16T10:41:02Z	1
35086012563	Unit (teamlead 2 of 4)	completed	success	2026-09-16T10:38:15Z	2026-09-16T10:49:30Z	1
35086012563	Unit (heavy)	completed	success	2026-09-16T10:38:15Z	2026-09-16T10:47:18Z	1
35086012563	Unit (teamlead 1 of 4)	completed	success	2026-09-16T10:38:15Z	2026-09-16T10:47:49Z	1
35086012563	Unit (light)	completed	success	2026-09-16T10:38:15Z	2026-09-16T10:42:14Z	1
35086012563	CI OK	completed	success	2026-09-16T10:54:01Z	2026-09-16T10:54:04Z	1
35084219498	Quick Gate (build + typecheck + lint)	completed	success	2026-09-16T10:18:01Z	2026-09-16T10:21:22Z	1
35084219498	Classify CI scope	completed	success	2026-09-16T10:18:01Z	2026-09-16T10:18:16Z	1
35084219498	NPM payload distribution (endpoint + release pipeline)	completed	success	2026-09-16T10:18:19Z	2026-09-16T10:21:31Z	1
35084219498	Script Tests 5/5 — Lead memory remote sync	completed	success	2026-09-16T10:18:19Z	2026-09-16T10:27:31Z	1
35084219498	Script Tests 2/5 — fleet/setup/packaging A (shell suites)	completed	failure	2026-09-16T10:18:19Z	2026-09-16T10:27:00Z	1
35084219498	Script Tests 1/5 — session/lifecycle (shell suites)	completed	success	2026-09-16T10:18:19Z	2026-09-16T10:29:59Z	1
35084219498	Script Tests 4/5 — cmux repair + Lead memory (shell suites)	completed	success	2026-09-16T10:18:19Z	2026-09-16T10:28:02Z	1
35084219498	Script Tests 3/5 — fleet/setup/packaging B (shell suites)	completed	success	2026-09-16T10:18:19Z	2026-09-16T10:34:00Z	1
35084219498	Unit (observation performance)	completed	success	2026-09-16T10:18:19Z	2026-09-16T10:20:48Z	1
35084219498	Unit (teamlead 4 of 4)	completed	success	2026-09-16T10:18:19Z	2026-09-16T10:29:23Z	1
35084219498	Unit (heavy)	completed	success	2026-09-16T10:18:19Z	2026-09-16T10:28:37Z	1
35084219498	Unit (light)	completed	success	2026-09-16T10:18:19Z	2026-09-16T10:22:26Z	1
35084219498	Unit (teamlead 3 of 4)	completed	success	2026-09-16T10:18:19Z	2026-09-16T10:29:44Z	1
35084219498	Unit (teamlead 2 of 4)	completed	success	2026-09-16T10:18:19Z	2026-09-16T10:27:15Z	1
35084219498	Unit (teamlead 1 of 4)	completed	success	2026-09-16T10:18:19Z	2026-09-16T10:31:18Z	1
35084219498	CI OK	completed	failure	2026-09-16T10:34:02Z	2026-09-16T10:34:05Z	1
35077974591	Classify CI scope	completed	success	2026-09-16T09:11:17Z	2026-09-16T09:11:39Z	1
35077974591	Quick Gate (build + typecheck + lint)	completed	success	2026-09-16T09:11:16Z	2026-09-16T09:16:29Z	1
35077974591	Script Tests 5/5 — Lead memory remote sync	completed	success	2026-09-16T09:11:41Z	2026-09-16T09:20:11Z	1
35077974591	Script Tests 2/5 — fleet/setup/packaging A (shell suites)	completed	success	2026-09-16T09:11:42Z	2026-09-16T09:27:04Z	1
35077974591	Script Tests 1/5 — session/lifecycle (shell suites)	completed	success	2026-09-16T09:11:42Z	2026-09-16T09:22:07Z	1
35077974591	Script Tests 3/5 — fleet/setup/packaging B (shell suites)	completed	success	2026-09-16T09:11:41Z	2026-09-16T09:27:38Z	1
35077974591	Script Tests 4/5 — cmux repair + Lead memory (shell suites)	completed	success	2026-09-16T09:11:43Z	2026-09-16T09:21:19Z	1
35077974591	Unit (teamlead 4 of 4)	completed	success	2026-09-16T09:11:42Z	2026-09-16T09:22:55Z	1
35077974591	NPM payload distribution (endpoint + release pipeline)	completed	success	2026-09-16T09:11:41Z	2026-09-16T09:14:51Z	1
35077974591	Unit (heavy)	completed	success	2026-09-16T09:11:42Z	2026-09-16T09:22:21Z	1
35077974591	Unit (teamlead 1 of 4)	completed	success	2026-09-16T09:11:41Z	2026-09-16T09:24:24Z	1
35077974591	Unit (teamlead 2 of 4)	completed	success	2026-09-16T09:11:41Z	2026-09-16T09:21:13Z	1
35077974591	Unit (teamlead 3 of 4)	completed	success	2026-09-16T09:11:42Z	2026-09-16T09:21:56Z	1
35077974591	Unit (observation performance)	completed	success	2026-09-16T09:11:42Z	2026-09-16T09:13:56Z	1
35077974591	Unit (light)	completed	success	2026-09-16T09:11:43Z	2026-09-16T09:15:45Z	1
35077974591	CI OK	completed	success	2026-09-16T09:27:41Z	2026-09-16T09:27:56Z	1
35070238970	Quick Gate (build + typecheck + lint)	completed	success	2026-09-16T07:46:22Z	2026-09-16T07:51:39Z	1
35070238970	Classify CI scope	completed	success	2026-09-16T07:46:22Z	2026-09-16T07:46:39Z	1
35070238970	Script Tests 2/5 — fleet/setup/packaging A (shell suites)	completed	success	2026-09-16T07:46:41Z	2026-09-16T08:02:38Z	1
35070238970	Script Tests 3/5 — fleet/setup/packaging B (shell suites)	completed	success	2026-09-16T07:46:42Z	2026-09-16T08:00:32Z	1
35070238970	Script Tests 4/5 — cmux repair + Lead memory (shell suites)	completed	success	2026-09-16T07:46:41Z	2026-09-16T07:57:04Z	1
35070238970	Script Tests 5/5 — Lead memory remote sync	completed	success	2026-09-16T07:46:42Z	2026-09-16T07:55:41Z	1
35070238970	Unit (teamlead 1 of 4)	completed	success	2026-09-16T07:46:42Z	2026-09-16T07:58:45Z	1
35070238970	Script Tests 1/5 — session/lifecycle (shell suites)	completed	success	2026-09-16T07:46:41Z	2026-09-16T07:56:19Z	1
35070238970	Unit (light)	completed	success	2026-09-16T07:46:42Z	2026-09-16T07:50:10Z	1
35070238970	Unit (teamlead 3 of 4)	completed	success	2026-09-16T07:46:42Z	2026-09-16T07:56:56Z	1
35070238970	Unit (teamlead 2 of 4)	completed	success	2026-09-16T07:46:42Z	2026-09-16T07:58:54Z	1
35070238970	Unit (observation performance)	completed	success	2026-09-16T07:46:41Z	2026-09-16T07:49:23Z	1
35070238970	NPM payload distribution (endpoint + release pipeline)	completed	success	2026-09-16T07:46:41Z	2026-09-16T07:49:22Z	1
35070238970	Unit (teamlead 4 of 4)	completed	success	2026-09-16T07:46:42Z	2026-09-16T07:58:04Z	1
35070238970	Unit (heavy)	completed	success	2026-09-16T07:46:42Z	2026-09-16T07:57:14Z	1
35070238970	CI OK	completed	success	2026-09-16T08:02:41Z	2026-09-16T08:02:45Z	1
35069974103	Classify CI scope	completed	success	2026-09-16T07:43:40Z	2026-09-16T07:44:04Z	1
35069974103	Quick Gate (build + typecheck + lint)	completed	success	2026-09-16T07:43:40Z	2026-09-16T07:48:41Z	1
35069974103	Script Tests 3/5 — fleet/setup/packaging B (shell suites)	completed	success	2026-09-16T07:44:07Z	2026-09-16T07:56:50Z	1
35069974103	Script Tests 5/5 — Lead memory remote sync	completed	success	2026-09-16T07:44:06Z	2026-09-16T07:52:50Z	1
35069974103	Script Tests 2/5 — fleet/setup/packaging A (shell suites)	completed	success	2026-09-16T07:44:07Z	2026-09-16T07:59:37Z	1
35069974103	Script Tests 4/5 — cmux repair + Lead memory (shell suites)	completed	success	2026-09-16T07:44:07Z	2026-09-16T07:54:11Z	1
35069974103	Script Tests 1/5 — session/lifecycle (shell suites)	completed	success	2026-09-16T07:44:07Z	2026-09-16T07:56:02Z	1
35069974103	NPM payload distribution (endpoint + release pipeline)	completed	success	2026-09-16T07:44:07Z	2026-09-16T07:47:18Z	1
35069974103	Unit (teamlead 1 of 4)	completed	success	2026-09-16T07:44:43Z	2026-09-16T07:57:23Z	1
35069974103	Unit (teamlead 4 of 4)	completed	success	2026-09-16T07:44:07Z	2026-09-16T07:53:41Z	1
35069974103	Unit (observation performance)	completed	success	2026-09-16T07:44:07Z	2026-09-16T07:46:33Z	1
35069974103	Unit (teamlead 2 of 4)	completed	success	2026-09-16T07:44:07Z	2026-09-16T07:54:51Z	1
35069974103	Unit (heavy)	completed	success	2026-09-16T07:44:07Z	2026-09-16T07:54:16Z	1
35069974103	Unit (teamlead 3 of 4)	completed	success	2026-09-16T07:44:07Z	2026-09-16T07:55:22Z	1
35069974103	Unit (light)	completed	success	2026-09-16T07:44:08Z	2026-09-16T07:48:20Z	1
35069974103	CI OK	completed	success	2026-09-16T07:59:39Z	2026-09-16T07:59:42Z	1
35069092623	Quick Gate (build + typecheck + lint)	completed	success	2026-09-16T07:33:02Z	2026-09-16T07:37:08Z	1
35069092623	Classify CI scope	completed	success	2026-09-16T07:33:02Z	2026-09-16T07:33:18Z	1
35069092623	NPM payload distribution (endpoint + release pipeline)	completed	success	2026-09-16T07:33:20Z	2026-09-16T07:36:22Z	1
35069092623	Script Tests 4/5 — cmux repair + Lead memory (shell suites)	completed	cancelled	2026-09-16T07:33:20Z	2026-09-16T07:43:35Z	1
35069092623	Script Tests 5/5 — Lead memory remote sync	completed	success	2026-09-16T07:33:20Z	2026-09-16T07:41:53Z	1
35069092623	Script Tests 3/5 — fleet/setup/packaging B (shell suites)	completed	cancelled	2026-09-16T07:33:20Z	2026-09-16T07:43:36Z	1
35069092623	Script Tests 2/5 — fleet/setup/packaging A (shell suites)	completed	cancelled	2026-09-16T07:33:20Z	2026-09-16T07:43:33Z	1
35069092623	Script Tests 1/5 — session/lifecycle (shell suites)	completed	cancelled	2026-09-16T07:33:20Z	2026-09-16T07:43:33Z	1
35069092623	Unit (teamlead 4 of 4)	completed	success	2026-09-16T07:33:20Z	2026-09-16T07:41:44Z	1
35069092623	Unit (observation performance)	completed	success	2026-09-16T07:33:20Z	2026-09-16T07:36:17Z	1
35069092623	Unit (teamlead 1 of 4)	completed	cancelled	2026-09-16T07:33:20Z	2026-09-16T07:43:35Z	1
35069092623	Unit (teamlead 2 of 4)	completed	failure	2026-09-16T07:33:20Z	2026-09-16T07:42:10Z	1
35069092623	Unit (teamlead 3 of 4)	completed	cancelled	2026-09-16T07:33:20Z	2026-09-16T07:43:37Z	1
35069092623	Unit (heavy)	completed	cancelled	2026-09-16T07:33:20Z	2026-09-16T07:43:34Z	1
35069092623	Unit (light)	completed	success	2026-09-16T07:33:20Z	2026-09-16T07:36:45Z	1
35069092623	CI OK	completed	cancelled	2026-09-16T07:43:37Z	2026-09-16T07:43:37Z	1
35065285328	Quick Gate (build + typecheck + lint)	completed	success	2026-09-16T06:46:50Z	2026-09-16T06:52:00Z	1
35065285328	Classify CI scope	completed	success	2026-09-16T06:46:50Z	2026-09-16T06:47:07Z	1
35065285328	Script Tests 3/5 — fleet/setup/packaging B (shell suites)	completed	success	2026-09-16T06:47:09Z	2026-09-16T07:03:22Z	1
35065285328	Script Tests 4/5 — cmux repair + Lead memory (shell suites)	completed	success	2026-09-16T06:47:09Z	2026-09-16T06:54:43Z	1
35065285328	NPM payload distribution (endpoint + release pipeline)	completed	success	2026-09-16T06:47:09Z	2026-09-16T06:50:05Z	1
35065285328	Script Tests 5/5 — Lead memory remote sync	completed	success	2026-09-16T06:47:09Z	2026-09-16T06:55:38Z	1
35065285328	Script Tests 1/5 — session/lifecycle (shell suites)	completed	success	2026-09-16T06:47:09Z	2026-09-16T06:59:01Z	1
35065285328	Unit (teamlead 4 of 4)	completed	success	2026-09-16T06:47:09Z	2026-09-16T06:58:18Z	1
35065285328	Unit (heavy)	completed	success	2026-09-16T06:47:09Z	2026-09-16T06:56:36Z	1
35065285328	Unit (light)	completed	success	2026-09-16T06:47:10Z	2026-09-16T06:51:22Z	1
35065285328	Script Tests 2/5 — fleet/setup/packaging A (shell suites)	completed	success	2026-09-16T06:47:10Z	2026-09-16T07:00:39Z	1
35065285328	Unit (teamlead 1 of 4)	completed	success	2026-09-16T06:47:09Z	2026-09-16T06:57:18Z	1
35065285328	Unit (observation performance)	completed	success	2026-09-16T06:47:09Z	2026-09-16T06:49:54Z	1
35065285328	Unit (teamlead 2 of 4)	completed	success	2026-09-16T06:47:09Z	2026-09-16T06:57:40Z	1
35065285328	Unit (teamlead 3 of 4)	completed	success	2026-09-16T06:47:10Z	2026-09-16T06:58:19Z	1
35065285328	CI OK	completed	success	2026-09-16T07:03:24Z	2026-09-16T07:03:26Z	1
35064449671	Classify CI scope	completed	success	2026-09-16T06:35:59Z	2026-09-16T06:36:17Z	1
35064449671	Quick Gate (build + typecheck + lint)	completed	success	2026-09-16T06:35:59Z	2026-09-16T06:41:04Z	1
35064449671	Script Tests 2/5 — fleet/setup/packaging A (shell suites)	completed	success	2026-09-16T06:36:19Z	2026-09-16T06:51:40Z	1
35064449671	Script Tests 4/5 — cmux repair + Lead memory (shell suites)	completed	success	2026-09-16T06:36:20Z	2026-09-16T06:44:57Z	1
35064449671	Script Tests 5/5 — Lead memory remote sync	completed	success	2026-09-16T06:36:19Z	2026-09-16T06:45:05Z	1
35064449671	Script Tests 1/5 — session/lifecycle (shell suites)	completed	success	2026-09-16T06:36:19Z	2026-09-16T06:48:23Z	1
35064449671	Script Tests 3/5 — fleet/setup/packaging B (shell suites)	completed	success	2026-09-16T06:36:19Z	2026-09-16T06:50:01Z	1
35064449671	Unit (teamlead 1 of 4)	completed	success	2026-09-16T06:36:21Z	2026-09-16T06:48:49Z	1
35064449671	Unit (heavy)	completed	success	2026-09-16T06:36:19Z	2026-09-16T06:46:46Z	1
35064449671	Unit (teamlead 2 of 4)	completed	success	2026-09-16T06:36:20Z	2026-09-16T06:48:22Z	1
35064449671	Unit (light)	completed	success	2026-09-16T06:36:19Z	2026-09-16T06:40:21Z	1
35064449671	NPM payload distribution (endpoint + release pipeline)	completed	success	2026-09-16T06:36:19Z	2026-09-16T06:39:25Z	1
35064449671	Unit (teamlead 4 of 4)	completed	success	2026-09-16T06:36:21Z	2026-09-16T06:45:35Z	1
35064449671	Unit (teamlead 3 of 4)	completed	success	2026-09-16T06:36:20Z	2026-09-16T06:47:07Z	1
35064449671	Unit (observation performance)	completed	success	2026-09-16T06:36:19Z	2026-09-16T06:39:09Z	1
35064449671	CI OK	completed	success	2026-09-16T06:51:43Z	2026-09-16T06:51:45Z	1
35060528689	Classify CI scope	completed	success	2026-09-16T05:41:37Z	2026-09-16T05:41:53Z	1
35060528689	Quick Gate (build + typecheck + lint)	completed	success	2026-09-16T05:41:37Z	2026-09-16T05:46:22Z	1
35060528689	NPM payload distribution (endpoint + release pipeline)	completed	success	2026-09-16T05:41:56Z	2026-09-16T05:45:04Z	1
35060528689	Script Tests 1/5 — session/lifecycle (shell suites)	completed	success	2026-09-16T05:41:55Z	2026-09-16T05:53:57Z	1
35060528689	Script Tests 3/5 — fleet/setup/packaging B (shell suites)	completed	success	2026-09-16T05:41:55Z	2026-09-16T05:54:47Z	1
35060528689	Script Tests 5/5 — Lead memory remote sync	completed	success	2026-09-16T05:41:55Z	2026-09-16T05:49:49Z	1
35060528689	Unit (light)	completed	success	2026-09-16T05:41:55Z	2026-09-16T05:45:21Z	1
35060528689	Unit (teamlead 4 of 4)	completed	success	2026-09-16T05:41:55Z	2026-09-16T05:53:25Z	1
35060528689	Unit (heavy)	completed	success	2026-09-16T05:41:55Z	2026-09-16T05:52:46Z	1
35060528689	Script Tests 4/5 — cmux repair + Lead memory (shell suites)	completed	success	2026-09-16T05:41:55Z	2026-09-16T05:52:00Z	1
35060528689	Unit (teamlead 1 of 4)	completed	success	2026-09-16T05:41:56Z	2026-09-16T05:54:46Z	1
35060528689	Unit (teamlead 2 of 4)	completed	success	2026-09-16T05:41:55Z	2026-09-16T05:53:11Z	1
35060528689	Unit (teamlead 3 of 4)	completed	success	2026-09-16T05:41:56Z	2026-09-16T05:53:02Z	1
35060528689	Unit (observation performance)	completed	success	2026-09-16T05:41:55Z	2026-09-16T05:44:36Z	1
35060528689	Script Tests 2/5 — fleet/setup/packaging A (shell suites)	completed	success	2026-09-16T05:41:56Z	2026-09-16T05:57:18Z	1
35060528689	CI OK	completed	success	2026-09-16T05:57:20Z	2026-09-16T05:57:24Z	1
35058953080	Quick Gate (build + typecheck + lint)	completed	success	2026-09-16T05:17:57Z	2026-09-16T05:22:50Z	1
35058953080	Classify CI scope	completed	success	2026-09-16T05:17:57Z	2026-09-16T05:18:15Z	1
35058953080	Script Tests 3/5 — fleet/setup/packaging B (shell suites)	completed	success	2026-09-16T05:18:19Z	2026-09-16T05:33:52Z	1
35058953080	Script Tests 1/5 — session/lifecycle (shell suites)	completed	success	2026-09-16T05:18:18Z	2026-09-16T05:28:26Z	1
35058953080	Script Tests 2/5 — fleet/setup/packaging A (shell suites)	completed	success	2026-09-16T05:18:21Z	2026-09-16T05:33:30Z	1
35058953080	Script Tests 4/5 — cmux repair + Lead memory (shell suites)	completed	success	2026-09-16T05:18:18Z	2026-09-16T05:28:23Z	1
35058953080	Script Tests 5/5 — Lead memory remote sync	completed	success	2026-09-16T05:18:18Z	2026-09-16T05:27:01Z	1
35058953080	NPM payload distribution (endpoint + release pipeline)	completed	success	2026-09-16T05:18:18Z	2026-09-16T05:21:03Z	1
35058953080	Unit (observation performance)	completed	success	2026-09-16T05:18:17Z	2026-09-16T05:21:00Z	1
35058953080	Unit (heavy)	completed	success	2026-09-16T05:18:18Z	2026-09-16T05:29:05Z	1
35058953080	Unit (teamlead 2 of 4)	completed	success	2026-09-16T05:18:18Z	2026-09-16T05:29:29Z	1
35058953080	Unit (light)	completed	success	2026-09-16T05:18:19Z	2026-09-16T05:22:17Z	1
35058953080	Unit (teamlead 1 of 4)	completed	success	2026-09-16T05:18:19Z	2026-09-16T05:31:21Z	1
35058953080	Unit (teamlead 3 of 4)	completed	success	2026-09-16T05:18:17Z	2026-09-16T05:28:45Z	1
35058953080	Unit (teamlead 4 of 4)	completed	success	2026-09-16T05:18:18Z	2026-09-16T05:27:17Z	1
35058953080	CI OK	completed	success	2026-09-16T05:33:55Z	2026-09-16T05:33:58Z	1
35056292123	Classify CI scope	completed	success	2026-09-16T04:37:07Z	2026-09-16T04:37:28Z	1
35056292123	Quick Gate (build + typecheck + lint)	completed	success	2026-09-16T04:37:07Z	2026-09-16T04:41:15Z	1
35056292123	NPM payload distribution (endpoint + release pipeline)	completed	success	2026-09-16T04:37:31Z	2026-09-16T04:40:29Z	1
35056292123	Script Tests 1/5 — session/lifecycle (shell suites)	completed	success	2026-09-16T04:37:30Z	2026-09-16T04:46:12Z	1
35056292123	Script Tests 5/5 — Lead memory remote sync	completed	success	2026-09-16T04:37:31Z	2026-09-16T04:49:30Z	1
35056292123	Script Tests 3/5 — fleet/setup/packaging B (shell suites)	completed	success	2026-09-16T04:37:30Z	2026-09-16T04:51:19Z	1
35056292123	Script Tests 2/5 — fleet/setup/packaging A (shell suites)	completed	success	2026-09-16T04:37:31Z	2026-09-16T04:52:50Z	1
35056292123	Unit (light)	completed	success	2026-09-16T04:37:32Z	2026-09-16T04:41:32Z	1
35056292123	Unit (teamlead 1 of 4)	completed	success	2026-09-16T04:37:31Z	2026-09-16T04:50:08Z	1
35056292123	Unit (teamlead 2 of 4)	completed	success	2026-09-16T04:37:31Z	2026-09-16T04:47:38Z	1
35056292123	Unit (heavy)	completed	success	2026-09-16T04:37:31Z	2026-09-16T04:47:23Z	1
35056292123	Unit (teamlead 4 of 4)	completed	success	2026-09-16T04:37:31Z	2026-09-16T04:48:42Z	1
35056292123	Unit (teamlead 3 of 4)	completed	success	2026-09-16T04:37:31Z	2026-09-16T04:48:34Z	1
35056292123	Script Tests 4/5 — cmux repair + Lead memory (shell suites)	completed	success	2026-09-16T04:37:31Z	2026-09-16T04:47:47Z	1
35056292123	Unit (observation performance)	completed	success	2026-09-16T04:37:30Z	2026-09-16T04:39:34Z	1
35056292123	CI OK	completed	success	2026-09-16T04:52:53Z	2026-09-16T04:52:57Z	1
35053642012	Classify CI scope	completed	success	2026-09-16T03:55:42Z	2026-09-16T03:56:00Z	1
35053642012	Quick Gate (build + typecheck + lint)	completed	success	2026-09-16T03:55:43Z	2026-09-16T04:01:05Z	1
35053642012	Script Tests 3/5 — fleet/setup/packaging B (shell suites)	completed	success	2026-09-16T03:56:02Z	2026-09-16T04:11:37Z	1
35053642012	Script Tests 2/5 — fleet/setup/packaging A (shell suites)	completed	success	2026-09-16T03:56:02Z	2026-09-16T04:12:10Z	1
35053642012	Script Tests 5/5 — Lead memory remote sync	completed	success	2026-09-16T03:56:02Z	2026-09-16T04:04:14Z	1
35053642012	NPM payload distribution (endpoint + release pipeline)	completed	success	2026-09-16T03:56:03Z	2026-09-16T03:59:01Z	1
35053642012	Script Tests 4/5 — cmux repair + Lead memory (shell suites)	completed	success	2026-09-16T03:56:02Z	2026-09-16T04:05:45Z	1
35053642012	Script Tests 1/5 — session/lifecycle (shell suites)	completed	success	2026-09-16T03:56:02Z	2026-09-16T04:05:08Z	1
35053642012	Unit (teamlead 2 of 4)	completed	success	2026-09-16T03:56:02Z	2026-09-16T04:04:55Z	1
35053642012	Unit (teamlead 1 of 4)	completed	success	2026-09-16T03:56:02Z	2026-09-16T04:05:02Z	1
35053642012	Unit (teamlead 4 of 4)	completed	success	2026-09-16T03:56:02Z	2026-09-16T04:07:23Z	1
35053642012	Unit (light)	completed	success	2026-09-16T03:56:02Z	2026-09-16T03:58:47Z	1
35053642012	Unit (observation performance)	completed	success	2026-09-16T03:56:04Z	2026-09-16T03:59:02Z	1
35053642012	Unit (teamlead 3 of 4)	completed	success	2026-09-16T03:56:02Z	2026-09-16T04:06:53Z	1
35053642012	Unit (heavy)	completed	success	2026-09-16T03:56:03Z	2026-09-16T04:06:07Z	1
35053642012	CI OK	completed	success	2026-09-16T04:12:12Z	2026-09-16T04:12:16Z	1
35053507674	Classify CI scope	completed	success	2026-09-16T03:53:54Z	2026-09-16T03:54:11Z	1
35053507674	Quick Gate (build + typecheck + lint)	completed	success	2026-09-16T03:53:54Z	2026-09-16T03:58:18Z	1
35053507674	Script Tests 4/5 — cmux repair + Lead memory (shell suites)	completed	success	2026-09-16T03:54:13Z	2026-09-16T04:04:11Z	1
35053507674	Script Tests 3/5 — fleet/setup/packaging B (shell suites)	completed	success	2026-09-16T03:54:13Z	2026-09-16T04:09:39Z	1
35053507674	Script Tests 5/5 — Lead memory remote sync	completed	success	2026-09-16T03:54:14Z	2026-09-16T04:02:48Z	1
35053507674	Script Tests 1/5 — session/lifecycle (shell suites)	completed	success	2026-09-16T03:54:13Z	2026-09-16T04:06:16Z	1
35053507674	NPM payload distribution (endpoint + release pipeline)	completed	success	2026-09-16T03:54:13Z	2026-09-16T03:57:21Z	1
35053507674	Unit (observation performance)	completed	success	2026-09-16T03:54:14Z	2026-09-16T03:56:58Z	1
35053507674	Unit (teamlead 3 of 4)	completed	success	2026-09-16T03:54:13Z	2026-09-16T04:05:09Z	1
35053507674	Script Tests 2/5 — fleet/setup/packaging A (shell suites)	completed	success	2026-09-16T03:54:13Z	2026-09-16T04:09:43Z	1
35053507674	Unit (heavy)	completed	success	2026-09-16T03:54:13Z	2026-09-16T04:04:43Z	1
35053507674	Unit (teamlead 4 of 4)	completed	success	2026-09-16T03:54:49Z	2026-09-16T04:05:47Z	1
35053507674	Unit (teamlead 2 of 4)	completed	success	2026-09-16T03:54:13Z	2026-09-16T04:04:54Z	1
35053507674	Unit (light)	completed	success	2026-09-16T03:54:13Z	2026-09-16T03:58:04Z	1
35053507674	Unit (teamlead 1 of 4)	completed	success	2026-09-16T03:54:13Z	2026-09-16T04:06:28Z	1
35053507674	CI OK	completed	success	2026-09-16T04:09:47Z	2026-09-16T04:09:50Z	1
35053435246	Classify CI scope	completed	success	2026-09-16T03:52:26Z	2026-09-16T03:52:43Z	1
35053435246	Quick Gate (build + typecheck + lint)	completed	cancelled	2026-09-16T03:52:26Z	2026-09-16T03:53:47Z	1
35053435246	Script Tests 4/5 — cmux repair + Lead memory (shell suites)	completed	cancelled	2026-09-16T03:52:45Z	2026-09-16T03:53:49Z	1
35053435246	Unit (observation performance)	completed	cancelled	2026-09-16T03:52:45Z	2026-09-16T03:53:50Z	1
35053435246	Unit (light)	completed	cancelled	2026-09-16T03:52:45Z	2026-09-16T03:53:48Z	1
35053435246	Unit (teamlead 4 of 4)	completed	cancelled	2026-09-16T03:52:46Z	2026-09-16T03:53:51Z	1
35053435246	Script Tests 2/5 — fleet/setup/packaging A (shell suites)	completed	cancelled	2026-09-16T03:52:45Z	2026-09-16T03:53:48Z	1
35053435246	Script Tests 3/5 — fleet/setup/packaging B (shell suites)	completed	cancelled	2026-09-16T03:52:45Z	2026-09-16T03:53:49Z	1
35053435246	Unit (heavy)	completed	cancelled	2026-09-16T03:52:45Z	2026-09-16T03:53:49Z	1
35053435246	NPM payload distribution (endpoint + release pipeline)	completed	cancelled	2026-09-16T03:52:45Z	2026-09-16T03:53:34Z	1
35053435246	Unit (teamlead 3 of 4)	completed	cancelled	2026-09-16T03:52:45Z	2026-09-16T03:53:49Z	1
35053435246	Unit (teamlead 2 of 4)	completed	cancelled	2026-09-16T03:52:46Z	2026-09-16T03:53:47Z	1
35053435246	Script Tests 1/5 — session/lifecycle (shell suites)	completed	cancelled	2026-09-16T03:52:45Z	2026-09-16T03:53:47Z	1
35053435246	Script Tests 5/5 — Lead memory remote sync	completed	cancelled	2026-09-16T03:52:46Z	2026-09-16T03:53:49Z	1
35053435246	Unit (teamlead 1 of 4)	completed	cancelled	2026-09-16T03:52:45Z	2026-09-16T03:53:49Z	1
35053435246	CI OK	completed	cancelled	2026-09-16T03:53:52Z	2026-09-16T03:53:51Z	1
35053179084	Classify CI scope	completed	success	2026-09-16T03:48:20Z	2026-09-16T03:48:38Z	1
35053179084	Quick Gate (build + typecheck + lint)	completed	success	2026-09-16T03:48:20Z	2026-09-16T03:52:11Z	1
35053179084	Script Tests 1/5 — session/lifecycle (shell suites)	completed	success	2026-09-16T03:48:40Z	2026-09-16T04:00:09Z	1
35053179084	Script Tests 5/5 — Lead memory remote sync	completed	success	2026-09-16T03:48:40Z	2026-09-16T03:56:55Z	1
35053179084	Script Tests 3/5 — fleet/setup/packaging B (shell suites)	completed	success	2026-09-16T03:48:40Z	2026-09-16T04:01:57Z	1
35053179084	Script Tests 2/5 — fleet/setup/packaging A (shell suites)	completed	failure	2026-09-16T03:48:40Z	2026-09-16T04:07:28Z	1
35053179084	NPM payload distribution (endpoint + release pipeline)	completed	success	2026-09-16T03:48:45Z	2026-09-16T03:51:30Z	1
35053179084	Unit (heavy)	completed	success	2026-09-16T03:48:40Z	2026-09-16T03:58:51Z	1
35053179084	Unit (teamlead 4 of 4)	completed	success	2026-09-16T03:48:40Z	2026-09-16T03:59:33Z	1
35053179084	Script Tests 4/5 — cmux repair + Lead memory (shell suites)	completed	success	2026-09-16T03:48:40Z	2026-09-16T03:58:04Z	1
35053179084	Unit (teamlead 3 of 4)	completed	success	2026-09-16T03:48:41Z	2026-09-16T04:00:37Z	1
35053179084	Unit (teamlead 2 of 4)	completed	success	2026-09-16T03:48:40Z	2026-09-16T03:59:46Z	1
35053179084	Unit (teamlead 1 of 4)	completed	success	2026-09-16T03:48:40Z	2026-09-16T04:00:42Z	1
35053179084	Unit (observation performance)	completed	success	2026-09-16T03:48:40Z	2026-09-16T03:51:15Z	1
35053179084	Unit (light)	completed	success	2026-09-16T03:48:40Z	2026-09-16T03:52:32Z	1
35053179084	CI OK	completed	failure	2026-09-16T04:07:31Z	2026-09-16T04:07:33Z	1
35053179084	Script Tests 2/5 — fleet/setup/packaging A (shell suites)	completed	failure	2026-09-16T04:08:30Z	2026-09-16T04:27:36Z	2
35053179084	Script Tests 1/5 — session/lifecycle (shell suites)	completed	success	2026-09-16T03:48:40Z	2026-09-16T04:00:09Z	2
35053179084	Unit (teamlead 2 of 4)	completed	success	2026-09-16T03:48:40Z	2026-09-16T03:59:46Z	2
35053179084	Script Tests 4/5 — cmux repair + Lead memory (shell suites)	completed	success	2026-09-16T03:48:40Z	2026-09-16T03:58:04Z	2
35053179084	Unit (light)	completed	success	2026-09-16T03:48:40Z	2026-09-16T03:52:32Z	2
35053179084	Unit (heavy)	completed	success	2026-09-16T03:48:40Z	2026-09-16T03:58:51Z	2
35053179084	Unit (teamlead 3 of 4)	completed	success	2026-09-16T03:48:41Z	2026-09-16T04:00:37Z	2
35053179084	Unit (teamlead 4 of 4)	completed	success	2026-09-16T03:48:40Z	2026-09-16T03:59:33Z	2
35053179084	NPM payload distribution (endpoint + release pipeline)	completed	success	2026-09-16T03:48:45Z	2026-09-16T03:51:30Z	2
35053179084	Unit (observation performance)	completed	success	2026-09-16T03:48:40Z	2026-09-16T03:51:15Z	2
35053179084	Unit (teamlead 1 of 4)	completed	success	2026-09-16T03:48:40Z	2026-09-16T04:00:42Z	2
35053179084	Quick Gate (build + typecheck + lint)	completed	success	2026-09-16T03:48:20Z	2026-09-16T03:52:11Z	2
35053179084	Script Tests 3/5 — fleet/setup/packaging B (shell suites)	completed	success	2026-09-16T03:48:40Z	2026-09-16T04:01:57Z	2
35053179084	Script Tests 5/5 — Lead memory remote sync	completed	success	2026-09-16T03:48:40Z	2026-09-16T03:56:55Z	2
35053179084	Classify CI scope	completed	success	2026-09-16T03:48:20Z	2026-09-16T03:48:38Z	2
35053179084	CI OK	completed	failure	2026-09-16T04:27:39Z	2026-09-16T04:28:18Z	2
35051048246	Classify CI scope	completed	success	2026-09-16T03:14:57Z	2026-09-16T03:15:13Z	1
35051048246	Quick Gate (build + typecheck + lint)	completed	success	2026-09-16T03:14:57Z	2026-09-16T03:19:55Z	1
35051048246	Script Tests 4/5 — cmux repair + Lead memory (shell suites)	completed	success	2026-09-16T03:15:16Z	2026-09-16T03:25:08Z	1
35051048246	Script Tests 3/5 — fleet/setup/packaging B (shell suites)	completed	failure	2026-09-16T03:15:16Z	2026-09-16T03:22:20Z	1
35051048246	NPM payload distribution (endpoint + release pipeline)	completed	success	2026-09-16T03:15:15Z	2026-09-16T03:18:22Z	1
35051048246	Script Tests 5/5 — Lead memory remote sync	completed	success	2026-09-16T03:15:15Z	2026-09-16T03:23:47Z	1
35051048246	Script Tests 1/5 — session/lifecycle (shell suites)	completed	success	2026-09-16T03:15:16Z	2026-09-16T03:26:35Z	1
35051048246	Script Tests 2/5 — fleet/setup/packaging A (shell suites)	completed	failure	2026-09-16T03:15:16Z	2026-09-16T03:34:08Z	1
35051048246	Unit (teamlead 1 of 4)	completed	failure	2026-09-16T03:15:16Z	2026-09-16T03:24:30Z	1
35051048246	Unit (light)	completed	success	2026-09-16T03:15:16Z	2026-09-16T03:19:05Z	1
35051048246	Unit (teamlead 3 of 4)	completed	success	2026-09-16T03:15:16Z	2026-09-16T03:24:42Z	1
35051048246	Unit (teamlead 4 of 4)	completed	failure	2026-09-16T03:15:15Z	2026-09-16T03:26:37Z	1
35051048246	Unit (teamlead 2 of 4)	completed	success	2026-09-16T03:15:16Z	2026-09-16T03:26:05Z	1
35051048246	Unit (observation performance)	completed	failure	2026-09-16T03:15:16Z	2026-09-16T03:17:58Z	1
35051048246	Unit (heavy)	completed	success	2026-09-16T03:15:16Z	2026-09-16T03:25:57Z	1
35051048246	CI OK	completed	failure	2026-09-16T03:34:10Z	2026-09-16T03:34:13Z	1
35050834059	Quick Gate (build + typecheck + lint)	completed	failure	2026-09-16T03:11:11Z	2026-09-16T03:11:27Z	1
35050834059	Classify CI scope	completed	success	2026-09-16T03:11:11Z	2026-09-16T03:11:29Z	1
35050834059	NPM payload distribution (endpoint + release pipeline)	completed	success	2026-09-16T03:11:31Z	2026-09-16T03:14:17Z	1
35050834059	Script Tests 3/5 — fleet/setup/packaging B (shell suites)	completed	cancelled	2026-09-16T03:11:31Z	2026-09-16T03:14:51Z	1
35050834059	Script Tests 5/5 — Lead memory remote sync	completed	cancelled	2026-09-16T03:11:31Z	2026-09-16T03:14:50Z	1
35050834059	Script Tests 1/5 — session/lifecycle (shell suites)	completed	cancelled	2026-09-16T03:11:32Z	2026-09-16T03:14:53Z	1
35050834059	Script Tests 2/5 — fleet/setup/packaging A (shell suites)	completed	cancelled	2026-09-16T03:11:31Z	2026-09-16T03:14:47Z	1
35050834059	Script Tests 4/5 — cmux repair + Lead memory (shell suites)	completed	cancelled	2026-09-16T03:11:31Z	2026-09-16T03:14:53Z	1
35050834059	Unit (teamlead 4 of 4)	completed	cancelled	2026-09-16T03:11:31Z	2026-09-16T03:14:52Z	1
35050834059	Unit (heavy)	completed	cancelled	2026-09-16T03:11:31Z	2026-09-16T03:14:51Z	1
35050834059	Unit (teamlead 2 of 4)	completed	cancelled	2026-09-16T03:11:31Z	2026-09-16T03:14:51Z	1
35050834059	Unit (teamlead 1 of 4)	completed	cancelled	2026-09-16T03:11:32Z	2026-09-16T03:14:54Z	1
35050834059	Unit (observation performance)	completed	success	2026-09-16T03:11:33Z	2026-09-16T03:14:19Z	1
35050834059	Unit (teamlead 3 of 4)	completed	cancelled	2026-09-16T03:11:31Z	2026-09-16T03:14:52Z	1
35050834059	Unit (light)	completed	cancelled	2026-09-16T03:11:31Z	2026-09-16T03:14:53Z	1
35050834059	CI OK	completed	cancelled	2026-09-16T03:14:55Z	2026-09-16T03:14:54Z	1
35049264555	Classify CI scope	completed	success	2026-09-16T02:46:44Z	2026-09-16T02:46:58Z	1
35049264555	Quick Gate (build + typecheck + lint)	completed	success	2026-09-16T02:46:44Z	2026-09-16T02:51:53Z	1
35049264555	Script Tests 2/5 — fleet/setup/packaging A (shell suites)	completed	success	2026-09-16T02:47:03Z	2026-09-16T03:02:36Z	1
35049264555	Script Tests 3/5 — fleet/setup/packaging B (shell suites)	completed	success	2026-09-16T02:47:02Z	2026-09-16T03:02:21Z	1
35049264555	Script Tests 5/5 — Lead memory remote sync	completed	success	2026-09-16T02:47:00Z	2026-09-16T02:55:34Z	1
35049264555	Script Tests 1/5 — session/lifecycle (shell suites)	completed	success	2026-09-16T02:47:00Z	2026-09-16T02:58:50Z	1
35049264555	Script Tests 4/5 — cmux repair + Lead memory (shell suites)	completed	success	2026-09-16T02:47:36Z	2026-09-16T02:57:18Z	1
35049264555	Unit (teamlead 4 of 4)	completed	success	2026-09-16T02:47:01Z	2026-09-16T02:58:47Z	1
35049264555	Unit (teamlead 3 of 4)	completed	success	2026-09-16T02:47:01Z	2026-09-16T02:58:26Z	1
35049264555	Unit (teamlead 2 of 4)	completed	success	2026-09-16T02:47:00Z	2026-09-16T02:57:34Z	1
35049264555	Unit (light)	completed	success	2026-09-16T02:47:01Z	2026-09-16T02:51:10Z	1
35049264555	NPM payload distribution (endpoint + release pipeline)	completed	success	2026-09-16T02:47:01Z	2026-09-16T02:50:10Z	1
35049264555	Unit (observation performance)	completed	success	2026-09-16T02:47:00Z	2026-09-16T02:49:27Z	1
35049264555	Unit (heavy)	completed	success	2026-09-16T02:47:37Z	2026-09-16T02:57:59Z	1
35049264555	Unit (teamlead 1 of 4)	completed	success	2026-09-16T02:47:01Z	2026-09-16T02:58:01Z	1
35049264555	CI OK	completed	success	2026-09-16T03:02:38Z	2026-09-16T03:02:41Z	1
35049015888	Classify CI scope	completed	success	2026-09-16T02:42:31Z	2026-09-16T02:42:48Z	1
35049015888	Quick Gate (build + typecheck + lint)	completed	success	2026-09-16T02:42:32Z	2026-09-16T02:47:29Z	1
35049015888	Script Tests 3/5 — fleet/setup/packaging B (shell suites)	completed	success	2026-09-16T02:42:50Z	2026-09-16T02:54:57Z	1
35049015888	Script Tests 4/5 — cmux repair + Lead memory (shell suites)	completed	success	2026-09-16T02:42:50Z	2026-09-16T02:52:20Z	1
35049015888	Script Tests 2/5 — fleet/setup/packaging A (shell suites)	completed	success	2026-09-16T02:42:51Z	2026-09-16T02:56:27Z	1
35049015888	NPM payload distribution (endpoint + release pipeline)	completed	success	2026-09-16T02:42:50Z	2026-09-16T02:46:01Z	1
35049015888	Script Tests 5/5 — Lead memory remote sync	completed	success	2026-09-16T02:42:52Z	2026-09-16T02:51:28Z	1
35049015888	Script Tests 1/5 — session/lifecycle (shell suites)	completed	success	2026-09-16T02:42:50Z	2026-09-16T02:51:28Z	1
35049015888	Unit (teamlead 2 of 4)	completed	failure	2026-09-16T02:42:50Z	2026-09-16T02:51:33Z	1
35049015888	Unit (observation performance)	completed	success	2026-09-16T02:42:50Z	2026-09-16T02:45:33Z	1
35049015888	Unit (teamlead 3 of 4)	completed	failure	2026-09-16T02:42:51Z	2026-09-16T02:53:24Z	1
35049015888	Unit (light)	completed	success	2026-09-16T02:42:50Z	2026-09-16T02:46:50Z	1
35049015888	Unit (teamlead 1 of 4)	completed	success	2026-09-16T02:42:50Z	2026-09-16T02:52:44Z	1
35049015888	Unit (teamlead 4 of 4)	completed	success	2026-09-16T02:42:51Z	2026-09-16T02:53:49Z	1
35049015888	Unit (heavy)	completed	success	2026-09-16T02:42:58Z	2026-09-16T02:53:24Z	1
35049015888	CI OK	completed	failure	2026-09-16T02:56:29Z	2026-09-16T02:56:32Z	1
35048822847	Quick Gate (build + typecheck + lint)	completed	success	2026-09-16T02:39:32Z	2026-09-16T02:44:40Z	1
35048822847	Classify CI scope	completed	success	2026-09-16T02:39:31Z	2026-09-16T02:39:50Z	1
35048822847	Script Tests 3/5 — fleet/setup/packaging B (shell suites)	completed	success	2026-09-16T02:39:52Z	2026-09-16T02:54:01Z	1
35048822847	Script Tests 4/5 — cmux repair + Lead memory (shell suites)	completed	success	2026-09-16T02:39:52Z	2026-09-16T02:49:31Z	1
35048822847	Script Tests 2/5 — fleet/setup/packaging A (shell suites)	completed	success	2026-09-16T02:39:52Z	2026-09-16T02:54:54Z	1
35048822847	Script Tests 5/5 — Lead memory remote sync	completed	success	2026-09-16T02:39:52Z	2026-09-16T02:48:14Z	1
35048822847	Script Tests 1/5 — session/lifecycle (shell suites)	completed	success	2026-09-16T02:39:52Z	2026-09-16T02:48:31Z	1
35048822847	NPM payload distribution (endpoint + release pipeline)	completed	success	2026-09-16T02:39:52Z	2026-09-16T02:42:54Z	1
35048822847	Unit (heavy)	completed	success	2026-09-16T02:39:52Z	2026-09-16T02:50:00Z	1
35048822847	Unit (observation performance)	completed	success	2026-09-16T02:39:54Z	2026-09-16T02:42:33Z	1
35048822847	Unit (teamlead 1 of 4)	completed	success	2026-09-16T02:39:52Z	2026-09-16T02:51:41Z	1
35048822847	Unit (teamlead 2 of 4)	completed	success	2026-09-16T02:39:52Z	2026-09-16T02:51:02Z	1
35048822847	Unit (light)	completed	success	2026-09-16T02:39:52Z	2026-09-16T02:43:59Z	1
35048822847	Unit (teamlead 3 of 4)	completed	success	2026-09-16T02:39:52Z	2026-09-16T02:47:26Z	1
35048822847	Unit (teamlead 4 of 4)	completed	success	2026-09-16T02:39:52Z	2026-09-16T02:50:44Z	1
35048822847	CI OK	completed	success	2026-09-16T02:54:56Z	2026-09-16T02:55:00Z	1
35048613515	Quick Gate (build + typecheck + lint)	completed	success	2026-09-16T02:36:44Z	2026-09-16T02:41:34Z	1
35048613515	Classify CI scope	completed	success	2026-09-16T02:36:09Z	2026-09-16T02:36:27Z	1
35048613515	Script Tests 3/5 — fleet/setup/packaging B (shell suites)	completed	cancelled	2026-09-16T02:36:29Z	2026-09-16T02:46:40Z	1
35048613515	Script Tests 2/5 — fleet/setup/packaging A (shell suites)	completed	cancelled	2026-09-16T02:36:29Z	2026-09-16T02:46:40Z	1
35048613515	Script Tests 1/5 — session/lifecycle (shell suites)	completed	cancelled	2026-09-16T02:36:29Z	2026-09-16T02:46:41Z	1
35048613515	Script Tests 4/5 — cmux repair + Lead memory (shell suites)	completed	success	2026-09-16T02:36:29Z	2026-09-16T02:45:13Z	1
35048613515	NPM payload distribution (endpoint + release pipeline)	completed	success	2026-09-16T02:36:29Z	2026-09-16T02:39:37Z	1
35048613515	Script Tests 5/5 — Lead memory remote sync	completed	success	2026-09-16T02:36:29Z	2026-09-16T02:45:09Z	1
35048613515	Unit (teamlead 2 of 4)	completed	cancelled	2026-09-16T02:36:29Z	2026-09-16T02:46:39Z	1
35048613515	Unit (observation performance)	completed	success	2026-09-16T02:36:29Z	2026-09-16T02:39:07Z	1
35048613515	Unit (heavy)	completed	success	2026-09-16T02:36:29Z	2026-09-16T02:45:24Z	1
35048613515	Unit (teamlead 1 of 4)	completed	success	2026-09-16T02:36:30Z	2026-09-16T02:45:54Z	1
35048613515	Unit (light)	completed	success	2026-09-16T02:36:29Z	2026-09-16T02:40:41Z	1
35048613515	Unit (teamlead 3 of 4)	completed	success	2026-09-16T02:36:29Z	2026-09-16T02:43:46Z	1
35048613515	Unit (teamlead 4 of 4)	completed	cancelled	2026-09-16T02:36:29Z	2026-09-16T02:46:27Z	1
35048613515	CI OK	completed	cancelled	2026-09-16T02:46:42Z	2026-09-16T02:46:41Z	1
35047674900	Quick Gate (build + typecheck + lint)	completed	success	2026-09-16T02:21:42Z	2026-09-16T02:25:22Z	1
35047674900	Classify CI scope	completed	success	2026-09-16T02:21:42Z	2026-09-16T02:22:02Z	1
35047674900	Script Tests 5/5 — Lead memory remote sync	completed	success	2026-09-16T02:22:04Z	2026-09-16T02:31:07Z	1
35047674900	Script Tests 4/5 — cmux repair + Lead memory (shell suites)	completed	success	2026-09-16T02:22:04Z	2026-09-16T02:32:16Z	1
35047674900	Script Tests 3/5 — fleet/setup/packaging B (shell suites)	completed	success	2026-09-16T02:22:04Z	2026-09-16T02:37:30Z	1
35047674900	Script Tests 1/5 — session/lifecycle (shell suites)	completed	success	2026-09-16T02:22:04Z	2026-09-16T02:34:06Z	1
35047674900	NPM payload distribution (endpoint + release pipeline)	completed	success	2026-09-16T02:22:04Z	2026-09-16T02:25:09Z	1
35047674900	Script Tests 2/5 — fleet/setup/packaging A (shell suites)	completed	success	2026-09-16T02:22:05Z	2026-09-16T02:37:26Z	1
35047674900	Unit (observation performance)	completed	success	2026-09-16T02:22:04Z	2026-09-16T02:24:36Z	1
35047674900	Unit (teamlead 1 of 4)	completed	success	2026-09-16T02:22:04Z	2026-09-16T02:32:48Z	1
35047674900	Unit (teamlead 2 of 4)	completed	success	2026-09-16T02:22:04Z	2026-09-16T02:32:32Z	1
35047674900	Unit (teamlead 4 of 4)	completed	success	2026-09-16T02:22:04Z	2026-09-16T02:31:51Z	1
35047674900	Unit (heavy)	completed	success	2026-09-16T02:22:24Z	2026-09-16T02:32:32Z	1
35047674900	Unit (light)	completed	success	2026-09-16T02:22:04Z	2026-09-16T02:25:51Z	1
35047674900	Unit (teamlead 3 of 4)	completed	success	2026-09-16T02:22:41Z	2026-09-16T02:33:04Z	1
35047674900	CI OK	completed	success	2026-09-16T02:37:32Z	2026-09-16T02:37:35Z	1
35047663435	Quick Gate (build + typecheck + lint)	completed	success	2026-09-16T02:21:40Z	2026-09-16T02:25:42Z	1
35047663435	Classify CI scope	completed	success	2026-09-16T02:21:40Z	2026-09-16T02:21:56Z	1
35047663435	Script Tests 4/5 — cmux repair + Lead memory (shell suites)	completed	success	2026-09-16T02:21:59Z	2026-09-16T02:31:45Z	1
35047663435	Script Tests 5/5 — Lead memory remote sync	completed	success	2026-09-16T02:21:58Z	2026-09-16T02:30:28Z	1
35047663435	Script Tests 2/5 — fleet/setup/packaging A (shell suites)	completed	success	2026-09-16T02:21:58Z	2026-09-16T02:37:18Z	1
35047663435	NPM payload distribution (endpoint + release pipeline)	completed	success	2026-09-16T02:21:59Z	2026-09-16T02:25:01Z	1
35047663435	Script Tests 1/5 — session/lifecycle (shell suites)	completed	success	2026-09-16T02:21:58Z	2026-09-16T02:32:46Z	1
35047663435	Unit (teamlead 4 of 4)	completed	success	2026-09-16T02:21:58Z	2026-09-16T02:33:03Z	1
35047663435	Unit (observation performance)	completed	success	2026-09-16T02:21:58Z	2026-09-16T02:24:39Z	1
35047663435	Unit (light)	completed	success	2026-09-16T02:21:58Z	2026-09-16T02:26:04Z	1
35047663435	Script Tests 3/5 — fleet/setup/packaging B (shell suites)	completed	success	2026-09-16T02:21:58Z	2026-09-16T02:37:11Z	1
35047663435	Unit (teamlead 1 of 4)	completed	success	2026-09-16T02:21:59Z	2026-09-16T02:32:57Z	1
35047663435	Unit (teamlead 2 of 4)	completed	success	2026-09-16T02:21:58Z	2026-09-16T02:32:27Z	1
35047663435	Unit (heavy)	completed	success	2026-09-16T02:21:58Z	2026-09-16T02:32:16Z	1
35047663435	Unit (teamlead 3 of 4)	completed	success	2026-09-16T02:21:58Z	2026-09-16T02:33:07Z	1
35047663435	CI OK	completed	success	2026-09-16T02:37:22Z	2026-09-16T02:37:26Z	1
35047597544	Quick Gate (build + typecheck + lint)	completed	cancelled	2026-09-16T02:20:49Z	2026-09-16T02:21:32Z	1
35047597544	Classify CI scope	completed	success	2026-09-16T02:20:49Z	2026-09-16T02:21:06Z	1
35047597544	Script Tests 4/5 — cmux repair + Lead memory (shell suites)	completed	cancelled	2026-09-16T02:21:08Z	2026-09-16T02:21:32Z	1
35047597544	Script Tests 2/5 — fleet/setup/packaging A (shell suites)	completed	cancelled	2026-09-16T02:21:09Z	2026-09-16T02:21:32Z	1
35047597544	Script Tests 3/5 — fleet/setup/packaging B (shell suites)	completed	cancelled	2026-09-16T02:21:08Z	2026-09-16T02:21:32Z	1
35047597544	Script Tests 5/5 — Lead memory remote sync	completed	cancelled	2026-09-16T02:21:10Z	2026-09-16T02:21:33Z	1
35047597544	Script Tests 1/5 — session/lifecycle (shell suites)	completed	cancelled	2026-09-16T02:21:09Z	2026-09-16T02:21:32Z	1
35047597544	NPM payload distribution (endpoint + release pipeline)	completed	cancelled	2026-09-16T02:21:08Z	2026-09-16T02:21:37Z	1
35047597544	Unit (teamlead 1 of 4)	completed	cancelled	2026-09-16T02:21:09Z	2026-09-16T02:21:32Z	1
35047597544	Unit (teamlead 2 of 4)	completed	cancelled	2026-09-16T02:21:08Z	2026-09-16T02:21:31Z	1
35047597544	Unit (teamlead 3 of 4)	completed	cancelled	2026-09-16T02:21:09Z	2026-09-16T02:21:32Z	1
35047597544	Unit (light)	completed	cancelled	2026-09-16T02:21:09Z	2026-09-16T02:21:37Z	1
35047597544	Unit (teamlead 4 of 4)	completed	cancelled	2026-09-16T02:21:08Z	2026-09-16T02:21:37Z	1
35047597544	Unit (observation performance)	completed	cancelled	2026-09-16T02:21:09Z	2026-09-16T02:21:32Z	1
35047597544	Unit (heavy)	completed	cancelled	2026-09-16T02:21:10Z	2026-09-16T02:21:33Z	1
35047597544	CI OK	completed	cancelled	2026-09-16T02:21:38Z	2026-09-16T02:21:38Z	1
35046992511	Classify CI scope	completed	success	2026-09-16T02:11:21Z	2026-09-16T02:11:39Z	1
35046992511	Quick Gate (build + typecheck + lint)	completed	success	2026-09-16T02:11:23Z	2026-09-16T02:16:22Z	1
35046992511	Script Tests 4/5 — cmux repair + Lead memory (shell suites)	completed	cancelled	2026-09-16T02:11:41Z	2026-09-16T02:20:42Z	1
35046992511	Script Tests 3/5 — fleet/setup/packaging B (shell suites)	completed	failure	2026-09-16T02:11:42Z	2026-09-16T02:15:00Z	1
35046992511	NPM payload distribution (endpoint + release pipeline)	completed	success	2026-09-16T02:11:41Z	2026-09-16T02:14:37Z	1
35046992511	Script Tests 2/5 — fleet/setup/packaging A (shell suites)	completed	cancelled	2026-09-16T02:11:41Z	2026-09-16T02:20:43Z	1
35046992511	Script Tests 1/5 — session/lifecycle (shell suites)	completed	cancelled	2026-09-16T02:11:42Z	2026-09-16T02:20:44Z	1
35046992511	Script Tests 5/5 — Lead memory remote sync	completed	success	2026-09-16T02:11:42Z	2026-09-16T02:20:07Z	1
35046992511	Unit (observation performance)	completed	success	2026-09-16T02:11:42Z	2026-09-16T02:14:22Z	1
35046992511	Unit (teamlead 2 of 4)	completed	cancelled	2026-09-16T02:11:42Z	2026-09-16T02:20:44Z	1
35046992511	Unit (teamlead 4 of 4)	completed	cancelled	2026-09-16T02:11:41Z	2026-09-16T02:20:44Z	1
35046992511	Unit (light)	completed	success	2026-09-16T02:11:41Z	2026-09-16T02:15:25Z	1
35046992511	Unit (teamlead 3 of 4)	completed	cancelled	2026-09-16T02:11:41Z	2026-09-16T02:20:40Z	1
35046992511	Unit (heavy)	completed	cancelled	2026-09-16T02:11:42Z	2026-09-16T02:20:47Z	1
35046992511	Unit (teamlead 1 of 4)	completed	cancelled	2026-09-16T02:11:43Z	2026-09-16T02:20:43Z	1
35046992511	CI OK	completed	cancelled	2026-09-16T02:20:47Z	2026-09-16T02:20:47Z	1
35046868165	Quick Gate (build + typecheck + lint)	completed	cancelled	2026-09-16T02:09:28Z	2026-09-16T02:11:18Z	1
35046868165	Classify CI scope	completed	success	2026-09-16T02:09:28Z	2026-09-16T02:09:47Z	1
35046868165	Script Tests 3/5 — fleet/setup/packaging B (shell suites)	completed	cancelled	2026-09-16T02:09:49Z	2026-09-16T02:11:15Z	1
35046868165	Script Tests 1/5 — session/lifecycle (shell suites)	completed	cancelled	2026-09-16T02:09:49Z	2026-09-16T02:11:15Z	1
35046868165	Script Tests 5/5 — Lead memory remote sync	completed	cancelled	2026-09-16T02:09:49Z	2026-09-16T02:11:16Z	1
35046868165	Script Tests 4/5 — cmux repair + Lead memory (shell suites)	completed	cancelled	2026-09-16T02:09:49Z	2026-09-16T02:11:18Z	1
35046868165	Unit (teamlead 4 of 4)	completed	cancelled	2026-09-16T02:09:49Z	2026-09-16T02:11:16Z	1
35046868165	Script Tests 2/5 — fleet/setup/packaging A (shell suites)	completed	cancelled	2026-09-16T02:09:50Z	2026-09-16T02:11:17Z	1
35046868165	Unit (teamlead 2 of 4)	completed	cancelled	2026-09-16T02:09:49Z	2026-09-16T02:11:17Z	1
35046868165	Unit (teamlead 1 of 4)	completed	cancelled	2026-09-16T02:09:49Z	2026-09-16T02:11:16Z	1
35046868165	Unit (observation performance)	completed	cancelled	2026-09-16T02:09:49Z	2026-09-16T02:11:16Z	1
35046868165	NPM payload distribution (endpoint + release pipeline)	completed	cancelled	2026-09-16T02:09:49Z	2026-09-16T02:11:06Z	1
35046868165	Unit (teamlead 3 of 4)	completed	cancelled	2026-09-16T02:09:49Z	2026-09-16T02:11:16Z	1
35046868165	Unit (heavy)	completed	cancelled	2026-09-16T02:09:49Z	2026-09-16T02:11:17Z	1
35046868165	Unit (light)	completed	cancelled	2026-09-16T02:09:49Z	2026-09-16T02:11:16Z	1
35046868165	CI OK	completed	cancelled	2026-09-16T02:11:19Z	2026-09-16T02:11:19Z	1
35046635597	Quick Gate (build + typecheck + lint)	completed	cancelled	2026-09-16T02:05:55Z	2026-09-16T02:09:23Z	1
35046635597	Classify CI scope	completed	success	2026-09-16T02:05:55Z	2026-09-16T02:06:14Z	1
35046635597	Script Tests 4/5 — cmux repair + Lead memory (shell suites)	completed	cancelled	2026-09-16T02:06:18Z	2026-09-16T02:09:24Z	1
35046635597	Script Tests 2/5 — fleet/setup/packaging A (shell suites)	completed	cancelled	2026-09-16T02:06:17Z	2026-09-16T02:09:17Z	1
35046635597	NPM payload distribution (endpoint + release pipeline)	completed	cancelled	2026-09-16T02:06:18Z	2026-09-16T02:09:19Z	1
35046635597	Script Tests 3/5 — fleet/setup/packaging B (shell suites)	completed	cancelled	2026-09-16T02:06:17Z	2026-09-16T02:09:18Z	1
35046635597	Script Tests 1/5 — session/lifecycle (shell suites)	completed	cancelled	2026-09-16T02:06:17Z	2026-09-16T02:09:19Z	1
35046635597	Unit (teamlead 3 of 4)	completed	cancelled	2026-09-16T02:06:17Z	2026-09-16T02:09:23Z	1
35046635597	Unit (teamlead 4 of 4)	completed	cancelled	2026-09-16T02:06:18Z	2026-09-16T02:09:24Z	1
35046635597	Script Tests 5/5 — Lead memory remote sync	completed	cancelled	2026-09-16T02:06:18Z	2026-09-16T02:09:23Z	1
35046635597	Unit (teamlead 1 of 4)	completed	cancelled	2026-09-16T02:06:17Z	2026-09-16T02:09:22Z	1
35046635597	Unit (observation performance)	completed	failure	2026-09-16T02:06:18Z	2026-09-16T02:08:47Z	1
35046635597	Unit (light)	completed	cancelled	2026-09-16T02:06:18Z	2026-09-16T02:09:25Z	1
35046635597	Unit (teamlead 2 of 4)	completed	cancelled	2026-09-16T02:06:18Z	2026-09-16T02:09:23Z	1
35046635597	Unit (heavy)	completed	cancelled	2026-09-16T02:06:17Z	2026-09-16T02:09:23Z	1
35046635597	CI OK	completed	cancelled	2026-09-16T02:09:26Z	2026-09-16T02:09:25Z	1
35046020846	Classify CI scope	completed	success	2026-09-16T01:56:36Z	2026-09-16T01:56:55Z	1
35046020846	Quick Gate (build + typecheck + lint)	completed	success	2026-09-16T01:56:36Z	2026-09-16T02:00:48Z	1
35046020846	Script Tests 1/5 — session/lifecycle (shell suites)	completed	cancelled	2026-09-16T01:56:57Z	2026-09-16T02:05:51Z	1
35046020846	Script Tests 2/5 — fleet/setup/packaging A (shell suites)	completed	cancelled	2026-09-16T01:56:57Z	2026-09-16T02:05:48Z	1
35046020846	Script Tests 3/5 — fleet/setup/packaging B (shell suites)	completed	cancelled	2026-09-16T01:56:57Z	2026-09-16T02:05:51Z	1
35046020846	Script Tests 5/5 — Lead memory remote sync	completed	success	2026-09-16T01:56:57Z	2026-09-16T02:05:11Z	1
35046020846	Script Tests 4/5 — cmux repair + Lead memory (shell suites)	completed	cancelled	2026-09-16T01:56:57Z	2026-09-16T02:05:45Z	1
35046020846	NPM payload distribution (endpoint + release pipeline)	completed	success	2026-09-16T01:56:57Z	2026-09-16T02:00:32Z	1
35046020846	Unit (observation performance)	completed	success	2026-09-16T01:56:57Z	2026-09-16T01:59:42Z	1
35046020846	Unit (teamlead 3 of 4)	completed	cancelled	2026-09-16T01:56:57Z	2026-09-16T02:05:51Z	1
35046020846	Unit (light)	completed	success	2026-09-16T01:56:57Z	2026-09-16T02:00:45Z	1
35046020846	Unit (heavy)	completed	failure	2026-09-16T01:56:57Z	2026-09-16T02:05:16Z	1
35046020846	Unit (teamlead 4 of 4)	completed	cancelled	2026-09-16T01:56:57Z	2026-09-16T02:05:51Z	1
35046020846	Unit (teamlead 1 of 4)	completed	cancelled	2026-09-16T01:56:58Z	2026-09-16T02:05:52Z	1
35046020846	Unit (teamlead 2 of 4)	completed	cancelled	2026-09-16T01:56:57Z	2026-09-16T02:05:51Z	1
35046020846	CI OK	completed	cancelled	2026-09-16T02:05:53Z	2026-09-16T02:05:52Z	1
35045877219	Classify CI scope	completed	success	2026-09-16T01:54:20Z	2026-09-16T01:54:38Z	1
35045877219	Quick Gate (build + typecheck + lint)	completed	cancelled	2026-09-16T01:54:20Z	2026-09-16T01:56:28Z	1
35045877219	Script Tests 2/5 — fleet/setup/packaging A (shell suites)	completed	cancelled	2026-09-16T01:54:40Z	2026-09-16T01:56:22Z	1
35045877219	Script Tests 3/5 — fleet/setup/packaging B (shell suites)	completed	cancelled	2026-09-16T01:54:42Z	2026-09-16T01:56:33Z	1
35045877219	Script Tests 1/5 — session/lifecycle (shell suites)	completed	cancelled	2026-09-16T01:54:40Z	2026-09-16T01:56:27Z	1
35045877219	Script Tests 4/5 — cmux repair + Lead memory (shell suites)	completed	cancelled	2026-09-16T01:54:40Z	2026-09-16T01:56:32Z	1
35045877219	Unit (observation performance)	completed	cancelled	2026-09-16T01:54:40Z	2026-09-16T01:56:31Z	1
35045877219	Unit (teamlead 3 of 4)	completed	cancelled	2026-09-16T01:54:40Z	2026-09-16T01:56:32Z	1
35045877219	Unit (teamlead 4 of 4)	completed	cancelled	2026-09-16T01:54:40Z	2026-09-16T01:56:28Z	1
35045877219	Script Tests 5/5 — Lead memory remote sync	completed	cancelled	2026-09-16T01:54:40Z	2026-09-16T01:56:30Z	1
35045877219	Unit (teamlead 1 of 4)	completed	cancelled	2026-09-16T01:54:40Z	2026-09-16T01:56:29Z	1
35045877219	Unit (heavy)	completed	cancelled	2026-09-16T01:54:40Z	2026-09-16T01:56:26Z	1
35045877219	Unit (teamlead 2 of 4)	completed	cancelled	2026-09-16T01:54:40Z	2026-09-16T01:56:33Z	1
35045877219	NPM payload distribution (endpoint + release pipeline)	completed	cancelled	2026-09-16T01:54:40Z	2026-09-16T01:56:31Z	1
35045877219	Unit (light)	completed	cancelled	2026-09-16T01:54:40Z	2026-09-16T01:56:30Z	1
35045877219	CI OK	completed	cancelled	2026-09-16T01:56:34Z	2026-09-16T01:56:34Z	1
35045802474	Classify CI scope	completed	success	2026-09-16T01:52:56Z	2026-09-16T01:53:14Z	1
35045802474	Quick Gate (build + typecheck + lint)	completed	success	2026-09-16T01:52:56Z	2026-09-16T01:58:00Z	1
35045802474	Script Tests 4/5 — cmux repair + Lead memory (shell suites)	completed	success	2026-09-16T01:53:17Z	2026-09-16T02:01:34Z	1
35045802474	Script Tests 5/5 — Lead memory remote sync	completed	success	2026-09-16T01:53:16Z	2026-09-16T02:00:26Z	1
35045802474	Script Tests 1/5 — session/lifecycle (shell suites)	completed	success	2026-09-16T01:53:17Z	2026-09-16T02:03:42Z	1
35045802474	Script Tests 2/5 — fleet/setup/packaging A (shell suites)	completed	success	2026-09-16T01:53:17Z	2026-09-16T02:08:33Z	1
35045802474	NPM payload distribution (endpoint + release pipeline)	completed	success	2026-09-16T01:53:17Z	2026-09-16T01:56:25Z	1
35045802474	Script Tests 3/5 — fleet/setup/packaging B (shell suites)	completed	success	2026-09-16T01:53:17Z	2026-09-16T02:08:36Z	1
35045802474	Unit (observation performance)	completed	success	2026-09-16T01:53:17Z	2026-09-16T01:55:51Z	1
35045802474	Unit (heavy)	completed	success	2026-09-16T01:53:17Z	2026-09-16T02:03:41Z	1
35045802474	Unit (teamlead 4 of 4)	completed	success	2026-09-16T01:53:18Z	2026-09-16T02:04:08Z	1
35045802474	Unit (teamlead 2 of 4)	completed	failure	2026-09-16T01:53:17Z	2026-09-16T02:01:37Z	1
35045802474	Unit (light)	completed	success	2026-09-16T01:53:17Z	2026-09-16T01:57:15Z	1
35045802474	Unit (teamlead 3 of 4)	completed	success	2026-09-16T01:53:17Z	2026-09-16T02:01:16Z	1
35045802474	Unit (teamlead 1 of 4)	completed	success	2026-09-16T01:53:17Z	2026-09-16T02:04:39Z	1
35045802474	CI OK	completed	failure	2026-09-16T02:08:39Z	2026-09-16T02:08:42Z	1
35045802474	Classify CI scope	completed	success	2026-09-16T01:52:56Z	2026-09-16T01:53:14Z	2
35045802474	Unit (teamlead 2 of 4)	completed	success	2026-09-16T02:17:46Z	2026-09-16T02:27:50Z	2
35045802474	Script Tests 2/5 — fleet/setup/packaging A (shell suites)	completed	success	2026-09-16T01:53:17Z	2026-09-16T02:08:33Z	2
35045802474	Unit (teamlead 1 of 4)	completed	success	2026-09-16T01:53:17Z	2026-09-16T02:04:39Z	2
35045802474	Unit (observation performance)	completed	success	2026-09-16T01:53:17Z	2026-09-16T01:55:51Z	2
35045802474	Script Tests 5/5 — Lead memory remote sync	completed	success	2026-09-16T01:53:16Z	2026-09-16T02:00:26Z	2
35045802474	Script Tests 1/5 — session/lifecycle (shell suites)	completed	success	2026-09-16T01:53:17Z	2026-09-16T02:03:42Z	2
35045802474	NPM payload distribution (endpoint + release pipeline)	completed	success	2026-09-16T01:53:17Z	2026-09-16T01:56:25Z	2
35045802474	Script Tests 4/5 — cmux repair + Lead memory (shell suites)	completed	success	2026-09-16T01:53:17Z	2026-09-16T02:01:34Z	2
35045802474	Script Tests 3/5 — fleet/setup/packaging B (shell suites)	completed	success	2026-09-16T01:53:17Z	2026-09-16T02:08:36Z	2
35045802474	Unit (light)	completed	success	2026-09-16T01:53:17Z	2026-09-16T01:57:15Z	2
35045802474	Unit (teamlead 3 of 4)	completed	success	2026-09-16T01:53:17Z	2026-09-16T02:01:16Z	2
35045802474	Unit (teamlead 4 of 4)	completed	success	2026-09-16T01:53:18Z	2026-09-16T02:04:08Z	2
35045802474	Unit (heavy)	completed	success	2026-09-16T01:53:17Z	2026-09-16T02:03:41Z	2
35045802474	Quick Gate (build + typecheck + lint)	completed	success	2026-09-16T01:52:56Z	2026-09-16T01:58:00Z	2
35045802474	CI OK	completed	success	2026-09-16T02:27:52Z	2026-09-16T02:27:54Z	2
35045617038	Classify CI scope	completed	success	2026-09-16T01:50:20Z	2026-09-16T01:50:38Z	1
35045617038	Quick Gate (build + typecheck + lint)	completed	cancelled	2026-09-16T01:50:20Z	2026-09-16T01:54:15Z	1
35045617038	Script Tests 1/5 — session/lifecycle (shell suites)	completed	cancelled	2026-09-16T01:50:40Z	2026-09-16T01:54:17Z	1
35045617038	Script Tests 4/5 — cmux repair + Lead memory (shell suites)	completed	cancelled	2026-09-16T01:50:40Z	2026-09-16T01:54:15Z	1
35045617038	Script Tests 5/5 — Lead memory remote sync	completed	cancelled	2026-09-16T01:50:41Z	2026-09-16T01:54:16Z	1
35045617038	Script Tests 3/5 — fleet/setup/packaging B (shell suites)	completed	cancelled	2026-09-16T01:50:40Z	2026-09-16T01:54:15Z	1
35045617038	Script Tests 2/5 — fleet/setup/packaging A (shell suites)	completed	cancelled	2026-09-16T01:50:40Z	2026-09-16T01:54:16Z	1
35045617038	NPM payload distribution (endpoint + release pipeline)	completed	success	2026-09-16T01:50:40Z	2026-09-16T01:53:21Z	1
35045617038	Unit (teamlead 1 of 4)	completed	cancelled	2026-09-16T01:50:40Z	2026-09-16T01:54:15Z	1
35045617038	Unit (teamlead 4 of 4)	completed	cancelled	2026-09-16T01:50:40Z	2026-09-16T01:54:15Z	1
35045617038	Unit (heavy)	completed	cancelled	2026-09-16T01:50:41Z	2026-09-16T01:54:16Z	1
35045617038	Unit (teamlead 2 of 4)	completed	cancelled	2026-09-16T01:50:40Z	2026-09-16T01:54:15Z	1
35045617038	Unit (light)	completed	cancelled	2026-09-16T01:50:41Z	2026-09-16T01:54:17Z	1
35045617038	Unit (teamlead 3 of 4)	completed	cancelled	2026-09-16T01:50:40Z	2026-09-16T01:54:14Z	1
35045617038	Unit (observation performance)	completed	success	2026-09-16T01:50:40Z	2026-09-16T01:53:20Z	1
35045617038	CI OK	completed	cancelled	2026-09-16T01:54:18Z	2026-09-16T01:54:18Z	1
35045547978	Quick Gate (build + typecheck + lint)	completed	cancelled	2026-09-16T01:49:15Z	2026-09-16T01:50:17Z	1
35045547978	Classify CI scope	completed	success	2026-09-16T01:49:16Z	2026-09-16T01:49:34Z	1
35045547978	Script Tests 1/5 — session/lifecycle (shell suites)	completed	cancelled	2026-09-16T01:49:36Z	2026-09-16T01:50:04Z	1
35045547978	Script Tests 4/5 — cmux repair + Lead memory (shell suites)	completed	cancelled	2026-09-16T01:49:36Z	2026-09-16T01:50:04Z	1
35045547978	Script Tests 3/5 — fleet/setup/packaging B (shell suites)	completed	cancelled	2026-09-16T01:49:36Z	2026-09-16T01:50:05Z	1
35045547978	Script Tests 2/5 — fleet/setup/packaging A (shell suites)	completed	cancelled	2026-09-16T01:49:38Z	2026-09-16T01:50:08Z	1
35045547978	NPM payload distribution (endpoint + release pipeline)	completed	cancelled	2026-09-16T01:49:36Z	2026-09-16T01:50:04Z	1
35045547978	Script Tests 5/5 — Lead memory remote sync	completed	cancelled	2026-09-16T01:49:37Z	2026-09-16T01:50:11Z	1
35045547978	Unit (teamlead 1 of 4)	completed	cancelled	2026-09-16T01:49:34Z	2026-09-16T01:50:01Z	1
35045547978	Unit (teamlead 3 of 4)	completed	cancelled	2026-09-16T01:49:36Z	2026-09-16T01:50:03Z	1
35045547978	Unit (heavy)	completed	cancelled	2026-09-16T01:49:36Z	2026-09-16T01:50:08Z	1
35045547978	Unit (light)	completed	cancelled	2026-09-16T01:49:36Z	2026-09-16T01:50:04Z	1
35045547978	Unit (teamlead 2 of 4)	completed	cancelled	2026-09-16T01:49:36Z	2026-09-16T01:50:05Z	1
35045547978	Unit (observation performance)	completed	cancelled	2026-09-16T01:49:36Z	2026-09-16T01:50:05Z	1
35045547978	Unit (teamlead 4 of 4)	completed	cancelled	2026-09-16T01:49:37Z	2026-09-16T01:50:12Z	1
35045547978	CI OK	completed	cancelled	2026-09-16T01:50:18Z	2026-09-16T01:50:18Z	1
35045408416	Quick Gate (build + typecheck + lint)	completed	cancelled	2026-09-16T01:46:42Z	2026-09-16T01:49:07Z	1
35045408416	Classify CI scope	completed	success	2026-09-16T01:46:42Z	2026-09-16T01:47:01Z	1
35045408416	Script Tests 5/5 — Lead memory remote sync	completed	cancelled	2026-09-16T01:47:03Z	2026-09-16T01:49:07Z	1
35045408416	Script Tests 2/5 — fleet/setup/packaging A (shell suites)	completed	cancelled	2026-09-16T01:47:04Z	2026-09-16T01:49:13Z	1
35045408416	NPM payload distribution (endpoint + release pipeline)	completed	cancelled	2026-09-16T01:47:03Z	2026-09-16T01:49:12Z	1
35045408416	Script Tests 3/5 — fleet/setup/packaging B (shell suites)	completed	cancelled	2026-09-16T01:47:04Z	2026-09-16T01:49:12Z	1
35045408416	Unit (heavy)	completed	cancelled	2026-09-16T01:47:03Z	2026-09-16T01:49:01Z	1
35045408416	Unit (light)	completed	cancelled	2026-09-16T01:47:03Z	2026-09-16T01:49:06Z	1
35045408416	Script Tests 4/5 — cmux repair + Lead memory (shell suites)	completed	cancelled	2026-09-16T01:47:04Z	2026-09-16T01:49:12Z	1
35045408416	Unit (teamlead 4 of 4)	completed	cancelled	2026-09-16T01:47:05Z	2026-09-16T01:49:11Z	1
35045408416	Script Tests 1/5 — session/lifecycle (shell suites)	completed	cancelled	2026-09-16T01:47:12Z	2026-09-16T01:49:02Z	1
35045408416	Unit (teamlead 2 of 4)	completed	cancelled	2026-09-16T01:47:04Z	2026-09-16T01:49:08Z	1
35045408416	Unit (teamlead 3 of 4)	completed	cancelled	2026-09-16T01:47:03Z	2026-09-16T01:49:00Z	1
35045408416	Unit (teamlead 1 of 4)	completed	cancelled	2026-09-16T01:47:06Z	2026-09-16T01:49:09Z	1
35045408416	Unit (observation performance)	completed	cancelled	2026-09-16T01:47:24Z	2026-09-16T01:49:10Z	1
35045408416	CI OK	completed	cancelled	2026-09-16T01:49:13Z	2026-09-16T01:49:13Z	1
35045342328	Quick Gate (build + typecheck + lint)	completed	success	2026-09-16T01:45:58Z	2026-09-16T01:50:51Z	1
35045342328	Classify CI scope	completed	success	2026-09-16T01:45:58Z	2026-09-16T01:46:17Z	1
35045342328	Script Tests 1/5 — session/lifecycle (shell suites)	completed	success	2026-09-16T01:46:19Z	2026-09-16T01:58:17Z	1
35045342328	Script Tests 3/5 — fleet/setup/packaging B (shell suites)	completed	success	2026-09-16T01:46:20Z	2026-09-16T01:59:39Z	1
35045342328	Script Tests 2/5 — fleet/setup/packaging A (shell suites)	completed	success	2026-09-16T01:46:19Z	2026-09-16T01:59:15Z	1
35045342328	NPM payload distribution (endpoint + release pipeline)	completed	success	2026-09-16T01:46:19Z	2026-09-16T01:49:20Z	1
35045342328	Script Tests 5/5 — Lead memory remote sync	completed	success	2026-09-16T01:46:19Z	2026-09-16T01:54:55Z	1
35045342328	Script Tests 4/5 — cmux repair + Lead memory (shell suites)	completed	success	2026-09-16T01:46:19Z	2026-09-16T01:56:28Z	1
35045342328	Unit (teamlead 4 of 4)	completed	success	2026-09-16T01:46:19Z	2026-09-16T01:57:07Z	1
35045342328	Unit (teamlead 2 of 4)	completed	failure	2026-09-16T01:46:19Z	2026-09-16T01:54:56Z	1
35045342328	Unit (observation performance)	completed	success	2026-09-16T01:46:19Z	2026-09-16T01:48:54Z	1
35045342328	Unit (light)	completed	success	2026-09-16T01:46:19Z	2026-09-16T01:50:20Z	1
35045342328	Unit (teamlead 1 of 4)	completed	success	2026-09-16T01:46:19Z	2026-09-16T01:55:15Z	1
35045342328	Unit (heavy)	completed	success	2026-09-16T01:46:19Z	2026-09-16T01:56:38Z	1
35045342328	Unit (teamlead 3 of 4)	completed	success	2026-09-16T01:46:19Z	2026-09-16T01:55:16Z	1
35045342328	CI OK	completed	failure	2026-09-16T01:59:41Z	2026-09-16T01:59:45Z	1
35045342328	Unit (teamlead 2 of 4)	completed	failure	2026-09-16T02:00:46Z	2026-09-16T02:09:17Z	2
35045342328	Classify CI scope	completed	success	2026-09-16T01:45:58Z	2026-09-16T01:46:17Z	2
35045342328	Quick Gate (build + typecheck + lint)	completed	success	2026-09-16T01:45:58Z	2026-09-16T01:50:51Z	2
35045342328	Unit (teamlead 1 of 4)	completed	success	2026-09-16T01:46:19Z	2026-09-16T01:55:15Z	2
35045342328	Script Tests 5/5 — Lead memory remote sync	completed	success	2026-09-16T01:46:19Z	2026-09-16T01:54:55Z	2
35045342328	Script Tests 3/5 — fleet/setup/packaging B (shell suites)	completed	success	2026-09-16T01:46:20Z	2026-09-16T01:59:39Z	2
35045342328	NPM payload distribution (endpoint + release pipeline)	completed	success	2026-09-16T01:46:19Z	2026-09-16T01:49:20Z	2
35045342328	Unit (teamlead 4 of 4)	completed	success	2026-09-16T01:46:19Z	2026-09-16T01:57:07Z	2
35045342328	Unit (observation performance)	completed	success	2026-09-16T01:46:19Z	2026-09-16T01:48:54Z	2
35045342328	Script Tests 1/5 — session/lifecycle (shell suites)	completed	success	2026-09-16T01:46:19Z	2026-09-16T01:58:17Z	2
35045342328	Unit (teamlead 3 of 4)	completed	success	2026-09-16T01:46:19Z	2026-09-16T01:55:16Z	2
35045342328	Unit (heavy)	completed	success	2026-09-16T01:46:19Z	2026-09-16T01:56:38Z	2
35045342328	Unit (light)	completed	success	2026-09-16T01:46:19Z	2026-09-16T01:50:20Z	2
35045342328	Script Tests 4/5 — cmux repair + Lead memory (shell suites)	completed	success	2026-09-16T01:46:19Z	2026-09-16T01:56:28Z	2
35045342328	Script Tests 2/5 — fleet/setup/packaging A (shell suites)	completed	success	2026-09-16T01:46:19Z	2026-09-16T01:59:15Z	2
35045342328	CI OK	completed	failure	2026-09-16T02:09:19Z	2026-09-16T02:09:22Z	2
35044805593	Quick Gate (build + typecheck + lint)	completed	success	2026-09-16T01:37:19Z	2026-09-16T01:42:06Z	1
35044805593	Classify CI scope	completed	success	2026-09-16T01:37:24Z	2026-09-16T01:37:44Z	1
35044805593	Script Tests 5/5 — Lead memory remote sync	completed	success	2026-09-16T01:37:47Z	2026-09-16T01:45:58Z	1
35044805593	Script Tests 4/5 — cmux repair + Lead memory (shell suites)	completed	success	2026-09-16T01:37:47Z	2026-09-16T01:47:23Z	1
35044805593	Script Tests 3/5 — fleet/setup/packaging B (shell suites)	completed	success	2026-09-16T01:37:46Z	2026-09-16T01:53:09Z	1
35044805593	Script Tests 2/5 — fleet/setup/packaging A (shell suites)	completed	success	2026-09-16T01:38:33Z	2026-09-16T01:50:51Z	1
35044805593	NPM payload distribution (endpoint + release pipeline)	completed	success	2026-09-16T01:37:47Z	2026-09-16T01:40:48Z	1
35044805593	Unit (teamlead 1 of 4)	completed	success	2026-09-16T01:37:47Z	2026-09-16T01:49:15Z	1
35044805593	Unit (teamlead 3 of 4)	completed	success	2026-09-16T01:37:46Z	2026-09-16T01:48:51Z	1
35044805593	Unit (heavy)	completed	success	2026-09-16T01:37:47Z	2026-09-16T01:47:58Z	1
35044805593	Unit (observation performance)	completed	success	2026-09-16T01:37:47Z	2026-09-16T01:40:27Z	1
35044805593	Unit (teamlead 4 of 4)	completed	success	2026-09-16T01:37:47Z	2026-09-16T01:47:59Z	1
35044805593	Script Tests 1/5 — session/lifecycle (shell suites)	completed	success	2026-09-16T01:39:01Z	2026-09-16T01:51:16Z	1
35044805593	Unit (teamlead 2 of 4)	completed	failure	2026-09-16T01:37:47Z	2026-09-16T01:47:04Z	1
35044805593	Unit (light)	completed	success	2026-09-16T01:37:47Z	2026-09-16T01:40:41Z	1
35044805593	CI OK	completed	failure	2026-09-16T01:53:13Z	2026-09-16T01:53:17Z	1
35044805593	Classify CI scope	completed	success	2026-09-16T01:37:24Z	2026-09-16T01:37:44Z	2
35044805593	Unit (teamlead 2 of 4)	completed	success	2026-09-16T01:54:41Z	2026-09-16T02:05:09Z	2
35044805593	Script Tests 4/5 — cmux repair + Lead memory (shell suites)	completed	success	2026-09-16T01:37:47Z	2026-09-16T01:47:23Z	2
35044805593	Unit (teamlead 1 of 4)	completed	success	2026-09-16T01:37:47Z	2026-09-16T01:49:15Z	2
35044805593	Unit (teamlead 3 of 4)	completed	success	2026-09-16T01:37:46Z	2026-09-16T01:48:51Z	2
35044805593	Script Tests 3/5 — fleet/setup/packaging B (shell suites)	completed	success	2026-09-16T01:37:46Z	2026-09-16T01:53:09Z	2
35044805593	Unit (observation performance)	completed	success	2026-09-16T01:37:47Z	2026-09-16T01:40:27Z	2
35044805593	NPM payload distribution (endpoint + release pipeline)	completed	success	2026-09-16T01:37:47Z	2026-09-16T01:40:48Z	2
35044805593	Script Tests 1/5 — session/lifecycle (shell suites)	completed	success	2026-09-16T01:39:01Z	2026-09-16T01:51:16Z	2
35044805593	Unit (light)	completed	success	2026-09-16T01:37:47Z	2026-09-16T01:40:41Z	2
35044805593	Script Tests 2/5 — fleet/setup/packaging A (shell suites)	completed	success	2026-09-16T01:38:33Z	2026-09-16T01:50:51Z	2
35044805593	Script Tests 5/5 — Lead memory remote sync	completed	success	2026-09-16T01:37:47Z	2026-09-16T01:45:58Z	2
35044805593	Unit (teamlead 4 of 4)	completed	success	2026-09-16T01:37:47Z	2026-09-16T01:47:59Z	2
35044805593	Unit (heavy)	completed	success	2026-09-16T01:37:47Z	2026-09-16T01:47:58Z	2
35044805593	Quick Gate (build + typecheck + lint)	completed	success	2026-09-16T01:37:19Z	2026-09-16T01:42:06Z	2
35044805593	CI OK	completed	success	2026-09-16T02:05:11Z	2026-09-16T02:05:14Z	2
35044710070	Quick Gate (build + typecheck + lint)	completed	success	2026-09-16T01:35:52Z	2026-09-16T01:39:57Z	1
35044710070	Classify CI scope	completed	success	2026-09-16T01:35:52Z	2026-09-16T01:36:10Z	1
35044710070	Script Tests 5/5 — Lead memory remote sync	completed	success	2026-09-16T01:36:12Z	2026-09-16T01:44:55Z	1
35044710070	Script Tests 1/5 — session/lifecycle (shell suites)	completed	cancelled	2026-09-16T01:36:12Z	2026-09-16T01:45:53Z	1
35044710070	Script Tests 3/5 — fleet/setup/packaging B (shell suites)	completed	cancelled	2026-09-16T01:36:12Z	2026-09-16T01:45:54Z	1
35044710070	Script Tests 4/5 — cmux repair + Lead memory (shell suites)	completed	success	2026-09-16T01:36:12Z	2026-09-16T01:43:55Z	1
35044710070	Script Tests 2/5 — fleet/setup/packaging A (shell suites)	completed	cancelled	2026-09-16T01:36:12Z	2026-09-16T01:45:52Z	1
35044710070	NPM payload distribution (endpoint + release pipeline)	completed	success	2026-09-16T01:36:12Z	2026-09-16T01:39:19Z	1
35044710070	Unit (teamlead 2 of 4)	completed	failure	2026-09-16T01:36:12Z	2026-09-16T01:45:07Z	1
35044710070	Unit (teamlead 1 of 4)	completed	success	2026-09-16T01:36:11Z	2026-09-16T01:45:03Z	1
35044710070	Unit (heavy)	completed	failure	2026-09-16T01:36:12Z	2026-09-16T01:41:45Z	1
35044710070	Unit (teamlead 4 of 4)	completed	cancelled	2026-09-16T01:36:12Z	2026-09-16T01:45:55Z	1
35044710070	Unit (teamlead 3 of 4)	completed	cancelled	2026-09-16T01:36:12Z	2026-09-16T01:45:54Z	1
35044710070	Unit (light)	completed	success	2026-09-16T01:36:12Z	2026-09-16T01:40:20Z	1
35044710070	Unit (observation performance)	completed	success	2026-09-16T01:36:12Z	2026-09-16T01:38:59Z	1
35044710070	CI OK	completed	cancelled	2026-09-16T01:45:55Z	2026-09-16T01:45:55Z	1
35044682263	Quick Gate (build + typecheck + lint)	completed	success	2026-09-16T01:35:25Z	2026-09-16T01:39:25Z	1
35044682263	Classify CI scope	completed	success	2026-09-16T01:35:25Z	2026-09-16T01:35:43Z	1
35044682263	Script Tests 5/5 — Lead memory remote sync	completed	success	2026-09-16T01:35:46Z	2026-09-16T01:43:31Z	1
35044682263	Script Tests 2/5 — fleet/setup/packaging A (shell suites)	completed	failure	2026-09-16T01:35:46Z	2026-09-16T01:48:15Z	1
35044682263	NPM payload distribution (endpoint + release pipeline)	completed	success	2026-09-16T01:35:46Z	2026-09-16T01:38:59Z	1
35044682263	Script Tests 3/5 — fleet/setup/packaging B (shell suites)	completed	success	2026-09-16T01:35:46Z	2026-09-16T01:48:08Z	1
35044682263	Script Tests 1/5 — session/lifecycle (shell suites)	completed	success	2026-09-16T01:35:46Z	2026-09-16T01:48:07Z	1
35044682263	Unit (teamlead 3 of 4)	completed	success	2026-09-16T01:35:46Z	2026-09-16T01:46:59Z	1
35044682263	Unit (teamlead 2 of 4)	completed	success	2026-09-16T01:35:46Z	2026-09-16T01:47:10Z	1
35044682263	Script Tests 4/5 — cmux repair + Lead memory (shell suites)	completed	success	2026-09-16T01:35:46Z	2026-09-16T01:46:13Z	1
35044682263	Unit (teamlead 4 of 4)	completed	failure	2026-09-16T01:35:47Z	2026-09-16T01:47:26Z	1
35044682263	Unit (heavy)	completed	success	2026-09-16T01:35:46Z	2026-09-16T01:45:49Z	1
35044682263	Unit (teamlead 1 of 4)	completed	success	2026-09-16T01:35:46Z	2026-09-16T01:47:41Z	1
35044682263	Unit (observation performance)	completed	success	2026-09-16T01:35:46Z	2026-09-16T01:38:31Z	1
35044682263	Unit (light)	completed	success	2026-09-16T01:35:46Z	2026-09-16T01:39:47Z	1
35044682263	CI OK	completed	failure	2026-09-16T01:48:17Z	2026-09-16T01:48:21Z	1
35044682263	Script Tests 2/5 — fleet/setup/packaging A (shell suites)	completed	success	2026-09-16T01:55:35Z	2026-09-16T02:09:30Z	2
35044682263	Unit (teamlead 4 of 4)	completed	success	2026-09-16T01:55:35Z	2026-09-16T02:03:31Z	2
35044682263	Script Tests 1/5 — session/lifecycle (shell suites)	completed	success	2026-09-16T01:35:46Z	2026-09-16T01:48:07Z	2
35044682263	Script Tests 4/5 — cmux repair + Lead memory (shell suites)	completed	success	2026-09-16T01:35:46Z	2026-09-16T01:46:13Z	2
35044682263	Unit (observation performance)	completed	success	2026-09-16T01:35:46Z	2026-09-16T01:38:31Z	2
35044682263	Unit (heavy)	completed	success	2026-09-16T01:35:46Z	2026-09-16T01:45:49Z	2
35044682263	Unit (light)	completed	success	2026-09-16T01:35:46Z	2026-09-16T01:39:47Z	2
35044682263	NPM payload distribution (endpoint + release pipeline)	completed	success	2026-09-16T01:35:46Z	2026-09-16T01:38:59Z	2
35044682263	Script Tests 5/5 — Lead memory remote sync	completed	success	2026-09-16T01:35:46Z	2026-09-16T01:43:31Z	2
35044682263	Unit (teamlead 3 of 4)	completed	success	2026-09-16T01:35:46Z	2026-09-16T01:46:59Z	2
35044682263	Classify CI scope	completed	success	2026-09-16T01:35:25Z	2026-09-16T01:35:43Z	2
35044682263	Unit (teamlead 2 of 4)	completed	success	2026-09-16T01:35:46Z	2026-09-16T01:47:10Z	2
35044682263	Unit (teamlead 1 of 4)	completed	success	2026-09-16T01:35:46Z	2026-09-16T01:47:41Z	2
35044682263	Script Tests 3/5 — fleet/setup/packaging B (shell suites)	completed	success	2026-09-16T01:35:46Z	2026-09-16T01:48:08Z	2
35044682263	Quick Gate (build + typecheck + lint)	completed	success	2026-09-16T01:35:25Z	2026-09-16T01:39:25Z	2
35044682263	CI OK	completed	success	2026-09-16T02:09:32Z	2026-09-16T02:09:37Z	2
35043507521	Classify CI scope	completed	success	2026-09-16T01:17:48Z	2026-09-16T01:18:05Z	1
35043507521	Quick Gate (build + typecheck + lint)	completed	success	2026-09-16T01:17:48Z	2026-09-16T01:22:57Z	1
35043507521	Script Tests 5/5 — Lead memory remote sync	completed	success	2026-09-16T01:18:08Z	2026-09-16T01:26:39Z	1
35043507521	Script Tests 4/5 — cmux repair + Lead memory (shell suites)	completed	success	2026-09-16T01:18:07Z	2026-09-16T01:28:01Z	1
35043507521	Script Tests 2/5 — fleet/setup/packaging A (shell suites)	completed	success	2026-09-16T01:18:07Z	2026-09-16T01:31:28Z	1
35043507521	Unit (teamlead 2 of 4)	completed	failure	2026-09-16T01:18:08Z	2026-09-16T01:26:52Z	1
35043507521	Script Tests 1/5 — session/lifecycle (shell suites)	completed	success	2026-09-16T01:18:08Z	2026-09-16T01:27:23Z	1
35043507521	Script Tests 3/5 — fleet/setup/packaging B (shell suites)	completed	success	2026-09-16T01:18:07Z	2026-09-16T01:33:33Z	1
35043507521	NPM payload distribution (endpoint + release pipeline)	completed	success	2026-09-16T01:18:07Z	2026-09-16T01:21:10Z	1
35043507521	Unit (heavy)	completed	success	2026-09-16T01:18:07Z	2026-09-16T01:28:41Z	1
35043507521	Unit (observation performance)	completed	success	2026-09-16T01:18:07Z	2026-09-16T01:20:48Z	1
35043507521	Unit (teamlead 1 of 4)	completed	success	2026-09-16T01:18:07Z	2026-09-16T01:27:09Z	1
35043507521	Unit (light)	completed	success	2026-09-16T01:18:08Z	2026-09-16T01:22:13Z	1
35043507521	Unit (teamlead 3 of 4)	completed	failure	2026-09-16T01:18:07Z	2026-09-16T01:28:43Z	1
35043507521	Unit (teamlead 4 of 4)	completed	success	2026-09-16T01:18:07Z	2026-09-16T01:28:56Z	1
35043507521	CI OK	completed	failure	2026-09-16T01:33:36Z	2026-09-16T01:33:39Z	1
35042869213	Classify CI scope	completed	success	2026-09-16T01:08:10Z	2026-09-16T01:08:27Z	1
35042869213	Quick Gate (build + typecheck + lint)	completed	success	2026-09-16T01:08:10Z	2026-09-16T01:13:20Z	1
35042869213	Script Tests 3/5 — fleet/setup/packaging B (shell suites)	completed	success	2026-09-16T01:08:29Z	2026-09-16T01:23:57Z	1
35042869213	NPM payload distribution (endpoint + release pipeline)	completed	success	2026-09-16T01:08:30Z	2026-09-16T01:11:13Z	1
35042869213	Script Tests 1/5 — session/lifecycle (shell suites)	completed	success	2026-09-16T01:08:30Z	2026-09-16T01:20:29Z	1
35042869213	Script Tests 2/5 — fleet/setup/packaging A (shell suites)	completed	success	2026-09-16T01:08:29Z	2026-09-16T01:20:15Z	1
35042869213	Script Tests 5/5 — Lead memory remote sync	completed	success	2026-09-16T01:08:29Z	2026-09-16T01:17:01Z	1
35042869213	Script Tests 4/5 — cmux repair + Lead memory (shell suites)	completed	success	2026-09-16T01:08:30Z	2026-09-16T01:18:23Z	1
35042869213	Unit (observation performance)	completed	success	2026-09-16T01:08:30Z	2026-09-16T01:11:12Z	1
35042869213	Unit (teamlead 4 of 4)	completed	success	2026-09-16T01:08:29Z	2026-09-16T01:20:04Z	1
35042869213	Unit (teamlead 1 of 4)	completed	success	2026-09-16T01:08:29Z	2026-09-16T01:19:26Z	1
35042869213	Unit (light)	completed	success	2026-09-16T01:08:29Z	2026-09-16T01:11:52Z	1
35042869213	Unit (teamlead 3 of 4)	completed	success	2026-09-16T01:08:29Z	2026-09-16T01:16:05Z	1
35042869213	Unit (heavy)	completed	success	2026-09-16T01:08:29Z	2026-09-16T01:18:41Z	1
35042869213	Unit (teamlead 2 of 4)	completed	failure	2026-09-16T01:08:30Z	2026-09-16T01:17:49Z	1
35042869213	CI OK	completed	failure	2026-09-16T01:24:00Z	2026-09-16T01:24:05Z	1
35042869213	Unit (teamlead 2 of 4)	completed	failure	2026-09-16T01:26:25Z	2026-09-16T01:34:32Z	2
35042869213	Quick Gate (build + typecheck + lint)	completed	success	2026-09-16T01:08:10Z	2026-09-16T01:13:20Z	2
35042869213	Unit (teamlead 3 of 4)	completed	success	2026-09-16T01:08:29Z	2026-09-16T01:16:05Z	2
35042869213	Unit (observation performance)	completed	success	2026-09-16T01:08:30Z	2026-09-16T01:11:12Z	2
35042869213	Script Tests 2/5 — fleet/setup/packaging A (shell suites)	completed	success	2026-09-16T01:08:29Z	2026-09-16T01:20:15Z	2
35042869213	Script Tests 4/5 — cmux repair + Lead memory (shell suites)	completed	success	2026-09-16T01:08:30Z	2026-09-16T01:18:23Z	2
35042869213	Script Tests 3/5 — fleet/setup/packaging B (shell suites)	completed	success	2026-09-16T01:08:29Z	2026-09-16T01:23:57Z	2
35042869213	Script Tests 1/5 — session/lifecycle (shell suites)	completed	success	2026-09-16T01:08:30Z	2026-09-16T01:20:29Z	2
35042869213	Script Tests 5/5 — Lead memory remote sync	completed	success	2026-09-16T01:08:29Z	2026-09-16T01:17:01Z	2
35042869213	Unit (heavy)	completed	success	2026-09-16T01:08:29Z	2026-09-16T01:18:41Z	2
35042869213	Unit (light)	completed	success	2026-09-16T01:08:29Z	2026-09-16T01:11:52Z	2
35042869213	Unit (teamlead 4 of 4)	completed	success	2026-09-16T01:08:29Z	2026-09-16T01:20:04Z	2
35042869213	Unit (teamlead 1 of 4)	completed	success	2026-09-16T01:08:29Z	2026-09-16T01:19:26Z	2
35042869213	NPM payload distribution (endpoint + release pipeline)	completed	success	2026-09-16T01:08:30Z	2026-09-16T01:11:13Z	2
35042869213	Classify CI scope	completed	success	2026-09-16T01:08:10Z	2026-09-16T01:08:27Z	2
35042869213	CI OK	completed	failure	2026-09-16T01:34:35Z	2026-09-16T01:34:39Z	2
35042755006	Classify CI scope	completed	success	2026-09-16T01:06:27Z	2026-09-16T01:06:45Z	1
35042755006	Quick Gate (build + typecheck + lint)	completed	success	2026-09-16T01:06:27Z	2026-09-16T01:11:21Z	1
35042755006	Script Tests 3/5 — fleet/setup/packaging B (shell suites)	completed	success	2026-09-16T01:06:48Z	2026-09-16T01:19:41Z	1
35042755006	NPM payload distribution (endpoint + release pipeline)	completed	success	2026-09-16T01:06:47Z	2026-09-16T01:09:31Z	1
35042755006	Script Tests 1/5 — session/lifecycle (shell suites)	completed	success	2026-09-16T01:06:47Z	2026-09-16T01:18:49Z	1
35042755006	Script Tests 2/5 — fleet/setup/packaging A (shell suites)	completed	failure	2026-09-16T01:06:47Z	2026-09-16T01:20:36Z	1
35042755006	Unit (heavy)	completed	success	2026-09-16T01:06:48Z	2026-09-16T01:17:12Z	1
35042755006	Unit (light)	completed	success	2026-09-16T01:06:48Z	2026-09-16T01:10:52Z	1
35042755006	Script Tests 4/5 — cmux repair + Lead memory (shell suites)	completed	success	2026-09-16T01:06:48Z	2026-09-16T01:16:56Z	1
35042755006	Unit (teamlead 1 of 4)	completed	success	2026-09-16T01:06:47Z	2026-09-16T01:18:17Z	1
35042755006	Unit (teamlead 4 of 4)	completed	success	2026-09-16T01:06:48Z	2026-09-16T01:17:39Z	1
35042755006	Unit (teamlead 2 of 4)	completed	success	2026-09-16T01:06:48Z	2026-09-16T01:17:23Z	1
35042755006	Unit (observation performance)	completed	success	2026-09-16T01:06:47Z	2026-09-16T01:09:36Z	1
35042755006	Unit (teamlead 3 of 4)	completed	success	2026-09-16T01:06:47Z	2026-09-16T01:16:19Z	1
35042755006	Script Tests 5/5 — Lead memory remote sync	completed	success	2026-09-16T01:06:47Z	2026-09-16T01:15:17Z	1
35042755006	CI OK	completed	failure	2026-09-16T01:20:38Z	2026-09-16T01:20:41Z	1
35041392409	Classify CI scope	completed	success	2026-09-16T00:46:35Z	2026-09-16T00:46:52Z	1
35041392409	Quick Gate (build + typecheck + lint)	completed	success	2026-09-16T00:46:35Z	2026-09-16T00:52:01Z	1
35041392409	Script Tests 2/5 — fleet/setup/packaging A (shell suites)	completed	success	2026-09-16T00:46:55Z	2026-09-16T01:03:01Z	1
35041392409	Script Tests 1/5 — session/lifecycle (shell suites)	completed	success	2026-09-16T00:46:55Z	2026-09-16T00:58:54Z	1
35041392409	Script Tests 4/5 — cmux repair + Lead memory (shell suites)	completed	success	2026-09-16T00:46:57Z	2026-09-16T00:56:44Z	1
35041392409	Script Tests 3/5 — fleet/setup/packaging B (shell suites)	completed	success	2026-09-16T00:46:55Z	2026-09-16T01:02:32Z	1
35041392409	Script Tests 5/5 — Lead memory remote sync	completed	success	2026-09-16T00:46:55Z	2026-09-16T00:55:45Z	1
35041392409	Unit (observation performance)	completed	failure	2026-09-16T00:46:55Z	2026-09-16T00:49:34Z	1
35041392409	Unit (teamlead 1 of 4)	completed	success	2026-09-16T00:46:56Z	2026-09-16T00:58:47Z	1
35041392409	Unit (teamlead 4 of 4)	completed	success	2026-09-16T00:46:55Z	2026-09-16T00:56:35Z	1
35041392409	Unit (teamlead 3 of 4)	completed	success	2026-09-16T00:46:54Z	2026-09-16T00:58:56Z	1
35041392409	NPM payload distribution (endpoint + release pipeline)	completed	success	2026-09-16T00:46:55Z	2026-09-16T00:50:03Z	1
35041392409	Unit (teamlead 2 of 4)	completed	success	2026-09-16T00:47:02Z	2026-09-16T00:58:14Z	1
35041392409	Unit (heavy)	completed	success	2026-09-16T00:46:55Z	2026-09-16T00:55:00Z	1
35041392409	Unit (light)	completed	success	2026-09-16T00:46:55Z	2026-09-16T00:50:22Z	1
35041392409	CI OK	completed	failure	2026-09-16T01:03:03Z	2026-09-16T01:03:06Z	1
35041392409	Unit (observation performance)	completed	success	2026-09-16T01:03:39Z	2026-09-16T01:06:27Z	2
35041392409	Classify CI scope	completed	success	2026-09-16T00:46:35Z	2026-09-16T00:46:52Z	2
35041392409	Quick Gate (build + typecheck + lint)	completed	success	2026-09-16T00:46:35Z	2026-09-16T00:52:01Z	2
35041392409	Script Tests 5/5 — Lead memory remote sync	completed	success	2026-09-16T00:46:55Z	2026-09-16T00:55:45Z	2
35041392409	Unit (teamlead 4 of 4)	completed	success	2026-09-16T00:46:55Z	2026-09-16T00:56:35Z	2
35041392409	NPM payload distribution (endpoint + release pipeline)	completed	success	2026-09-16T00:46:55Z	2026-09-16T00:50:03Z	2
35041392409	Script Tests 3/5 — fleet/setup/packaging B (shell suites)	completed	success	2026-09-16T00:46:55Z	2026-09-16T01:02:32Z	2
35041392409	Unit (teamlead 2 of 4)	completed	success	2026-09-16T00:47:02Z	2026-09-16T00:58:14Z	2
35041392409	Script Tests 2/5 — fleet/setup/packaging A (shell suites)	completed	success	2026-09-16T00:46:55Z	2026-09-16T01:03:01Z	2
35041392409	Script Tests 4/5 — cmux repair + Lead memory (shell suites)	completed	success	2026-09-16T00:46:57Z	2026-09-16T00:56:44Z	2
35041392409	Script Tests 1/5 — session/lifecycle (shell suites)	completed	success	2026-09-16T00:46:55Z	2026-09-16T00:58:54Z	2
35041392409	Unit (heavy)	completed	success	2026-09-16T00:46:55Z	2026-09-16T00:55:00Z	2
35041392409	Unit (teamlead 1 of 4)	completed	success	2026-09-16T00:46:56Z	2026-09-16T00:58:47Z	2
35041392409	Unit (teamlead 3 of 4)	completed	success	2026-09-16T00:46:54Z	2026-09-16T00:58:56Z	2
35041392409	Unit (light)	completed	success	2026-09-16T00:46:55Z	2026-09-16T00:50:22Z	2
35041392409	CI OK	completed	success	2026-09-16T01:06:29Z	2026-09-16T01:06:32Z	2
35040255814	Classify CI scope	completed	success	2026-09-16T00:30:06Z	2026-09-16T00:30:25Z	1
35040255814	Quick Gate (build + typecheck + lint)	completed	success	2026-09-16T00:30:06Z	2026-09-16T00:34:37Z	1
35040255814	Script Tests 5/5 — Lead memory remote sync	completed	success	2026-09-16T00:30:27Z	2026-09-16T00:39:02Z	1
35040255814	Script Tests 4/5 — cmux repair + Lead memory (shell suites)	completed	success	2026-09-16T00:30:27Z	2026-09-16T00:40:25Z	1
35040255814	Script Tests 2/5 — fleet/setup/packaging A (shell suites)	completed	success	2026-09-16T00:30:27Z	2026-09-16T00:45:49Z	1
35040255814	NPM payload distribution (endpoint + release pipeline)	completed	success	2026-09-16T00:30:28Z	2026-09-16T00:33:33Z	1
35040255814	Script Tests 1/5 — session/lifecycle (shell suites)	completed	success	2026-09-16T00:30:27Z	2026-09-16T00:42:19Z	1
35040255814	Unit (observation performance)	completed	success	2026-09-16T00:30:27Z	2026-09-16T00:33:01Z	1
35040255814	Unit (heavy)	completed	failure	2026-09-16T00:30:27Z	2026-09-16T00:41:19Z	1
35040255814	Unit (teamlead 2 of 4)	completed	success	2026-09-16T00:30:27Z	2026-09-16T00:38:55Z	1
35040255814	Unit (teamlead 1 of 4)	completed	success	2026-09-16T00:30:27Z	2026-09-16T00:41:56Z	1
35040255814	Unit (light)	completed	success	2026-09-16T00:30:27Z	2026-09-16T00:34:22Z	1
35040255814	Unit (teamlead 3 of 4)	completed	success	2026-09-16T00:30:27Z	2026-09-16T00:40:59Z	1
35040255814	Unit (teamlead 4 of 4)	completed	success	2026-09-16T00:30:27Z	2026-09-16T00:41:24Z	1
35040255814	Script Tests 3/5 — fleet/setup/packaging B (shell suites)	completed	success	2026-09-16T00:30:27Z	2026-09-16T00:46:07Z	1
35040255814	CI OK	completed	failure	2026-09-16T00:46:10Z	2026-09-16T00:46:17Z	1
35038429709	Classify CI scope	completed	success	2026-09-16T00:04:38Z	2026-09-16T00:04:54Z	1
35038429709	Quick Gate (build + typecheck + lint)	completed	success	2026-09-16T00:04:38Z	2026-09-16T00:09:38Z	1
35038429709	Script Tests 4/5 — cmux repair + Lead memory (shell suites)	completed	success	2026-09-16T00:04:57Z	2026-09-16T00:14:59Z	1
35038429709	Script Tests 3/5 — fleet/setup/packaging B (shell suites)	completed	success	2026-09-16T00:04:57Z	2026-09-16T00:20:32Z	1
35038429709	Script Tests 1/5 — session/lifecycle (shell suites)	completed	success	2026-09-16T00:04:56Z	2026-09-16T00:16:55Z	1
35038429709	NPM payload distribution (endpoint + release pipeline)	completed	success	2026-09-16T00:05:32Z	2026-09-16T00:08:29Z	1
35038429709	Script Tests 2/5 — fleet/setup/packaging A (shell suites)	completed	success	2026-09-16T00:04:57Z	2026-09-16T00:21:11Z	1
35038429709	Script Tests 5/5 — Lead memory remote sync	completed	success	2026-09-16T00:04:57Z	2026-09-16T00:12:52Z	1
35038429709	Unit (teamlead 3 of 4)	completed	success	2026-09-16T00:04:59Z	2026-09-16T00:16:47Z	1
35038429709	Unit (teamlead 1 of 4)	completed	success	2026-09-16T00:04:57Z	2026-09-16T00:14:23Z	1
35038429709	Unit (light)	completed	success	2026-09-16T00:04:57Z	2026-09-16T00:08:24Z	1
35038429709	Unit (teamlead 2 of 4)	completed	success	2026-09-16T00:04:57Z	2026-09-16T00:15:52Z	1
35038429709	Unit (heavy)	completed	success	2026-09-16T00:04:58Z	2026-09-16T00:15:34Z	1
35038429709	Unit (teamlead 4 of 4)	completed	success	2026-09-16T00:04:57Z	2026-09-16T00:16:15Z	1
35038429709	Unit (observation performance)	completed	success	2026-09-16T00:04:57Z	2026-09-16T00:07:43Z	1
35038429709	CI OK	completed	success	2026-09-16T00:21:15Z	2026-09-16T00:21:18Z	1
