block_id,endpoint,tick,scheduled,start,end,outcome,secs
b1,L1,0,471925.077400,471925.139177,471925.186109,met,0.002178
b1,L2,0,471925.077335,471925.139386,471925.186326,met,0.001346
b1,L1,1,471927.077400,471927.138967,471927.183191,met,0.002018
b1,L2,1,471928.077335,471928.152087,471928.194954,met,0.001182
b1,L1,2,471929.077400,471929.203935,471929.243174,met,0.001402
b1,L1,3,471931.077400,471931.206130,471931.799300,missed,0.527863
b1,L2,2,471931.077335,471931.143409,471932.451748,met,1.251104
b1,L1,4,471933.077400,471933.184248,471933.226023,met,0.003540
b1,L2,3,471934.077335,471934.159669,471934.200566,met,0.001230
b1,L1,5,471935.077400,471935.199733,471935.242614,met,0.003354
b1,L1,6,471937.077400,471937.150400,471937.193749,met,0.003228
b1,L2,4,471937.077335,471937.168425,471937.209738,met,0.001185
b1,L1,7,471939.077400,471939.224829,471939.267550,met,0.003238
b1,L2,5,471940.077335,471940.183085,471940.222909,met,0.001234
b1,L1,8,471941.077400,471941.206463,471941.249783,met,0.003716
b1,L2,6,471943.077335,471943.193148,471943.239464,met,0.001295
b1,L1,9,471943.077400,471943.193293,471943.242406,met,0.004278
b1,L1,10,471945.077400,471945.158620,471945.199063,met,0.000964
b1,L2,7,471946.077335,471946.183227,471946.222938,met,0.001113
b1,L1,11,471947.077400,471947.149241,471947.186726,met,0.001200
b1,L2,8,471949.077335,471949.148875,471949.189222,met,0.001134
b1,L1,12,471949.077400,471949.156230,471949.197100,met,0.001280
b1,L1,13,471951.077400,471951.148158,471951.188749,met,0.003346
b1,L2,9,471952.077335,471952.213754,471952.259855,met,0.001324
b1,L1,14,471953.077400,471953.159132,471953.198569,met,0.001356
b1,L2,10,471955.077335,471955.150198,471955.189849,met,0.001135
b1,L1,15,471955.077400,471955.205674,471955.249889,met,0.003374
b1,L1,16,471957.077400,471957.190793,471957.232095,met,0.002097
b1,L2,11,471958.077335,471958.200583,471958.242250,met,0.000904
b1,L1,17,471959.077400,471959.166413,471959.206814,met,0.001352
b1,L2,12,471961.077335,471961.218240,471961.261458,met,0.001170
b1,L1,18,471961.077400,471961.217714,471961.263503,met,0.003822
b1,L1,19,471963.077400,471963.161651,471963.726699,missed,0.500508
b1,L2,13,471964.077335,471964.226249,471964.266999,met,0.001206
b1,L1,20,471965.077400,471965.162046,471965.204373,met,0.003449
b1,L1,21,471967.077400,471967.150443,471967.191887,met,0.003313
b1,L2,14,471967.077335,471967.202823,471967.243425,met,0.001100
b1,L1,22,471969.077400,471969.149841,471969.188622,met,0.001412
b1,L2,15,471970.077335,471970.215672,471970.255329,met,0.001238
b1,L1,23,471971.077400,471971.207241,471971.248461,met,0.003379
b1,L1,24,471973.077400,471973.148172,471973.191402,met,0.003444
b1,L2,16,471973.077335,471973.202390,471973.242295,met,0.001145
b1,L1,25,471975.077400,471975.216742,471975.259314,met,0.000812
b1,L2,17,471976.077335,471976.164379,471976.205120,met,0.001164
b1,L1,26,471977.077400,471977.172675,471977.213920,met,0.003071
b1,L2,18,471979.077335,471979.147817,471979.188240,met,0.001040
b1,L1,27,471979.077400,471979.175852,471979.218200,met,0.003302
b1,L1,28,471981.077400,471981.183168,471981.229021,met,0.003625
b1,L2,19,471982.077335,471982.190504,471982.231721,met,0.001273
b1,L1,29,471983.077400,471983.199291,471983.240410,met,0.001347
b1,L1,30,471985.077400,471985.151716,471985.200318,met,0.003668
b1,L2,20,471985.077335,471985.151720,471985.200268,met,0.004166
b1,L1,31,471987.077400,471987.184843,471987.225975,met,0.001299
b1,L2,21,471988.077335,471988.157855,471988.197869,met,0.001270
b1,L1,32,471989.077400,471989.204644,471989.250729,met,0.003419
b1,L2,22,471991.077335,471991.217693,471991.263853,met,0.001174
b1,L1,33,471991.077400,471991.217694,471991.266213,met,0.003936
b1,L1,34,471993.077400,471993.208310,471993.250482,met,0.001323
b1,L2,23,471994.077335,471994.157834,471994.887480,met,0.667415
b1,L1,35,471995.077400,471995.207995,471995.253599,met,0.003574
b1,L1,36,471997.077400,471997.150473,471997.192957,met,0.001367
b1,L2,24,471997.077335,471997.168224,471997.209747,met,0.001129
b1,L1,37,471999.077400,471999.224962,471999.267570,met,0.003228
b1,L2,25,472000.077335,472000.158340,472000.197776,met,0.001030
b1,L1,38,472001.077400,472001.169032,472001.213156,met,0.004198
b1,L1,39,472003.077400,472003.174516,472003.217282,met,0.001313
b1,L2,26,472003.077335,472003.182292,472003.224892,met,0.001123
b1,L1,40,472005.077400,472005.145992,472005.193802,met,0.002127
b1,L2,27,472006.077335,472006.191669,472006.255141,met,0.001148
b1,L1,41,472007.077400,472007.213251,472007.257652,met,0.003367
b1,L2,28,472009.077335,472009.158031,472009.200423,met,0.001229
b1,L1,42,472009.077400,472009.200514,472009.243534,met,0.001379
b1,L1,43,472011.077400,472011.165329,472011.207245,met,0.003357
b1,L2,29,472012.077335,472012.174745,472012.215251,met,0.001178
b1,L1,44,472013.077400,472013.172278,472013.224021,met,0.010598
b1,L2,30,472015.077335,472015.174318,472015.219259,met,0.001219
b1,L1,45,472015.077400,472015.201676,472015.248077,met,0.003929
b1,L1,46,472017.077400,472017.176317,472017.221090,met,0.001471
b1,L2,31,472018.077335,472018.198412,472018.239987,met,0.001341
b1,L1,47,472019.077400,472019.172089,472019.215593,met,0.001283
b1,L2,32,472021.077335,472021.218523,472021.264347,met,0.001168
b1,L1,48,472021.077400,472021.217321,472021.265947,met,0.003904
b1,L1,49,472023.077400,472023.144121,472023.191544,met,0.003423
b1,L2,33,472024.077335,472024.208363,472024.251683,met,0.001186
b1,L1,50,472025.077400,472025.162358,472025.771602,missed,0.556736
b1,L2,34,472027.077335,472027.149887,472027.269036,met,0.061558
b1,L1,51,472027.077400,472027.219799,472027.280563,met,0.001130
b1,L1,52,472029.077400,472029.216408,472029.263366,met,0.004299
b1,L2,35,472030.077335,472030.202381,472030.243960,met,0.001311
b1,L1,53,472031.077400,472031.183892,472031.230389,met,0.002897
b1,L2,36,472033.077335,472033.151323,472033.195938,met,0.001209
b1,L1,54,472033.077400,472033.187325,472033.231890,met,0.003222
b1,L1,55,472035.077400,472035.150694,472035.193736,met,0.001785
b1,L2,37,472036.077335,472036.180231,472036.222696,met,0.001534
b1,L1,56,472037.077400,472037.177744,472037.219339,met,0.003188
b1,L2,38,472039.077335,472039.164766,472039.210634,met,0.001130
b1,L1,57,472039.077400,472039.202308,472039.247335,met,0.002503
b1,L1,58,472041.077400,472041.149120,472041.192496,met,0.001813
b1,L2,39,472042.077335,472042.136929,472042.179329,met,0.001215
b1,L1,59,472043.077400,472043.170190,472043.213929,met,0.001413
b1,L1,60,472045.077400,472045.152296,472045.196830,met,0.003542
b1,L2,40,472045.077335,472045.169417,472045.212820,met,0.001374
b1,L1,61,472047.077400,472047.190817,472047.234448,met,0.002804
b1,L2,41,472048.077335,472048.164307,472048.206825,met,0.001396
b1,L1,62,472049.077400,472049.202016,472049.248489,met,0.001887
b1,L1,63,472051.077400,472051.187403,472051.230221,met,0.003864
b1,L2,42,472051.077335,472051.193947,472051.233334,met,0.001003
b1,L1,64,472053.077400,472053.223113,472053.268587,met,0.003519
b1,L2,43,472054.077335,472054.135760,472054.182523,met,0.001203
b1,L1,65,472055.077400,472055.151397,472055.195227,met,0.001548
b1,L2,44,472057.077335,472057.198065,472057.243656,met,0.004061
b1,L1,66,472057.077400,472057.185470,472057.243736,met,0.013270
b1,L1,67,472059.077400,472059.209412,472059.252365,met,0.001373
b1,L2,45,472060.077335,472060.167973,472060.215931,met,0.006081
b1,L1,68,472061.077400,472061.151705,472061.195746,met,0.003365
b1,L1,69,472063.077400,472063.183653,472063.229341,met,0.001817
b1,L2,46,472063.077335,472063.197637,472063.242515,met,0.000894
b1,L1,70,472065.077400,472065.149760,472065.190464,met,0.000885
b1,L2,47,472066.077335,472066.160163,472066.204952,met,0.001496
b1,L1,71,472067.077400,472067.158664,472067.230875,met,0.030138
b1,L2,48,472069.077335,472069.152099,472069.213351,met,0.017369
b1,L1,72,472069.077400,472069.186542,472069.235786,met,0.005999
b1,L1,73,472071.077400,472071.152619,472071.195191,met,0.001503
b1,L2,49,472072.077335,472072.150277,472072.244940,met,0.052023
b1,L1,74,472073.077400,472073.151984,472073.197014,met,0.003272
b1,L1,75,472075.077400,472075.161300,472075.216109,met,0.011157
b1,L2,50,472075.077335,472075.207746,472075.250722,met,0.000774
b1,L1,76,472077.077400,472077.225621,472077.274270,met,0.005367
b1,L2,51,472078.077335,472078.216894,472078.258573,met,0.000868
b1,L1,77,472079.077400,472079.216877,472079.259316,met,0.003257
b1,L2,52,472081.077335,472081.151720,472081.218696,met,0.018569
b1,L1,78,472081.077400,472081.151728,472081.218656,met,0.020243
b1,L1,79,472083.077400,472083.159740,472083.205750,met,0.003797
b1,L2,53,472084.077335,472084.217271,472084.559261,met,0.279980
b1,L1,80,472085.077400,472085.190218,472085.232588,met,0.003418
b1,L1,81,472087.077400,472087.221309,472087.831660,missed,0.538231
b1,L2,54,472087.077335,472087.222470,472088.532305,met,1.250653
b1,L1,82,472089.077400,472089.216780,472089.260113,met,0.001370
b1,L2,55,472090.077335,472090.160020,472090.201879,met,0.001198
b1,L1,83,472091.077400,472091.174799,472091.222863,met,0.001196
b1,L2,56,472093.077335,472093.200646,472093.378008,met,0.124507
b1,L1,84,472093.077400,472093.210050,472093.531169,met,0.276688
b1,L1,85,472095.077400,472095.157417,472095.199396,met,0.000921
b1,L2,57,472096.077335,472096.175906,472096.219430,met,0.001542
b1,L1,86,472097.077400,472097.159693,472097.202494,met,0.001253
b1,L1,87,472099.077400,472099.172827,472099.218533,met,0.004330
b1,L2,58,472099.077335,472099.206900,472099.246549,met,0.001098
b1,L1,88,472101.077400,472101.178157,472101.224032,met,0.002465
b1,L2,59,472102.077335,472102.192799,472102.235167,met,0.001112
b1,L1,89,472103.077400,472103.184413,472103.228725,met,0.001316
b1,L2,60,472105.077335,472105.150828,472105.198113,met,0.001126
b1,L1,90,472105.077400,472105.150880,472105.198602,met,0.003671
b1,L1,91,472107.077400,472107.201992,472107.245353,met,0.003364
b1,L2,61,472108.077335,472108.210343,472108.254055,met,0.001476
b1,L1,92,472109.077400,472109.208198,472109.253681,met,0.005065
b1,L1,93,472111.077400,472111.150731,472111.195291,met,0.003423
b1,L2,62,472111.077335,472111.154930,472111.195804,met,0.001137
b1,L1,94,472113.077400,472113.158131,472113.203835,met,0.004848
b1,L2,63,472114.077335,472114.219448,472114.261725,met,0.001258
b1,L1,95,472115.077400,472115.150404,472115.196423,met,0.004537
b1,L2,64,472117.077335,472117.152370,472117.199002,met,0.001545
b1,L1,96,472117.077400,472117.152302,472117.200608,met,0.004938
b1,L1,97,472119.077400,472119.160783,472119.711647,met,0.496450
b1,L2,65,472120.077335,472120.161237,472120.203299,met,0.001143
b1,L1,98,472121.077400,472121.149210,472121.194915,met,0.001455
b1,L1,99,472123.077400,472123.215097,472123.263709,met,0.003655
b1,L2,66,472123.077335,472123.215097,472123.263879,met,0.004214
b1,L1,100,472125.077400,472125.175871,472125.220974,met,0.001819
b1,L2,67,472126.077335,472126.159624,472126.202748,met,0.001084
b1,L1,101,472127.077400,472127.176629,472127.222349,met,0.002976
b1,L1,102,472129.077400,472129.162409,472129.207313,met,0.003395
b1,L2,68,472129.077335,472129.164964,472129.207408,met,0.002999
b1,L1,103,472131.077400,472131.158682,472131.202256,met,0.003355
b1,L2,69,472132.077335,472132.176018,472132.220424,met,0.001627
b1,L1,104,472133.077400,472133.161581,472133.207164,met,0.004220
b1,L1,105,472135.077400,472135.178806,472135.228209,met,0.003499
b1,L2,70,472135.077335,472135.181666,472135.228207,met,0.004145
b1,L1,106,472137.077400,472137.202024,472137.244310,met,0.001298
b1,L2,71,472138.077335,472138.158982,472138.202516,met,0.001055
b1,L1,107,472139.077400,472139.202810,472139.245432,met,0.003369
b1,L2,72,472141.077335,472141.136506,472141.180090,met,0.001127
b1,L1,108,472141.077400,472141.195724,472141.237876,met,0.003267
b1,L1,109,472143.077400,472143.158251,472143.195868,met,0.001239
b1,L2,73,472144.077335,472144.194572,472144.237953,met,0.001226
b1,L1,110,472145.077400,472145.212844,472145.259651,met,0.005118
b1,L2,74,472147.077335,472147.161221,472147.203243,met,0.001209
b1,L1,111,472147.077400,472147.161222,472147.205223,met,0.003876
b1,L1,112,472149.077400,472149.150581,472149.190669,met,0.001328
b1,L2,75,472150.077335,472150.192405,472150.776646,met,0.530524
b1,L1,113,472151.077400,472151.151320,472151.195096,met,0.003432
b1,L2,76,472153.077335,472153.200759,472153.249030,met,0.001268
b1,L1,114,472153.077400,472153.200549,472153.249200,met,0.001036
b1,L1,115,472155.077400,472155.161615,472155.204682,met,0.001514
b1,L2,77,472156.077335,472156.220210,472156.264160,met,0.001099
b1,L1,116,472157.077400,472157.195989,472157.243461,met,0.005925
b1,L2,78,472159.077335,472159.159608,472159.202553,met,0.001320
b1,L1,117,472159.077400,472159.207178,472159.249167,met,0.001409
b1,L1,118,472161.077400,472161.161181,472161.206909,met,0.002534
b1,L2,79,472162.077335,472162.155749,472162.199091,met,0.001188
b1,L1,119,472163.077400,472163.166149,472163.209699,met,0.001934
b1,L2,80,472165.077335,472165.170433,472165.217925,met,0.001191
b1,L1,120,472165.077400,472165.170122,472165.217929,met,0.001849
b1,L1,121,472167.077400,472167.176122,472167.220784,met,0.003550
b1,L2,81,472168.077335,472168.159225,472168.224981,met,0.015339
b1,L1,122,472169.077400,472169.219560,472169.264024,met,0.003109
b1,L2,82,472171.077335,472171.195119,472171.236550,met,0.001636
b1,L1,123,472171.077400,472171.191020,472171.236551,met,0.003643
b1,L1,124,472173.077400,472173.151013,472173.191912,met,0.003400
b1,L2,83,472174.077335,472174.199685,472174.242731,met,0.001391
b1,L1,125,472175.077400,472175.166902,472175.209816,met,0.003355
b1,L1,126,472177.077400,472177.191759,472177.239330,met,0.003290
b1,L2,84,472177.077335,472177.191730,472177.239183,met,0.003728
b1,L1,127,472179.077400,472179.168213,472179.212282,met,0.003347
b1,L2,85,472180.077335,472180.183072,472180.227367,met,0.001179
b1,L1,128,472181.077400,472181.220038,472181.846797,missed,0.565664
b1,L1,129,472183.077400,472183.152528,472183.195015,met,0.002152
b1,L2,86,472183.077335,472183.150682,472183.194956,met,0.001378
b1,L1,130,472185.077400,472185.207735,472185.249146,met,0.001784
b1,L2,87,472186.077335,472186.209892,472186.252862,met,0.001146
b1,L1,131,472187.077400,472187.210714,472187.257352,met,0.003159
b1,L1,132,472189.077400,472189.147944,472189.192040,met,0.003643
b1,L2,88,472189.077335,472189.169122,472189.209232,met,0.001248
b1,L1,133,472191.077400,472191.193197,472191.235690,met,0.003758
b1,L2,89,472192.077335,472192.223721,472192.263286,met,0.001277
b1,L1,134,472193.077400,472193.150258,472193.192102,met,0.003280
b1,L1,135,472195.077400,472195.165023,472195.215313,met,0.005489
b1,L2,90,472195.077335,472195.206680,472195.247448,met,0.001087
b1,L1,136,472197.077400,472197.215183,472197.256041,met,0.002558
b1,L2,91,472198.077335,472198.218747,472198.261882,met,0.001154
b1,L1,137,472199.077400,472199.212495,472199.253864,met,0.001300
b1,L1,138,472201.077400,472201.167744,472201.220438,met,0.005706
b1,L2,92,472201.077335,472201.167733,472201.220403,met,0.006387
b1,L1,139,472203.077400,472203.177486,472203.224404,met,0.002771
b1,L2,93,472204.077335,472204.206552,472204.249499,met,0.001225
b1,L1,140,472205.077400,472205.181967,472205.226113,met,0.001403
b1,L1,141,472207.077400,472207.150718,472207.202277,met,0.003589
b1,L2,94,472207.077335,472207.182448,472207.228323,met,0.001226
b1,L1,142,472209.077400,472209.175588,472209.222346,met,0.003718
b1,L2,95,472210.077335,472210.213139,472210.256661,met,0.001196
b1,L1,143,472211.077400,472211.175331,472211.219268,met,0.001343
b1,L1,144,472213.077400,472213.158125,472213.442862,met,0.226609
b1,L2,96,472213.077335,472213.151181,472213.443049,met,0.230731
b1,L1,145,472215.077400,472215.224506,472215.269995,met,0.000918
b1,L2,97,472216.077335,472216.173708,472216.216193,met,0.001115
b1,L1,146,472217.077400,472217.225959,472217.270174,met,0.002290
b1,L2,98,472219.077335,472219.176713,472219.220175,met,0.001081
b1,L1,147,472219.077400,472219.188735,472219.233528,met,0.003336
b1,L1,148,472221.077400,472221.166795,472221.212532,met,0.003780
b1,L2,99,472222.077335,472222.168514,472222.211961,met,0.001003
b1,L1,149,472223.077400,472223.147818,472223.193327,met,0.003388
b2,L2,0,472223.580235,472223.646665,472223.699592,met,0.001570
b2,L1,0,472223.580627,472223.646414,472223.699518,met,0.002522
b2,L1,1,472225.580627,472225.675183,472226.230135,met,0.499499
b2,L2,1,472226.580235,472226.735060,472226.775972,met,0.001162
b2,L1,2,472227.580627,472227.656661,472227.700487,met,0.003279
b2,L1,3,472229.580627,472229.650923,472229.693343,met,0.003395
b2,L2,2,472229.580235,472229.701996,472229.742010,met,0.001079
b2,L1,4,472231.580627,472231.683170,472231.722449,met,0.001159
b2,L2,3,472232.580235,472232.708897,472232.750183,met,0.001104
b2,L1,5,472233.580627,472233.656525,472233.697230,met,0.003449
b2,L2,4,472235.580235,472235.667074,472235.711813,met,0.001147
b2,L1,6,472235.580627,472235.671134,472235.712718,met,0.003824
b2,L1,7,472237.580627,472237.665546,472237.710676,met,0.003580
b2,L2,5,472238.580235,472238.658811,472238.701222,met,0.001186
b2,L1,8,472239.580627,472239.666909,472239.708362,met,0.003228
b2,L2,6,472241.580235,472241.679134,472241.722288,met,0.001166
b2,L1,9,472241.580627,472241.746657,472241.790719,met,0.003386
b2,L1,10,472243.580627,472243.658861,472244.365899,missed,0.645431
b2,L2,7,472244.580235,472244.712068,472244.756176,met,0.000931
b2,L1,11,472245.580627,472245.704818,472245.748814,met,0.001409
b2,L2,8,472247.580235,472247.675358,472247.715237,met,0.000821
b2,L1,12,472247.580627,472247.760744,472247.802028,met,0.003236
b2,L1,13,472249.580627,472249.726802,472249.770859,met,0.003425
b2,L2,9,472250.580235,472250.693634,472250.732987,met,0.000815
b2,L1,14,472251.580627,472251.742461,472251.783938,met,0.003229
b2,L2,10,472253.580235,472253.724014,472253.762753,met,0.001348
b2,L1,15,472253.580627,472253.727265,472253.767506,met,0.003193
b2,L1,16,472255.580627,472255.699788,472255.740167,met,0.002735
b2,L2,11,472256.580235,472256.657181,472256.698088,met,0.000898
b2,L1,17,472257.580627,472257.748502,472257.792455,met,0.003250
b2,L1,18,472259.580627,472259.658802,472259.701089,met,0.002178
b2,L2,12,472259.580235,472259.745017,472259.786009,met,0.001103
b2,L1,19,472261.580627,472261.791818,472261.832533,met,0.001410
b2,L2,13,472262.580235,472262.660163,472262.700271,met,0.000854
b2,L1,20,472263.580627,472263.789889,472263.831553,met,0.003226
b2,L2,14,472265.580235,472265.687455,472265.731304,met,0.000852
b2,L1,21,472265.580627,472265.687393,472265.731290,met,0.002098
b2,L1,22,472267.580627,472267.662862,472267.702448,met,0.001353
b2,L2,15,472268.580235,472268.692997,472268.737042,met,0.000850
b2,L1,23,472269.580627,472269.688209,472269.745913,met,0.003119
b2,L1,24,472271.580627,472271.656880,472271.708255,met,0.002588
b2,L2,16,472271.580235,472271.663465,472271.709592,met,0.000968
b2,L1,25,472273.580627,472273.720683,472273.762813,met,0.001517
b2,L1,26,472275.580627,472275.689250,472275.913925,met,0.168904
b2,L2,17,472274.580235,472274.722132,472275.914246,met,1.135759
b2,L1,27,472277.580627,472277.663316,472277.708430,met,0.001918
b2,L2,18,472277.580235,472277.663316,472277.708523,met,0.001232
b2,L1,28,472279.580627,472279.670152,472279.712193,met,0.003368
b2,L2,19,472280.580235,472280.729500,472280.769119,met,0.001038
b2,L1,29,472281.580627,472281.669205,472281.764281,met,0.050118
b2,L1,30,472283.580627,472283.661965,472283.703476,met,0.001299
b2,L2,20,472283.580235,472283.690939,472283.731464,met,0.001473
b2,L1,31,472285.580627,472285.654437,472285.701035,met,0.006780
b2,L2,21,472286.580235,472286.662720,472286.702102,met,0.001133
b2,L1,32,472287.580627,472287.660585,472287.768200,met,0.062197
b2,L1,33,472289.580627,472289.717976,472289.763121,met,0.002213
b2,L2,22,472289.580235,472289.717702,472289.763285,met,0.001433
b2,L1,34,472291.580627,472291.719059,472291.780340,met,0.002679
b2,L2,23,472292.580235,472292.713913,472292.757922,met,0.001218
b2,L1,35,472293.580627,472293.704901,472293.787865,met,0.039584
b2,L2,24,472295.580235,472295.716319,472295.796800,met,0.024007
b2,L1,36,472295.580627,472295.700674,472295.796799,met,0.025591
b2,L1,37,472297.580627,472297.696664,472297.740676,met,0.002097
b2,L2,25,472298.580235,472298.732157,472298.772391,met,0.001328
b2,L1,38,472299.580627,472299.673220,472299.776515,met,0.053774
b2,L1,39,472301.580627,472301.653344,472301.701093,met,0.003159
b2,L2,26,472301.580235,472301.710494,472301.775810,met,0.015932
b2,L1,40,472303.580627,472303.671436,472303.714610,met,0.001385
b2,L2,27,472304.580235,472304.723893,472304.764387,met,0.000800
b2,L1,41,472305.580627,472305.655286,472306.240870,missed,0.515487
b2,L2,28,472307.580235,472307.652613,472307.696639,met,0.001113
b2,L1,42,472307.580627,472307.662699,472307.704376,met,0.001049
b2,L1,43,472309.580627,472309.653339,472309.694793,met,0.001473
b2,L2,29,472310.580235,472310.715902,472310.769574,met,0.001354
b2,L1,44,472311.580627,472311.719666,472311.819458,met,0.053751
b2,L1,45,472313.580627,472313.662406,472313.705013,met,0.003314
b2,L2,30,472313.580235,472313.675346,472313.716979,met,0.001141
b2,L1,46,472315.580627,472315.653416,472315.697905,met,0.001361
b2,L2,31,472316.580235,472316.662339,472316.703226,met,0.001085
b2,L1,47,472317.580627,472317.655386,472317.699066,met,0.003285
b2,L1,48,472319.580627,472319.653624,472319.704724,met,0.002164
b2,L2,32,472319.580235,472319.653840,472319.704803,met,0.002421
b2,L1,49,472321.580627,472321.712873,472321.816892,met,0.061388
b2,L2,33,472322.580235,472322.660057,472322.700910,met,0.001040
b2,L1,50,472323.580627,472323.665072,472323.706410,met,0.002062
b2,L1,51,472325.580627,472325.663604,472325.707730,met,0.003390
b2,L2,34,472325.580235,472325.675584,472325.716699,met,0.001105
b2,L1,52,472327.580627,472327.678330,472327.720448,met,0.001921
b2,L2,35,472328.580235,472328.705340,472328.747304,met,0.001152
b2,L1,53,472329.580627,472329.650960,472329.693003,met,0.003413
b2,L1,54,472331.580627,472331.642732,472331.688932,met,0.003414
b2,L2,36,472331.580235,472331.700526,472331.744863,met,0.001115
b2,L1,55,472333.580627,472333.702414,472333.744760,met,0.003252
b2,L2,37,472334.580235,472334.671200,472334.710248,met,0.001053
b2,L1,56,472335.580627,472335.654074,472335.696617,met,0.003137
b2,L1,57,472337.580627,472337.708954,472338.305298,missed,0.533274
b2,L2,38,472337.580235,472337.659314,472338.420493,met,0.712396
b2,L1,58,472339.580627,472339.721362,472339.760204,met,0.001049
b2,L2,39,472340.580235,472340.712690,472340.753992,met,0.001244
b2,L1,59,472341.580627,472341.713170,472341.756370,met,0.003260
b2,L2,40,472343.580235,472343.655031,472343.696165,met,0.001157
b2,L1,60,472343.580627,472343.692449,472343.736670,met,0.003343
b2,L1,61,472345.580627,472345.666756,472345.710661,met,0.003492
b2,L2,41,472346.580235,472346.707389,472346.750289,met,0.001172
b2,L1,62,472347.580627,472347.680900,472347.723243,met,0.003340
b2,L2,42,472349.580235,472349.656273,472349.698161,met,0.001463
b2,L1,63,472349.580627,472349.706807,472349.750665,met,0.003153
b2,L1,64,472351.580627,472351.655381,472351.696340,met,0.003213
b2,L2,43,472352.580235,472352.664010,472352.704442,met,0.001132
b2,L1,65,472353.580627,472353.652839,472353.696530,met,0.003454
b2,L2,44,472355.580235,472355.655589,472355.696209,met,0.001149
b2,L1,66,472355.580627,472355.691389,472355.733456,met,0.001414
b2,L1,67,472357.580627,472357.655475,472357.698248,met,0.003381
b2,L2,45,472358.580235,472358.689916,472358.728108,met,0.001140
b2,L1,68,472359.580627,472359.714027,472359.755577,met,0.002812
b2,L2,46,472361.580235,472361.647108,472361.689840,met,0.001429
b2,L1,69,472361.580627,472361.660479,472361.701475,met,0.001274
b2,L1,70,472363.580627,472363.661340,472363.704643,met,0.003570
b2,L2,47,472364.580235,472364.705454,472364.751223,met,0.001175
b2,L1,71,472365.580627,472365.655223,472365.696169,met,0.003307
b2,L1,72,472367.580627,472367.664549,472367.704746,met,0.001185
b2,L2,48,472367.580235,472367.661322,472367.704586,met,0.001179
b2,L1,73,472369.580627,472369.661098,472370.282781,missed,0.556058
b2,L2,49,472370.580235,472370.730781,472370.771538,met,0.000848
b2,L1,74,472371.580627,472371.712273,472371.768812,met,0.002347
b2,L2,50,472373.580235,472373.641266,472373.682713,met,0.000853
b2,L1,75,472373.580627,472373.702924,472373.743482,met,0.002553
b2,L1,76,472375.580627,472375.655124,472375.698806,met,0.003928
b2,L2,51,472376.580235,472376.719767,472376.761336,met,0.001193
b2,L1,77,472377.580627,472377.654703,472377.695931,met,0.001325
b2,L1,78,472379.580627,472379.667163,472379.719541,met,0.002960
b2,L2,52,472379.580235,472379.702746,472379.749239,met,0.001245
b2,L1,79,472381.580627,472381.672668,472381.722220,met,0.005575
b2,L2,53,472382.580235,472382.711245,472382.753068,met,0.001227
b2,L1,80,472383.580627,472383.701102,472383.740101,met,0.001246
b2,L2,54,472385.580235,472385.702442,472385.744703,met,0.001120
b2,L1,81,472385.580627,472385.707583,472385.748923,met,0.003306
b2,L1,82,472387.580627,472387.709996,472387.752367,met,0.001989
b2,L2,55,472388.580235,472388.716881,472388.759287,met,0.000831
b2,L1,83,472389.580627,472389.658721,472389.700436,met,0.002051
b2,L2,56,472391.580235,472391.655074,472391.696573,met,0.001660
b2,L1,84,472391.580627,472391.651507,472391.696657,met,0.001915
b2,L1,85,472393.580627,472393.725430,472393.767129,met,0.001989
b2,L2,57,472394.580235,472394.659441,472394.698397,met,0.000857
b2,L1,86,472395.580627,472395.657988,472395.699737,met,0.001892
b2,L1,87,472397.580627,472397.659859,472397.703318,met,0.001996
b2,L2,58,472397.580235,472397.667780,472397.710232,met,0.000822
b2,L1,88,472399.580627,472399.658078,472400.273094,missed,0.549109
b2,L2,59,472400.580235,472400.684216,472400.864995,met,0.122482
b2,L1,89,472401.580627,472401.684535,472401.731589,met,0.001610
b2,L1,90,472403.580627,472403.677188,472403.724071,met,0.001481
b2,L2,60,472403.580235,472403.723953,472403.877634,met,0.105326
b2,L1,91,472405.580627,472405.718806,472405.764012,met,0.003895
b2,L2,61,472406.580235,472406.668530,472406.714468,met,0.001477
b2,L1,92,472407.580627,472407.693980,472407.752561,met,0.003042
b2,L1,93,472409.580627,472409.689337,472409.733099,met,0.001386
b2,L2,62,472409.580235,472409.715271,472409.760412,met,0.001180
b2,L1,94,472411.580627,472411.714194,472411.849322,met,0.078612
b2,L2,63,472412.580235,472412.658033,472412.700648,met,0.001188
b2,L1,95,472413.580627,472413.657831,472413.703070,met,0.003194
b2,L1,96,472415.580627,472415.660000,472415.706981,met,0.002222
b2,L2,64,472415.580235,472415.678263,472415.725405,met,0.000943
b2,L1,97,472417.580627,472417.728733,472418.366667,missed,0.564958
b2,L2,65,472418.580235,472418.717148,472418.759190,met,0.000945
b2,L1,98,472419.580627,472419.715395,472419.770530,met,0.003650
b2,L1,99,472421.580627,472421.663996,472421.715374,met,0.002803
b2,L2,66,472421.580235,472421.663996,472421.715193,met,0.001013
b2,L1,100,472423.580627,472423.721028,472423.770548,met,0.004132
b2,L2,67,472424.580235,472424.717839,472424.762311,met,0.000863
b2,L1,101,472425.580627,472425.709761,472425.751162,met,0.002017
b2,L1,102,472427.580627,472427.657288,472427.701245,met,0.001097
b2,L2,68,472427.580235,472427.664887,472427.709323,met,0.000940
b2,L1,103,472429.580627,472429.683786,472429.726763,met,0.002528
b2,L2,69,472430.580235,472430.660076,472430.879070,met,0.160920
b2,L1,104,472431.580627,472431.693791,472431.735701,met,0.002048
b2,L1,105,472433.580627,472433.677410,472433.722461,met,0.001397
b2,L2,70,472433.580235,472433.687975,472433.731471,met,0.001127
b2,L1,106,472435.580627,472435.660754,472435.707045,met,0.003610
b2,L2,71,472436.580235,472436.685752,472436.728301,met,0.001199
b2,L1,107,472437.580627,472437.725957,472437.807448,met,0.040185
b2,L1,108,472439.580627,472439.667541,472439.716773,met,0.001943
b2,L2,72,472439.580235,472439.667454,472439.716773,met,0.001211
b2,L1,109,472441.580627,472441.731847,472441.818391,met,0.043954
b2,L2,73,472442.580235,472442.683327,472442.726359,met,0.001249
b2,L1,110,472443.580627,472443.658015,472443.701561,met,0.001474
b2,L2,74,472445.580235,472445.652683,472445.696504,met,0.001341
b2,L1,111,472445.580627,472445.668469,472445.715113,met,0.003574
b2,L1,112,472447.580627,472447.717823,472447.761563,met,0.003505
b2,L2,75,472448.580235,472448.658883,472448.705317,met,0.001243
b2,L1,113,472449.580627,472449.727696,472450.045418,met,0.257971
b2,L2,76,472451.580235,472451.660035,472451.710428,met,0.001251
b2,L1,114,472451.580627,472451.660082,472451.714286,met,0.003993
b2,L1,115,472453.580627,472453.727540,472453.772953,met,0.003338
b2,L2,77,472454.580235,472454.666305,472454.708543,met,0.001207
b2,L1,116,472455.580627,472455.692608,472455.736941,met,0.001227
b2,L2,78,472457.580235,472457.708596,472457.768433,met,0.001338
b2,L1,117,472457.580627,472457.721779,472457.783165,met,0.004338
b2,L1,118,472459.580627,472459.742358,472459.788678,met,0.003618
b2,L2,79,472460.580235,472460.674582,472460.753397,met,0.037105
b2,L1,119,472461.580627,472461.659202,472461.705215,met,0.001016
b2,L2,80,472463.580235,472463.680980,472463.730402,met,0.001195
b2,L1,120,472463.580627,472463.681815,472463.733071,met,0.003875
b2,L1,121,472465.580627,472465.689311,472465.733028,met,0.003808
b2,L2,81,472466.580235,472466.705462,472466.748092,met,0.001254
b2,L1,122,472467.580627,472467.710737,472467.756910,met,0.003519
b2,L1,123,472469.580627,472469.658171,472469.705122,met,0.003327
b2,L2,82,472469.580235,472469.704976,472469.752661,met,0.001004
b2,L1,124,472471.580627,472471.659655,472471.706039,met,0.003604
b2,L2,83,472472.580235,472472.702158,472472.745061,met,0.001189
b2,L1,125,472473.580627,472473.718286,472473.763766,met,0.001435
b2,L1,126,472475.580627,472475.652333,472475.697548,met,0.003146
b2,L2,84,472475.580235,472475.703272,472475.744537,met,0.001162
b2,L1,127,472477.580627,472477.675028,472477.719682,met,0.003182
b2,L2,85,472478.580235,472478.651674,472478.693358,met,0.001189
b2,L1,128,472479.580627,472479.726028,472479.769229,met,0.001422
b2,L2,86,472481.580235,472481.669118,472481.713238,met,0.000896
b2,L1,129,472481.580627,472481.677038,472481.722988,met,0.002144
b2,L1,130,472483.580627,472483.707912,472483.754094,met,0.003367
b2,L2,87,472484.580235,472484.660873,472484.704121,met,0.000874
b2,L1,131,472485.580627,472485.728474,472485.770351,met,0.001197
b2,L2,88,472487.580235,472487.715466,472487.812025,met,0.031164
b2,L1,132,472487.580627,472487.706876,472487.811992,met,0.038722
b2,L1,133,472489.580627,472489.743046,472489.785278,met,0.003336
b2,L2,89,472490.580235,472490.676744,472490.794692,met,0.073448
b2,L1,134,472491.580627,472491.701889,472491.750786,met,0.002841
b2,L2,90,472493.580235,472493.644899,472493.690070,met,0.002127
b2,L1,135,472493.580627,472493.640372,472493.690190,met,0.003261
b2,L1,136,472495.580627,472495.718971,472495.767237,met,0.003600
b2,L2,91,472496.580235,472496.714920,472496.772326,met,0.002681
b2,L1,137,472497.580627,472497.654092,472497.695077,met,0.002008
b2,L1,138,472499.580627,472499.656638,472499.699549,met,0.001856
b2,L2,92,472499.580235,472499.694022,472499.734670,met,0.001180
b2,L1,139,472501.580627,472501.659477,472501.700815,met,0.002057
b2,L2,93,472502.580235,472502.669274,472502.711277,met,0.000815
b2,L1,140,472503.580627,472503.659135,472503.699467,met,0.000871
b2,L1,141,472505.580627,472505.656791,472505.701496,met,0.001849
b2,L2,94,472505.580235,472505.711143,472505.756403,met,0.001194
b2,L1,142,472507.580627,472507.688765,472507.733409,met,0.001901
b2,L2,95,472508.580235,472508.684983,472508.728618,met,0.000885
b2,L1,143,472509.580627,472509.652618,472509.702343,met,0.006932
b2,L1,144,472511.580627,472511.667271,472512.302266,missed,0.569573
b2,L2,96,472511.580235,472511.680212,472513.389745,met,1.650758
b2,L1,145,472513.580627,472513.724756,472513.769389,met,0.003824
b2,L2,97,472514.580235,472514.710531,472514.753580,met,0.001214
b2,L1,146,472515.580627,472515.660768,472515.703486,met,0.001484
b2,L2,98,472517.580235,472517.685405,472517.739545,met,0.006112
b2,L1,147,472517.580627,472517.687767,472517.739348,met,0.005174
b2,L1,148,472519.580627,472519.668787,472519.714171,met,0.003723
b2,L2,99,472520.580235,472520.719934,472520.799979,met,0.036450
b2,L1,149,472521.580627,472521.658356,472521.701681,met,0.000934
b3,L2,0,472522.075168,472522.138389,472522.185785,met,0.000995
b3,L1,0,472522.075178,472522.138461,472522.185971,met,0.001415
b3,L1,1,472524.075178,472524.227778,472524.298597,met,0.028923
b3,L2,1,472525.075168,472525.178735,472525.222191,met,0.001471
b3,L1,2,472526.075178,472526.160986,472526.207244,met,0.003743
b3,L2,2,472528.075168,472528.153161,472528.232479,met,0.036224
b3,L1,3,472528.075178,472528.203128,472528.255737,met,0.010580
b3,L1,4,472530.075178,472530.162254,472530.210536,met,0.005902
b3,L2,3,472531.075168,472531.152735,472531.195760,met,0.001274
b3,L1,5,472532.075178,472532.185326,472532.231362,met,0.003511
b3,L2,4,472534.075168,472534.149509,472534.204103,met,0.006692
b3,L1,6,472534.075178,472534.149396,472534.206967,met,0.010911
b3,L1,7,472536.075178,472536.151641,472536.195284,met,0.002378
b3,L2,5,472537.075168,472537.166831,472537.209493,met,0.001146
b3,L1,8,472538.075178,472538.152141,472538.243156,met,0.048810
b3,L2,6,472540.075168,472540.151133,472540.194668,met,0.001538
b3,L1,9,472540.075178,472540.178265,472540.223871,met,0.003812
b3,L1,10,472542.075178,472542.219078,472542.307264,met,0.046745
b3,L1,11,472544.075178,472544.209461,472544.507589,met,0.240819
b3,L2,7,472543.075168,472543.209164,472544.507589,met,1.240126
b3,L2,8,472546.075168,472546.219577,472546.269064,met,0.001453
b3,L1,12,472546.075178,472546.223228,472546.269292,met,0.002162
b3,L1,13,472548.075178,472548.153825,472548.199823,met,0.003530
b3,L2,9,472549.075168,472549.159968,472549.202698,met,0.001235
b3,L1,14,472550.075178,472550.161161,472550.207001,met,0.004831
b3,L2,10,472552.075168,472552.146176,472552.189318,met,0.001027
b3,L1,15,472552.075178,472552.152692,472552.196035,met,0.000916
b3,L1,16,472554.075178,472554.153809,472554.199199,met,0.004612
b3,L2,11,472555.075168,472555.159696,472555.201638,met,0.001506
b3,L1,17,472556.075178,472556.204493,472556.250483,met,0.004468
b3,L1,18,472558.075178,472558.206554,472558.256729,met,0.003363
b3,L2,12,472558.075168,472558.203747,472558.257067,met,0.003837
b3,L1,19,472560.075178,472560.162739,472560.207479,met,0.003308
b3,L2,13,472561.075168,472561.200556,472561.244692,met,0.001355
b3,L1,20,472562.075178,472562.186718,472562.230291,met,0.001405
b3,L1,21,472564.075178,472564.151849,472564.196901,met,0.003509
b3,L2,14,472564.075168,472564.170291,472564.214103,met,0.001146
b3,L1,22,472566.075178,472566.153631,472566.198387,met,0.002927
b3,L2,15,472567.075168,472567.212426,472567.256383,met,0.001850
b3,L1,23,472568.075178,472568.163404,472568.205782,met,0.001053
b3,L2,16,472570.075168,472570.152008,472570.196531,met,0.001218
b3,L1,24,472570.075178,472570.205636,472570.252224,met,0.003349
b3,L1,25,472572.075178,472572.171009,472572.214815,met,0.002794
b3,L2,17,472573.075168,472573.153116,472573.195759,met,0.001351
b3,L1,26,472574.075178,472574.167838,472574.211127,met,0.001282
b3,L1,27,472576.075178,472576.203762,472576.249866,met,0.002445
b3,L2,18,472576.075168,472576.210557,472576.255221,met,0.000880
b3,L1,28,472578.075178,472578.163087,472578.204991,met,0.001401
b3,L2,19,472579.075168,472579.218708,472579.262052,met,0.001163
b3,L1,29,472580.075178,472580.199947,472580.242779,met,0.001892
b3,L2,20,472582.075168,472582.144520,472582.186549,met,0.000859
b3,L1,30,472582.075178,472582.170401,472582.212130,met,0.001043
b3,L1,31,472584.075178,472584.215414,472584.259568,met,0.002872
b3,L2,21,472585.075168,472585.152152,472585.195279,met,0.001484
b3,L1,32,472586.075178,472586.219471,472586.265204,met,0.004567
b3,L1,33,472588.075178,472588.146089,472588.196130,met,0.004511
b3,L2,22,472588.075168,472588.144119,472588.196046,met,0.005191
b3,L1,34,472590.075178,472590.162087,472590.204983,met,0.001527
b3,L2,23,472591.075168,472591.159219,472591.201990,met,0.001157
b3,L1,35,472592.075178,472592.159482,472592.205210,met,0.003642
b3,L1,36,472594.075178,472594.193538,472594.239733,met,0.003420
b3,L2,24,472594.075168,472594.206174,472594.250179,met,0.001180
b3,L1,37,472596.075178,472596.162180,472596.206805,met,0.002850
b3,L2,25,472597.075168,472597.160148,472597.201774,met,0.001158
b3,L1,38,472598.075178,472598.195962,472598.240808,met,0.003834
b3,L2,26,472600.075168,472600.142393,472600.186475,met,0.001203
b3,L1,39,472600.075178,472600.150364,472600.195124,met,0.003307
b3,L1,40,472602.075178,472602.179671,472602.224640,met,0.004486
b3,L2,27,472603.075168,472603.152995,472603.193277,met,0.001116
b3,L1,41,472604.075178,472604.158243,472604.201636,met,0.003413
b3,L1,42,472606.075178,472606.186438,472606.741409,met,0.493370
b3,L2,28,472606.075168,472606.192831,472606.741398,met,0.486172
b3,L1,43,472608.075178,472608.178154,472608.220041,met,0.001470
b3,L2,29,472609.075168,472609.153106,472609.195710,met,0.001421
b3,L1,44,472610.075178,472610.218981,472610.264264,met,0.004044
b3,L2,30,472612.075168,472612.161467,472612.205134,met,0.000896
b3,L1,45,472612.075178,472612.204883,472612.247459,met,0.001845
b3,L1,46,472614.075178,472614.220619,472614.264022,met,0.003437
b3,L2,31,472615.075168,472615.202902,472615.245304,met,0.001134
b3,L1,47,472616.075178,472616.177619,472616.222676,met,0.003348
b3,L1,48,472618.075178,472618.153407,472618.198534,met,0.003466
b3,L2,32,472618.075168,472618.170968,472618.214998,met,0.001275
b3,L1,49,472620.075178,472620.224630,472620.268861,met,0.003222
b3,L2,33,472621.075168,472621.203176,472621.246907,met,0.001149
b3,L1,50,472622.075178,472622.164786,472622.209369,met,0.004490
b3,L2,34,472624.075168,472624.185969,472624.228637,met,0.001113
b3,L1,51,472624.075178,472624.203514,472624.245661,met,0.001371
b3,L1,52,472626.075178,472626.150980,472626.199146,met,0.003452
b3,L2,35,472627.075168,472627.189015,472627.230681,met,0.001391
b3,L1,53,472628.075178,472628.218553,472628.264192,met,0.003396
b3,L1,54,472630.075178,472630.153033,472630.197548,met,0.001595
b3,L2,36,472630.075168,472630.159179,472630.203615,met,0.001394
b3,L1,55,472632.075178,472632.202456,472632.247485,met,0.003376
b3,L2,37,472633.075168,472633.209106,472633.251671,met,0.001117
b3,L1,56,472634.075178,472634.178830,472634.223866,met,0.003442
b3,L1,57,472636.075178,472636.160048,472636.202946,met,0.001333
b3,L2,38,472636.075168,472636.202711,472636.245461,met,0.001175
b3,L1,58,472638.075178,472638.220959,472638.264175,met,0.002868
b3,L2,39,472639.075168,472639.188995,472639.230176,met,0.001017
b3,L1,59,472640.075178,472640.195836,472640.238453,met,0.001359
b3,L2,40,472642.075168,472642.149240,472642.197682,met,0.001816
b3,L1,60,472642.075178,472642.146293,472642.197743,met,0.002020
b3,L1,61,472644.075178,472644.159226,472644.793646,missed,0.568499
b3,L2,41,472645.075168,472645.209098,472645.258956,met,0.001010
b3,L1,62,472646.075178,472646.139031,472646.182223,met,0.002147
b3,L1,63,472648.075178,472648.177654,472648.226936,met,0.006171
b3,L2,42,472648.075168,472648.203239,472648.244078,met,0.001324
b3,L1,64,472650.075178,472650.203451,472650.250695,met,0.001049
b3,L2,43,472651.075168,472651.220909,472651.264970,met,0.001220
b3,L1,65,472652.075178,472652.204354,472652.248573,met,0.001979
b3,L1,66,472654.075178,472654.188827,472654.282767,met,0.046279
b3,L2,44,472654.075168,472654.205839,472654.282875,met,0.031999
b3,L1,67,472656.075178,472656.234418,472656.340331,met,0.062267
b3,L2,45,472657.075168,472657.220890,472657.280633,met,0.016258
b3,L1,68,472658.075178,472658.178069,472658.223481,met,0.004096
b3,L2,46,472660.075168,472660.184084,472660.223741,met,0.001136
b3,L1,69,472660.075178,472660.206908,472660.284237,met,0.037191
b3,L1,70,472662.075178,472662.209532,472662.350820,met,0.094601
b3,L2,47,472663.075168,472663.217302,472663.282693,met,0.023830
b3,L1,71,472664.075178,472664.162448,472664.208945,met,0.005833
b3,L2,48,472666.075168,472666.152181,472666.193225,met,0.001137
b3,L1,72,472666.075178,472666.194740,472666.242728,met,0.004642
b3,L1,73,472668.075178,472668.211950,472668.833345,missed,0.557014
b3,L2,49,472669.075168,472669.160673,472669.231936,met,0.023611
b3,L1,74,472670.075178,472670.220437,472670.262213,met,0.001437
b3,L2,50,472672.075168,472672.184857,472672.237152,met,0.009558
b3,L1,75,472672.075178,472672.184556,472672.237534,met,0.011183
b3,L1,76,472674.075178,472674.181144,472674.226735,met,0.002103
b3,L2,51,472675.075168,472675.178255,472675.250378,met,0.027218
b3,L1,77,472676.075178,472676.211761,472676.256646,met,0.003571
b3,L2,52,472678.075168,472678.129480,472678.261578,met,0.082492
b3,L1,78,472678.075178,472678.129611,472678.264788,met,0.084730
b3,L1,79,472680.075178,472680.152481,472680.197610,met,0.002032
b3,L2,53,472681.075168,472681.195104,472681.248766,met,0.010302
b3,L1,80,472682.075178,472682.219735,472682.263969,met,0.003826
b3,L1,81,472684.075178,472684.205523,472684.258276,met,0.007026
b3,L2,54,472684.075168,472684.161552,472684.258247,met,0.049996
b3,L1,82,472686.075178,472686.216992,472686.269272,met,0.001509
b3,L2,55,472687.075168,472687.147348,472687.191287,met,0.000838
b3,L1,83,472688.075178,472688.179196,472688.225245,met,0.003758
b3,L2,56,472690.075168,472690.152432,472690.263976,met,0.063864
b3,L1,84,472690.075178,472690.152419,472690.264039,met,0.063286
b3,L1,85,472692.075178,472692.153199,472692.198828,met,0.005191
b3,L2,57,472693.075168,472693.152282,472693.257560,met,0.063280
b3,L1,86,472694.075178,472694.175883,472694.218058,met,0.002045
b3,L2,58,472696.075168,472696.144796,472696.265832,met,0.076765
b3,L1,87,472696.075178,472696.221176,472696.265731,met,0.004148
b3,L1,88,472698.075178,472698.192138,472698.235330,met,0.000982
b3,L2,59,472699.075168,472699.160524,472699.259620,met,0.056957
b3,L1,89,472700.075178,472700.158962,472700.661112,met,0.441454
b3,L1,90,472702.075178,472702.143023,472702.189258,met,0.001279
b3,L2,60,472702.075168,472702.147012,472702.189234,met,0.000943
b3,L1,91,472704.075178,472704.177658,472704.222324,met,0.003971
b3,L2,61,472705.075168,472705.193822,472705.275357,met,0.040851
b3,L1,92,472706.075178,472706.200733,472706.245594,met,0.003297
b3,L2,62,472708.075168,472708.171729,472708.280903,met,0.067847
b3,L1,93,472708.075178,472708.167772,472708.280919,met,0.068994
b3,L1,94,472710.075178,472710.221327,472710.276447,met,0.004094
b3,L2,63,472711.075168,472711.174453,472711.276597,met,0.059116
b3,L1,95,472712.075178,472712.195076,472712.238849,met,0.003347
b3,L1,96,472714.075178,472714.170353,472714.810603,missed,0.574626
b3,L2,64,472714.075168,472714.173716,472715.227823,met,0.999261
b3,L1,97,472716.075178,472716.163246,472716.222063,met,0.007595
b3,L2,65,472717.075168,472717.203540,472717.251695,met,0.000931
b3,L1,98,472718.075178,472718.170650,472718.230084,met,0.004632
b3,L1,99,472720.075178,472720.182406,472720.759121,missed,0.509627
b3,L2,66,472720.075168,472720.216066,472721.949293,met,1.685501
b3,L1,100,472722.075178,472722.228798,472722.272201,met,0.001391
b3,L2,67,472723.075168,472723.175877,472723.218079,met,0.001193
b3,L1,101,472724.075178,472724.219487,472724.280292,met,0.016150
b3,L2,68,472726.075168,472726.160909,472726.204315,met,0.001143
b3,L1,102,472726.075178,472726.187337,472726.232053,met,0.002588
b3,L1,103,472728.075178,472728.170538,472728.213068,met,0.003101
b3,L2,69,472729.075168,472729.169793,472729.211860,met,0.001180
b3,L1,104,472730.075178,472730.160250,472730.202852,met,0.003230
b3,L2,70,472732.075168,472732.144297,472732.190488,met,0.001064
b3,L1,105,472732.075178,472732.168133,472732.215086,met,0.001964
b3,L1,106,472734.075178,472734.175957,472734.214971,met,0.001357
b3,L2,71,472735.075168,472735.168802,472735.211750,met,0.001184
b3,L1,107,472736.075178,472736.150254,472736.191890,met,0.003229
b3,L1,108,472738.075178,472738.143380,472738.185570,met,0.001816
b3,L2,72,472738.075168,472738.147938,472738.185797,met,0.000745
b3,L1,109,472740.075178,472740.151247,472740.194817,met,0.003460
b3,L2,73,472741.075168,472741.211106,472741.251942,met,0.001073
b3,L1,110,472742.075178,472742.151655,472742.194272,met,0.003348
b3,L2,74,472744.075168,472744.198032,472744.264011,met,0.022680
b3,L1,111,472744.075178,472744.206440,472744.264110,met,0.015897
b3,L1,112,472746.075178,472746.162168,472746.208225,met,0.004846
b3,L2,75,472747.075168,472747.227885,472747.267805,met,0.001168
b3,L1,113,472748.075178,472748.178282,472748.221365,met,0.003378
b3,L1,114,472750.075178,472750.152555,472750.203817,met,0.002317
b3,L2,76,472750.075168,472750.161878,472750.210784,met,0.001018
b3,L1,115,472752.075178,472752.201461,472752.243737,met,0.001343
b3,L2,77,472753.075168,472753.153339,472753.193436,met,0.000854
b3,L1,116,472754.075178,472754.157405,472754.209619,met,0.005170
b3,L1,117,472756.075178,472756.162333,472756.209249,met,0.001952
b3,L2,78,472756.075168,472756.199184,472756.241318,met,0.001138
b3,L1,118,472758.075178,472758.211872,472758.252504,met,0.001412
b3,L2,79,472759.075168,472759.153867,472759.194655,met,0.000856
b3,L1,119,472760.075178,472760.195286,472760.237521,met,0.003285
b3,L1,120,472762.075178,472762.141980,472762.720944,missed,0.511112
b3,L2,80,472762.075168,472762.203568,472763.438450,met,1.174390
b3,L1,121,472764.075178,472764.160320,472764.203970,met,0.000982
b3,L2,81,472765.075168,472765.152788,472765.199972,met,0.001175
b3,L1,122,472766.075178,472766.175652,472766.218102,met,0.001315
b3,L1,123,472768.075178,472768.152310,472768.196136,met,0.003589
b3,L2,82,472768.075168,472768.208032,472768.249145,met,0.001121
b3,L1,124,472770.075178,472770.167037,472770.211050,met,0.003342
b3,L2,83,472771.075168,472771.157481,472771.198635,met,0.001278
b3,L1,125,472772.075178,472772.207489,472772.248863,met,0.001326
b3,L2,84,472774.075168,472774.147990,472774.191166,met,0.003983
b3,L1,126,472774.075178,472774.144846,472774.191377,met,0.003444
b3,L1,127,472776.075178,472776.161726,472776.206100,met,0.003500
b3,L2,85,472777.075168,472777.178520,472777.221822,met,0.001124
b3,L1,128,472778.075178,472778.152244,472778.195603,met,0.001378
b3,L1,129,472780.075178,472780.163975,472780.214996,met,0.008452
b3,L2,86,472780.075168,472780.170354,472780.214997,met,0.003773
b3,L1,130,472782.075178,472782.151731,472782.195507,met,0.003221
b3,L2,87,472783.075168,472783.175287,472783.217954,met,0.001150
b3,L1,131,472784.075178,472784.210405,472784.274416,met,0.023789
b3,L1,132,472786.075178,472786.144721,472786.191972,met,0.003370
b3,L2,88,472786.075168,472786.198331,472786.243517,met,0.001142
b3,L1,133,472788.075178,472788.168941,472788.338493,met,0.115381
b3,L2,89,472789.075168,472789.201102,472789.275775,met,0.033372
b3,L1,134,472790.075178,472790.170452,472790.214431,met,0.002246
b3,L1,135,472792.075178,472792.150278,472792.189331,met,0.001249
b3,L2,90,472792.075168,472792.154391,472792.194123,met,0.001120
b3,L1,136,472794.075178,472794.143457,472794.713237,missed,0.505608
b3,L2,91,472795.075168,472795.195302,472795.236135,met,0.000852
b3,L1,137,472796.075178,472796.170589,472796.213064,met,0.001492
b3,L2,92,472798.075168,472798.179348,472798.392721,met,0.136660
b3,L1,138,472798.075178,472798.209573,472798.395747,met,0.122535
b3,L1,139,472800.075178,472800.220819,472800.265032,met,0.003784
b3,L2,93,472801.075168,472801.234781,472801.275338,met,0.001141
b3,L1,140,472802.075178,472802.203021,472802.246737,met,0.003246
b3,L1,141,472804.075178,472804.150212,472804.191609,met,0.003194
b3,L2,94,472804.075168,472804.165080,472804.206076,met,0.001061
b3,L1,142,472806.075178,472806.251139,472806.296682,met,0.003197
b3,L2,95,472807.075168,472807.148862,472807.188656,met,0.001241
b3,L1,143,472808.075178,472808.149051,472808.191291,met,0.003397
b3,L2,96,472810.075168,472810.156837,472810.207304,met,0.003862
b3,L1,144,472810.075178,472810.156949,472810.207303,met,0.003359
b3,L1,145,472812.075178,472812.234240,472812.275182,met,0.001278
b3,L2,97,472813.075168,472813.297513,472813.339256,met,0.000927
b3,L1,146,472814.075178,472814.262098,472814.305316,met,0.003342
b3,L2,98,472816.075168,472816.234887,472816.277863,met,0.001139
b3,L1,147,472816.075178,472816.264346,472816.310154,met,0.004418
b3,L1,148,472818.075178,472818.200814,472818.240984,met,0.001317
b3,L2,99,472819.075168,472819.211051,472819.252938,met,0.001122
b3,L1,149,472820.075178,472820.278692,472820.319919,met,0.003314
b4,L1,0,472820.691617,472820.754391,472820.799989,met,0.001334
b4,L2,0,472820.691656,472820.754237,472820.799858,met,0.001792
b4,L1,1,472822.691617,472822.860340,472822.904865,met,0.003861
b4,L2,1,472823.691656,472823.882466,472823.921595,met,0.001305
b4,L1,2,472824.691617,472824.909496,472825.611916,missed,0.638330
b4,L1,3,472826.691617,472826.861981,472826.908247,met,0.001098
b4,L2,2,472826.691656,472826.889735,472826.937588,met,0.000975
b4,L1,4,472828.691617,472828.889874,472828.934344,met,0.001464
b4,L2,3,472829.691656,472829.842490,472829.884010,met,0.001134
b4,L1,5,472830.691617,472830.859860,472830.903362,met,0.003326
b4,L1,6,472832.691617,472832.760604,472832.804746,met,0.003179
b4,L2,4,472832.691656,472832.855173,472832.895984,met,0.001140
b4,L1,7,472834.691617,472834.851544,472834.893212,met,0.001357
b4,L2,5,472835.691656,472835.868976,472835.908888,met,0.001108
b4,L1,8,472836.691617,472836.836324,472836.882705,met,0.003315
b4,L1,9,472838.691617,472838.833382,472838.877774,met,0.003596
b4,L2,6,472838.691656,472838.843751,472838.885041,met,0.001292
b4,L1,10,472840.691617,472840.803010,472840.842878,met,0.001402
b4,L2,7,472841.691656,472841.785940,472841.827318,met,0.001110
b4,L1,11,472842.691617,472842.836717,472842.881544,met,0.003503
b4,L1,12,472844.691617,472844.807319,472844.851036,met,0.003082
b4,L2,8,472844.691656,472844.897690,472844.939935,met,0.001169
b4,L1,13,472846.691617,472846.891360,472846.935359,met,0.003004
b4,L2,9,472847.691656,472847.826331,472847.866855,met,0.001179
b4,L1,14,472848.691617,472848.893460,472848.939498,met,0.006776
b4,L1,15,472850.691617,472850.777812,472850.820661,met,0.003281
b4,L2,10,472850.691656,472850.861303,472850.901665,met,0.001228
b4,L1,16,472852.691617,472852.834982,472852.876904,met,0.003442
b4,L2,11,472853.691656,472853.793258,472853.834553,met,0.001249
b4,L1,17,472854.691617,472854.901683,472854.944068,met,0.003156
b4,L2,12,472856.691656,472856.761448,472857.251505,met,0.425822
b4,L1,18,472856.691617,472856.766914,472857.253236,met,0.423468
b4,L1,19,472858.691617,472858.854211,472858.900712,met,0.001250
b4,L2,13,472859.691656,472859.862038,472859.903901,met,0.001166
b4,L1,20,472860.691617,472860.760013,472860.803930,met,0.004255
b4,L1,21,472862.691617,472862.759573,472862.801904,met,0.003401
b4,L2,14,472862.691656,472862.872382,472862.915070,met,0.001219
b4,L1,22,472864.691617,472864.860791,472864.902934,met,0.001314
b4,L2,15,472865.691656,472865.883450,472865.922507,met,0.001160
b4,L1,23,472866.691617,472866.895960,472866.940076,met,0.001479
b4,L1,24,472868.691617,472868.772920,472869.064927,met,0.231704
b4,L2,16,472868.691656,472868.772761,472869.184896,met,0.365404
b4,L1,25,472870.691617,472870.904834,472870.950005,met,0.003521
b4,L2,17,472871.691656,472871.768646,472871.811905,met,0.001190
b4,L1,26,472872.691617,472872.891646,472872.939517,met,0.003792
b4,L2,18,472874.691656,472874.859261,472874.902804,met,0.001245
b4,L1,27,472874.691617,472874.866963,472874.910369,met,0.001115
b4,L1,28,472876.691617,472876.912207,472876.958605,met,0.005815
b4,L2,19,472877.691656,472877.870107,472877.912659,met,0.001157
b4,L1,29,472878.691617,472878.842730,472878.890012,met,0.004090
b4,L2,20,472880.691656,472880.801952,472880.842586,met,0.001177
b4,L1,30,472880.691617,472880.863431,472880.904770,met,0.001375
b4,L1,31,472882.691617,472882.777026,472882.821923,met,0.003599
b4,L2,21,472883.691656,472883.845323,472883.887234,met,0.001413
b4,L1,32,472884.691617,472884.775450,472884.817525,met,0.002610
b4,L2,22,472886.691656,472886.766918,472886.816530,met,0.001239
b4,L1,33,472886.691617,472886.766916,472886.816591,met,0.001936
b4,L1,34,472888.691617,472888.776901,472888.820899,met,0.001919
b4,L2,23,472889.691656,472889.896994,472889.940769,met,0.000981
b4,L1,35,472890.691617,472890.908969,472890.949517,met,0.001171
b4,L2,24,472892.691656,472892.893822,472892.935911,met,0.001176
b4,L1,36,472892.691617,472892.897708,472892.939034,met,0.002823
b4,L1,37,472894.691617,472894.802966,472894.844942,met,0.003232
b4,L2,25,472895.691656,472895.834710,472895.874899,met,0.001117
b4,L1,38,472896.691617,472896.787119,472896.830574,met,0.001328
b4,L2,26,472898.691656,472898.797742,472898.839170,met,0.000995
b4,L1,39,472898.691617,472898.825772,472898.867536,met,0.002149
b4,L1,40,472900.691617,472900.867813,472900.913033,met,0.003195
b4,L2,27,472901.691656,472901.805760,472901.846870,met,0.001075
b4,L1,41,472902.691617,472902.817771,472902.860847,met,0.001316
b4,L2,28,472904.691656,472904.911092,472904.958768,met,0.001258
b4,L1,42,472904.691617,472904.911145,472904.960546,met,0.004191
b4,L1,43,472906.691617,472906.910418,472906.956413,met,0.003432
b4,L2,29,472907.691656,472907.852850,472907.896226,met,0.001154
b4,L1,44,472908.691617,472908.864133,472908.907807,met,0.003016
b4,L2,30,472910.691656,472910.905523,472910.953160,met,0.001178
b4,L1,45,472910.691617,472910.905251,472910.954924,met,0.003748
b4,L1,46,472912.691617,472912.766779,472912.810835,met,0.003213
b4,L2,31,472913.691656,472913.811023,472913.856676,met,0.001122
b4,L1,47,472914.691617,472914.768011,472914.812208,met,0.003501
b4,L2,32,472916.691656,472916.809369,472916.849956,met,0.000959
b4,L1,48,472916.691617,472916.858770,472916.903364,met,0.003366
b4,L1,49,472918.691617,472918.885605,472919.599006,missed,0.647214
b4,L2,33,472919.691656,472919.912258,472919.955874,met,0.000861
b4,L1,50,472920.691617,472920.803139,472920.860717,met,0.002526
b4,L2,34,472922.691656,472922.790754,472922.915506,met,0.074156
b4,L1,51,472922.691617,472922.915747,472922.963725,met,0.002164
b4,L1,52,472924.691617,472924.760311,472924.851221,met,0.047100
b4,L2,35,472925.691656,472925.878103,472926.010332,met,0.075373
b4,L1,53,472926.691617,472926.853896,472926.902762,met,0.002568
b4,L1,54,472928.691617,472928.893969,472928.986682,met,0.048121
b4,L2,36,472928.691656,472928.909613,472928.986647,met,0.029825
b4,L1,55,472930.691617,472930.802794,472930.865998,met,0.021906
b4,L2,37,472931.691656,472931.911498,472932.371287,met,0.403781
b4,L1,56,472932.691617,472932.785167,472932.867387,met,0.039057
b4,L1,57,472934.691617,472934.811409,472934.867987,met,0.013479
b4,L2,38,472934.691656,472934.898075,472934.940462,met,0.000881
b4,L1,58,472936.691617,472936.768314,472936.809168,met,0.001318
b4,L2,39,472937.691656,472937.890542,472937.933163,met,0.001131
b4,L1,59,472938.691617,472938.845943,472938.889235,met,0.001030
b4,L1,60,472940.691617,472940.778678,472940.828523,met,0.003569
b4,L2,40,472940.691656,472940.778599,472940.828630,met,0.004220
b4,L1,61,472942.691617,472942.837182,472942.878872,met,0.001812
b4,L2,41,472943.691656,472943.862095,472943.904135,met,0.001109
b4,L1,62,472944.691617,472944.778642,472944.825642,met,0.004249
b4,L1,63,472946.691617,472946.770312,472946.812713,met,0.001324
b4,L2,42,472946.691656,472946.774546,472946.815086,met,0.000990
b4,L1,64,472948.691617,472948.758890,472948.804471,met,0.003453
b4,L2,43,472949.691656,472949.907399,472951.303154,met,1.328132
b4,L1,65,472950.691617,472950.800982,472951.303582,met,0.315526
b4,L1,66,472952.691617,472952.798756,472952.847343,met,0.001389
b4,L2,44,472952.691656,472952.833474,472952.879161,met,0.001256
b4,L1,67,472954.691617,472954.769562,472954.817402,met,0.003637
b4,L2,45,472955.691656,472955.830316,472955.872867,met,0.000926
b4,L1,68,472956.691617,472956.837650,472956.880814,met,0.003256
b4,L2,46,472958.691656,472958.771791,472958.820278,met,0.003834
b4,L1,69,472958.691617,472958.771797,472958.820128,met,0.003331
b4,L1,70,472960.691617,472960.836875,472960.887006,met,0.003497
b4,L2,47,472961.691656,472961.844992,472961.887144,met,0.001134
b4,L1,71,472962.691617,472962.770781,472962.817940,met,0.003239
b4,L1,72,472964.691617,472964.769965,472964.820900,met,0.003440
b4,L2,48,472964.691656,472964.820806,472964.868522,met,0.001216
b4,L1,73,472966.691617,472966.786168,472966.829509,met,0.003356
b4,L2,49,472967.691656,472967.803606,472967.845056,met,0.001206
b4,L1,74,472968.691617,472968.777037,472968.819535,met,0.001801
b4,L2,50,472970.691656,472970.795367,472970.838572,met,0.001270
b4,L1,75,472970.691617,472970.812134,472970.857212,met,0.003490
b4,L1,76,472972.691617,472972.758898,472972.802840,met,0.003285
b4,L2,51,472973.691656,472973.786007,472973.826556,met,0.001160
b4,L1,77,472974.691617,472974.828742,472974.871389,met,0.001416
b4,L1,78,472976.691617,472976.793920,472976.839058,met,0.003345
b4,L2,52,472976.691656,472976.799600,472976.840933,met,0.001174
b4,L1,79,472978.691617,472978.778843,472978.822817,met,0.003420
b4,L2,53,472979.691656,472979.769448,472979.810472,met,0.001151
b4,L1,80,472980.691617,472980.760019,472980.802326,met,0.001272
b4,L1,81,472982.691617,472982.775602,472982.821566,met,0.004174
b4,L2,54,472982.691656,472982.771835,472982.821595,met,0.004985
b4,L1,82,472984.691617,472984.769570,472984.810129,met,0.001327
b4,L2,55,472985.691656,472985.838360,472985.881295,met,0.001468
b4,L1,83,472986.691617,472986.770534,472986.813475,met,0.003370
b4,L2,56,472988.691656,472988.771866,472988.819081,met,0.001262
b4,L1,84,472988.691617,472988.772044,472988.821599,met,0.003972
b4,L1,85,472990.691617,472990.761636,472990.801114,met,0.001339
b4,L2,57,472991.691656,472991.760300,472991.800048,met,0.001106
b4,L1,86,472992.691617,472992.810833,472992.854934,met,0.003458
b4,L1,87,472994.691617,472994.802783,472994.847005,met,0.003366
b4,L2,58,472994.691656,472994.816498,472994.857810,met,0.000904
b4,L1,88,472996.691617,472996.758012,472996.800100,met,0.001397
b4,L2,59,472997.691656,472997.785639,472997.827091,met,0.001097
b4,L1,89,472998.691617,472998.795490,472998.844046,met,0.002291
b4,L2,60,473000.691656,473000.813301,473001.060395,met,0.183451
b4,L1,90,473000.691617,473000.813373,473001.060398,met,0.182777
b4,L1,91,473002.691617,473002.779056,473002.826425,met,0.003753
b4,L2,61,473003.691656,473003.821670,473003.870993,met,0.001437
b4,L1,92,473004.691617,473004.831329,473004.877470,met,0.001749
b4,L1,93,473006.691617,473006.778157,473006.819036,met,0.001497
b4,L2,62,473006.691656,473006.815188,473006.860525,met,0.001261
b4,L1,94,473008.691617,473008.835401,473008.882220,met,0.004010
b4,L2,63,473009.691656,473009.815068,473009.862427,met,0.001121
b4,L1,95,473010.691617,473010.795119,473010.838795,met,0.003399
b4,L1,96,473012.691617,473012.789631,473013.410413,missed,0.555280
b4,L2,64,473012.691656,473012.772026,473013.530065,met,0.709969
b4,L1,97,473014.691617,473014.829177,473014.873117,met,0.001073
b4,L2,65,473015.691656,473015.796443,473015.839469,met,0.001584
b4,L1,98,473016.691617,473016.772675,473016.819053,met,0.004436
b4,L2,66,473018.691656,473018.761858,473018.802578,met,0.001521
b4,L1,99,473018.691617,473018.775166,473018.819497,met,0.003305
b4,L1,100,473020.691617,473020.817268,473020.863571,met,0.005863
b4,L2,67,473021.691656,473021.774447,473021.819030,met,0.001116
b4,L1,101,473022.691617,473022.760815,473022.809169,met,0.005309
b4,L2,68,473024.691656,473024.761140,473024.805293,met,0.001155
b4,L1,102,473024.691617,473024.806160,473024.856483,met,0.003431
b4,L1,103,473026.691617,473026.778949,473026.822816,met,0.003914
b4,L2,69,473027.691656,473027.776996,473027.818920,met,0.001157
b4,L1,104,473028.691617,473028.831687,473028.878512,met,0.003828
b4,L1,105,473030.691617,473030.761447,473030.803863,met,0.001315
b4,L2,70,473030.691656,473030.815217,473030.857139,met,0.001155
b4,L1,106,473032.691617,473032.813611,473032.858557,met,0.003890
b4,L2,71,473033.691656,473033.774154,473033.817946,met,0.001234
b4,L1,107,473034.691617,473034.770240,473034.814898,met,0.003331
b4,L1,108,473036.691617,473036.762843,473036.805593,met,0.001868
b4,L2,72,473036.691656,473036.817422,473036.859356,met,0.001229
b4,L1,109,473038.691617,473038.831400,473038.877136,met,0.003342
b4,L2,73,473039.691656,473039.786202,473039.826869,met,0.001316
b4,L1,110,473040.691617,473040.763960,473040.809601,met,0.003060
b4,L2,74,473042.691656,473042.808029,473042.858486,met,0.002090
b4,L1,111,473042.691617,473042.810615,473042.858487,met,0.001660
b4,L1,112,473044.691617,473044.779778,473044.847234,met,0.013653
b4,L2,75,473045.691656,473045.825281,473045.868573,met,0.000775
b4,L1,113,473046.691617,473046.813128,473046.857880,met,0.001554
b4,L2,76,473048.691656,473048.771495,473048.817456,met,0.000919
b4,L1,114,473048.691617,473048.799355,473048.848254,met,0.003707
b4,L1,115,473050.691617,473050.770229,473050.833172,met,0.019303
b4,L2,77,473051.691656,473051.821136,473051.866756,met,0.001259
b4,L1,116,473052.691617,473052.831000,473052.872870,met,0.001380
b4,L1,117,473054.691617,473054.823798,473054.879299,met,0.001935
b4,L2,78,473054.691656,473054.835834,473054.889298,met,0.001121
b4,L1,118,473056.691617,473056.841707,473056.898941,met,0.002830
b4,L2,79,473057.691656,473057.790633,473057.834189,met,0.001132
b4,L1,119,473058.691617,473058.830245,473058.874215,met,0.001324
b4,L2,80,473060.691656,473060.764866,473060.806478,met,0.000872
b4,L1,120,473060.691617,473060.823000,473060.870565,met,0.003575
b4,L1,121,473062.691617,473062.828491,473062.872789,met,0.001683
b4,L2,81,473063.691656,473063.799092,473063.842432,met,0.000942
b4,L1,122,473064.691617,473064.798228,473064.842813,met,0.002578
b4,L1,123,473066.691617,473066.775694,473066.818699,met,0.001095
b4,L2,82,473066.691656,473066.790089,473066.834928,met,0.001109
b4,L1,124,473068.691617,473068.799447,473069.425357,missed,0.569513
b4,L2,83,473069.691656,473069.767230,473069.826027,met,0.014880
b4,L1,125,473070.691617,473070.828217,473070.885758,met,0.003555
b4,L1,126,473072.691617,473072.832574,473072.895179,met,0.001239
b4,L2,84,473072.691656,473072.839946,473072.896654,met,0.000938
b4,L1,127,473074.691617,473074.873301,473075.624675,missed,0.568264
b4,L2,85,473075.691656,473075.781549,473077.454269,met,1.500703
b4,L1,128,473076.691617,473076.933948,473077.459461,met,0.324275
b4,L2,86,473078.691656,473079.021678,473079.118679,met,0.001795
b4,L1,129,473078.691617,473079.077324,473079.321146,met,0.013603
b4,L1,130,473080.691617,473081.068989,473081.481554,met,0.175107
b4,L2,87,473081.691656,473081.972546,473082.177397,met,0.001588
b4,L1,131,473082.691617,473082.902848,473083.112930,met,0.004035
b4,L1,132,473084.691617,473084.888735,473085.071369,met,0.004777
b4,L2,88,473084.691656,473084.890675,473085.078972,met,0.001981
b4,L1,133,473086.691617,473086.882279,473087.010905,met,0.004972
b4,L2,89,473087.691656,473087.910008,473088.081298,met,0.001328
b4,L1,134,473088.691617,473088.897051,473088.997469,met,0.003815
b4,L2,90,473090.691656,473090.807373,473090.859368,met,0.001127
b4,L1,135,473090.691617,473090.837765,473090.895087,met,0.005258
b4,L1,136,473092.691617,473092.822926,473092.872223,met,0.005372
b4,L2,91,473093.691656,473093.773283,473093.815652,met,0.001365
b4,L1,137,473094.691617,473094.791738,473094.834548,met,0.001318
b4,L1,138,473096.691617,473096.776432,473096.832799,met,0.003604
b4,L2,92,473096.691656,473096.776490,473096.832860,met,0.004215
b4,L1,139,473098.691617,473098.839753,473098.888886,met,0.006053
b4,L2,93,473099.691656,473099.781172,473099.825396,met,0.001554
b4,L1,140,473100.691617,473100.830829,473100.873368,met,0.001399
b4,L2,94,473102.691656,473102.798535,473102.842048,met,0.001224
b4,L1,141,473102.691617,473102.816661,473102.863220,met,0.003452
b4,L1,142,473104.691617,473104.764113,473104.811280,met,0.003999
b4,L2,95,473105.691656,473105.771233,473105.813707,met,0.001093
b4,L1,143,473106.691617,473106.766225,473106.809775,met,0.001312
b4,L2,96,473108.691656,473108.764813,473108.807599,met,0.000846
b4,L1,144,473108.691617,473108.817375,473108.862049,met,0.002092
b4,L1,145,473110.691617,473110.764270,473110.806854,met,0.001939
b4,L2,97,473111.691656,473111.832771,473111.878267,met,0.000960
b4,L1,146,473112.691617,473112.817593,473112.862654,met,0.003575
b4,L2,98,473114.691656,473114.774938,473114.825607,met,0.001274
b4,L1,147,473114.691617,473114.777710,473114.825786,met,0.004241
b4,L1,148,473116.691617,473116.839355,473116.881561,met,0.001444
b4,L2,99,473117.691656,473117.837639,473117.880217,met,0.001484
b4,L1,149,473118.691617,473118.763912,473118.809580,met,0.004050
b5,L2,0,473119.183841,473119.250871,473119.300914,met,0.001848
b5,L1,0,473119.183841,473119.250840,473119.301104,met,0.001440
b5,L1,1,473121.183841,473121.340319,473121.398430,met,0.003531
b5,L2,1,473122.183841,473122.273483,473122.321560,met,0.001299
b5,L1,2,473123.183841,473123.310219,473123.480610,met,0.099424
b5,L2,2,473125.183841,473125.249749,473125.317261,met,0.001117
b5,L1,3,473125.183841,473125.329311,473125.391295,met,0.001375
b5,L1,4,473127.183841,473127.350443,473127.397068,met,0.001813
b5,L2,3,473128.183841,473128.352907,473128.407633,met,0.000891
b5,L1,5,473129.183841,473129.325727,473129.377690,met,0.003697
b5,L1,6,473131.183841,473131.292333,473131.349815,met,0.005556
b5,L2,4,473131.183841,473131.324262,473131.382286,met,0.001241
b5,L1,7,473133.183841,473133.327856,473133.379330,met,0.002126
b5,L2,5,473134.183841,473134.391408,473134.436411,met,0.001219
b5,L1,8,473135.183841,473135.271778,473135.317518,met,0.002969
b5,L1,9,473137.183841,473137.284627,473137.334250,met,0.003592
b5,L2,6,473137.183841,473137.294675,473137.340722,met,0.001442
b5,L1,10,473139.183841,473139.284000,473139.558924,met,0.216980
b5,L2,7,473140.183841,473140.279394,473140.325092,met,0.000937
b5,L1,11,473141.183841,473141.302607,473141.347906,met,0.001388
b5,L2,8,473143.183841,473143.320408,473143.371973,met,0.000864
b5,L1,12,473143.183841,473143.327134,473143.378963,met,0.002145
b5,L1,13,473145.183841,473145.279274,473145.327927,met,0.001968
b5,L2,9,473146.183841,473146.329280,473146.374509,met,0.001085
b5,L1,14,473147.183841,473147.337606,473147.379477,met,0.001377
b5,L1,15,473149.183841,473149.263413,473149.308530,met,0.001252
b5,L2,10,473149.183841,473149.260004,473149.308464,met,0.000952
b5,L1,16,473151.183841,473151.279777,473151.324043,met,0.001879
b5,L2,11,473152.183841,473152.279099,473152.326798,met,0.000923
b5,L1,17,473153.183841,473153.277308,473153.333284,met,0.010864
b5,L1,18,473155.183841,473155.294155,473155.358231,met,0.019681
b5,L2,12,473155.183841,473155.324676,473155.374075,met,0.000925
b5,L1,19,473157.183841,473157.312231,473157.355643,met,0.000946
b5,L2,13,473158.183841,473158.311725,473158.357286,met,0.001015
b5,L1,20,473159.183841,473159.329666,473159.375046,met,0.001917
b5,L1,21,473161.183841,473161.261272,473161.358025,met,0.052409
b5,L2,14,473161.183841,473161.314498,473161.358059,met,0.000715
b5,L1,22,473163.183841,473163.336457,473163.422577,met,0.042929
b5,L2,15,473164.183841,473164.333666,473164.377871,met,0.000898
b5,L1,23,473165.183841,473165.262411,473165.309480,met,0.004375
b5,L2,16,473167.183841,473167.314936,473167.364384,met,0.005122
b5,L1,24,473167.183841,473167.281054,473167.364333,met,0.038907
b5,L1,25,473169.183841,473169.291889,473169.864058,missed,0.502189
b5,L2,17,473170.183841,473170.265553,473170.755255,met,0.426165
b5,L1,26,473171.183841,473171.330463,473171.378126,met,0.000911
b5,L2,18,473173.183841,473173.297014,473173.340757,met,0.001746
b5,L1,27,473173.183841,473173.304241,473173.349867,met,0.001611
b5,L1,28,473175.183841,473175.261697,473175.307411,met,0.003056
b5,L2,19,473176.183841,473176.279114,473176.321577,met,0.001143
b5,L1,29,473177.183841,473177.249449,473177.293934,met,0.003330
b5,L2,20,473179.183841,473179.278390,473179.323581,met,0.001140
b5,L1,30,473179.183841,473179.305101,473179.347618,met,0.001265
b5,L1,31,473181.183841,473181.280175,473181.322559,met,0.003716
b5,L2,21,473182.183841,473182.327210,473182.370015,met,0.001174
b5,L1,32,473183.183841,473183.303638,473183.345596,met,0.003251
b5,L1,33,473185.183841,473185.288350,473185.330528,met,0.001358
b5,L2,22,473185.183841,473185.313271,473185.355548,met,0.001279
b5,L1,34,473187.183841,473187.261027,473187.302974,met,0.001358
b5,L2,23,473188.183841,473188.313042,473188.359108,met,0.001179
b5,L1,35,473189.183841,473189.280881,473189.326944,met,0.003723
b5,L2,24,473191.183841,473191.255831,473191.298952,met,0.001445
b5,L1,36,473191.183841,473191.307852,473191.353618,met,0.003857
b5,L1,37,473193.183841,473193.289768,473193.338841,met,0.004865
b5,L2,25,473194.183841,473194.261939,473194.305328,met,0.001165
b5,L1,38,473195.183841,473195.255564,473195.300688,met,0.003323
b5,L2,26,473197.183841,473197.263628,473197.306641,met,0.001217
b5,L1,39,473197.183841,473197.289647,473197.333471,met,0.003426
b5,L1,40,473199.183841,473199.254300,473199.299264,met,0.004523
b5,L2,27,473200.183841,473200.296348,473200.338560,met,0.001465
b5,L1,41,473201.183841,473201.278822,473201.917032,missed,0.569768
b5,L2,28,473203.183841,473203.254049,473203.298281,met,0.000915
b5,L1,42,473203.183841,473203.260351,473203.300006,met,0.000831
b5,L1,43,473205.183841,473205.327539,473205.372782,met,0.003231
b5,L2,29,473206.183841,473206.288590,473206.340705,met,0.001284
b5,L1,44,473207.183841,473207.259622,473207.303964,met,0.004103
b5,L1,45,473209.183841,473209.267797,473209.310441,met,0.003450
b5,L2,30,473209.183841,473209.316664,473209.356284,met,0.000920
b5,L1,46,473211.183841,473211.311689,473211.355799,met,0.003256
b5,L2,31,473212.183841,473212.270351,473212.318972,met,0.001131
b5,L1,47,473213.183841,473213.324846,473213.367787,met,0.003227
b5,L2,32,473215.183841,473215.254559,473215.304391,met,0.004358
b5,L1,48,473215.183841,473215.254559,473215.304812,met,0.003821
b5,L1,49,473217.183841,473217.330776,473217.375022,met,0.003545
b5,L2,33,473218.183841,473218.327718,473218.375429,met,0.001221
b5,L1,50,473219.183841,473219.252986,473219.293244,met,0.001339
b5,L1,51,473221.183841,473221.254219,473221.295889,met,0.001323
b5,L2,34,473221.183841,473221.313125,473221.357138,met,0.001138
b5,L1,52,473223.183841,473223.278667,473223.321319,met,0.002308
b5,L2,35,473224.183841,473224.270772,473224.316708,met,0.001319
b5,L1,53,473225.183841,473225.272422,473225.317337,met,0.002043
b5,L1,54,473227.183841,473227.284385,473227.325545,met,0.002233
b5,L2,36,473227.183841,473227.280769,473227.325484,met,0.001063
b5,L1,55,473229.183841,473229.277538,473229.318282,met,0.001898
b5,L2,37,473230.183841,473230.302955,473230.343295,met,0.001242
b5,L1,56,473231.183841,473231.253352,473231.294037,met,0.001372
b5,L2,38,473233.183841,473233.263842,473233.438589,met,0.118945
b5,L1,57,473233.183841,473233.263946,473233.438556,met,0.117117
b5,L1,58,473235.183841,473235.333396,473235.379601,met,0.002190
b5,L2,39,473236.183841,473236.262859,473236.303768,met,0.001096
b5,L1,59,473237.183841,473237.312612,473237.376117,met,0.020194
b5,L2,40,473239.183841,473239.269284,473239.312569,met,0.001159
b5,L1,60,473239.183841,473239.312639,473239.437747,met,0.081894
b5,L1,61,473241.183841,473241.271280,473241.310476,met,0.001318
b5,L2,41,473242.183841,473242.295857,473242.383992,met,0.045504
b5,L1,62,473243.183841,473243.295814,473243.371672,met,0.032433
b5,L1,63,473245.183841,473245.254091,473245.296459,met,0.001323
b5,L2,42,473245.183841,473245.267589,473245.310621,met,0.001186
b5,L1,64,473247.183841,473247.330524,473247.391554,met,0.015094
b5,L2,43,473248.183841,473248.312549,473248.373326,met,0.015141
b5,L1,65,473249.183841,473249.263877,473249.316653,met,0.009111
b5,L2,44,473251.183841,473251.256755,473251.299011,met,0.001195
b5,L1,66,473251.183841,473251.269240,473251.311739,met,0.001320
b5,L1,67,473253.183841,473253.280145,473253.343674,met,0.020038
b5,L2,45,473254.183841,473254.287951,473254.328937,met,0.001203
b5,L1,68,473255.183841,473255.293536,473255.340123,met,0.003334
b5,L2,46,473257.183841,473257.256371,473257.300714,met,0.001205
b5,L1,69,473257.183841,473257.283466,473257.325491,met,0.001172
b5,L1,70,473259.183841,473259.270337,473259.314266,met,0.003350
b5,L2,47,473260.183841,473260.263344,473260.304487,met,0.001122
b5,L1,71,473261.183841,473261.288376,473261.331339,met,0.003419
b5,L1,72,473263.183841,473263.278773,473263.919097,missed,0.574559
b5,L2,48,473263.183841,473263.264727,473264.616272,met,1.296095
b5,L1,73,473265.183841,473265.333979,473265.377387,met,0.000988
b5,L2,49,473266.183841,473266.251398,473266.297250,met,0.001127
b5,L1,74,473267.183841,473267.288664,473267.331941,met,0.001010
b5,L1,75,473269.183841,473269.260566,473269.311328,met,0.003211
b5,L2,50,473269.183841,473269.256714,473269.311579,met,0.001278
b5,L1,76,473271.183841,473271.313811,473271.356906,met,0.003270
b5,L2,51,473272.183841,473272.306925,473272.350270,met,0.001280
b5,L1,77,473273.183841,473273.270464,473273.313432,met,0.001378
b5,L2,52,473275.183841,473275.287766,473275.335340,met,0.001267
b5,L1,78,473275.183841,473275.287694,473275.335675,met,0.004061
b5,L1,79,473277.183841,473277.264459,473277.309910,met,0.003510
b5,L2,53,473278.183841,473278.264121,473278.310756,met,0.001246
b5,L1,80,473279.183841,473279.306455,473279.361517,met,0.001180
b5,L2,54,473281.183841,473281.283234,473281.337416,met,0.001259
b5,L1,81,473281.183841,473281.289272,473281.348282,met,0.008903
b5,L1,82,473283.183841,473283.289869,473283.344663,met,0.003444
b5,L2,55,473284.183841,473284.341622,473284.395008,met,0.001270
b5,L1,83,473285.183841,473285.282042,473285.331203,met,0.004525
b5,L1,84,473287.183841,473287.300428,473287.357542,met,0.003596
b5,L2,56,473287.183841,473287.324289,473287.381678,met,0.001310
b5,L1,85,473289.183841,473289.324802,473289.378468,met,0.001336
b5,L2,57,473290.183841,473290.314370,473290.360989,met,0.001156
b5,L1,86,473291.183841,473291.267444,473291.314581,met,0.004854
b5,L2,58,473293.183841,473293.322731,473293.376461,met,0.001271
b5,L1,87,473293.183841,473293.326792,473293.380468,met,0.001218
b5,L1,88,473295.183841,473295.334415,473295.836384,met,0.439945
b5,L2,59,473296.183841,473296.275880,473296.321752,met,0.000891
b5,L1,89,473297.183841,473297.309993,473297.664976,met,0.296754
b5,L1,90,473299.183841,473299.265850,473299.323188,met,0.004065
b5,L2,60,473299.183841,473299.322305,473299.386199,met,0.001034
b5,L1,91,473301.183841,473301.332288,473301.396508,met,0.003679
b5,L2,61,473302.183841,473302.307852,473302.363000,met,0.001267
b5,L1,92,473303.183841,473303.280596,473303.329344,met,0.004299
b5,L2,62,473305.183841,473305.273692,473305.317997,met,0.001357
b5,L1,93,473305.183841,473305.299120,473305.347079,met,0.003452
b5,L1,94,473307.183841,473307.288839,473307.344405,met,0.001574
b5,L2,63,473308.183841,473308.267809,473308.318307,met,0.000916
b5,L1,95,473309.183841,473309.307510,473309.374946,met,0.003112
b5,L2,64,473311.183841,473311.281695,473311.331451,met,0.001285
b5,L1,96,473311.183841,473311.290507,473311.341617,met,0.003482
b5,L1,97,473313.183841,473313.264691,473313.311537,met,0.001286
b5,L2,65,473314.183841,473314.300283,473314.344969,met,0.001193
b5,L1,98,473315.183841,473315.309790,473315.354369,met,0.003448
b5,L2,66,473317.183841,473317.264848,473317.322018,met,0.001355
b5,L1,99,473317.183841,473317.288745,473317.348965,met,0.003707
b5,L1,100,473319.183841,473319.313676,473319.360045,met,0.001361
b5,L2,67,473320.183841,473320.346594,473320.399700,met,0.000958
b5,L1,101,473321.183841,473321.322305,473321.383297,met,0.004015
b5,L2,68,473323.183841,473323.327201,473323.376528,met,0.001264
b5,L1,102,473323.183841,473323.322944,473323.378554,met,0.004099
b5,L1,103,473325.183841,473325.333117,473325.381364,met,0.001410
b5,L2,69,473326.183841,473326.299915,473327.186518,met,0.823009
b5,L1,104,473327.183841,473327.305033,473327.373142,met,0.003889
b5,L2,70,473329.183841,473329.274104,473329.324622,met,0.001161
b5,L1,105,473329.183841,473329.273730,473329.324693,met,0.001801
b5,L1,106,473331.183841,473331.291448,473331.348009,met,0.003918
b5,L2,71,473332.183841,473332.337501,473332.401754,met,0.001339
b5,L1,107,473333.183841,473333.334089,473333.398025,met,0.003749
b5,L2,72,473335.183841,473335.292250,473335.339965,met,0.001264
b5,L1,108,473335.183841,473335.311313,473335.357824,met,0.001407
b5,L1,109,473337.183841,473337.300987,473337.367746,met,0.003151
b5,L2,73,473338.183841,473338.264848,473338.312018,met,0.001064
b5,L1,110,473339.183841,473339.341384,473339.389222,met,0.001926
b5,L2,74,473341.183841,473341.267139,473341.310297,met,0.001089
b5,L1,111,473341.183841,473341.279276,473341.327091,met,0.001227
b5,L1,112,473343.183841,473343.287476,473343.333674,met,0.003322
b5,L2,75,473344.183841,473344.265750,473344.318005,met,0.001330
b5,L1,113,473345.183841,473345.265692,473345.311531,met,0.002317
b5,L1,114,473347.183841,473347.335479,473347.400476,met,0.003912
b5,L2,76,473347.183841,473347.335721,473347.400543,met,0.004506
b5,L1,115,473349.183841,473349.272288,473349.349733,met,0.003968
b5,L2,77,473350.183841,473350.298424,473350.344501,met,0.001144
b5,L1,116,473351.183841,473351.340289,473351.387956,met,0.002185
b5,L2,78,473353.183841,473353.266796,473353.319252,met,0.001189
b5,L1,117,473353.183841,473353.319675,473353.369159,met,0.003102
b5,L1,118,473355.183841,473355.338951,473355.392231,met,0.004016
b5,L2,79,473356.183841,473356.267121,473356.317072,met,0.001186
b5,L1,119,473357.183841,473357.276166,473357.923256,missed,0.569219
b5,L1,120,473359.183841,473359.342126,473359.800841,met,0.385308
b5,L2,80,473359.183841,473359.320405,473359.801185,met,0.400313
b5,L1,121,473361.183841,473361.360733,473361.414074,met,0.002594
b5,L2,81,473362.183841,473362.292295,473362.336663,met,0.001377
b5,L1,122,473363.183841,473363.292405,473363.338813,met,0.001402
b5,L2,82,473365.183841,473365.276410,473365.321466,met,0.001201
b5,L1,123,473365.183841,473365.301494,473365.352353,met,0.003342
b5,L1,124,473367.183841,473367.326035,473367.391388,met,0.004401
b5,L2,83,473368.183841,473368.307208,473368.352985,met,0.001126
b5,L1,125,473369.183841,473369.278602,473369.334949,met,0.005179
b5,L2,84,473371.183841,473371.265199,473371.308747,met,0.001022
b5,L1,126,473371.183841,473371.305472,473371.352938,met,0.003226
b5,L1,127,473373.183841,473373.335885,473373.381825,met,0.001320
b5,L2,85,473374.183841,473374.335362,473374.380919,met,0.001195
b5,L1,128,473375.183841,473375.275676,473375.325348,met,0.003523
b5,L1,129,473377.183841,473377.301249,473377.357929,met,0.004468
b5,L2,86,473377.183841,473377.301215,473377.357865,met,0.005045
b5,L1,130,473379.183841,473379.291992,473379.354649,met,0.003669
b5,L2,87,473380.183841,473380.309296,473380.357298,met,0.001295
b5,L1,131,473381.183841,473381.334389,473381.382527,met,0.004214
b5,L2,88,473383.183841,473383.327962,473383.392270,met,0.004675
b5,L1,132,473383.183841,473383.333530,473383.392025,met,0.004191
b5,L1,133,473385.183841,473385.337791,473385.404825,met,0.005061
b5,L2,89,473386.183841,473386.291593,473386.369960,met,0.001495
b5,L1,134,473387.183841,473387.284673,473387.338142,met,0.003887
b5,L1,135,473389.183841,473389.304896,473389.968603,missed,0.565176
b5,L2,90,473389.183841,473389.349973,473391.118789,met,1.694917
b5,L1,136,473391.183841,473391.352888,473391.430862,met,0.001708
b5,L2,91,473392.183841,473392.360671,473392.434669,met,0.001144
b5,L1,137,473393.183841,473393.294767,473393.354414,met,0.001536
b5,L1,138,473395.183841,473395.275444,473395.342334,met,0.003883
b5,L2,92,473395.183841,473395.342185,473395.411978,met,0.001280
b5,L1,139,473397.183841,473397.366252,473397.484399,met,0.003703
b5,L2,93,473398.183841,473398.359601,473398.418042,met,0.001134
b5,L1,140,473399.183841,473399.407793,473399.461572,met,0.001571
b5,L1,141,473401.183841,473401.324779,473401.397669,met,0.003895
b5,L2,94,473401.183841,473401.342816,473401.416628,met,0.001208
b5,L1,142,473403.183841,473403.307820,473403.356819,met,0.003103
b5,L2,95,473404.183841,473404.329546,473404.406696,met,0.001642
b5,L1,143,473405.183841,473405.294969,473405.366269,met,0.001554
b5,L2,96,473407.183841,473407.345701,473407.410492,met,0.001769
b5,L1,144,473407.183841,473407.355516,473407.429467,met,0.003425
b5,L1,145,473409.183841,473409.298912,473409.341207,met,0.001848
b5,L2,97,473410.183841,473410.299938,473410.344110,met,0.001143
b5,L1,146,473411.183841,473411.258761,473411.305965,met,0.003770
b5,L2,98,473413.183841,473413.265505,473413.308082,met,0.001277
b5,L1,147,473413.183841,473413.277786,473413.324174,met,0.002942
b5,L1,148,473415.183841,473415.299084,473415.343238,met,0.003554
b5,L2,99,473416.183841,473416.299577,473416.341974,met,0.001196
b5,L1,149,473417.183841,473417.265258,473417.307970,met,0.003478
b6,L1,0,473417.708439,473417.783070,473417.842232,met,0.001576
b6,L2,0,473417.707927,473417.783190,473417.842513,met,0.001678
b6,L1,1,473419.708439,473419.796552,473419.844486,met,0.003332
b6,L1,2,473421.708439,473421.793644,473422.122116,met,0.268433
b6,L2,1,473420.707927,473420.809371,473422.122186,met,1.249754
b6,L2,2,473423.707927,473423.790907,473423.832634,met,0.001169
b6,L1,3,473423.708439,473423.845351,473423.888351,met,0.001393
b6,L1,4,473425.708439,473425.816786,473425.860068,met,0.003600
b6,L2,3,473426.707927,473426.833435,473426.874438,met,0.001142
b6,L1,5,473427.708439,473427.799492,473427.840346,met,0.001430
b6,L2,4,473429.707927,473429.771340,473429.813153,met,0.001106
b6,L1,6,473429.708439,473429.835610,473429.881976,met,0.003745
b6,L1,7,473431.708439,473431.775036,473431.817077,met,0.001293
b6,L2,5,473432.707927,473432.781412,473432.823005,met,0.001102
b6,L1,8,473433.708439,473433.797441,473433.841944,met,0.003279
b6,L2,6,473435.707927,473435.781210,473435.829146,met,0.001819
b6,L1,9,473435.708439,473435.781166,473435.829168,met,0.001276
b6,L1,10,473437.708439,473437.797135,473437.847956,met,0.003787
b6,L2,7,473438.707927,473438.822487,473438.868259,met,0.001207
b6,L1,11,473439.708439,473439.841375,473439.884601,met,0.001362
b6,L1,12,473441.708439,473441.823846,473441.869053,met,0.002902
b6,L2,8,473441.707927,473441.828282,473441.870008,met,0.000829
b6,L1,13,473443.708439,473443.851994,473443.898799,met,0.003465
b6,L2,9,473444.707927,473444.846079,473444.889887,met,0.001147
b6,L1,14,473445.708439,473445.857741,473445.900274,met,0.001291
b6,L2,10,473447.707927,473447.845837,473447.895558,met,0.001155
b6,L1,15,473447.708439,473447.889894,473447.971278,met,0.035119
b6,L1,16,473449.708439,473449.873600,473449.960057,met,0.042834
b6,L2,11,473450.707927,473450.892396,473450.967918,met,0.035691
b6,L1,17,473451.708439,473451.783084,473451.825341,met,0.001364
b6,L1,18,473453.708439,473453.881996,473453.926658,met,0.001979
b6,L2,12,473453.707927,473453.898257,473453.944281,met,0.000876
b6,L1,19,473455.708439,473455.868918,473455.909616,met,0.001320
b6,L2,13,473456.707927,473456.790819,473456.832811,met,0.001094
b6,L1,20,473457.708439,473457.792827,473457.835688,met,0.003320
b6,L2,14,473459.707927,473459.793806,473459.836515,met,0.001141
b6,L1,21,473459.708439,473459.911591,473459.954226,met,0.003368
b6,L1,22,473461.708439,473461.917332,473461.959587,met,0.001346
b6,L2,15,473462.707927,473462.925335,473462.965984,met,0.001138
b6,L1,23,473463.708439,473463.892845,473463.937880,met,0.003614
b6,L2,16,473465.707927,473465.910347,473465.958373,met,0.001146
b6,L1,24,473465.708439,473465.910244,473465.959275,met,0.003630
b6,L1,25,473467.708439,473467.788957,473467.829193,met,0.001298
b6,L2,17,473468.707927,473468.794636,473468.836093,met,0.001161
b6,L1,26,473469.708439,473469.916832,473469.962852,met,0.003786
b6,L2,18,473471.707927,473471.791970,473471.833109,met,0.001126
b6,L1,27,473471.708439,473471.837483,473471.881905,met,0.002883
b6,L1,28,473473.708439,473473.783571,473473.827523,met,0.003630
b6,L2,19,473474.707927,473474.851327,473474.895582,met,0.001176
b6,L1,29,473475.708439,473475.915001,473475.961870,met,0.003189
b6,L2,20,473477.707927,473477.877328,473477.919043,met,0.001173
b6,L1,30,473477.708439,473477.913942,473477.959287,met,0.003168
b6,L1,31,473479.708439,473479.927655,473479.970929,met,0.003335
b6,L2,21,473480.707927,473480.914400,473480.956196,met,0.001042
b6,L1,32,473481.708439,473481.925724,473481.968304,met,0.003415
b6,L2,22,473483.707927,473483.843406,473484.509257,met,0.603243
b6,L1,33,473483.708439,473483.914727,473484.603358,missed,0.632517
b6,L1,34,473485.708439,473485.916168,473485.961172,met,0.001356
b6,L2,23,473486.707927,473486.936036,473486.978163,met,0.001252
b6,L1,35,473487.708439,473487.868554,473487.907488,met,0.000903
b6,L2,24,473489.707927,473489.777682,473489.821244,met,0.000996
b6,L1,36,473489.708439,473489.830328,473489.875427,met,0.003321
b6,L1,37,473491.708439,473491.895359,473491.941730,met,0.003801
b6,L2,25,473492.707927,473492.921047,473492.964538,met,0.001273
b6,L1,38,473493.708439,473493.912585,473493.956986,met,0.003277
b6,L1,39,473495.708439,473495.836920,473495.882177,met,0.003364
b6,L2,26,473495.707927,473495.905411,473495.947753,met,0.001131
b6,L1,40,473497.708439,473497.824818,473497.869392,met,0.003762
b6,L2,27,473498.707927,473498.803057,473498.856911,met,0.001148
b6,L1,41,473499.708439,473499.885390,473500.529578,missed,0.580590
b6,L1,42,473501.708439,473501.785613,473501.834214,met,0.003276
b6,L2,28,473501.707927,473501.915370,473501.967059,met,0.001210
b6,L1,43,473503.708439,473503.903555,473503.944384,met,0.001280
b6,L2,29,473504.707927,473504.935818,473504.980311,met,0.001133
b6,L1,44,473505.708439,473505.917406,473505.965714,met,0.003200
b6,L2,30,473507.707927,473507.809663,473507.907298,met,0.055142
b6,L1,45,473507.708439,473507.904194,473507.946988,met,0.002264
b6,L1,46,473509.708439,473509.909986,473509.953903,met,0.003378
b6,L2,31,473510.707927,473510.787832,473510.862216,met,0.025289
b6,L1,47,473511.708439,473511.893562,473511.936577,met,0.001836
b6,L1,48,473513.708439,473513.776436,473513.878175,met,0.054791
b6,L2,32,473513.707927,473513.779754,473513.878253,met,0.053539
b6,L1,49,473515.708439,473515.803635,473516.034241,met,0.172980
b6,L2,33,473516.707927,473516.784972,473516.830246,met,0.000799
b6,L1,50,473517.708439,473517.923271,473517.965159,met,0.001328
b6,L1,51,473519.708439,473519.826317,473519.874269,met,0.004048
b6,L2,34,473519.707927,473519.826317,473519.874096,met,0.001104
b6,L1,52,473521.708439,473521.793132,473521.838322,met,0.003860
b6,L2,35,473522.707927,473522.928000,473522.968935,met,0.001135
b6,L1,53,473523.708439,473523.827748,473523.872868,met,0.003305
b6,L2,36,473525.707927,473525.801644,473525.844729,met,0.001217
b6,L1,54,473525.708439,473525.815223,473525.861919,met,0.003334
b6,L1,55,473527.708439,473527.858090,473527.904369,met,0.001837
b6,L2,37,473528.707927,473528.817200,473528.861146,met,0.000891
b6,L1,56,473529.708439,473529.867799,473529.913889,met,0.003256
b6,L1,57,473531.708439,473531.869347,473531.917269,met,0.003635
b6,L2,38,473531.707927,473531.910798,473531.957240,met,0.001146
b6,L1,58,473533.708439,473533.829535,473533.875726,met,0.001563
b6,L2,39,473534.707927,473534.918735,473534.962132,met,0.000859
b6,L1,59,473535.708439,473535.926801,473535.976848,met,0.002927
b6,L1,60,473537.708439,473537.918752,473537.983163,met,0.002528
b6,L2,40,473537.707927,473537.924238,473537.983315,met,0.001213
b6,L1,61,473539.708439,473539.935809,473540.001912,met,0.018679
b6,L2,41,473540.707927,473540.816822,473540.858791,met,0.000896
b6,L1,62,473541.708439,473541.877302,473541.920117,met,0.001728
b6,L2,42,473543.707927,473543.800470,473543.939477,met,0.089521
b6,L1,63,473543.708439,473543.800379,473543.940104,met,0.089253
b6,L1,64,473545.708439,473545.945010,473546.607175,missed,0.560205
b6,L2,43,473546.707927,473546.940912,473547.887710,met,0.867611
b6,L1,65,473547.708439,473547.953556,473547.998492,met,0.001032
b6,L1,66,473549.708439,473549.831946,473549.886491,met,0.006863
b6,L2,44,473549.707927,473549.924120,473549.971751,met,0.001432
b6,L1,67,473551.708439,473551.935393,473551.980379,met,0.003154
b6,L2,45,473552.707927,473552.877995,473552.920497,met,0.000855
b6,L1,68,473553.708439,473553.911994,473553.999068,met,0.005604
b6,L2,46,473555.707927,473555.920848,473555.975501,met,0.001237
b6,L1,69,473555.708439,473555.923884,473555.975739,met,0.001956
b6,L1,70,473557.708439,473557.840152,473557.919245,met,0.032503
b6,L2,47,473558.707927,473558.903512,473558.966736,met,0.018478
b6,L1,71,473559.708439,473559.907478,473559.953403,met,0.001999
b6,L2,48,473561.707927,473561.860706,473561.925482,met,0.022596
b6,L1,72,473561.708439,473561.865971,473561.925462,met,0.018966
b6,L1,73,473563.708439,473563.929449,473563.972774,met,0.001702
b6,L2,49,473564.707927,473564.916052,473564.961106,met,0.000892
b6,L1,74,473565.708439,473565.829355,473565.883086,met,0.004719
b6,L2,50,473567.707927,473567.784588,473567.828325,met,0.001058
b6,L1,75,473567.708439,473567.789185,473567.833896,met,0.002691
b6,L1,76,473569.708439,473569.897646,473569.941446,met,0.001929
b6,L2,51,473570.707927,473570.774876,473570.822277,met,0.000979
b6,L1,77,473571.708439,473571.854956,473571.902516,met,0.001824
b6,L2,52,473573.707927,473573.858976,473573.910862,met,0.001797
b6,L1,78,473573.708439,473573.858918,473573.913152,met,0.004485
b6,L1,79,473575.708439,473575.842737,473575.886685,met,0.001326
b6,L2,53,473576.707927,473576.803496,473576.845508,met,0.000904
b6,L1,80,473577.708439,473577.788289,473578.504502,missed,0.648016
b6,L1,81,473579.708439,473579.846420,473579.919989,met,0.023820
b6,L2,54,473579.707927,473579.916367,473579.970570,met,0.001083
b6,L1,82,473581.708439,473581.802786,473581.846265,met,0.001823
b6,L2,55,473582.707927,473582.891704,473582.937955,met,0.002060
b6,L1,83,473583.708439,473583.779610,473583.825283,met,0.003253
b6,L1,84,473585.708439,473585.778081,473585.826518,met,0.005388
b6,L2,56,473585.707927,473585.860742,473585.931832,met,0.029328
b6,L1,85,473587.708439,473587.810675,473587.852833,met,0.001445
b6,L2,57,473588.707927,473588.860447,473588.969932,met,0.065721
b6,L1,86,473589.708439,473589.929221,473589.976880,met,0.003354
b6,L2,58,473591.707927,473591.822347,473591.867274,met,0.001582
b6,L1,87,473591.708439,473591.909325,473591.954275,met,0.001643
b6,L1,88,473593.708439,473593.806939,473593.850789,met,0.001260
b6,L2,59,473594.707927,473594.847425,473594.892585,met,0.001556
b6,L1,89,473595.708439,473595.920894,473595.966751,met,0.001860
b6,L2,60,473597.707927,473597.898706,473597.951048,met,0.002189
b6,L1,90,473597.708439,473597.898804,473597.951035,met,0.001728
b6,L1,91,473599.708439,473599.917018,473599.966945,met,0.001883
b6,L2,61,473600.707927,473600.808938,473600.853123,met,0.001170
b6,L1,92,473601.708439,473601.860562,473601.947856,met,0.043280
b6,L2,62,473603.707927,473603.925590,473604.034348,met,0.053799
b6,L1,93,473603.708439,473603.925570,473604.034925,met,0.055574
b6,L1,94,473605.708439,473605.904747,473605.953669,met,0.000894
b6,L2,63,473606.707927,473606.929412,473606.984631,met,0.001015
b6,L1,95,473607.708439,473607.886605,473607.958857,met,0.027233
b6,L2,64,473609.707927,473609.788752,473610.259566,met,0.410836
b6,L1,96,473609.708439,473609.865980,473610.260102,met,0.335724
b6,L1,97,473611.708439,473611.911979,473611.956382,met,0.001948
b6,L2,65,473612.707927,473612.899531,473612.945109,met,0.001192
b6,L1,98,473613.708439,473613.790856,473613.835946,met,0.003254
b6,L2,66,473615.707927,473615.774036,473615.821953,met,0.001621
b6,L1,99,473615.708439,473615.856688,473615.903298,met,0.003409
b6,L1,100,473617.708439,473617.863256,473617.908275,met,0.003010
b6,L2,67,473618.707927,473618.929377,473618.973431,met,0.001572
b6,L1,101,473619.708439,473619.803055,473619.850286,met,0.005726
b6,L2,68,473621.707927,473621.778195,473621.820289,met,0.000886
b6,L1,102,473621.708439,473621.898396,473621.942434,met,0.003170
b6,L1,103,473623.708439,473623.848357,473623.893233,met,0.002736
b6,L2,69,473624.707927,473624.915513,473624.965403,met,0.001229
b6,L1,104,473625.708439,473625.877278,473625.922543,met,0.002976
b6,L2,70,473627.707927,473627.853169,473627.911701,met,0.001232
b6,L1,105,473627.708439,473627.872269,473627.930310,met,0.001298
b6,L1,106,473629.708439,473629.877287,473629.922955,met,0.002747
b6,L2,71,473630.707927,473630.934083,473630.984196,met,0.001269
b6,L1,107,473631.708439,473631.785834,473631.833164,met,0.004491
b6,L2,72,473633.707927,473633.795698,473633.849680,met,0.001194
b6,L1,108,473633.708439,473633.795757,473633.849727,met,0.001869
b6,L1,109,473635.708439,473635.794733,473635.840255,met,0.002936
b6,L2,73,473636.707927,473636.863834,473636.906459,met,0.001184
b6,L1,110,473637.708439,473637.791645,473638.210747,met,0.359335
b6,L1,111,473639.708439,473639.787591,473639.837523,met,0.003328
b6,L2,74,473639.707927,473639.796899,473639.847946,met,0.001165
b6,L1,112,473641.708439,473641.862775,473641.914394,met,0.005167
b6,L2,75,473642.707927,473642.792979,473642.840226,met,0.001062
b6,L1,113,473643.708439,473643.786949,473643.831829,met,0.001302
b6,L1,114,473645.708439,473645.790376,473645.843180,met,0.001503
b6,L2,76,473645.707927,473645.797983,473645.848737,met,0.001211
b6,L1,115,473647.708439,473647.851800,473647.908542,met,0.003181
b6,L2,77,473648.707927,473648.830027,473648.875726,met,0.001252
b6,L1,116,473649.708439,473649.913263,473649.967818,met,0.001788
b6,L1,117,473651.708439,473651.787776,473651.833400,met,0.002896
b6,L2,78,473651.707927,473651.801204,473651.843669,met,0.001195
b6,L1,118,473653.708439,473653.782043,473653.827230,met,0.001861
b6,L2,79,473654.707927,473654.789124,473654.835207,met,0.001234
b6,L1,119,473655.708439,473655.840014,473655.884423,met,0.001296
b6,L1,120,473657.708439,473657.798933,473657.851240,met,0.003184
b6,L2,80,473657.707927,473657.831588,473657.880516,met,0.001158
b6,L1,121,473659.708439,473659.790352,473659.837377,met,0.001699
b6,L2,81,473660.707927,473660.789809,473660.837013,met,0.001160
b6,L1,122,473661.708439,473661.849053,473661.905117,met,0.003331
b6,L2,82,473663.707927,473663.827803,473663.882167,met,0.005274
b6,L1,123,473663.708439,473663.827821,473663.882298,met,0.004498
b6,L1,124,473665.708439,473665.811469,473665.857076,met,0.001716
b6,L2,83,473666.707927,473666.827022,473666.881277,met,0.001016
b6,L1,125,473667.708439,473667.780261,473667.832643,met,0.003497
b6,L2,84,473669.707927,473669.858291,473669.904541,met,0.001057
b6,L1,126,473669.708439,473669.852864,473669.904546,met,0.003125
b6,L1,127,473671.708439,473671.858911,473672.497684,missed,0.571547
b6,L2,85,473672.707927,473672.821959,473672.915756,met,0.046792
b6,L1,128,473673.708439,473673.853958,473673.907377,met,0.002176
b6,L1,129,473675.708439,473675.788585,473675.936013,met,0.103797
b6,L2,86,473675.707927,473675.834375,473675.936586,met,0.059080
b6,L1,130,473677.708439,473677.863748,473677.915720,met,0.002745
b6,L2,87,473678.707927,473678.807777,473678.964090,met,0.101397
b6,L1,131,473679.708439,473679.789881,473679.836752,met,0.003974
b6,L2,88,473681.707927,473681.780112,473681.824243,met,0.001184
b6,L1,132,473681.708439,473681.819226,473681.893090,met,0.029169
b6,L1,133,473683.708439,473683.822075,473683.884657,met,0.018837
b6,L2,89,473684.707927,473684.807731,473684.892960,met,0.036936
b6,L1,134,473685.708439,473685.807130,473685.886654,met,0.036258
b6,L1,135,473687.708439,473687.780778,473687.887540,met,0.056367
b6,L2,90,473687.707927,473687.795269,473687.887947,met,0.042895
b6,L1,136,473689.708439,473689.797288,473689.844385,met,0.003304
b6,L2,91,473690.707927,473690.826005,473690.955759,met,0.082175
b6,L1,137,473691.708439,473691.838181,473691.893154,met,0.009141
b6,L1,138,473693.708439,473693.789722,473693.837033,met,0.003051
b6,L2,92,473693.707927,473693.817012,473693.957435,met,0.098022
b6,L1,139,473695.708439,473695.841406,473695.891520,met,0.005259
b6,L2,93,473696.707927,473696.799742,473696.845174,met,0.001145
b6,L1,140,473697.708439,473697.821799,473697.883169,met,0.016191
b6,L2,94,473699.707927,473699.796487,473699.842564,met,0.001138
b6,L1,141,473699.708439,473699.817972,473699.965378,met,0.102908
b6,L1,142,473701.708439,473701.822638,473701.899129,met,0.032152
b6,L1,143,473703.708439,473703.790044,473703.946477,met,0.104818
b6,L2,95,473702.707927,473702.846128,473703.946696,met,1.047834
b6,L1,144,473705.708439,473705.815276,473705.899740,met,0.038759
b6,L2,96,473705.707927,473705.819577,473705.899618,met,0.038019
b6,L1,145,473707.708439,473707.797251,473707.844875,met,0.003130
b6,L2,97,473708.707927,473708.788480,473708.844044,met,0.010491
b6,L1,146,473709.708439,473709.805241,473709.889937,met,0.041008
b6,L2,98,473711.707927,473711.801745,473711.896071,met,0.042138
b6,L1,147,473711.708439,473711.801728,473711.896071,met,0.042116
b6,L1,148,473713.708439,473713.861476,473713.906887,met,0.002093
b6,L2,99,473714.707927,473714.831669,473714.900172,met,0.025261
b6,L1,149,473715.708439,473715.790282,473715.839061,met,0.003012
b7,L2,0,473716.255508,473716.321724,473716.373984,met,0.001165
b7,L1,0,473716.255583,473716.321658,473716.374435,met,0.001848
b7,L1,1,473718.255583,473718.399391,473718.447847,met,0.001673
b7,L2,1,473719.255508,473719.381188,473719.426569,met,0.001522
b7,L1,2,473720.255583,473720.332015,473720.378257,met,0.003511
b7,L2,2,473722.255508,473722.351701,473722.393023,met,0.000949
b7,L1,3,473722.255583,473722.392452,473722.443048,met,0.002974
b7,L1,4,473724.255583,473724.371579,473724.418896,met,0.004161
b7,L2,3,473725.255508,473725.377214,473725.421524,met,0.001394
b7,L1,5,473726.255583,473726.385296,473726.431713,met,0.003309
b7,L2,4,473728.255508,473728.333510,473728.377225,met,0.001252
b7,L1,6,473728.255583,473728.385100,473728.429459,met,0.001398
b7,L1,7,473730.255583,473730.331778,473730.375471,met,0.002898
b7,L2,5,473731.255508,473731.369274,473731.411798,met,0.001112
b7,L1,8,473732.255583,473732.339464,473732.382212,met,0.003018
b7,L2,6,473734.255508,473734.378506,473734.875458,met,0.437935
b7,L1,9,473734.255583,473734.355350,473734.875445,met,0.456363
b7,L1,10,473736.255583,473736.407141,473736.451907,met,0.001874
b7,L2,7,473737.255508,473737.368353,473737.412664,met,0.001382
b7,L1,11,473738.255583,473738.371285,473738.418199,met,0.004379
b7,L1,12,473740.255583,473740.335534,473740.383374,met,0.003499
b7,L2,8,473740.255508,473740.377679,473740.424624,met,0.001092
b7,L1,13,473742.255583,473742.341603,473742.389345,met,0.003909
b7,L2,9,473743.255508,473743.350810,473743.397216,met,0.001396
b7,L1,14,473744.255583,473744.358338,473744.405643,met,0.002838
b7,L1,15,473746.255583,473746.385462,473746.435890,met,0.004508
b7,L2,10,473746.255508,473746.392704,473746.437105,met,0.001432
b7,L1,16,473748.255583,473748.360163,473748.408783,met,0.004224
b7,L2,11,473749.255508,473749.407345,473749.451696,met,0.001230
b7,L1,17,473750.255583,473750.335168,473750.382093,met,0.003407
b7,L1,18,473752.255583,473752.342529,473752.392701,met,0.001455
b7,L2,12,473752.255508,473752.344516,473752.392839,met,0.002152
b7,L1,19,473754.255583,473754.341466,473754.387309,met,0.002809
b7,L2,13,473755.255508,473755.338166,473755.380009,met,0.001091
b7,L1,20,473756.255583,473756.399763,473756.443551,met,0.002865
b7,L2,14,473758.255508,473758.328789,473758.370244,met,0.001224
b7,L1,21,473758.255583,473758.326934,473758.370140,met,0.001832
b7,L1,22,473760.255583,473760.339479,473760.383192,met,0.002843
b7,L2,15,473761.255508,473761.348187,473761.390924,met,0.001208
b7,L1,23,473762.255583,473762.333776,473762.378723,met,0.001829
b7,L1,24,473764.255583,473764.361675,473764.408273,met,0.001423
b7,L2,16,473764.255508,473764.357469,473764.408397,met,0.001913
b7,L1,25,473766.255583,473766.363248,473766.491277,met,0.079156
b7,L2,17,473767.255508,473767.375454,473767.426617,met,0.006491
b7,L1,26,473768.255583,473768.373415,473768.438676,met,0.022561
b7,L1,27,473770.255583,473770.348340,473770.395346,met,0.003564
b7,L2,18,473770.255508,473770.368699,473770.442196,met,0.029525
b7,L1,28,473772.255583,473772.357918,473772.402783,met,0.002888
b7,L2,19,473773.255508,473773.349167,473773.394102,met,0.001173
b7,L1,29,473774.255583,473774.320823,473774.365925,met,0.003709
b7,L2,20,473776.255508,473776.387205,473776.446205,met,0.010848
b7,L1,30,473776.255583,473776.392160,473776.446273,met,0.009505
b7,L1,31,473778.255583,473778.386871,473778.463969,met,0.032708
b7,L2,21,473779.255508,473779.375337,473779.459662,met,0.039962
b7,L1,32,473780.255583,473780.370050,473780.413564,met,0.001270
b7,L1,33,473782.255583,473782.321168,473782.377075,met,0.002937
b7,L2,22,473782.255508,473782.389655,473782.468156,met,0.028294
b7,L1,34,473784.255583,473784.405938,473784.451094,met,0.003097
b7,L2,23,473785.255508,473785.327546,473785.368474,met,0.001263
b7,L1,35,473786.255583,473786.339199,473786.390061,met,0.002917
b7,L1,36,473788.255583,473788.355590,473788.437097,met,0.003273
b7,L2,24,473788.255508,473788.399314,473788.473411,met,0.001484
b7,L1,37,473790.255583,473790.378188,473790.424553,met,0.001314
b7,L2,25,473791.255508,473791.334310,473791.387022,met,0.007732
b7,L1,38,473792.255583,473792.392592,473792.436754,met,0.003072
b7,L2,26,473794.255508,473794.333713,473794.393496,met,0.001458
b7,L1,39,473794.255583,473794.393962,473794.447564,met,0.002421
b7,L1,40,473796.255583,473796.331785,473796.915610,missed,0.522361
b7,L2,27,473797.255508,473797.357771,473797.765169,met,0.347948
b7,L1,41,473798.255583,473798.381957,473798.432155,met,0.001331
b7,L1,42,473800.255583,473800.344577,473800.398069,met,0.001328
b7,L2,28,473800.255508,473800.358322,473800.411821,met,0.001400
b7,L1,43,473802.255583,473802.341892,473802.390289,met,0.003079
b7,L2,29,473803.255508,473803.398350,473803.446150,met,0.001150
b7,L1,44,473804.255583,473804.373234,473804.417854,met,0.003059
b7,L2,30,473806.255508,473806.334166,473806.382811,met,0.001180
b7,L1,45,473806.255583,473806.334165,473806.382852,met,0.001986
b7,L1,46,473808.255583,473808.392020,473808.438211,met,0.002735
b7,L2,31,473809.255508,473809.366745,473809.409988,met,0.001175
b7,L1,47,473810.255583,473810.337124,473810.382828,met,0.002964
b7,L1,48,473812.255583,473812.355408,473812.398516,met,0.001302
b7,L2,32,473812.255508,473812.382190,473812.426118,met,0.001145
b7,L1,49,473814.255583,473814.383778,473814.428668,met,0.003090
b7,L2,33,473815.255508,473815.339502,473815.378494,met,0.001195
b7,L1,50,473816.255583,473816.332794,473816.376411,met,0.002993
b7,L1,51,473818.255583,473818.366616,473818.415313,met,0.004396
b7,L2,34,473818.255508,473818.378462,473818.421066,met,0.001155
b7,L1,52,473820.255583,473820.376754,473820.422249,met,0.003241
b7,L2,35,473821.255508,473821.358890,473821.407022,met,0.001213
b7,L1,53,473822.255583,473822.384861,473822.432552,met,0.002544
b7,L2,36,473824.255508,473824.341386,473824.388243,met,0.001161
b7,L1,54,473824.255583,473824.388237,473824.438125,met,0.003452
b7,L1,55,473826.255583,473826.333851,473826.379774,met,0.002707
b7,L2,37,473827.255508,473827.388318,473827.432560,met,0.001176
b7,L1,56,473828.255583,473828.393126,473828.653808,met,0.202108
b7,L1,57,473830.255583,473830.389006,473830.435150,met,0.004811
b7,L2,38,473830.255508,473830.376604,473830.435058,met,0.012296
b7,L1,58,473832.255583,473832.401072,473832.446554,met,0.003306
b7,L2,39,473833.255508,473833.401546,473833.447007,met,0.001220
b7,L1,59,473834.255583,473834.392022,473834.437216,met,0.003053
b7,L2,40,473836.255508,473836.349897,473836.400399,met,0.003394
b7,L1,60,473836.255583,473836.350279,473836.400479,met,0.002889
b7,L1,61,473838.255583,473838.331984,473838.376950,met,0.003231
b7,L2,41,473839.255508,473839.402886,473839.447622,met,0.001198
b7,L1,62,473840.255583,473840.333795,473840.380253,met,0.003688
b7,L2,42,473842.255508,473842.329744,473842.375003,met,0.001149
b7,L1,63,473842.255583,473842.326340,473842.375069,met,0.003701
b7,L1,64,473844.255583,473844.404439,473844.629916,met,0.161268
b7,L2,43,473845.255508,473845.358334,473845.402737,met,0.001051
b7,L1,65,473846.255583,473846.342202,473846.389450,met,0.005248
b7,L1,66,473848.255583,473848.351825,473848.404208,met,0.002517
b7,L2,44,473848.255508,473848.351763,473848.404300,met,0.002648
b7,L1,67,473850.255583,473850.366295,473850.424100,met,0.004267
b7,L2,45,473851.255508,473851.367233,473851.410418,met,0.000900
b7,L1,68,473852.255583,473852.358173,473852.402193,met,0.002954
b7,L1,69,473854.255583,473854.322755,473854.367633,met,0.003586
b7,L2,46,473854.255508,473854.344710,473854.388482,met,0.001193
b7,L1,70,473856.255583,473856.380306,473856.423038,met,0.003380
b7,L2,47,473857.255508,473857.333822,473857.374418,met,0.001065
b7,L1,71,473858.255583,473858.325538,473858.367271,met,0.001300
b7,L2,48,473860.255508,473860.350942,473860.400478,met,0.000950
b7,L1,72,473860.255583,473860.350580,473860.400404,met,0.002456
b7,L1,73,473862.255583,473862.350469,473862.390520,met,0.001284
b7,L2,49,473863.255508,473863.350533,473863.394572,met,0.001187
b7,L1,74,473864.255583,473864.350270,473864.395821,met,0.002990
b7,L2,50,473866.255508,473866.333620,473866.377611,met,0.001437
b7,L1,75,473866.255583,473866.361923,473866.407795,met,0.003335
b7,L1,76,473868.255583,473868.368754,473868.410763,met,0.001248
b7,L2,51,473869.255508,473869.383007,473869.425802,met,0.001117
b7,L1,77,473870.255583,473870.372167,473870.417202,met,0.003231
b7,L1,78,473872.255583,473872.350668,473872.396160,met,0.003227
b7,L2,52,473872.255508,473872.358277,473872.399833,met,0.001153
b7,L1,79,473874.255583,473874.392783,473874.436153,met,0.001715
b7,L2,53,473875.255508,473875.350110,473875.392780,met,0.001143
b7,L1,80,473876.255583,473876.325264,473876.369592,met,0.002899
b7,L2,54,473878.255508,473878.325904,473878.373881,met,0.001207
b7,L1,81,473878.255583,473878.325886,473878.375903,met,0.003951
b7,L1,82,473880.255583,473880.334337,473880.378500,met,0.003377
b7,L2,55,473881.255508,473881.370500,473881.415055,met,0.001508
b7,L1,83,473882.255583,473882.325437,473882.367897,met,0.002830
b7,L2,56,473884.255508,473884.327055,473884.368938,met,0.001150
b7,L1,84,473884.255583,473884.330558,473884.374902,met,0.002264
b7,L1,85,473886.255583,473886.334920,473886.381174,met,0.003126
b7,L2,57,473887.255508,473887.397252,473887.438928,met,0.001240
b7,L1,86,473888.255583,473888.336149,473888.379790,met,0.002940
b7,L1,87,473890.255583,473890.376181,473890.965442,missed,0.522702
b7,L2,58,473890.255508,473890.380481,473891.250820,met,0.813169
b7,L1,88,473892.255583,473892.382222,473892.428724,met,0.001726
b7,L2,59,473893.255508,473893.334513,473893.376376,met,0.001079
b7,L1,89,473894.255583,473894.336043,473894.380128,met,0.002271
b7,L2,60,473896.255508,473896.325753,473896.370318,met,0.001126
b7,L1,90,473896.255583,473896.329315,473896.370904,met,0.003048
b7,L1,91,473898.255583,473898.335919,473898.380629,met,0.002670
b7,L2,61,473899.255508,473899.334104,473899.376150,met,0.001114
b7,L1,92,473900.255583,473900.384969,473900.431014,met,0.003244
b7,L1,93,473902.255583,473902.351723,473902.395822,met,0.002919
b7,L2,62,473902.255508,473902.364551,473902.406361,met,0.001037
b7,L1,94,473904.255583,473904.334518,473904.378514,met,0.003062
b7,L2,63,473905.255508,473905.341135,473905.400678,met,0.001258
b7,L1,95,473906.255583,473906.351684,473906.399896,met,0.001947
b7,L2,64,473908.255508,473908.381330,473908.433944,met,0.001121
b7,L1,96,473908.255583,473908.381281,473908.434503,met,0.002066
b7,L1,97,473910.255583,473910.410687,473910.456200,met,0.003015
b7,L2,65,473911.255508,473911.360954,473911.406293,met,0.000868
b7,L1,98,473912.255583,473912.364991,473912.888908,met,0.458376
b7,L2,66,473914.255508,473914.395425,473914.451252,met,0.002942
b7,L1,99,473914.255583,473914.395439,473914.451252,met,0.002476
b7,L1,100,473916.255583,473916.357320,473916.402373,met,0.002018
b7,L2,67,473917.255508,473917.368992,473917.414038,met,0.001067
b7,L1,101,473918.255583,473918.393262,473918.434091,met,0.001385
b7,L2,68,473920.255508,473920.361124,473920.414804,met,0.003385
b7,L1,102,473920.255583,473920.361122,473920.414824,met,0.003115
b7,L1,103,473922.255583,473922.388120,473922.658145,met,0.219798
b7,L2,69,473923.255508,473923.364241,473923.437096,met,0.001177
b7,L1,104,473924.255583,473924.404864,473924.460623,met,0.001490
b7,L2,70,473926.255508,473926.359785,473926.416056,met,0.001284
b7,L1,105,473926.255583,473926.376292,473926.432343,met,0.003557
b7,L1,106,473928.255583,473928.406655,473928.466084,met,0.003505
b7,L2,71,473929.255508,473929.403003,473929.456581,met,0.001403
b7,L1,107,473930.255583,473930.407493,473930.480205,met,0.003547
b7,L2,72,473932.255508,473932.363890,473932.416921,met,0.001371
b7,L1,108,473932.255583,473932.402483,473932.519648,met,0.062329
b7,L1,109,473934.255583,473934.361937,473934.409747,met,0.001237
b7,L2,73,473935.255508,473935.343855,473935.384307,met,0.001108
b7,L1,110,473936.255583,473936.350255,473936.395644,met,0.002889
b7,L2,74,473938.255508,473938.346127,473938.394231,met,0.001174
b7,L1,111,473938.255583,473938.346074,473938.396851,met,0.004349
b7,L1,112,473940.255583,473940.336477,473940.379581,met,0.001448
b7,L2,75,473941.255508,473941.352120,473941.395823,met,0.001174
b7,L1,113,473942.255583,473942.325245,473942.371172,met,0.002955
b7,L1,114,473944.255583,473944.324719,473944.371265,met,0.003333
b7,L2,76,473944.255508,473944.384499,473944.426067,met,0.001127
b7,L1,115,473946.255583,473946.373751,473946.412805,met,0.001167
b7,L2,77,473947.255508,473947.393466,473947.435047,met,0.001082
b7,L1,116,473948.255583,473948.394155,473948.436129,met,0.002918
b7,L2,78,473950.255508,473950.344728,473950.392001,met,0.001115
b7,L1,117,473950.255583,473950.344650,473950.394152,met,0.003711
b7,L1,118,473952.255583,473952.386703,473953.096619,missed,0.641584
b7,L2,79,473953.255508,473953.389265,473953.893249,met,0.444264
b7,L1,119,473954.255583,473954.445289,473954.493001,met,0.003633
b7,L1,120,473956.255583,473956.418386,473956.460067,met,0.001306
b7,L2,80,473956.255508,473956.456176,473956.499546,met,0.001126
b7,L1,121,473958.255583,473958.473022,473958.517397,met,0.002900
b7,L2,81,473959.255508,473959.335637,473959.378005,met,0.001181
b7,L1,122,473960.255583,473960.335150,473960.379829,met,0.003200
b7,L1,123,473962.255583,473962.411798,473962.460992,met,0.001370
b7,L2,82,473962.255508,473962.411756,473962.461047,met,0.001849
b7,L1,124,473964.255583,473964.335076,473964.379426,met,0.002957
b7,L2,83,473965.255508,473965.478168,473965.521142,met,0.001184
b7,L1,125,473966.255583,473966.384466,473966.429848,met,0.003340
b7,L1,126,473968.255583,473968.337504,473968.378742,met,0.001264
b7,L2,84,473968.255508,473968.405232,473968.444629,met,0.001052
b7,L1,127,473970.255583,473970.427444,473970.471446,met,0.001297
b7,L2,85,473971.255508,473971.351939,473971.393632,met,0.001132
b7,L1,128,473972.255583,473972.360244,473972.404300,met,0.003256
b7,L1,129,473974.255583,473974.329139,473974.372972,met,0.003077
b7,L2,86,473974.255508,473974.457396,473974.498139,met,0.001064
b7,L1,130,473976.255583,473976.327486,473976.371903,met,0.003002
b7,L2,87,473977.255508,473977.388228,473977.430484,met,0.001171
b7,L1,131,473978.255583,473978.436400,473978.481271,met,0.003271
b7,L2,88,473980.255508,473980.353500,473980.402719,met,0.003544
b7,L1,132,473980.255583,473980.357271,473980.402777,met,0.003097
b7,L1,133,473982.255583,473982.469569,473982.522636,met,0.012179
b7,L2,89,473983.255508,473983.445383,473983.486480,met,0.001143
b7,L1,134,473984.255583,473984.377290,473984.891383,met,0.457419
b7,L2,90,473986.255508,473986.327369,473986.372025,met,0.001078
b7,L1,135,473986.255583,473986.390105,473986.432403,met,0.001378
b7,L1,136,473988.255583,473988.420749,473988.462957,met,0.001227
b7,L2,91,473989.255508,473989.449801,473989.492968,met,0.001180
b7,L1,137,473990.255583,473990.421600,473990.465835,met,0.002290
b7,L2,92,473992.255508,473992.353852,473992.401452,met,0.001290
b7,L1,138,473992.255583,473992.362406,473992.411736,met,0.003092
b7,L1,139,473994.255583,473994.335363,473994.412535,met,0.002567
b7,L2,93,473995.255508,473995.480163,473995.544514,met,0.001191
b7,L1,140,473996.255583,473996.457815,473996.505405,met,0.002817
b7,L2,94,473998.255508,473998.439799,473998.508427,met,0.001102
b7,L1,141,473998.255583,473998.464720,473998.539340,met,0.004461
b7,L1,142,474000.255583,474000.494766,474000.561405,met,0.002608
b7,L2,95,474001.255508,474001.398004,474001.464232,met,0.001162
b7,L1,143,474002.255583,474002.466633,474002.522547,met,0.001291
b7,L1,144,474004.255583,474004.398770,474004.447855,met,0.004383
b7,L2,96,474004.255508,474004.481836,474004.531365,met,0.001284
b7,L1,145,474006.255583,474006.352477,474006.394892,met,0.003071
b7,L2,97,474007.255508,474007.478889,474007.521255,met,0.001182
b7,L1,146,474008.255583,474008.428174,474008.471764,met,0.001296
b7,L2,98,474010.255508,474010.329387,474010.379837,met,0.001341
b7,L1,147,474010.255583,474010.329379,474010.381877,met,0.004241
b7,L1,148,474012.255583,474012.453174,474012.498314,met,0.002808
b7,L2,99,474013.255508,474013.462452,474013.504935,met,0.001113
b7,L1,149,474014.255583,474014.470825,474014.515131,met,0.001300
b8,L1,0,474014.937370,474015.008644,474015.723701,missed,0.640250
b8,L2,0,474014.937474,474015.008712,474016.187358,met,1.114536
b8,L1,1,474016.937370,474017.095494,474017.170299,met,0.032633
b8,L2,1,474017.937474,474018.011110,474018.052260,met,0.001140
b8,L1,2,474018.937370,474019.051748,474019.104679,met,0.006396
b8,L1,3,474020.937370,474021.013131,474021.055477,met,0.001287
b8,L2,2,474020.937474,474021.106563,474021.180255,met,0.033498
b8,L1,4,474022.937370,474023.093043,474023.139484,met,0.003256
b8,L2,3,474023.937474,474024.142106,474024.204619,met,0.018581
b8,L1,5,474024.937370,474025.088032,474025.133549,met,0.002041
b8,L2,4,474026.937474,474027.121392,474027.164920,met,0.001160
b8,L1,6,474026.937370,474027.133840,474027.215390,met,0.036802
b8,L1,7,474028.937370,474029.155475,474029.216604,met,0.016433
b8,L2,5,474029.937474,474030.021087,474030.064590,met,0.001153
b8,L1,8,474030.937370,474031.137434,474031.212902,met,0.032584
b8,L1,9,474032.937370,474033.025698,474033.066547,met,0.001166
b8,L2,6,474032.937474,474033.142416,474033.228342,met,0.043797
b8,L1,10,474034.937370,474035.048090,474035.093546,met,0.003504
b8,L2,7,474035.937474,474036.082505,474036.149331,met,0.022344
b8,L1,11,474036.937370,474037.123374,474037.169045,met,0.001812
b8,L2,8,474038.937474,474039.042934,474039.087154,met,0.001197
b8,L1,12,474038.937370,474039.067758,474039.111953,met,0.001366
b8,L1,13,474040.937370,474041.129442,474041.177345,met,0.003765
b8,L2,9,474041.937474,474042.010599,474042.051875,met,0.001158
b8,L1,14,474042.937370,474043.011340,474043.090746,met,0.033426
b8,L2,10,474044.937474,474045.012874,474045.055810,met,0.001102
b8,L1,15,474044.937370,474045.116202,474045.156877,met,0.001240
b8,L1,16,474046.937370,474047.096281,474047.532653,met,0.377895
b8,L2,11,474047.937474,474048.054035,474048.097775,met,0.000861
b8,L1,17,474048.937370,474049.018929,474049.066492,met,0.001363
b8,L2,12,474050.937474,474051.141267,474051.359499,met,0.162288
b8,L1,18,474050.937370,474051.122682,474051.359571,met,0.177664
b8,L1,19,474052.937370,474053.165046,474053.213085,met,0.003765
b8,L2,13,474053.937474,474054.147174,474054.189781,met,0.001203
b8,L1,20,474054.937370,474055.111809,474055.160210,met,0.006098
b8,L2,14,474056.937474,474057.103532,474057.149169,met,0.001150
b8,L1,21,474056.937370,474057.140808,474057.186864,met,0.001364
b8,L1,22,474058.937370,474059.147222,474059.197704,met,0.003296
b8,L2,15,474059.937474,474060.140573,474060.180912,met,0.000989
b8,L1,23,474060.937370,474061.118865,474061.164321,met,0.002779
b8,L1,24,474062.937370,474063.089476,474063.135210,met,0.003060
b8,L2,16,474062.937474,474063.142350,474063.186368,met,0.001127
b8,L1,25,474064.937370,474065.146864,474065.193645,met,0.001305
b8,L2,17,474065.937474,474066.031047,474066.074289,met,0.001247
b8,L1,26,474066.937370,474067.123808,474067.172865,met,0.002899
b8,L1,27,474068.937370,474069.117139,474069.166763,met,0.002449
b8,L2,18,474068.937474,474069.117227,474069.166764,met,0.000893
b8,L1,28,474070.937370,474071.158431,474071.201284,met,0.001187
b8,L2,19,474071.937474,474072.092070,474072.137300,met,0.001197
b8,L1,29,474072.937370,474073.006729,474073.052172,met,0.003666
b8,L2,20,474074.937474,474075.042109,474075.099024,met,0.001461
b8,L1,30,474074.937370,474075.130896,474075.183154,met,0.003297
b8,L1,31,474076.937370,474077.166085,474077.209362,met,0.001314
b8,L2,21,474077.937474,474078.025319,474078.776593,met,0.688677
b8,L1,32,474078.937370,474079.126155,474079.175418,met,0.001917
b8,L2,22,474080.937474,474081.036239,474081.093430,met,0.001178
b8,L1,33,474080.937370,474081.108769,474081.172583,met,0.002853
b8,L1,34,474082.937370,474083.109691,474083.157554,met,0.003146
b8,L2,23,474083.937474,474084.123524,474084.167244,met,0.001148
b8,L1,35,474084.937370,474085.026191,474085.071479,met,0.003288
b8,L2,24,474086.937474,474087.027703,474087.069095,met,0.001129
b8,L1,36,474086.937370,474087.135819,474087.178808,met,0.001538
b8,L1,37,474088.937370,474089.043427,474089.088069,met,0.003237
b8,L2,25,474089.937474,474090.136830,474090.178552,met,0.001158
b8,L1,38,474090.937370,474091.096238,474091.139301,met,0.003216
b8,L1,39,474092.937370,474093.068969,474093.111379,met,0.001353
b8,L2,26,474092.937474,474093.142951,474093.185272,met,0.001185
b8,L1,40,474094.937370,474095.027741,474095.072614,met,0.003103
b8,L2,27,474095.937474,474096.086680,474096.128996,met,0.001158
b8,L1,41,474096.937370,474097.101957,474097.147138,met,0.003501
b8,L1,42,474098.937370,474099.041850,474099.087274,met,0.003296
b8,L2,28,474098.937474,474099.103497,474099.148939,met,0.001237
b8,L1,43,474100.937370,474101.137030,474101.193496,met,0.002265
b8,L2,29,474101.937474,474102.025084,474102.069144,met,0.001243
b8,L1,44,474102.937370,474103.090140,474103.152224,met,0.003448
b8,L1,45,474104.937370,474105.143503,474105.192629,met,0.003200
b8,L2,30,474104.937474,474105.151134,474105.198212,met,0.001115
b8,L1,46,474106.937370,474107.154520,474107.223500,met,0.002391
b8,L2,31,474107.937474,474108.076374,474108.130911,met,0.001315
b8,L1,47,474108.937370,474109.041422,474109.768566,missed,0.637144
b8,L1,48,474110.937370,474111.098824,474111.161282,met,0.001439
b8,L2,32,474110.937474,474111.098787,474111.160815,met,0.001011
b8,L1,49,474112.937370,474113.161220,474113.205725,met,0.001734
b8,L2,33,474113.937474,474114.099944,474114.143928,met,0.001161
b8,L1,50,474114.937370,474115.136553,474115.181543,met,0.002850
b8,L1,51,474116.937370,474117.126529,474117.178664,met,0.003329
b8,L2,34,474116.937474,474117.135966,474117.183166,met,0.000843
b8,L1,52,474118.937370,474119.083663,474119.129526,met,0.001216
b8,L2,35,474119.937474,474120.141215,474120.187462,met,0.000831
b8,L1,53,474120.937370,474121.066363,474121.116066,met,0.004216
b8,L1,54,474122.937370,474123.012109,474123.060558,met,0.001609
b8,L2,36,474122.937474,474123.019702,474123.066108,met,0.001212
b8,L1,55,474124.937370,474125.152220,474125.195668,met,0.001291
b8,L2,37,474125.937474,474126.155440,474126.198803,met,0.001066
b8,L1,56,474126.937370,474127.151512,474127.197344,met,0.002965
b8,L2,38,474128.937474,474129.105117,474129.163489,met,0.002440
b8,L1,57,474128.937370,474129.105553,474129.163253,met,0.002264
b8,L1,58,474130.937370,474131.163599,474131.206603,met,0.003260
b8,L2,39,474131.937474,474132.163244,474132.206326,met,0.001651
b8,L1,59,474132.937370,474133.010759,474133.054290,met,0.002901
b8,L1,60,474134.937370,474135.060691,474135.107535,met,0.003547
b8,L2,40,474134.937474,474135.127071,474135.169313,met,0.001133
b8,L1,61,474136.937370,474137.091393,474137.138322,met,0.002895
b8,L2,41,474137.937474,474138.095052,474138.139214,met,0.001137
b8,L1,62,474138.937370,474139.096093,474139.144666,met,0.002705
b8,L2,42,474140.937474,474141.154254,474141.657262,met,0.433148
b8,L1,63,474140.937370,474141.154253,474141.657218,met,0.432552
b8,L1,64,474142.937370,474143.149444,474143.200915,met,0.001204
b8,L2,43,474143.937474,474144.153318,474144.200339,met,0.001206
b8,L1,65,474144.937370,474145.112003,474145.158819,met,0.004565
b8,L2,44,474146.937474,474147.053276,474147.096814,met,0.001553
b8,L1,66,474146.937370,474147.135629,474147.180302,met,0.003042
b8,L1,67,474148.937370,474149.151850,474149.199658,met,0.003350
b8,L2,45,474149.937474,474150.135481,474150.182748,met,0.001141
b8,L1,68,474150.937370,474151.142093,474151.189401,met,0.003379
b8,L1,69,474152.937370,474153.124301,474153.171097,met,0.005111
b8,L2,46,474152.937474,474153.136277,474153.180302,met,0.001305
b8,L1,70,474154.937370,474155.140719,474155.186444,met,0.003091
b8,L2,47,474155.937474,474156.106317,474156.150851,met,0.001141
b8,L1,71,474156.937370,474157.116877,474157.162331,met,0.004668
b8,L2,48,474158.937474,474159.047821,474159.096074,met,0.001134
b8,L1,72,474158.937370,474159.068808,474159.115289,met,0.001519
b8,L1,73,474160.937370,474161.156815,474161.201019,met,0.002978
b8,L2,49,474161.937474,474162.108819,474162.153555,met,0.000904
b8,L1,74,474162.937370,474163.095665,474163.141777,met,0.003500
b8,L2,50,474164.937474,474165.111756,474165.159971,met,0.001125
b8,L1,75,474164.937370,474165.145397,474165.192985,met,0.001325
b8,L1,76,474166.937370,474167.146026,474167.193230,met,0.002696
b8,L2,51,474167.937474,474168.030550,474168.076335,met,0.001125
b8,L1,77,474168.937370,474169.024947,474169.076028,met,0.003345
b8,L1,78,474170.937370,474171.054888,474171.108269,met,0.002094
b8,L2,52,474170.937474,474171.054744,474171.108269,met,0.001266
b8,L1,79,474172.937370,474173.159954,474173.268199,met,0.058702
b8,L2,53,474173.937474,474174.041223,474174.091458,met,0.001913
b8,L1,80,474174.937370,474175.114601,474175.229303,met,0.059191
b8,L2,54,474176.937474,474177.052992,474177.099461,met,0.001099
b8,L1,81,474176.937370,474177.126942,474177.219502,met,0.048167
b8,L1,82,474178.937370,474179.034760,474179.081580,met,0.003908
b8,L2,55,474179.937474,474180.111952,474180.158182,met,0.001184
b8,L1,83,474180.937370,474181.158182,474181.241999,met,0.040480
b8,L2,56,474182.937474,474183.083520,474183.173711,met,0.045009
b8,L1,84,474182.937370,474183.129467,474183.174375,met,0.001808
b8,L1,85,474184.937370,474185.143629,474185.193478,met,0.001302
b8,L2,57,474185.937474,474186.118946,474186.162588,met,0.001564
b8,L1,86,474186.937370,474187.149736,474187.206255,met,0.002689
b8,L1,87,474188.937370,474189.024364,474189.075652,met,0.004218
b8,L2,58,474188.937474,474189.114196,474189.163572,met,0.000910
b8,L1,88,474190.937370,474191.092773,474191.140874,met,0.001285
b8,L2,59,474191.937474,474192.113594,474192.167048,met,0.000973
b8,L1,89,474192.937370,474193.164806,474193.225242,met,0.002577
b8,L2,60,474194.937474,474195.100862,474195.148467,met,0.001609
b8,L1,90,474194.937370,474195.152729,474195.197511,met,0.001337
b8,L1,91,474196.937370,474197.057214,474197.106793,met,0.002329
b8,L2,61,474197.937474,474198.038373,474198.127688,met,0.042907
b8,L1,92,474198.937370,474199.016907,474199.063441,met,0.003428
b8,L2,62,474200.937474,474201.023185,474201.071740,met,0.001079
b8,L1,93,474200.937370,474201.071547,474201.132426,met,0.002611
b8,L1,94,474202.937370,474203.086743,474203.735037,missed,0.572769
b8,L2,63,474203.937474,474204.091928,474204.825418,met,0.676131
b8,L1,95,474204.937370,474205.058574,474205.112902,met,0.001307
b8,L1,96,474206.937370,474207.060437,474207.119108,met,0.001697
b8,L2,64,474206.937474,474207.060437,474207.119039,met,0.002590
b8,L1,97,474208.937370,474209.035559,474209.084965,met,0.003388
b8,L2,65,474209.937474,474210.048007,474210.097681,met,0.001538
b8,L1,98,474210.937370,474211.063296,474211.109210,met,0.004389
b8,L2,66,474212.937474,474213.016996,474213.067921,met,0.001254
b8,L1,99,474212.937370,474213.032720,474213.081979,met,0.001242
b8,L1,100,474214.937370,474215.023094,474215.069947,met,0.004032
b8,L2,67,474215.937474,474216.012596,474216.057728,met,0.001094
b8,L1,101,474216.937370,474217.054318,474217.105187,met,0.002599
b8,L1,102,474218.937370,474219.037642,474219.083495,met,0.001537
b8,L2,68,474218.937474,474219.052052,474219.097157,met,0.001061
b8,L1,103,474220.937370,474221.013121,474221.072276,met,0.002218
b8,L2,69,474221.937474,474222.080285,474222.128363,met,0.000932
b8,L1,104,474222.937370,474223.093840,474223.142750,met,0.002417
b8,L1,105,474224.937370,474225.024432,474225.072247,met,0.003342
b8,L2,70,474224.937474,474225.072074,474225.118917,met,0.001408
b8,L1,106,474226.937370,474227.075948,474227.124375,met,0.002970
b8,L2,71,474227.937474,474228.018348,474228.066012,met,0.001212
b8,L1,107,474228.937370,474229.070568,474229.121362,met,0.003207
b8,L2,72,474230.937474,474231.070877,474231.134842,met,0.001220
b8,L1,108,474230.937370,474231.084695,474231.139706,met,0.002962
b8,L1,109,474232.937370,474233.076856,474233.124997,met,0.003019
b8,L2,73,474233.937474,474234.044329,474234.099693,met,0.001187
b8,L1,110,474234.937370,474235.083468,474235.729040,missed,0.571949
b8,L2,74,474236.937474,474237.027438,474237.111279,met,0.017493
b8,L1,111,474236.937370,474237.069463,474237.131006,met,0.001213
b8,L1,112,474238.937370,474239.090987,474239.143099,met,0.001691
b8,L2,75,474239.937474,474240.098504,474240.143851,met,0.001017
b8,L1,113,474240.937370,474241.018791,474241.100381,met,0.036437
b8,L2,76,474242.937474,474243.056799,474243.111419,met,0.006738
b8,L1,114,474242.937370,474243.068261,474243.115088,met,0.001831
b8,L1,115,474244.937370,474245.016337,474245.063764,met,0.002002
b8,L2,77,474245.937474,474246.027130,474246.102875,met,0.030355
b8,L1,116,474246.937370,474247.018133,474247.066067,met,0.003888
b8,L2,78,474248.937474,474249.028124,474249.072543,met,0.001176
b8,L1,117,474248.937370,474249.054914,474249.133045,met,0.030196
b8,L1,118,474250.937370,474251.074882,474251.120494,met,0.001745
b8,L2,79,474251.937474,474252.075375,474252.127892,met,0.002171
b8,L1,119,474252.937370,474253.079656,474253.140806,met,0.014886
b8,L1,120,474254.937370,474255.018552,474255.070147,met,0.003844
b8,L2,80,474254.937474,474255.022153,474255.070623,met,0.005720
b8,L1,121,474256.937370,474257.059422,474257.700931,missed,0.574008
b8,L2,81,474257.937474,474258.073354,474258.120195,met,0.001508
b8,L1,122,474258.937370,474259.061884,474259.110935,met,0.003057
b8,L2,82,474260.937474,474261.020138,474261.072879,met,0.002520
b8,L1,123,474260.937370,474261.022715,474261.072879,met,0.002162
b8,L1,124,474262.937370,474263.028528,474263.074067,met,0.001609
b8,L2,83,474263.937474,474264.026877,474264.074231,met,0.001194
b8,L1,125,474264.937370,474265.083681,474265.352964,met,0.209763
b8,L2,84,474266.937474,474267.020525,474267.185330,met,0.111821
b8,L1,126,474266.937370,474267.026405,474267.186329,met,0.110606
b8,L1,127,474268.937370,474269.032058,474269.078620,met,0.001064
b8,L2,85,474269.937474,474270.081315,474270.177065,met,0.049211
b8,L1,128,474270.937370,474271.060811,474271.107178,met,0.003009
b8,L2,86,474272.937474,474273.065629,474273.172261,met,0.060609
b8,L1,129,474272.937370,474273.071691,474273.172255,met,0.057925
b8,L1,130,474274.937370,474275.077878,474275.123192,met,0.001123
b8,L2,87,474275.937474,474276.083593,474276.171458,met,0.042254
b8,L1,131,474276.937370,474277.067038,474277.138077,met,0.025886
b8,L2,88,474278.937474,474279.052192,474279.106675,met,0.001563
b8,L1,132,474278.937370,474279.055874,474279.106586,met,0.001223
b8,L1,133,474280.937370,474281.027525,474281.072116,met,0.001983
b8,L2,89,474281.937474,474282.034004,474282.223961,met,0.134850
b8,L1,134,474282.937370,474283.009511,474283.077514,met,0.025273
b8,L1,135,474284.937370,474285.029073,474285.092327,met,0.017449
b8,L2,90,474284.937474,474285.016585,474285.092435,met,0.030919
b8,L1,136,474286.937370,474287.018376,474287.123142,met,0.061972
b8,L2,91,474287.937474,474288.027930,474288.101363,met,0.028929
b8,L1,137,474288.937370,474289.083464,474289.133703,met,0.001691
b8,L1,138,474290.937370,474291.035663,474291.116263,met,0.033600
b8,L2,92,474290.937474,474291.028715,474291.116370,met,0.038925
b8,L1,139,474292.937370,474293.059537,474293.120876,met,0.017091
b8,L2,93,474293.937474,474294.072112,474294.127593,met,0.011690
b8,L1,140,474294.937370,474295.087952,474295.133977,met,0.001652
b8,L1,141,474296.937370,474297.033372,474297.651691,missed,0.555748
b8,L2,94,474296.937474,474297.030154,474298.448104,met,1.352942
b8,L1,142,474298.937370,474299.063637,474299.112641,met,0.001005
b8,L2,95,474299.937474,474300.077815,474300.125653,met,0.001417
b8,L1,143,474300.937370,474301.027485,474301.074278,met,0.001474
b8,L2,96,474302.937474,474303.018576,474303.067091,met,0.000925
b8,L1,144,474302.937370,474303.055860,474303.103902,met,0.003479
b8,L1,145,474304.937370,474305.051666,474305.100749,met,0.004682
b8,L2,97,474305.937474,474306.081420,474306.128288,met,0.001197
b8,L1,146,474306.937370,474307.033549,474307.078671,met,0.001212
b8,L2,98,474308.937474,474309.038295,474309.082059,met,0.002175
b8,L1,147,474308.937370,474309.034555,474309.081948,met,0.003645
b8,L1,148,474310.937370,474311.017754,474311.064083,met,0.003684
b8,L2,99,474311.937474,474312.085516,474312.129003,met,0.001132
b8,L1,149,474312.937370,474313.050660,474313.094532,met,0.001396
b9,L1,0,474313.484771,474313.548813,474313.598193,met,0.001853
b9,L2,0,474313.484749,474313.548841,474313.598173,met,0.002087
b9,L1,1,474315.484771,474315.619050,474315.661999,met,0.001311
b9,L2,1,474316.484749,474316.576356,474316.616784,met,0.000849
b9,L1,2,474317.484771,474317.592391,474317.638021,met,0.002848
b9,L2,2,474319.484749,474319.584141,474319.635228,met,0.003432
b9,L1,3,474319.484771,474319.584143,474319.635232,met,0.003198
b9,L1,4,474321.484771,474321.578699,474321.624609,met,0.001375
b9,L2,3,474322.484749,474322.610295,474322.655464,met,0.001083
b9,L1,5,474323.484771,474323.578848,474323.621789,met,0.002034
b9,L1,6,474325.484771,474325.562631,474326.205505,missed,0.573744
b9,L2,4,474325.484749,474325.577553,474326.213625,met,0.589937
b9,L1,7,474327.484771,474327.639915,474327.687778,met,0.003968
b9,L2,5,474328.484749,474328.628020,474329.572610,met,0.884544
b9,L1,8,474329.484771,474329.570880,474329.620582,met,0.002495
b9,L2,6,474331.484749,474331.580355,474331.626338,met,0.001484
b9,L1,9,474331.484771,474331.614828,474331.664356,met,0.001639
b9,L1,10,474333.484771,474333.586202,474333.630562,met,0.001542
b9,L2,7,474334.484749,474334.589052,474334.751172,met,0.107639
b9,L1,11,474335.484771,474335.561259,474335.632357,met,0.027162
b9,L2,8,474337.484749,474337.601648,474337.655806,met,0.002122
b9,L1,12,474337.484771,474337.601685,474337.656407,met,0.001573
b9,L1,13,474339.484771,474339.612018,474339.699134,met,0.044277
b9,L2,9,474340.484749,474340.562581,474340.606519,met,0.001455
b9,L1,14,474341.484771,474341.619995,474341.665448,met,0.001967
b9,L1,15,474343.484771,474343.629097,474343.682250,met,0.001925
b9,L2,10,474343.484749,474343.629098,474343.682340,met,0.001327
b9,L1,16,474345.484771,474345.635371,474345.679466,met,0.003051
b9,L2,11,474346.484749,474346.634071,474346.676633,met,0.001234
b9,L1,17,474347.484771,474347.560732,474347.653430,met,0.034758
b9,L2,12,474349.484749,474349.628663,474349.710334,met,0.032037
b9,L1,18,474349.484771,474349.633354,474349.710752,met,0.029282
b9,L1,19,474351.484771,474351.642326,474351.692383,met,0.003100
b9,L2,13,474352.484749,474352.610996,474352.661866,met,0.002822
b9,L1,20,474353.484771,474353.635267,474353.685059,met,0.001955
b9,L2,14,474355.484749,474355.567559,474355.618996,met,0.001728
b9,L1,21,474355.484771,474355.567449,474355.621866,met,0.004782
b9,L1,22,474357.484771,474357.573763,474357.626140,met,0.002877
b9,L2,15,474358.484749,474358.572097,474358.635036,met,0.001401
b9,L1,23,474359.484771,474359.600312,474360.247443,missed,0.574806
b9,L2,16,474361.484749,474361.618079,474361.676694,met,0.001590
b9,L1,24,474361.484771,474361.618988,474361.677073,met,0.001102
b9,L1,25,474363.484771,474363.625277,474363.674506,met,0.001344
b9,L2,17,474364.484749,474364.622292,474364.672631,met,0.001157
b9,L1,26,474365.484771,474365.567674,474365.617657,met,0.003344
b9,L1,27,474367.484771,474367.562966,474367.613279,met,0.003293
b9,L2,18,474367.484749,474367.621926,474367.671921,met,0.000822
b9,L1,28,474369.484771,474369.615598,474369.664746,met,0.001537
b9,L2,19,474370.484749,474370.584281,474370.629935,met,0.001247
b9,L1,29,474371.484771,474371.565012,474371.614632,met,0.002838
b9,L2,20,474373.484749,474373.561924,474373.620259,met,0.001083
b9,L1,30,474373.484771,474373.599792,474373.658190,met,0.002079
b9,L1,31,474375.484771,474375.572779,474375.621443,met,0.001583
b9,L2,21,474376.484749,474376.575265,474376.623737,met,0.001186
b9,L1,32,474377.484771,474377.645607,474377.699281,met,0.003199
b9,L1,33,474379.484771,474379.586056,474379.638716,met,0.005335
b9,L2,22,474379.484749,474379.603106,474379.655211,met,0.001605
b9,L1,34,474381.484771,474381.575515,474381.626406,met,0.003748
b9,L2,23,474382.484749,474382.633991,474382.682729,met,0.001253
b9,L1,35,474383.484771,474383.583899,474383.632477,met,0.003062
b9,L1,36,474385.484771,474385.631472,474385.686641,met,0.002910
b9,L2,24,474385.484749,474385.631050,474385.687136,met,0.003379
b9,L1,37,474387.484771,474387.586802,474387.638802,met,0.002941
b9,L2,25,474388.484749,474388.588090,474388.640650,met,0.001187
b9,L1,38,474389.484771,474389.637869,474389.691755,met,0.003097
b9,L1,39,474391.484771,474391.600826,474392.256758,missed,0.575824
b9,L2,26,474391.484749,474391.600820,474392.331611,met,0.675981
b9,L1,40,474393.484771,474393.580003,474393.667534,met,0.034542
b9,L2,27,474394.484749,474394.622556,474394.687382,met,0.015496
b9,L1,41,474395.484771,474395.636294,474396.268552,missed,0.562349
b9,L1,42,474397.484771,474397.568702,474397.645717,met,0.027804
b9,L2,28,474397.484749,474397.609693,474397.658388,met,0.001001
b9,L1,43,474399.484771,474399.622280,474399.674867,met,0.001544
b9,L2,29,474400.484749,474400.596456,474400.649034,met,0.008117
b9,L1,44,474401.484771,474401.606443,474401.654668,met,0.001368
b9,L1,45,474403.484771,474403.572607,474403.623989,met,0.002223
b9,L2,30,474403.484749,474403.580633,474403.633570,met,0.000913
b9,L1,46,474405.484771,474405.597803,474405.648762,met,0.002999
b9,L2,31,474406.484749,474406.611256,474406.658436,met,0.001477
b9,L1,47,474407.484771,474407.616151,474407.695557,met,0.027510
b9,L1,48,474409.484771,474409.578803,474409.633864,met,0.001953
b9,L2,32,474409.484749,474409.578779,474409.634046,met,0.001311
b9,L1,49,474411.484771,474411.607185,474411.657613,met,0.002947
b9,L2,33,474412.484749,474412.639753,474412.704917,met,0.010269
b9,L1,50,474413.484771,474413.630745,474413.683438,met,0.002226
b9,L2,34,474415.484749,474415.566048,474415.621842,met,0.001348
b9,L1,51,474415.484771,474415.611903,474415.709729,met,0.043251
b9,L1,52,474417.484771,474417.596890,474417.666297,met,0.018367
b9,L2,35,474418.484749,474418.604805,474418.663454,met,0.000942
b9,L1,53,474419.484771,474419.603977,474419.677957,met,0.018907
b9,L2,36,474421.484749,474421.590913,474421.648479,met,0.001065
b9,L1,54,474421.484771,474421.597859,474421.650715,met,0.001394
b9,L1,55,474423.484771,474423.638230,474423.981669,met,0.280753
b9,L2,37,474424.484749,474424.598468,474424.653784,met,0.000931
b9,L1,56,474425.484771,474425.595364,474425.646277,met,0.001008
b9,L2,38,474427.484749,474427.560938,474427.615306,met,0.001221
b9,L1,57,474427.484771,474427.630689,474427.686676,met,0.003666
b9,L1,58,474429.484771,474429.616937,474429.676211,met,0.005759
b9,L2,39,474430.484749,474430.639317,474430.689716,met,0.001285
b9,L1,59,474431.484771,474431.577122,474431.637066,met,0.005204
b9,L1,60,474433.484771,474433.578862,474433.631943,met,0.003231
b9,L2,40,474433.484749,474433.593082,474433.643389,met,0.001072
b9,L1,61,474435.484771,474435.643400,474435.695797,met,0.005540
b9,L2,41,474436.484749,474436.639056,474436.689013,met,0.001300
b9,L1,62,474437.484771,474437.613715,474437.667509,met,0.003102
b9,L2,42,474439.484749,474439.575593,474439.629820,met,0.001375
b9,L1,63,474439.484771,474439.575625,474439.631283,met,0.004733
b9,L1,64,474441.484771,474441.595471,474441.647090,met,0.001382
b9,L2,43,474442.484749,474442.612334,474442.662254,met,0.001082
b9,L1,65,474443.484771,474443.588571,474443.639749,met,0.003363
b9,L2,44,474445.484749,474445.583685,474445.639780,met,0.003571
b9,L1,66,474445.484771,474445.583673,474445.639780,met,0.003143
b9,L1,67,474447.484771,474447.629598,474447.679542,met,0.001367
b9,L2,45,474448.484749,474448.605283,474448.653003,met,0.000878
b9,L1,68,474449.484771,474449.571097,474449.625048,met,0.003382
b9,L1,69,474451.484771,474451.574944,474451.628860,met,0.003248
b9,L2,46,474451.484749,474451.595434,474451.646326,met,0.001011
b9,L1,70,474453.484771,474453.573648,474453.619966,met,0.001495
b9,L2,47,474454.484749,474454.615372,474454.948815,met,0.265412
b9,L1,71,474455.484771,474455.575191,474455.628282,met,0.002225
b9,L2,48,474457.484749,474457.567132,474457.618240,met,0.001151
b9,L1,72,474457.484771,474457.609744,474457.659966,met,0.001324
b9,L1,73,474459.484771,474459.597501,474459.647050,met,0.003054
b9,L2,49,474460.484749,474460.614542,474460.662331,met,0.001273
b9,L1,74,474461.484771,474461.574431,474461.622934,met,0.003325
b9,L2,50,474463.484749,474463.576968,474463.629659,met,0.001397
b9,L1,75,474463.484771,474463.583565,474463.633030,met,0.001271
b9,L1,76,474465.484771,474465.565521,474465.618741,met,0.002472
b9,L2,51,474466.484749,474466.640728,474466.718830,met,0.001632
b9,L1,77,474467.484771,474467.604857,474467.671834,met,0.001327
b9,L1,78,474469.484771,474469.578628,474469.633397,met,0.001141
b9,L2,52,474469.484749,474469.640765,474469.688806,met,0.000990
b9,L1,79,474471.484771,474471.622562,474471.674399,met,0.002205
b9,L2,53,474472.484749,474472.606400,474472.807655,met,0.141921
b9,L1,80,474473.484771,474473.598205,474473.647964,met,0.003367
b9,L1,81,474475.484771,474475.631685,474475.692413,met,0.003643
b9,L2,54,474475.484749,474475.635341,474475.692849,met,0.004186
b9,L1,82,474477.484771,474477.561090,474477.618386,met,0.003270
b9,L2,55,474478.484749,474478.614770,474478.665646,met,0.001190
b9,L1,83,474479.484771,474479.580247,474479.629737,met,0.003227
b9,L2,56,474481.484749,474481.569403,474481.619457,met,0.001395
b9,L1,84,474481.484771,474481.587355,474481.637274,met,0.003339
b9,L1,85,474483.484771,474483.610420,474483.661357,met,0.002160
b9,L2,57,474484.484749,474484.614631,474484.672019,met,0.001173
b9,L1,86,474485.484771,474485.623714,474486.194720,missed,0.512282
b9,L1,87,474487.484771,474487.566594,474487.621698,met,0.001329
b9,L2,58,474487.484749,474487.629264,474487.710839,met,0.028991
b9,L1,88,474489.484771,474489.640524,474489.732397,met,0.037978
b9,L2,59,474490.484749,474490.634665,474490.736161,met,0.037930
b9,L1,89,474491.484771,474491.630225,474491.735208,met,0.041018
b9,L2,60,474493.484749,474493.649166,474493.739731,met,0.039350
b9,L1,90,474493.484771,474493.652621,474493.739765,met,0.040579
b9,L1,91,474495.484771,474495.638140,474495.698257,met,0.009652
b9,L2,61,474496.484749,474496.572647,474496.618558,met,0.001238
b9,L1,92,474497.484771,474497.573434,474497.629321,met,0.002162
b9,L2,62,474499.484749,474499.604365,474499.652247,met,0.001197
b9,L1,93,474499.484771,474499.627128,474499.681561,met,0.003646
b9,L1,94,474501.484771,474501.618022,474501.698539,met,0.027471
b9,L2,63,474502.484749,474502.613765,474502.662342,met,0.001437
b9,L1,95,474503.484771,474503.590037,474503.645461,met,0.003235
b9,L1,96,474505.484771,474505.589736,474505.644443,met,0.004597
b9,L2,64,474505.484749,474505.593114,474505.644530,met,0.001840
b9,L1,97,474507.484771,474507.641599,474507.697133,met,0.002834
b9,L2,65,474508.484749,474508.600214,474508.664177,met,0.001136
b9,L1,98,474509.484771,474509.640244,474509.700883,met,0.001965
b9,L2,66,474511.484749,474511.609505,474511.658011,met,0.001445
b9,L1,99,474511.484771,474511.615922,474511.664266,met,0.002985
b9,L1,100,474513.484771,474513.566742,474513.704819,met,0.076115
b9,L2,67,474514.484749,474514.610846,474514.657801,met,0.001196
b9,L1,101,474515.484771,474515.576540,474515.624032,met,0.001352
b9,L2,68,474517.484749,474517.621574,474518.196770,met,0.519791
b9,L1,102,474517.484771,474517.595011,474518.204451,missed,0.543810
b9,L1,103,474519.484771,474519.625570,474519.674342,met,0.000956
b9,L2,69,474520.484749,474520.587302,474520.633891,met,0.001224
b9,L1,104,474521.484771,474521.618500,474521.670717,met,0.003418
b9,L2,70,474523.484749,474523.626963,474523.675208,met,0.001253
b9,L1,105,474523.484771,474523.633159,474523.684615,met,0.004030
b9,L1,106,474525.484771,474525.614616,474525.679022,met,0.003451
b9,L2,71,474526.484749,474526.627765,474526.672619,met,0.001218
b9,L1,107,474527.484771,474527.596879,474527.648310,met,0.004024
b9,L1,108,474529.484771,474529.576622,474529.629950,met,0.003590
b9,L2,72,474529.484749,474529.620167,474529.671086,met,0.001373
b9,L1,109,474531.484771,474531.591696,474531.641758,met,0.003143
b9,L2,73,474532.484749,474532.589378,474532.637677,met,0.001165
b9,L1,110,474533.484771,474533.638451,474533.685508,met,0.003550
b9,L1,111,474535.484771,474535.598984,474535.650740,met,0.001702
b9,L2,74,474535.484749,474535.594979,474535.650901,met,0.001052
b9,L1,112,474537.484771,474537.569551,474537.619242,met,0.003354
b9,L2,75,474538.484749,474538.607108,474538.657497,met,0.001137
b9,L1,113,474539.484771,474539.613316,474539.666072,met,0.003145
b9,L1,114,474541.484771,474541.607424,474541.656669,met,0.001347
b9,L2,76,474541.484749,474541.611464,474541.656729,met,0.000909
b9,L1,115,474543.484771,474543.594413,474543.642696,met,0.002788
b9,L2,77,474544.484749,474544.641853,474544.700144,met,0.011724
b9,L1,116,474545.484771,474545.583835,474545.630136,met,0.001106
b9,L1,117,474547.484771,474547.567179,474547.617262,met,0.002034
b9,L2,78,474547.484749,474547.595189,474547.642221,met,0.001136
b9,L1,118,474549.484771,474549.634331,474549.685468,met,0.002085
b9,L2,79,474550.484749,474550.615017,474550.663211,met,0.000940
b9,L1,119,474551.484771,474551.603456,474551.654032,met,0.001630
b9,L1,120,474553.484771,474553.582888,474553.633503,met,0.003461
b9,L2,80,474553.484749,474553.619022,474553.667505,met,0.001131
b9,L1,121,474555.484771,474555.576854,474555.631656,met,0.002342
b9,L2,81,474556.484749,474556.575108,474556.625829,met,0.001244
b9,L1,122,474557.484771,474557.635701,474557.683265,met,0.001320
b9,L1,123,474559.484771,474559.586787,474559.672827,met,0.004425
b9,L2,82,474559.484749,474559.649169,474559.727822,met,0.001270
b9,L1,124,474561.484771,474561.689449,474561.799379,met,0.003402
b9,L2,83,474562.484749,474562.647061,474562.717792,met,0.001559
b9,L1,125,474563.484771,474563.683071,474563.729039,met,0.001350
b9,L2,84,474565.484749,474565.567911,474565.617633,met,0.000875
b9,L1,126,474565.484771,474565.574987,474565.623925,met,0.001660
b9,L1,127,474567.484771,474567.572941,474567.649479,met,0.002205
b9,L2,85,474568.484749,474568.567519,474568.619223,met,0.000888
b9,L1,128,474569.484771,474569.658506,474569.722650,met,0.002036
b9,L2,86,474571.484749,474571.609608,474571.684328,met,0.001479
b9,L1,129,474571.484771,474571.648478,474571.733631,met,0.001553
b9,L1,130,474573.484771,474573.609754,474573.661031,met,0.003149
b9,L2,87,474574.484749,474574.669841,474574.717140,met,0.000865
b9,L1,131,474575.484771,474575.568077,474575.617313,met,0.001883
b9,L1,132,474577.484771,474577.562816,474577.612622,met,0.003096
b9,L2,88,474577.484749,474577.612707,474577.662066,met,0.000776
b9,L1,133,474579.484771,474579.584658,474580.221294,missed,0.555421
b9,L2,89,474580.484749,474580.619649,474581.149106,met,0.459659
b9,L1,134,474581.484771,474581.647430,474581.720248,met,0.003163
b9,L1,135,474583.484771,474583.668449,474583.719700,met,0.001996
b9,L2,90,474583.484749,474583.668245,474583.719720,met,0.001371
b9,L1,136,474585.484771,474585.649678,474585.699056,met,0.003325
b9,L2,91,474586.484749,474586.625108,474586.671213,met,0.001316
b9,L1,137,474587.484771,474587.575242,474587.626135,met,0.002616
b9,L2,92,474589.484749,474589.588120,474589.655548,met,0.001331
b9,L1,138,474589.484771,474589.615478,474589.675937,met,0.001710
b9,L1,139,474591.484771,474591.656627,474591.716447,met,0.006070
b9,L2,93,474592.484749,474592.644075,474592.691911,met,0.001290
b9,L1,140,474593.484771,474593.602693,474593.658541,met,0.003537
b9,L2,94,474595.484749,474595.571300,474595.620522,met,0.001324
b9,L1,141,474595.484771,474595.638574,474595.690314,met,0.001386
b9,L1,142,474597.484771,474597.634114,474597.684278,met,0.003500
b9,L2,95,474598.484749,474598.584745,474598.641235,met,0.000935
b9,L1,143,474599.484771,474599.583722,474599.652526,met,0.002853
b9,L2,96,474601.484749,474601.636185,474601.685143,met,0.001297
b9,L1,144,474601.484771,474601.642614,474601.695087,met,0.004116
b9,L1,145,474603.484771,474603.600209,474603.653554,met,0.003276
b9,L2,97,474604.484749,474604.586374,474604.725187,met,0.005274
b9,L1,146,474605.484771,474605.641222,474605.690279,met,0.003207
b9,L1,147,474607.484771,474607.635064,474607.723092,met,0.003157
b9,L2,98,474607.484749,474607.679297,474607.760062,met,0.001255
b9,L1,148,474609.484771,474609.612624,474609.693734,met,0.003882
b9,L1,149,474611.484771,474611.654238,474612.303769,missed,0.573539
b9,L2,99,474610.484749,474610.654998,474612.812546,missed,2.075493
b10,L2,0,474613.597797,474613.724987,474613.857596,met,0.044997
b10,L1,0,474613.597297,474613.726269,474613.858178,met,0.042365
b10,L1,1,474615.597297,474615.790834,474615.840220,met,0.000966
b10,L2,1,474616.597797,474616.784354,474616.842443,met,0.000924
b10,L1,2,474617.597297,474617.726774,474618.239769,met,0.430094
b10,L1,3,474619.597297,474619.772297,474619.847119,met,0.003758
b10,L2,2,474619.597797,474619.772210,474619.847119,met,0.004285
b10,L1,4,474621.597297,474621.760374,474621.812444,met,0.001835
b10,L2,3,474622.597797,474622.737745,474622.787472,met,0.001431
b10,L1,5,474623.597297,474623.735141,474623.805988,met,0.003815
b10,L1,6,474625.597297,474625.709927,474625.821912,met,0.004255
b10,L2,4,474625.597797,474625.731089,474625.841340,met,0.001844
b10,L1,7,474627.597297,474627.784825,474627.836326,met,0.001544
b10,L2,5,474628.597797,474628.785227,474628.834569,met,0.001281
b10,L1,8,474629.597297,474629.719214,474629.771861,met,0.003215
b10,L1,9,474631.597297,474631.702843,474631.790473,met,0.003394
b10,L2,6,474631.597797,474631.768711,474631.830707,met,0.001143
b10,L1,10,474633.597297,474633.749525,474633.826647,met,0.003714
b10,L2,7,474634.597797,474634.762223,474634.813177,met,0.001289
b10,L1,11,474635.597297,474635.786701,474635.840869,met,0.003466
b10,L2,8,474637.597797,474637.705270,474637.781684,met,0.001204
b10,L1,12,474637.597297,474637.740971,474637.814340,met,0.003530
b10,L1,13,474639.597297,474639.741984,474639.796980,met,0.004326
b10,L2,9,474640.597797,474640.756451,474640.808043,met,0.001153
b10,L1,14,474641.597297,474641.754457,474641.819559,met,0.003159
b10,L1,15,474643.597297,474643.778547,474644.443280,missed,0.563041
b10,L2,10,474643.597797,474643.748090,474644.897966,met,1.088067
b10,L1,16,474645.597297,474645.789748,474645.840341,met,0.001354
b10,L2,11,474646.597797,474646.763620,474646.835722,met,0.000989
b10,L1,17,474647.597297,474647.775135,474647.860995,met,0.003180
b10,L1,18,474649.597297,474649.772005,474649.923631,met,0.057627
b10,L2,12,474649.597797,474649.783454,474649.924896,met,0.050283
b10,L1,19,474651.597297,474651.792475,474651.845972,met,0.002380
b10,L2,13,474652.597797,474652.789356,474652.836237,met,0.000955
b10,L1,20,474653.597297,474653.747471,474653.802746,met,0.009420
b10,L2,14,474655.597797,474655.722987,474655.820250,met,0.043389
b10,L1,21,474655.597297,474655.722957,474655.820218,met,0.044669
b10,L1,22,474657.597297,474657.740258,474657.821115,met,0.032113
b10,L2,15,474658.597797,474658.726275,474658.839974,met,0.043977
b10,L1,23,474659.597297,474659.747260,474659.873336,met,0.058445
b10,L1,24,474661.597297,474661.757816,474661.821845,met,0.015270
b10,L2,16,474661.597797,474661.753879,474661.821655,met,0.017174
b10,L1,25,474663.597297,474663.700868,474663.760562,met,0.003029
b10,L2,17,474664.597797,474664.694306,474664.773416,met,0.001675
b10,L1,26,474665.597297,474665.784845,474665.833957,met,0.001986
b10,L2,18,474667.597797,474667.691098,474667.743718,met,0.001153
b10,L1,27,474667.597297,474667.704435,474667.752369,met,0.001402
b10,L1,28,474669.597297,474669.689326,474669.777247,met,0.009350
b10,L2,19,474670.597797,474670.690214,474670.765896,met,0.001290
b10,L1,29,474671.597297,474671.785192,474671.848949,met,0.002022
b10,L1,30,474673.597297,474673.721765,474673.779776,met,0.001517
b10,L2,20,474673.597797,474673.745027,474673.828751,met,0.027220
b10,L1,31,474675.597297,474675.702781,474676.365670,missed,0.575366
b10,L2,21,474676.597797,474676.709123,474676.954692,met,0.180924
b10,L1,32,474677.597297,474677.778491,474677.864962,met,0.001428
b10,L1,33,474679.597297,474679.786889,474680.462933,missed,0.564796
b10,L2,22,474679.597797,474679.763889,474680.948153,met,1.089148
b10,L1,34,474681.597297,474681.770171,474682.054398,met,0.188711
b10,L2,23,474682.597797,474682.765629,474682.863212,met,0.002296
b10,L1,35,474683.597297,474683.767985,474683.858676,met,0.001552
b10,L2,24,474685.597797,474685.772463,474685.830899,met,0.002898
b10,L1,36,474685.597297,474685.775139,474685.831253,met,0.001929
b10,L1,37,474687.597297,474687.755719,474687.810022,met,0.002844
b10,L2,25,474688.597797,474688.756319,474688.804378,met,0.001118
b10,L1,38,474689.597297,474689.714084,474690.061635,met,0.262605
b10,L2,26,474691.597797,474691.737981,474691.788329,met,0.000991
b10,L1,39,474691.597297,474691.773480,474691.856190,met,0.031510
b10,L1,40,474693.597297,474693.704526,474693.771530,met,0.003107
b10,L2,27,474694.597797,474694.685971,474694.773864,met,0.002824
b10,L1,41,474695.597297,474695.773518,474695.826043,met,0.002998
b10,L2,28,474697.597797,474697.693680,474697.753754,met,0.004878
b10,L1,42,474697.597297,474697.698333,474697.753754,met,0.005286
b10,L1,43,474699.597297,474699.722664,474699.770580,met,0.001262
b10,L2,29,474700.597797,474700.714811,474700.767030,met,0.000913
b10,L1,44,474701.597297,474701.699996,474701.755613,met,0.004033
b10,L1,45,474703.597297,474703.724416,474703.782474,met,0.001917
b10,L2,30,474703.597797,474703.724600,474703.783014,met,0.002093
b10,L1,46,474705.597297,474705.698243,474705.751012,met,0.002927
b10,L2,31,474706.597797,474706.734245,474707.483215,met,0.685245
b10,L1,47,474707.597297,474707.738066,474707.807939,met,0.018631
b10,L2,32,474709.597797,474709.680641,474709.730877,met,0.001038
b10,L1,48,474709.597297,474709.735136,474709.784032,met,0.002666
b10,L1,49,474711.597297,474711.675872,474711.728788,met,0.003590
b10,L2,33,474712.597797,474712.684557,474712.761250,met,0.026742
b10,L1,50,474713.597297,474713.744101,474713.791348,met,0.001746
b10,L1,51,474715.597297,474715.699337,474715.751504,met,0.001428
b10,L2,34,474715.597797,474715.707487,474715.760820,met,0.001322
b10,L1,52,474717.597297,474717.716194,474717.803886,met,0.036639
b10,L2,35,474718.597797,474718.753062,474718.804965,met,0.000980
b10,L1,53,474719.597297,474719.724960,474719.782320,met,0.002509
b10,L2,36,474721.597797,474721.735196,474721.792716,met,0.002155
b10,L1,54,474721.597297,474721.735192,474721.792894,met,0.001504
b10,L1,55,474723.597297,474723.750234,474723.805313,met,0.005722
b10,L2,37,474724.597797,474724.710044,474724.761160,met,0.001407
b10,L1,56,474725.597297,474725.704014,474725.763580,met,0.002102
b10,L1,57,474727.597297,474727.701068,474727.792914,met,0.036641
b10,L2,38,474727.597797,474727.701189,474727.825292,met,0.069596
b10,L1,58,474729.597297,474729.739937,474729.816254,met,0.018542
b10,L2,39,474730.597797,474730.751611,474730.805106,met,0.001906
b10,L1,59,474731.597297,474731.692808,474731.759719,met,0.011815
b10,L1,60,474733.597297,474733.687356,474733.738725,met,0.004132
b10,L2,40,474733.597797,474733.692858,474733.739092,met,0.001304
b10,L1,61,474735.597297,474735.756805,474735.808912,met,0.003353
b10,L2,41,474736.597797,474736.752679,474736.802041,met,0.000918
b10,L1,62,474737.597297,474737.735574,474738.385692,missed,0.573661
b10,L2,42,474739.597797,474739.714927,474739.770975,met,0.001885
b10,L1,63,474739.597297,474739.745311,474739.799422,met,0.001113
b10,L1,64,474741.597297,474741.749868,474741.806094,met,0.002009
b10,L2,43,474742.597797,474742.688593,474742.742322,met,0.001201
b10,L1,65,474743.597297,474743.701566,474743.754173,met,0.003314
b10,L1,66,474745.597297,474745.714101,474745.773910,met,0.003599
b10,L2,44,474745.597797,474745.714118,474745.774386,met,0.004243
b10,L1,67,474747.597297,474747.725959,474747.778478,met,0.001451
b10,L2,45,474748.597797,474748.723629,474748.775515,met,0.001574
b10,L1,68,474749.597297,474749.722759,474749.782265,met,0.003762
b10,L1,69,474751.597297,474751.731226,474752.115683,met,0.323237
b10,L2,46,474751.597797,474751.731115,474752.115965,met,0.324126
b10,L1,70,474753.597297,474753.740304,474753.789792,met,0.004553
b10,L2,47,474754.597797,474754.693747,474754.744301,met,0.001549
b10,L1,71,474755.597297,474755.718783,474755.771162,met,0.004343
b10,L1,72,474757.597297,474757.727040,474757.777229,met,0.001576
b10,L2,48,474757.597797,474757.736155,474757.786842,met,0.001180
b10,L1,73,474759.597297,474759.688906,474759.740826,met,0.003406
b10,L2,49,474760.597797,474760.710937,474760.759274,met,0.001182
b10,L1,74,474761.597297,474761.672799,474761.726169,met,0.003975
b10,L1,75,474763.597297,474763.719178,474763.773133,met,0.004483
b10,L2,50,474763.597797,474763.736267,474763.786493,met,0.001268
b10,L1,76,474765.597297,474765.709071,474765.758645,met,0.003706
b10,L2,51,474766.597797,474766.709880,474766.758048,met,0.001287
b10,L1,77,474767.597297,474767.707752,474767.758756,met,0.004475
b10,L1,78,474769.597297,474769.743049,474770.389534,missed,0.565897
b10,L2,52,474769.597797,474769.742944,474770.667663,met,0.863802
b10,L1,79,474771.597297,474771.716695,474771.764910,met,0.001081
b10,L2,53,474772.597797,474772.738346,474772.793151,met,0.001685
b10,L1,80,474773.597297,474773.694113,474773.743766,met,0.001857
b10,L2,54,474775.597797,474775.743920,474775.796591,met,0.001973
b10,L1,81,474775.597297,474775.745173,474775.796591,met,0.001887
b10,L1,82,474777.597297,474777.693037,474777.744520,met,0.002631
b10,L2,55,474778.597797,474778.749365,474778.802026,met,0.001264
b10,L1,83,474779.597297,474779.674951,474779.726265,met,0.001737
b10,L2,56,474781.597797,474781.703223,474781.753017,met,0.001438
b10,L1,84,474781.597297,474781.729960,474781.785730,met,0.003220
b10,L1,85,474783.597297,474783.698216,474783.753469,met,0.002932
b10,L2,57,474784.597797,474784.711820,474784.767320,met,0.001173
b10,L1,86,474785.597297,474785.685815,474785.737999,met,0.001919
b10,L2,58,474787.597797,474787.677088,474787.735564,met,0.003151
b10,L1,87,474787.597297,474787.687329,474787.744394,met,0.001337
b10,L1,88,474789.597297,474789.746311,474789.817293,met,0.003397
b10,L2,59,474790.597797,474790.689827,474790.739118,met,0.002298
b10,L1,89,474791.597297,474791.770527,474791.821468,met,0.003784
b10,L1,90,474793.597297,474793.738535,474793.796868,met,0.001337
b10,L2,60,474793.597797,474793.738651,474793.796870,met,0.001616
b10,L1,91,474795.597297,474795.723582,474795.777855,met,0.002056
b10,L2,61,474796.597797,474796.708066,474796.756064,met,0.002346
b10,L1,92,474797.597297,474797.711752,474797.759253,met,0.001669
b10,L1,93,474799.597297,474799.714862,474799.765988,met,0.002407
b10,L2,62,474799.597797,474799.718693,474799.766117,met,0.000798
b10,L1,94,474801.597297,474801.689528,474801.970559,met,0.215537
b10,L2,63,474802.597797,474802.757122,474802.806727,met,0.000853
b10,L1,95,474803.597297,474803.680555,474803.729625,met,0.000941
b10,L1,96,474805.597297,474805.665488,474805.717688,met,0.003423
b10,L2,64,474805.597797,474805.686137,474805.736611,met,0.001252
b10,L1,97,474807.597297,474807.729303,474807.823597,met,0.045665
b10,L2,65,474808.597797,474808.719392,474808.770888,met,0.001143
b10,L1,98,474809.597297,474809.676758,474809.725178,met,0.001279
b10,L1,99,474811.597297,474811.712393,474811.765755,met,0.004126
b10,L2,66,474811.597797,474811.712367,474811.765778,met,0.001126
b10,L1,100,474813.597297,474813.742417,474813.822457,met,0.032533
b10,L2,67,474814.597797,474814.737957,474814.786214,met,0.001427
b10,L1,101,474815.597297,474815.744936,474815.794133,met,0.001538
b10,L1,102,474817.597297,474817.723467,474817.783709,met,0.003982
b10,L2,68,474817.597797,474817.734922,474817.790335,met,0.001177
b10,L1,103,474819.597297,474819.714865,474819.823864,met,0.059924
b10,L2,69,474820.597797,474820.690180,474820.737876,met,0.001210
b10,L1,104,474821.597297,474821.747354,474821.797969,met,0.001357
b10,L1,105,474823.597297,474823.677911,474823.756661,met,0.025975
b10,L2,70,474823.597797,474823.724989,474823.780376,met,0.006768
b10,L1,106,474825.597297,474825.731199,474825.780949,met,0.002619
b10,L2,71,474826.597797,474826.746570,474826.797386,met,0.000860
b10,L1,107,474827.597297,474827.681967,474827.765494,met,0.037590
b10,L1,108,474829.597297,474829.678330,474829.770576,met,0.035735
b10,L2,72,474829.597797,474829.678265,474829.770844,met,0.035875
b10,L1,109,474831.597297,474831.687697,474832.330962,missed,0.570110
b10,L2,73,474832.597797,474832.721333,474833.271921,met,0.486333
b10,L1,110,474833.597297,474833.689181,474833.738322,met,0.000911
b10,L2,74,474835.597797,474835.688388,474835.742356,met,0.001229
b10,L1,111,474835.597297,474835.726659,474835.777201,met,0.001964
b10,L1,112,474837.597297,474837.710152,474837.762171,met,0.003027
b10,L2,75,474838.597797,474838.680171,474838.728602,met,0.001154
b10,L1,113,474839.597297,474839.735932,474839.787999,met,0.002835
b10,L2,76,474841.597797,474841.688944,474841.738020,met,0.001339
b10,L1,114,474841.597297,474841.723661,474841.769798,met,0.001344
b10,L1,115,474843.597297,474843.678470,474843.727645,met,0.004109
b10,L2,77,474844.597797,474844.703569,474844.752119,met,0.001241
b10,L1,116,474845.597297,474845.688765,474845.739528,met,0.004522
b10,L2,78,474847.597797,474847.689520,474847.737895,met,0.001598
b10,L1,117,474847.597297,474847.695446,474847.743687,met,0.001681
b10,L1,118,474849.597297,474849.744703,474849.795145,met,0.002767
b10,L2,79,474850.597797,474850.683157,474850.729159,met,0.001533
b10,L1,119,474851.597297,474851.710567,474851.759278,met,0.003442
b10,L1,120,474853.597297,474853.696811,474853.746907,met,0.003665
b10,L2,80,474853.597797,474853.710110,474853.757923,met,0.001162
b10,L1,121,474855.597297,474855.737582,474855.788296,met,0.004399
b10,L2,81,474856.597797,474856.696329,474856.741987,met,0.001278
b10,L1,122,474857.597297,474857.745414,474857.796037,met,0.003187
b10,L2,82,474859.597797,474859.678672,474859.729028,met,0.001265
b10,L1,123,474859.597297,474859.724742,474859.777156,met,0.002576
b10,L1,124,474861.597297,474861.738108,474861.787906,met,0.003214
b10,L2,83,474862.597797,474862.722793,474862.771302,met,0.001431
b10,L1,125,474863.597297,474863.748710,474864.185622,met,0.375186
b10,L1,126,474865.597297,474865.688838,474865.744629,met,0.002427
b10,L2,84,474865.597797,474865.726299,474865.780262,met,0.001044
b10,L1,127,474867.597297,474867.746131,474867.799042,met,0.003948
b10,L2,85,474868.597797,474868.746160,474868.797634,met,0.001262
b10,L1,128,474869.597297,474869.747938,474869.801394,met,0.004668
b10,L2,86,474871.597797,474871.706521,474871.753967,met,0.001727
b10,L1,129,474871.597297,474871.732380,474871.779615,met,0.002584
b10,L1,130,474873.597297,474873.704354,474873.753261,met,0.003532
b10,L2,87,474874.597797,474874.678644,474874.726318,met,0.001230
b10,L1,131,474875.597297,474875.735117,474875.783148,met,0.003146
b10,L2,88,474877.597797,474877.683727,474877.731857,met,0.001249
b10,L1,132,474877.597297,474877.690428,474877.740997,met,0.004038
b10,L1,133,474879.597297,474879.714043,474879.766217,met,0.003666
b10,L2,89,474880.597797,474880.690225,474880.738440,met,0.001128
b10,L1,134,474881.597297,474881.705529,474881.765702,met,0.001515
b10,L2,90,474883.597797,474883.679978,474883.740624,met,0.005053
b10,L1,135,474883.597297,474883.683509,474883.740728,met,0.004266
b10,L1,136,474885.597297,474885.693238,474885.746064,met,0.004402
b10,L2,91,474886.597797,474886.680101,474886.727769,met,0.001526
b10,L1,137,474887.597297,474887.690106,474887.738605,met,0.001330
b10,L2,92,474889.597797,474889.719523,474889.771149,met,0.001169
b10,L1,138,474889.597297,474889.719687,474889.773680,met,0.004343
b10,L1,139,474891.597297,474891.677989,474892.324031,missed,0.574129
b10,L2,93,474892.597797,474892.753783,474892.799404,met,0.001131
b10,L1,140,474893.597297,474893.686398,474893.737100,met,0.004114
b10,L2,94,474895.597797,474895.682463,474895.733096,met,0.002499
b10,L1,141,474895.597297,474895.725343,474895.778081,met,0.002853
b10,L1,142,474897.597297,474897.726300,474897.773740,met,0.001307
b10,L2,95,474898.597797,474898.684952,474898.732839,met,0.001217
b10,L1,143,474899.597297,474899.745044,474899.791847,met,0.001505
b10,L1,144,474901.597297,474901.705350,474901.754512,met,0.001864
b10,L2,96,474901.597797,474901.732337,474901.784353,met,0.001017
b10,L1,145,474903.597297,474903.730898,474903.777015,met,0.000900
b10,L2,97,474904.597797,474904.713243,474904.761517,met,0.001012
b10,L1,146,474905.597297,474905.682739,474905.804502,met,0.077813
b10,L1,147,474907.597297,474907.744464,474907.803584,met,0.002002
b10,L2,98,474907.597797,474907.744434,474907.803363,met,0.002298
b10,L1,148,474909.597297,474909.760087,474909.808416,met,0.001174
b10,L2,99,474910.597797,474910.771497,474910.899054,met,0.000918
b10,L1,149,474911.597297,474911.717654,474911.791830,met,0.020479
b11,L2,0,474912.211249,474912.281381,474912.361414,met,0.001861
b11,L1,0,474912.211337,474912.281080,474912.361315,met,0.001294
b11,L1,1,474914.211337,474914.394940,474915.090686,missed,0.574186
b11,L2,1,474915.211249,474915.353799,474916.038250,met,0.616251
b11,L1,2,474916.211337,474916.358392,474916.603558,met,0.163034
b11,L2,2,474918.211249,474918.329250,474918.394382,met,0.001100
b11,L1,3,474918.211337,474918.361061,474918.461803,met,0.002071
b11,L1,4,474920.211337,474920.329487,474920.389312,met,0.001877
b11,L2,3,474921.211249,474921.339765,474921.392850,met,0.001095
b11,L1,5,474922.211337,474922.298617,474922.345480,met,0.001778
b11,L2,4,474924.211249,474924.303009,474924.357829,met,0.001099
b11,L1,6,474924.211337,474924.303316,474924.358307,met,0.002187
b11,L1,7,474926.211337,474926.379316,474927.040384,missed,0.574589
b11,L2,5,474927.211249,474927.313359,474927.366728,met,0.000925
b11,L1,8,474928.211337,474928.305000,474928.352742,met,0.002175
b11,L1,9,474930.211337,474930.335696,474930.426133,met,0.003517
b11,L2,6,474930.211249,474930.345331,474930.442882,met,0.001148
b11,L1,10,474932.211337,474932.350106,474932.403406,met,0.001905
b11,L2,7,474933.211249,474933.315032,474933.380979,met,0.000975
b11,L1,11,474934.211337,474934.310511,474934.361068,met,0.003574
b11,L2,8,474936.211249,474936.313233,474936.366167,met,0.001062
b11,L1,12,474936.211337,474936.332187,474936.384774,met,0.003194
b11,L1,13,474938.211337,474938.305768,474938.358404,met,0.003369
b11,L2,9,474939.211249,474939.340609,474939.387423,met,0.000914
b11,L1,14,474940.211337,474940.303112,474940.368795,met,0.002221
b11,L2,10,474942.211249,474942.369761,474942.423797,met,0.000833
b11,L1,15,474942.211337,474942.380369,474942.436549,met,0.001988
b11,L1,16,474944.211337,474944.370367,474944.459159,met,0.001948
b11,L2,11,474945.211249,474945.349878,474945.414185,met,0.008254
b11,L1,17,474946.211337,474946.287218,474946.335728,met,0.003662
b11,L2,12,474948.211249,474948.348566,474948.401270,met,0.000856
b11,L1,18,474948.211337,474948.356766,474948.410149,met,0.002256
b11,L1,19,474950.211337,474950.364644,474950.415294,met,0.001125
b11,L2,13,474951.211249,474951.338214,474951.395080,met,0.005611
b11,L1,20,474952.211337,474952.314224,474952.437163,met,0.078528
b11,L1,21,474954.211337,474954.337781,474954.402853,met,0.013544
b11,L2,14,474954.211249,474954.345284,474954.402839,met,0.004579
b11,L1,22,474956.211337,474956.320574,474956.404075,met,0.038621
b11,L2,15,474957.211249,474957.363729,474958.336164,met,0.908940
b11,L1,23,474958.211337,474958.348886,474958.750050,met,0.334250
b11,L1,24,474960.211337,474960.325486,474960.373802,met,0.001364
b11,L2,16,474960.211249,474960.354585,474960.404556,met,0.001270
b11,L1,25,474962.211337,474962.314120,474962.555124,met,0.181283
b11,L2,17,474963.211249,474963.362478,474963.411743,met,0.001414
b11,L1,26,474964.211337,474964.347634,474964.397910,met,0.003216
b11,L1,27,474966.211337,474966.326060,474966.372132,met,0.002789
b11,L2,18,474966.211249,474966.322352,474966.372136,met,0.001803
b11,L1,28,474968.211337,474968.365334,474968.415322,met,0.001532
b11,L2,19,474969.211249,474969.331554,474969.384927,met,0.001024
b11,L1,29,474970.211337,474970.287267,474970.334315,met,0.004015
b11,L2,20,474972.211249,474972.301656,474972.345048,met,0.001213
b11,L1,30,474972.211337,474972.297742,474972.345071,met,0.002179
b11,L1,31,474974.211337,474974.290851,474974.336813,met,0.003719
b11,L2,21,474975.211249,474975.292718,474975.339256,met,0.001285
b11,L1,32,474976.211337,474976.393469,474976.456908,met,0.001930
b11,L1,33,474978.211337,474978.338947,474978.393750,met,0.003253
b11,L2,22,474978.211249,474978.348966,474978.404844,met,0.001439
b11,L1,34,474980.211337,474980.287308,474980.336141,met,0.003058
b11,L2,23,474981.211249,474981.318853,474981.363561,met,0.001257
b11,L1,35,474982.211337,474982.331586,474982.380838,met,0.001219
b11,L2,24,474984.211249,474984.308088,474984.352007,met,0.001153
b11,L1,36,474984.211337,474984.321623,474984.369228,met,0.004202
b11,L1,37,474986.211337,474986.322116,474986.376540,met,0.004346
b11,L2,25,474987.211249,474987.329464,474987.378180,met,0.001220
b11,L1,38,474988.211337,474988.330241,474988.972801,missed,0.573364
b11,L2,26,474990.211249,474990.340616,474990.397404,met,0.002090
b11,L1,39,474990.211337,474990.344626,474990.397370,met,0.001618
b11,L1,40,474992.211337,474992.364230,474992.413377,met,0.001813
b11,L2,27,474993.211249,474993.371025,474993.416613,met,0.000963
b11,L1,41,474994.211337,474994.305644,474994.348676,met,0.001304
b11,L2,28,474996.211249,474996.347840,474996.398605,met,0.001165
b11,L1,42,474996.211337,474996.351787,474996.400649,met,0.003226
b11,L1,43,474998.211337,474998.316989,474998.362404,met,0.001544
b11,L2,29,474999.211249,474999.309461,474999.352270,met,0.001215
b11,L1,44,475000.211337,475000.347054,475000.398196,met,0.004005
b11,L1,45,475002.211337,475002.338246,475002.388260,met,0.003567
b11,L2,30,475002.211249,475002.351950,475002.402018,met,0.001338
b11,L1,46,475004.211337,475004.360302,475004.410492,met,0.001668
b11,L2,31,475005.211249,475005.321993,475005.366878,met,0.001124
b11,L1,47,475006.211337,475006.314892,475006.360710,met,0.003192
b11,L2,32,475008.211249,475008.289386,475008.334378,met,0.001150
b11,L1,48,475008.211337,475008.297636,475008.345148,met,0.002197
b11,L1,49,475010.211337,475010.337306,475010.389656,met,0.004236
b11,L2,33,475011.211249,475011.288932,475011.330790,met,0.001176
b11,L1,50,475012.211337,475012.305558,475012.352583,met,0.002939
b11,L2,34,475014.211249,475014.289214,475014.343083,met,0.003235
b11,L1,51,475014.211337,475014.289249,475014.343174,met,0.002847
b11,L1,52,475016.211337,475016.294715,475016.339682,met,0.002994
b11,L2,35,475017.211249,475017.333824,475017.380840,met,0.001327
b11,L1,53,475018.211337,475018.346218,475018.398343,met,0.003187
b11,L1,54,475020.211337,475020.287596,475020.916114,missed,0.557884
b11,L2,36,475020.211249,475020.344401,475021.341059,met,0.929333
b11,L1,55,475022.211337,475022.289671,475022.339807,met,0.001115
b11,L2,37,475023.211249,475023.292494,475023.336530,met,0.001100
b11,L1,56,475024.211337,475024.369041,475024.418924,met,0.003120
b11,L2,38,475026.211249,475026.293224,475026.352785,met,0.015478
b11,L1,57,475026.211337,475026.290008,475026.352852,met,0.015857
b11,L1,58,475028.211337,475028.354476,475028.404371,met,0.002884
b11,L2,39,475029.211249,475029.297291,475029.340816,met,0.000839
b11,L1,59,475030.211337,475030.361511,475030.650550,met,0.222412
b11,L1,60,475032.211337,475032.296861,475032.349503,met,0.005942
b11,L2,40,475032.211249,475032.301797,475032.349628,met,0.002597
b11,L1,61,475034.211337,475034.338970,475034.387580,met,0.001522
b11,L2,41,475035.211249,475035.357013,475035.408201,met,0.001293
b11,L1,62,475036.211337,475036.299321,475036.395885,met,0.051904
b11,L1,63,475038.211337,475038.332562,475038.390567,met,0.008474
b11,L2,42,475038.211249,475038.332350,475038.390823,met,0.008986
b11,L1,64,475040.211337,475040.331054,475040.381152,met,0.003368
b11,L2,43,475041.211249,475041.314589,475041.361378,met,0.005224
b11,L1,65,475042.211337,475042.343918,475042.393365,met,0.002234
b11,L2,44,475044.211249,475044.288258,475044.330884,met,0.001122
b11,L1,66,475044.211337,475044.342007,475044.399115,met,0.004154
b11,L1,67,475046.211337,475046.302453,475046.417115,met,0.059093
b11,L2,45,475047.211249,475047.354735,475047.409175,met,0.001224
b11,L1,68,475048.211337,475048.319381,475048.373322,met,0.002660
b11,L2,46,475050.211249,475050.278803,475050.331014,met,0.001156
b11,L1,69,475050.211337,475050.295360,475050.344387,met,0.001255
b11,L1,70,475052.211337,475052.368805,475053.023819,missed,0.571116
b11,L2,47,475053.211249,475053.341199,475053.406887,met,0.001001
b11,L1,71,475054.211337,475054.426004,475054.480615,met,0.001147
b11,L2,48,475056.211249,475056.399618,475056.458273,met,0.000998
b11,L1,72,475056.211337,475056.416214,475056.471181,met,0.001940
b11,L1,73,475058.211337,475058.441296,475058.495798,met,0.001907
b11,L2,49,475059.211249,475059.442336,475059.510463,met,0.001911
b11,L1,74,475060.211337,475060.432487,475060.505593,met,0.004203
b11,L1,75,475062.211337,475062.385537,475062.439525,met,0.001924
b11,L2,50,475062.211249,475062.385469,475062.439525,met,0.002249
b11,L1,76,475064.211337,475064.422446,475064.491739,met,0.003059
b11,L2,51,475065.211249,475065.457397,475065.503389,met,0.001298
b11,L1,77,475066.211337,475066.283810,475066.369031,met,0.038903
b11,L2,52,475068.211249,475068.391175,475068.450346,met,0.004008
b11,L1,78,475068.211337,475068.391157,475068.450345,met,0.003413
b11,L1,79,475070.211337,475070.351129,475070.884086,met,0.472604
b11,L2,53,475071.211249,475071.332244,475071.375369,met,0.001199
b11,L1,80,475072.211337,475072.430509,475072.484255,met,0.003219
b11,L1,81,475074.211337,475074.334241,475074.385844,met,0.003293
b11,L2,54,475074.211249,475074.347975,475074.396067,met,0.001344
b11,L1,82,475076.211337,475076.380929,475076.428939,met,0.001583
b11,L2,55,475077.211249,475077.364646,475077.415620,met,0.001278
b11,L1,83,475078.211337,475078.437206,475078.488706,met,0.003736
b11,L2,56,475080.211249,475080.409510,475080.470340,met,0.003915
b11,L1,84,475080.211337,475080.409406,475080.470102,met,0.003394
b11,L1,85,475082.211337,475082.299226,475082.343414,met,0.001550
b11,L1,86,475084.211337,475084.406677,475084.515525,met,0.043665
b11,L2,57,475083.211249,475083.402283,475084.515870,met,1.060871
b11,L2,58,475086.211249,475086.351882,475086.402539,met,0.001027
b11,L1,87,475086.211337,475086.435272,475086.518282,met,0.023761
b11,L1,88,475088.211337,475088.362887,475088.414186,met,0.002532
b11,L2,59,475089.211249,475089.415546,475089.493017,met,0.032349
b11,L1,89,475090.211337,475090.314736,475090.425084,met,0.063810
b11,L2,60,475092.211249,475092.337130,475092.388090,met,0.001398
b11,L1,90,475092.211337,475092.422323,475092.509410,met,0.040579
b11,L1,91,475094.211337,475094.390886,475094.438188,met,0.002184
b11,L2,61,475095.211249,475095.308650,475095.352939,met,0.001148
b11,L1,92,475096.211337,475096.433550,475096.499840,met,0.017641
b11,L1,93,475098.211337,475098.425515,475098.522566,met,0.045790
b11,L2,62,475098.211249,475098.425500,475098.522608,met,0.045609
b11,L1,94,475100.211337,475100.287061,475100.349418,met,0.004567
b11,L2,63,475101.211249,475101.436037,475102.028660,met,0.468785
b11,L1,95,475102.211337,475102.311952,475102.375499,met,0.000996
b11,L2,64,475104.211249,475104.400579,475104.495793,met,0.028719
b11,L1,96,475104.211337,475104.410834,475104.496458,met,0.023756
b11,L1,97,475106.211337,475106.387589,475106.449490,met,0.001510
b11,L2,65,475107.211249,475107.373187,475107.419280,met,0.001163
b11,L1,98,475108.211337,475108.302868,475108.452213,met,0.098849
b11,L2,66,475110.211249,475110.335791,475110.383831,met,0.001309
b11,L1,99,475110.211337,475110.343846,475110.397337,met,0.004293
b11,L1,100,475112.211337,475112.295708,475112.345810,met,0.003122
b11,L2,67,475113.211249,475113.294452,475113.341191,met,0.001325
b11,L1,101,475114.211337,475114.311247,475114.950370,missed,0.572491
b11,L2,68,475116.211249,475116.300270,475116.353654,met,0.000900
b11,L1,102,475116.211337,475116.337706,475116.461504,met,0.049064
b11,L1,103,475118.211337,475118.298775,475118.349875,met,0.001423
b11,L2,69,475119.211249,475119.411955,475119.483201,met,0.001011
b11,L1,104,475120.211337,475120.297364,475120.427220,met,0.003211
b11,L2,70,475122.211249,475122.360930,475122.454123,met,0.030779
b11,L1,105,475122.211337,475122.443957,475122.509197,met,0.002554
b11,L1,106,475124.211337,475124.356441,475124.434395,met,0.030772
b11,L2,71,475125.211249,475125.374570,475125.431708,met,0.005621
b11,L1,107,475126.211337,475126.317795,475126.366743,met,0.003096
b11,L2,72,475128.211249,475128.304760,475128.355312,met,0.001150
b11,L1,108,475128.211337,475128.322639,475128.374431,met,0.003136
b11,L1,109,475130.211337,475130.305411,475130.454869,met,0.096315
b11,L2,73,475131.211249,475131.296379,475131.341290,met,0.001153
b11,L1,110,475132.211337,475132.337910,475132.747619,met,0.347421
b11,L2,74,475134.211249,475134.286748,475134.337995,met,0.001137
b11,L1,111,475134.211337,475134.291458,475134.343706,met,0.004270
b11,L1,112,475136.211337,475136.314824,475136.360130,met,0.003204
b11,L2,75,475137.211249,475137.304618,475137.349398,met,0.001179
b11,L1,113,475138.211337,475138.351362,475138.397063,met,0.003002
b11,L2,76,475140.211249,475140.335886,475140.387086,met,0.002673
b11,L1,114,475140.211337,475140.335599,475140.386998,met,0.002356
b11,L1,115,475142.211337,475142.349310,475142.400687,met,0.001743
b11,L2,77,475143.211249,475143.333561,475143.381226,met,0.001518
b11,L1,116,475144.211337,475144.287427,475144.333586,met,0.002558
b11,L2,78,475146.211249,475146.298857,475146.830532,met,0.461973
b11,L1,117,475146.211337,475146.299862,475146.830521,met,0.461566
b11,L1,118,475148.211337,475148.293759,475148.340195,met,0.001180
b11,L2,79,475149.211249,475149.319906,475149.370387,met,0.001249
b11,L1,119,475150.211337,475150.328055,475150.377137,met,0.003297
b11,L1,120,475152.211337,475152.320757,475152.373265,met,0.003614
b11,L2,80,475152.211249,475152.320613,475152.373334,met,0.001208
b11,L1,121,475154.211337,475154.295959,475154.342196,met,0.003436
b11,L2,81,475155.211249,475155.307670,475155.355388,met,0.001136
b11,L1,122,475156.211337,475156.328958,475156.376502,met,0.003351
b11,L2,82,475158.211249,475158.301734,475158.351601,met,0.001154
b11,L1,123,475158.211337,475158.334252,475158.381573,met,0.003097
b11,L1,124,475160.211337,475160.342695,475160.392779,met,0.002557
b11,L2,83,475161.211249,475161.286185,475161.331102,met,0.001182
b11,L1,125,475162.211337,475162.363932,475162.411548,met,0.002928
b11,L2,84,475164.211249,475164.288417,475164.339298,met,0.001220
b11,L1,126,475164.211337,475164.296723,475164.350464,met,0.001338
b11,L1,127,475166.211337,475166.329443,475166.375906,met,0.002022
b11,L2,85,475167.211249,475167.313596,475167.362013,met,0.001096
b11,L1,128,475168.211337,475168.343411,475168.393483,met,0.002588
b11,L2,86,475170.211249,475170.284399,475170.336936,met,0.001272
b11,L1,129,475170.211337,475170.352066,475170.401926,met,0.001510
b11,L1,130,475172.211337,475172.356790,475172.409931,met,0.004195
b11,L2,87,475173.211249,475173.313041,475173.360802,met,0.001154
b11,L1,131,475174.211337,475174.348114,475174.396328,met,0.001336
b11,L1,132,475176.211337,475176.297587,475176.356594,met,0.001766
b11,L2,88,475176.211249,475176.297646,475176.356532,met,0.001209
b11,L1,133,475178.211337,475178.359926,475178.412112,met,0.003297
b11,L2,89,475179.211249,475179.361165,475179.423089,met,0.001329
b11,L1,134,475180.211337,475180.357638,475180.408552,met,0.001328
b11,L2,90,475182.211249,475182.303659,475182.359697,met,0.001205
b11,L1,135,475182.211337,475182.333561,475182.412297,met,0.001381
b11,L1,136,475184.211337,475184.356083,475184.436937,met,0.028813
b11,L2,91,475185.211249,475185.372799,475185.425860,met,0.001210
b11,L1,137,475186.211337,475186.363804,475186.420085,met,0.003433
b11,L2,92,475188.211249,475188.359601,475188.427250,met,0.004641
b11,L1,138,475188.211337,475188.359714,475188.427250,met,0.005501
b11,L1,139,475190.211337,475190.365370,475190.422413,met,0.001760
b11,L2,93,475191.211249,475191.310106,475191.366992,met,0.001240
b11,L1,140,475192.211337,475192.305265,475192.357642,met,0.002793
b11,L2,94,475194.211249,475194.301633,475194.351956,met,0.001139
b11,L1,141,475194.211337,475194.351934,475194.405138,met,0.003080
b11,L1,142,475196.211337,475196.308527,475196.361414,met,0.001475
b11,L2,95,475197.211249,475197.318541,475197.369475,met,0.001172
b11,L1,143,475198.211337,475198.320931,475198.386410,met,0.003270
b11,L1,144,475200.211337,475200.291921,475200.365677,met,0.002301
b11,L2,96,475200.211249,475200.338433,475200.412219,met,0.001433
b11,L1,145,475202.211337,475202.308011,475202.364550,met,0.001173
b11,L2,97,475203.211249,475203.317352,475203.372054,met,0.001176
b11,L1,146,475204.211337,475204.293350,475204.343838,met,0.003057
b11,L1,147,475206.211337,475206.309541,475206.369057,met,0.003467
b11,L2,98,475206.211249,475206.309474,475206.369057,met,0.003875
b11,L1,148,475208.211337,475208.300439,475208.950962,missed,0.573047
b11,L2,99,475209.211249,475209.328231,475210.172840,met,0.789545
b11,L1,149,475210.211337,475210.307510,475210.385517,met,0.023133
b12,L2,0,475210.842388,475210.921372,475210.985009,met,0.001456
b12,L1,0,475210.842005,475210.921318,475210.985006,met,0.001052
b12,L1,1,475212.842005,475212.988054,475213.040908,met,0.003471
b12,L2,1,475213.842388,475213.963688,475214.011851,met,0.001205
b12,L1,2,475214.842005,475214.985143,475215.051375,met,0.004599
b12,L2,2,475216.842388,475216.935941,475216.987745,met,0.001159
b12,L1,3,475216.842005,475216.963253,475217.014341,met,0.002858
b12,L1,4,475218.842005,475218.980552,475219.030752,met,0.003430
b12,L2,3,475219.842388,475219.990622,475220.035561,met,0.001179
b12,L1,5,475220.842005,475220.953358,475221.005882,met,0.004205
b12,L2,4,475222.842388,475222.980633,475223.027340,met,0.001956
b12,L1,6,475222.842005,475222.976789,475223.027359,met,0.002935
b12,L1,7,475224.842005,475224.934902,475224.983042,met,0.003716
b12,L2,5,475225.842388,475225.966655,475226.011008,met,0.001183
b12,L1,8,475226.842005,475226.927665,475226.971376,met,0.001427
b12,L2,6,475228.842388,475228.943042,475228.992655,met,0.001253
b12,L1,9,475228.842005,475228.973537,475229.022535,met,0.003147
b12,L1,10,475230.842005,475230.958676,475231.004689,met,0.003473
b12,L2,7,475231.842388,475231.927625,475231.971491,met,0.001319
b12,L1,11,475232.842005,475232.927482,475232.969400,met,0.001448
b12,L1,12,475234.842005,475234.985468,475235.036038,met,0.002995
b12,L2,8,475234.842388,475234.985640,475235.036074,met,0.003520
b12,L1,13,475236.842005,475236.926805,475236.972387,met,0.003222
b12,L2,9,475237.842388,475237.994385,475238.038711,met,0.001184
b12,L1,14,475238.842005,475238.972383,475239.022552,met,0.001278
b12,L1,15,475240.842005,475240.976974,475241.217929,met,0.178777
b12,L2,10,475240.842388,475240.980717,475241.217950,met,0.179881
b12,L1,16,475242.842005,475242.926632,475242.969342,met,0.001340
b12,L2,11,475243.842388,475243.968396,475244.010299,met,0.000847
b12,L1,17,475244.842005,475244.945341,475244.993617,met,0.003130
b12,L1,18,475246.842005,475246.972989,475247.621215,missed,0.576462
b12,L2,12,475246.842388,475246.937374,475247.745660,met,0.761607
b12,L1,19,475248.842005,475248.944600,475248.997447,met,0.005190
b12,L2,13,475249.842388,475249.991077,475250.038037,met,0.001958
b12,L1,20,475250.842005,475250.992830,475251.042822,met,0.003740
b12,L2,14,475252.842388,475252.935068,475252.981231,met,0.001425
b12,L1,21,475252.842005,475252.976609,475253.022337,met,0.001729
b12,L1,22,475254.842005,475254.939257,475254.990261,met,0.001332
b12,L2,15,475255.842388,475255.950510,475256.173146,met,0.169801
b12,L1,23,475256.842005,475256.921082,475256.972142,met,0.003791
b12,L1,24,475258.842005,475258.928565,475258.977039,met,0.001079
b12,L2,16,475258.842388,475258.932731,475258.981065,met,0.000898
b12,L1,25,475260.842005,475261.013812,475261.402296,met,0.293714
b12,L2,17,475261.842388,475261.956085,475262.049709,met,0.040663
b12,L1,26,475262.842005,475262.981844,475263.030417,met,0.001794
b12,L1,27,475264.842005,475264.986971,475265.049252,met,0.001673
b12,L2,18,475264.842388,475264.986509,475265.050530,met,0.001395
b12,L1,28,475266.842005,475266.974840,475267.022888,met,0.001752
b12,L2,19,475267.842388,475268.012058,475268.058468,met,0.000984
b12,L1,29,475268.842005,475268.993425,475269.051612,met,0.001897
b12,L1,30,475270.842005,475270.965488,475271.604879,missed,0.567052
b12,L2,20,475270.842388,475270.981573,475272.594338,met,1.547225
b12,L1,31,475272.842005,475272.943576,475273.002220,met,0.002326
b12,L2,21,475273.842388,475274.031898,475274.159283,met,0.023392
b12,L1,32,475274.842005,475275.008531,475275.083076,met,0.010045
b12,L1,33,475276.842005,475276.967716,475277.024382,met,0.002422
b12,L2,22,475276.842388,475276.998799,475277.046296,met,0.000885
b12,L1,34,475278.842005,475278.978937,475279.030585,met,0.002041
b12,L2,23,475279.842388,475279.968848,475280.051835,met,0.001218
b12,L1,35,475280.842005,475280.993146,475281.097744,met,0.050252
b12,L2,24,475282.842388,475282.982911,475283.044810,met,0.001342
b12,L1,36,475282.842005,475282.982885,475283.049765,met,0.006304
b12,L1,37,475284.842005,475284.972962,475285.021570,met,0.002708
b12,L2,25,475285.842388,475285.961904,475286.014824,met,0.001260
b12,L1,38,475286.842005,475286.982775,475287.129513,met,0.088696
b12,L2,26,475288.842388,475288.989829,475289.048937,met,0.001202
b12,L1,39,475288.842005,475288.992734,475289.049109,met,0.002013
b12,L1,40,475290.842005,475291.009461,475291.064240,met,0.003360
b12,L2,27,475291.842388,475292.014494,475292.063351,met,0.001086
b12,L1,41,475292.842005,475292.996991,475293.145669,met,0.085229
b12,L2,28,475294.842388,475294.977063,475295.035116,met,0.001312
b12,L1,42,475294.842005,475294.986186,475295.049181,met,0.001570
b12,L1,43,475296.842005,475297.001223,475297.056712,met,0.002402
b12,L2,29,475297.842388,475297.969921,475298.015661,met,0.001199
b12,L1,44,475298.842005,475298.978532,475299.029853,met,0.001355
b12,L2,30,475300.842388,475300.912060,475300.988254,met,0.001066
b12,L1,45,475300.842005,475300.931986,475301.005198,met,0.004057
b12,L1,46,475302.842005,475302.991255,475303.636664,missed,0.575742
b12,L2,31,475303.842388,475303.933590,475303.989331,met,0.001318
b12,L1,47,475304.842005,475304.973890,475305.020207,met,0.001684
b12,L1,48,475306.842005,475306.957217,475307.011296,met,0.002698
b12,L2,32,475306.842388,475306.972667,475307.032712,met,0.001307
b12,L1,49,475308.842005,475308.969644,475309.018094,met,0.003167
b12,L2,33,475309.842388,475309.984942,475310.035272,met,0.001267
b12,L1,50,475310.842005,475310.911306,475310.960485,met,0.003519
b12,L2,34,475312.842388,475312.973339,475313.023981,met,0.001358
b12,L1,51,475312.842005,475312.981738,475313.038245,met,0.003393
b12,L1,52,475314.842005,475314.981734,475315.044421,met,0.003915
b12,L2,35,475315.842388,475315.976963,475316.029749,met,0.001401
b12,L1,53,475316.842005,475316.965052,475317.012938,met,0.003202
b12,L1,54,475318.842005,475318.937938,475319.579214,missed,0.570578
b12,L2,36,475318.842388,475318.985599,475321.067226,missed,2.016541
b12,L1,55,475320.842005,475320.994413,475321.525767,met,0.481352
b12,L2,37,475321.842388,475321.964546,475322.012504,met,0.001179
b12,L1,56,475322.842005,475322.975524,475323.024922,met,0.003232
b12,L2,38,475324.842388,475324.956649,475325.006062,met,0.001319
b12,L1,57,475324.842005,475324.973621,475325.024384,met,0.003379
b12,L1,58,475326.842005,475326.982985,475327.036165,met,0.001615
b12,L2,39,475327.842388,475327.936798,475328.011155,met,0.027156
b12,L1,59,475328.842005,475328.924312,475328.998148,met,0.028143
b12,L1,60,475330.842005,475330.948016,475331.053176,met,0.004308
b12,L2,40,475330.842388,475330.960229,475331.179694,met,0.058290
b12,L1,61,475332.842005,475333.068049,475333.668065,missed,0.539789
b12,L2,41,475333.842388,475333.991567,475334.651150,met,0.589824
b12,L1,62,475334.842005,475334.988319,475335.116239,met,0.021608
b12,L2,42,475336.842388,475337.016664,475337.124988,met,0.004656
b12,L1,63,475336.842005,475337.025126,475337.128666,met,0.001607
b12,L1,64,475338.842005,475338.994330,475339.181331,met,0.132254
b12,L2,43,475339.842388,475339.966598,475340.014265,met,0.001166
b12,L1,65,475340.842005,475340.949686,475341.001384,met,0.003959
b12,L2,44,475342.842388,475342.968032,475343.015124,met,0.001281
b12,L1,66,475342.842005,475342.974730,475343.017956,met,0.001417
b12,L1,67,475344.842005,475344.976061,475345.025016,met,0.003709
b12,L2,45,475345.842388,475345.982143,475346.029063,met,0.001397
b12,L1,68,475346.842005,475346.973751,475347.023620,met,0.003332
b12,L1,69,475348.842005,475348.909352,475348.975698,met,0.002063
b12,L2,46,475348.842388,475348.909118,475348.975753,met,0.001420
b12,L1,70,475350.842005,475350.993409,475351.055090,met,0.002928
b12,L2,47,475351.842388,475351.990364,475352.357418,met,0.308321
b12,L1,71,475352.842005,475352.985793,475353.032349,met,0.003438
b12,L1,72,475354.842005,475354.967812,475355.024840,met,0.002238
b12,L2,48,475354.842388,475354.977172,475355.032162,met,0.000905
b12,L1,73,475356.842005,475356.976255,475357.025709,met,0.002088
b12,L2,49,475357.842388,475357.982424,475358.030213,met,0.001224
b12,L1,74,475358.842005,475358.974468,475359.023381,met,0.003456
b12,L1,75,475360.842005,475360.921669,475360.983730,met,0.002888
b12,L2,50,475360.842388,475360.983879,475361.048384,met,0.001177
b12,L1,76,475362.842005,475362.922445,475362.970559,met,0.003181
b12,L2,51,475363.842388,475363.965892,475364.013258,met,0.001224
b12,L1,77,475364.842005,475364.974037,475365.022442,met,0.001956
b12,L2,52,475366.842388,475366.971389,475367.030793,met,0.001109
b12,L1,78,475366.842005,475366.971431,475367.030816,met,0.000944
b12,L1,79,475368.842005,475368.983855,475369.030194,met,0.003165
b12,L2,53,475369.842388,475369.967058,475370.067321,met,0.052049
b12,L1,80,475370.842005,475370.933350,475370.981854,met,0.001777
b12,L2,54,475372.842388,475372.966836,475373.014040,met,0.001253
b12,L1,81,475372.842005,475372.974024,475373.021619,met,0.001386
b12,L1,82,475374.842005,475374.946575,475375.125266,met,0.134493
b12,L2,55,475375.842388,475375.979923,475376.028520,met,0.001118
b12,L1,83,475376.842005,475376.974115,475377.022019,met,0.001732
b12,L1,84,475378.842005,475378.907807,475378.985724,met,0.033882
b12,L2,56,475378.842388,475378.975144,475379.022724,met,0.000878
b12,L1,85,475380.842005,475380.962333,475381.011083,met,0.001702
b12,L2,57,475381.842388,475381.982020,475382.028196,met,0.000915
b12,L1,86,475382.842005,475382.911397,475383.238444,met,0.280688
b12,L2,58,475384.842388,475384.949861,475385.033716,met,0.034417
b12,L1,87,475384.842005,475384.978198,475385.133818,met,0.107124
b12,L1,88,475386.842005,475386.974905,475387.023887,met,0.003224
b12,L2,59,475387.842388,475387.974564,475388.022937,met,0.001345
b12,L1,89,475388.842005,475388.970368,475389.067689,met,0.046500
b12,L2,60,475390.842388,475390.978130,475391.029705,met,0.001238
b12,L1,90,475390.842005,475390.978057,475391.029710,met,0.003608
b12,L1,91,475392.842005,475392.941867,475392.993001,met,0.003485
b12,L2,61,475393.842388,475393.976538,475394.024384,met,0.001621
b12,L1,92,475394.842005,475394.981025,475395.035322,met,0.008262
b12,L1,93,475396.842005,475396.979302,475397.577187,missed,0.514027
b12,L2,62,475396.842388,475396.979185,475397.942962,met,0.908431
b12,L1,94,475398.842005,475398.936954,475398.993976,met,0.001065
b12,L2,63,475399.842388,475399.979694,475400.176091,met,0.140695
b12,L1,95,475400.842005,475400.983889,475401.032891,met,0.001859
b12,L1,96,475402.842005,475402.966602,475403.016138,met,0.002346
b12,L2,64,475402.842388,475402.974786,475403.025446,met,0.000923
b12,L1,97,475404.842005,475404.924846,475404.971597,met,0.001730
b12,L2,65,475405.842388,475405.985022,475406.034868,met,0.001141
b12,L1,98,475406.842005,475406.925011,475406.972797,met,0.002934
b12,L2,66,475408.842388,475408.941078,475408.988710,met,0.001150
b12,L1,99,475408.842005,475408.966190,475409.016087,met,0.003121
b12,L1,100,475410.842005,475410.974709,475411.024697,met,0.003354
b12,L2,67,475411.842388,475411.980281,475412.029601,met,0.001690
b12,L1,101,475412.842005,475412.974228,475413.021304,met,0.001016
b12,L2,68,475414.842388,475414.977133,475415.037547,met,0.006481
b12,L1,102,475414.842005,475414.980128,475415.037546,met,0.007940
b12,L1,103,475416.842005,475416.982869,475417.030033,met,0.003381
b12,L2,69,475417.842388,475417.985340,475418.033887,met,0.000923
b12,L1,104,475418.842005,475418.942302,475418.988425,met,0.001329
b12,L2,70,475420.842388,475420.960014,475421.011437,met,0.001437
b12,L1,105,475420.842005,475420.977799,475421.029201,met,0.001905
b12,L1,106,475422.842005,475422.968022,475423.018282,met,0.002367
b12,L2,71,475423.842388,475423.966392,475424.013200,met,0.001661
b12,L1,107,475424.842005,475424.909911,475424.956698,met,0.001100
b12,L2,72,475426.842388,475426.976630,475427.037698,met,0.001310
b12,L1,108,475426.842005,475426.985302,475427.050163,met,0.003652
b12,L1,109,475428.842005,475428.934121,475429.344959,met,0.366344
b12,L2,73,475429.842388,475429.917627,475429.964944,met,0.000917
b12,L1,110,475430.842005,475430.973826,475431.024366,met,0.004088
b12,L1,111,475432.842005,475432.917541,475432.963392,met,0.002985
b12,L2,74,475432.842388,475432.974966,475433.021865,met,0.001227
b12,L1,112,475434.842005,475434.978075,475435.041505,met,0.017674
b12,L2,75,475435.842388,475435.966042,475436.018542,met,0.001451
b12,L1,113,475436.842005,475436.928624,475436.974988,met,0.003240
b12,L1,114,475438.842005,475438.927675,475439.113023,met,0.128232
b12,L2,76,475438.842388,475438.933256,475439.113174,met,0.123066
b12,L1,115,475440.842005,475440.990924,475441.040910,met,0.003876
b12,L2,77,475441.842388,475441.974880,475442.024514,met,0.001301
b12,L1,116,475442.842005,475442.924445,475442.973685,met,0.003035
b12,L1,117,475444.842005,475444.931330,475445.009695,met,0.016944
b12,L2,78,475444.842388,475444.931187,475445.009504,met,0.016902
b12,L1,118,475446.842005,475446.966686,475447.205774,met,0.189241
b12,L2,79,475447.842388,475447.983096,475448.030217,met,0.001370
b12,L1,119,475448.842005,475448.978824,475449.073085,met,0.043671
b12,L2,80,475450.842388,475450.933157,475450.986037,met,0.001366
b12,L1,120,475450.842005,475450.952121,475451.004641,met,0.002420
b12,L1,121,475452.842005,475452.948528,475452.996023,met,0.001881
b12,L2,81,475453.842388,475453.975803,475454.094189,met,0.070879
b12,L1,122,475454.842005,475454.956461,475455.010382,met,0.002332
b12,L2,82,475456.842388,475456.931659,475456.978189,met,0.001149
b12,L1,123,475456.842005,475456.985011,475457.047392,met,0.004848
b12,L1,124,475458.842005,475458.976437,475459.613343,missed,0.575475
b12,L2,83,475459.842388,475459.986359,475461.057324,met,1.018067
b12,L1,125,475460.842005,475460.986968,475461.057396,met,0.021231
b12,L2,84,475462.842388,475462.957839,475463.011863,met,0.001202
b12,L1,126,475462.842005,475462.984910,475463.035568,met,0.001391
b12,L1,127,475464.842005,475464.955890,475465.003515,met,0.003502
b12,L2,85,475465.842388,475465.982100,475466.045020,met,0.001062
b12,L1,128,475466.842005,475466.976387,475467.027401,met,0.003208
b12,L1,129,475468.842005,475468.977168,475469.028421,met,0.001503
b12,L2,86,475468.842388,475468.987956,475469.037236,met,0.001068
b12,L1,130,475470.842005,475470.964317,475471.022657,met,0.003521
b12,L2,87,475471.842388,475471.944639,475471.994850,met,0.000882
b12,L1,131,475472.842005,475472.968769,475473.019432,met,0.003135
b12,L2,88,475474.842388,475474.951032,475474.997419,met,0.000927
b12,L1,132,475474.842005,475474.967452,475475.014993,met,0.001426
b12,L1,133,475476.842005,475476.975928,475477.026782,met,0.002813
b12,L2,89,475477.842388,475477.981521,475478.031504,met,0.000905
b12,L1,134,475478.842005,475478.950874,475478.999092,met,0.001921
b12,L2,90,475480.842388,475480.949758,475480.998766,met,0.000955
b12,L1,135,475480.842005,475480.976012,475481.029957,met,0.003418
b12,L1,136,475482.842005,475482.942413,475483.004111,met,0.002141
b12,L2,91,475483.842388,475483.981948,475484.034501,met,0.001227
b12,L1,137,475484.842005,475484.989857,475485.042578,met,0.001314
b12,L2,92,475486.842388,475486.923725,475486.980886,met,0.001924
b12,L1,138,475486.842005,475486.923804,475486.980830,met,0.001830
b12,L1,139,475488.842005,475488.927117,475488.991479,met,0.003314
b12,L2,93,475489.842388,475489.963528,475490.011907,met,0.001068
b12,L1,140,475490.842005,475490.968479,475491.537233,missed,0.501761
b12,L2,94,475492.842388,475492.971726,475493.268967,met,0.249131
b12,L1,141,475492.842005,475492.941382,475493.269078,met,0.276432
b12,L1,142,475494.842005,475494.965225,475495.028194,met,0.014047
b12,L2,95,475495.842388,475495.975797,475496.035305,met,0.002328
b12,L1,143,475496.842005,475496.975487,475497.029031,met,0.002272
b12,L2,96,475498.842388,475498.981204,475499.032521,met,0.002366
b12,L1,144,475498.842005,475498.990323,475499.043872,met,0.001904
b12,L1,145,475500.842005,475500.988786,475501.109829,met,0.040238
b12,L2,97,475501.842388,475501.986455,475502.034432,met,0.000905
b12,L1,146,475502.842005,475502.928854,475502.978003,met,0.003370
b12,L1,147,475504.842005,475504.923173,475504.979469,met,0.004278
b12,L2,98,475504.842388,475504.982781,475505.035870,met,0.001338
b12,L1,148,475506.842005,475506.933638,475507.005973,met,0.019718
b12,L2,99,475507.842388,475507.942587,475507.989721,met,0.000878
b12,L1,149,475508.842005,475508.980895,475509.032273,met,0.004301
b13,L2,0,475509.468200,475509.537724,475509.590359,met,0.001624
b13,L1,0,475509.468158,475509.537726,475509.590111,met,0.001260
b13,L1,1,475511.468158,475511.613304,475511.706055,met,0.042645
b13,L2,1,475512.468200,475512.542479,475512.599540,met,0.000987
b13,L1,2,475513.468158,475513.590674,475513.643508,met,0.002163
b13,L1,3,475515.468158,475515.551043,475515.610083,met,0.001281
b13,L2,2,475515.468200,475515.620167,475515.682700,met,0.001032
b13,L1,4,475517.468158,475517.602568,475517.659128,met,0.002892
b13,L2,3,475518.468200,475518.610812,475518.668092,met,0.001511
b13,L1,5,475519.468158,475519.619472,475519.722730,met,0.003287
b13,L1,6,475521.468158,475521.559063,475522.202571,missed,0.565498
b13,L2,4,475521.468200,475521.566225,475523.712404,missed,2.076343
b13,L1,7,475523.468158,475523.634293,475524.269322,missed,0.574395
b13,L2,5,475524.468200,475524.566411,475524.616413,met,0.001231
b13,L1,8,475525.468158,475525.581324,475525.632007,met,0.001358
b13,L2,6,475527.468200,475527.608608,475527.667612,met,0.003244
b13,L1,9,475527.468158,475527.608177,475527.667981,met,0.002979
b13,L1,10,475529.468158,475529.607474,475529.657027,met,0.001879
b13,L2,7,475530.468200,475530.609646,475530.659165,met,0.001150
b13,L1,11,475531.468158,475531.545780,475531.611195,met,0.017449
b13,L1,12,475533.468158,475533.541071,475533.605127,met,0.005691
b13,L2,8,475533.468200,475533.552170,475533.611290,met,0.003503
b13,L1,13,475535.468158,475535.607267,475535.656152,met,0.001450
b13,L2,9,475536.468200,475536.551047,475536.603182,met,0.001245
b13,L1,14,475537.468158,475537.600491,475537.665238,met,0.001719
b13,L1,15,475539.468158,475539.596664,475540.145055,met,0.480332
b13,L2,10,475539.468200,475539.583049,475540.145211,met,0.492787
b13,L1,16,475541.468158,475541.581353,475541.629718,met,0.001396
b13,L2,11,475542.468200,475542.600594,475542.748941,met,0.097693
b13,L1,17,475543.468158,475543.602158,475543.652990,met,0.002071
b13,L1,18,475545.468158,475545.583140,475545.637017,met,0.002447
b13,L2,12,475545.468200,475545.610995,475545.666537,met,0.000988
b13,L1,19,475547.468158,475547.607908,475547.677914,met,0.017936
b13,L2,13,475548.468200,475548.612321,475548.662507,met,0.000889
b13,L1,20,475549.468158,475549.544577,475549.598051,met,0.002949
b13,L2,14,475551.468200,475551.585638,475551.643902,met,0.001255
b13,L1,21,475551.468158,475551.593517,475551.650615,met,0.003687
b13,L1,22,475553.468158,475553.615253,475554.252471,missed,0.574826
b13,L2,15,475554.468200,475554.612242,475554.849873,met,0.185394
b13,L1,23,475555.468158,475555.590662,475555.760600,met,0.121094
b13,L2,16,475557.468200,475557.557360,475557.604015,met,0.001273
b13,L1,24,475557.468158,475557.611170,475557.664710,met,0.001480
b13,L1,25,475559.468158,475559.540977,475559.698441,met,0.104055
b13,L2,17,475560.468200,475560.608285,475560.658125,met,0.001168
b13,L1,26,475561.468158,475561.565135,475561.615220,met,0.003069
b13,L2,18,475563.468200,475563.572961,475563.620816,met,0.001329
b13,L1,27,475563.468158,475563.600075,475563.648563,met,0.001472
b13,L1,28,475565.468158,475565.556734,475565.605273,met,0.003033
b13,L2,19,475566.468200,475566.606371,475566.653225,met,0.001435
b13,L1,29,475567.468158,475567.600928,475567.652624,met,0.002482
b13,L2,20,475569.468200,475569.584560,475569.698769,met,0.063587
b13,L1,30,475569.468158,475569.558211,475569.699135,met,0.090397
b13,L1,31,475571.468158,475571.609170,475571.655615,met,0.003151
b13,L2,21,475572.468200,475572.541818,475572.590789,met,0.001245
b13,L1,32,475573.468158,475573.590575,475573.638759,met,0.002998
b13,L2,22,475575.468200,475575.546417,475575.601514,met,0.001061
b13,L1,33,475575.468158,475575.560992,475575.616558,met,0.001151
b13,L1,34,475577.468158,475577.608588,475577.656506,met,0.003130
b13,L2,23,475578.468200,475578.544967,475578.591706,met,0.001075
b13,L1,35,475579.468158,475579.576140,475579.631686,met,0.008135
b13,L1,36,475581.468158,475581.592561,475581.642121,met,0.001528
b13,L2,24,475581.468200,475581.606066,475581.654141,met,0.001111
b13,L1,37,475583.468158,475583.598651,475583.650013,met,0.002983
b13,L1,38,475585.468158,475585.575325,475586.105821,met,0.476771
b13,L2,25,475584.468200,475584.550012,475586.106855,met,1.502670
b13,L1,39,475587.468158,475587.583466,475587.632817,met,0.001224
b13,L2,26,475587.468200,475587.600829,475587.650800,met,0.001172
b13,L1,40,475589.468158,475589.561447,475589.624034,met,0.002457
b13,L2,27,475590.468200,475590.588704,475590.649522,met,0.001610
b13,L1,41,475591.468158,475591.544570,475591.599361,met,0.001952
b13,L2,28,475593.468200,475593.592476,475593.645370,met,0.001259
b13,L1,42,475593.468158,475593.602889,475593.656393,met,0.002996
b13,L1,43,475595.468158,475595.602750,475595.649696,met,0.003099
b13,L2,29,475596.468200,475596.590508,475596.638029,met,0.001308
b13,L1,44,475597.468158,475597.597840,475597.652726,met,0.002461
b13,L2,30,475599.468200,475599.613970,475599.695469,met,0.003776
b13,L1,45,475599.468158,475599.619485,475599.696030,met,0.003687
b13,L1,46,475601.468158,475601.674161,475602.367821,missed,0.573993
b13,L2,31,475602.468200,475602.649716,475602.722687,met,0.012843
b13,L1,47,475603.468158,475603.608127,475603.681647,met,0.019836
b13,L1,48,475605.468158,475605.616913,475605.702368,met,0.005094
b13,L2,32,475605.468200,475605.615757,475605.702741,met,0.005754
b13,L1,49,475607.468158,475607.614707,475607.664000,met,0.002919
b13,L2,33,475608.468200,475608.619084,475608.672144,met,0.001001
b13,L1,50,475609.468158,475609.580803,475609.628739,met,0.001784
b13,L1,51,475611.468158,475611.602855,475611.683026,met,0.002133
b13,L2,34,475611.468200,475611.607732,475611.687131,met,0.001390
b13,L1,52,475613.468158,475613.608006,475613.658675,met,0.003291
b13,L2,35,475614.468200,475614.599616,475614.648527,met,0.001005
b13,L1,53,475615.468158,475615.583792,475615.652848,met,0.001505
b13,L1,54,475617.468158,475617.670620,475618.337837,missed,0.563146
b13,L2,36,475617.468200,475617.556355,475619.073203,met,1.402655
b13,L1,55,475619.468158,475619.656913,475619.702284,met,0.001374
b13,L2,37,475620.468200,475620.592668,475620.645875,met,0.001220
b13,L1,56,475621.468158,475621.544299,475621.590266,met,0.002959
b13,L1,57,475623.468158,475623.584515,475623.648513,met,0.004660
b13,L2,38,475623.468200,475623.605972,475623.662470,met,0.001630
b13,L1,58,475625.468158,475625.550060,475625.596105,met,0.002984
b13,L2,39,475626.468200,475626.610302,475626.656865,met,0.001276
b13,L1,59,475627.468158,475627.603887,475627.743246,met,0.094230
b13,L2,40,475629.468200,475629.548350,475629.596193,met,0.001229
b13,L1,60,475629.468158,475629.583569,475629.633548,met,0.003256
b13,L1,61,475631.468158,475631.590736,475631.638665,met,0.003356
b13,L2,41,475632.468200,475632.592590,475632.748508,met,0.103511
b13,L1,62,475633.468158,475633.592953,475633.643763,met,0.004699
b13,L1,63,475635.468158,475635.595302,475635.660135,met,0.001229
b13,L2,42,475635.468200,475635.603447,475635.668276,met,0.000914
b13,L1,64,475637.468158,475637.608880,475637.744329,met,0.088997
b13,L2,43,475638.468200,475638.603694,475638.666806,met,0.001812
b13,L1,65,475639.468158,475639.615481,475639.705433,met,0.003619
b13,L1,66,475641.468158,475641.626604,475641.826973,met,0.001738
b13,L2,44,475641.468200,475641.625841,475641.829516,met,0.001351
b13,L1,67,475643.468158,475643.729274,475644.311601,met,0.464715
b13,L2,45,475644.468200,475644.755387,475644.857485,met,0.000983
b13,L1,68,475645.468158,475645.682747,475645.789575,met,0.003462
b13,L1,69,475647.468158,475647.668346,475648.377822,missed,0.565503
b13,L2,46,475647.468200,475647.669989,475649.846013,missed,2.064284
b13,L1,70,475649.468158,475649.726058,475650.411003,missed,0.564338
b13,L2,47,475650.468200,475650.669039,475652.234790,met,1.495625
b13,L1,71,475651.468158,475651.646269,475652.251012,missed,0.520147
b13,L2,48,475653.468200,475653.604363,475653.682428,met,0.001796
b13,L1,72,475653.468158,475653.635995,475653.710863,met,0.001381
b13,L1,73,475655.468158,475655.621678,475655.667333,met,0.000966
b13,L2,49,475656.468200,475656.591724,475656.640043,met,0.001238
b13,L1,74,475657.468158,475657.558083,475657.615103,met,0.001932
b13,L1,75,475659.468158,475659.588846,475659.658962,met,0.001472
b13,L2,50,475659.468200,475659.607516,475659.688205,met,0.001430
b13,L1,76,475661.468158,475661.571481,475661.684402,met,0.006307
b13,L2,51,475662.468200,475662.598547,475662.668871,met,0.001331
b13,L1,77,475663.468158,475663.622654,475663.677226,met,0.003254
b13,L2,52,475665.468200,475665.619481,475665.700090,met,0.001260
b13,L1,78,475665.468158,475665.629449,475665.783666,met,0.070872
b13,L1,79,475667.468158,475667.570062,475667.668885,met,0.050147
b13,L2,53,475668.468200,475668.605222,475668.651890,met,0.001143
b13,L1,80,475669.468158,475669.604601,475669.654076,met,0.003368
b13,L2,54,475671.468200,475671.596686,475671.649061,met,0.001252
b13,L1,81,475671.468158,475671.599212,475671.651596,met,0.004368
b13,L1,82,475673.468158,475673.587130,475673.635944,met,0.003065
b13,L2,55,475674.468200,475674.602566,475674.648377,met,0.001195
b13,L1,83,475675.468158,475675.615150,475676.242642,missed,0.545516
b13,L2,56,475677.468200,475677.602828,475677.658440,met,0.003930
b13,L1,84,475677.468158,475677.602714,475677.658725,met,0.006535
b13,L1,85,475679.468158,475679.608754,475679.653549,met,0.001283
b13,L1,86,475681.468158,475681.623553,475682.247498,missed,0.548665
b13,L2,57,475680.468200,475680.621898,475682.460777,met,1.763290
b13,L1,87,475683.468158,475683.637129,475683.728551,met,0.001432
b13,L2,58,475683.468200,475683.633709,475683.728501,met,0.001219
b13,L1,88,475685.468158,475685.709998,475685.811423,met,0.001966
b13,L2,59,475686.468200,475686.627320,475686.671898,met,0.001064
b13,L1,89,475687.468158,475687.642210,475687.688113,met,0.002945
b13,L1,90,475689.468158,475689.593563,475689.647785,met,0.003319
b13,L2,60,475689.468200,475689.602858,475689.652185,met,0.001223
b13,L1,91,475691.468158,475691.595423,475691.646378,met,0.003094
b13,L2,61,475692.468200,475692.605548,475692.652292,met,0.001218
b13,L1,92,475693.468158,475693.602280,475693.650653,met,0.003119
b13,L2,62,475695.468200,475695.558893,475695.618418,met,0.001552
b13,L1,93,475695.468158,475695.607197,475695.671120,met,0.001226
b13,L1,94,475697.468158,475697.618749,475697.666449,met,0.001752
b13,L2,63,475698.468200,475698.569150,475699.119736,met,0.494925
b13,L1,95,475699.468158,475699.542823,475699.587752,met,0.001412
b13,L2,64,475701.468200,475701.546640,475701.593119,met,0.001669
b13,L1,96,475701.468158,475701.601452,475701.652433,met,0.003138
b13,L1,97,475703.468158,475703.632457,475703.742744,met,0.003952
b13,L2,65,475704.468200,475704.592485,475704.646533,met,0.001336
b13,L1,98,475705.468158,475705.562030,475705.612231,met,0.001094
b13,L1,99,475707.468158,475707.600489,475707.650140,met,0.002119
b13,L2,66,475707.468200,475707.642944,475707.689393,met,0.000925
b13,L1,100,475709.468158,475709.602704,475709.652008,met,0.003016
b13,L2,67,475710.468200,475710.559222,475710.603753,met,0.001015
b13,L1,101,475711.468158,475711.601255,475711.646794,met,0.001487
b13,L2,68,475713.468200,475713.583565,475714.150774,met,0.518501
b13,L1,102,475713.468158,475713.583514,475714.230399,missed,0.571504
b13,L1,103,475715.468158,475715.577527,475715.621908,met,0.001405
b13,L2,69,475716.468200,475716.590865,475716.636718,met,0.001237
b13,L1,104,475717.468158,475717.603085,475717.653870,met,0.003767
b13,L1,105,475719.468158,475719.541707,475719.593753,met,0.003161
b13,L2,70,475719.468200,475719.578639,475719.627554,met,0.001133
b13,L1,106,475721.468158,475721.549926,475721.598496,met,0.003039
b13,L2,71,475722.468200,475722.600180,475722.647311,met,0.001245
b13,L1,107,475723.468158,475723.603075,475723.695378,met,0.045901
b13,L1,108,475725.468158,475725.581939,475725.636223,met,0.001130
b13,L2,72,475725.468200,475725.596776,475725.717987,met,0.066161
b13,L1,109,475727.468158,475727.582164,475727.639907,met,0.004561
b13,L2,73,475728.468200,475728.626644,475728.773035,met,0.089860
b13,L1,110,475729.468158,475729.599889,475730.059676,met,0.397974
b13,L2,74,475731.468200,475731.570258,475731.626573,met,0.001526
b13,L1,111,475731.468158,475731.603960,475731.661393,met,0.001624
b13,L1,112,475733.468158,475733.615600,475733.747392,met,0.081918
b13,L2,75,475734.468200,475734.551690,475734.597539,met,0.001292
b13,L1,113,475735.468158,475735.563342,475735.636482,met,0.003024
b13,L1,114,475737.468158,475737.588122,475737.639572,met,0.001499
b13,L2,76,475737.468200,475737.597551,475737.648038,met,0.001266
b13,L1,115,475739.468158,475739.606005,475739.654683,met,0.003770
b13,L2,77,475740.468200,475740.604349,475740.652340,met,0.001196
b13,L1,116,475741.468158,475741.595117,475741.645217,met,0.003468
b13,L1,117,475743.468158,475743.598430,475744.234099,missed,0.573317
b13,L2,78,475743.468200,475743.608764,475745.700828,missed,2.020361
b13,L1,118,475745.468158,475745.609158,475745.883590,met,0.208671
b13,L2,79,475746.468200,475746.597196,475746.646477,met,0.001167
b13,L1,119,475747.468158,475747.614847,475747.662127,met,0.001334
b13,L1,120,475749.468158,475749.627659,475749.710358,met,0.003259
b13,L2,80,475749.468200,475749.631442,475749.982915,met,0.283511
b13,L1,121,475751.468158,475751.614066,475751.663288,met,0.004632
b13,L2,81,475752.468200,475752.614838,475752.670190,met,0.000913
b13,L1,122,475753.468158,475753.605805,475753.653180,met,0.001418
b13,L1,123,475755.468158,475755.574615,475755.629392,met,0.001986
b13,L2,82,475755.468200,475755.593267,475755.651517,met,0.001081
b13,L1,124,475757.468158,475757.616970,475757.683412,met,0.002413
b13,L2,83,475758.468200,475758.625263,475758.694349,met,0.001121
b13,L1,125,475759.468158,475759.614943,475759.662166,met,0.001443
b13,L1,126,475761.468158,475761.615673,475761.695096,met,0.003513
b13,L2,84,475761.468200,475761.621807,475761.705256,met,0.001361
b13,L1,127,475763.468158,475763.583624,475763.655064,met,0.003317
b13,L2,85,475764.468200,475764.593866,475764.669364,met,0.001653
b13,L1,128,475765.468158,475765.598723,475765.662437,met,0.003079
b13,L1,129,475767.468158,475767.607878,475767.660226,met,0.003143
b13,L2,86,475767.468200,475767.626440,475767.678677,met,0.001295
b13,L1,130,475769.468158,475769.623623,475769.680942,met,0.003100
b13,L2,87,475770.468200,475770.615258,475770.660946,met,0.001278
b13,L1,131,475771.468158,475771.605820,475771.653370,met,0.003056
b13,L2,88,475773.468200,475773.546892,475773.593128,met,0.001228
b13,L1,132,475773.468158,475773.596551,475773.642594,met,0.002932
b13,L1,133,475775.468158,475775.611877,475776.257253,missed,0.575359
b13,L2,89,475776.468200,475776.596624,475776.915414,met,0.258151
b13,L1,134,475777.468158,475777.594634,475777.641552,met,0.001932
b13,L2,90,475779.468200,475779.606999,475779.661865,met,0.001278
b13,L1,135,475779.468158,475779.606862,475779.663267,met,0.003856
b13,L1,136,475781.468158,475781.545993,475781.593273,met,0.002939
b13,L2,91,475782.468200,475782.586029,475782.631196,met,0.001175
b13,L1,137,475783.468158,475783.608885,475783.653377,met,0.001720
b13,L1,138,475785.468158,475785.562522,475785.613206,met,0.001072
b13,L2,92,475785.468200,475785.571257,475785.624470,met,0.000873
b13,L1,139,475787.468158,475787.592606,475787.637259,met,0.001917
b13,L2,93,475788.468200,475788.596333,475788.643342,met,0.001444
b13,L1,140,475789.468158,475789.609727,475789.658884,met,0.003162
b13,L2,94,475791.468200,475791.557301,475791.610025,met,0.001348
b13,L1,141,475791.468158,475791.600404,475791.649186,met,0.003688
b13,L1,142,475793.468158,475793.567523,475793.621933,met,0.001364
b13,L2,95,475794.468200,475794.596966,475794.657970,met,0.001283
b13,L1,143,475795.468158,475795.608457,475795.658283,met,0.003211
b13,L1,144,475797.468158,475797.553604,475797.608543,met,0.002966
b13,L2,96,475797.468200,475797.553604,475797.608534,met,0.003464
b13,L1,145,475799.468158,475799.615517,475799.687122,met,0.001904
b13,L2,97,475800.468200,475800.578347,475800.625966,met,0.001097
b13,L1,146,475801.468158,475801.618028,475801.663822,met,0.003062
b13,L1,147,475803.468158,475803.577695,475803.631557,met,0.003893
b13,L2,98,475803.468200,475803.600982,475803.652856,met,0.001344
b13,L1,148,475805.468158,475805.619768,475805.668451,met,0.001390
b13,L2,99,475806.468200,475806.588807,475807.777985,met,1.130906
b13,L1,149,475807.468158,475807.611695,475808.124167,met,0.453542
b14,L1,0,475808.621403,475808.699138,475808.751359,met,0.001736
b14,L2,0,475808.621403,475808.699176,475808.751336,met,0.001228
b14,L1,1,475810.621403,475810.770713,475810.834865,met,0.001962
b14,L2,1,475811.621403,475811.773589,475811.834412,met,0.001337
b14,L1,2,475812.621403,475812.761921,475812.815440,met,0.002398
b14,L2,2,475814.621403,475814.754291,475814.807226,met,0.001347
b14,L1,3,475814.621403,475814.764386,475814.819147,met,0.004168
b14,L1,4,475816.621403,475816.762708,475816.809222,met,0.001697
b14,L2,3,475817.621403,475817.718760,475817.764195,met,0.000830
b14,L1,5,475818.621403,475818.741392,475818.794500,met,0.002922
b14,L2,4,475820.621403,475820.725762,475820.774123,met,0.000946
b14,L1,6,475820.621403,475820.742375,475820.792611,met,0.002660
b14,L1,7,475822.621403,475822.743862,475822.794752,met,0.002768
b14,L2,5,475823.621403,475823.750719,475823.805360,met,0.006237
b14,L1,8,475824.621403,475824.701824,475824.756991,met,0.001439
b14,L1,9,475826.621403,475826.776293,475826.828700,met,0.001464
b14,L2,6,475826.621403,475826.776294,475826.829181,met,0.001834
b14,L1,10,475828.621403,475828.768630,475828.819784,met,0.002586
b14,L2,7,475829.621403,475829.720617,475829.768372,met,0.001296
b14,L1,11,475830.621403,475830.766144,475830.833400,met,0.001292
b14,L2,8,475832.621403,475832.759915,475832.818708,met,0.001273
b14,L1,12,475832.621403,475832.774223,475832.829975,met,0.003144
b14,L1,13,475834.621403,475834.762570,475834.811267,met,0.001786
b14,L2,9,475835.621403,475835.770697,475835.817189,met,0.001340
b14,L1,14,475836.621403,475836.757580,475836.807106,met,0.001370
b14,L1,15,475838.621403,475838.739052,475839.367956,missed,0.559672
b14,L2,10,475838.621403,475838.747009,475839.503336,met,0.704524
b14,L1,16,475840.621403,475840.745477,475840.799241,met,0.001481
b14,L2,11,475841.621403,475841.749772,475841.876118,met,0.073697
b14,L1,17,475842.621403,475842.761576,475842.810325,met,0.002722
b14,L2,12,475844.621403,475844.772643,475844.837629,met,0.012377
b14,L1,18,475844.621403,475844.768268,475844.838139,met,0.013029
b14,L1,19,475846.621403,475846.731974,475847.016950,met,0.148138
b14,L2,13,475847.621403,475847.796207,475847.928739,met,0.061754
b14,L1,20,475848.621403,475848.727138,475848.869041,met,0.034345
b14,L1,21,475850.621403,475850.704595,475850.756207,met,0.001359
b14,L2,14,475850.621403,475850.732848,475850.844628,met,0.063132
b14,L1,22,475852.621403,475852.767756,475852.819165,met,0.003099
b14,L2,15,475853.621403,475853.774437,475853.865017,met,0.041645
b14,L1,23,475854.621403,475854.750131,475855.106286,met,0.289665
b14,L2,16,475856.621403,475856.768415,475856.876007,met,0.048532
b14,L1,24,475856.621403,475856.762779,475856.876191,met,0.054270
b14,L1,25,475858.621403,475858.791796,475858.846505,met,0.002433
b14,L2,17,475859.621403,475859.776269,475859.883749,met,0.057566
b14,L1,26,475860.621403,475860.705498,475860.760413,met,0.003519
b14,L2,18,475862.621403,475862.775075,475862.881715,met,0.048122
b14,L1,27,475862.621403,475862.775048,475862.883203,met,0.050999
b14,L1,28,475864.621403,475864.721647,475864.772316,met,0.003438
b14,L2,19,475865.621403,475865.691403,475865.740574,met,0.001239
b14,L1,29,475866.621403,475866.755120,475866.810780,met,0.003627
b14,L1,30,475868.621403,475868.760023,475869.405724,missed,0.565450
b14,L2,20,475868.621403,475868.758027,475870.605682,met,1.771311
b14,L1,31,475870.621403,475870.769916,475870.950695,met,0.129235
b14,L2,21,475871.621403,475871.692378,475871.741777,met,0.001119
b14,L1,32,475872.621403,475872.757750,475872.817466,met,0.002913
b14,L2,22,475874.621403,475874.767654,475874.850911,met,0.001342
b14,L1,33,475874.621403,475874.767654,475874.852513,met,0.004648
b14,L1,34,475876.621403,475876.782395,475876.842899,met,0.002161
b14,L2,23,475877.621403,475877.739283,475877.789466,met,0.001547
b14,L1,35,475878.621403,475878.731484,475878.787302,met,0.001483
b14,L1,36,475880.621403,475880.750752,475880.808012,met,0.002833
b14,L2,24,475880.621403,475880.762455,475880.814603,met,0.001380
b14,L1,37,475882.621403,475882.768915,475882.820689,met,0.003747
b14,L2,25,475883.621403,475883.769352,475883.821103,met,0.001604
b14,L1,38,475884.621403,475884.689336,475884.745341,met,0.001382
b14,L2,26,475886.621403,475886.762330,475886.843195,met,0.001231
b14,L1,39,475886.621403,475886.762405,475886.844823,met,0.003852
b14,L1,40,475888.621403,475888.812361,475888.975015,met,0.096599
b14,L2,27,475889.621403,475889.756174,475889.810491,met,0.000910
b14,L1,41,475890.621403,475890.765331,475890.909654,met,0.078232
b14,L2,28,475892.621403,475892.740590,475892.797584,met,0.001109
b14,L1,42,475892.621403,475892.760789,475892.815716,met,0.001244
b14,L1,43,475894.621403,475894.747493,475894.795809,met,0.001348
b14,L2,29,475895.621403,475895.732843,475895.783400,met,0.001125
b14,L1,44,475896.621403,475896.732214,475896.784866,met,0.001025
b14,L1,45,475898.621403,475898.772677,475898.847120,met,0.014199
b14,L2,30,475898.621403,475898.772740,475898.847170,met,0.014448
b14,L1,46,475900.621403,475900.711737,475901.366984,missed,0.576038
b14,L2,31,475901.621403,475901.748974,475902.512466,met,0.697542
b14,L1,47,475902.621403,475902.753861,475902.803659,met,0.001002
b14,L2,32,475904.621403,475904.750403,475904.813325,met,0.002624
b14,L1,48,475904.621403,475904.750520,475904.813316,met,0.002271
b14,L1,49,475906.621403,475906.720389,475907.091319,met,0.313848
b14,L2,33,475907.621403,475907.749115,475907.804140,met,0.000993
b14,L1,50,475908.621403,475908.767575,475908.847066,met,0.003372
b14,L2,34,475910.621403,475910.707985,475910.792856,met,0.019967
b14,L1,51,475910.621403,475910.713677,475910.793255,met,0.019160
b14,L1,52,475912.621403,475912.756254,475912.807305,met,0.004468
b14,L2,35,475913.621403,475913.755955,475913.805749,met,0.001002
b14,L1,53,475914.621403,475914.748345,475914.798582,met,0.003799
b14,L2,36,475916.621403,475916.701196,475916.922630,met,0.154823
b14,L1,54,475916.621403,475916.717210,475916.924757,met,0.148395
b14,L1,55,475918.621403,475918.721701,475918.770016,met,0.001238
b14,L2,37,475919.621403,475919.760714,475919.810936,met,0.001040
b14,L1,56,475920.621403,475920.746610,475920.802031,met,0.005436
b14,L2,38,475922.621403,475922.766476,475922.820987,met,0.000858
b14,L1,57,475922.621403,475922.766488,475922.820987,met,0.002270
b14,L1,58,475924.621403,475924.759479,475924.811155,met,0.003968
b14,L2,39,475925.621403,475925.736581,475925.808397,met,0.022528
b14,L1,59,475926.621403,475926.759197,475926.892705,met,0.082416
b14,L1,60,475928.621403,475928.723724,475928.808772,met,0.026834
b14,L2,40,475928.621403,475928.723721,475928.808662,met,0.027430
b14,L1,61,475930.621403,475930.704241,475930.751940,met,0.001309
b14,L2,41,475931.621403,475931.776063,475932.982655,met,1.143805
b14,L1,62,475932.621403,475932.764533,475933.148807,met,0.333944
b14,L1,63,475934.621403,475934.708226,475934.758481,met,0.001805
b14,L2,42,475934.621403,475934.736300,475934.785173,met,0.001418
b14,L1,64,475936.621403,475936.719200,475936.767639,met,0.001887
b14,L2,43,475937.621403,475937.706233,475938.012620,met,0.243281
b14,L1,65,475938.621403,475938.771764,475938.821145,met,0.002755
b14,L1,66,475940.621403,475940.701177,475940.753511,met,0.003758
b14,L2,44,475940.621403,475940.719058,475940.768749,met,0.001164
b14,L1,67,475942.621403,475942.717688,475942.938623,met,0.160756
b14,L2,45,475943.621403,475943.743583,475943.794412,met,0.001493
b14,L1,68,475944.621403,475944.729511,475944.776574,met,0.001432
b14,L1,69,475946.621403,475946.717745,475946.765700,met,0.003185
b14,L2,46,475946.621403,475946.750304,475946.793540,met,0.001237
b14,L1,70,475948.621403,475948.760178,475949.133087,met,0.312244
b14,L2,47,475949.621403,475949.697274,475949.754101,met,0.001748
b14,L1,71,475950.621403,475950.715938,475950.789809,met,0.001827
b14,L2,48,475952.621403,475952.739054,475953.224959,met,0.415278
b14,L1,72,475952.621403,475952.739298,475953.361907,missed,0.558609
b14,L1,73,475954.621403,475954.765271,475954.814765,met,0.003094
b14,L2,49,475955.621403,475955.739896,475955.785864,met,0.001091
b14,L1,74,475956.621403,475956.707769,475956.756526,met,0.001096
b14,L2,50,475958.621403,475958.695262,475958.752376,met,0.001832
b14,L1,75,475958.621403,475958.705095,475958.765256,met,0.003188
b14,L1,76,475960.621403,475960.756830,475960.811662,met,0.002790
b14,L2,51,475961.621403,475961.767981,475961.834768,met,0.001339
b14,L1,77,475962.621403,475962.717865,475963.374220,missed,0.573878
b14,L2,52,475964.621403,475964.791514,475965.361914,met,0.502266
b14,L1,78,475964.621403,475964.766721,475965.370858,missed,0.518153
b14,L1,79,475966.621403,475966.795855,475966.874558,met,0.001657
b14,L2,53,475967.621403,475967.717092,475967.761683,met,0.000900
b14,L1,80,475968.621403,475968.769240,475968.824055,met,0.008925
b14,L1,81,475970.621403,475970.719449,475970.766971,met,0.003193
b14,L2,54,475970.621403,475970.750226,475970.801936,met,0.001451
b14,L1,82,475972.621403,475972.757328,475972.803238,met,0.002200
b14,L2,55,475973.621403,475973.748778,475973.794631,met,0.001118
b14,L1,83,475974.621403,475974.768598,475974.826723,met,0.004232
b14,L2,56,475976.621403,475976.740689,475976.788068,met,0.001257
b14,L1,84,475976.621403,475976.748918,475976.799144,met,0.003040
b14,L1,85,475978.621403,475978.723304,475978.769606,met,0.001968
b14,L2,57,475979.621403,475979.774033,475979.818320,met,0.000959
b14,L1,86,475980.621403,475980.732299,475981.003928,met,0.215413
b14,L1,87,475982.621403,475982.741095,475982.791367,met,0.003062
b14,L2,58,475982.621403,475982.738525,475982.791427,met,0.003616
b14,L1,88,475984.621403,475984.711293,475984.758607,met,0.001942
b14,L2,59,475985.621403,475985.766646,475985.815062,met,0.001234
b14,L1,89,475986.621403,475986.698545,475986.748146,met,0.003095
b14,L2,60,475988.621403,475988.756091,475988.809264,met,0.001332
b14,L1,90,475988.621403,475988.756161,475988.810280,met,0.003862
b14,L1,91,475990.621403,475990.706961,475990.753623,met,0.002788
b14,L2,61,475991.621403,475991.772300,475991.819032,met,0.001449
b14,L1,92,475992.621403,475992.772968,475992.820575,met,0.003379
b14,L1,93,475994.621403,475994.717485,475995.366369,missed,0.572533
b14,L2,62,475994.621403,475994.757286,475996.249644,met,1.427391
b14,L1,94,475996.621403,475996.709191,475996.757901,met,0.000862
b14,L2,63,475997.621403,475997.770906,475997.823624,met,0.000895
b14,L1,95,475998.621403,475998.747164,475998.811596,met,0.013428
b14,L2,64,476000.621403,476000.697752,476000.745644,met,0.000989
b14,L1,96,476000.621403,476000.751278,476000.823340,met,0.018354
b14,L1,97,476002.621403,476002.700791,476002.750783,met,0.003260
b14,L2,65,476003.621403,476003.733842,476003.777961,met,0.001836
b14,L1,98,476004.621403,476004.769182,476004.835804,met,0.018523
b14,L2,66,476006.621403,476006.698788,476006.751015,met,0.000926
b14,L1,99,476006.621403,476006.715470,476006.763166,met,0.001690
b14,L1,100,476008.621403,476008.716310,476008.764321,met,0.003526
b14,L2,67,476009.621403,476009.734914,476009.781855,met,0.001463
b14,L1,101,476010.621403,476010.742109,476010.800553,met,0.011226
b14,L1,102,476012.621403,476012.735995,476012.780908,met,0.000970
b14,L2,68,476012.621403,476012.755376,476012.799123,met,0.000911
b14,L1,103,476014.621403,476014.760062,476014.809064,met,0.003165
b14,L2,69,476015.621403,476015.765881,476015.812306,met,0.000943
b14,L1,104,476016.621403,476016.760754,476016.990190,met,0.175604
b14,L1,105,476018.621403,476018.748695,476018.805429,met,0.002229
b14,L2,70,476018.621403,476018.757496,476018.815623,met,0.001305
b14,L1,106,476020.621403,476020.784538,476020.834878,met,0.001866
b14,L2,71,476021.621403,476021.774477,476021.823873,met,0.001108
b14,L1,107,476022.621403,476022.750350,476022.801519,met,0.002214
b14,L2,72,476024.621403,476024.754722,476024.812565,met,0.001057
b14,L1,108,476024.621403,476024.754924,476024.812593,met,0.001530
b14,L1,109,476026.621403,476026.779289,476027.423129,missed,0.574113
b14,L2,73,476027.621403,476027.764853,476027.829145,met,0.015829
b14,L1,110,476028.621403,476028.755061,476028.809104,met,0.001078
b14,L2,74,476030.621403,476030.764050,476030.814214,met,0.001151
b14,L1,111,476030.621403,476030.767466,476030.816630,met,0.003481
b14,L1,112,476032.621403,476032.780850,476032.832443,met,0.005914
b14,L2,75,476033.621403,476033.745820,476033.889707,met,0.091206
b14,L1,113,476034.621403,476034.717057,476034.765640,met,0.002420
b14,L1,114,476036.621403,476036.754758,476036.956494,met,0.148573
b14,L2,76,476036.621403,476036.764543,476037.036597,met,0.220660
b14,L1,115,476038.621403,476038.741676,476038.789241,met,0.001134
b14,L2,77,476039.621403,476039.727357,476039.773214,met,0.001081
b14,L1,116,476040.621403,476040.694368,476040.826465,met,0.080484
b14,L2,78,476042.621403,476042.721705,476043.192139,met,0.413415
b14,L1,117,476042.621403,476042.740156,476043.306144,missed,0.502628
b14,L1,118,476044.621403,476044.775961,476044.822796,met,0.001299
b14,L2,79,476045.621403,476045.742047,476045.785001,met,0.001201
b14,L1,119,476046.621403,476046.717420,476046.774558,met,0.011087
b14,L2,80,476048.621403,476048.707831,476048.764625,met,0.003678
b14,L1,120,476048.621403,476048.707865,476048.764667,met,0.003421
b14,L1,121,476050.621403,476050.717442,476050.767309,met,0.001402
b14,L2,81,476051.621403,476051.764206,476051.836831,met,0.020069
b14,L1,122,476052.621403,476052.768487,476052.814171,met,0.003080
b14,L2,82,476054.621403,476054.773022,476054.820764,met,0.003315
b14,L1,123,476054.621403,476054.770080,476054.820705,met,0.003212
b14,L1,124,476056.621403,476056.753156,476057.323086,missed,0.510205
b14,L2,83,476057.621403,476057.754943,476059.058163,met,1.238763
b14,L1,125,476058.621403,476058.739623,476059.204390,met,0.415810
b14,L2,84,476060.621403,476060.749446,476060.801704,met,0.000825
b14,L1,126,476060.621403,476060.757076,476060.806467,met,0.000901
b14,L1,127,476062.621403,476062.741640,476062.792339,met,0.001740
b14,L2,85,476063.621403,476063.760497,476063.811692,met,0.001278
b14,L1,128,476064.621403,476064.733393,476064.785599,met,0.003076
b14,L2,86,476066.621403,476066.771021,476066.821510,met,0.001471
b14,L1,129,476066.621403,476066.770973,476066.821506,met,0.002392
b14,L1,130,476068.621403,476068.730638,476068.787480,met,0.003919
b14,L2,87,476069.621403,476069.754141,476069.799606,met,0.001233
b14,L1,131,476070.621403,476070.753002,476070.800210,met,0.003273
b14,L1,132,476072.621403,476072.754120,476072.809791,met,0.002038
b14,L2,88,476072.621403,476072.754219,476072.810464,met,0.001301
b14,L1,133,476074.621403,476074.707040,476074.754649,met,0.001826
b14,L2,89,476075.621403,476075.735480,476075.984319,met,0.188901
b14,L1,134,476076.621403,476076.745374,476076.840335,met,0.047255
b14,L1,135,476078.621403,476078.748381,476078.854733,met,0.053684
b14,L2,90,476078.621403,476078.756467,476078.854697,met,0.045650
b14,L1,136,476080.621403,476080.736645,476080.788809,met,0.003421
b14,L2,91,476081.621403,476081.777190,476081.840151,met,0.013636
b14,L1,137,476082.621403,476082.762298,476082.857735,met,0.045989
b14,L2,92,476084.621403,476084.752586,476084.808755,met,0.001161
b14,L1,138,476084.621403,476084.759760,476084.816327,met,0.002551
b14,L1,139,476086.621403,476086.770756,476086.818411,met,0.003199
b14,L2,93,476087.621403,476087.704200,476087.747614,met,0.001154
b14,L1,140,476088.621403,476088.704594,476089.348703,missed,0.571763
b14,L1,141,476090.621403,476090.712745,476090.763369,met,0.000921
b14,L2,94,476090.621403,476090.727624,476090.784557,met,0.001081
b14,L1,142,476092.621403,476092.779817,476092.856074,met,0.032832
b14,L2,95,476093.621403,476093.779953,476093.872950,met,0.046137
b14,L1,143,476094.621403,476094.699702,476094.743985,met,0.001899
b14,L1,144,476096.621403,476096.683633,476096.736333,met,0.002359
b14,L2,96,476096.621403,476096.749016,476096.818788,met,0.010425
b14,L1,145,476098.621403,476098.762525,476098.826924,met,0.002472
b14,L2,97,476099.621403,476099.752550,476099.804327,met,0.001239
b14,L1,146,476100.621403,476100.749847,476100.803343,met,0.002430
b14,L1,147,476102.621403,476102.714625,476102.796498,met,0.016941
b14,L2,98,476102.621403,476102.745163,476102.797844,met,0.001865
b14,L1,148,476104.621403,476104.775813,476104.822942,met,0.001948
b14,L2,99,476105.621403,476105.766168,476106.078922,met,0.259812
b14,L1,149,476106.621403,476106.724315,476106.770413,met,0.000895
b15,L2,0,476107.171907,476107.238938,476107.290619,met,0.001942
b15,L1,0,476107.171798,476107.239014,476107.290591,met,0.001369
b15,L1,1,476109.171798,476109.328550,476109.374314,met,0.001113
b15,L2,1,476110.171907,476110.321761,476110.368716,met,0.001064
b15,L1,2,476111.171798,476111.305975,476111.355923,met,0.003048
b15,L1,3,476113.171798,476113.260018,476113.309749,met,0.003072
b15,L2,2,476113.171907,476113.300903,476113.350352,met,0.001195
b15,L1,4,476115.171798,476115.270618,476115.318777,met,0.003050
b15,L2,3,476116.171907,476116.317349,476116.361998,met,0.001156
b15,L1,5,476117.171798,476117.291506,476117.343576,met,0.003145
b15,L1,6,476119.171798,476119.281031,476119.920988,missed,0.565791
b15,L2,4,476119.171907,476119.293740,476121.432303,missed,2.074420
b15,L1,7,476121.171798,476121.261372,476121.875230,missed,0.544926
b15,L2,5,476122.171907,476122.281565,476122.331410,met,0.000976
b15,L1,8,476123.171798,476123.253890,476123.301656,met,0.001147
b15,L2,6,476125.171907,476125.290887,476125.340705,met,0.001263
b15,L1,9,476125.171798,476125.301389,476125.356316,met,0.006789
b15,L1,10,476127.171798,476127.315965,476127.362426,met,0.002998
b15,L2,7,476128.171907,476128.301384,476128.353750,met,0.001278
b15,L1,11,476129.171798,476129.307038,476129.357034,met,0.001115
b15,L1,12,476131.171798,476131.318627,476131.369121,met,0.002920
b15,L2,8,476131.171907,476131.326038,476131.372790,met,0.000957
b15,L1,13,476133.171798,476133.301628,476133.438627,met,0.084642
b15,L2,9,476134.171907,476134.294588,476134.338331,met,0.001312
b15,L1,14,476135.171798,476135.336470,476135.381490,met,0.001329
b15,L2,10,476137.171907,476137.262251,476137.667610,met,0.343365
b15,L1,15,476137.171798,476137.280661,476137.667610,met,0.326458
b15,L1,16,476139.171798,476139.321528,476139.368094,met,0.003478
b15,L2,11,476140.171907,476140.285345,476140.330861,met,0.001168
b15,L1,17,476141.171798,476141.294666,476141.347263,met,0.003754
b15,L1,18,476143.171798,476143.254796,476143.302050,met,0.002811
b15,L2,12,476143.171907,476143.303317,476143.349817,met,0.001192
b15,L1,19,476145.171798,476145.255128,476145.303701,met,0.003384
b15,L2,13,476146.171907,476146.315893,476146.362790,met,0.001232
b15,L1,20,476147.171798,476147.318544,476147.366123,met,0.004013
b15,L2,14,476149.171907,476149.286174,476149.336662,met,0.001672
b15,L1,21,476149.171798,476149.286454,476149.342000,met,0.006491
b15,L1,22,476151.171798,476151.323465,476151.959894,missed,0.568022
b15,L2,15,476152.171907,476152.298569,476153.503953,met,1.147687
b15,L1,23,476153.171798,476153.263652,476153.583704,met,0.264680
b15,L1,24,476155.171798,476155.256633,476155.311274,met,0.003463
b15,L2,16,476155.171907,476155.256828,476155.311268,met,0.003877
b15,L1,25,476157.171798,476157.319955,476157.367323,met,0.004789
b15,L2,17,476158.171907,476158.309613,476158.355218,met,0.001248
b15,L1,26,476159.171798,476159.320579,476159.368825,met,0.003038
b15,L2,18,476161.171907,476161.314529,476161.360634,met,0.001294
b15,L1,27,476161.171798,476161.311358,476161.366006,met,0.004603
b15,L1,28,476163.171798,476163.322246,476163.371621,met,0.003233
b15,L2,19,476164.171907,476164.256094,476164.303010,met,0.001015
b15,L1,29,476165.171798,476165.287686,476165.339470,met,0.003091
b15,L1,30,476167.171798,476167.262958,476167.313628,met,0.002555
b15,L2,20,476167.171907,476167.290672,476167.340097,met,0.001111
b15,L1,31,476169.171798,476169.277565,476169.323670,met,0.001181
b15,L2,21,476170.171907,476170.322892,476170.370028,met,0.000899
b15,L1,32,476171.171798,476171.260586,476171.308018,met,0.002724
b15,L1,33,476173.171798,476173.304448,476173.886149,missed,0.503978
b15,L2,22,476173.171907,476173.256558,476174.292411,met,0.954045
b15,L1,34,476175.171798,476175.278456,476175.328298,met,0.001676
b15,L2,23,476176.171907,476176.320426,476176.365737,met,0.000883
b15,L1,35,476177.171798,476177.253758,476177.308427,met,0.001974
b15,L1,36,476179.171798,476179.259614,476179.316184,met,0.001187
b15,L2,24,476179.171907,476179.259620,476179.316159,met,0.001071
b15,L1,37,476181.171798,476181.269768,476181.318531,met,0.001002
b15,L2,25,476182.171907,476182.331244,476182.391607,met,0.012539
b15,L1,38,476183.171798,476183.270783,476183.916837,missed,0.574207
b15,L1,39,476185.171798,476185.287868,476185.541368,met,0.193393
b15,L2,26,476185.171907,476185.292584,476185.635751,met,0.293231
b15,L1,40,476187.171798,476187.255519,476187.305009,met,0.006509
b15,L2,27,476188.171907,476188.310457,476188.362405,met,0.003245
b15,L1,41,476189.171798,476189.258108,476189.304603,met,0.002876
b15,L1,42,476191.171798,476191.319091,476191.374173,met,0.003000
b15,L2,28,476191.171907,476191.319457,476191.374176,met,0.002788
b15,L1,43,476193.171798,476193.325904,476193.371272,met,0.003369
b15,L2,29,476194.171907,476194.270964,476194.337239,met,0.020039
b15,L1,44,476195.171798,476195.259645,476195.306640,met,0.003170
b15,L1,45,476197.171798,476197.287638,476197.344156,met,0.010324
b15,L2,30,476197.171907,476197.300540,476197.344151,met,0.000723
b15,L1,46,476199.171798,476199.312217,476199.359642,met,0.001276
b15,L2,31,476200.171907,476200.321475,476201.056389,met,0.672699
b15,L1,47,476201.171798,476201.256853,476201.304264,met,0.003465
b15,L2,32,476203.171907,476203.319101,476203.372425,met,0.003672
b15,L1,48,476203.171798,476203.317990,476203.372632,met,0.003125
b15,L1,49,476205.171798,476205.274864,476205.319571,met,0.001753
b15,L2,33,476206.171907,476206.317651,476206.362285,met,0.001181
b15,L1,50,476207.171798,476207.260402,476207.306277,met,0.002063
b15,L1,51,476209.171798,476209.251290,476209.299575,met,0.001473
b15,L2,34,476209.171907,476209.278213,476209.325242,met,0.001193
b15,L1,52,476211.171798,476211.380322,476211.433896,met,0.003114
b15,L2,35,476212.171907,476212.385638,476212.434145,met,0.001095
b15,L1,53,476213.171798,476213.404334,476213.451261,met,0.002017
b15,L2,36,476215.171907,476215.289497,476215.692568,met,0.339325
b15,L1,54,476215.171798,476215.383652,476215.907229,met,0.466434
b15,L1,55,476217.171798,476217.362384,476217.412003,met,0.004585
b15,L2,37,476218.171907,476218.305428,476218.362630,met,0.001035
b15,L1,56,476219.171798,476219.382639,476219.429898,met,0.004023
b15,L2,38,476221.171907,476221.325415,476221.381615,met,0.001695
b15,L1,57,476221.171798,476221.325479,476221.381689,met,0.001441
b15,L1,58,476223.171798,476223.283789,476223.332767,met,0.002997
b15,L2,39,476224.171907,476224.339509,476224.384583,met,0.001218
b15,L1,59,476225.171798,476225.289902,476225.338310,met,0.003550
b15,L2,40,476227.171907,476227.306623,476227.350488,met,0.000965
b15,L1,60,476227.171798,476227.351474,476227.398371,met,0.002102
b15,L1,61,476229.171798,476229.315091,476229.360077,met,0.002048
b15,L2,41,476230.171907,476230.360149,476230.406830,met,0.001155
b15,L1,62,476231.171798,476231.340777,476231.543504,met,0.146821
b15,L1,63,476233.171798,476233.306640,476233.354843,met,0.001850
b15,L2,42,476233.171907,476233.375529,476233.418276,met,0.000936
b15,L1,64,476235.171798,476235.378370,476235.428355,met,0.003497
b15,L2,43,476236.171907,476236.383853,476236.432606,met,0.001249
b15,L1,65,476237.171798,476237.298897,476237.382500,met,0.036636
b15,L1,66,476239.171798,476239.264419,476239.308327,met,0.001364
b15,L2,44,476239.171907,476239.377051,476239.421223,met,0.001366
b15,L1,67,476241.171798,476241.345706,476241.393500,met,0.002737
b15,L2,45,476242.171907,476242.350742,476242.555177,met,0.143861
b15,L1,68,476243.171798,476243.288605,476243.337977,met,0.001881
b15,L1,69,476245.171798,476245.308520,476245.353051,met,0.001560
b15,L2,46,476245.171907,476245.376558,476245.423740,met,0.001144
b15,L1,70,476247.171798,476247.325313,476248.031516,missed,0.640020
b15,L2,47,476248.171907,476248.279130,476248.737846,met,0.398316
b15,L1,71,476249.171798,476249.366325,476249.411620,met,0.001824
b15,L2,48,476251.171907,476251.367337,476251.421317,met,0.000932
b15,L1,72,476251.171798,476251.382862,476251.433714,met,0.001423
b15,L1,73,476253.171798,476253.376245,476253.426331,met,0.001769
b15,L2,49,476254.171907,476254.291423,476254.337338,met,0.001164
b15,L1,74,476255.171798,476255.392093,476255.447853,met,0.005800
b15,L1,75,476257.171798,476257.332700,476257.382356,met,0.002610
b15,L2,50,476257.171907,476257.371410,476257.449447,met,0.030745
b15,L1,76,476259.171798,476259.389015,476259.476133,met,0.025012
b15,L2,51,476260.171907,476260.310275,476260.364102,met,0.001064
b15,L1,77,476261.171798,476261.416165,476261.464283,met,0.000945
b15,L1,78,476263.171798,476263.347804,476264.101040,missed,0.645127
b15,L2,52,476263.171907,476263.413806,476265.668047,missed,2.146967
b15,L1,79,476265.171798,476265.428517,476266.183818,missed,0.648645
b15,L1,80,476267.171798,476267.432210,476268.182710,missed,0.649072
b15,L2,53,476266.171907,476266.422210,476268.674876,missed,2.151289
b15,L1,81,476269.171798,476269.437432,476270.180975,missed,0.644338
b15,L2,54,476269.171907,476269.428884,476271.670832,missed,2.140841
b15,L1,82,476271.171798,476271.433101,476272.154348,missed,0.616144
b15,L1,83,476273.171798,476273.317136,476274.057018,missed,0.646948
b15,L2,55,476272.171907,476272.440197,476274.269781,met,1.754264
b15,L2,56,476275.171907,476275.427509,476275.502077,met,0.001578
b15,L1,84,476275.171798,476275.426042,476275.502068,met,0.002540
b15,L1,85,476277.171798,476277.402669,476277.531593,met,0.049428
b15,L2,57,476278.171907,476278.423873,476278.539802,met,0.043763
b15,L1,86,476279.171798,476279.360703,476280.075926,missed,0.641012
b15,L2,58,476281.171907,476281.401890,476281.511538,met,0.050489
b15,L1,87,476281.171798,476281.413663,476281.511429,met,0.040524
b15,L1,88,476283.171798,476283.390992,476283.472166,met,0.028316
b15,L2,59,476284.171907,476284.415492,476284.470379,met,0.009088
b15,L1,89,476285.171798,476285.325303,476285.372669,met,0.001848
b15,L2,60,476287.171907,476287.341086,476287.401424,met,0.012274
b15,L1,90,476287.171798,476287.360126,476287.409943,met,0.001874
b15,L1,91,476289.171798,476289.382669,476289.429658,met,0.003552
b15,L2,61,476290.171907,476290.350685,476290.397834,met,0.000977
b15,L1,92,476291.171798,476291.281236,476291.327180,met,0.003041
b15,L1,93,476293.171798,476293.392267,476293.446764,met,0.003521
b15,L2,62,476293.171907,476293.392108,476293.491549,met,0.046766
b15,L1,94,476295.171798,476295.319408,476295.367573,met,0.002784
b15,L2,63,476296.171907,476296.251991,476296.399038,met,0.096499
b15,L1,95,476297.171798,476297.375991,476297.421552,met,0.003006
b15,L1,96,476299.171798,476299.341791,476299.392936,met,0.003193
b15,L2,64,476299.171907,476299.374472,476299.421728,met,0.001351
b15,L1,97,476301.171798,476301.388232,476301.434852,met,0.001366
b15,L2,65,476302.171907,476302.384443,476302.798412,met,0.355495
b15,L1,98,476303.171798,476303.350259,476303.395286,met,0.003100
b15,L2,66,476305.171907,476305.334196,476305.383825,met,0.000986
b15,L1,99,476305.171798,476305.384057,476305.435894,met,0.001997
b15,L1,100,476307.171798,476307.265726,476307.311973,met,0.001319
b15,L2,67,476308.171907,476308.350523,476308.396945,met,0.000923
b15,L1,101,476309.171798,476309.327068,476309.375189,met,0.001729
b15,L1,102,476311.171798,476311.384335,476312.102999,missed,0.644959
b15,L2,68,476311.171907,476311.342092,476313.143980,met,1.736317
b15,L1,103,476313.171798,476313.388837,476313.433670,met,0.000930
b15,L2,69,476314.171907,476314.365751,476314.410588,met,0.000850
b15,L1,104,476315.171798,476315.334713,476315.381427,met,0.001776
b15,L2,70,476317.171907,476317.389408,476317.438285,met,0.000941
b15,L1,105,476317.171798,476317.388279,476317.438259,met,0.002363
b15,L1,106,476319.171798,476319.342670,476319.387210,met,0.003018
b15,L2,71,476320.171907,476320.393543,476320.442841,met,0.001032
b15,L1,107,476321.171798,476321.250781,476321.297963,met,0.002845
b15,L2,72,476323.171907,476323.282237,476323.325425,met,0.001033
b15,L1,108,476323.171798,476323.361721,476323.407692,met,0.001727
b15,L1,109,476325.171798,476325.367909,476325.412959,met,0.001745
b15,L2,73,476326.171907,476326.365903,476326.408605,met,0.001194
b15,L1,110,476327.171798,476327.384305,476327.431193,met,0.003459
b15,L2,74,476329.171907,476329.294292,476329.359219,met,0.009527
b15,L1,111,476329.171798,476329.294160,476329.359167,met,0.008864
b15,L1,112,476331.171798,476331.399075,476331.447609,met,0.002037
b15,L2,75,476332.171907,476332.324365,476332.418711,met,0.047177
b15,L1,113,476333.171798,476333.351660,476333.615470,met,0.205150
b15,L1,114,476335.171798,476335.276964,476335.376736,met,0.043329
b15,L2,76,476335.171907,476335.276642,476335.382318,met,0.049181
b15,L1,115,476337.171798,476337.378946,476337.425571,met,0.001329
b15,L2,77,476338.171907,476338.368180,476338.411497,met,0.001374
b15,L1,116,476339.171798,476339.341276,476339.390769,met,0.004004
b15,L2,78,476341.171907,476341.250305,476341.291132,met,0.001476
b15,L1,117,476341.171798,476341.314344,476341.360529,met,0.003849
b15,L1,118,476343.171798,476343.313578,476344.028122,missed,0.648978
b15,L2,79,476344.171907,476344.301655,476344.656192,met,0.300019
b15,L1,119,476345.171798,476345.352161,476345.395066,met,0.001805
b15,L2,80,476347.171907,476347.269078,476347.306234,met,0.001226
b15,L1,120,476347.171798,476347.359909,476347.467182,met,0.070538
b15,L1,121,476349.171798,476349.383660,476349.423519,met,0.002106
b15,L2,81,476350.171907,476350.258031,476350.375535,met,0.073563
b15,L1,122,476351.171798,476351.241975,476351.282090,met,0.002908
b15,L1,123,476353.171798,476353.283185,476353.320625,met,0.001509
b15,L2,82,476353.171907,476353.339459,476353.378369,met,0.001316
b15,L1,124,476355.171798,476355.261604,476355.373452,met,0.071662
b15,L2,83,476356.171907,476356.285799,476356.325779,met,0.001162
b15,L1,125,476357.171798,476357.363999,476357.406815,met,0.001978
b15,L1,126,476359.171798,476359.259609,476359.576140,met,0.260735
b15,L2,84,476359.171907,476359.312068,476359.658599,met,0.302115
b15,L1,127,476361.171798,476361.393698,476361.435765,met,0.001789
b15,L2,85,476362.171907,476362.393644,476362.436929,met,0.000883
b15,L1,128,476363.171798,476363.329518,476363.371080,met,0.003202
b15,L2,86,476365.171907,476365.245727,476365.409945,met,0.119546
b15,L1,129,476365.171798,476365.283471,476365.410619,met,0.088968
b15,L1,130,476367.171798,476367.276165,476367.314414,met,0.001755
b15,L2,87,476368.171907,476368.269103,476368.309451,met,0.001199
b15,L1,131,476369.171798,476369.277001,476369.318977,met,0.003369
b15,L1,132,476371.171798,476371.263214,476371.311761,met,0.003252
b15,L2,88,476371.171907,476371.262962,476371.311721,met,0.003956
b15,L1,133,476373.171798,476373.290786,476373.332785,met,0.003485
b15,L2,89,476374.171907,476374.252452,476375.600485,met,1.289680
b15,L1,134,476375.171798,476375.259133,476375.964314,missed,0.639475
b15,L2,90,476377.171907,476377.243677,476377.282433,met,0.001220
b15,L1,135,476377.171798,476377.378236,476377.416251,met,0.001443
b15,L1,136,476379.171798,476379.242272,476379.282509,met,0.001173
b15,L2,91,476380.171907,476380.303369,476380.342253,met,0.001036
b15,L1,137,476381.171798,476381.339213,476381.450481,met,0.069129
b15,L2,92,476383.171907,476383.249837,476383.295951,met,0.001806
b15,L1,138,476383.171798,476383.249284,476383.295980,met,0.001141
b15,L1,139,476385.171798,476385.256374,476385.295570,met,0.001945
b15,L2,93,476386.171907,476386.278411,476386.314874,met,0.001151
b15,L1,140,476387.171798,476387.290301,476387.328492,met,0.001392
b15,L2,94,476389.171907,476389.317795,476389.364365,met,0.001264
b15,L1,141,476389.171798,476389.317863,476389.366013,met,0.003746
b15,L1,142,476391.171798,476391.251909,476391.506794,met,0.198869
b15,L2,95,476392.171907,476392.369797,476392.408940,met,0.001120
b15,L1,143,476393.171798,476393.377041,476393.436331,met,0.018887
b15,L2,96,476395.171907,476395.291439,476395.346395,met,0.012952
b15,L1,144,476395.171798,476395.291546,476395.347185,met,0.015238
b15,L1,145,476397.171798,476397.364194,476397.403446,met,0.001749
b15,L2,97,476398.171907,476398.344942,476398.381863,met,0.000833
b15,L1,146,476399.171798,476399.283088,476399.321233,met,0.001386
b15,L2,98,476401.171907,476401.332375,476401.376593,met,0.001166
b15,L1,147,476401.171798,476401.332374,476401.376593,met,0.002327
b15,L1,148,476403.171798,476403.349749,476403.392611,met,0.002387
b15,L2,99,476404.171907,476404.272250,476404.321959,met,0.001417
b15,L1,149,476405.171798,476405.386570,476406.089555,missed,0.636351
b16,L2,0,476407.584206,476407.650985,476407.699269,met,0.002234
b16,L1,0,476407.584184,476407.651059,476407.699438,met,0.001727
b16,L1,1,476409.584184,476409.809872,476409.848542,met,0.001370
b16,L2,1,476410.584206,476410.804581,476410.850538,met,0.001003
b16,L1,2,476411.584184,476411.698071,476411.806135,met,0.065917
b16,L1,3,476413.584184,476413.691072,476413.730446,met,0.001915
b16,L2,2,476413.584206,476413.734760,476413.801906,met,0.028593
b16,L1,4,476415.584184,476415.721926,476415.761915,met,0.001528
b16,L2,3,476416.584206,476416.708359,476416.752986,met,0.000925
b16,L1,5,476417.584184,476417.782848,476417.838356,met,0.008414
b16,L2,4,476419.584206,476419.669989,476419.712555,met,0.001641
b16,L1,6,476419.584184,476419.772336,476419.842134,met,0.027937
b16,L1,7,476421.584184,476421.664723,476421.733380,met,0.026549
b16,L2,5,476422.584206,476422.656782,476422.942879,met,0.229147
b16,L1,8,476423.584184,476423.793589,476423.840098,met,0.005506
b16,L2,6,476425.584206,476425.787031,476425.831597,met,0.001016
b16,L1,9,476425.584184,476425.786772,476425.832380,met,0.002305
b16,L1,10,476427.584184,476427.767612,476427.813258,met,0.001847
b16,L2,7,476428.584206,476428.754558,476428.808696,met,0.001530
b16,L1,11,476429.584184,476429.756171,476429.808395,met,0.004261
b16,L1,12,476431.584184,476431.694689,476431.740673,met,0.004200
b16,L2,8,476431.584206,476431.684838,476431.740647,met,0.011955
b16,L1,13,476433.584184,476433.675622,476433.721664,met,0.001584
b16,L2,9,476434.584206,476434.664228,476434.704705,met,0.000844
b16,L1,14,476435.584184,476435.658230,476435.705603,met,0.004332
b16,L2,10,476437.584206,476437.733867,476437.995439,met,0.208529
b16,L1,15,476437.584184,476437.741785,476438.292905,met,0.494103
b16,L1,16,476439.584184,476439.675489,476439.719424,met,0.001800
b16,L2,11,476440.584206,476440.788406,476441.063884,met,0.218903
b16,L1,17,476441.584184,476441.693516,476441.744130,met,0.003101
b16,L1,18,476443.584184,476443.765696,476443.894364,met,0.080032
b16,L2,12,476443.584206,476443.765542,476443.894332,met,0.080551
b16,L1,19,476445.584184,476445.689095,476445.730875,met,0.001705
b16,L2,13,476446.584206,476446.695286,476446.739040,met,0.001325
b16,L1,20,476447.584184,476447.689126,476447.785715,met,0.056060
b16,L1,21,476449.584184,476449.661249,476449.705239,met,0.001353
b16,L2,14,476449.584206,476449.670193,476449.713045,met,0.001379
b16,L1,22,476451.584184,476451.664929,476451.709884,met,0.003107
b16,L2,15,476452.584206,476452.721869,476452.786263,met,0.022865
b16,L1,23,476453.584184,476453.708551,476453.887258,met,0.122346
b16,L2,16,476455.584206,476455.661192,476455.717828,met,0.001136
b16,L1,24,476455.584184,476455.702715,476455.755634,met,0.001320
b16,L1,25,476457.584184,476457.684304,476457.837762,met,0.102497
b16,L2,17,476458.584206,476458.681477,476458.722324,met,0.000910
b16,L1,26,476459.584184,476459.722279,476459.766859,met,0.002810
b16,L2,18,476461.584206,476461.722880,476461.763381,met,0.000856
b16,L1,27,476461.584184,476461.717126,476461.763523,met,0.001478
b16,L1,28,476463.584184,476463.681574,476463.727818,met,0.001895
b16,L2,19,476464.584206,476464.681519,476464.725582,met,0.000924
b16,L1,29,476465.584184,476465.682453,476465.724749,met,0.001773
b16,L1,30,476467.584184,476467.714797,476468.337077,missed,0.559640
b16,L2,20,476467.584206,476467.684789,476469.196414,met,1.454296
b16,L1,31,476469.584184,476469.675063,476469.798415,met,0.078984
b16,L2,21,476470.584206,476470.694531,476470.735222,met,0.001244
b16,L1,32,476471.584184,476471.721538,476471.893900,met,0.112349
b16,L1,33,476473.584184,476473.725917,476473.873331,met,0.099331
b16,L2,22,476473.584206,476473.727925,476473.884512,met,0.117261
b16,L1,34,476475.584184,476475.662226,476475.940209,met,0.224356
b16,L2,23,476476.584206,476476.667160,476476.709675,met,0.001241
b16,L1,35,476477.584184,476477.731899,476477.781615,met,0.008938
b16,L2,24,476479.584206,476479.709436,476479.749066,met,0.000914
b16,L1,36,476479.584184,476479.706289,476479.749066,met,0.002125
b16,L1,37,476481.584184,476481.722636,476481.762786,met,0.001131
b16,L2,25,476482.584206,476482.706650,476482.748054,met,0.000906
b16,L1,38,476483.584184,476483.713088,476483.829437,met,0.069255
b16,L1,39,476485.584184,476485.693162,476485.739043,met,0.000996
b16,L2,26,476485.584206,476485.692879,476485.739126,met,0.001306
b16,L1,40,476487.584184,476487.732551,476487.781816,met,0.006330
b16,L2,27,476488.584206,476488.721504,476488.802680,met,0.038799
b16,L1,41,476489.584184,476489.725628,476489.770895,met,0.003186
b16,L2,28,476491.584206,476491.656593,476491.701254,met,0.001273
b16,L1,42,476491.584184,476491.656537,476491.701600,met,0.003752
b16,L1,43,476493.584184,476493.687341,476493.807866,met,0.075561
b16,L2,29,476494.584206,476494.717088,476494.757945,met,0.001111
b16,L1,44,476495.584184,476495.658427,476495.706561,met,0.008238
b16,L1,45,476497.584184,476497.674102,476497.715075,met,0.003149
b16,L2,30,476497.584206,476497.710363,476497.750177,met,0.001232
b16,L1,46,476499.584184,476499.681150,476500.315600,missed,0.571213
b16,L2,31,476500.584206,476500.684036,476500.860708,met,0.118910
b16,L1,47,476501.584184,476501.731393,476501.774434,met,0.001726
b16,L1,48,476503.584184,476503.723588,476503.773685,met,0.001915
b16,L2,32,476503.584206,476503.723330,476503.773801,met,0.002263
b16,L1,49,476505.584184,476505.735169,476505.779827,met,0.005249
b16,L2,33,476506.584206,476506.666141,476506.717722,met,0.001227
b16,L1,50,476507.584184,476507.731821,476507.776642,met,0.001749
b16,L2,34,476509.584206,476509.735445,476509.793106,met,0.006823
b16,L1,51,476509.584184,476509.735412,476509.793104,met,0.005756
b16,L1,52,476511.584184,476511.709849,476511.752605,met,0.001808
b16,L2,35,476512.584206,476512.697816,476512.745390,met,0.001676
b16,L1,53,476513.584184,476513.684208,476513.727057,met,0.001769
b16,L1,54,476515.584184,476515.677760,476516.172417,met,0.437692
b16,L2,36,476515.584206,476515.677739,476516.319518,met,0.596988
b16,L1,55,476517.584184,476517.701523,476517.838175,met,0.090231
b16,L2,37,476518.584206,476518.668620,476518.712990,met,0.002281
b16,L1,56,476519.584184,476519.658123,476519.700189,met,0.003021
b16,L2,38,476521.584206,476521.670580,476521.718414,met,0.004118
b16,L1,57,476521.584184,476521.670709,476521.718411,met,0.003385
b16,L1,58,476523.584184,476523.706160,476523.749398,met,0.001824
b16,L2,39,476524.584206,476524.668554,476524.714253,met,0.001257
b16,L1,59,476525.584184,476525.723385,476525.779499,met,0.002901
b16,L2,40,476527.584206,476527.660451,476527.702269,met,0.000942
b16,L1,60,476527.584184,476527.701064,476527.742779,met,0.001722
b16,L1,61,476529.584184,476529.729114,476529.773708,met,0.002553
b16,L2,41,476530.584206,476530.705249,476531.726219,met,0.972148
b16,L1,62,476531.584184,476531.717202,476532.180006,met,0.405014
b16,L1,63,476533.584184,476533.685862,476533.731207,met,0.002080
b16,L2,42,476533.584206,476533.685461,476533.731313,met,0.001265
b16,L1,64,476535.584184,476535.668037,476535.709352,met,0.003113
b16,L2,43,476536.584206,476536.685409,476536.727483,met,0.001316
b16,L1,65,476537.584184,476537.706694,476537.745190,met,0.001712
b16,L1,66,476539.584184,476539.690805,476539.731408,met,0.001293
b16,L2,44,476539.584206,476539.699165,476539.739285,met,0.001044
b16,L1,67,476541.584184,476541.728374,476541.773332,met,0.002208
b16,L2,45,476542.584206,476542.709065,476542.752183,met,0.001189
b16,L1,68,476543.584184,476543.685134,476544.319851,missed,0.569480
b16,L2,46,476545.584206,476545.652698,476545.694522,met,0.000870
b16,L1,69,476545.584184,476545.678285,476545.718414,met,0.001749
b16,L1,70,476547.584184,476547.708504,476547.750239,met,0.001726
b16,L2,47,476548.584206,476548.689056,476548.739814,met,0.001159
b16,L1,71,476549.584184,476549.715556,476549.759100,met,0.001881
b16,L1,72,476551.584184,476551.659992,476551.706069,met,0.001987
b16,L2,48,476551.584206,476551.670065,476551.713914,met,0.000918
b16,L1,73,476553.584184,476553.661972,476553.704075,met,0.000987
b16,L2,49,476554.584206,476554.703646,476554.745701,met,0.001521
b16,L1,74,476555.584184,476555.673993,476555.717128,met,0.001668
b16,L1,75,476557.584184,476557.689821,476557.740958,met,0.002259
b16,L2,50,476557.584206,476557.689902,476557.740931,met,0.000983
b16,L1,76,476559.584184,476559.737564,476559.777628,met,0.003593
b16,L2,51,476560.584206,476560.703693,476560.743236,met,0.001280
b16,L1,77,476561.584184,476561.729733,476562.371751,missed,0.575767
b16,L1,78,476563.584184,476563.683745,476563.798341,met,0.076136
b16,L2,52,476563.584206,476563.676524,476563.798338,met,0.083203
b16,L1,79,476565.584184,476565.661813,476565.708429,met,0.006621
b16,L2,53,476566.584206,476566.669038,476566.709714,met,0.001690
b16,L1,80,476567.584184,476567.704038,476567.741992,met,0.001826
b16,L2,54,476569.584206,476569.695055,476569.735414,met,0.000882
b16,L1,81,476569.584184,476569.701265,476569.737866,met,0.001531
b16,L1,82,476571.584184,476571.723311,476571.774106,met,0.001993
b16,L2,55,476572.584206,476572.721899,476572.762735,met,0.000882
b16,L1,83,476573.584184,476573.729015,476573.772638,met,0.003552
b16,L1,84,476575.584184,476575.708236,476575.751437,met,0.001749
b16,L2,56,476575.584206,476575.706170,476575.751449,met,0.002020
b16,L1,85,476577.584184,476577.674262,476577.714758,met,0.001790
b16,L2,57,476578.584206,476578.662854,476579.117828,met,0.400662
b16,L1,86,476579.584184,476579.723720,476579.761900,met,0.001233
b16,L1,87,476581.584184,476581.693508,476581.743132,met,0.001725
b16,L2,58,476581.584206,476581.693508,476581.743115,met,0.002018
b16,L1,88,476583.584184,476583.685456,476583.726680,met,0.002396
b16,L2,59,476584.584206,476584.719752,476584.758295,met,0.002274
b16,L1,89,476585.584184,476585.672399,476585.714450,met,0.001889
b16,L1,90,476587.584184,476587.728788,476587.777536,met,0.002232
b16,L2,60,476587.584206,476587.728792,476587.778019,met,0.000921
b16,L1,91,476589.584184,476589.670372,476589.718525,met,0.007690
b16,L2,61,476590.584206,476590.671128,476590.710449,met,0.001271
b16,L1,92,476591.584184,476591.709420,476591.745747,met,0.001322
b16,L1,93,476593.584184,476593.699963,476594.334699,missed,0.571693
b16,L2,62,476593.584206,476593.703569,476594.775172,met,1.016606
b16,L1,94,476595.584184,476595.706560,476595.747060,met,0.001272
b16,L2,63,476596.584206,476596.657050,476596.696138,met,0.001205
b16,L1,95,476597.584184,476597.668657,476597.709986,met,0.003145
b16,L2,64,476599.584206,476599.661809,476599.705632,met,0.001194
b16,L1,96,476599.584184,476599.661918,476599.708113,met,0.004327
b16,L1,97,476601.584184,476601.679113,476601.724118,met,0.003722
b16,L2,65,476602.584206,476602.714926,476602.754658,met,0.001193
b16,L1,98,476603.584184,476603.687890,476603.865007,met,0.122468
b16,L1,99,476605.584184,476605.657040,476605.697646,met,0.000923
b16,L2,66,476605.584206,476605.707054,476605.749950,met,0.000955
b16,L1,100,476607.584184,476607.710832,476607.751820,met,0.003336
b16,L2,67,476608.584206,476608.723970,476608.771874,met,0.009931
b16,L1,101,476609.584184,476609.667049,476610.265358,missed,0.537166
b16,L1,102,476611.584184,476611.690130,476611.729105,met,0.000998
b16,L2,68,476611.584206,476611.700338,476611.738899,met,0.000916
b16,L1,103,476613.584184,476613.680260,476613.772572,met,0.052476
b16,L2,69,476614.584206,476614.674489,476614.714033,met,0.001215
b16,L1,104,476615.584184,476615.671698,476615.928510,met,0.199212
b16,L1,105,476617.584184,476617.662642,476617.706801,met,0.003284
b16,L2,70,476617.584206,476617.672390,476617.710641,met,0.001191
b16,L1,106,476619.584184,476619.691609,476619.734260,met,0.001927
b16,L2,71,476620.584206,476620.660515,476620.702032,met,0.000912
b16,L1,107,476621.584184,476621.713703,476621.752037,met,0.001406
b16,L1,108,476623.584184,476623.689225,476623.870841,met,0.131201
b16,L2,72,476623.584206,476623.697230,476623.924753,met,0.185381
b16,L1,109,476625.584184,476625.716591,476626.344978,missed,0.567467
b16,L2,73,476626.584206,476626.702698,476626.743372,met,0.001257
b16,L1,110,476627.584184,476627.731986,476627.774920,met,0.003799
b16,L2,74,476629.584206,476629.690576,476629.731315,met,0.001206
b16,L1,111,476629.584184,476629.699928,476629.741668,met,0.003998
b16,L1,112,476631.584184,476631.659477,476631.699178,met,0.003423
b16,L2,75,476632.584206,476632.664789,476632.705491,met,0.001194
b16,L1,113,476633.584184,476633.665680,476633.729811,met,0.017337
b16,L2,76,476635.584206,476635.665733,476635.707407,met,0.001367
b16,L1,114,476635.584184,476635.664883,476635.707458,met,0.000951
b16,L1,115,476637.584184,476637.666810,476637.707422,met,0.003059
b16,L2,77,476638.584206,476638.687359,476638.727640,met,0.000884
b16,L1,116,476639.584184,476639.671796,476639.715757,met,0.003438
b16,L1,117,476641.584184,476641.729600,476642.264897,met,0.476425
b16,L2,78,476641.584206,476641.730453,476642.272429,met,0.493289
b16,L1,118,476643.584184,476643.687268,476643.727193,met,0.002218
b16,L2,79,476644.584206,476644.674617,476644.714671,met,0.001201
b16,L1,119,476645.584184,476645.658833,476645.701446,met,0.003455
b16,L1,120,476647.584184,476647.659466,476647.702301,met,0.002494
b16,L2,80,476647.584206,476647.659406,476647.702280,met,0.001373
b16,L1,121,476649.584184,476649.733498,476649.774667,met,0.003008
b16,L2,81,476650.584206,476650.706906,476650.748893,met,0.001203
b16,L1,122,476651.584184,476651.684891,476651.724857,met,0.001686
b16,L1,123,476653.584184,476653.678096,476653.964520,met,0.224548
b16,L2,82,476653.584206,476653.678083,476653.964434,met,0.226316
b16,L1,124,476655.584184,476655.706074,476656.341647,missed,0.572500
b16,L2,83,476656.584206,476656.739164,476657.011255,met,0.209350
b16,L1,125,476657.584184,476657.708067,476657.860701,met,0.105364
b16,L1,126,476659.584184,476659.672300,476659.715441,met,0.003917
b16,L2,84,476659.584206,476659.680566,476659.718693,met,0.001329
b16,L1,127,476661.584184,476661.676617,476661.716559,met,0.001684
b16,L2,85,476662.584206,476662.650840,476662.691684,met,0.001224
b16,L1,128,476663.584184,476663.667185,476663.707682,met,0.002421
b16,L2,86,476665.584206,476665.654930,476665.695521,met,0.001064
b16,L1,129,476665.584184,476665.679153,476665.721794,met,0.000920
b16,L1,130,476667.584184,476667.663190,476667.705511,met,0.003685
b16,L2,87,476668.584206,476668.693286,476668.736599,met,0.000965
b16,L1,131,476669.584184,476669.674619,476669.714806,met,0.003572
b16,L2,88,476671.584206,476671.693374,476671.738249,met,0.002259
b16,L1,132,476671.584184,476671.693452,476671.738554,met,0.001537
b16,L1,133,476673.584184,476673.678681,476673.719111,met,0.002025
b16,L2,89,476674.584206,476674.693539,476674.730900,met,0.001185
b16,L1,134,476675.584184,476675.729000,476675.772259,met,0.004194
b16,L2,90,476677.584206,476677.658311,476677.701736,met,0.001266
b16,L1,135,476677.584184,476677.659452,476677.701629,met,0.001997
b16,L1,136,476679.584184,476679.693407,476679.734566,met,0.003083
b16,L2,91,476680.584206,476680.674662,476680.715157,met,0.001329
b16,L1,137,476681.584184,476681.653413,476681.773510,met,0.074710
b16,L1,138,476683.584184,476683.658613,476683.698107,met,0.002157
b16,L2,92,476683.584206,476683.671568,476683.711575,met,0.000869
b16,L1,139,476685.584184,476685.661595,476685.705777,met,0.001454
b16,L2,93,476686.584206,476686.660099,476686.699752,met,0.001251
b16,L1,140,476687.584184,476687.671339,476688.303515,missed,0.571500
b16,L2,94,476689.584206,476689.657588,476689.698129,met,0.001338
b16,L1,141,476689.584184,476689.669799,476689.715289,met,0.003904
b16,L1,142,476691.584184,476691.670924,476691.715270,met,0.003922
b16,L2,95,476692.584206,476692.717803,476692.756561,met,0.001211
b16,L1,143,476693.584184,476693.693125,476693.733401,met,0.001458
b16,L2,96,476695.584206,476695.669205,476695.712594,met,0.000879
b16,L1,144,476695.584184,476695.676738,476695.716975,met,0.000913
b16,L1,145,476697.584184,476697.679059,476697.720746,met,0.003802
b16,L2,97,476698.584206,476698.648489,476698.687218,met,0.001404
b16,L1,146,476699.584184,476699.684635,476699.725484,met,0.002932
b16,L1,147,476701.584184,476701.711332,476701.758097,met,0.003089
b16,L2,98,476701.584206,476701.711307,476701.758212,met,0.003682
b16,L1,148,476703.584184,476703.688434,476703.997668,met,0.252356
b16,L2,99,476704.584206,476704.670116,476704.892728,met,0.168093
b16,L1,149,476705.584184,476705.688818,476705.733704,met,0.003052
b17,L2,0,476706.122894,476706.184738,476706.265865,met,0.036897
b17,L1,0,476706.122877,476706.184738,476706.265681,met,0.036206
b17,L1,1,476708.122877,476708.202530,476708.243272,met,0.001025
b17,L2,1,476709.122894,476709.269260,476709.309273,met,0.000854
b17,L1,2,476710.122877,476710.224582,476710.266046,met,0.003626
b17,L1,3,476712.122877,476712.193793,476712.269026,met,0.028320
b17,L2,2,476712.122894,476712.230987,476712.288147,met,0.013407
b17,L1,4,476714.122877,476714.207184,476714.249581,met,0.000960
b17,L2,3,476715.122894,476715.220172,476715.262355,met,0.001399
b17,L1,5,476716.122877,476716.196630,476716.241206,met,0.001738
b17,L1,6,476718.122877,476718.197027,476718.843550,missed,0.575736
b17,L2,4,476718.122894,476718.226934,476720.357981,missed,2.074173
b17,L1,7,476720.122877,476720.202891,476720.795284,missed,0.530621
b17,L2,5,476721.122894,476721.213997,476721.257270,met,0.000887
b17,L1,8,476722.122877,476722.223457,476722.266744,met,0.001203
b17,L2,6,476724.122894,476724.264882,476724.311592,met,0.001134
b17,L1,9,476724.122877,476724.269862,476724.317839,met,0.002027
b17,L1,10,476726.122877,476726.235350,476726.277320,met,0.002311
b17,L2,7,476727.122894,476727.268370,476727.309489,met,0.000958
b17,L1,11,476728.122877,476728.251857,476728.336619,met,0.040212
b17,L2,8,476730.122894,476730.191558,476730.232139,met,0.000925
b17,L1,12,476730.122877,476730.203308,476730.245606,met,0.002192
b17,L1,13,476732.122877,476732.206930,476732.249789,met,0.002174
b17,L2,9,476733.122894,476733.263837,476733.304852,met,0.000917
b17,L1,14,476734.122877,476734.201751,476734.243391,met,0.000972
b17,L1,15,476736.122877,476736.193605,476736.244867,met,0.008460
b17,L2,10,476736.122894,476736.244729,476736.287786,met,0.000973
b17,L1,16,476738.122877,476738.196165,476738.238069,met,0.001765
b17,L2,11,476739.122894,476739.203317,476739.244819,met,0.000879
b17,L1,17,476740.122877,476740.267562,476740.338238,met,0.025667
b17,L1,18,476742.122877,476742.195132,476742.233442,met,0.001053
b17,L2,12,476742.122894,476742.232563,476742.273917,met,0.000892
b17,L1,19,476744.122877,476744.194540,476744.237686,met,0.001831
b17,L2,13,476745.122894,476745.227211,476745.268037,met,0.000936
b17,L1,20,476746.122877,476746.217080,476746.259259,met,0.002171
b17,L2,14,476748.122894,476748.230535,476748.272692,met,0.000978
b17,L1,21,476748.122877,476748.254820,476748.298445,met,0.001856
b17,L1,22,476750.122877,476750.249632,476750.889566,missed,0.573789
b17,L2,15,476751.122894,476751.274557,476752.483654,met,1.154796
b17,L1,23,476752.122877,476752.201970,476752.840919,missed,0.575167
b17,L2,16,476754.122894,476754.203582,476754.244269,met,0.000944
b17,L1,24,476754.122877,476754.228955,476754.269267,met,0.001821
b17,L1,25,476756.122877,476756.338537,476756.379115,met,0.001729
b17,L2,17,476757.122894,476757.268883,476757.307620,met,0.001221
b17,L1,26,476758.122877,476758.198926,476758.240652,met,0.001312
b17,L1,27,476760.122877,476760.327916,476760.375009,met,0.002030
b17,L2,18,476760.122894,476760.327926,476760.374926,met,0.002332
b17,L1,28,476762.122877,476762.209159,476762.253478,met,0.001892
b17,L2,19,476763.122894,476763.227088,476763.266545,met,0.000940
b17,L1,29,476764.122877,476764.324056,476764.432819,met,0.064623
b17,L1,30,476766.122877,476766.307562,476766.356124,met,0.002402
b17,L2,20,476766.122894,476766.307452,476766.356373,met,0.000912
b17,L1,31,476768.122877,476768.210986,476768.252998,met,0.001913
b17,L2,21,476769.122894,476769.348728,476769.391105,met,0.000923
b17,L1,32,476770.122877,476770.204556,476770.245756,met,0.001940
b17,L2,22,476772.122894,476772.298546,476772.344636,met,0.000903
b17,L1,33,476772.122877,476772.319155,476772.362646,met,0.001776
b17,L1,34,476774.122877,476774.197033,476774.239884,met,0.002078
b17,L2,23,476775.122894,476775.241742,476775.284010,met,0.000960
b17,L1,35,476776.122877,476776.197911,476776.240905,met,0.001949
b17,L2,24,476778.122894,476778.227978,476778.269520,met,0.001043
b17,L1,36,476778.122877,476778.243663,476778.285460,met,0.001764
b17,L1,37,476780.122877,476780.344579,476780.386541,met,0.002167
b17,L2,25,476781.122894,476781.330040,476782.875120,met,1.486461
b17,L1,38,476782.122877,476782.199438,476782.892847,missed,0.629114
b17,L2,26,476784.122894,476784.202364,476784.245875,met,0.000935
b17,L1,39,476784.122877,476784.212407,476784.254991,met,0.000924
b17,L1,40,476786.122877,476786.214249,476786.257887,met,0.001964
b17,L2,27,476787.122894,476787.255631,476787.301090,met,0.000993
b17,L1,41,476788.122877,476788.198551,476788.245642,met,0.001086
b17,L1,42,476790.122877,476790.205053,476790.249319,met,0.001973
b17,L2,28,476790.122894,476790.211374,476790.251883,met,0.000817
b17,L1,43,476792.122877,476792.274514,476792.315204,met,0.001908
b17,L2,29,476793.122894,476793.200829,476793.244471,met,0.000879
b17,L1,44,476794.122877,476794.291643,476794.331433,met,0.000942
b17,L2,30,476796.122894,476796.300953,476796.347513,met,0.000943
b17,L1,45,476796.122877,476796.300912,476796.348755,met,0.002285
b17,L1,46,476798.122877,476798.313780,476798.450366,met,0.092921
b17,L2,31,476799.122894,476799.301237,476799.434085,met,0.082194
b17,L1,47,476800.122877,476800.340720,476800.386538,met,0.002538
b17,L2,32,476802.122894,476802.210377,476802.257672,met,0.000983
b17,L1,48,476802.122877,476802.210231,476802.257732,met,0.001390
b17,L1,49,476804.122877,476804.219367,476804.265541,met,0.002252
b17,L2,33,476805.122894,476805.226078,476805.268730,met,0.000908
b17,L1,50,476806.122877,476806.239495,476806.290770,met,0.002696
b17,L2,34,476808.122894,476808.212025,476808.259035,met,0.001058
b17,L1,51,476808.122877,476808.217671,476808.266645,met,0.001836
b17,L1,52,476810.122877,476810.264060,476810.305828,met,0.001939
b17,L2,35,476811.122894,476811.260452,476811.306517,met,0.001077
b17,L1,53,476812.122877,476812.227410,476812.277608,met,0.001103
b17,L1,54,476814.122877,476814.261222,476814.841796,missed,0.524387
b17,L2,36,476814.122894,476814.200616,476815.613613,met,1.367482
b17,L1,55,476816.122877,476816.229557,476816.272963,met,0.001031
b17,L2,37,476817.122894,476817.270230,476817.312237,met,0.000969
b17,L1,56,476818.122877,476818.244804,476818.287396,met,0.001762
b17,L1,57,476820.122877,476820.197288,476820.825389,missed,0.558953
b17,L2,38,476820.122894,476820.201162,476820.878510,met,0.630624
b17,L1,58,476822.122877,476822.276623,476822.318098,met,0.001748
b17,L2,39,476823.122894,476823.223940,476823.266581,met,0.001984
b17,L1,59,476824.122877,476824.233385,476824.274212,met,0.001009
b17,L1,60,476826.122877,476826.203514,476826.251263,met,0.002090
b17,L2,40,476826.122894,476826.203548,476826.251338,met,0.002419
b17,L1,61,476828.122877,476828.219740,476828.266274,met,0.002181
b17,L2,41,476829.122894,476829.191359,476829.247196,met,0.011515
b17,L1,62,476830.122877,476830.230134,476830.432900,met,0.146648
b17,L2,42,476832.122894,476832.204280,476832.247193,met,0.001011
b17,L1,63,476832.122877,476832.230047,476832.275509,met,0.002047
b17,L1,64,476834.122877,476834.236811,476834.279540,met,0.001124
b17,L2,43,476835.122894,476835.218258,476835.266501,met,0.000924
b17,L1,65,476836.122877,476836.202483,476836.250834,met,0.002457
b17,L2,44,476838.122894,476838.241130,476838.286026,met,0.001005
b17,L1,66,476838.122877,476838.260015,476838.305175,met,0.002238
b17,L1,67,476840.122877,476840.259711,476840.302533,met,0.001082
b17,L2,45,476841.122894,476841.209794,476841.270629,met,0.014830
b17,L1,68,476842.122877,476842.205944,476842.259276,met,0.007284
b17,L2,46,476844.122894,476844.210716,476844.260470,met,0.005064
b17,L1,69,476844.122877,476844.260505,476844.307379,met,0.001941
b17,L1,70,476846.122877,476846.263479,476846.906026,missed,0.569120
b17,L2,47,476847.122894,476847.199286,476847.381366,met,0.132421
b17,L1,71,476848.122877,476848.302031,476848.358762,met,0.001113
b17,L2,48,476850.122894,476850.279899,476850.355152,met,0.027670
b17,L1,72,476850.122877,476850.271303,476850.354903,met,0.035402
b17,L1,73,476852.122877,476852.244285,476852.297429,met,0.008459
b17,L2,49,476853.122894,476853.209458,476853.264339,met,0.005269
b17,L1,74,476854.122877,476854.259443,476854.307389,met,0.002154
b17,L2,50,476856.122894,476856.222390,476856.272286,met,0.001118
b17,L1,75,476856.122877,476856.261166,476856.370446,met,0.062262
b17,L1,76,476858.122877,476858.229805,476858.296620,met,0.002292
b17,L2,51,476859.122894,476859.212799,476859.258320,met,0.001028
b17,L1,77,476860.122877,476860.199038,476860.246264,met,0.002023
b17,L1,78,476862.122877,476862.285784,476862.944631,missed,0.572469
b17,L2,52,476862.122894,476862.292987,476863.021395,met,0.653136
b17,L1,79,476864.122877,476864.268723,476864.309935,met,0.000919
b17,L2,53,476865.122894,476865.210409,476865.255155,met,0.000885
b17,L1,80,476866.122877,476866.203223,476866.249772,met,0.002002
b17,L2,54,476868.122894,476868.205209,476868.252485,met,0.001128
b17,L1,81,476868.122877,476868.257917,476868.303829,met,0.001980
b17,L1,82,476870.122877,476870.222852,476870.289941,met,0.003555
b17,L2,55,476871.122894,476871.199451,476871.242420,met,0.000904
b17,L1,83,476872.122877,476872.279798,476872.324242,met,0.001728
b17,L2,56,476874.122894,476874.189952,476874.285285,met,0.001657
b17,L1,84,476874.122877,476874.251748,476874.395081,met,0.003525
b17,L1,85,476876.122877,476876.328389,476876.978834,missed,0.569558
b17,L1,86,476878.122877,476878.266413,476878.918708,missed,0.572990
b17,L2,57,476877.122894,476877.308470,476879.403441,missed,2.020002
b17,L1,87,476880.122877,476880.267622,476880.338833,met,0.001641
b17,L2,58,476880.122894,476880.306468,476880.359571,met,0.000947
b17,L1,88,476882.122877,476882.298078,476882.626798,met,0.253849
b17,L2,59,476883.122894,476883.299703,476883.397120,met,0.002044
b17,L1,89,476884.122877,476884.301755,476884.370576,met,0.003741
b17,L2,60,476886.122894,476886.291074,476886.347992,met,0.001081
b17,L1,90,476886.122877,476886.305591,476886.367478,met,0.002371
b17,L1,91,476888.122877,476888.252441,476888.909083,missed,0.562795
b17,L2,61,476889.122894,476889.248630,476889.615708,met,0.299458
b17,L1,92,476890.122877,476890.230484,476890.277192,met,0.002326
b17,L1,93,476892.122877,476892.253956,476892.309376,met,0.001168
b17,L2,62,476892.122894,476892.254709,476892.309376,met,0.001086
b17,L1,94,476894.122877,476894.296524,476894.938664,missed,0.574345
b17,L2,63,476895.122894,476895.300146,476895.570460,met,0.212198
b17,L1,95,476896.122877,476896.279091,476896.331521,met,0.001278
b17,L1,96,476898.122877,476898.213808,476898.351857,met,0.071312
b17,L2,64,476898.122894,476898.312484,476898.411253,met,0.020766
b17,L1,97,476900.122877,476900.246420,476900.312803,met,0.004673
b17,L2,65,476901.122894,476901.279381,476901.342384,met,0.000960
b17,L1,98,476902.122877,476902.296294,476902.354636,met,0.001084
b17,L2,66,476904.122894,476904.241728,476904.321288,met,0.001305
b17,L1,99,476904.122877,476904.283190,476904.362804,met,0.005287
b17,L1,100,476906.122877,476906.286890,476906.364070,met,0.004059
b17,L1,101,476908.122877,476908.294909,476908.949051,missed,0.554732
b17,L2,67,476907.122894,476907.278534,476909.323161,met,1.982473
b17,L1,102,476910.122877,476910.286313,476910.939267,missed,0.570521
b17,L2,68,476910.122894,476910.286280,476911.323594,met,0.973130
b17,L1,103,476912.122877,476912.281451,476912.347305,met,0.001310
b17,L2,69,476913.122894,476913.297547,476913.353541,met,0.001053
b17,L1,104,476914.122877,476914.238284,476914.283548,met,0.001937
b17,L1,105,476916.122877,476916.270027,476916.317937,met,0.001834
b17,L2,70,476916.122894,476916.277947,476916.324998,met,0.000968
b17,L1,106,476918.122877,476918.219814,476918.265806,met,0.001022
b17,L2,71,476919.122894,476919.258170,476919.305251,met,0.000921
b17,L1,107,476920.122877,476920.228911,476920.406188,met,0.114491
b17,L1,108,476922.122877,476922.199445,476922.299825,met,0.004158
b17,L2,72,476922.122894,476922.247769,476922.320798,met,0.001050
b17,L1,109,476924.122877,476924.273947,476924.320055,met,0.001055
b17,L2,73,476925.122894,476925.279603,476925.383111,met,0.049413
b17,L1,110,476926.122877,476926.271255,476926.921477,missed,0.572304
b17,L2,74,476928.122894,476928.239527,476928.303270,met,0.000893
b17,L1,111,476928.122877,476928.290979,476928.365184,met,0.015138
b17,L1,112,476930.122877,476930.223436,476930.387902,met,0.104161
b17,L2,75,476931.122894,476931.279956,476931.331106,met,0.001257
b17,L1,113,476932.122877,476932.293007,476932.340060,met,0.001799
b17,L2,76,476934.122894,476934.263430,476934.306118,met,0.000857
b17,L1,114,476934.122877,476934.269408,476934.312013,met,0.001851
b17,L1,115,476936.122877,476936.280800,476936.329222,met,0.001956
b17,L2,77,476937.122894,476937.255004,476937.298876,met,0.000850
b17,L1,116,476938.122877,476938.264920,476938.308346,met,0.001660
b17,L1,117,476940.122877,476940.202902,476940.856764,missed,0.571511
b17,L2,78,476940.122894,476940.202910,476942.113243,met,1.842828
b17,L1,118,476942.122877,476942.291569,476942.650354,met,0.280890
b17,L2,79,476943.122894,476943.313242,476944.034123,met,0.581594
b17,L1,119,476944.122877,476944.301858,476944.357297,met,0.000961
b17,L2,80,476946.122894,476946.288848,476946.506679,met,0.155924
b17,L1,120,476946.122877,476946.307958,476946.681482,met,0.291346
b17,L1,121,476948.122877,476948.286178,476948.357186,met,0.003066
b17,L2,81,476949.122894,476949.307613,476949.380898,met,0.001115
b17,L1,122,476950.122877,476950.240539,476950.318791,met,0.001612
b17,L1,123,476952.122877,476952.207702,476952.272589,met,0.003260
b17,L2,82,476952.122894,476952.284330,476952.339275,met,0.000924
b17,L1,124,476954.122877,476954.210414,476954.299421,met,0.004357
b17,L2,83,476955.122894,476955.231255,476955.286617,met,0.000878
b17,L1,125,476956.122877,476956.270380,476956.353011,met,0.021165
b17,L2,84,476958.122894,476958.231755,476958.325437,met,0.002620
b17,L1,126,476958.122877,476958.293804,476958.380616,met,0.003448
b17,L1,127,476960.122877,476960.224045,476960.898818,missed,0.575658
b17,L2,85,476961.122894,476961.306021,476962.379350,met,0.985977
b17,L1,128,476962.122877,476962.321649,476962.424522,met,0.030747
b17,L2,86,476964.122894,476964.212684,476964.275518,met,0.001247
b17,L1,129,476964.122877,476964.255101,476964.316820,met,0.003809
b17,L1,130,476966.122877,476966.239087,476966.301592,met,0.001532
b17,L2,87,476967.122894,476967.302679,476967.355537,met,0.000885
b17,L1,131,476968.122877,476968.297206,476968.354474,met,0.001801
b17,L1,132,476970.122877,476970.255229,476970.313612,met,0.011741
b17,L2,88,476970.122894,476970.278632,476970.353110,met,0.000862
b17,L1,133,476972.122877,476972.323555,476972.986659,missed,0.575543
b17,L1,134,476974.122877,476974.277483,476974.948728,missed,0.573181
b17,L2,89,476973.122894,476973.313816,476975.186129,met,1.803294
b17,L1,135,476976.122877,476976.286237,476976.341505,met,0.001375
b17,L2,90,476976.122894,476976.309277,476976.373443,met,0.001007
b17,L1,136,476978.122877,476978.306941,476978.512765,met,0.141409
b17,L2,91,476979.122894,476979.231436,476979.319301,met,0.013819
b17,L1,137,476980.122877,476980.312129,476980.374321,met,0.001972
b17,L1,138,476982.122877,476982.271653,476982.356132,met,0.019752
b17,L2,92,476982.122894,476982.259287,476982.356198,met,0.038735
b17,L1,139,476984.122877,476984.294532,476984.355765,met,0.015146
b17,L2,93,476985.122894,476985.299591,476985.392161,met,0.003427
b17,L1,140,476986.122877,476986.269316,476986.361640,met,0.010735
b17,L2,94,476988.122894,476988.289395,476988.334576,met,0.000939
b17,L1,141,476988.122877,476988.296952,476988.344830,met,0.001400
b17,L1,142,476990.122877,476990.237080,476990.875017,missed,0.535374
b17,L1,143,476992.122877,476992.289932,476992.917861,missed,0.552207
b17,L2,95,476991.122894,476991.275798,476993.432813,missed,2.074459
b17,L2,96,476994.122894,476994.297069,476994.896078,met,0.527478
b17,L1,144,476994.122877,476994.307296,476994.927817,missed,0.520389
b17,L1,145,476996.122877,476996.292732,476996.374426,met,0.003998
b17,L2,97,476997.122894,476997.241162,476997.306554,met,0.001473
b17,L1,146,476998.122877,476998.241302,476998.401323,met,0.086637
b17,L2,98,477000.122894,477000.280119,477000.352712,met,0.004143
b17,L1,147,477000.122877,477000.280082,477000.352714,met,0.003747
b17,L1,148,477002.122877,477002.215219,477002.265486,met,0.002209
b17,L2,99,477003.122894,477003.239480,477003.286578,met,0.001250
b17,L1,149,477004.122877,477004.222776,477004.482411,met,0.188352
b18,L1,0,477005.375965,477005.481197,477005.566392,met,0.001651
b18,L2,0,477005.376845,477005.481228,477005.568635,met,0.003411
b18,L1,1,477007.375965,477007.487717,477008.149265,missed,0.573694
b18,L2,1,477008.376845,477008.494132,477008.560166,met,0.001175
b18,L1,2,477009.375965,477009.533105,477009.906537,met,0.285420
b18,L2,2,477011.376845,477011.500873,477011.567427,met,0.001462
b18,L1,3,477011.375965,477011.500680,477011.569755,met,0.002838
b18,L1,4,477013.375965,477013.572210,477013.618366,met,0.000939
b18,L2,3,477014.376845,477014.571288,477014.618920,met,0.001108
b18,L1,5,477015.375965,477015.482285,477015.558563,met,0.002023
b18,L1,6,477017.375965,477017.514128,477017.591114,met,0.002665
b18,L2,4,477017.376845,477017.536639,477017.661811,met,0.049169
b18,L1,7,477019.375965,477019.505236,477019.597360,met,0.033767
b18,L2,5,477020.376845,477020.537237,477020.583627,met,0.000867
b18,L1,8,477021.375965,477021.541383,477021.618901,met,0.025093
b18,L1,9,477023.375965,477023.467528,477024.076858,missed,0.501446
b18,L2,6,477023.376845,477023.531229,477024.223665,met,0.617162
b18,L1,10,477025.375965,477025.494127,477026.158526,missed,0.565009
b18,L2,7,477026.376845,477026.715199,477026.952150,met,0.175022
b18,L1,11,477027.375965,477027.538441,477027.616577,met,0.001519
b18,L2,8,477029.376845,477029.485357,477029.534603,met,0.001013
b18,L1,12,477029.375965,477029.505331,477029.570449,met,0.020802
b18,L1,13,477031.375965,477031.498536,477031.628688,met,0.003814
b18,L2,9,477032.376845,477032.520521,477032.564815,met,0.000848
b18,L1,14,477033.375965,477033.528712,477034.172804,missed,0.575341
b18,L2,10,477035.376845,477035.454802,477035.533797,met,0.001412
b18,L1,15,477035.375965,477035.545778,477035.604374,met,0.002738
b18,L1,16,477037.375965,477037.564686,477037.610036,met,0.001061
b18,L2,11,477038.376845,477038.473040,477038.550256,met,0.002176
b18,L1,17,477039.375965,477039.476108,477040.011530,met,0.469543
b18,L1,18,477041.375965,477041.550051,477041.604455,met,0.001367
b18,L2,12,477041.376845,477041.549856,477041.604820,met,0.001030
b18,L1,19,477043.375965,477043.548435,477043.744731,met,0.139592
b18,L2,13,477044.376845,477044.541306,477044.677550,met,0.087897
b18,L1,20,477045.375965,477045.450717,477045.494686,met,0.001703
b18,L1,21,477047.375965,477047.498224,477047.543676,met,0.001376
b18,L2,14,477047.376845,477047.506899,477047.554509,met,0.001297
b18,L1,22,477049.375965,477049.509678,477049.556797,met,0.002511
b18,L2,15,477050.376845,477050.507921,477050.549208,met,0.000866
b18,L1,23,477051.375965,477051.495210,477051.540063,met,0.001814
b18,L2,16,477053.376845,477053.496155,477053.648648,met,0.109423
b18,L1,24,477053.375965,477053.447738,477053.648648,met,0.155452
b18,L1,25,477055.375965,477055.460861,477055.537290,met,0.036296
b18,L2,17,477056.376845,477056.500237,477056.541007,met,0.000793
b18,L1,26,477057.375965,477057.460662,477058.103139,missed,0.574994
b18,L1,27,477059.375965,477059.470377,477059.514041,met,0.000949
b18,L2,18,477059.376845,477059.484815,477059.529251,met,0.000951
b18,L1,28,477061.375965,477061.482030,477061.526135,met,0.001794
b18,L2,19,477062.376845,477062.456266,477062.503798,met,0.002801
b18,L1,29,477063.375965,477063.484647,477063.528565,met,0.001070
b18,L1,30,477065.375965,477065.495487,477066.172069,missed,0.566387
b18,L2,20,477065.376845,477065.489642,477067.685568,missed,2.076136
b18,L1,31,477067.375965,477067.580286,477067.912977,met,0.224618
b18,L2,21,477068.376845,477068.566717,477068.650632,met,0.004543
b18,L1,32,477069.375965,477069.580539,477070.262059,missed,0.567465
b18,L1,33,477071.375965,477071.563755,477072.236335,missed,0.568993
b18,L2,22,477071.376845,477071.579713,477073.753419,missed,2.072851
b18,L1,34,477073.375965,477073.559230,477074.230097,missed,0.569082
b18,L2,23,477074.376845,477074.565830,477075.553166,met,0.900911
b18,L1,35,477075.375965,477075.585747,477075.676586,met,0.003775
b18,L2,24,477077.376845,477077.507970,477077.556220,met,0.000969
b18,L1,36,477077.375965,477077.536829,477077.584744,met,0.001036
b18,L1,37,477079.375965,477079.562951,477079.611586,met,0.001956
b18,L2,25,477080.376845,477080.549606,477080.625149,met,0.001476
b18,L1,38,477081.375965,477081.493940,477081.578837,met,0.004414
b18,L1,39,477083.375965,477083.506938,477083.757711,met,0.182705
b18,L2,26,477083.376845,477083.573314,477083.757765,met,0.114231
b18,L1,40,477085.375965,477085.601157,477085.688300,met,0.004191
b18,L2,27,477086.376845,477086.599042,477086.702109,met,0.017862
b18,L1,41,477087.375965,477087.573585,477088.255123,missed,0.571597
b18,L1,42,477089.375965,477089.578309,477090.264283,missed,0.570198
b18,L2,28,477089.376845,477089.581497,477091.764866,missed,2.075158
b18,L1,43,477091.375965,477091.574048,477092.255531,missed,0.575057
b18,L1,44,477093.375965,477093.581094,477094.263521,missed,0.572260
b18,L2,29,477092.376845,477092.577084,477094.756126,missed,2.063163
b18,L1,45,477095.375965,477095.579382,477096.263111,missed,0.574044
b18,L2,30,477095.376845,477095.570184,477097.756383,missed,2.076536
b18,L1,46,477097.375965,477097.582786,477098.255375,missed,0.567935
b18,L1,47,477099.375965,477099.582271,477100.249938,missed,0.567036
b18,L2,31,477098.376845,477098.509772,477100.698243,missed,2.074862
b18,L1,48,477101.375965,477101.490034,477102.174085,missed,0.573393
b18,L2,32,477101.376845,477101.544155,477103.723686,missed,2.073443
b18,L1,49,477103.375965,477103.510911,477104.182526,missed,0.565739
b18,L1,50,477105.375965,477105.590435,477106.268032,missed,0.574193
b18,L2,33,477104.376845,477104.577308,477106.757251,missed,2.068924
b18,L1,51,477107.375965,477107.570627,477108.245781,missed,0.574500
b18,L2,34,477107.376845,477107.578333,477108.562530,met,0.896392
b18,L1,52,477109.375965,477109.567745,477110.185714,missed,0.506011
b18,L2,35,477110.376845,477110.567809,477111.971603,met,1.314424
b18,L1,53,477111.375965,477111.566844,477112.248756,missed,0.574642
b18,L1,54,477113.375965,477113.578412,477113.772395,met,0.112418
b18,L2,36,477113.376845,477113.578459,477113.778382,met,0.112870
b18,L1,55,477115.375965,477115.582178,477116.269166,missed,0.574858
b18,L1,56,477117.375965,477117.569890,477118.253477,missed,0.570275
b18,L2,37,477116.376845,477116.585064,477118.834095,missed,2.075951
b18,L1,57,477119.375965,477119.577393,477120.254354,missed,0.573491
b18,L2,38,477119.376845,477119.565572,477121.733487,missed,2.071058
b18,L1,58,477121.375965,477121.569567,477122.246670,missed,0.574295
b18,L1,59,477123.375965,477123.580259,477124.241536,missed,0.550578
b18,L2,39,477122.376845,477122.550006,477124.737964,missed,2.074682
b18,L1,60,477125.375965,477125.576234,477126.260672,missed,0.571563
b18,L2,40,477125.376845,477125.576301,477127.748715,missed,2.071539
b18,L1,61,477127.375965,477127.530105,477128.212161,missed,0.574132
b18,L1,62,477129.375965,477129.569424,477130.251981,missed,0.575905
b18,L2,41,477128.376845,477128.577105,477130.767597,missed,2.075595
b18,L1,63,477131.375965,477131.556939,477132.247188,missed,0.575015
b18,L2,42,477131.376845,477131.597444,477133.785873,missed,2.071171
b18,L1,64,477133.375965,477133.581718,477134.269476,missed,0.571749
b18,L1,65,477135.375965,477135.505297,477136.194404,missed,0.571262
b18,L2,43,477134.376845,477134.584458,477136.773488,missed,2.074795
b18,L1,66,477137.375965,477137.587486,477138.277120,missed,0.573427
b18,L2,44,477137.376845,477137.572334,477139.769151,missed,2.075680
b18,L1,67,477139.375965,477139.576086,477140.191201,missed,0.507899
b18,L1,68,477141.375965,477141.574503,477142.253152,missed,0.575026
b18,L2,45,477140.376845,477140.567338,477142.755622,missed,2.075683
b18,L1,69,477143.375965,477143.554417,477144.238363,missed,0.571351
b18,L2,46,477143.376845,477143.573698,477145.759884,missed,2.072750
b18,L1,70,477145.375965,477145.513906,477146.195273,missed,0.575246
b18,L1,71,477147.375965,477147.580518,477148.257622,missed,0.571812
b18,L2,47,477146.376845,477146.563455,477148.737765,missed,2.070789
b18,L1,72,477149.375965,477149.565553,477150.240434,missed,0.564364
b18,L2,48,477149.376845,477149.566930,477151.741416,missed,2.072955
b18,L1,73,477151.375965,477151.572090,477152.249783,missed,0.568119
b18,L1,74,477153.375965,477153.576119,477154.242970,missed,0.566082
b18,L2,49,477152.376845,477152.537441,477154.689640,missed,2.026955
b18,L1,75,477155.375965,477155.563597,477155.710930,met,0.060041
b18,L2,50,477155.376845,477155.560119,477155.710859,met,0.059969
b18,L1,76,477157.375965,477157.524109,477157.621527,met,0.052671
b18,L2,51,477158.376845,477158.487168,477158.533834,met,0.001139
b18,L1,77,477159.375965,477159.525013,477159.574406,met,0.001043
b18,L1,78,477161.375965,477161.455526,477161.531433,met,0.026370
b18,L2,52,477161.376845,477161.517018,477161.571321,met,0.001259
b18,L1,79,477163.375965,477163.536398,477163.656028,met,0.044609
b18,L2,53,477164.376845,477164.468544,477164.516815,met,0.001093
b18,L1,80,477165.375965,477165.509198,477165.633657,met,0.078447
b18,L1,81,477167.375965,477167.453544,477167.499432,met,0.000971
b18,L2,54,477167.376845,477167.519737,477167.689871,met,0.114752
b18,L1,82,477169.375965,477169.534305,477170.175698,missed,0.559533
b18,L1,83,477171.375965,477171.552082,477172.206015,missed,0.571689
b18,L2,55,477170.376845,477170.515588,477172.687116,missed,2.075158
b18,L1,84,477173.375965,477173.486838,477173.826786,met,0.276843
b18,L2,56,477173.376845,477173.476052,477173.827675,met,0.284359
b18,L1,85,477175.375965,477175.551322,477175.603008,met,0.003176
b18,L2,57,477176.376845,477176.542729,477176.613379,met,0.001437
b18,L1,86,477177.375965,477177.562887,477177.749898,met,0.124031
b18,L2,58,477179.376845,477179.524773,477179.567591,met,0.001249
b18,L1,87,477179.375965,477179.536411,477179.580915,met,0.002538
b18,L1,88,477181.375965,477181.513072,477181.771866,met,0.200256
b18,L2,59,477182.376845,477182.456329,477182.497219,met,0.001154
b18,L1,89,477183.375965,477183.451259,477183.494031,met,0.003195
b18,L2,60,477185.376845,477185.460399,477185.646200,met,0.125808
b18,L1,90,477185.375965,477185.460324,477185.797542,met,0.291486
b18,L1,91,477187.375965,477187.464414,477187.598912,met,0.086407
b18,L2,61,477188.376845,477188.458750,477189.120070,met,0.602740
b18,L1,92,477189.375965,477189.482079,477189.527798,met,0.003283
b18,L2,62,477191.376845,477191.465649,477191.516087,met,0.004122
b18,L1,93,477191.375965,477191.466407,477191.516230,met,0.003530
b18,L1,94,477193.375965,477193.527801,477193.571289,met,0.003482
b18,L2,63,477194.376845,477194.492038,477195.882790,met,1.331129
b18,L1,95,477195.375965,477195.492217,477195.883019,met,0.328009
b18,L1,96,477197.375965,477197.494559,477197.640526,met,0.095423
b18,L2,64,477197.376845,477197.494545,477197.640529,met,0.094422
b18,L1,97,477199.375965,477199.456220,477199.508187,met,0.003813
b18,L2,65,477200.376845,477200.466624,477200.512099,met,0.001311
b18,L1,98,477201.375965,477201.474037,477201.519930,met,0.001481
b18,L1,99,477203.375965,477203.469507,477203.512581,met,0.001450
b18,L2,66,477203.376845,477203.512582,477203.558948,met,0.000799
b18,L1,100,477205.375965,477205.456856,477205.500027,met,0.003258
b18,L2,67,477206.376845,477206.522262,477206.564117,met,0.000982
b18,L1,101,477207.375965,477207.491361,477207.638230,met,0.097317
b18,L2,68,477209.376845,477209.474322,477209.520444,met,0.001023
b18,L1,102,477209.375965,477209.488523,477209.538224,met,0.001941
b18,L1,103,477211.375965,477211.456549,477211.501232,met,0.003485
b18,L2,69,477212.376845,477212.472960,477212.619078,met,0.093958
b18,L1,104,477213.375965,477213.466299,477213.513808,met,0.003243
b18,L1,105,477215.375965,477215.459134,477215.505772,met,0.003108
b18,L2,70,477215.376845,477215.484874,477215.532228,met,0.001209
b18,L1,106,477217.375965,477217.488746,477217.634065,met,0.093561
b18,L2,71,477218.376845,477218.485796,477218.526534,met,0.001168
b18,L1,107,477219.375965,477219.521857,477219.637063,met,0.065791
b18,L2,72,477221.376845,477221.466967,477221.509871,met,0.001161
b18,L1,108,477221.375965,477221.509941,477221.556369,met,0.003475
b18,L1,109,477223.375965,477223.512200,477223.553814,met,0.002143
b18,L2,73,477224.376845,477224.521025,477224.563049,met,0.000906
b18,L1,110,477225.375965,477225.459272,477225.547682,met,0.042515
b18,L2,74,477227.376845,477227.444548,477227.506802,met,0.001067
b18,L1,111,477227.375965,477227.501305,477227.679361,met,0.110817
b18,L1,112,477229.375965,477229.475097,477229.517567,met,0.001922
b18,L2,75,477230.376845,477230.532429,477230.573451,met,0.001251
b18,L1,113,477231.375965,477231.492387,477231.545938,met,0.003595
b18,L2,76,477233.376845,477233.448674,477233.498873,met,0.001117
b18,L1,114,477233.375965,477233.460642,477233.511804,met,0.003184
b18,L1,115,477235.375965,477235.456470,477235.496066,met,0.001042
b18,L2,77,477236.376845,477236.512159,477236.556299,met,0.001195
b18,L1,116,477237.375965,477237.441277,477237.488627,met,0.004729
b18,L2,78,477239.376845,477239.479069,477239.521155,met,0.000926
b18,L1,117,477239.375965,477239.507454,477239.554987,met,0.002928
b18,L1,118,477241.375965,477241.529050,477241.575375,met,0.001101
b18,L2,79,477242.376845,477242.467363,477242.894251,met,0.372853
b18,L1,119,477243.375965,477243.521964,477243.565055,met,0.001847
b18,L1,120,477245.375965,477245.463151,477245.507763,met,0.001102
b18,L2,80,477245.376845,477245.491372,477245.535196,met,0.000897
b18,L1,121,477247.375965,477247.495674,477247.581737,met,0.038643
b18,L2,81,477248.376845,477248.460776,477248.502126,met,0.001226
b18,L1,122,477249.375965,477249.514315,477249.686592,met,0.104378
b18,L2,82,477251.376845,477251.468411,477251.928161,met,0.380535
b18,L1,123,477251.375965,477251.535161,477252.095522,met,0.489785
b18,L1,124,477253.375965,477253.555539,477253.604871,met,0.002159
b18,L2,83,477254.376845,477254.563669,477255.434789,met,0.740607
b18,L1,125,477255.375965,477255.548565,477255.635545,met,0.004693
b18,L1,126,477257.375965,477257.585432,477258.275246,missed,0.571213
b18,L2,84,477257.376845,477257.611482,477259.800765,missed,2.075905
b18,L1,127,477259.375965,477259.565238,477260.223507,missed,0.563177
b18,L1,128,477261.375965,477261.552117,477262.235056,missed,0.573528
b18,L2,85,477260.376845,477260.562870,477262.741724,missed,2.067763
b18,L2,86,477263.376845,477263.492859,477264.070029,met,0.488781
b18,L1,129,477263.375965,477263.579347,477264.070029,met,0.427637
b18,L1,130,477265.375965,477265.546188,477266.062172,met,0.432436
b18,L2,87,477266.376845,477266.547505,477266.897567,met,0.262015
b18,L1,131,477267.375965,477267.550459,477267.899143,met,0.263889
b18,L1,132,477269.375965,477269.523913,477269.589636,met,0.001932
b18,L2,88,477269.376845,477269.570891,477269.643166,met,0.001084
b18,L1,133,477271.375965,477271.554441,477271.620100,met,0.001203
b18,L2,89,477272.376845,477272.612494,477273.164014,met,0.446727
b18,L1,134,477273.375965,477273.567916,477273.621745,met,0.001798
b18,L1,135,477275.375965,477275.565188,477275.630311,met,0.002774
b18,L2,90,477275.376845,477275.575019,477275.634734,met,0.001277
b18,L1,136,477277.375965,477277.561516,477277.641109,met,0.011622
b18,L2,91,477278.376845,477278.569365,477278.614061,met,0.001240
b18,L1,137,477279.375965,477279.555032,477279.603168,met,0.003258
b18,L1,138,477281.375965,477281.459512,477281.569524,met,0.035497
b18,L2,92,477281.376845,477281.460125,477281.571033,met,0.035982
b18,L1,139,477283.375965,477283.571787,477283.733372,met,0.080586
b18,L2,93,477284.376845,477284.553757,477284.620717,met,0.001645
b18,L1,140,477285.375965,477285.514396,477285.559800,met,0.001969
b18,L2,94,477287.376845,477287.530486,477287.605629,met,0.001204
b18,L1,141,477287.375965,477287.536840,477287.625785,met,0.002180
b18,L1,142,477289.375965,477289.539638,477289.583702,met,0.003108
b18,L2,95,477290.376845,477290.572433,477290.617708,met,0.001057
b18,L1,143,477291.375965,477291.469778,477291.513955,met,0.003127
b18,L2,96,477293.376845,477293.456303,477294.094646,met,0.581474
b18,L1,144,477293.375965,477293.463937,477294.102685,missed,0.572212
b18,L1,145,477295.375965,477295.542727,477295.586522,met,0.001105
b18,L2,97,477296.376845,477296.515785,477296.842514,met,0.280800
b18,L1,146,477297.375965,477297.451196,477297.495295,met,0.003341
b18,L2,98,477299.376845,477299.529579,477299.646249,met,0.001351
b18,L1,147,477299.375965,477299.549501,477299.735300,met,0.005514
b18,L1,148,477301.375965,477301.557509,477301.647791,met,0.003581
b18,L2,99,477302.376845,477302.564904,477302.609671,met,0.001248
b18,L1,149,477303.375965,477303.477406,477303.647415,met,0.126829
b19,L1,0,477304.182599,477304.248093,477304.317860,met,0.001598
b19,L2,0,477304.182538,477304.248041,477304.317838,met,0.002351
b19,L1,1,477306.182599,477306.264448,477306.309320,met,0.003717
b19,L2,1,477307.182538,477307.306063,477307.348975,met,0.001157
b19,L1,2,477308.182599,477308.330676,477308.374369,met,0.001322
b19,L2,2,477310.182538,477310.305135,477310.349095,met,0.001228
b19,L1,3,477310.182599,477310.309973,477310.350538,met,0.002528
b19,L1,4,477312.182599,477312.303860,477312.346621,met,0.001937
b19,L2,3,477313.182538,477313.314687,477313.357485,met,0.001261
b19,L1,5,477314.182599,477314.311701,477314.367863,met,0.004698
b19,L2,4,477316.182538,477316.308133,477316.362951,met,0.004057
b19,L1,6,477316.182599,477316.308230,477316.362908,met,0.003514
b19,L1,7,477318.182599,477318.318757,477318.944831,missed,0.568792
b19,L2,5,477319.182538,477319.319401,477319.363120,met,0.000968
b19,L1,8,477320.182599,477320.281291,477320.328265,met,0.004064
b19,L1,9,477322.182599,477322.274749,477322.323521,met,0.001523
b19,L2,6,477322.182538,477322.274783,477322.323572,met,0.002040
b19,L1,10,477324.182599,477324.281464,477324.918914,missed,0.574494
b19,L2,7,477325.182538,477325.326893,477325.986465,met,0.601998
b19,L1,11,477326.182599,477326.288957,477326.331269,met,0.000950
b19,L2,8,477328.182538,477328.281347,477328.324326,met,0.001204
b19,L1,12,477328.182599,477328.303397,477328.347980,met,0.001387
b19,L1,13,477330.182599,477330.320838,477330.366984,met,0.001797
b19,L2,9,477331.182538,477331.303451,477331.432454,met,0.080333
b19,L1,14,477332.182599,477332.323269,477332.373138,met,0.003557
b19,L1,15,477334.182599,477334.266463,477334.906956,missed,0.571648
b19,L2,10,477334.182538,477334.274186,477335.851293,met,1.520693
b19,L1,16,477336.182599,477336.267565,477336.315282,met,0.001523
b19,L2,11,477337.182538,477337.322197,477337.366349,met,0.001252
b19,L1,17,477338.182599,477338.306347,477338.349867,met,0.001376
b19,L2,12,477340.182538,477340.282172,477340.332282,met,0.001208
b19,L1,18,477340.182599,477340.291275,477340.343235,met,0.002979
b19,L1,19,477342.182599,477342.322239,477342.368841,met,0.003311
b19,L2,13,477343.182538,477343.275808,477343.318643,met,0.001213
b19,L1,20,477344.182599,477344.276460,477344.689047,met,0.353432
b19,L2,14,477346.182538,477346.295532,477346.355052,met,0.009125
b19,L1,21,477346.182599,477346.295529,477346.355350,met,0.008262
b19,L1,22,477348.182599,477348.318817,477348.365404,met,0.001406
b19,L2,15,477349.182538,477349.266565,477349.308640,met,0.001141
b19,L1,23,477350.182599,477350.331003,477350.377088,met,0.001466
b19,L2,16,477352.182538,477352.319912,477352.366897,met,0.001033
b19,L1,24,477352.182599,477352.323203,477352.367273,met,0.002355
b19,L1,25,477354.182599,477354.338201,477354.384768,met,0.002746
b19,L2,17,477355.182538,477355.325260,477355.367566,met,0.000859
b19,L1,26,477356.182599,477356.279331,477356.714776,met,0.375072
b19,L2,18,477358.182538,477358.328781,477358.378572,met,0.001341
b19,L1,27,477358.182599,477358.328776,477358.378486,met,0.000999
b19,L1,28,477360.182599,477360.318529,477360.397996,met,0.030904
b19,L2,19,477361.182538,477361.292608,477361.336537,met,0.001204
b19,L1,29,477362.182599,477362.327387,477362.375523,met,0.004277
b19,L1,30,477364.182599,477364.274808,477364.328198,met,0.002341
b19,L2,20,477364.182538,477364.307280,477364.359924,met,0.001283
b19,L1,31,477366.182599,477366.343199,477366.412567,met,0.007149
b19,L2,21,477367.182538,477367.327331,477367.371647,met,0.000958
b19,L1,32,477368.182599,477368.324406,477368.368191,met,0.001177
b19,L1,33,477370.182599,477370.308137,477370.356748,met,0.003051
b19,L2,22,477370.182538,477370.316668,477370.365409,met,0.001628
b19,L1,34,477372.182599,477372.336472,477372.383238,met,0.002170
b19,L2,23,477373.182538,477373.302926,477373.346354,met,0.001239
b19,L1,35,477374.182599,477374.333944,477374.385182,met,0.002071
b19,L2,24,477376.182538,477376.321378,477376.376490,met,0.003014
b19,L1,36,477376.182599,477376.321272,477376.376519,met,0.002531
b19,L1,37,477378.182599,477378.335256,477378.378625,met,0.001602
b19,L2,25,477379.182538,477379.310549,477379.371800,met,0.015548
b19,L1,38,477380.182599,477380.290089,477380.342478,met,0.001753
b19,L2,26,477382.182538,477382.260105,477382.305794,met,0.001248
b19,L1,39,477382.182599,477382.259521,477382.307632,met,0.003845
b19,L1,40,477384.182599,477384.266656,477384.360761,met,0.041944
b19,L2,27,477385.182538,477385.269192,477385.365342,met,0.048421
b19,L1,41,477386.182599,477386.269443,477386.317807,met,0.002600
b19,L1,42,477388.182599,477388.333254,477388.384683,met,0.003546
b19,L2,28,477388.182538,477388.333251,477388.384733,met,0.004314
b19,L1,43,477390.182599,477390.265544,477390.316664,met,0.001294
b19,L1,44,477392.182599,477392.309690,477392.951197,missed,0.572149
b19,L2,29,477391.182538,477391.273839,477393.408586,missed,2.068047
b19,L2,30,477394.182538,477394.263727,477394.310219,met,0.001215
b19,L1,45,477394.182599,477394.268704,477394.318769,met,0.004437
b19,L1,46,477396.182599,477396.316372,477396.360159,met,0.001378
b19,L2,31,477397.182538,477397.289030,477397.336433,met,0.001133
b19,L1,47,477398.182599,477398.318989,477398.367608,met,0.004800
b19,L2,32,477400.182538,477400.311962,477400.678460,met,0.269239
b19,L1,48,477400.182599,477400.340462,477400.829957,met,0.406166
b19,L1,49,477402.182599,477402.332329,477402.378821,met,0.003237
b19,L2,33,477403.182538,477403.347926,477403.392290,met,0.001212
b19,L1,50,477404.182599,477404.310122,477404.960056,missed,0.573638
b19,L2,34,477406.182538,477406.254064,477406.298009,met,0.001526
b19,L1,51,477406.182599,477406.299843,477406.345620,met,0.003769
b19,L1,52,477408.182599,477408.323905,477408.368741,met,0.001445
b19,L2,35,477409.182538,477409.328306,477409.374564,met,0.001187
b19,L1,53,477410.182599,477410.288530,477410.335039,met,0.002949
b19,L1,54,477412.182599,477412.273493,477412.324945,met,0.001987
b19,L2,36,477412.182538,477412.287412,477412.339570,met,0.001176
b19,L1,55,477414.182599,477414.272103,477414.371312,met,0.002471
b19,L2,37,477415.182538,477415.304595,477415.357293,met,0.001376
b19,L1,56,477416.182599,477416.325442,477416.381385,met,0.001174
b19,L1,57,477418.182599,477418.294036,477418.962469,missed,0.574083
b19,L2,38,477418.182538,477418.361220,477419.074167,met,0.648285
b19,L1,58,477420.182599,477420.352460,477420.417801,met,0.001120
b19,L2,39,477421.182538,477421.369364,477421.821938,met,0.363880
b19,L1,59,477422.182599,477422.368683,477422.479426,met,0.005563
b19,L2,40,477424.182538,477424.333910,477424.764381,met,0.341909
b19,L1,60,477424.182599,477424.367475,477424.764381,met,0.315704
b19,L1,61,477426.182599,477426.313889,477426.438311,met,0.034849
b19,L2,41,477427.182538,477427.311174,477427.417875,met,0.029879
b19,L1,62,477428.182599,477428.352054,477428.406554,met,0.002390
b19,L2,42,477430.182538,477430.358521,477430.421929,met,0.000952
b19,L1,63,477430.182599,477430.370269,477430.441156,met,0.001667
b19,L1,64,477432.182599,477432.340849,477432.394683,met,0.003010
b19,L2,43,477433.182538,477433.293936,477433.360163,met,0.001285
b19,L1,65,477434.182599,477434.307213,477434.975959,missed,0.570396
b19,L1,66,477436.182599,477436.340740,477436.976089,missed,0.564279
b19,L2,44,477436.182538,477436.346861,477438.233792,met,1.821961
b19,L1,67,477438.182599,477438.339376,477438.833881,met,0.412213
b19,L1,68,477440.182599,477440.290391,477440.942199,missed,0.563702
b19,L2,45,477439.182538,477439.303497,477441.476345,missed,2.074661
b19,L2,46,477442.182538,477442.301243,477442.355276,met,0.001204
b19,L1,69,477442.182599,477442.340025,477442.411873,met,0.001849
b19,L1,70,477444.182599,477444.343858,477444.408075,met,0.003438
b19,L2,47,477445.182538,477445.336606,477445.504267,met,0.091377
b19,L1,71,477446.182599,477446.400022,477447.152658,missed,0.574916
b19,L1,72,477448.182599,477448.368211,477448.443000,met,0.004334
b19,L2,48,477448.182538,477448.368481,477448.444124,met,0.004944
b19,L1,73,477450.182599,477450.300178,477450.797575,met,0.430395
b19,L2,49,477451.182538,477451.324505,477451.470508,met,0.094043
b19,L1,74,477452.182599,477452.275219,477452.346821,met,0.007558
b19,L1,75,477454.182599,477454.334275,477454.400449,met,0.002831
b19,L2,50,477454.182538,477454.343274,477454.412252,met,0.001516
b19,L1,76,477456.182599,477456.356294,477456.470430,met,0.056109
b19,L2,51,477457.182538,477457.363210,477457.413791,met,0.001194
b19,L1,77,477458.182599,477458.345266,477458.409061,met,0.001741
b19,L1,78,477460.182599,477460.298283,477460.401457,met,0.002065
b19,L2,52,477460.182538,477460.383392,477460.456427,met,0.002355
b19,L1,79,477462.182599,477462.358530,477462.420886,met,0.001069
b19,L2,53,477463.182538,477463.367468,477463.421849,met,0.001139
b19,L1,80,477464.182599,477464.349936,477464.429459,met,0.003632
b19,L1,81,477466.182599,477466.349382,477467.006201,missed,0.574133
b19,L2,54,477466.182538,477466.359483,477467.662891,met,1.235831
b19,L1,82,477468.182599,477468.296928,477468.434396,met,0.056474
b19,L2,55,477469.182538,477469.365697,477469.986591,met,0.545276
b19,L1,83,477470.182599,477470.380552,477470.441400,met,0.002576
b19,L1,84,477472.182599,477472.412436,477473.125928,missed,0.575012
b19,L2,56,477472.182538,477472.372361,477474.615990,missed,2.075498
b19,L1,85,477474.182599,477474.378799,477475.051813,missed,0.563065
b19,L2,57,477475.182538,477475.397200,477476.595150,met,1.060403
b19,L1,86,477476.182599,477476.373148,477476.595231,met,0.159919
b19,L2,58,477478.182538,477478.369421,477478.448039,met,0.001098
b19,L1,87,477478.182599,477478.369208,477478.447911,met,0.001449
b19,L1,88,477480.182599,477480.399760,477480.491926,met,0.002534
b19,L2,59,477481.182538,477481.388701,477482.021725,met,0.524089
b19,L1,89,477482.182599,477482.361091,477482.458430,met,0.008490
b19,L1,90,477484.182599,477484.379750,477484.463325,met,0.003149
b19,L2,60,477484.182538,477484.435091,477484.529572,met,0.022142
b19,L1,91,477486.182599,477486.350719,477486.469688,met,0.074387
b19,L2,61,477487.182538,477487.358032,477487.403284,met,0.000973
b19,L1,92,477488.182599,477488.363403,477488.411206,met,0.003580
b19,L1,93,477490.182599,477490.290560,477490.403617,met,0.001667
b19,L2,62,477490.182538,477490.309431,477490.426811,met,0.001990
b19,L1,94,477492.182599,477492.400273,477492.787625,met,0.305142
b19,L2,63,477493.182538,477493.402996,477493.540275,met,0.057955
b19,L1,95,477494.182599,477494.379272,477495.097957,missed,0.574876
b19,L1,96,477496.182599,477496.352484,477497.025757,missed,0.571443
b19,L2,64,477496.182538,477496.367508,477498.552151,missed,2.075363
b19,L1,97,477498.182599,477498.380070,477499.056001,missed,0.574759
b19,L1,98,477500.182599,477500.366385,477501.042908,missed,0.574286
b19,L2,65,477499.182538,477499.343273,477501.524777,missed,2.075374
b19,L1,99,477502.182599,477502.364331,477503.043831,missed,0.573462
b19,L2,66,477502.182538,477502.363664,477503.883950,met,1.424684
b19,L1,100,477504.182599,477504.288592,477504.379146,met,0.001467
b19,L1,101,477506.182599,477506.347512,477507.052277,missed,0.575045
b19,L2,67,477505.182538,477505.308668,477507.500559,missed,2.075116
b19,L1,102,477508.182599,477508.379940,477509.065381,missed,0.570363
b19,L2,68,477508.182538,477508.392966,477510.575391,missed,2.072851
b19,L1,103,477510.182599,477510.371751,477511.043668,missed,0.572326
b19,L1,104,477512.182599,477512.388735,477513.039579,missed,0.546216
b19,L2,69,477511.182538,477511.360375,477513.551027,missed,2.073038
b19,L2,70,477514.182538,477514.372901,477514.457575,met,0.015265
b19,L1,105,477514.182599,477514.373213,477514.457584,met,0.014295
b19,L1,106,477516.182599,477516.382069,477516.717616,met,0.264542
b19,L2,71,477517.182538,477517.384892,477517.898101,met,0.412212
b19,L1,107,477518.182599,477518.377344,477519.064740,missed,0.572229
b19,L2,72,477520.182538,477520.361727,477520.809813,met,0.376302
b19,L1,108,477520.182599,477520.362017,477521.009368,missed,0.563904
b19,L1,109,477522.182599,477522.373208,477522.470964,met,0.008115
b19,L2,73,477523.182538,477523.379176,477523.454364,met,0.002442
b19,L1,110,477524.182599,477524.380312,477524.443057,met,0.002524
b19,L1,111,477526.182599,477526.299968,477526.515549,met,0.017376
b19,L2,74,477526.182538,477526.435210,477526.631304,met,0.003464
b19,L1,112,477528.182599,477528.439196,477528.573594,met,0.003184
b19,L2,75,477529.182538,477529.438122,477530.763982,met,1.214846
b19,L1,113,477530.182599,477530.396284,477531.112152,missed,0.574932
b19,L1,114,477532.182599,477532.413302,477533.141199,missed,0.571761
b19,L2,76,477532.182538,477532.407948,477534.243682,met,1.687326
b19,L1,115,477534.182599,477534.418199,477535.109750,missed,0.544572
b19,L1,116,477536.182599,477536.415925,477537.153542,missed,0.572555
b19,L2,77,477535.182538,477535.394401,477537.630992,missed,2.072713
b19,L1,117,477538.182599,477538.479928,477538.623480,met,0.002987
b19,L2,78,477538.182538,477538.498376,477538.643326,met,0.002230
b19,L1,118,477540.182599,477540.451921,477541.231107,missed,0.574181
b19,L1,119,477542.182599,477542.539320,477543.464688,missed,0.556297
b19,L2,79,477541.182538,477541.504760,477543.877071,missed,2.069212
b19,L1,120,477544.182599,477544.599816,477544.819656,timer_late,NA
b19,L1,121,477546.182599,477546.628963,477546.761079,timer_late,NA
b19,L2,80,477544.182538,477544.579428,477547.117771,missed,2.068011
b19,L2,81,477547.182538,477548.180239,477548.707975,timer_late,NA
b19,L1,122,477548.182599,477548.890304,477549.620851,timer_late,NA
b19,L1,123,477550.182599,477551.718372,477552.409809,timer_late,NA
b19,L2,82,477550.182538,477551.805863,477552.493362,timer_late,NA
b19,L1,124,477552.182599,477553.523861,477553.936860,timer_late,NA
b19,L2,83,477553.182538,477554.269585,477554.759051,timer_late,NA
b19,L1,125,477554.182599,477555.296454,477555.670774,timer_late,NA
b19,L2,84,477556.182538,477556.888226,477557.131626,timer_late,NA
b19,L1,126,477556.182599,477557.052630,477557.349872,timer_late,NA
b19,L1,127,477558.182599,477558.757807,477558.888894,timer_late,NA
b19,L2,85,477559.182538,477559.891132,477560.017439,timer_late,NA
b19,L1,128,477560.182599,477560.565226,477561.350961,missed,0.529066
b19,L1,129,477562.182599,477562.546235,477563.818406,missed,0.574365
b19,L1,130,477564.182599,477564.705152,477564.830024,timer_late,NA
b19,L2,86,477562.182538,477562.585465,477565.338700,missed,2.055748
b19,L2,87,477565.182538,477565.790863,477565.942443,timer_late,NA
b19,L1,131,477566.182599,477566.816913,477566.989710,timer_late,NA
b19,L1,132,477568.182599,477568.589436,477568.735788,timer_late,NA
b19,L1,133,477570.182599,477570.604865,477570.738146,timer_late,NA
b19,L2,88,477568.182538,477568.585238,477570.932748,missed,2.059116
b19,L2,89,477571.182538,477571.956141,477572.098331,timer_late,NA
b19,L1,134,477572.182599,477572.839852,477573.187238,timer_late,NA
b19,L1,135,477574.182599,477574.612007,477574.756827,timer_late,NA
b19,L2,90,477574.182538,477574.990546,477575.176579,timer_late,NA
b19,L1,136,477576.182599,477576.579122,477577.345048,missed,0.519944
b19,L1,137,477578.182599,477578.598922,477578.793309,timer_late,NA
b19,L2,91,477577.182538,477577.673823,477579.989599,missed,2.059830
b19,L1,138,477580.182599,477580.974312,477581.096645,timer_late,NA
b19,L1,139,477582.182599,477582.610213,477582.749306,timer_late,NA
b19,L2,92,477580.182538,477580.626491,477582.991283,missed,2.066383
b19,L1,140,477584.182599,477584.606939,477584.742527,timer_late,NA
b19,L2,93,477583.182538,477583.573288,477585.898123,missed,2.069114
b19,L1,141,477586.182599,477586.521872,477587.394812,missed,0.574207
b19,L2,94,477586.182538,477586.506021,477588.841192,missed,2.074143
b19,L1,142,477588.182599,477588.544829,477589.383686,missed,0.575071
b19,L1,143,477590.182599,477590.697061,477590.821919,timer_late,NA
b19,L2,95,477589.182538,477589.643025,477592.064883,missed,2.044483
b19,L1,144,477592.182599,477592.546995,477593.589592,missed,0.563577
b19,L2,96,477592.182538,477592.599313,477595.141582,missed,2.076685
b19,L1,145,477594.182599,477594.552019,477595.380054,missed,0.569923
b19,L1,146,477596.182599,477596.686642,477596.818366,timer_late,NA
b19,L2,97,477595.182538,477595.621716,477598.014926,missed,2.069892
b19,L1,147,477598.182599,477598.610002,477598.748791,timer_late,NA
b19,L2,98,477598.182538,477598.554791,477600.893664,missed,2.076664
b19,L1,148,477600.182599,477600.581074,477601.404848,missed,0.571154
b19,L1,149,477602.182599,477602.570905,477603.345109,missed,0.548301
b19,L2,99,477601.182538,477601.547525,477603.869062,missed,2.066481
b20,L2,0,477672.647247,477672.961475,477673.689089,met,0.459751
b20,L1,0,477672.651788,477672.961611,477673.689992,met,0.456346
b20,L1,1,477674.651788,477674.997626,477675.600369,met,0.388411
b20,L1,2,477676.651788,477676.983695,477677.798309,missed,0.572408
b20,L2,1,477675.647247,477676.024544,477678.348822,missed,2.072523
b20,L1,3,477678.651788,477679.007712,477679.836880,missed,0.570514
b20,L2,2,477678.647247,477679.008578,477681.296769,missed,2.023412
b20,L1,4,477680.651788,477681.041584,477681.891381,missed,0.572220
b20,L1,5,477682.651788,477683.088702,477683.227070,timer_late,NA
b20,L2,3,477681.647247,477682.119211,477684.532311,missed,2.069700
b20,L1,6,477684.651788,477685.055501,477685.205458,timer_late,NA
b20,L2,4,477684.647247,477685.051300,477687.403346,missed,2.075028
b20,L1,7,477686.651788,477687.051731,477687.892045,missed,0.576450
b20,L1,8,477688.651788,477689.052648,477689.191833,timer_late,NA
b20,L2,5,477687.647247,477688.062842,477690.404806,missed,2.072786
b20,L1,9,477690.651788,477691.029173,477691.859569,missed,0.542371
b20,L2,6,477690.647247,477691.012135,477693.352842,missed,2.073256
b20,L1,10,477692.651788,477693.025755,477693.943661,missed,0.576151
b20,L2,7,477693.647247,477694.372674,477694.750494,timer_late,NA
b20,L1,11,477694.651788,477695.563246,477695.680125,timer_late,NA
b20,L1,12,477696.651788,477697.058764,477697.194942,timer_late,NA
b20,L2,8,477696.647247,477697.074615,477699.411850,missed,2.069549
b20,L1,13,477698.651788,477699.027460,477699.902641,missed,0.516324
b20,L1,14,477700.651788,477701.179396,477701.316671,timer_late,NA
b20,L2,9,477699.647247,477700.120014,477702.593659,missed,2.072968
b20,L1,15,477702.651788,477703.044064,477703.971742,missed,0.563839
b20,L2,10,477702.647247,477702.984126,477705.359934,missed,2.058147
b20,L1,16,477704.651788,477704.996922,477705.801959,missed,0.567585
b20,L1,17,477706.651788,477707.049381,477707.865359,missed,0.575445
b20,L2,11,477705.647247,477706.082134,477708.414806,missed,2.050715
b20,L1,18,477708.651788,477709.016998,477709.882691,missed,0.533207
b20,L1,19,477710.651788,477711.163604,477711.288886,timer_late,NA
b20,L2,12,477708.647247,477709.026275,477711.479515,missed,2.057114
b20,L1,20,477712.651788,477713.042626,477713.868661,missed,0.575090
b20,L2,13,477711.647247,477712.089425,477714.427239,missed,2.071052
b20,L2,14,477714.647247,477715.295334,477715.641890,timer_late,NA
b20,L1,21,477714.651788,477715.022959,477716.206420,missed,0.548866
b20,L1,22,477716.651788,477717.287124,477717.582360,timer_late,NA
b20,L2,15,477717.647247,477718.257821,477718.477074,timer_late,NA
b20,L1,23,477718.651788,477719.222901,477719.358937,timer_late,NA
b20,L1,24,477720.651788,477721.014825,477721.846614,missed,0.574400
b20,L2,16,477720.647247,477721.138859,477723.414896,missed,2.026390
b20,L1,25,477722.651788,477722.983047,477723.808400,missed,0.575321
b20,L1,26,477724.651788,477725.017612,477725.827898,missed,0.563677
b20,L2,17,477723.647247,477724.019875,477726.370759,missed,2.073861
b20,L1,27,477726.651788,477726.963639,477728.024746,missed,0.572272
b20,L2,18,477726.647247,477727.072089,477729.619765,missed,2.071376
b20,L1,28,477728.651788,477729.038546,477729.961719,missed,0.557428
b20,L1,29,477730.651788,477731.329085,477731.460886,timer_late,NA
b20,L2,19,477729.647247,477730.234421,477732.811530,missed,2.063991
b20,L1,30,477732.651788,477733.089067,477733.284598,timer_late,NA
b20,L1,31,477734.651788,477735.083635,477735.218118,timer_late,NA
b20,L2,20,477732.647247,477733.062582,477735.503215,missed,2.072064
b20,L1,32,477736.651788,477737.197431,477737.700017,timer_late,NA
b20,L2,21,477735.647247,477736.046785,477738.822200,missed,2.072008
b20,L2,22,477738.647247,477740.036743,477740.543722,timer_late,NA
b20,L1,33,477738.651788,477740.133141,477740.716181,timer_late,NA
b20,L1,34,477740.651788,477741.962290,477742.680249,timer_late,NA
b20,L2,23,477741.647247,477743.026446,477743.703546,timer_late,NA
b20,L1,35,477742.651788,477743.971966,477744.475277,timer_late,NA
b20,L1,36,477744.651788,477745.515777,477745.907369,timer_late,NA
b20,L2,24,477744.647247,477745.670529,477746.162951,timer_late,NA
b20,L1,37,477746.651788,477747.463782,477747.618392,timer_late,NA
b20,L2,25,477747.647247,477748.356553,477748.480602,timer_late,NA
b20,L1,38,477748.651788,477749.109425,477749.310455,timer_late,NA
b20,L1,39,477750.651788,477751.339219,477751.527149,timer_late,NA
b20,L2,26,477750.647247,477751.340335,477751.575900,timer_late,NA
b20,L1,40,477752.651788,477753.725702,477753.958420,timer_late,NA
b20,L2,27,477753.647247,477754.441568,477754.806573,timer_late,NA
b20,L1,41,477754.651788,477755.453708,477755.761976,timer_late,NA
b20,L1,42,477756.651788,477757.245689,477757.416331,timer_late,NA
b20,L1,43,477758.651788,477759.264059,477759.384884,timer_late,NA
b20,L2,28,477756.647247,477757.175717,477759.558640,missed,2.073101
b20,L2,29,477759.647247,477760.322035,477760.480158,timer_late,NA
b20,L1,44,477760.651788,477761.235266,477761.453277,timer_late,NA
b20,L1,45,477762.651788,477763.263257,477763.420264,timer_late,NA
b20,L2,30,477762.647247,477763.329899,477763.529970,timer_late,NA
b20,L1,46,477764.651788,477765.120565,477765.249084,timer_late,NA
b20,L1,47,477766.651788,477767.008855,477767.850444,missed,0.575905
b20,L2,31,477765.647247,477766.090447,477768.421595,missed,2.070404
b20,L1,48,477768.651788,477769.026609,477770.076267,missed,0.570733
b20,L2,32,477768.647247,477768.972202,477771.364875,missed,2.060140
b20,L1,49,477770.651788,477771.385377,477771.671390,timer_late,NA
b20,L2,33,477771.647247,477772.353197,477772.754240,timer_late,NA
b20,L1,50,477772.651788,477773.445088,477774.012020,timer_late,NA
b20,L1,51,477774.651788,477775.219054,477775.390043,timer_late,NA
b20,L2,34,477774.647247,477775.584769,477776.059077,timer_late,NA
b20,L1,52,477776.651788,477777.482937,477777.637493,timer_late,NA
b20,L2,35,477777.647247,477778.720159,477779.176112,timer_late,NA
b20,L1,53,477778.651788,477780.268686,477780.882748,timer_late,NA
b20,L2,36,477780.647247,477781.456423,477781.967115,timer_late,NA
b20,L1,54,477780.651788,477781.719030,477782.130456,timer_late,NA
b20,L1,55,477782.651788,477783.229638,477783.391859,timer_late,NA
b20,L2,37,477783.647247,477784.322764,477784.460936,timer_late,NA
b20,L1,56,477784.651788,477785.163814,477785.376303,timer_late,NA
b20,L1,57,477786.651788,477787.341933,477787.521483,timer_late,NA
b20,L2,38,477786.647247,477787.136875,477789.530270,missed,2.065923
b20,L1,58,477788.651788,477789.401375,477789.709940,timer_late,NA
b20,L2,39,477789.647247,477790.542152,477790.712085,timer_late,NA
b20,L1,59,477790.651788,477791.341615,477791.579719,timer_late,NA
b20,L2,40,477792.647247,477793.253866,477793.455232,timer_late,NA
b20,L1,60,477792.651788,477793.311615,477793.593121,timer_late,NA
b20,L1,61,477794.651788,477795.260763,477795.391924,timer_late,NA
b20,L1,62,477796.651788,477797.012353,477797.876114,missed,0.575911
b20,L2,41,477795.647247,477796.203385,477798.566502,missed,2.072871
b20,L1,63,477798.651788,477799.176166,477799.445981,timer_late,NA
b20,L1,64,477800.651788,477801.135235,477801.283614,timer_late,NA
b20,L2,42,477798.647247,477799.033385,477801.513979,missed,2.073287
b20,L1,65,477802.651788,477803.091547,477803.257747,timer_late,NA
b20,L2,43,477801.647247,477802.164432,477804.651735,missed,2.058476
b20,L1,66,477804.651788,477805.420353,477805.782364,timer_late,NA
b20,L1,67,477806.651788,477807.235668,477807.406160,timer_late,NA
b20,L2,44,477804.647247,477805.082165,477808.120095,missed,2.072655
b20,L2,45,477807.647247,477808.869497,477809.080556,timer_late,NA
b20,L1,68,477808.651788,477809.274897,477809.564018,timer_late,NA
b20,L1,69,477810.651788,477811.213903,477811.430533,timer_late,NA
b20,L2,46,477810.647247,477811.287528,477811.534553,timer_late,NA
b20,L1,70,477812.651788,477813.399254,477813.706460,timer_late,NA
b20,L2,47,477813.647247,477814.414001,477814.726840,timer_late,NA
b20,L1,71,477814.651788,477815.566036,477816.009749,timer_late,NA
b20,L1,72,477816.651788,477817.368816,477817.703710,timer_late,NA
b20,L2,48,477816.647247,477817.728957,477818.124852,timer_late,NA
b20,L1,73,477818.651788,477819.447408,477819.589999,timer_late,NA
b20,L2,49,477819.647247,477820.219268,477820.712266,unreachable,0.005177
b20,L1,74,477820.651788,477821.098582,477821.281212,timer_late,NA
b20,L1,75,477822.651788,477823.170287,477823.452541,timer_late,NA
b20,L2,50,477822.647247,477823.205004,477823.817314,unreachable,0.001606
b20,L1,76,477824.651788,477825.272961,477825.397459,timer_late,NA
b20,L2,51,477825.647247,477826.242452,477826.547288,unreachable,0.001787
b20,L1,77,477826.651788,477826.993375,477827.250823,unreachable,0.001058
b20,L1,78,477828.651788,477829.047818,477829.442968,unreachable,0.001432
b20,L2,52,477828.647247,477829.065603,477829.449806,unreachable,0.002557
b20,L1,79,477830.651788,477831.157773,477831.285561,timer_late,NA
b20,L2,53,477831.647247,477832.132166,477832.399766,unreachable,0.001141
b20,L1,80,477832.651788,477833.003480,477833.282233,unreachable,0.001027
b20,L1,81,477834.651788,477835.081782,477835.222843,timer_late,NA
b20,L2,54,477834.647247,477835.042203,477835.393215,unreachable,0.003073
b20,L1,82,477836.651788,477837.218267,477837.356966,timer_late,NA
b20,L2,55,477837.647247,477838.232398,477838.593880,unreachable,0.000673
b20,L1,83,477838.651788,477839.270855,477839.657474,timer_late,NA
b20,L1,84,477840.651788,477841.430475,477841.612207,timer_late,NA
b20,L2,56,477840.647247,477841.513352,477841.802756,timer_late,NA
b20,L1,85,477842.651788,477843.200997,477843.339492,timer_late,NA
b20,L2,57,477843.647247,477844.182830,477844.759831,unreachable,0.001018
b20,L1,86,477844.651788,477845.078748,477845.350980,timer_late,NA
b20,L1,87,477846.651788,477847.236440,477847.438580,timer_late,NA
b20,L2,58,477846.647247,477847.186266,477847.575305,unreachable,0.000690
b20,L1,88,477848.651788,477849.104435,477849.237721,timer_late,NA
b20,L2,59,477849.647247,477850.070131,477850.322546,unreachable,0.001338
b20,L1,89,477850.651788,477851.050426,477851.346641,unreachable,0.000830
b20,L1,90,477852.651788,477853.088891,477853.298139,timer_late,NA
b20,L2,60,477852.647247,477853.107253,477853.554879,unreachable,0.002636
b20,L1,91,477854.651788,477855.141904,477855.373476,timer_late,NA
b20,L2,61,477855.647247,477856.277793,477856.497013,timer_late,NA
b20,L1,92,477856.651788,477857.185143,477857.333374,timer_late,NA
b20,L1,93,477858.651788,477859.018737,477859.445253,unreachable,0.000825
b20,L2,62,477858.647247,477859.086708,477859.531628,unreachable,0.001413
b20,L1,94,477860.651788,477861.181675,477861.486456,timer_late,NA
b20,L2,63,477861.647247,477862.433005,477862.736402,timer_late,NA
b20,L1,95,477862.651788,477863.411598,477863.804453,timer_late,NA
b20,L1,96,477864.651788,477865.285543,477865.423771,timer_late,NA
b20,L2,64,477864.647247,477865.512214,477865.823983,timer_late,NA
b20,L1,97,477866.651788,477867.222176,477867.371654,timer_late,NA
b20,L2,65,477867.647247,477868.167975,477868.495267,unreachable,0.001622
b20,L1,98,477868.651788,477869.057699,477869.198502,timer_late,NA
b20,L1,99,477870.651788,477871.056579,477871.218412,timer_late,NA
b20,L2,66,477870.647247,477871.106016,477871.476997,unreachable,0.002557
b20,L1,100,477872.651788,477873.109022,477873.247294,timer_late,NA
b20,L2,67,477873.647247,477874.053049,477874.311660,unreachable,0.000670
b20,L1,101,477874.651788,477875.028299,477875.304506,unreachable,0.000663
b20,L1,102,477876.651788,477877.010105,477877.293900,unreachable,0.001697
b20,L2,68,477876.647247,477877.009323,477877.295095,unreachable,0.000896
b20,L1,103,477878.651788,477879.109875,477879.245790,timer_late,NA
b20,L2,69,477879.647247,477880.026852,477880.286938,unreachable,0.000650
b20,L1,104,477880.651788,477881.009812,477881.276604,unreachable,0.002585
b20,L1,105,477882.651788,477883.025494,477883.358955,unreachable,0.003639
b20,L2,70,477882.647247,477883.039634,477883.376344,unreachable,0.001804
b20,L1,106,477884.651788,477885.040805,477885.296558,unreachable,0.000727
b20,L2,71,477885.647247,477886.083510,477886.332449,unreachable,0.000857
b20,L1,107,477886.651788,477887.033216,477887.552798,unreachable,0.000663
b20,L1,108,477888.651788,477889.259867,477889.452694,timer_late,NA
b20,L2,72,477888.647247,477889.185726,477889.565587,unreachable,0.000838
b20,L1,109,477890.651788,477891.080831,477891.239432,timer_late,NA
b20,L2,73,477891.647247,477892.049488,477892.368056,unreachable,0.000985
b20,L1,110,477892.651788,477893.062307,477893.279044,timer_late,NA
b20,L1,111,477894.651788,477895.125899,477895.320188,timer_late,NA
b20,L2,74,477894.647247,477895.091531,477895.477436,unreachable,0.005715
b20,L1,112,477896.651788,477897.205702,477897.343583,timer_late,NA
b20,L2,75,477897.647247,477898.199435,477898.835021,unreachable,0.001092
b20,L1,113,477898.651788,477899.278360,477899.690876,timer_late,NA
b20,L1,114,477900.651788,477901.340862,477901.488540,timer_late,NA
b20,L2,76,477900.647247,477901.748726,477902.313699,timer_late,NA
b20,L1,115,477902.651788,477903.316878,477903.472696,timer_late,NA
b20,L2,77,477903.647247,477904.138410,477904.408097,unreachable,0.000899
b20,L1,116,477904.651788,477905.082839,477905.240506,timer_late,NA
b20,L1,117,477906.651788,477907.276244,477907.648453,timer_late,NA
b20,L2,78,477906.647247,477907.130798,477907.677544,unreachable,0.007287
b20,L1,118,477908.651788,477909.374158,477909.523105,timer_late,NA
b20,L2,79,477909.647247,477910.319864,477910.490068,timer_late,NA
b20,L1,119,477910.651788,477911.310778,477911.448570,timer_late,NA
b20,L1,120,477912.651788,477913.048642,477913.528278,unreachable,0.001174
b20,L2,80,477912.647247,477913.092794,477913.566237,unreachable,0.000872
b20,L1,121,477914.651788,477915.207551,477915.389892,timer_late,NA
b20,L2,81,477915.647247,477916.219250,477916.563355,unreachable,0.001180
b20,L1,122,477916.651788,477917.101346,477917.369861,timer_late,NA
b20,L1,123,477918.651788,477919.068801,477919.225313,timer_late,NA
b20,L2,82,477918.647247,477919.094239,477919.616686,unreachable,0.002579
b20,L1,124,477920.651788,477921.273208,477921.422217,timer_late,NA
b20,L2,83,477921.647247,477922.136667,477922.687817,unreachable,0.000948
b20,L1,125,477922.651788,477923.054378,477923.401418,timer_late,NA
b20,L1,126,477924.651788,477925.312095,477925.618693,timer_late,NA
b20,L2,84,477924.647247,477925.215660,477925.744582,unreachable,0.001892
b20,L1,127,477926.651788,477927.663272,477927.810645,timer_late,NA
b20,L2,85,477927.647247,477928.620108,477928.766667,timer_late,NA
b20,L1,128,477928.651788,477929.174822,477929.653590,timer_late,NA
b20,L2,86,477930.647247,477931.062981,477931.530896,unreachable,0.001006
b20,L1,129,477930.651788,477931.272446,477931.580550,timer_late,NA
b20,L1,130,477932.651788,477933.515677,477933.663819,timer_late,NA
b20,L2,87,477933.647247,477934.453889,477934.592582,timer_late,NA
b20,L1,131,477934.651788,477935.198408,477935.498386,timer_late,NA
b20,L1,132,477936.651788,477937.416593,477937.962505,timer_late,NA
b20,L2,88,477936.647247,477937.224447,477938.401576,unreachable,0.000898
b20,L1,133,477938.651788,477939.647452,477940.080579,timer_late,NA
b20,L2,89,477939.647247,477940.792698,477941.398181,timer_late,NA
b20,L1,134,477940.651788,477942.069837,477942.598777,timer_late,NA
b20,L1,135,477942.651788,477943.318615,477943.523936,timer_late,NA
b20,L2,90,477942.647247,477943.553420,477943.908346,timer_late,NA
b20,L1,136,477944.651788,477945.303391,477945.445120,timer_late,NA
b20,L2,91,477945.647247,477946.152693,477946.425431,unreachable,0.001086
b20,L1,137,477946.651788,477947.036650,477947.312243,unreachable,0.001341
b20,L1,138,477948.651788,477949.169573,477949.461779,timer_late,NA
b20,L2,92,477948.647247,477949.094802,477949.780100,unreachable,0.001527
b20,L1,139,477950.651788,477951.301473,477951.460119,timer_late,NA
b20,L2,93,477951.647247,477952.201312,477952.499723,unreachable,0.002754
b20,L1,140,477952.651788,477953.019289,477953.550481,unreachable,0.004783
b20,L1,141,477954.651788,477955.214789,477955.680216,timer_late,NA
b20,L2,94,477954.647247,477955.107783,477955.810895,unreachable,0.005069
b20,L1,142,477956.651788,477957.400455,477957.545785,timer_late,NA
b20,L2,95,477957.647247,477958.384985,477958.538312,timer_late,NA
b20,L1,143,477958.651788,477959.037590,477962.196925,unreachable,0.006771
b20,L2,96,477960.647247,477962.250320,477962.311309,timer_late,NA
b20,L1,144,477960.651788,477962.337492,477962.378921,timer_late,NA
b20,L1,145,477962.651788,477962.828019,477962.903713,unreachable,0.000320
b20,L2,97,477963.647247,477963.819992,477963.898198,unreachable,0.000299
b20,L1,146,477964.651788,477964.763759,477964.863317,unreachable,0.000354
b20,L2,98,477966.647247,477966.816176,477966.914961,unreachable,0.000316
b20,L1,147,477966.651788,477966.856320,477966.958322,unreachable,0.000290
b20,L1,148,477968.651788,477968.860925,477968.960611,unreachable,0.000244
b20,L2,99,477969.647247,477969.852232,477969.946696,unreachable,0.000623
b20,L1,149,477970.651788,477970.801817,477970.902283,unreachable,0.001043
