activation_id,execution_id,run_id,node_id,attempt,mode,bound_at
activation:b31664ca-d8bf-4fcc-9d9c-49c33ce4e6d5:c79a7386-bd54-4464-a031-3cb77583fc43:eng_design:1,b31664ca-d8bf-4fcc-9d9c-49c33ce4e6d5,c79a7386-bd54-4464-a031-3cb77583fc43,eng_design,1,spawn,2026-09-08T07:55:01.707Z
activation:bdda9bbc-1fe8-486c-a37e-34e9a97ac386:c79a7386-bd54-4464-a031-3cb77583fc43:implement:1,bdda9bbc-1fe8-486c-a37e-34e9a97ac386,c79a7386-bd54-4464-a031-3cb77583fc43,implement,1,spawn,2026-09-08T09:52:50.124Z
activation:0948314e-a0a3-4071-bd9d-9cc210133f63:c79a7386-bd54-4464-a031-3cb77583fc43:qa:1,0948314e-a0a3-4071-bd9d-9cc210133f63,c79a7386-bd54-4464-a031-3cb77583fc43,qa,1,spawn,2026-09-08T14:47:28.439Z
activation:745cc215-1fe6-4c67-891e-e907a598c8df:c79a7386-bd54-4464-a031-3cb77583fc43:implement:2,745cc215-1fe6-4c67-891e-e907a598c8df,c79a7386-bd54-4464-a031-3cb77583fc43,implement,2,replacement,2026-09-08T18:10:52.201Z
activation:b2e7da96-c8b0-4262-9290-a3c8ef218efd:8b503475-e5a5-472f-baea-bda9e366b5c2:eng_design:1,b2e7da96-c8b0-4262-9290-a3c8ef218efd,8b503475-e5a5-472f-baea-bda9e366b5c2,eng_design,1,spawn,2026-09-08T19:18:20.647Z
activation:2faaa88c-1476-4c84-8e93-bc1e5512cae5:e72f53b5-8195-48af-b4bb-a0d5c10b52e2:eng_design:1,2faaa88c-1476-4c84-8e93-bc1e5512cae5,e72f53b5-8195-48af-b4bb-a0d5c10b52e2,eng_design,1,spawn,2026-09-08T19:18:31.072Z
activation:b7fc66a5-1c23-4a9b-aab8-25b95dc36276:1a6c34d0-bc99-4ec5-86bd-af1eb8b45d10:eng_design:1,b7fc66a5-1c23-4a9b-aab8-25b95dc36276,1a6c34d0-bc99-4ec5-86bd-af1eb8b45d10,eng_design,1,spawn,2026-09-08T19:18:38.694Z
activation:3214350b-7469-47eb-a126-dc38e9b752c7:70ccd0dd-494d-4e95-bf93-4aa4820e7fc2:eng_design:1,3214350b-7469-47eb-a126-dc38e9b752c7,70ccd0dd-494d-4e95-bf93-4aa4820e7fc2,eng_design,1,spawn,2026-09-08T19:19:02.386Z
activation:1492b1f6-6642-4588-9ce5-bedd4fdec106:0046d93b-146c-4b78-8b3a-f9ed9eaaa205:eng_design:1,1492b1f6-6642-4588-9ce5-bedd4fdec106,0046d93b-146c-4b78-8b3a-f9ed9eaaa205,eng_design,1,spawn,2026-09-08T19:19:19.166Z
activation:f6bb8003-3466-4aa0-b908-0ccbe88cdae1:a8b54a51-cb16-424e-95f8-3e44223acc15:eng_design:1,f6bb8003-3466-4aa0-b908-0ccbe88cdae1,a8b54a51-cb16-424e-95f8-3e44223acc15,eng_design,1,spawn,2026-09-08T19:19:31.365Z
activation:fd0ef836-a1f2-4243-8f9a-3c25823369c5:bd256677-fab4-4d96-9fe6-7ef6c053c46f:implement:1,fd0ef836-a1f2-4243-8f9a-3c25823369c5,bd256677-fab4-4d96-9fe6-7ef6c053c46f,implement,1,spawn,2026-09-08T19:19:48.330Z
activation:3e276d6b-ccec-4e94-b56d-e45f4c9f163c:4e86edef-4b6c-4781-b9d6-70aaea3e0e1c:eng_design:1,3e276d6b-ccec-4e94-b56d-e45f4c9f163c,4e86edef-4b6c-4781-b9d6-70aaea3e0e1c,eng_design,1,spawn,2026-09-08T19:19:58.779Z
activation:231ab6f1-8864-42da-b4e3-5b18aee69115:c79a7386-bd54-4464-a031-3cb77583fc43:implement:2,231ab6f1-8864-42da-b4e3-5b18aee69115,c79a7386-bd54-4464-a031-3cb77583fc43,implement,2,replacement,2026-09-08T19:27:58.132Z
activation:401ada63-2186-4436-a643-f58f2c6170bb:e72f53b5-8195-48af-b4bb-a0d5c10b52e2:implement:1,401ada63-2186-4436-a643-f58f2c6170bb,e72f53b5-8195-48af-b4bb-a0d5c10b52e2,implement,1,spawn,2026-09-08T19:56:26.043Z
activation:9ba2e5e6-58f0-4dc8-9793-2ec1685358f6:c79a7386-bd54-4464-a031-3cb77583fc43:implement:2,9ba2e5e6-58f0-4dc8-9793-2ec1685358f6,c79a7386-bd54-4464-a031-3cb77583fc43,implement,2,spawn,2026-09-08T19:57:36.032Z
activation:a76614e7-fbc9-4a93-8553-e9653be79384:0046d93b-146c-4b78-8b3a-f9ed9eaaa205:implement:1,a76614e7-fbc9-4a93-8553-e9653be79384,0046d93b-146c-4b78-8b3a-f9ed9eaaa205,implement,1,spawn,2026-09-08T20:04:07.012Z
activation:db6e2cf5-d7df-4b87-9feb-2def287d71e0:4e86edef-4b6c-4781-b9d6-70aaea3e0e1c:implement:1,db6e2cf5-d7df-4b87-9feb-2def287d71e0,4e86edef-4b6c-4781-b9d6-70aaea3e0e1c,implement,1,spawn,2026-09-08T20:05:18.818Z
activation:11901374-e9b0-4583-aee0-3dd93ba5a5c7:a8b54a51-cb16-424e-95f8-3e44223acc15:implement:1,11901374-e9b0-4583-aee0-3dd93ba5a5c7,a8b54a51-cb16-424e-95f8-3e44223acc15,implement,1,spawn,2026-09-08T20:06:45.639Z
activation:36ba61ae-82c2-4b1f-8b28-b9e043a5eb87:8b503475-e5a5-472f-baea-bda9e366b5c2:implement:1,36ba61ae-82c2-4b1f-8b28-b9e043a5eb87,8b503475-e5a5-472f-baea-bda9e366b5c2,implement,1,spawn,2026-09-08T20:16:27.875Z
activation:rework:6947645029983178741dd4f4146d5838ebe9b2a56b5bb24efac89b7e5053f11b,0948314e-a0a3-4071-bd9d-9cc210133f63,c79a7386-bd54-4464-a031-3cb77583fc43,qa,2,wake,2026-09-08T20:45:06.704Z
activation:81f20993-2fd1-429f-98b7-a126ae5a00f5:70ccd0dd-494d-4e95-bf93-4aa4820e7fc2:implement:1,81f20993-2fd1-429f-98b7-a126ae5a00f5,70ccd0dd-494d-4e95-bf93-4aa4820e7fc2,implement,1,spawn,2026-09-08T20:47:21.900Z
activation:rework:33591a423f488babf6deed3b9ae150b6bb8fb40ea29a42ca20dcda0b56a30fe5,9ba2e5e6-58f0-4dc8-9793-2ec1685358f6,c79a7386-bd54-4464-a031-3cb77583fc43,implement,3,wake,2026-09-08T21:09:48.757Z
activation:77e4a46a-b1e1-4587-acb3-130b230d6754:1a6c34d0-bc99-4ec5-86bd-af1eb8b45d10:implement:1,77e4a46a-b1e1-4587-acb3-130b230d6754,1a6c34d0-bc99-4ec5-86bd-af1eb8b45d10,implement,1,spawn,2026-09-08T21:12:24.408Z
activation:49d648f7-011a-41c2-9e60-f634edd56f18:bd256677-fab4-4d96-9fe6-7ef6c053c46f:qa:1,49d648f7-011a-41c2-9e60-f634edd56f18,bd256677-fab4-4d96-9fe6-7ef6c053c46f,qa,1,spawn,2026-09-08T21:50:16.026Z
activation:e29c4e33-6e98-4483-9d02-c496a444fa57:a8b54a51-cb16-424e-95f8-3e44223acc15:qa:1,e29c4e33-6e98-4483-9d02-c496a444fa57,a8b54a51-cb16-424e-95f8-3e44223acc15,qa,1,spawn,2026-09-08T21:53:27.859Z
activation:703a3dc0-156d-4e32-a1e0-8eea84916a14:0046d93b-146c-4b78-8b3a-f9ed9eaaa205:qa:1,703a3dc0-156d-4e32-a1e0-8eea84916a14,0046d93b-146c-4b78-8b3a-f9ed9eaaa205,qa,1,spawn,2026-09-09T01:52:55.866Z
activation:310a846e-d5f2-4a0b-b2f6-51d80b031907:1a6c34d0-bc99-4ec5-86bd-af1eb8b45d10:qa:1,310a846e-d5f2-4a0b-b2f6-51d80b031907,1a6c34d0-bc99-4ec5-86bd-af1eb8b45d10,qa,1,spawn,2026-09-09T01:54:05.873Z
activation:40f66a02-5abb-49a4-88d9-7347f4621fb9:8b503475-e5a5-472f-baea-bda9e366b5c2:implement:1,40f66a02-5abb-49a4-88d9-7347f4621fb9,8b503475-e5a5-472f-baea-bda9e366b5c2,implement,1,spawn,2026-09-09T02:20:05.889Z
activation:rework:090f4cbae2f8dd408e469c52729528bba3560b6d9f48d5602774d9c46992d953,a76614e7-fbc9-4a93-8553-e9653be79384,0046d93b-146c-4b78-8b3a-f9ed9eaaa205,implement,2,wake,2026-09-09T02:22:35.875Z
activation:3f5910c6-1065-4fce-aed0-c687336852c4:c8b7c661-947a-4c0f-a41b-9accd8090afd:eng_design:1,3f5910c6-1065-4fce-aed0-c687336852c4,c8b7c661-947a-4c0f-a41b-9accd8090afd,eng_design,1,spawn,2026-09-09T02:49:09.351Z
activation:92e3340f-1aec-454b-a5de-d61c3aa12035:c3c393f1-2cd1-4ade-917c-84592cb1bbe7:eng_design:1,92e3340f-1aec-454b-a5de-d61c3aa12035,c3c393f1-2cd1-4ade-917c-84592cb1bbe7,eng_design,1,spawn,2026-09-09T02:49:16.608Z
activation:2b5c4176-fceb-4663-92a1-239e93686bd4:13d45e05-1931-405b-a09d-f1c6b7cccaff:eng_design:1,2b5c4176-fceb-4663-92a1-239e93686bd4,13d45e05-1931-405b-a09d-f1c6b7cccaff,eng_design,1,spawn,2026-09-09T02:49:33.464Z
activation:420aa437-9d96-412b-b9b2-7dfec6c66e6b:70ccd0dd-494d-4e95-bf93-4aa4820e7fc2:qa:1,420aa437-9d96-412b-b9b2-7dfec6c66e6b,70ccd0dd-494d-4e95-bf93-4aa4820e7fc2,qa,1,spawn,2026-09-09T02:56:31.154Z
activation:29890a4a-7307-457f-9bc9-1881d49e6fff:2f904779-35a1-4754-aab4-7129dac264a1:eng_design:1,29890a4a-7307-457f-9bc9-1881d49e6fff,2f904779-35a1-4754-aab4-7129dac264a1,eng_design,1,spawn,2026-09-09T03:08:14.969Z
activation:1ac67591-5852-45f4-8322-f2a26b913327:7c625c64-0142-4626-8f14-677a6309e0d8:eng_design:1,1ac67591-5852-45f4-8322-f2a26b913327,7c625c64-0142-4626-8f14-677a6309e0d8,eng_design,1,spawn,2026-09-09T03:08:31.083Z
activation:fb7cc301-fca3-45cf-be05-e91efeac767d:8b503475-e5a5-472f-baea-bda9e366b5c2:implement:1,fb7cc301-fca3-45cf-be05-e91efeac767d,8b503475-e5a5-472f-baea-bda9e366b5c2,implement,1,spawn,2026-09-09T03:12:40.936Z
activation:e25ef68f-e765-4dd0-918a-e521f35ce083:e72f53b5-8195-48af-b4bb-a0d5c10b52e2:qa:1,e25ef68f-e765-4dd0-918a-e521f35ce083,e72f53b5-8195-48af-b4bb-a0d5c10b52e2,qa,1,spawn,2026-09-09T03:15:00.287Z
activation:773dec0e-076b-4f06-b196-72f0627ec604:4e86edef-4b6c-4781-b9d6-70aaea3e0e1c:qa:1,773dec0e-076b-4f06-b196-72f0627ec604,4e86edef-4b6c-4781-b9d6-70aaea3e0e1c,qa,1,spawn,2026-09-09T03:20:19.526Z
activation:29f1903e-786a-48c0-bd30-57f4b901a9ab:8b503475-e5a5-472f-baea-bda9e366b5c2:implement:1,29f1903e-786a-48c0-bd30-57f4b901a9ab,8b503475-e5a5-472f-baea-bda9e366b5c2,implement,1,spawn,2026-09-09T03:27:42.280Z
activation:5c488344-e3cb-458d-99db-0bf817b84b35:ce54ec2a-6b8b-4c46-bcc6-6e698ba194ab:eng_design:1,5c488344-e3cb-458d-99db-0bf817b84b35,ce54ec2a-6b8b-4c46-bcc6-6e698ba194ab,eng_design,1,spawn,2026-09-09T03:29:56.310Z
activation:rework:748fb4ef5b492572886b5e5ee9d4e50634dd594a6d925ccc0df7b818294683ee,0948314e-a0a3-4071-bd9d-9cc210133f63,c79a7386-bd54-4464-a031-3cb77583fc43,qa,3,wake,2026-09-09T03:31:19.841Z
activation:rework:8d98875db14c0885bec22844208616d6863d81241a83389c0d493e36823dd724,db6e2cf5-d7df-4b87-9feb-2def287d71e0,4e86edef-4b6c-4781-b9d6-70aaea3e0e1c,implement,2,wake,2026-09-09T03:45:03.295Z
activation:fbe30dd8-a18d-4dc5-a43e-f0f9b9a7edf7:c8b7c661-947a-4c0f-a41b-9accd8090afd:implement:1,fbe30dd8-a18d-4dc5-a43e-f0f9b9a7edf7,c8b7c661-947a-4c0f-a41b-9accd8090afd,implement,1,spawn,2026-09-09T03:46:38.643Z
activation:24b5b758-21ec-494b-bab9-8d3eacb6a0b2:c3c393f1-2cd1-4ade-917c-84592cb1bbe7:implement:1,24b5b758-21ec-494b-bab9-8d3eacb6a0b2,c3c393f1-2cd1-4ade-917c-84592cb1bbe7,implement,1,spawn,2026-09-09T03:59:35.758Z
activation:2bbf991f-3e0f-4a38-9a05-41a6ab10cb0d:7c625c64-0142-4626-8f14-677a6309e0d8:implement:1,2bbf991f-3e0f-4a38-9a05-41a6ab10cb0d,7c625c64-0142-4626-8f14-677a6309e0d8,implement,1,spawn,2026-09-09T04:04:45.885Z
activation:fa058bbf-1eb2-4567-95f0-8af2416e13fc:2f904779-35a1-4754-aab4-7129dac264a1:implement:1,fa058bbf-1eb2-4567-95f0-8af2416e13fc,2f904779-35a1-4754-aab4-7129dac264a1,implement,1,spawn,2026-09-09T04:37:13.262Z
activation:71d0779e-627d-41c3-9a4e-a71ed1ba4c0c:13d45e05-1931-405b-a09d-f1c6b7cccaff:implement:1,71d0779e-627d-41c3-9a4e-a71ed1ba4c0c,13d45e05-1931-405b-a09d-f1c6b7cccaff,implement,1,spawn,2026-09-09T04:37:15.624Z
activation:868f9368-234f-4061-829d-5b8c8b73bfe6:ce54ec2a-6b8b-4c46-bcc6-6e698ba194ab:implement:1,868f9368-234f-4061-829d-5b8c8b73bfe6,ce54ec2a-6b8b-4c46-bcc6-6e698ba194ab,implement,1,spawn,2026-09-09T05:00:12.441Z
activation:cc067e8b-b85a-400c-9134-2809b2e508b1:8b503475-e5a5-472f-baea-bda9e366b5c2:qa:1,cc067e8b-b85a-400c-9134-2809b2e508b1,8b503475-e5a5-472f-baea-bda9e366b5c2,qa,1,spawn,2026-09-09T06:28:48.847Z
activation:b6ca97e4-687a-4fed-84cc-259544f10899:b611ce55-1ce4-46aa-a008-780efad435bd:eng_design:1,b6ca97e4-687a-4fed-84cc-259544f10899,b611ce55-1ce4-46aa-a008-780efad435bd,eng_design,1,spawn,2026-09-09T06:37:03.140Z
activation:rework:075fb71208e681afdd9a51b1bf210be3074b47c736578d7bfdbd98e3c0cc2608,29f1903e-786a-48c0-bd30-57f4b901a9ab,8b503475-e5a5-472f-baea-bda9e366b5c2,implement,2,wake,2026-09-09T06:44:29.244Z
activation:210e409c-2c70-40f6-91e3-7b8c886158b3:8b503475-e5a5-472f-baea-bda9e366b5c2:implement:2,210e409c-2c70-40f6-91e3-7b8c886158b3,8b503475-e5a5-472f-baea-bda9e366b5c2,implement,2,replacement,2026-09-09T07:07:18.415Z
activation:db57dc9c-a8ca-4e27-b0ce-750d35d8e6a0:c8b7c661-947a-4c0f-a41b-9accd8090afd:implement:1,db57dc9c-a8ca-4e27-b0ce-750d35d8e6a0,c8b7c661-947a-4c0f-a41b-9accd8090afd,implement,1,spawn,2026-09-09T07:17:40.912Z
activation:c070fce7-2b7e-44cb-9073-26b4e3200ede:4e86edef-4b6c-4781-b9d6-70aaea3e0e1c:implement:2,c070fce7-2b7e-44cb-9073-26b4e3200ede,4e86edef-4b6c-4781-b9d6-70aaea3e0e1c,implement,2,replacement,2026-09-09T07:24:15.730Z
activation:b5ed7567-0ab3-41ec-a399-5c907ba54547:2f904779-35a1-4754-aab4-7129dac264a1:implement:1,b5ed7567-0ab3-41ec-a399-5c907ba54547,2f904779-35a1-4754-aab4-7129dac264a1,implement,1,spawn,2026-09-09T07:27:41.914Z
activation:5de3f966-c6e0-48a0-81f7-720ceecbddc2:f45a37e7-c681-4d3f-b899-1800afa590d5:implement:1,5de3f966-c6e0-48a0-81f7-720ceecbddc2,f45a37e7-c681-4d3f-b899-1800afa590d5,implement,1,spawn,2026-09-09T07:39:46.213Z
activation:5f5da780-bc02-4a5f-99e6-3b697dd637b4:f45a37e7-c681-4d3f-b899-1800afa590d5:qa:1,5f5da780-bc02-4a5f-99e6-3b697dd637b4,f45a37e7-c681-4d3f-b899-1800afa590d5,qa,1,spawn,2026-09-09T07:42:21.572Z
activation:9605b495-4105-4f32-8c3b-39749140db18:ce54ec2a-6b8b-4c46-bcc6-6e698ba194ab:implement:1,9605b495-4105-4f32-8c3b-39749140db18,ce54ec2a-6b8b-4c46-bcc6-6e698ba194ab,implement,1,spawn,2026-09-09T07:57:41.266Z
activation:d60cff23-cf25-4dbf-b920-a278a4583e70:b611ce55-1ce4-46aa-a008-780efad435bd:implement:1,d60cff23-cf25-4dbf-b920-a278a4583e70,b611ce55-1ce4-46aa-a008-780efad435bd,implement,1,spawn,2026-09-09T08:02:54.206Z
activation:826a3457-dfc7-4e5e-8511-80dd01bc6e76:8b503475-e5a5-472f-baea-bda9e366b5c2:implement:2,826a3457-dfc7-4e5e-8511-80dd01bc6e76,8b503475-e5a5-472f-baea-bda9e366b5c2,implement,2,spawn,2026-09-09T08:16:03.318Z
activation:6d67f20f-66e7-4a84-9a84-414e9cd23075:c3c393f1-2cd1-4ade-917c-84592cb1bbe7:implement:1,6d67f20f-66e7-4a84-9a84-414e9cd23075,c3c393f1-2cd1-4ade-917c-84592cb1bbe7,implement,1,spawn,2026-09-09T08:22:42.158Z
activation:4167da07-097c-42dc-8d6a-244198626bcc:7c625c64-0142-4626-8f14-677a6309e0d8:implement:1,4167da07-097c-42dc-8d6a-244198626bcc,7c625c64-0142-4626-8f14-677a6309e0d8,implement,1,spawn,2026-09-09T08:22:46.320Z
activation:rework:e1918b7fb3ef4fbc851f73df550bf16005822b9b61c0c0330c65da8a874788ea,cc067e8b-b85a-400c-9134-2809b2e508b1,8b503475-e5a5-472f-baea-bda9e366b5c2,qa,2,wake,2026-09-09T08:24:04.341Z
activation:3bb2977d-fac5-45e3-94b9-8555e7d5ad92:c3c393f1-2cd1-4ade-917c-84592cb1bbe7:qa:1,3bb2977d-fac5-45e3-94b9-8555e7d5ad92,c3c393f1-2cd1-4ade-917c-84592cb1bbe7,qa,1,spawn,2026-09-09T08:28:29.016Z
activation:rework:25512c659b9b3c11b87320e9e74aa84f5a625a22eddbeaa35fce4a141908ab85,6d67f20f-66e7-4a84-9a84-414e9cd23075,c3c393f1-2cd1-4ade-917c-84592cb1bbe7,implement,2,wake,2026-09-09T08:44:58.456Z
activation:a430054d-07d2-4ca9-9e4f-3262e50ce786:f45a37e7-c681-4d3f-b899-1800afa590d5:implement:2,a430054d-07d2-4ca9-9e4f-3262e50ce786,f45a37e7-c681-4d3f-b899-1800afa590d5,implement,2,replacement,2026-09-09T08:49:13.514Z
activation:ab7fabaf-74d8-4b2f-a8c2-ebc9c99773b6:ce54ec2a-6b8b-4c46-bcc6-6e698ba194ab:qa:1,ab7fabaf-74d8-4b2f-a8c2-ebc9c99773b6,ce54ec2a-6b8b-4c46-bcc6-6e698ba194ab,qa,1,spawn,2026-09-09T09:08:03.524Z
activation:0ee9759e-5a89-41ee-bbcd-71f108b2cb99:c8b7c661-947a-4c0f-a41b-9accd8090afd:qa:1,0ee9759e-5a89-41ee-bbcd-71f108b2cb99,c8b7c661-947a-4c0f-a41b-9accd8090afd,qa,1,spawn,2026-09-09T09:12:50.743Z
activation:rework:d20282f2c3e95876bf75122aba5983f93f80ef03464e20d67319d6d94726c99b,db57dc9c-a8ca-4e27-b0ce-750d35d8e6a0,c8b7c661-947a-4c0f-a41b-9accd8090afd,implement,2,wake,2026-09-09T09:33:17.951Z
activation:f082fc65-b69e-4b2f-a99b-e27ee7d8e6cc:b611ce55-1ce4-46aa-a008-780efad435bd:qa:1,f082fc65-b69e-4b2f-a99b-e27ee7d8e6cc,b611ce55-1ce4-46aa-a008-780efad435bd,qa,1,spawn,2026-09-09T09:41:21.581Z
activation:6e475dd2-26ac-41c8-ae1b-2db6f6594b95:13d45e05-1931-405b-a09d-f1c6b7cccaff:implement:1,6e475dd2-26ac-41c8-ae1b-2db6f6594b95,13d45e05-1931-405b-a09d-f1c6b7cccaff,implement,1,spawn,2026-09-09T09:52:13.285Z
activation:cf7b4751-b632-402d-aa4b-a68697490214:c8b7c661-947a-4c0f-a41b-9accd8090afd:implement:2,cf7b4751-b632-402d-aa4b-a68697490214,c8b7c661-947a-4c0f-a41b-9accd8090afd,implement,2,replacement,2026-09-09T10:00:22.645Z
activation:383d876a-3505-40be-b0cd-9bc870477b5f:c3c393f1-2cd1-4ade-917c-84592cb1bbe7:implement:2,383d876a-3505-40be-b0cd-9bc870477b5f,c3c393f1-2cd1-4ade-917c-84592cb1bbe7,implement,2,replacement,2026-09-09T10:00:29.805Z
activation:c35fd8c7-fb4d-41fe-81eb-bb9685c43e9b:13d45e05-1931-405b-a09d-f1c6b7cccaff:implement:1,c35fd8c7-fb4d-41fe-81eb-bb9685c43e9b,13d45e05-1931-405b-a09d-f1c6b7cccaff,implement,1,spawn,2026-09-09T10:02:42.379Z
activation:a85fb60c-badd-4992-a75d-854db05e6ce6:2f904779-35a1-4754-aab4-7129dac264a1:implement:1,a85fb60c-badd-4992-a75d-854db05e6ce6,2f904779-35a1-4754-aab4-7129dac264a1,implement,1,spawn,2026-09-09T10:02:46.024Z
activation:3fda089a-f7a9-4290-a6c4-43fa1add52ec:7c625c64-0142-4626-8f14-677a6309e0d8:implement:1,3fda089a-f7a9-4290-a6c4-43fa1add52ec,7c625c64-0142-4626-8f14-677a6309e0d8,implement,1,spawn,2026-09-09T10:02:49.559Z
activation:72ce2663-5fdf-4e1c-8f0e-31b63d4f82ff:f45a37e7-c681-4d3f-b899-1800afa590d5:implement:2,72ce2663-5fdf-4e1c-8f0e-31b63d4f82ff,f45a37e7-c681-4d3f-b899-1800afa590d5,implement,2,replacement,2026-09-09T10:04:35.898Z
activation:fd88ba3d-b703-463e-8d8d-bba063465490:c3c393f1-2cd1-4ade-917c-84592cb1bbe7:implement:2,fd88ba3d-b703-463e-8d8d-bba063465490,c3c393f1-2cd1-4ade-917c-84592cb1bbe7,implement,2,spawn,2026-09-09T10:12:42.277Z
activation:0f51173e-8a19-43ce-84cf-d75ac0dfe8f4:c8b7c661-947a-4c0f-a41b-9accd8090afd:implement:2,0f51173e-8a19-43ce-84cf-d75ac0dfe8f4,c8b7c661-947a-4c0f-a41b-9accd8090afd,implement,2,spawn,2026-09-09T10:12:45.742Z
activation:83258646-6110-491b-806d-cd496d3e4f83:13d45e05-1931-405b-a09d-f1c6b7cccaff:implement:1,83258646-6110-491b-806d-cd496d3e4f83,13d45e05-1931-405b-a09d-f1c6b7cccaff,implement,1,spawn,2026-09-09T10:17:42.897Z
activation:7b9fb9cc-0a9c-4c08-a40f-16d03539e778:2f904779-35a1-4754-aab4-7129dac264a1:implement:1,7b9fb9cc-0a9c-4c08-a40f-16d03539e778,2f904779-35a1-4754-aab4-7129dac264a1,implement,1,spawn,2026-09-09T10:17:46.266Z
activation:24d54933-9407-40d8-89f4-e9609672286d:7c625c64-0142-4626-8f14-677a6309e0d8:implement:1,24d54933-9407-40d8-89f4-e9609672286d,7c625c64-0142-4626-8f14-677a6309e0d8,implement,1,spawn,2026-09-09T10:17:50.308Z
activation:27b1d9a4-2564-4b3f-a0fa-9f3b187c2406:c3c393f1-2cd1-4ade-917c-84592cb1bbe7:implement:2,27b1d9a4-2564-4b3f-a0fa-9f3b187c2406,c3c393f1-2cd1-4ade-917c-84592cb1bbe7,implement,2,spawn,2026-09-09T10:27:41.533Z
activation:a03cee82-9ebd-48c8-9df7-669d966cea67:c8b7c661-947a-4c0f-a41b-9accd8090afd:implement:2,a03cee82-9ebd-48c8-9df7-669d966cea67,c8b7c661-947a-4c0f-a41b-9accd8090afd,implement,2,spawn,2026-09-09T10:27:45.822Z
activation:e1ca4f30-4858-4c3d-93fc-1a7339df2de3:c3c393f1-2cd1-4ade-917c-84592cb1bbe7:implement:2,e1ca4f30-4858-4c3d-93fc-1a7339df2de3,c3c393f1-2cd1-4ade-917c-84592cb1bbe7,implement,2,spawn,2026-09-09T10:42:41.698Z
activation:58d86abf-0781-431d-8aa9-4ba1ac66955d:c8b7c661-947a-4c0f-a41b-9accd8090afd:implement:2,58d86abf-0781-431d-8aa9-4ba1ac66955d,c8b7c661-947a-4c0f-a41b-9accd8090afd,implement,2,spawn,2026-09-09T10:42:45.608Z
activation:fdb333fb-c9ba-46f2-9a3c-202494b3f983:16f6e49e-527c-47f6-9f1d-1465b14660bb:implement:1,fdb333fb-c9ba-46f2-9a3c-202494b3f983,16f6e49e-527c-47f6-9f1d-1465b14660bb,implement,1,spawn,2026-09-09T17:23:33.007Z
activation:4fc74385-2f80-45e9-bd16-6007c52066f9:d6c4b403-a0c8-4339-8e2e-d36cf48d0cdf:implement:1,4fc74385-2f80-45e9-bd16-6007c52066f9,d6c4b403-a0c8-4339-8e2e-d36cf48d0cdf,implement,1,spawn,2026-09-09T17:26:35.818Z
activation:b88f99d6-8abd-44d2-a269-aa2b99b13748:35ab9e12-2ce4-42ca-a15a-966682e289fb:implement:1,b88f99d6-8abd-44d2-a269-aa2b99b13748,35ab9e12-2ce4-42ca-a15a-966682e289fb,implement,1,spawn,2026-09-09T17:27:14.576Z
activation:f7739fbd-fa00-4cc1-a714-3751217d6ff8:a10f4de0-9b6d-4799-ba92-4ed98cc795ce:implement:1,f7739fbd-fa00-4cc1-a714-3751217d6ff8,a10f4de0-9b6d-4799-ba92-4ed98cc795ce,implement,1,spawn,2026-09-09T17:28:46.624Z
activation:2f7f549f-0c56-4fea-8aa1-3bbe96a77b95:15b4bd81-005f-4173-a3ea-d5a26906c607:implement:1,2f7f549f-0c56-4fea-8aa1-3bbe96a77b95,15b4bd81-005f-4173-a3ea-d5a26906c607,implement,1,spawn,2026-09-09T17:28:52.409Z
activation:81980043-c840-4ac0-8c6f-9e1292ca16bf:d6c4b403-a0c8-4339-8e2e-d36cf48d0cdf:implement:1,81980043-c840-4ac0-8c6f-9e1292ca16bf,d6c4b403-a0c8-4339-8e2e-d36cf48d0cdf,implement,1,spawn,2026-09-09T17:30:30.501Z
activation:a77846b6-9d83-4e83-91f4-14801b3ab56e:a10f4de0-9b6d-4799-ba92-4ed98cc795ce:qa:1,a77846b6-9d83-4e83-91f4-14801b3ab56e,a10f4de0-9b6d-4799-ba92-4ed98cc795ce,qa,1,spawn,2026-09-09T17:31:00.710Z
activation:b956bb43-56b4-442c-b1aa-3dac7f845f34:99288dcf-1e6a-4577-ac8c-c339c041c078:implement:1,b956bb43-56b4-442c-b1aa-3dac7f845f34,99288dcf-1e6a-4577-ac8c-c339c041c078,implement,1,spawn,2026-09-09T17:31:09.188Z
activation:9838f4d4-5920-443a-ab1f-48dcf6a56a96:3cddd8cb-89fd-4fc5-a5de-d1b57f8e5959:implement:1,9838f4d4-5920-443a-ab1f-48dcf6a56a96,3cddd8cb-89fd-4fc5-a5de-d1b57f8e5959,implement,1,spawn,2026-09-09T17:31:13.731Z
activation:f87a546f-4340-4a4c-a04d-efa889cc7bd9:d6c4b403-a0c8-4339-8e2e-d36cf48d0cdf:qa:1,f87a546f-4340-4a4c-a04d-efa889cc7bd9,d6c4b403-a0c8-4339-8e2e-d36cf48d0cdf,qa,1,spawn,2026-09-09T17:31:58.070Z
activation:28e1710e-db7e-4709-89d1-b104567de879:eb7ac1ef-73f1-4a2d-ba41-963d7147d8c1:implement:1,28e1710e-db7e-4709-89d1-b104567de879,eb7ac1ef-73f1-4a2d-ba41-963d7147d8c1,implement,1,spawn,2026-09-09T17:42:19.496Z
activation:f38c336e-7aa4-46bb-a4b6-26c4ba58e128:99288dcf-1e6a-4577-ac8c-c339c041c078:qa:1,f38c336e-7aa4-46bb-a4b6-26c4ba58e128,99288dcf-1e6a-4577-ac8c-c339c041c078,qa,1,spawn,2026-09-09T17:53:03.864Z
activation:rework:3f43f1e023ad8ed60fd9f7f27a23f53735ad7e09011160a8a3be260517834a7b,81980043-c840-4ac0-8c6f-9e1292ca16bf,d6c4b403-a0c8-4339-8e2e-d36cf48d0cdf,implement,2,wake,2026-09-09T17:57:59.858Z
activation:8e14ae65-a08d-4b72-bf69-52a271342f2c:05f4aa96-4b2d-43cf-a593-3a1fc3668660:eng_design:1,8e14ae65-a08d-4b72-bf69-52a271342f2c,05f4aa96-4b2d-43cf-a593-3a1fc3668660,eng_design,1,spawn,2026-09-09T18:41:39.219Z
activation:3c1f1ff6-7407-4dc3-ad50-1192aa636560:15b4bd81-005f-4173-a3ea-d5a26906c607:qa:1,3c1f1ff6-7407-4dc3-ad50-1192aa636560,15b4bd81-005f-4173-a3ea-d5a26906c607,qa,1,spawn,2026-09-09T18:54:46.118Z
activation:82c15cfa-8af4-4886-832c-659c25ba9fbb:eb7ac1ef-73f1-4a2d-ba41-963d7147d8c1:qa:1,82c15cfa-8af4-4886-832c-659c25ba9fbb,eb7ac1ef-73f1-4a2d-ba41-963d7147d8c1,qa,1,spawn,2026-09-09T19:05:59.554Z
activation:29127313-22fe-4e27-9702-e8af6040f89f:3cddd8cb-89fd-4fc5-a5de-d1b57f8e5959:qa:1,29127313-22fe-4e27-9702-e8af6040f89f,3cddd8cb-89fd-4fc5-a5de-d1b57f8e5959,qa,1,spawn,2026-09-09T19:08:44.813Z
activation:e5bb3293-783c-4209-a3e5-f26b9b7cb424:35ab9e12-2ce4-42ca-a15a-966682e289fb:implement:1,e5bb3293-783c-4209-a3e5-f26b9b7cb424,35ab9e12-2ce4-42ca-a15a-966682e289fb,implement,1,spawn,2026-09-09T19:12:31.299Z
activation:rework:876f7993f157886e96bfb0f1b599f8372a471f9190756b498b66f75420701ae8,2f7f549f-0c56-4fea-8aa1-3bbe96a77b95,15b4bd81-005f-4173-a3ea-d5a26906c607,implement,2,wake,2026-09-09T19:13:22.719Z
activation:7559c4ca-bcb5-4dab-be65-1f8982622299:d6c4b403-a0c8-4339-8e2e-d36cf48d0cdf:implement:2,7559c4ca-bcb5-4dab-be65-1f8982622299,d6c4b403-a0c8-4339-8e2e-d36cf48d0cdf,implement,2,replacement,2026-09-09T19:14:43.023Z
activation:rework:df40d45d155e4e66de25636059e0570c0f693ca1301973c3f34020f07ba96720,28e1710e-db7e-4709-89d1-b104567de879,eb7ac1ef-73f1-4a2d-ba41-963d7147d8c1,implement,2,wake,2026-09-09T19:17:54.167Z
activation:3d34afcf-cd9b-4530-ab4e-8fd79fc55d2f:05f4aa96-4b2d-43cf-a593-3a1fc3668660:implement:1,3d34afcf-cd9b-4530-ab4e-8fd79fc55d2f,05f4aa96-4b2d-43cf-a593-3a1fc3668660,implement,1,spawn,2026-09-09T19:41:32.543Z
activation:168d0348-94ee-4b69-8f01-6c609d1a58f3:a0cefa61-e517-4898-9a2c-11d2f09aee9f:implement:1,168d0348-94ee-4b69-8f01-6c609d1a58f3,a0cefa61-e517-4898-9a2c-11d2f09aee9f,implement,1,spawn,2026-09-09T19:46:20.269Z
activation:e0fc5cbb-d194-4a41-85a1-d4687f25a728:eb7ac1ef-73f1-4a2d-ba41-963d7147d8c1:implement:2,e0fc5cbb-d194-4a41-85a1-d4687f25a728,eb7ac1ef-73f1-4a2d-ba41-963d7147d8c1,implement,2,replacement,2026-09-09T19:58:05.791Z
activation:2f857f28-9b71-495c-95a7-871282fe4ef4:a0cefa61-e517-4898-9a2c-11d2f09aee9f:qa:1,2f857f28-9b71-495c-95a7-871282fe4ef4,a0cefa61-e517-4898-9a2c-11d2f09aee9f,qa,1,spawn,2026-09-09T20:03:33.302Z
activation:1158becc-b506-4c7a-9015-c54177331c3c:eb7ac1ef-73f1-4a2d-ba41-963d7147d8c1:implement:2,1158becc-b506-4c7a-9015-c54177331c3c,eb7ac1ef-73f1-4a2d-ba41-963d7147d8c1,implement,2,replacement,2026-09-09T20:04:10.718Z
activation:6d78fd43-fb0d-451c-8754-57c3a27da8c9:15b4bd81-005f-4173-a3ea-d5a26906c607:implement:2,6d78fd43-fb0d-451c-8754-57c3a27da8c9,15b4bd81-005f-4173-a3ea-d5a26906c607,implement,2,replacement,2026-09-09T20:17:30.243Z
activation:964af7ae-4da1-4fdb-9b09-faf6be48f8c5:35ab9e12-2ce4-42ca-a15a-966682e289fb:implement:1,964af7ae-4da1-4fdb-9b09-faf6be48f8c5,35ab9e12-2ce4-42ca-a15a-966682e289fb,implement,1,spawn,2026-09-09T20:19:43.932Z
activation:1646b695-3bdc-4693-8a94-662b1d9bd69f:15b4bd81-005f-4173-a3ea-d5a26906c607:implement:2,1646b695-3bdc-4693-8a94-662b1d9bd69f,15b4bd81-005f-4173-a3ea-d5a26906c607,implement,2,replacement,2026-09-09T20:33:47.550Z
activation:d768fdc3-3d87-488f-9dfc-6aeada24481f:35ab9e12-2ce4-42ca-a15a-966682e289fb:implement:1,d768fdc3-3d87-488f-9dfc-6aeada24481f,35ab9e12-2ce4-42ca-a15a-966682e289fb,implement,1,spawn,2026-09-09T20:34:44.642Z
activation:adccbe9c-1f0e-492d-80d1-3a51dccbf1f6:ffa8c441-b308-4043-bf4a-c27c6e6e5e0d:implement:1,adccbe9c-1f0e-492d-80d1-3a51dccbf1f6,ffa8c441-b308-4043-bf4a-c27c6e6e5e0d,implement,1,spawn,2026-09-09T20:42:52.502Z
activation:rework:b14b6a3ce09647498a4ad7c8343511c68728f4b4ce5362fcd1556434ee4aaac5,f87a546f-4340-4a4c-a04d-efa889cc7bd9,d6c4b403-a0c8-4339-8e2e-d36cf48d0cdf,qa,2,wake,2026-09-09T20:51:24.951Z
activation:17f9cb7d-8926-4ede-b00d-d71b51d3111b:ffa8c441-b308-4043-bf4a-c27c6e6e5e0d:qa:1,17f9cb7d-8926-4ede-b00d-d71b51d3111b,ffa8c441-b308-4043-bf4a-c27c6e6e5e0d,qa,1,spawn,2026-09-09T20:59:45.249Z
activation:b1d817b1-3337-4cf7-877b-bed2c9bbf28f:35ab9e12-2ce4-42ca-a15a-966682e289fb:qa:1,b1d817b1-3337-4cf7-877b-bed2c9bbf28f,35ab9e12-2ce4-42ca-a15a-966682e289fb,qa,1,spawn,2026-09-09T21:32:20.501Z
activation:781c7085-b649-4622-8d9b-0535269432be:da756bf5-7f5e-43d8-a215-a323d172548d:implement:1,781c7085-b649-4622-8d9b-0535269432be,da756bf5-7f5e-43d8-a215-a323d172548d,implement,1,spawn,2026-09-09T21:49:55.830Z
activation:c989695e-0293-425a-90a4-b3dd38a6e8ba:da756bf5-7f5e-43d8-a215-a323d172548d:qa:1,c989695e-0293-425a-90a4-b3dd38a6e8ba,da756bf5-7f5e-43d8-a215-a323d172548d,qa,1,spawn,2026-09-09T21:50:54.708Z
activation:c506f12d-160a-40b5-8bae-bb2a0083a5d3:d6c4b403-a0c8-4339-8e2e-d36cf48d0cdf:implement:3,c506f12d-160a-40b5-8bae-bb2a0083a5d3,d6c4b403-a0c8-4339-8e2e-d36cf48d0cdf,implement,3,replacement,2026-09-09T21:51:19.202Z
activation:rework:e4d3643c2e223e5666a761d7a9257db335c41b3fd7ff6e073d413f5ba35bd99f,f87a546f-4340-4a4c-a04d-efa889cc7bd9,d6c4b403-a0c8-4339-8e2e-d36cf48d0cdf,qa,3,wake,2026-09-09T21:52:38.024Z
activation:rework:e3ff5c0211c1e8b3af83e89a90317e74e7bd66bcf1f5533b3fe70d339b6a26df,c506f12d-160a-40b5-8bae-bb2a0083a5d3,d6c4b403-a0c8-4339-8e2e-d36cf48d0cdf,implement,4,wake,2026-09-09T21:55:42.879Z
activation:rework:9067e70ebfa9d4f63df2298f86ac812b86ce23284c84fdef44352a1899701ae7,781c7085-b649-4622-8d9b-0535269432be,da756bf5-7f5e-43d8-a215-a323d172548d,implement,2,wake,2026-09-09T22:04:15.872Z
activation:b8acb46e-d3c0-4588-8e7c-d0c56a1d8de7:35ab9e12-2ce4-42ca-a15a-966682e289fb:implement:2,b8acb46e-d3c0-4588-8e7c-d0c56a1d8de7,35ab9e12-2ce4-42ca-a15a-966682e289fb,implement,2,replacement,2026-09-09T22:10:15.478Z
activation:707d7984-8332-4aa6-80cf-9bb52087bcba:2c97be57-c3e4-4c06-8f2c-09b447b3b747:implement:1,707d7984-8332-4aa6-80cf-9bb52087bcba,2c97be57-c3e4-4c06-8f2c-09b447b3b747,implement,1,spawn,2026-09-09T22:31:28.613Z
activation:d9af6449-789f-48f6-ac80-b9b8dd146612:2c97be57-c3e4-4c06-8f2c-09b447b3b747:qa:1,d9af6449-789f-48f6-ac80-b9b8dd146612,2c97be57-c3e4-4c06-8f2c-09b447b3b747,qa,1,spawn,2026-09-09T22:32:45.981Z
activation:rework:23fa81759e58a20702883c43261435b2a9ec87ca08279ae647621d4fc96d5f1a,b1d817b1-3337-4cf7-877b-bed2c9bbf28f,35ab9e12-2ce4-42ca-a15a-966682e289fb,qa,2,wake,2026-09-09T22:41:56.409Z
activation:88405c72-5840-4b34-b2d9-fd6c0cd4c1c3:05f4aa96-4b2d-43cf-a593-3a1fc3668660:qa:1,88405c72-5840-4b34-b2d9-fd6c0cd4c1c3,05f4aa96-4b2d-43cf-a593-3a1fc3668660,qa,1,spawn,2026-09-09T22:47:39.691Z
activation:ba344804-0516-4ae3-a4f7-dea2362f3c74:d6c4b403-a0c8-4339-8e2e-d36cf48d0cdf:implement:4,ba344804-0516-4ae3-a4f7-dea2362f3c74,d6c4b403-a0c8-4339-8e2e-d36cf48d0cdf,implement,4,replacement,2026-09-09T22:49:54.837Z
activation:rework:c3649c874b1d50c3c336690e5c1de32c1fa9d6854403da57d04bc8d471656284,f87a546f-4340-4a4c-a04d-efa889cc7bd9,d6c4b403-a0c8-4339-8e2e-d36cf48d0cdf,qa,4,wake,2026-09-09T22:50:43.175Z
activation:cbcce2ec-6e82-473a-833f-399511e54264:0046d93b-146c-4b78-8b3a-f9ed9eaaa205:implement:2,cbcce2ec-6e82-473a-833f-399511e54264,0046d93b-146c-4b78-8b3a-f9ed9eaaa205,implement,2,replacement,2026-09-09T23:27:32.485Z
activation:8cc1dc23-1659-4de1-9fa3-4682cdcdc998:05f4aa96-4b2d-43cf-a593-3a1fc3668660:implement:2,8cc1dc23-1659-4de1-9fa3-4682cdcdc998,05f4aa96-4b2d-43cf-a593-3a1fc3668660,implement,2,replacement,2026-09-09T23:54:07.751Z
activation:rework:949f6c0cff0dc9473d0753ceb55a373782d8ae038a967bff5920fabf501c8737,c989695e-0293-425a-90a4-b3dd38a6e8ba,da756bf5-7f5e-43d8-a215-a323d172548d,qa,2,wake,2026-09-09T23:59:57.437Z
activation:rework:fd03c6abc4fcb37d06b7ba8a7329e0da4286568ecbbec3525d0a31c28b1d3f19,781c7085-b649-4622-8d9b-0535269432be,da756bf5-7f5e-43d8-a215-a323d172548d,implement,3,wake,2026-09-10T00:07:01.144Z
activation:rework:4464b77548d2e30ccb4f4a2be9b3f8e01ca73ab7abdc2905429e621db4440808,703a3dc0-156d-4e32-a1e0-8eea84916a14,0046d93b-146c-4b78-8b3a-f9ed9eaaa205,qa,2,wake,2026-09-10T01:04:23.927Z
activation:085882bc-a8b2-4c6e-b06d-ee2986f51613:16f6e49e-527c-47f6-9f1d-1465b14660bb:implement:1,085882bc-a8b2-4c6e-b06d-ee2986f51613,16f6e49e-527c-47f6-9f1d-1465b14660bb,implement,1,spawn,2026-09-10T01:52:33.409Z
activation:0ccf6741-2f46-4c23-a104-1eff2933db86:05f4aa96-4b2d-43cf-a593-3a1fc3668660:implement:2,0ccf6741-2f46-4c23-a104-1eff2933db86,05f4aa96-4b2d-43cf-a593-3a1fc3668660,implement,2,spawn,2026-09-10T01:57:33.923Z
activation:rework:1df8909c0cbf57c608a9f385e2cc33c2a3c2abd64415c1463e7cc6fca878c7f3,88405c72-5840-4b34-b2d9-fd6c0cd4c1c3,05f4aa96-4b2d-43cf-a593-3a1fc3668660,qa,2,wake,2026-09-10T02:02:02.195Z
activation:fbd58510-73b2-414a-b786-5f03411a41ab:0046d93b-146c-4b78-8b3a-f9ed9eaaa205:implement:3,fbd58510-73b2-414a-b786-5f03411a41ab,0046d93b-146c-4b78-8b3a-f9ed9eaaa205,implement,3,replacement,2026-09-10T02:09:21.858Z
activation:rework:7bc5a51d3b1b39f019e214dfc18c3a02411db883bc55bd6ad44e8683dc992dc6,c989695e-0293-425a-90a4-b3dd38a6e8ba,da756bf5-7f5e-43d8-a215-a323d172548d,qa,3,wake,2026-09-10T02:51:55.959Z
activation:2b32e223-75df-4fe5-8da4-b00f7564465f:0046d93b-146c-4b78-8b3a-f9ed9eaaa205:implement:3,2b32e223-75df-4fe5-8da4-b00f7564465f,0046d93b-146c-4b78-8b3a-f9ed9eaaa205,implement,3,spawn,2026-09-10T03:12:34.595Z
activation:804c18be-edfb-4d7b-b245-9ea40718e861:16f6e49e-527c-47f6-9f1d-1465b14660bb:implement:1,804c18be-edfb-4d7b-b245-9ea40718e861,16f6e49e-527c-47f6-9f1d-1465b14660bb,implement,1,spawn,2026-09-10T03:12:38.262Z
activation:a4287f48-f1a7-4645-ae5d-02869a7522bd:0046d93b-146c-4b78-8b3a-f9ed9eaaa205:implement:3,a4287f48-f1a7-4645-ae5d-02869a7522bd,0046d93b-146c-4b78-8b3a-f9ed9eaaa205,implement,3,spawn,2026-09-10T03:27:34.218Z
activation:886b61d1-4228-4644-a9d2-1cfbead6b621:16f6e49e-527c-47f6-9f1d-1465b14660bb:implement:1,886b61d1-4228-4644-a9d2-1cfbead6b621,16f6e49e-527c-47f6-9f1d-1465b14660bb,implement,1,spawn,2026-09-10T03:27:38.478Z
activation:cea03559-25f6-469d-8aa3-f579bbe30429:0046d93b-146c-4b78-8b3a-f9ed9eaaa205:implement:3,cea03559-25f6-469d-8aa3-f579bbe30429,0046d93b-146c-4b78-8b3a-f9ed9eaaa205,implement,3,spawn,2026-09-10T03:42:37.601Z
activation:ffa85f31-5c21-4b24-a364-ae40542ee09b:b36fc025-ce12-42d5-a2b6-64e782cd379a:implement:1,ffa85f31-5c21-4b24-a364-ae40542ee09b,b36fc025-ce12-42d5-a2b6-64e782cd379a,implement,1,spawn,2026-09-10T04:01:01.175Z
activation:f592a513-c2a9-4e8c-858b-ce236a93958e:ffa8c441-b308-4043-bf4a-c27c6e6e5e0d:implement:2,f592a513-c2a9-4e8c-858b-ce236a93958e,ffa8c441-b308-4043-bf4a-c27c6e6e5e0d,implement,2,replacement,2026-09-10T04:23:11.239Z
activation:dff642b2-b4b5-49b4-8ae6-f48756230c3d:b3353227-9670-4322-9ac1-182de1562dec:eng_design:1,dff642b2-b4b5-49b4-8ae6-f48756230c3d,b3353227-9670-4322-9ac1-182de1562dec,eng_design,1,spawn,2026-09-10T04:38:51.197Z
activation:39b266e8-0e7a-439f-a575-84f126415d6d:b36fc025-ce12-42d5-a2b6-64e782cd379a:qa:1,39b266e8-0e7a-439f-a575-84f126415d6d,b36fc025-ce12-42d5-a2b6-64e782cd379a,qa,1,spawn,2026-09-10T04:39:56.926Z
activation:66d71839-e774-411a-896e-1e68b493e42e:05f4aa96-4b2d-43cf-a593-3a1fc3668660:implement:3,66d71839-e774-411a-896e-1e68b493e42e,05f4aa96-4b2d-43cf-a593-3a1fc3668660,implement,3,replacement,2026-09-10T04:43:00.106Z
activation:51de46f6-5422-47ed-afeb-b0cb3a1e31f2:b6c1c16d-01b5-4313-a590-6954c4ece01f:eng_design:1,51de46f6-5422-47ed-afeb-b0cb3a1e31f2,b6c1c16d-01b5-4313-a590-6954c4ece01f,eng_design,1,spawn,2026-09-10T04:48:18.658Z
activation:9e620c82-0507-4953-a434-476a4d978f78:82ffb3b0-23f6-40c4-be88-2c8848d06700:eng_design:1,9e620c82-0507-4953-a434-476a4d978f78,82ffb3b0-23f6-40c4-be88-2c8848d06700,eng_design,1,spawn,2026-09-10T04:48:50.535Z
activation:8cade830-9c1b-418e-8556-4a900d31514c:2aba1758-2a15-4adb-97cd-c8e5088b5f80:eng_design:1,8cade830-9c1b-418e-8556-4a900d31514c,2aba1758-2a15-4adb-97cd-c8e5088b5f80,eng_design,1,spawn,2026-09-10T04:49:00.873Z
activation:rework:e66bf28c6b61bf6fb735f7f6da9d1f2a1e72b9aed576bbf92b4fed767c240e20,17f9cb7d-8926-4ede-b00d-d71b51d3111b,ffa8c441-b308-4043-bf4a-c27c6e6e5e0d,qa,2,wake,2026-09-10T05:20:03.738Z
activation:7d9c1ac5-36cc-46aa-9e72-50c3c6156260:477925df-2e6e-427c-b3eb-794f686302cc:eng_design:1,7d9c1ac5-36cc-46aa-9e72-50c3c6156260,477925df-2e6e-427c-b3eb-794f686302cc,eng_design,1,spawn,2026-09-10T05:25:17.336Z
activation:51bee062-8288-40fb-ba56-1ebe6bd1382f:2aba1758-2a15-4adb-97cd-c8e5088b5f80:implement:1,51bee062-8288-40fb-ba56-1ebe6bd1382f,2aba1758-2a15-4adb-97cd-c8e5088b5f80,implement,1,spawn,2026-09-10T05:32:57.337Z
activation:d96e61ab-9a15-47ad-8b8c-106a76f9a6c6:82ffb3b0-23f6-40c4-be88-2c8848d06700:implement:1,d96e61ab-9a15-47ad-8b8c-106a76f9a6c6,82ffb3b0-23f6-40c4-be88-2c8848d06700,implement,1,spawn,2026-09-10T05:36:28.438Z
activation:c3d33b57-4106-4824-ac6e-5c140dfa4885:b6c1c16d-01b5-4313-a590-6954c4ece01f:implement:1,c3d33b57-4106-4824-ac6e-5c140dfa4885,b6c1c16d-01b5-4313-a590-6954c4ece01f,implement,1,spawn,2026-09-10T05:48:04.255Z
activation:rework:4464c5d6ac63c8f02ce30d23950875447f6e1e9780c88d30b359ece6e24858ed,88405c72-5840-4b34-b2d9-fd6c0cd4c1c3,05f4aa96-4b2d-43cf-a593-3a1fc3668660,qa,3,wake,2026-09-10T05:56:18.931Z
activation:76269505-fcf6-444e-84b5-6cdf076252cb:477925df-2e6e-427c-b3eb-794f686302cc:implement:1,76269505-fcf6-444e-84b5-6cdf076252cb,477925df-2e6e-427c-b3eb-794f686302cc,implement,1,spawn,2026-09-10T05:59:52.906Z
activation:054db913-0874-4f0f-9539-40c933e162b6:b3353227-9670-4322-9ac1-182de1562dec:implement:1,054db913-0874-4f0f-9539-40c933e162b6,b3353227-9670-4322-9ac1-182de1562dec,implement,1,spawn,2026-09-10T06:23:06.019Z
activation:291ac466-03c4-4209-9e62-7f6891431127:b6c1c16d-01b5-4313-a590-6954c4ece01f:qa:1,291ac466-03c4-4209-9e62-7f6891431127,b6c1c16d-01b5-4313-a590-6954c4ece01f,qa,1,spawn,2026-09-10T06:37:16.562Z
activation:rework:adde2216bbc92285d1f5fa025e87b80f37ecc4c75ffe22719048946f289d3579,703a3dc0-156d-4e32-a1e0-8eea84916a14,0046d93b-146c-4b78-8b3a-f9ed9eaaa205,qa,3,wake,2026-09-10T06:52:32.614Z
activation:db117c7e-599b-4ab3-9f9e-e2b4a94922c5:2aba1758-2a15-4adb-97cd-c8e5088b5f80:qa:1,db117c7e-599b-4ab3-9f9e-e2b4a94922c5,2aba1758-2a15-4adb-97cd-c8e5088b5f80,qa,1,spawn,2026-09-10T06:58:04.374Z
activation:537bdf0d-519c-4ec9-915b-5dbd24689cf0:82ffb3b0-23f6-40c4-be88-2c8848d06700:qa:1,537bdf0d-519c-4ec9-915b-5dbd24689cf0,82ffb3b0-23f6-40c4-be88-2c8848d06700,qa,1,spawn,2026-09-10T07:20:23.794Z
activation:11abf2ab-43e3-4e19-935f-df964ae08a98:477925df-2e6e-427c-b3eb-794f686302cc:qa:1,11abf2ab-43e3-4e19-935f-df964ae08a98,477925df-2e6e-427c-b3eb-794f686302cc,qa,1,spawn,2026-09-10T07:33:48.201Z
activation:7805a170-3fbf-4316-b06f-907af984ab77:d6db3bfe-d10e-4d2e-8cd1-ffdd2dd018ef:eng_design:1,7805a170-3fbf-4316-b06f-907af984ab77,d6db3bfe-d10e-4d2e-8cd1-ffdd2dd018ef,eng_design,1,spawn,2026-09-10T08:07:27.274Z
activation:c0694503-1f85-425c-83ae-d37d3552c806:2aba1758-2a15-4adb-97cd-c8e5088b5f80:implement:2,c0694503-1f85-425c-83ae-d37d3552c806,2aba1758-2a15-4adb-97cd-c8e5088b5f80,implement,2,replacement,2026-09-10T08:11:09.919Z
activation:rework:816e416b65c24a2ee4dd6444b9043a2aa00b30d26dfcebd5397e94ac2ee0c088,db117c7e-599b-4ab3-9f9e-e2b4a94922c5,2aba1758-2a15-4adb-97cd-c8e5088b5f80,qa,2,wake,2026-09-10T08:36:02.860Z
activation:62fd4a33-b152-4852-be4f-aa9ba03088b9:b3353227-9670-4322-9ac1-182de1562dec:implement:1,62fd4a33-b152-4852-be4f-aa9ba03088b9,b3353227-9670-4322-9ac1-182de1562dec,implement,1,spawn,2026-09-10T09:16:31.464Z
activation:0e19dbd5-cf3d-48d7-94a8-0c71d7cfb254:d6db3bfe-d10e-4d2e-8cd1-ffdd2dd018ef:implement:1,0e19dbd5-cf3d-48d7-94a8-0c71d7cfb254,d6db3bfe-d10e-4d2e-8cd1-ffdd2dd018ef,implement,1,spawn,2026-09-10T09:33:55.606Z
activation:8ce5cf95-78e5-470e-a143-76a48f4e78de:b3353227-9670-4322-9ac1-182de1562dec:qa:1,8ce5cf95-78e5-470e-a143-76a48f4e78de,b3353227-9670-4322-9ac1-182de1562dec,qa,1,spawn,2026-09-10T10:27:27.727Z
activation:rework:489ce0a69df3ffda5aec720996245c7a40cf3cf5768b6b8bbb752a22b31190c1,62fd4a33-b152-4852-be4f-aa9ba03088b9,b3353227-9670-4322-9ac1-182de1562dec,implement,2,wake,2026-09-10T10:43:09.047Z
activation:ef4ee5d2-4134-46e2-8002-e8a382967de7:d6db3bfe-d10e-4d2e-8cd1-ffdd2dd018ef:qa:1,ef4ee5d2-4134-46e2-8002-e8a382967de7,d6db3bfe-d10e-4d2e-8cd1-ffdd2dd018ef,qa,1,spawn,2026-09-10T11:19:12.008Z
activation:18f486ce-206e-4737-b849-194ed43d441f:b3353227-9670-4322-9ac1-182de1562dec:implement:2,18f486ce-206e-4737-b849-194ed43d441f,b3353227-9670-4322-9ac1-182de1562dec,implement,2,replacement,2026-09-10T11:31:48.790Z
activation:rework:50527c78333b5df0ecf633a8509feeae33c6830dfb8ad18eccfce4afb8187250,8ce5cf95-78e5-470e-a143-76a48f4e78de,b3353227-9670-4322-9ac1-182de1562dec,qa,2,wake,2026-09-10T11:33:31.178Z
activation:rework:e2c35c8ef3da3031409acd13939642d66574bd24dc4b4249ad4e6994e5ccff06,0e19dbd5-cf3d-48d7-94a8-0c71d7cfb254,d6db3bfe-d10e-4d2e-8cd1-ffdd2dd018ef,implement,2,wake,2026-09-10T11:41:54.086Z
activation:b0ea3638-10de-4f80-9e93-b27e0befb81c:d6db3bfe-d10e-4d2e-8cd1-ffdd2dd018ef:implement:2,b0ea3638-10de-4f80-9e93-b27e0befb81c,d6db3bfe-d10e-4d2e-8cd1-ffdd2dd018ef,implement,2,replacement,2026-09-10T11:58:14.567Z
activation:rework:9339921391afc6f251c45c63293125a87adb3a0e7949e6bd0c8573370319ca1f,18f486ce-206e-4737-b849-194ed43d441f,b3353227-9670-4322-9ac1-182de1562dec,implement,3,wake,2026-09-10T12:02:00.322Z
activation:914a44d6-6b29-4384-bcc4-5bb371bef23d:d6db3bfe-d10e-4d2e-8cd1-ffdd2dd018ef:implement:2,914a44d6-6b29-4384-bcc4-5bb371bef23d,d6db3bfe-d10e-4d2e-8cd1-ffdd2dd018ef,implement,2,spawn,2026-09-10T12:07:39.667Z
activation:rework:4d0c5343cd56e1ce6b6e54cbf3f63437918f06208c650b7055fb980c21953a9b,ef4ee5d2-4134-46e2-8002-e8a382967de7,d6db3bfe-d10e-4d2e-8cd1-ffdd2dd018ef,qa,2,wake,2026-09-10T12:28:43.214Z
activation:fee1e17d-bf71-4b46-aba4-1491610adb76:b3353227-9670-4322-9ac1-182de1562dec:implement:3,fee1e17d-bf71-4b46-aba4-1491610adb76,b3353227-9670-4322-9ac1-182de1562dec,implement,3,replacement,2026-09-10T12:45:21.446Z
activation:rework:61b8483b62b59b3f1d09dcc2b17bf0b2071ed8d36f5a0ac76f773b487121f28e,8ce5cf95-78e5-470e-a143-76a48f4e78de,b3353227-9670-4322-9ac1-182de1562dec,qa,3,wake,2026-09-10T12:46:48.721Z
activation:rework:c550fea469d80863ada2fa143deb7edf62721322bcdbe4f4c805a60232e71f49,fee1e17d-bf71-4b46-aba4-1491610adb76,b3353227-9670-4322-9ac1-182de1562dec,implement,4,wake,2026-09-10T12:58:09.015Z
activation:370c90bf-25ed-413f-9543-6886f10c25bd:b3353227-9670-4322-9ac1-182de1562dec:implement:4,370c90bf-25ed-413f-9543-6886f10c25bd,b3353227-9670-4322-9ac1-182de1562dec,implement,4,replacement,2026-09-10T14:17:24.885Z
activation:rework:bee040dae057d9d6d7d858fdc2d02be3e2adc0d7865f3cde5192dc0afa045c87,8ce5cf95-78e5-470e-a143-76a48f4e78de,b3353227-9670-4322-9ac1-182de1562dec,qa,4,wake,2026-09-10T14:22:52.708Z
activation:4b976344-2061-475f-a970-e18e9c3bbf7e:b3353227-9670-4322-9ac1-182de1562dec:implement:5,4b976344-2061-475f-a970-e18e9c3bbf7e,b3353227-9670-4322-9ac1-182de1562dec,implement,5,replacement,2026-09-10T18:01:51.004Z
activation:31f0b13d-0020-4702-9601-55a9e55b140c:b3353227-9670-4322-9ac1-182de1562dec:implement:5,31f0b13d-0020-4702-9601-55a9e55b140c,b3353227-9670-4322-9ac1-182de1562dec,implement,5,spawn,2026-09-10T18:58:17.773Z
activation:rework:d730b836432535fd7a422d32a8d651af77e462890f95175a84c89a77c61a4bad,8ce5cf95-78e5-470e-a143-76a48f4e78de,b3353227-9670-4322-9ac1-182de1562dec,qa,5,wake,2026-09-10T19:01:50.768Z
activation:rework:5e147fa8244efc127bd1f7672d23205bc6147c98f0044c258b53030c6ec75389,31f0b13d-0020-4702-9601-55a9e55b140c,b3353227-9670-4322-9ac1-182de1562dec,implement,6,wake,2026-09-10T19:11:53.571Z
activation:32e42494-3606-4ab5-98cf-15e91b5b7fe2:b3353227-9670-4322-9ac1-182de1562dec:implement:6,32e42494-3606-4ab5-98cf-15e91b5b7fe2,b3353227-9670-4322-9ac1-182de1562dec,implement,6,replacement,2026-09-10T19:26:56.373Z
activation:rework:1aa661f57e60fabf61553573607f4ed2d83899afa62cad90cc03ba69da2c2c66,8ce5cf95-78e5-470e-a143-76a48f4e78de,b3353227-9670-4322-9ac1-182de1562dec,qa,6,wake,2026-09-10T19:29:17.983Z
activation:rework:b5f61b6104f8cc8e3d5f6c56b315831440f09a78d30923ed99430f8fc72f61fe,32e42494-3606-4ab5-98cf-15e91b5b7fe2,b3353227-9670-4322-9ac1-182de1562dec,implement,7,wake,2026-09-10T19:31:58.986Z
activation:rework:f39f27c16f87dd65368c3320a202e06a9c9e0002972c6ba8093af061f17b5968,8ce5cf95-78e5-470e-a143-76a48f4e78de,b3353227-9670-4322-9ac1-182de1562dec,qa,7,wake,2026-09-10T20:06:01.094Z
activation:353a4e26-d1a5-4014-a45e-e86af1b71833:2aba1758-2a15-4adb-97cd-c8e5088b5f80:implement:3,353a4e26-d1a5-4014-a45e-e86af1b71833,2aba1758-2a15-4adb-97cd-c8e5088b5f80,implement,3,replacement,2026-09-10T22:13:20.658Z
activation:63b9ede3-70a8-44c4-9f36-68a5a1a31caf:82ffb3b0-23f6-40c4-be88-2c8848d06700:implement:2,63b9ede3-70a8-44c4-9f36-68a5a1a31caf,82ffb3b0-23f6-40c4-be88-2c8848d06700,implement,2,replacement,2026-09-10T22:17:47.065Z
activation:rework:a9cbcb38b27c04d5371113677a1740b194ca438020d5d941117ab6753576b604,537bdf0d-519c-4ec9-915b-5dbd24689cf0,82ffb3b0-23f6-40c4-be88-2c8848d06700,qa,2,wake,2026-09-10T22:43:08.960Z
activation:rework:c9fc3c86d543f9a7bfb112a12021dae290e7b8b0602c3118c474872474de09f5,db117c7e-599b-4ab3-9f9e-e2b4a94922c5,2aba1758-2a15-4adb-97cd-c8e5088b5f80,qa,3,wake,2026-09-10T22:44:24.394Z
activation:958bf78b-6e94-43a4-8626-1f74a6b03f91:82ffb3b0-23f6-40c4-be88-2c8848d06700:implement:3,958bf78b-6e94-43a4-8626-1f74a6b03f91,82ffb3b0-23f6-40c4-be88-2c8848d06700,implement,3,replacement,2026-09-10T23:34:08.521Z
activation:57b4aeec-e46c-4090-86b7-74f6e4176590:efec07b6-0037-4693-bd98-a22d3f979b37:eng_design:1,57b4aeec-e46c-4090-86b7-74f6e4176590,efec07b6-0037-4693-bd98-a22d3f979b37,eng_design,1,spawn,2026-09-11T00:13:10.810Z
activation:rework:be87dd97f2591d293d110378204b9a54ad606ce79cf621759445675d44576414,537bdf0d-519c-4ec9-915b-5dbd24689cf0,82ffb3b0-23f6-40c4-be88-2c8848d06700,qa,3,wake,2026-09-11T00:19:18.980Z
activation:25395f52-9007-4edd-af66-4aea594d2c19:efec07b6-0037-4693-bd98-a22d3f979b37:implement:1,25395f52-9007-4edd-af66-4aea594d2c19,efec07b6-0037-4693-bd98-a22d3f979b37,implement,1,spawn,2026-09-11T01:12:31.829Z
activation:9e7f71d7-349b-42c8-bef1-9d2761a59c18:aea9ca70-7f28-4f80-b6e3-776c33b904b8:eng_design:1,9e7f71d7-349b-42c8-bef1-9d2761a59c18,aea9ca70-7f28-4f80-b6e3-776c33b904b8,eng_design,1,spawn,2026-09-11T01:39:44.214Z
activation:a6d41085-b015-4945-8cc3-0f54ee6b7148:1e427675-5de1-40d3-9e0f-2551ae0edd94:implement:1,a6d41085-b015-4945-8cc3-0f54ee6b7148,1e427675-5de1-40d3-9e0f-2551ae0edd94,implement,1,spawn,2026-09-11T01:40:46.149Z
activation:648b7fee-a62e-4d91-8fcf-fdaa103e0f68:3cf1d115-e219-42d5-bcc2-f178b44d7727:eng_design:1,648b7fee-a62e-4d91-8fcf-fdaa103e0f68,3cf1d115-e219-42d5-bcc2-f178b44d7727,eng_design,1,spawn,2026-09-11T01:41:43.048Z
activation:5b4fbd44-2dfe-4073-b7e8-f1fc501fea8f:a50a48ab-062a-42d4-8d4e-fb74e1d8d260:eng_design:1,5b4fbd44-2dfe-4073-b7e8-f1fc501fea8f,a50a48ab-062a-42d4-8d4e-fb74e1d8d260,eng_design,1,spawn,2026-09-11T01:41:57.970Z
activation:de9040d3-adae-49af-bb77-ae7549c8afee:a1570b68-529a-4588-8097-e37bfdd22e55:eng_design:1,de9040d3-adae-49af-bb77-ae7549c8afee,a1570b68-529a-4588-8097-e37bfdd22e55,eng_design,1,spawn,2026-09-11T01:42:59.565Z
activation:f073a538-f52a-41fe-9707-5a33fc4db167:9ae7bf38-39e7-4950-b61e-40d42be7bf9d:eng_design:1,f073a538-f52a-41fe-9707-5a33fc4db167,9ae7bf38-39e7-4950-b61e-40d42be7bf9d,eng_design,1,spawn,2026-09-11T01:43:16.134Z
activation:5dfaef7d-739c-46fa-bb21-2ef518f134e2:c7c97c86-870e-46bd-af87-935c79da1e7a:implement:1,5dfaef7d-739c-46fa-bb21-2ef518f134e2,c7c97c86-870e-46bd-af87-935c79da1e7a,implement,1,spawn,2026-09-11T01:44:12.981Z
activation:11496e33-a3f5-4ed0-8058-69196a209280:20b86626-35fb-41f3-a64b-0fd4408b4e41:implement:1,11496e33-a3f5-4ed0-8058-69196a209280,20b86626-35fb-41f3-a64b-0fd4408b4e41,implement,1,spawn,2026-09-11T01:45:23.314Z
activation:50f52a13-9b96-4f47-91ba-972dfc96f2f2:a50a48ab-062a-42d4-8d4e-fb74e1d8d260:implement:1,50f52a13-9b96-4f47-91ba-972dfc96f2f2,a50a48ab-062a-42d4-8d4e-fb74e1d8d260,implement,1,spawn,2026-09-11T02:22:34.597Z
activation:a3826949-1f68-4c86-b4ef-a26275df9e14:aea9ca70-7f28-4f80-b6e3-776c33b904b8:implement:1,a3826949-1f68-4c86-b4ef-a26275df9e14,aea9ca70-7f28-4f80-b6e3-776c33b904b8,implement,1,spawn,2026-09-11T02:26:42.463Z
activation:4414164c-5861-43a8-871f-91f2e3a02875:c7c97c86-870e-46bd-af87-935c79da1e7a:qa:1,4414164c-5861-43a8-871f-91f2e3a02875,c7c97c86-870e-46bd-af87-935c79da1e7a,qa,1,spawn,2026-09-11T02:27:43.263Z
activation:400c3e30-912e-4216-9677-402ddb77abef:9ae7bf38-39e7-4950-b61e-40d42be7bf9d:implement:1,400c3e30-912e-4216-9677-402ddb77abef,9ae7bf38-39e7-4950-b61e-40d42be7bf9d,implement,1,spawn,2026-09-11T02:30:34.628Z
activation:82c8f446-3ccc-41ad-91ed-bec6a20d3b44:aea9ca70-7f28-4f80-b6e3-776c33b904b8:implement:1,82c8f446-3ccc-41ad-91ed-bec6a20d3b44,aea9ca70-7f28-4f80-b6e3-776c33b904b8,implement,1,spawn,2026-09-11T02:36:08.676Z
activation:ffbfa6de-d4c9-4dc3-bcc0-68d5d3e52c7f:20b86626-35fb-41f3-a64b-0fd4408b4e41:implement:1,ffbfa6de-d4c9-4dc3-bcc0-68d5d3e52c7f,20b86626-35fb-41f3-a64b-0fd4408b4e41,implement,1,spawn,2026-09-11T02:36:12.743Z
activation:43f3cc17-7e10-4a38-89ea-e89b32566ad7:a50a48ab-062a-42d4-8d4e-fb74e1d8d260:implement:1,43f3cc17-7e10-4a38-89ea-e89b32566ad7,a50a48ab-062a-42d4-8d4e-fb74e1d8d260,implement,1,spawn,2026-09-11T02:37:07.500Z
activation:1523a885-7ed0-465f-ab9c-07260964d4d0:efec07b6-0037-4693-bd98-a22d3f979b37:implement:1,1523a885-7ed0-465f-ab9c-07260964d4d0,efec07b6-0037-4693-bd98-a22d3f979b37,implement,1,spawn,2026-09-11T02:37:10.999Z
activation:270c2ed7-52ad-4ae5-b936-0446010f4f6f:1e427675-5de1-40d3-9e0f-2551ae0edd94:implement:1,270c2ed7-52ad-4ae5-b936-0446010f4f6f,1e427675-5de1-40d3-9e0f-2551ae0edd94,implement,1,spawn,2026-09-11T02:37:14.327Z
activation:78dc37fa-291b-4ab5-919a-3676944bf263:9ae7bf38-39e7-4950-b61e-40d42be7bf9d:implement:1,78dc37fa-291b-4ab5-919a-3676944bf263,9ae7bf38-39e7-4950-b61e-40d42be7bf9d,implement,1,spawn,2026-09-11T02:38:08.992Z
activation:43e9f960-4469-420b-b0aa-189a62ea7903:20b86626-35fb-41f3-a64b-0fd4408b4e41:implement:1,43e9f960-4469-420b-b0aa-189a62ea7903,20b86626-35fb-41f3-a64b-0fd4408b4e41,implement,1,spawn,2026-09-11T02:41:12.887Z
activation:d23463b3-41a7-46d3-8ae6-24dd0d061967:1e427675-5de1-40d3-9e0f-2551ae0edd94:implement:1,d23463b3-41a7-46d3-8ae6-24dd0d061967,1e427675-5de1-40d3-9e0f-2551ae0edd94,implement,1,spawn,2026-09-11T02:42:22.831Z
activation:b154084d-1995-44ff-8bd7-d0ba6ef872ff:a1570b68-529a-4588-8097-e37bfdd22e55:implement:1,b154084d-1995-44ff-8bd7-d0ba6ef872ff,a1570b68-529a-4588-8097-e37bfdd22e55,implement,1,spawn,2026-09-11T03:00:22.946Z
activation:729895b2-e9df-4fb5-afd3-2e0999d169d0:1e427675-5de1-40d3-9e0f-2551ae0edd94:qa:1,729895b2-e9df-4fb5-afd3-2e0999d169d0,1e427675-5de1-40d3-9e0f-2551ae0edd94,qa,1,spawn,2026-09-11T03:06:04.727Z
activation:95c8eb87-1b28-4f50-a1fe-223fa76bd9d7:3cf1d115-e219-42d5-bcc2-f178b44d7727:implement:1,95c8eb87-1b28-4f50-a1fe-223fa76bd9d7,3cf1d115-e219-42d5-bcc2-f178b44d7727,implement,1,spawn,2026-09-11T03:08:12.059Z
activation:bab5926b-fd80-4443-a966-949f92e448a5:20b86626-35fb-41f3-a64b-0fd4408b4e41:qa:1,bab5926b-fd80-4443-a966-949f92e448a5,20b86626-35fb-41f3-a64b-0fd4408b4e41,qa,1,spawn,2026-09-11T03:19:16.676Z
activation:8638f6f7-10cf-49e1-b29d-9af3b96836ba:a1570b68-529a-4588-8097-e37bfdd22e55:qa:1,8638f6f7-10cf-49e1-b29d-9af3b96836ba,a1570b68-529a-4588-8097-e37bfdd22e55,qa,1,spawn,2026-09-11T04:42:17.123Z
activation:5faad1ad-51fd-4d68-b291-dd1ecae984c5:f782d5bd-c5c1-4700-b8d7-f8c38bd6ce2c:implement:1,5faad1ad-51fd-4d68-b291-dd1ecae984c5,f782d5bd-c5c1-4700-b8d7-f8c38bd6ce2c,implement,1,spawn,2026-09-11T05:50:53.126Z
activation:ab8c8dc2-d6f0-4413-b54b-78d3efadb614:db8d4d16-abb1-4b9f-bde2-d5a82259270f:implement:1,ab8c8dc2-d6f0-4413-b54b-78d3efadb614,db8d4d16-abb1-4b9f-bde2-d5a82259270f,implement,1,spawn,2026-09-11T05:55:54.929Z
activation:1d8888ad-6075-4a8a-a9f1-31597bd2930e:05c31b97-fa36-49be-a9a9-104a92f58d1c:implement:1,1d8888ad-6075-4a8a-a9f1-31597bd2930e,05c31b97-fa36-49be-a9a9-104a92f58d1c,implement,1,spawn,2026-09-11T05:55:54.967Z
activation:941c997c-f266-4b1a-a739-4bfd3184eb1f:5e55e17e-1005-4c8a-a514-80fa3e7c11d1:implement:1,941c997c-f266-4b1a-a739-4bfd3184eb1f,5e55e17e-1005-4c8a-a514-80fa3e7c11d1,implement,1,spawn,2026-09-11T05:55:54.996Z
activation:663668f4-c323-4d10-84af-a6eef3e94edf:5a291283-f4b0-439e-b31b-e7852d4a0a28:implement:1,663668f4-c323-4d10-84af-a6eef3e94edf,5a291283-f4b0-439e-b31b-e7852d4a0a28,implement,1,spawn,2026-09-11T05:55:55.066Z
activation:7e239079-df22-402b-81e9-8f10086e81a6:0ff8b5aa-95e3-4144-8fa5-142bbfefcb9b:implement:1,7e239079-df22-402b-81e9-8f10086e81a6,0ff8b5aa-95e3-4144-8fa5-142bbfefcb9b,implement,1,spawn,2026-09-11T05:56:46.635Z
activation:7b4efd03-d28a-4263-b8bd-eff580ce5ba0:000d209a-f8cc-4ae4-8e0a-291f655263ac:eng_design:1,7b4efd03-d28a-4263-b8bd-eff580ce5ba0,000d209a-f8cc-4ae4-8e0a-291f655263ac,eng_design,1,spawn,2026-09-11T06:07:02.321Z
activation:636f0209-4eaa-40a2-ab32-52f0a317e0b5:3cf1d115-e219-42d5-bcc2-f178b44d7727:qa:1,636f0209-4eaa-40a2-ab32-52f0a317e0b5,3cf1d115-e219-42d5-bcc2-f178b44d7727,qa,1,spawn,2026-09-11T06:27:11.482Z
activation:a495e165-b688-4a3b-b99a-ea301d58ddee:0ff8b5aa-95e3-4144-8fa5-142bbfefcb9b:qa:1,a495e165-b688-4a3b-b99a-ea301d58ddee,0ff8b5aa-95e3-4144-8fa5-142bbfefcb9b,qa,1,spawn,2026-09-11T06:41:15.942Z
activation:f96964e9-77d3-4763-a164-eeec4a1d4d83:f782d5bd-c5c1-4700-b8d7-f8c38bd6ce2c:qa:1,f96964e9-77d3-4763-a164-eeec4a1d4d83,f782d5bd-c5c1-4700-b8d7-f8c38bd6ce2c,qa,1,spawn,2026-09-11T06:43:31.839Z
activation:0649716e-d5ff-4942-8dc1-f3ae3c244061:05c31b97-fa36-49be-a9a9-104a92f58d1c:implement:1,0649716e-d5ff-4942-8dc1-f3ae3c244061,05c31b97-fa36-49be-a9a9-104a92f58d1c,implement,1,spawn,2026-09-11T07:22:15.013Z
activation:7d86fff1-5fe0-460e-8ddf-906871349c7e:db8d4d16-abb1-4b9f-bde2-d5a82259270f:implement:1,7d86fff1-5fe0-460e-8ddf-906871349c7e,db8d4d16-abb1-4b9f-bde2-d5a82259270f,implement,1,spawn,2026-09-11T07:29:43.897Z
activation:22bfaf60-bdae-470c-8f88-35554d041bbc:000d209a-f8cc-4ae4-8e0a-291f655263ac:implement:1,22bfaf60-bdae-470c-8f88-35554d041bbc,000d209a-f8cc-4ae4-8e0a-291f655263ac,implement,1,spawn,2026-09-11T07:42:27.411Z
activation:3eb07d95-95de-46af-9d58-7e39f2ef1477:05c31b97-fa36-49be-a9a9-104a92f58d1c:qa:1,3eb07d95-95de-46af-9d58-7e39f2ef1477,05c31b97-fa36-49be-a9a9-104a92f58d1c,qa,1,spawn,2026-09-11T08:03:46.488Z
activation:ff2d2277-77e8-4b4e-b043-95e7d2f5e49c:db8d4d16-abb1-4b9f-bde2-d5a82259270f:qa:1,ff2d2277-77e8-4b4e-b043-95e7d2f5e49c,db8d4d16-abb1-4b9f-bde2-d5a82259270f,qa,1,spawn,2026-09-11T08:50:16.380Z
activation:cacc1cb4-bc53-425f-a416-99c6527f982a:5e55e17e-1005-4c8a-a514-80fa3e7c11d1:implement:1,cacc1cb4-bc53-425f-a416-99c6527f982a,5e55e17e-1005-4c8a-a514-80fa3e7c11d1,implement,1,spawn,2026-09-11T10:19:42.666Z
activation:20b6582a-c6ff-42f6-9841-d171139c6c5b:000d209a-f8cc-4ae4-8e0a-291f655263ac:qa:1,20b6582a-c6ff-42f6-9841-d171139c6c5b,000d209a-f8cc-4ae4-8e0a-291f655263ac,qa,1,spawn,2026-09-11T10:20:58.066Z
activation:fa007b05-e9b6-47f4-9c37-807a7fa69c80:5a291283-f4b0-439e-b31b-e7852d4a0a28:implement:1,fa007b05-e9b6-47f4-9c37-807a7fa69c80,5a291283-f4b0-439e-b31b-e7852d4a0a28,implement,1,spawn,2026-09-11T11:44:43.678Z
activation:75952ab7-fb47-4ed8-b11c-ae79f2f25072:5e55e17e-1005-4c8a-a514-80fa3e7c11d1:qa:1,75952ab7-fb47-4ed8-b11c-ae79f2f25072,5e55e17e-1005-4c8a-a514-80fa3e7c11d1,qa,1,spawn,2026-09-11T11:47:33.172Z
activation:8f441633-1d26-432b-b8f9-b97de38c1e9c:5a291283-f4b0-439e-b31b-e7852d4a0a28:qa:1,8f441633-1d26-432b-b8f9-b97de38c1e9c,5a291283-f4b0-439e-b31b-e7852d4a0a28,qa,1,spawn,2026-09-11T12:36:40.305Z
activation:eae6b863-4eb6-42a2-91f5-c5a680638a1a:5a291283-f4b0-439e-b31b-e7852d4a0a28:implement:2,eae6b863-4eb6-42a2-91f5-c5a680638a1a,5a291283-f4b0-439e-b31b-e7852d4a0a28,implement,2,replacement,2026-09-11T13:35:07.584Z
activation:rework:08abd59917652b80266a40496b5963e94599d8fa8d4aae3c647b6270e4af4770,8f441633-1d26-432b-b8f9-b97de38c1e9c,5a291283-f4b0-439e-b31b-e7852d4a0a28,qa,2,wake,2026-09-11T14:39:48.529Z
activation:rework:b543262249ba898a114b1d3595a9d2affed1f7057106574b9fa7bc8c0c37bb4a,eae6b863-4eb6-42a2-91f5-c5a680638a1a,5a291283-f4b0-439e-b31b-e7852d4a0a28,implement,3,wake,2026-09-11T14:58:54.452Z
activation:5c52a4f5-3abe-454a-9161-0bb9bdce8a7c:5a291283-f4b0-439e-b31b-e7852d4a0a28:implement:3,5c52a4f5-3abe-454a-9161-0bb9bdce8a7c,5a291283-f4b0-439e-b31b-e7852d4a0a28,implement,3,replacement,2026-09-11T15:41:42.977Z
activation:rework:39cb0a5200ff2ba2541b6ba94e2283d6f934ba45d9279997e9fc29a477f1a536,8f441633-1d26-432b-b8f9-b97de38c1e9c,5a291283-f4b0-439e-b31b-e7852d4a0a28,qa,3,wake,2026-09-11T15:43:38.163Z
activation:b46346ed-6cd7-483a-8a07-be14e4c70340:db8d4d16-abb1-4b9f-bde2-d5a82259270f:implement:2,b46346ed-6cd7-483a-8a07-be14e4c70340,db8d4d16-abb1-4b9f-bde2-d5a82259270f,implement,2,replacement,2026-09-11T17:50:20.636Z
activation:5f043b76-010c-47f1-a260-7b29899d6d33:dcfc781a-615c-400f-b64a-eaf0417a85fc:eng_design:1,5f043b76-010c-47f1-a260-7b29899d6d33,dcfc781a-615c-400f-b64a-eaf0417a85fc,eng_design,1,spawn,2026-09-11T17:53:38.649Z
activation:ba65d004-4dfc-44ed-b1b9-cbb7b6379898:9d20fedd-f7dd-4a2c-a1d3-27f76deb4114:eng_design:1,ba65d004-4dfc-44ed-b1b9-cbb7b6379898,9d20fedd-f7dd-4a2c-a1d3-27f76deb4114,eng_design,1,spawn,2026-09-11T17:53:52.979Z
activation:73355249-8496-4730-917e-8dfed5b47387:15188b39-c4f3-4a48-a14a-db25dd9997aa:eng_design:1,73355249-8496-4730-917e-8dfed5b47387,15188b39-c4f3-4a48-a14a-db25dd9997aa,eng_design,1,spawn,2026-09-11T17:54:07.314Z
activation:08f426f9-3609-4ea2-a72d-3ea8047aec58:3cf1d115-e219-42d5-bcc2-f178b44d7727:implement:2,08f426f9-3609-4ea2-a72d-3ea8047aec58,3cf1d115-e219-42d5-bcc2-f178b44d7727,implement,2,replacement,2026-09-11T17:55:15.991Z
activation:6fac6511-72f5-4c06-81ab-0869fe9b098d:2776f5f7-60ab-41be-b13e-2759a908d70c:eng_design:1,6fac6511-72f5-4c06-81ab-0869fe9b098d,2776f5f7-60ab-41be-b13e-2759a908d70c,eng_design,1,spawn,2026-09-11T17:55:50.467Z
activation:116c8a8c-ce23-495a-b793-a4dc936ffd4f:91fb5b92-d68a-4ae5-9560-d67f6ac8018f:implement:1,116c8a8c-ce23-495a-b793-a4dc936ffd4f,91fb5b92-d68a-4ae5-9560-d67f6ac8018f,implement,1,spawn,2026-09-11T17:58:27.160Z
activation:rework:ecefbb0d7ac95a886c32f23197d2eb1804b6d2c5a2653aa8d989b5b592a31b60,ff2d2277-77e8-4b4e-b043-95e7d2f5e49c,db8d4d16-abb1-4b9f-bde2-d5a82259270f,qa,2,wake,2026-09-11T18:09:27.172Z
activation:547eabfc-2083-4d26-a629-29cbc748ae95:91fb5b92-d68a-4ae5-9560-d67f6ac8018f:implement:1,547eabfc-2083-4d26-a629-29cbc748ae95,91fb5b92-d68a-4ae5-9560-d67f6ac8018f,implement,1,spawn,2026-09-11T18:54:05.069Z
activation:5ff97d5d-5839-4541-b978-4dfc6daaa3cb:2776f5f7-60ab-41be-b13e-2759a908d70c:implement:1,5ff97d5d-5839-4541-b978-4dfc6daaa3cb,2776f5f7-60ab-41be-b13e-2759a908d70c,implement,1,spawn,2026-09-11T18:59:07.928Z
activation:81b34473-74e5-44c9-9cde-3862733e190c:9d20fedd-f7dd-4a2c-a1d3-27f76deb4114:implement:1,81b34473-74e5-44c9-9cde-3862733e190c,9d20fedd-f7dd-4a2c-a1d3-27f76deb4114,implement,1,spawn,2026-09-11T19:00:10.535Z
activation:31fd9d4e-82bc-47dc-bd7c-1ca17288a8c7:3cf1d115-e219-42d5-bcc2-f178b44d7727:implement:2,31fd9d4e-82bc-47dc-bd7c-1ca17288a8c7,3cf1d115-e219-42d5-bcc2-f178b44d7727,implement,2,replacement,2026-09-11T19:06:28.135Z
activation:e12f70d8-d594-46c7-af0e-70818e605d75:9d20fedd-f7dd-4a2c-a1d3-27f76deb4114:implement:1,e12f70d8-d594-46c7-af0e-70818e605d75,9d20fedd-f7dd-4a2c-a1d3-27f76deb4114,implement,1,spawn,2026-09-11T19:22:42.553Z
activation:a3798de4-31b4-4764-89f0-56b74f62c73c:91fb5b92-d68a-4ae5-9560-d67f6ac8018f:implement:1,a3798de4-31b4-4764-89f0-56b74f62c73c,91fb5b92-d68a-4ae5-9560-d67f6ac8018f,implement,1,spawn,2026-09-11T19:23:56.832Z
activation:0c9d626c-0633-45e1-bf2c-b130137a8504:3cf1d115-e219-42d5-bcc2-f178b44d7727:implement:3,0c9d626c-0633-45e1-bf2c-b130137a8504,3cf1d115-e219-42d5-bcc2-f178b44d7727,implement,3,replacement,2026-09-11T19:25:05.803Z
activation:c5169833-2016-4f69-8a65-464ed42caad0:2776f5f7-60ab-41be-b13e-2759a908d70c:implement:1,c5169833-2016-4f69-8a65-464ed42caad0,2776f5f7-60ab-41be-b13e-2759a908d70c,implement,1,spawn,2026-09-11T19:47:44.485Z
activation:6f0390f6-2279-40dc-b5d8-127cf5665385:15188b39-c4f3-4a48-a14a-db25dd9997aa:eng_design:1,6f0390f6-2279-40dc-b5d8-127cf5665385,15188b39-c4f3-4a48-a14a-db25dd9997aa,eng_design,1,spawn,2026-09-11T19:59:43.189Z
activation:4e2631b4-2c92-4a82-b0c1-71c9cb0b4d2b:9d20fedd-f7dd-4a2c-a1d3-27f76deb4114:qa:1,4e2631b4-2c92-4a82-b0c1-71c9cb0b4d2b,9d20fedd-f7dd-4a2c-a1d3-27f76deb4114,qa,1,spawn,2026-09-11T20:04:49.563Z
activation:rework:1f5afa747bb3da170c4b8865518b9611159bb9fbcb909cdfe7deadf1499316f3,636f0209-4eaa-40a2-ab32-52f0a317e0b5,3cf1d115-e219-42d5-bcc2-f178b44d7727,qa,2,wake,2026-09-11T20:06:54.426Z
activation:ede9f695-4a50-4dd6-85c1-039e3e4cf85b:dcfc781a-615c-400f-b64a-eaf0417a85fc:implement:1,ede9f695-4a50-4dd6-85c1-039e3e4cf85b,dcfc781a-615c-400f-b64a-eaf0417a85fc,implement,1,spawn,2026-09-11T20:12:20.401Z
activation:394a5661-3813-4f9f-b5c9-4fe9e69a29e9:91fb5b92-d68a-4ae5-9560-d67f6ac8018f:qa:1,394a5661-3813-4f9f-b5c9-4fe9e69a29e9,91fb5b92-d68a-4ae5-9560-d67f6ac8018f,qa,1,spawn,2026-09-11T20:16:52.024Z
activation:a70103de-89c4-4d2b-9d5d-c110e826477a:15188b39-c4f3-4a48-a14a-db25dd9997aa:implement:1,a70103de-89c4-4d2b-9d5d-c110e826477a,15188b39-c4f3-4a48-a14a-db25dd9997aa,implement,1,spawn,2026-09-11T20:17:50.097Z
activation:60a40268-7daa-4d69-bee5-ba7087a80485:3cf1d115-e219-42d5-bcc2-f178b44d7727:qa:2,60a40268-7daa-4d69-bee5-ba7087a80485,3cf1d115-e219-42d5-bcc2-f178b44d7727,qa,2,replacement,2026-09-11T20:25:36.335Z
activation:27359e2d-5c6e-48ee-9ff5-c73d5f5bb11f:05c31b97-fa36-49be-a9a9-104a92f58d1c:implement:2,27359e2d-5c6e-48ee-9ff5-c73d5f5bb11f,05c31b97-fa36-49be-a9a9-104a92f58d1c,implement,2,replacement,2026-09-11T20:33:00.759Z
activation:dc5d3e71-2c14-4edb-b1a4-cd20f1babe10:5e55e17e-1005-4c8a-a514-80fa3e7c11d1:implement:2,dc5d3e71-2c14-4edb-b1a4-cd20f1babe10,5e55e17e-1005-4c8a-a514-80fa3e7c11d1,implement,2,replacement,2026-09-11T20:34:12.829Z
activation:88183928-98b0-41b2-a110-2be36d53eed0:9d20fedd-f7dd-4a2c-a1d3-27f76deb4114:qa:1,88183928-98b0-41b2-a110-2be36d53eed0,9d20fedd-f7dd-4a2c-a1d3-27f76deb4114,qa,1,spawn,2026-09-11T20:35:43.177Z
activation:86ddfa6f-cb01-47b2-9698-2bf01637b605:05c31b97-fa36-49be-a9a9-104a92f58d1c:qa:2,86ddfa6f-cb01-47b2-9698-2bf01637b605,05c31b97-fa36-49be-a9a9-104a92f58d1c,qa,2,replacement,2026-09-11T20:54:59.215Z
activation:7567ec71-69df-4d83-88ff-9eecaeb7bebd:dcfc781a-615c-400f-b64a-eaf0417a85fc:qa:1,7567ec71-69df-4d83-88ff-9eecaeb7bebd,dcfc781a-615c-400f-b64a-eaf0417a85fc,qa,1,spawn,2026-09-11T21:10:44.822Z
activation:97f610a2-cd87-4f70-9bb6-4ad9b41f4bb2:2776f5f7-60ab-41be-b13e-2759a908d70c:qa:1,97f610a2-cd87-4f70-9bb6-4ad9b41f4bb2,2776f5f7-60ab-41be-b13e-2759a908d70c,qa,1,spawn,2026-09-11T21:18:53.749Z
activation:rework:12d91637c0bc0c2851224d6e1b19d7e3219dfe12285cec7beca5eaf25416e071,ede9f695-4a50-4dd6-85c1-039e3e4cf85b,dcfc781a-615c-400f-b64a-eaf0417a85fc,implement,2,wake,2026-09-11T21:25:28.842Z
activation:5dd14d3e-176a-4cb8-906e-49bd6e6f4000:5e55e17e-1005-4c8a-a514-80fa3e7c11d1:qa:2,5dd14d3e-176a-4cb8-906e-49bd6e6f4000,5e55e17e-1005-4c8a-a514-80fa3e7c11d1,qa,2,replacement,2026-09-11T21:26:42.270Z
activation:7678be37-2c1a-46ee-bc19-ba7f7e3356c0:15188b39-c4f3-4a48-a14a-db25dd9997aa:qa:1,7678be37-2c1a-46ee-bc19-ba7f7e3356c0,15188b39-c4f3-4a48-a14a-db25dd9997aa,qa,1,spawn,2026-09-11T22:30:31.158Z
activation:21f3edef-b9c5-45b4-8434-be0486566221:dcfc781a-615c-400f-b64a-eaf0417a85fc:implement:2,21f3edef-b9c5-45b4-8434-be0486566221,dcfc781a-615c-400f-b64a-eaf0417a85fc,implement,2,replacement,2026-09-11T23:53:04.059Z
activation:rework:d16984d1a04fed1a8ba5de5b4c3c5f39d9f233cc92805fafe27bbf25c5487645,7567ec71-69df-4d83-88ff-9eecaeb7bebd,dcfc781a-615c-400f-b64a-eaf0417a85fc,qa,2,wake,2026-09-12T00:13:39.159Z
activation:7e389387-5f27-4020-9f1b-fd2a3574095d:91fb5b92-d68a-4ae5-9560-d67f6ac8018f:implement:2,7e389387-5f27-4020-9f1b-fd2a3574095d,91fb5b92-d68a-4ae5-9560-d67f6ac8018f,implement,2,replacement,2026-09-12T17:42:38.034Z
activation:rework:31fc0aab4cdd71fa2738c754720fb616fcf832eb6f568ecdfa7cbc0d0ce8f208,394a5661-3813-4f9f-b5c9-4fe9e69a29e9,91fb5b92-d68a-4ae5-9560-d67f6ac8018f,qa,2,wake,2026-09-12T18:33:07.757Z
activation:cd5ac76c-14d9-46c6-881f-ca89d931a3dc:15188b39-c4f3-4a48-a14a-db25dd9997aa:implement:2,cd5ac76c-14d9-46c6-881f-ca89d931a3dc,15188b39-c4f3-4a48-a14a-db25dd9997aa,implement,2,replacement,2026-09-12T20:40:29.049Z
activation:rework:35b016b73bae32a46a3b3ef91f05140116439da301877cc5b1b0fa1ef6ea2048,7678be37-2c1a-46ee-bc19-ba7f7e3356c0,15188b39-c4f3-4a48-a14a-db25dd9997aa,qa,2,wake,2026-09-12T21:17:52.670Z
activation:60853b9b-8254-4565-abbc-fd36de5388c5:db8d4d16-abb1-4b9f-bde2-d5a82259270f:implement:3,60853b9b-8254-4565-abbc-fd36de5388c5,db8d4d16-abb1-4b9f-bde2-d5a82259270f,implement,3,replacement,2026-09-13T22:14:13.518Z
activation:46d62e41-97e1-4a1c-bdd3-418a0e7cd4d5:3cf1d115-e219-42d5-bcc2-f178b44d7727:implement:4,46d62e41-97e1-4a1c-bdd3-418a0e7cd4d5,3cf1d115-e219-42d5-bcc2-f178b44d7727,implement,4,replacement,2026-09-13T22:19:02.559Z
activation:aa11b10a-984e-4aea-9beb-cb297447d841:50274a0c-6b85-4673-ba0c-9bbe1e04f253:implement:1,aa11b10a-984e-4aea-9beb-cb297447d841,50274a0c-6b85-4673-ba0c-9bbe1e04f253,implement,1,spawn,2026-09-13T22:30:31.244Z
activation:52f76cca-a3e1-4660-a509-99e6ab4fcf14:379fa52f-6e81-4d38-af81-498ff432def1:eng_design:1,52f76cca-a3e1-4660-a509-99e6ab4fcf14,379fa52f-6e81-4d38-af81-498ff432def1,eng_design,1,spawn,2026-09-13T22:31:54.887Z
activation:423050f0-163a-422d-b1fb-898ad08aa1c0:30b4f2a4-62fa-4adf-ae37-4088ae98a212:eng_design:1,423050f0-163a-422d-b1fb-898ad08aa1c0,30b4f2a4-62fa-4adf-ae37-4088ae98a212,eng_design,1,spawn,2026-09-13T22:32:13.773Z
activation:412485c1-93e3-4bbf-b228-b12410649347:025a9989-1023-48c7-8176-98184cd2b937:eng_design:1,412485c1-93e3-4bbf-b228-b12410649347,025a9989-1023-48c7-8176-98184cd2b937,eng_design,1,spawn,2026-09-13T22:32:36.222Z
activation:83998340-8beb-4ac9-9e8c-74890983cc7a:cf8be4ae-95d6-4bf1-b623-737fe827f4d3:eng_design:1,83998340-8beb-4ac9-9e8c-74890983cc7a,cf8be4ae-95d6-4bf1-b623-737fe827f4d3,eng_design,1,spawn,2026-09-13T22:36:08.465Z
activation:42361efe-f452-42b3-9c03-dfe070ac5413:55ed03ff-956d-4854-a644-bc2daad252c5:implement:1,42361efe-f452-42b3-9c03-dfe070ac5413,55ed03ff-956d-4854-a644-bc2daad252c5,implement,1,spawn,2026-09-13T22:36:28.462Z
activation:50a6cf26-a76f-47c7-8864-519a16871c53:a9ea4f26-8ab0-4830-a1f7-0f074196e363:eng_design:1,50a6cf26-a76f-47c7-8864-519a16871c53,a9ea4f26-8ab0-4830-a1f7-0f074196e363,eng_design,1,spawn,2026-09-13T22:37:01.979Z
activation:a020e0f0-0ba1-402c-a0c4-e90aef085cd2:c04bce2b-23b9-4005-97ab-cf3e44e8edd5:eng_design:1,a020e0f0-0ba1-402c-a0c4-e90aef085cd2,c04bce2b-23b9-4005-97ab-cf3e44e8edd5,eng_design,1,spawn,2026-09-13T22:37:46.485Z
activation:9f167239-1266-45a6-aab2-e39fea820e72:b4022d94-3882-4b63-a33e-7ef496db59cb:implement:1,9f167239-1266-45a6-aab2-e39fea820e72,b4022d94-3882-4b63-a33e-7ef496db59cb,implement,1,spawn,2026-09-13T22:38:58.017Z
activation:5462869c-8d38-456f-b3aa-64ca9470a1d0:db8d4d16-abb1-4b9f-bde2-d5a82259270f:qa:3,5462869c-8d38-456f-b3aa-64ca9470a1d0,db8d4d16-abb1-4b9f-bde2-d5a82259270f,qa,3,replacement,2026-09-13T22:39:13.739Z
activation:4477b4c3-c5fe-40ed-a20f-d4d4a81f3248:b7a9ee1d-9dbe-43e2-811f-9cdd502749f8:implement:1,4477b4c3-c5fe-40ed-a20f-d4d4a81f3248,b7a9ee1d-9dbe-43e2-811f-9cdd502749f8,implement,1,spawn,2026-09-13T22:40:11.040Z
activation:bd059dd0-9e6e-4dea-9411-4d987c6a8ed1:f6850fe8-3415-40f8-9121-f380f49e5b88:implement:1,bd059dd0-9e6e-4dea-9411-4d987c6a8ed1,f6850fe8-3415-40f8-9121-f380f49e5b88,implement,1,spawn,2026-09-13T22:41:26.521Z
activation:dc9490b0-d51c-4bcd-ac33-cc1b32e9cd33:7ebc03c5-bd2d-404e-8381-9f85af03d26e:implement:1,dc9490b0-d51c-4bcd-ac33-cc1b32e9cd33,7ebc03c5-bd2d-404e-8381-9f85af03d26e,implement,1,spawn,2026-09-13T22:42:35.078Z
activation:a2caaf83-3892-4316-aab4-fe38de9df80b:3607dac5-86b0-43bf-9bb9-e2afb55a76f5:eng_design:1,a2caaf83-3892-4316-aab4-fe38de9df80b,3607dac5-86b0-43bf-9bb9-e2afb55a76f5,eng_design,1,spawn,2026-09-13T22:43:57.451Z
activation:c241738a-053d-49bf-a702-d328508cd28a:55ed03ff-956d-4854-a644-bc2daad252c5:qa:1,c241738a-053d-49bf-a702-d328508cd28a,55ed03ff-956d-4854-a644-bc2daad252c5,qa,1,spawn,2026-09-13T22:52:17.613Z
activation:2504fd7c-9319-469a-878e-ae950989485a:dcfc781a-615c-400f-b64a-eaf0417a85fc:implement:3,2504fd7c-9319-469a-878e-ae950989485a,dcfc781a-615c-400f-b64a-eaf0417a85fc,implement,3,replacement,2026-09-13T22:53:25.976Z
activation:rework:86ef25f09469bf33fc13d91caf7fc9f6dbf5b99d61b42c8ca12f122de67ac376,60a40268-7daa-4d69-bee5-ba7087a80485,3cf1d115-e219-42d5-bcc2-f178b44d7727,qa,3,wake,2026-09-13T23:04:45.606Z
activation:09d77f2a-eaac-4802-b6a2-fbc2c4d8d5a3:379fa52f-6e81-4d38-af81-498ff432def1:implement:1,09d77f2a-eaac-4802-b6a2-fbc2c4d8d5a3,379fa52f-6e81-4d38-af81-498ff432def1,implement,1,spawn,2026-09-13T23:07:13.689Z
activation:43ccf597-ec67-4b85-acf2-4bbdf20b5005:50274a0c-6b85-4673-ba0c-9bbe1e04f253:qa:1,43ccf597-ec67-4b85-acf2-4bbdf20b5005,50274a0c-6b85-4673-ba0c-9bbe1e04f253,qa,1,spawn,2026-09-13T23:08:35.905Z
activation:a44510ad-3ed6-4505-992a-f7ace7c1beea:a9ea4f26-8ab0-4830-a1f7-0f074196e363:implement:1,a44510ad-3ed6-4505-992a-f7ace7c1beea,a9ea4f26-8ab0-4830-a1f7-0f074196e363,implement,1,spawn,2026-09-13T23:09:32.896Z
activation:eb9fb39b-2fea-49bd-9fba-6d497a5ef678:025a9989-1023-48c7-8176-98184cd2b937:implement:1,eb9fb39b-2fea-49bd-9fba-6d497a5ef678,025a9989-1023-48c7-8176-98184cd2b937,implement,1,spawn,2026-09-13T23:13:02.182Z
activation:760e0d27-38aa-49a3-ba1e-c7b2562435b6:b7a9ee1d-9dbe-43e2-811f-9cdd502749f8:qa:1,760e0d27-38aa-49a3-ba1e-c7b2562435b6,b7a9ee1d-9dbe-43e2-811f-9cdd502749f8,qa,1,spawn,2026-09-13T23:14:37.569Z
activation:rework:b371bf890cb6a4bdfc79a668cf8b47c012e2dd708756defe78a86d3148c39f35,7567ec71-69df-4d83-88ff-9eecaeb7bebd,dcfc781a-615c-400f-b64a-eaf0417a85fc,qa,3,wake,2026-09-13T23:18:07.055Z
activation:bbf09e4a-8607-411a-aef8-7ea648b536dc:b4022d94-3882-4b63-a33e-7ef496db59cb:qa:1,bbf09e4a-8607-411a-aef8-7ea648b536dc,b4022d94-3882-4b63-a33e-7ef496db59cb,qa,1,spawn,2026-09-13T23:22:32.269Z
activation:676e4f36-b395-49b0-acd3-bc8ed18ef9ad:7ebc03c5-bd2d-404e-8381-9f85af03d26e:qa:1,676e4f36-b395-49b0-acd3-bc8ed18ef9ad,7ebc03c5-bd2d-404e-8381-9f85af03d26e,qa,1,spawn,2026-09-13T23:23:36.186Z
activation:e94e97d9-9d99-4496-8c56-e441b7e3966e:f6850fe8-3415-40f8-9121-f380f49e5b88:qa:1,e94e97d9-9d99-4496-8c56-e441b7e3966e,f6850fe8-3415-40f8-9121-f380f49e5b88,qa,1,spawn,2026-09-13T23:31:07.832Z
activation:e0198689-c8a0-4eb5-8853-e7f7009c20e1:379fa52f-6e81-4d38-af81-498ff432def1:implement:1,e0198689-c8a0-4eb5-8853-e7f7009c20e1,379fa52f-6e81-4d38-af81-498ff432def1,implement,1,spawn,2026-09-13T23:47:01.456Z
activation:1e02f10a-8e10-4f58-9790-dec0d6773375:30b4f2a4-62fa-4adf-ae37-4088ae98a212:implement:1,1e02f10a-8e10-4f58-9790-dec0d6773375,30b4f2a4-62fa-4adf-ae37-4088ae98a212,implement,1,spawn,2026-09-14T00:16:16.821Z
activation:53be23fe-cd31-4c11-9d3d-0f2615bc1591:3607dac5-86b0-43bf-9bb9-e2afb55a76f5:implement:1,53be23fe-cd31-4c11-9d3d-0f2615bc1591,3607dac5-86b0-43bf-9bb9-e2afb55a76f5,implement,1,spawn,2026-09-14T00:17:19.095Z
activation:f01fa466-5851-4069-baf1-0588e48db2d0:379fa52f-6e81-4d38-af81-498ff432def1:qa:1,f01fa466-5851-4069-baf1-0588e48db2d0,379fa52f-6e81-4d38-af81-498ff432def1,qa,1,spawn,2026-09-14T00:18:06.402Z
activation:40d9c289-a049-4f13-8ac8-87d20953f681:cf8be4ae-95d6-4bf1-b623-737fe827f4d3:implement:1,40d9c289-a049-4f13-8ac8-87d20953f681,cf8be4ae-95d6-4bf1-b623-737fe827f4d3,implement,1,spawn,2026-09-14T00:18:25.018Z
activation:d77ced29-2d3e-4e81-ab59-d0d23a3f13cc:a9ea4f26-8ab0-4830-a1f7-0f074196e363:qa:1,d77ced29-2d3e-4e81-ab59-d0d23a3f13cc,a9ea4f26-8ab0-4830-a1f7-0f074196e363,qa,1,spawn,2026-09-14T00:20:21.834Z
activation:39a0cec4-33cc-43e0-b631-29009e43234d:c04bce2b-23b9-4005-97ab-cf3e44e8edd5:implement:1,39a0cec4-33cc-43e0-b631-29009e43234d,c04bce2b-23b9-4005-97ab-cf3e44e8edd5,implement,1,spawn,2026-09-14T00:22:55.562Z
activation:58a92343-6399-4332-84f7-3091918832ae:ab757039-5e5e-4da2-9dda-ff4d8e3abbce:implement:1,58a92343-6399-4332-84f7-3091918832ae,ab757039-5e5e-4da2-9dda-ff4d8e3abbce,implement,1,spawn,2026-09-14T02:16:14.096Z
activation:060ba69c-7801-4ee5-8a5e-1d3a46b2780d:f7f0c257-c2e5-49b1-a3d4-f09d432919fc:implement:1,060ba69c-7801-4ee5-8a5e-1d3a46b2780d,f7f0c257-c2e5-49b1-a3d4-f09d432919fc,implement,1,spawn,2026-09-14T02:19:33.519Z
activation:232ae276-94a9-4e37-9832-ff2504d6df48:30b4f2a4-62fa-4adf-ae37-4088ae98a212:qa:1,232ae276-94a9-4e37-9832-ff2504d6df48,30b4f2a4-62fa-4adf-ae37-4088ae98a212,qa,1,spawn,2026-09-14T02:26:17.122Z
activation:db82230d-eb3c-4288-b916-7449d712484a:c04bce2b-23b9-4005-97ab-cf3e44e8edd5:implement:1,db82230d-eb3c-4288-b916-7449d712484a,c04bce2b-23b9-4005-97ab-cf3e44e8edd5,implement,1,spawn,2026-09-14T02:30:19.292Z
activation:991e7054-6be0-4d78-b38a-deafafb3ae2c:3607dac5-86b0-43bf-9bb9-e2afb55a76f5:qa:1,991e7054-6be0-4d78-b38a-deafafb3ae2c,3607dac5-86b0-43bf-9bb9-e2afb55a76f5,qa,1,spawn,2026-09-14T02:39:37.440Z
activation:8999b4f1-c9ea-4a61-aa6d-cbaece3df39a:3cf1d115-e219-42d5-bcc2-f178b44d7727:implement:5,8999b4f1-c9ea-4a61-aa6d-cbaece3df39a,3cf1d115-e219-42d5-bcc2-f178b44d7727,implement,5,replacement,2026-09-14T02:47:21.215Z
activation:b9021d4b-2a1d-4ea7-8251-148c01431b0c:ab757039-5e5e-4da2-9dda-ff4d8e3abbce:qa:1,b9021d4b-2a1d-4ea7-8251-148c01431b0c,ab757039-5e5e-4da2-9dda-ff4d8e3abbce,qa,1,spawn,2026-09-14T02:51:14.176Z
activation:62ccc0c6-e83a-4b20-9433-2030f4d6ca08:cf8be4ae-95d6-4bf1-b623-737fe827f4d3:qa:1,62ccc0c6-e83a-4b20-9433-2030f4d6ca08,cf8be4ae-95d6-4bf1-b623-737fe827f4d3,qa,1,spawn,2026-09-14T02:56:19.398Z
activation:3c3f3739-a0af-479e-9321-28286f884bc9:dcfc781a-615c-400f-b64a-eaf0417a85fc:implement:4,3c3f3739-a0af-479e-9321-28286f884bc9,dcfc781a-615c-400f-b64a-eaf0417a85fc,implement,4,replacement,2026-09-14T03:08:12.147Z
activation:5efac172-89ab-49c4-b533-7192008c6eb7:f7f0c257-c2e5-49b1-a3d4-f09d432919fc:qa:1,5efac172-89ab-49c4-b533-7192008c6eb7,f7f0c257-c2e5-49b1-a3d4-f09d432919fc,qa,1,spawn,2026-09-14T03:09:23.956Z
activation:rework:b9abfd500d571c3773f35da329c1baa6d233ae7c1875b54ff01a7cd5eff84a76,060ba69c-7801-4ee5-8a5e-1d3a46b2780d,f7f0c257-c2e5-49b1-a3d4-f09d432919fc,implement,2,wake,2026-09-14T03:20:28.369Z
activation:rework:bcf13a129bf1520aefed5ced406cfcd50c707b3d9218cf01ecf2c3ba17b65b01,7567ec71-69df-4d83-88ff-9eecaeb7bebd,dcfc781a-615c-400f-b64a-eaf0417a85fc,qa,4,wake,2026-09-14T03:30:37.978Z
activation:rework:89f10f989bd33fd519e3322218c03147227e23aae1700ba59849bfccc31c5eda,60a40268-7daa-4d69-bee5-ba7087a80485,3cf1d115-e219-42d5-bcc2-f178b44d7727,qa,4,wake,2026-09-14T03:54:56.058Z
activation:c68863c8-4684-42a4-81c6-2685fba77c90:c04bce2b-23b9-4005-97ab-cf3e44e8edd5:qa:1,c68863c8-4684-42a4-81c6-2685fba77c90,c04bce2b-23b9-4005-97ab-cf3e44e8edd5,qa,1,spawn,2026-09-14T03:55:43.138Z
activation:rework:dd1c7495397f628ca6f3ba935d840728d1d3b94babc172ee79df55969a89dafe,5efac172-89ab-49c4-b533-7192008c6eb7,f7f0c257-c2e5-49b1-a3d4-f09d432919fc,qa,2,wake,2026-09-14T04:14:20.119Z
activation:14673044-d64b-4020-97f6-08c7060a989c:5dface53-8d35-4574-8464-280c6a6eab8f:implement:1,14673044-d64b-4020-97f6-08c7060a989c,5dface53-8d35-4574-8464-280c6a6eab8f,implement,1,spawn,2026-09-14T04:37:48.536Z
activation:fec18b2a-dc0c-41bf-b2fc-e3293935b655:cf8be4ae-95d6-4bf1-b623-737fe827f4d3:implement:2,fec18b2a-dc0c-41bf-b2fc-e3293935b655,cf8be4ae-95d6-4bf1-b623-737fe827f4d3,implement,2,replacement,2026-09-14T04:48:47.761Z
activation:99ef435d-0e08-483a-8630-89f1819cfd31:3cf1d115-e219-42d5-bcc2-f178b44d7727:implement:6,99ef435d-0e08-483a-8630-89f1819cfd31,3cf1d115-e219-42d5-bcc2-f178b44d7727,implement,6,replacement,2026-09-14T04:53:30.254Z
activation:rework:595b91f837dafd83f19a33553eb938055f8d64943fa0e1434ad2d2f86e09fdae,60a40268-7daa-4d69-bee5-ba7087a80485,3cf1d115-e219-42d5-bcc2-f178b44d7727,qa,5,wake,2026-09-14T05:30:23.570Z
activation:c5c755a3-c9e1-4bd4-a259-0dfd0dab197b:5dface53-8d35-4574-8464-280c6a6eab8f:implement:1,c5c755a3-c9e1-4bd4-a259-0dfd0dab197b,5dface53-8d35-4574-8464-280c6a6eab8f,implement,1,spawn,2026-09-14T06:08:01.034Z
activation:7f333430-7c96-405d-9f43-0117d69811f7:025a9989-1023-48c7-8176-98184cd2b937:implement:1,7f333430-7c96-405d-9f43-0117d69811f7,025a9989-1023-48c7-8176-98184cd2b937,implement,1,spawn,2026-09-14T06:08:08.099Z
activation:235a8c4b-ba35-424b-8f1f-2614c9d87d8d:cf8be4ae-95d6-4bf1-b623-737fe827f4d3:implement:2,235a8c4b-ba35-424b-8f1f-2614c9d87d8d,cf8be4ae-95d6-4bf1-b623-737fe827f4d3,implement,2,replacement,2026-09-14T06:10:59.273Z
activation:80243686-a66a-4bb9-a418-242490331a21:cf8be4ae-95d6-4bf1-b623-737fe827f4d3:implement:2,80243686-a66a-4bb9-a418-242490331a21,cf8be4ae-95d6-4bf1-b623-737fe827f4d3,implement,2,replacement,2026-09-14T06:14:53.241Z
activation:78c54cd9-bf5d-4046-840c-648f9b50d3a9:cf8be4ae-95d6-4bf1-b623-737fe827f4d3:implement:2,78c54cd9-bf5d-4046-840c-648f9b50d3a9,cf8be4ae-95d6-4bf1-b623-737fe827f4d3,implement,2,replacement,2026-09-14T06:28:17.553Z
activation:rework:0aa1184d566c57de59349298a85c61d73d2bb0c9f9cb8d5bf485257c034a3bbd,060ba69c-7801-4ee5-8a5e-1d3a46b2780d,f7f0c257-c2e5-49b1-a3d4-f09d432919fc,implement,3,wake,2026-09-14T07:24:19.979Z
activation:808cc626-e5a9-4e6e-a5a3-c0ff3722de46:f7f0c257-c2e5-49b1-a3d4-f09d432919fc:implement:3,808cc626-e5a9-4e6e-a5a3-c0ff3722de46,f7f0c257-c2e5-49b1-a3d4-f09d432919fc,implement,3,replacement,2026-09-14T07:31:22.683Z
activation:5e010293-1281-42d7-9f17-44530bc003ea:0f419a93-84c8-4d05-8d6f-b8566dc68a43:implement:1,5e010293-1281-42d7-9f17-44530bc003ea,0f419a93-84c8-4d05-8d6f-b8566dc68a43,implement,1,spawn,2026-09-14T07:39:05.814Z
activation:4c428168-c403-4b03-b2b9-ffa47bf68433:c176229a-5fe3-4d4d-886b-e1e7527ec9e2:eng_design:1,4c428168-c403-4b03-b2b9-ffa47bf68433,c176229a-5fe3-4d4d-886b-e1e7527ec9e2,eng_design,1,spawn,2026-09-14T07:40:13.158Z
activation:7c91b8b4-79e3-4f69-86f9-19e2ddbba845:ef75e4c5-d7c1-4f05-9fae-926c4621372a:implement:1,7c91b8b4-79e3-4f69-86f9-19e2ddbba845,ef75e4c5-d7c1-4f05-9fae-926c4621372a,implement,1,spawn,2026-09-14T07:41:35.936Z
activation:aceb4115-868c-48c1-9c58-76ca0783c3a2:60ec91c7-c35a-4644-a15a-f4fca84f4725:implement:1,aceb4115-868c-48c1-9c58-76ca0783c3a2,60ec91c7-c35a-4644-a15a-f4fca84f4725,implement,1,spawn,2026-09-14T07:43:59.992Z
activation:5b550282-9cd9-4d21-bdcd-e0e1ff959283:644fb67f-17e8-4800-8498-05896ce35005:implement:1,5b550282-9cd9-4d21-bdcd-e0e1ff959283,644fb67f-17e8-4800-8498-05896ce35005,implement,1,spawn,2026-09-14T07:44:59.689Z
activation:b3ad6910-0961-461e-be16-39ad4ed7a3e5:f17d783d-9f4d-4134-a016-a9a7402e9b12:implement:1,b3ad6910-0961-461e-be16-39ad4ed7a3e5,f17d783d-9f4d-4134-a016-a9a7402e9b12,implement,1,spawn,2026-09-14T07:48:09.789Z
activation:a4bbf994-d90d-4700-8d1a-90d365eb1e83:4f12e13a-8807-466b-87f6-b6e317f721e9:implement:1,a4bbf994-d90d-4700-8d1a-90d365eb1e83,4f12e13a-8807-466b-87f6-b6e317f721e9,implement,1,spawn,2026-09-14T07:55:13.890Z
activation:ed0040d2-b967-4079-b8ce-f8aa2b23cf02:c176229a-5fe3-4d4d-886b-e1e7527ec9e2:implement:1,ed0040d2-b967-4079-b8ce-f8aa2b23cf02,c176229a-5fe3-4d4d-886b-e1e7527ec9e2,implement,1,spawn,2026-09-14T08:12:26.035Z
activation:rework:8411d1ea53f3513484ee742015d66c3c73c3e2dcb9187bdf77e040f1b83d6ebe,5efac172-89ab-49c4-b533-7192008c6eb7,f7f0c257-c2e5-49b1-a3d4-f09d432919fc,qa,3,wake,2026-09-14T08:15:21.185Z
activation:510a959d-3e38-428d-b9c4-872f82256482:ef75e4c5-d7c1-4f05-9fae-926c4621372a:qa:1,510a959d-3e38-428d-b9c4-872f82256482,ef75e4c5-d7c1-4f05-9fae-926c4621372a,qa,1,spawn,2026-09-14T08:22:04.376Z
activation:5e94780c-a1df-47fc-b0cf-c9a890fd1e33:644fb67f-17e8-4800-8498-05896ce35005:qa:1,5e94780c-a1df-47fc-b0cf-c9a890fd1e33,644fb67f-17e8-4800-8498-05896ce35005,qa,1,spawn,2026-09-14T08:34:42.467Z
activation:457898ca-54b0-4884-b289-2379c3accf37:f17d783d-9f4d-4134-a016-a9a7402e9b12:qa:1,457898ca-54b0-4884-b289-2379c3accf37,f17d783d-9f4d-4134-a016-a9a7402e9b12,qa,1,spawn,2026-09-14T08:34:56.215Z
activation:d95c3013-53f3-4219-a50c-b303f3da07e1:60ec91c7-c35a-4644-a15a-f4fca84f4725:qa:1,d95c3013-53f3-4219-a50c-b303f3da07e1,60ec91c7-c35a-4644-a15a-f4fca84f4725,qa,1,spawn,2026-09-14T08:39:56.560Z
activation:eb7b6274-622b-43ba-999b-3c74e5fd9a8e:4f12e13a-8807-466b-87f6-b6e317f721e9:qa:1,eb7b6274-622b-43ba-999b-3c74e5fd9a8e,4f12e13a-8807-466b-87f6-b6e317f721e9,qa,1,spawn,2026-09-14T08:48:12.129Z
activation:80bd173f-d9fd-418c-9e77-09c337e5db6b:0f419a93-84c8-4d05-8d6f-b8566dc68a43:qa:1,80bd173f-d9fd-418c-9e77-09c337e5db6b,0f419a93-84c8-4d05-8d6f-b8566dc68a43,qa,1,spawn,2026-09-14T08:59:17.577Z
activation:084eb138-b641-472e-a045-c7019935957b:cfcc96cf-03d0-45e8-981f-0e351db1c152:implement:1,084eb138-b641-472e-a045-c7019935957b,cfcc96cf-03d0-45e8-981f-0e351db1c152,implement,1,spawn,2026-09-14T09:05:39.797Z
activation:b23182bb-6ec8-4db5-8a5a-880b8c72373a:1712bfed-9d9f-4148-8b32-ac5361136ea1:implement:1,b23182bb-6ec8-4db5-8a5a-880b8c72373a,1712bfed-9d9f-4148-8b32-ac5361136ea1,implement,1,spawn,2026-09-14T09:06:53.184Z
activation:81f5a693-218d-449e-bfa4-415badf4b6e2:ee8e5ae8-9625-46b7-903c-be9e5545d47d:implement:1,81f5a693-218d-449e-bfa4-415badf4b6e2,ee8e5ae8-9625-46b7-903c-be9e5545d47d,implement,1,spawn,2026-09-14T09:08:03.667Z
activation:165ad609-1d99-4795-81d6-d975f20c5b88:9a570623-dfe8-4d19-9016-f1dd8dfccdbc:general:1,165ad609-1d99-4795-81d6-d975f20c5b88,9a570623-dfe8-4d19-9016-f1dd8dfccdbc,general,1,spawn,2026-09-14T09:09:33.662Z
activation:c06913eb-bc4e-48b1-ac6b-050b4fe75186:cfcc96cf-03d0-45e8-981f-0e351db1c152:qa:1,c06913eb-bc4e-48b1-ac6b-050b4fe75186,cfcc96cf-03d0-45e8-981f-0e351db1c152,qa,1,spawn,2026-09-14T09:47:48.337Z
activation:e5577948-0029-4b2c-b71c-837e32d195f5:ee8e5ae8-9625-46b7-903c-be9e5545d47d:qa:1,e5577948-0029-4b2c-b71c-837e32d195f5,ee8e5ae8-9625-46b7-903c-be9e5545d47d,qa,1,spawn,2026-09-14T10:07:20.159Z
activation:b39d60b3-6e25-413b-a78f-26539acd6201:1712bfed-9d9f-4148-8b32-ac5361136ea1:qa:1,b39d60b3-6e25-413b-a78f-26539acd6201,1712bfed-9d9f-4148-8b32-ac5361136ea1,qa,1,spawn,2026-09-14T10:15:10.086Z
activation:3e41382f-1047-428a-964f-15894a5f49d6:6f79c0d0-d1c3-4117-acd9-21cbef332048:implement:1,3e41382f-1047-428a-964f-15894a5f49d6,6f79c0d0-d1c3-4117-acd9-21cbef332048,implement,1,spawn,2026-09-14T17:48:56.485Z
activation:d9a5e9d2-d52b-40df-aa34-07bd6fe0b0b6:fff384ea-14de-45b3-a671-3cf1fa328f13:implement:1,d9a5e9d2-d52b-40df-aa34-07bd6fe0b0b6,fff384ea-14de-45b3-a671-3cf1fa328f13,implement,1,spawn,2026-09-14T17:57:22.025Z
activation:172975a6-c095-4c75-91c8-52bbb1e98c59:1bb66b99-910f-40e0-a454-972646e337df:implement:1,172975a6-c095-4c75-91c8-52bbb1e98c59,1bb66b99-910f-40e0-a454-972646e337df,implement,1,spawn,2026-09-14T17:58:22.293Z
activation:26ed6f9a-32e7-47b5-a403-5167412977b7:7d9be41f-9755-4a83-bee2-fb1ebc8b3ae3:implement:1,26ed6f9a-32e7-47b5-a403-5167412977b7,7d9be41f-9755-4a83-bee2-fb1ebc8b3ae3,implement,1,spawn,2026-09-14T18:16:32.020Z
activation:8b475206-ee86-4010-a54b-499b65cdac0d:7d9be41f-9755-4a83-bee2-fb1ebc8b3ae3:qa:1,8b475206-ee86-4010-a54b-499b65cdac0d,7d9be41f-9755-4a83-bee2-fb1ebc8b3ae3,qa,1,spawn,2026-09-14T18:45:52.757Z
activation:7821abed-48c0-42d4-b1a1-fc2330b05373:fff384ea-14de-45b3-a671-3cf1fa328f13:qa:1,7821abed-48c0-42d4-b1a1-fc2330b05373,fff384ea-14de-45b3-a671-3cf1fa328f13,qa,1,spawn,2026-09-14T19:08:02.631Z
activation:ebb55498-f820-4e7e-a291-34bd9a7edb17:c176229a-5fe3-4d4d-886b-e1e7527ec9e2:implement:1,ebb55498-f820-4e7e-a291-34bd9a7edb17,c176229a-5fe3-4d4d-886b-e1e7527ec9e2,implement,1,spawn,2026-09-14T19:19:23.237Z
activation:6e76e8b9-4193-44c2-b3c0-4f385968403c:f7b658b8-74cb-4566-952f-65ffea1e6563:eng_design:1,6e76e8b9-4193-44c2-b3c0-4f385968403c,f7b658b8-74cb-4566-952f-65ffea1e6563,eng_design,1,spawn,2026-09-14T19:26:12.554Z
activation:cb8e7302-020b-4c36-a02c-9c254ceb8702:1bb66b99-910f-40e0-a454-972646e337df:implement:1,cb8e7302-020b-4c36-a02c-9c254ceb8702,1bb66b99-910f-40e0-a454-972646e337df,implement,1,spawn,2026-09-14T19:48:14.229Z
activation:d0d22d50-ad29-4742-89fa-ec5deaba968c:fff384ea-14de-45b3-a671-3cf1fa328f13:implement:2,d0d22d50-ad29-4742-89fa-ec5deaba968c,fff384ea-14de-45b3-a671-3cf1fa328f13,implement,2,replacement,2026-09-14T19:52:40.668Z
activation:248f073d-d4f5-4604-b6f4-adf7f6bd1730:6f79c0d0-d1c3-4117-acd9-21cbef332048:qa:1,248f073d-d4f5-4604-b6f4-adf7f6bd1730,6f79c0d0-d1c3-4117-acd9-21cbef332048,qa,1,spawn,2026-09-14T20:06:13.507Z
activation:57fed70b-8c2e-4aef-9762-608633042ce9:da6b7743-891e-424f-a121-1bf7ffdb0c44:eng_design:1,57fed70b-8c2e-4aef-9762-608633042ce9,da6b7743-891e-424f-a121-1bf7ffdb0c44,eng_design,1,spawn,2026-09-14T20:08:44.086Z
activation:3f011ac5-8038-4be8-850e-0d04c022905a:d5c6e020-4711-416d-8acb-54e140eefe90:eng_design:1,3f011ac5-8038-4be8-850e-0d04c022905a,d5c6e020-4711-416d-8acb-54e140eefe90,eng_design,1,spawn,2026-09-14T20:10:10.439Z
activation:2808a4e8-3a86-439c-92ed-14d8fff60e2d:1bb66b99-910f-40e0-a454-972646e337df:qa:1,2808a4e8-3a86-439c-92ed-14d8fff60e2d,1bb66b99-910f-40e0-a454-972646e337df,qa,1,spawn,2026-09-14T20:11:33.208Z
activation:bc207d35-86a6-43ee-bae7-81a84b9b2322:c5b74da7-12d8-4ec9-9e1d-d70296971372:eng_design:1,bc207d35-86a6-43ee-bae7-81a84b9b2322,c5b74da7-12d8-4ec9-9e1d-d70296971372,eng_design,1,spawn,2026-09-14T20:11:43.243Z
activation:43afc4c4-273c-4d1e-881e-4db0c0a62e82:5ea4805e-1e01-47d1-8be1-26641097104a:eng_design:1,43afc4c4-273c-4d1e-881e-4db0c0a62e82,5ea4805e-1e01-47d1-8be1-26641097104a,eng_design,1,spawn,2026-09-14T20:12:14.078Z
activation:826be6d1-86f1-42a7-82b8-e9722ecb8553:664c071a-81eb-46d2-8705-37c248cd57ff:eng_design:1,826be6d1-86f1-42a7-82b8-e9722ecb8553,664c071a-81eb-46d2-8705-37c248cd57ff,eng_design,1,spawn,2026-09-14T20:12:45.216Z
activation:ddec1a1e-08f6-4bbf-bc0d-71a7cd36d234:c3d6e76c-306c-463d-9c51-a24e55de0113:eng_design:1,ddec1a1e-08f6-4bbf-bc0d-71a7cd36d234,c3d6e76c-306c-463d-9c51-a24e55de0113,eng_design,1,spawn,2026-09-14T20:14:03.033Z
activation:32f3bfa0-9e48-4d08-9a41-1957688f69fc:f7b658b8-74cb-4566-952f-65ffea1e6563:implement:1,32f3bfa0-9e48-4d08-9a41-1957688f69fc,f7b658b8-74cb-4566-952f-65ffea1e6563,implement,1,spawn,2026-09-14T20:14:26.935Z
activation:f9853998-68f5-411d-8509-924e36fbf775:5c7fc4fa-b252-4532-97bb-ad8482b0edbf:eng_design:1,f9853998-68f5-411d-8509-924e36fbf775,5c7fc4fa-b252-4532-97bb-ad8482b0edbf,eng_design,1,spawn,2026-09-14T20:16:09.945Z
activation:261cd4cb-172d-45b8-9591-b4aac9df4761:98b8c935-f76c-45fb-a8b5-6e9439bcf332:eng_design:1,261cd4cb-172d-45b8-9591-b4aac9df4761,98b8c935-f76c-45fb-a8b5-6e9439bcf332,eng_design,1,spawn,2026-09-14T20:16:47.129Z
activation:9720d945-c5d0-45e7-8617-af42e80377ac:d87ffd86-03a4-4975-bdd2-1b4c8e857dcc:implement:1,9720d945-c5d0-45e7-8617-af42e80377ac,d87ffd86-03a4-4975-bdd2-1b4c8e857dcc,implement,1,spawn,2026-09-14T20:20:12.026Z
activation:4b67caf9-bfef-49f9-a0ef-8985c0b57510:12c21830-67fb-4eda-8cf7-d64516fc2060:eng_design:1,4b67caf9-bfef-49f9-a0ef-8985c0b57510,12c21830-67fb-4eda-8cf7-d64516fc2060,eng_design,1,spawn,2026-09-14T20:28:09.120Z
activation:rework:dc2e5248cf1c13710979df8243c67ee32c42e099bb0476c158fa954e2bcb87af,7821abed-48c0-42d4-b1a1-fc2330b05373,fff384ea-14de-45b3-a671-3cf1fa328f13,qa,2,wake,2026-09-14T20:30:44.397Z
activation:fb97eb44-4bed-45b4-9485-2ae7c70c84b7:628d9aa1-2616-4351-90e8-b954dccf2a03:implement:1,fb97eb44-4bed-45b4-9485-2ae7c70c84b7,628d9aa1-2616-4351-90e8-b954dccf2a03,implement,1,spawn,2026-09-14T20:35:36.104Z
activation:aea5195f-7ea6-4ee6-bf74-5e9f8e80ecb5:da6b7743-891e-424f-a121-1bf7ffdb0c44:implement:1,aea5195f-7ea6-4ee6-bf74-5e9f8e80ecb5,da6b7743-891e-424f-a121-1bf7ffdb0c44,implement,1,spawn,2026-09-14T20:39:43.511Z
activation:c15d68d0-cf78-447b-a72b-1d7c8fc50b48:98b8c935-f76c-45fb-a8b5-6e9439bcf332:implement:1,c15d68d0-cf78-447b-a72b-1d7c8fc50b48,98b8c935-f76c-45fb-a8b5-6e9439bcf332,implement,1,spawn,2026-09-14T20:42:17.483Z
activation:44432ed1-8968-4cc8-a69d-fa35a468ff6f:d5c6e020-4711-416d-8acb-54e140eefe90:implement:1,44432ed1-8968-4cc8-a69d-fa35a468ff6f,d5c6e020-4711-416d-8acb-54e140eefe90,implement,1,spawn,2026-09-14T20:45:17.217Z
activation:2650c18a-f1df-42ad-a3e9-febc7d41db6e:c3d6e76c-306c-463d-9c51-a24e55de0113:implement:1,2650c18a-f1df-42ad-a3e9-febc7d41db6e,c3d6e76c-306c-463d-9c51-a24e55de0113,implement,1,spawn,2026-09-14T21:02:41.855Z
activation:9634227f-9dcc-4f2d-a856-0e35f2354b27:2aac8f18-9ede-477d-8336-042be615c439:eng_design:1,9634227f-9dcc-4f2d-a856-0e35f2354b27,2aac8f18-9ede-477d-8336-042be615c439,eng_design,1,spawn,2026-09-14T21:05:41.400Z
activation:8b2e28ea-325a-47d3-807c-deda7711bd5d:c176229a-5fe3-4d4d-886b-e1e7527ec9e2:qa:1,8b2e28ea-325a-47d3-807c-deda7711bd5d,c176229a-5fe3-4d4d-886b-e1e7527ec9e2,qa,1,spawn,2026-09-14T21:08:06.027Z
activation:deee84fc-829c-4bce-b805-4e86745c528f:664c071a-81eb-46d2-8705-37c248cd57ff:implement:1,deee84fc-829c-4bce-b805-4e86745c528f,664c071a-81eb-46d2-8705-37c248cd57ff,implement,1,spawn,2026-09-14T21:12:17.112Z
activation:ff8689fb-52e5-4d4c-9b0b-6559e3925c7a:2aac8f18-9ede-477d-8336-042be615c439:eng_design:1,ff8689fb-52e5-4d4c-9b0b-6559e3925c7a,2aac8f18-9ede-477d-8336-042be615c439,eng_design,1,spawn,2026-09-14T21:16:39.620Z
activation:6fa79f8f-8a80-4c05-9044-3afdbdecfa07:d5c6e020-4711-416d-8acb-54e140eefe90:implement:1,6fa79f8f-8a80-4c05-9044-3afdbdecfa07,d5c6e020-4711-416d-8acb-54e140eefe90,implement,1,spawn,2026-09-14T21:17:35.976Z
activation:00c6a8e7-f99b-4c98-af58-6922fa8c59af:98b8c935-f76c-45fb-a8b5-6e9439bcf332:implement:1,00c6a8e7-f99b-4c98-af58-6922fa8c59af,98b8c935-f76c-45fb-a8b5-6e9439bcf332,implement,1,spawn,2026-09-14T21:17:46.831Z
activation:1c0ff713-dd62-4915-bd11-eb9fbeef046d:664c071a-81eb-46d2-8705-37c248cd57ff:implement:1,1c0ff713-dd62-4915-bd11-eb9fbeef046d,664c071a-81eb-46d2-8705-37c248cd57ff,implement,1,spawn,2026-09-14T21:19:04.547Z
activation:8393d435-f614-4bbb-968a-2049707dde67:c3d6e76c-306c-463d-9c51-a24e55de0113:implement:1,8393d435-f614-4bbb-968a-2049707dde67,c3d6e76c-306c-463d-9c51-a24e55de0113,implement,1,spawn,2026-09-14T21:19:26.264Z
activation:1b628ee9-6526-4378-acb1-6739d2479172:f7b658b8-74cb-4566-952f-65ffea1e6563:implement:1,1b628ee9-6526-4378-acb1-6739d2479172,f7b658b8-74cb-4566-952f-65ffea1e6563,implement,1,spawn,2026-09-14T21:19:34.505Z
activation:b951a6d9-16a1-478c-aafc-5550b7687beb:d87ffd86-03a4-4975-bdd2-1b4c8e857dcc:implement:1,b951a6d9-16a1-478c-aafc-5550b7687beb,d87ffd86-03a4-4975-bdd2-1b4c8e857dcc,implement,1,spawn,2026-09-14T21:19:38.575Z
activation:a65c8e5a-718f-4420-9ea5-738b8bdc69d1:628d9aa1-2616-4351-90e8-b954dccf2a03:implement:1,a65c8e5a-718f-4420-9ea5-738b8bdc69d1,628d9aa1-2616-4351-90e8-b954dccf2a03,implement,1,spawn,2026-09-14T21:20:37.000Z
activation:7bd2b0bf-18e6-4b4f-b5bb-533138c0d4d3:2aac8f18-9ede-477d-8336-042be615c439:eng_design:1,7bd2b0bf-18e6-4b4f-b5bb-533138c0d4d3,2aac8f18-9ede-477d-8336-042be615c439,eng_design,1,spawn,2026-09-14T21:21:41.254Z
activation:7c3fe21c-753f-491e-a237-e1b20b2b6837:da6b7743-891e-424f-a121-1bf7ffdb0c44:implement:1,7c3fe21c-753f-491e-a237-e1b20b2b6837,da6b7743-891e-424f-a121-1bf7ffdb0c44,implement,1,spawn,2026-09-14T21:22:45.172Z
activation:f2e17b6f-375e-4ab1-9d77-4365aee15c68:98b8c935-f76c-45fb-a8b5-6e9439bcf332:implement:1,f2e17b6f-375e-4ab1-9d77-4365aee15c68,98b8c935-f76c-45fb-a8b5-6e9439bcf332,implement,1,spawn,2026-09-14T21:23:46.814Z
activation:4a9a3115-fa0f-4372-b35e-5a42cd167c1a:d87ffd86-03a4-4975-bdd2-1b4c8e857dcc:implement:1,4a9a3115-fa0f-4372-b35e-5a42cd167c1a,d87ffd86-03a4-4975-bdd2-1b4c8e857dcc,implement,1,spawn,2026-09-14T21:24:52.148Z
activation:d6271569-7d52-47f7-8664-7493dfce8581:628d9aa1-2616-4351-90e8-b954dccf2a03:implement:1,d6271569-7d52-47f7-8664-7493dfce8581,628d9aa1-2616-4351-90e8-b954dccf2a03,implement,1,spawn,2026-09-14T21:25:56.028Z
activation:ba8ff4f9-9b46-4fe2-9b01-cd09960cc60e:da6b7743-891e-424f-a121-1bf7ffdb0c44:implement:1,ba8ff4f9-9b46-4fe2-9b01-cd09960cc60e,da6b7743-891e-424f-a121-1bf7ffdb0c44,implement,1,spawn,2026-09-14T21:26:56.896Z
activation:74c33121-d488-4ac2-b42e-3956862edec3:5c7fc4fa-b252-4532-97bb-ad8482b0edbf:implement:1,74c33121-d488-4ac2-b42e-3956862edec3,5c7fc4fa-b252-4532-97bb-ad8482b0edbf,implement,1,spawn,2026-09-14T21:27:15.257Z
activation:rework:111a8396b5f93d18e2eb77f6e5ef57825f8934f6f60126af9a13bb9a516b578a,3e41382f-1047-428a-964f-15894a5f49d6,6f79c0d0-d1c3-4117-acd9-21cbef332048,implement,2,wake,2026-09-14T21:29:08.656Z
activation:ed5ab970-743a-4e46-b8aa-efd5bd69a917:6f79c0d0-d1c3-4117-acd9-21cbef332048:implement:2,ed5ab970-743a-4e46-b8aa-efd5bd69a917,6f79c0d0-d1c3-4117-acd9-21cbef332048,implement,2,replacement,2026-09-14T21:29:09.208Z
activation:d91176c8-6e54-4cea-9a13-6c25ab86c69c:12c21830-67fb-4eda-8cf7-d64516fc2060:implement:1,d91176c8-6e54-4cea-9a13-6c25ab86c69c,12c21830-67fb-4eda-8cf7-d64516fc2060,implement,1,spawn,2026-09-14T21:31:57.397Z
activation:66198ccd-d2f4-4b08-8b7b-bac995f6c633:c5b74da7-12d8-4ec9-9e1d-d70296971372:implement:1,66198ccd-d2f4-4b08-8b7b-bac995f6c633,c5b74da7-12d8-4ec9-9e1d-d70296971372,implement,1,spawn,2026-09-14T21:34:13.313Z
activation:c3efcace-0a5c-4d0e-b87a-84a9d8553fd8:2aac8f18-9ede-477d-8336-042be615c439:eng_design:1,c3efcace-0a5c-4d0e-b87a-84a9d8553fd8,2aac8f18-9ede-477d-8336-042be615c439,eng_design,1,spawn,2026-09-14T21:36:41.989Z
activation:b249e7ba-a5c3-4654-b610-557d4909e43c:98b8c935-f76c-45fb-a8b5-6e9439bcf332:implement:1,b249e7ba-a5c3-4654-b610-557d4909e43c,98b8c935-f76c-45fb-a8b5-6e9439bcf332,implement,1,spawn,2026-09-14T21:38:47.150Z
activation:5427d0f8-95e8-4884-9416-a6425cd260a0:d87ffd86-03a4-4975-bdd2-1b4c8e857dcc:implement:1,5427d0f8-95e8-4884-9416-a6425cd260a0,d87ffd86-03a4-4975-bdd2-1b4c8e857dcc,implement,1,spawn,2026-09-14T21:38:52.521Z
activation:1a2f5e36-837b-45c0-a5ae-0b0e543420cd:628d9aa1-2616-4351-90e8-b954dccf2a03:implement:1,1a2f5e36-837b-45c0-a5ae-0b0e543420cd,628d9aa1-2616-4351-90e8-b954dccf2a03,implement,1,spawn,2026-09-14T21:38:56.579Z
activation:ddbd5df0-8ffa-44ff-aac7-fb6cb6ac329c:c176229a-5fe3-4d4d-886b-e1e7527ec9e2:implement:2,ddbd5df0-8ffa-44ff-aac7-fb6cb6ac329c,c176229a-5fe3-4d4d-886b-e1e7527ec9e2,implement,2,replacement,2026-09-14T21:54:01.156Z
activation:b3bbecc6-b14e-4b80-a87f-f939849afcee:79572768-a7d7-48bf-a8f5-0932ace0732b:implement:1,b3bbecc6-b14e-4b80-a87f-f939849afcee,79572768-a7d7-48bf-a8f5-0932ace0732b,implement,1,spawn,2026-09-14T22:39:01.910Z
activation:11030fc1-1f69-4917-ac0e-568717f07b90:79572768-a7d7-48bf-a8f5-0932ace0732b:qa:1,11030fc1-1f69-4917-ac0e-568717f07b90,79572768-a7d7-48bf-a8f5-0932ace0732b,qa,1,spawn,2026-09-14T22:41:26.646Z
activation:aa2c96b1-e308-406a-aba4-60ceb616f019:f56dba39-8fdb-4c64-ae3f-4e8b48d1346a:implement:1,aa2c96b1-e308-406a-aba4-60ceb616f019,f56dba39-8fdb-4c64-ae3f-4e8b48d1346a,implement,1,spawn,2026-09-14T22:43:24.925Z
activation:9cb1f181-6216-4610-aea6-40f00750f8c5:3df20410-38d4-4305-a02e-6471e0bab6aa:implement:1,9cb1f181-6216-4610-aea6-40f00750f8c5,3df20410-38d4-4305-a02e-6471e0bab6aa,implement,1,spawn,2026-09-14T22:44:16.095Z
activation:14b82a02-8b93-49b6-baaa-cce73d8a21c6:4a8f20e6-fe6a-4735-b4b8-5ee1f90c1e4b:implement:1,14b82a02-8b93-49b6-baaa-cce73d8a21c6,4a8f20e6-fe6a-4735-b4b8-5ee1f90c1e4b,implement,1,spawn,2026-09-14T22:46:52.292Z
activation:5fb96d02-dcb9-47ef-bddb-42aa24778e09:62282d97-d6c2-4d1a-a471-db9f1e047e10:implement:1,5fb96d02-dcb9-47ef-bddb-42aa24778e09,62282d97-d6c2-4d1a-a471-db9f1e047e10,implement,1,spawn,2026-09-14T22:49:01.146Z
activation:40a55a85-3d6c-452f-8f1a-cb9c452feb38:3887813b-263b-46db-8bb6-6d2771a87e99:implement:1,40a55a85-3d6c-452f-8f1a-cb9c452feb38,3887813b-263b-46db-8bb6-6d2771a87e99,implement,1,spawn,2026-09-14T22:50:19.189Z
activation:d7945bab-3e73-440b-8226-8dcb34eef770:710f860e-d8e5-45e6-9232-c4b8c65da7fd:implement:1,d7945bab-3e73-440b-8226-8dcb34eef770,710f860e-d8e5-45e6-9232-c4b8c65da7fd,implement,1,spawn,2026-09-14T22:51:46.813Z
activation:4f6322e6-d736-4620-9e54-2d1b713f7e03:bc1af28d-3371-472b-8955-eaf948f0b9f4:implement:1,4f6322e6-d736-4620-9e54-2d1b713f7e03,bc1af28d-3371-472b-8955-eaf948f0b9f4,implement,1,spawn,2026-09-14T22:53:03.212Z
activation:1bd1c204-9034-4c16-80ef-3fb2c352d853:dbdb0656-79f8-4360-aa09-d304f40f88a6:implement:1,1bd1c204-9034-4c16-80ef-3fb2c352d853,dbdb0656-79f8-4360-aa09-d304f40f88a6,implement,1,spawn,2026-09-14T22:54:43.873Z
activation:0e907b0b-1c13-4ce9-80e2-aedb0511fab4:50014f14-6450-4dc0-998e-79b89359cddd:implement:1,0e907b0b-1c13-4ce9-80e2-aedb0511fab4,50014f14-6450-4dc0-998e-79b89359cddd,implement,1,spawn,2026-09-14T22:56:30.274Z
activation:ff25fa7d-3047-4fe1-b6e3-93cbbde2be06:2ee4747d-ff26-4c92-9dce-fa08a6c69dd9:implement:1,ff25fa7d-3047-4fe1-b6e3-93cbbde2be06,2ee4747d-ff26-4c92-9dce-fa08a6c69dd9,implement,1,spawn,2026-09-14T23:00:19.741Z
activation:e15da150-720b-4e99-abae-5fb694631c7d:8b78b4fc-24d1-4a67-a30c-84032fcd556e:implement:1,e15da150-720b-4e99-abae-5fb694631c7d,8b78b4fc-24d1-4a67-a30c-84032fcd556e,implement,1,spawn,2026-09-14T23:01:41.121Z
activation:e70dc4e6-a421-4c2f-bc5b-37c80856a39d:bc1af28d-3371-472b-8955-eaf948f0b9f4:implement:1,e70dc4e6-a421-4c2f-bc5b-37c80856a39d,bc1af28d-3371-472b-8955-eaf948f0b9f4,implement,1,spawn,2026-09-14T23:09:12.831Z
activation:90ffdd81-5308-4a34-aadb-8f7aea8e214d:3df20410-38d4-4305-a02e-6471e0bab6aa:qa:1,90ffdd81-5308-4a34-aadb-8f7aea8e214d,3df20410-38d4-4305-a02e-6471e0bab6aa,qa,1,spawn,2026-09-14T23:23:11.093Z
activation:9b57197a-a369-49c4-8c05-c8a616efa29a:50014f14-6450-4dc0-998e-79b89359cddd:implement:1,9b57197a-a369-49c4-8c05-c8a616efa29a,50014f14-6450-4dc0-998e-79b89359cddd,implement,1,spawn,2026-09-14T23:28:36.217Z
activation:cbf822ad-dae7-4e68-9fa1-f2d6ec522df9:b0b36ef0-816a-4b77-b8ef-10ce14469919:implement:1,cbf822ad-dae7-4e68-9fa1-f2d6ec522df9,b0b36ef0-816a-4b77-b8ef-10ce14469919,implement,1,spawn,2026-09-14T23:33:49.003Z
activation:f80b61ca-bf3d-455e-8b7b-e6dd4f2b9585:b0b36ef0-816a-4b77-b8ef-10ce14469919:implement:1,f80b61ca-bf3d-455e-8b7b-e6dd4f2b9585,b0b36ef0-816a-4b77-b8ef-10ce14469919,implement,1,spawn,2026-09-14T23:34:52.404Z
activation:e4dc4bd8-1479-4036-9c66-ba636cc7edab:4a8f20e6-fe6a-4735-b4b8-5ee1f90c1e4b:qa:1,e4dc4bd8-1479-4036-9c66-ba636cc7edab,4a8f20e6-fe6a-4735-b4b8-5ee1f90c1e4b,qa,1,spawn,2026-09-14T23:36:58.232Z
activation:2d543988-6387-477b-b0d9-655e2cbaaf76:bc1af28d-3371-472b-8955-eaf948f0b9f4:implement:1,2d543988-6387-477b-b0d9-655e2cbaaf76,bc1af28d-3371-472b-8955-eaf948f0b9f4,implement,1,spawn,2026-09-15T01:14:26.767Z
activation:4cde77ab-692a-4609-b8df-21a99e2609d0:f4796b69-48b6-4006-a132-b4aedb1e4895:eng_design:1,4cde77ab-692a-4609-b8df-21a99e2609d0,f4796b69-48b6-4006-a132-b4aedb1e4895,eng_design,1,spawn,2026-09-15T01:15:17.538Z
activation:9c482989-3044-4672-9110-1ccdd6b92c65:2ee4747d-ff26-4c92-9dce-fa08a6c69dd9:implement:1,9c482989-3044-4672-9110-1ccdd6b92c65,2ee4747d-ff26-4c92-9dce-fa08a6c69dd9,implement,1,spawn,2026-09-15T01:20:55.813Z
activation:7c2fdad7-b445-48be-9bb5-d3d6881f2fb3:5ea4805e-1e01-47d1-8be1-26641097104a:implement:1,7c2fdad7-b445-48be-9bb5-d3d6881f2fb3,5ea4805e-1e01-47d1-8be1-26641097104a,implement,1,spawn,2026-09-15T01:22:13.185Z
activation:34a07f73-7397-4263-95eb-efec7299ffe7:dbdb0656-79f8-4360-aa09-d304f40f88a6:implement:1,34a07f73-7397-4263-95eb-efec7299ffe7,dbdb0656-79f8-4360-aa09-d304f40f88a6,implement,1,spawn,2026-09-15T01:23:16.124Z
activation:a78ea35d-ce17-4a49-a265-ac3ba6be4863:600ed59b-92bf-4634-8756-3c8169530231:implement:1,a78ea35d-ce17-4a49-a265-ac3ba6be4863,600ed59b-92bf-4634-8756-3c8169530231,implement,1,spawn,2026-09-15T01:26:41.780Z
activation:b29f2cf7-440b-4826-a3ff-64a5f2968fb1:60a6b491-5770-4297-a95d-dfd1424b1e7b:eng_design:1,b29f2cf7-440b-4826-a3ff-64a5f2968fb1,60a6b491-5770-4297-a95d-dfd1424b1e7b,eng_design,1,spawn,2026-09-15T01:29:44.138Z
activation:490674ab-fca3-4199-9621-d7f7ad718b7f:b80f56a0-e90d-4059-a709-5db25acb6a81:implement:1,490674ab-fca3-4199-9621-d7f7ad718b7f,b80f56a0-e90d-4059-a709-5db25acb6a81,implement,1,spawn,2026-09-15T01:42:18.401Z
activation:97463d7c-0d3f-4208-8df6-e693a00cdbeb:62282d97-d6c2-4d1a-a471-db9f1e047e10:implement:1,97463d7c-0d3f-4208-8df6-e693a00cdbeb,62282d97-d6c2-4d1a-a471-db9f1e047e10,implement,1,spawn,2026-09-15T01:50:42.718Z
activation:618ac3be-4d44-4ab2-8bb0-4183d32533b0:3887813b-263b-46db-8bb6-6d2771a87e99:implement:1,618ac3be-4d44-4ab2-8bb0-4183d32533b0,3887813b-263b-46db-8bb6-6d2771a87e99,implement,1,spawn,2026-09-15T01:52:09.406Z
activation:677c2df1-56be-483c-9b27-9887a5ba37ff:f56dba39-8fdb-4c64-ae3f-4e8b48d1346a:implement:1,677c2df1-56be-483c-9b27-9887a5ba37ff,f56dba39-8fdb-4c64-ae3f-4e8b48d1346a,implement,1,spawn,2026-09-15T01:53:27.452Z
activation:b40aeee0-1bdb-4a5f-b3c9-82e9d2a536a1:2ee4747d-ff26-4c92-9dce-fa08a6c69dd9:qa:1,b40aeee0-1bdb-4a5f-b3c9-82e9d2a536a1,2ee4747d-ff26-4c92-9dce-fa08a6c69dd9,qa,1,spawn,2026-09-15T01:57:11.804Z
activation:c8f05c25-f596-414b-b765-fe746ef08d91:dbdb0656-79f8-4360-aa09-d304f40f88a6:qa:1,c8f05c25-f596-414b-b765-fe746ef08d91,dbdb0656-79f8-4360-aa09-d304f40f88a6,qa,1,spawn,2026-09-15T02:03:13.859Z
activation:1588d67f-d09e-4e1d-b37a-2307491117ed:f4796b69-48b6-4006-a132-b4aedb1e4895:implement:1,1588d67f-d09e-4e1d-b37a-2307491117ed,f4796b69-48b6-4006-a132-b4aedb1e4895,implement,1,spawn,2026-09-15T02:09:07.144Z
activation:a46726c7-e5f9-4f92-ba6c-ecfdad628632:62282d97-d6c2-4d1a-a471-db9f1e047e10:qa:1,a46726c7-e5f9-4f92-ba6c-ecfdad628632,62282d97-d6c2-4d1a-a471-db9f1e047e10,qa,1,spawn,2026-09-15T02:14:24.717Z
activation:rework:6ca3dab2d3ce7ebd5543c9bcfa3e44338977aa60a1516b11daca80378d61288c,9c482989-3044-4672-9110-1ccdd6b92c65,2ee4747d-ff26-4c92-9dce-fa08a6c69dd9,implement,2,wake,2026-09-15T02:15:51.272Z
activation:rework:0686d91f9ad5724a0d47bff9a82afafc8694f0ad9a995bbf8098444d7fc0c193,34a07f73-7397-4263-95eb-efec7299ffe7,dbdb0656-79f8-4360-aa09-d304f40f88a6,implement,2,wake,2026-09-15T02:22:19.549Z
activation:504a7e76-2613-4063-81e0-d30fddaa5b93:60a6b491-5770-4297-a95d-dfd1424b1e7b:implement:1,504a7e76-2613-4063-81e0-d30fddaa5b93,60a6b491-5770-4297-a95d-dfd1424b1e7b,implement,1,spawn,2026-09-15T02:23:08.410Z
activation:rework:596dfa02c68c7bbc6364116344459d2fca508c41017c28aeeaccc1c9af64f262,b40aeee0-1bdb-4a5f-b3c9-82e9d2a536a1,2ee4747d-ff26-4c92-9dce-fa08a6c69dd9,qa,2,wake,2026-09-15T02:51:15.068Z
activation:ea79a0eb-26f4-4eba-b7e4-3fb741a10994:3887813b-263b-46db-8bb6-6d2771a87e99:qa:1,ea79a0eb-26f4-4eba-b7e4-3fb741a10994,3887813b-263b-46db-8bb6-6d2771a87e99,qa,1,spawn,2026-09-15T02:54:47.598Z
activation:d490ae84-f848-408d-bfb4-fcad6b9ff64c:8b78b4fc-24d1-4a67-a30c-84032fcd556e:implement:1,d490ae84-f848-408d-bfb4-fcad6b9ff64c,8b78b4fc-24d1-4a67-a30c-84032fcd556e,implement,1,spawn,2026-09-15T02:55:08.891Z
activation:f1084188-795a-4668-a230-0132b09f38c4:bc1af28d-3371-472b-8955-eaf948f0b9f4:qa:1,f1084188-795a-4668-a230-0132b09f38c4,bc1af28d-3371-472b-8955-eaf948f0b9f4,qa,1,spawn,2026-09-15T02:56:17.716Z
activation:rework:65518c8e8b39a84247e75b3105b3efd2413ac0f999e28bf1ec8b56b23d1a0a2a,9c482989-3044-4672-9110-1ccdd6b92c65,2ee4747d-ff26-4c92-9dce-fa08a6c69dd9,implement,3,wake,2026-09-15T02:59:30.559Z
activation:55d674b5-d09c-485a-8989-6b2e8edaf153:8b78b4fc-24d1-4a67-a30c-84032fcd556e:qa:1,55d674b5-d09c-485a-8989-6b2e8edaf153,8b78b4fc-24d1-4a67-a30c-84032fcd556e,qa,1,spawn,2026-09-15T03:00:29.598Z
activation:9e1f70b8-8f48-403a-a878-1b6c5660b695:5ea4805e-1e01-47d1-8be1-26641097104a:qa:1,9e1f70b8-8f48-403a-a878-1b6c5660b695,5ea4805e-1e01-47d1-8be1-26641097104a,qa,1,spawn,2026-09-15T03:00:50.313Z
activation:rework:4a3841e6a5bf262ad00f9b6ed639f2955ee7716843273ed7a99f861e5020d6bd,c8f05c25-f596-414b-b765-fe746ef08d91,dbdb0656-79f8-4360-aa09-d304f40f88a6,qa,2,wake,2026-09-15T03:02:11.808Z
activation:a537fa79-b9cd-4d1c-ba21-660894c63d3a:b0b36ef0-816a-4b77-b8ef-10ce14469919:qa:1,a537fa79-b9cd-4d1c-ba21-660894c63d3a,b0b36ef0-816a-4b77-b8ef-10ce14469919,qa,1,spawn,2026-09-15T03:09:16.489Z
activation:24ac93cb-2fed-4727-a663-984ae50c707f:e6c036d4-1cf1-45bf-86e2-0488ac789cf7:implement:1,24ac93cb-2fed-4727-a663-984ae50c707f,e6c036d4-1cf1-45bf-86e2-0488ac789cf7,implement,1,spawn,2026-09-15T03:41:38.699Z
activation:rework:79646b18f610745a935aa0661b6e963a2494217a0fda089b2521c7be43f4d763,b40aeee0-1bdb-4a5f-b3c9-82e9d2a536a1,2ee4747d-ff26-4c92-9dce-fa08a6c69dd9,qa,3,wake,2026-09-15T03:46:06.329Z
activation:4ee72bfe-e4a4-44d7-aa19-bcf5c0acd249:f4796b69-48b6-4006-a132-b4aedb1e4895:implement:1,4ee72bfe-e4a4-44d7-aa19-bcf5c0acd249,f4796b69-48b6-4006-a132-b4aedb1e4895,implement,1,spawn,2026-09-15T03:48:45.124Z
activation:70453c73-c423-4119-b5d9-314ba7ffd536:f56dba39-8fdb-4c64-ae3f-4e8b48d1346a:implement:1,70453c73-c423-4119-b5d9-314ba7ffd536,f56dba39-8fdb-4c64-ae3f-4e8b48d1346a,implement,1,spawn,2026-09-15T03:51:17.224Z
activation:3865c1fa-d6ac-4617-8f35-072d937b851a:b80f56a0-e90d-4059-a709-5db25acb6a81:implement:1,3865c1fa-d6ac-4617-8f35-072d937b851a,b80f56a0-e90d-4059-a709-5db25acb6a81,implement,1,spawn,2026-09-15T03:54:14.615Z
activation:a3329052-7202-4316-beec-80cb0066fc5b:60a6b491-5770-4297-a95d-dfd1424b1e7b:implement:1,a3329052-7202-4316-beec-80cb0066fc5b,60a6b491-5770-4297-a95d-dfd1424b1e7b,implement,1,spawn,2026-09-15T03:55:54.270Z
activation:f5769e00-2210-4f37-aa8e-53a34da6fc67:e6c036d4-1cf1-45bf-86e2-0488ac789cf7:implement:1,f5769e00-2210-4f37-aa8e-53a34da6fc67,e6c036d4-1cf1-45bf-86e2-0488ac789cf7,implement,1,spawn,2026-09-15T03:57:07.519Z
activation:f3aa1e50-5441-4ce1-b424-a92b75e5aa12:b80f56a0-e90d-4059-a709-5db25acb6a81:implement:1,f3aa1e50-5441-4ce1-b424-a92b75e5aa12,b80f56a0-e90d-4059-a709-5db25acb6a81,implement,1,spawn,2026-09-15T03:58:31.846Z
activation:cb691c0d-eb6e-43f2-b343-106204466ade:60a6b491-5770-4297-a95d-dfd1424b1e7b:implement:1,cb691c0d-eb6e-43f2-b343-106204466ade,60a6b491-5770-4297-a95d-dfd1424b1e7b,implement,1,spawn,2026-09-15T03:59:48.211Z
activation:fccf7d28-df10-415b-b77a-bf1a528a6a05:e6c036d4-1cf1-45bf-86e2-0488ac789cf7:implement:1,fccf7d28-df10-415b-b77a-bf1a528a6a05,e6c036d4-1cf1-45bf-86e2-0488ac789cf7,implement,1,spawn,2026-09-15T04:01:14.588Z
activation:rework:9a86d0475bef7a85ec6bab44744252f058f23f2fcf32e4d8eae959230ff97376,9c482989-3044-4672-9110-1ccdd6b92c65,2ee4747d-ff26-4c92-9dce-fa08a6c69dd9,implement,4,wake,2026-09-15T04:05:49.859Z
activation:6bd95652-bb85-4197-9387-1102fea07b2a:2ee4747d-ff26-4c92-9dce-fa08a6c69dd9:implement:4,6bd95652-bb85-4197-9387-1102fea07b2a,2ee4747d-ff26-4c92-9dce-fa08a6c69dd9,implement,4,replacement,2026-09-15T04:08:50.451Z
activation:4ed9ec0d-3fc5-484a-a2aa-0dbd7f9d1f05:2ee4747d-ff26-4c92-9dce-fa08a6c69dd9:implement:4,4ed9ec0d-3fc5-484a-a2aa-0dbd7f9d1f05,2ee4747d-ff26-4c92-9dce-fa08a6c69dd9,implement,4,replacement,2026-09-15T04:12:48.694Z
activation:13366ff6-55db-441e-8777-ec7fd62bb1c5:b80f56a0-e90d-4059-a709-5db25acb6a81:implement:1,13366ff6-55db-441e-8777-ec7fd62bb1c5,b80f56a0-e90d-4059-a709-5db25acb6a81,implement,1,spawn,2026-09-15T04:14:05.398Z
activation:9b7b7504-b43b-4943-8b71-a310a301d6c6:60a6b491-5770-4297-a95d-dfd1424b1e7b:implement:1,9b7b7504-b43b-4943-8b71-a310a301d6c6,60a6b491-5770-4297-a95d-dfd1424b1e7b,implement,1,spawn,2026-09-15T04:15:36.290Z
activation:10238c22-89fd-456f-a122-4d7d3b172a37:e6c036d4-1cf1-45bf-86e2-0488ac789cf7:implement:1,10238c22-89fd-456f-a122-4d7d3b172a37,e6c036d4-1cf1-45bf-86e2-0488ac789cf7,implement,1,spawn,2026-09-15T04:16:53.140Z
activation:b0b00296-0ff1-4b4a-9bac-d479633d08b5:d33a452a-8820-489e-b69d-a19ff2686836:implement:1,b0b00296-0ff1-4b4a-9bac-d479633d08b5,d33a452a-8820-489e-b69d-a19ff2686836,implement,1,spawn,2026-09-15T04:23:50.689Z
activation:rework:3083a06873cb8f26f9a1df9cb0b7a25834808be622f3fabc4e60bcc737035bf5,34a07f73-7397-4263-95eb-efec7299ffe7,dbdb0656-79f8-4360-aa09-d304f40f88a6,implement,3,wake,2026-09-15T04:39:21.653Z
activation:d3378115-c3f9-4133-b041-51c7119b498a:dbdb0656-79f8-4360-aa09-d304f40f88a6:implement:3,d3378115-c3f9-4133-b041-51c7119b498a,dbdb0656-79f8-4360-aa09-d304f40f88a6,implement,3,replacement,2026-09-15T04:42:23.320Z
activation:c39505e0-286c-4763-93d5-afd8046fb7b9:710f860e-d8e5-45e6-9232-c4b8c65da7fd:qa:1,c39505e0-286c-4763-93d5-afd8046fb7b9,710f860e-d8e5-45e6-9232-c4b8c65da7fd,qa,1,spawn,2026-09-15T04:46:51.491Z
activation:4b1aca13-45ba-497a-a46d-c0747b62f56a:d33a452a-8820-489e-b69d-a19ff2686836:qa:1,4b1aca13-45ba-497a-a46d-c0747b62f56a,d33a452a-8820-489e-b69d-a19ff2686836,qa,1,spawn,2026-09-15T05:28:26.785Z
activation:rework:38a61d39d8d5e97af1bbf4a18c7bd16a8de60916fd4b47d74deb2e6e01c4b925,c8f05c25-f596-414b-b765-fe746ef08d91,dbdb0656-79f8-4360-aa09-d304f40f88a6,qa,3,wake,2026-09-15T05:29:53.130Z
activation:ecbac3ed-84ac-4a8f-8cde-592ebbaf1ae9:60a6b491-5770-4297-a95d-dfd1424b1e7b:qa:1,ecbac3ed-84ac-4a8f-8cde-592ebbaf1ae9,60a6b491-5770-4297-a95d-dfd1424b1e7b,qa,1,spawn,2026-09-15T05:37:16.157Z
activation:1425d714-b549-4284-b0fe-116c5ff3e4a6:0a068569-3d21-4a04-9796-6565d78c555f:implement:1,1425d714-b549-4284-b0fe-116c5ff3e4a6,0a068569-3d21-4a04-9796-6565d78c555f,implement,1,spawn,2026-09-15T06:12:10.448Z
activation:rework:95b2cd1a779c6778d6d0785c68dd2e91fb9c6a82a492fe7c851e1195fff09479,b40aeee0-1bdb-4a5f-b3c9-82e9d2a536a1,2ee4747d-ff26-4c92-9dce-fa08a6c69dd9,qa,4,wake,2026-09-15T06:16:25.953Z
activation:394213e2-0101-4c15-ab9f-cec71cb42cc7:02a683a4-9cd6-4314-b433-0d8c8c5c97ed:implement:1,394213e2-0101-4c15-ab9f-cec71cb42cc7,02a683a4-9cd6-4314-b433-0d8c8c5c97ed,implement,1,spawn,2026-09-15T06:21:49.330Z
activation:rework:ccc735b6e960087a00c5c69fcfeb43894f84a3ca722b85c87082e5a00466a88a,4ed9ec0d-3fc5-484a-a2aa-0dbd7f9d1f05,2ee4747d-ff26-4c92-9dce-fa08a6c69dd9,implement,5,wake,2026-09-15T06:44:30.846Z
activation:39a7eb39-9fae-4990-a788-c0311d3074f2:452fb1aa-4dd9-4cf8-8f40-e0f17f4ffdf6:implement:1,39a7eb39-9fae-4990-a788-c0311d3074f2,452fb1aa-4dd9-4cf8-8f40-e0f17f4ffdf6,implement,1,spawn,2026-09-15T06:50:05.904Z
activation:e6cae5c0-6c9a-448f-b5cc-eb3236dd7cae:e9611d9c-8dc3-4c5e-b826-443544e7d730:implement:1,e6cae5c0-6c9a-448f-b5cc-eb3236dd7cae,e9611d9c-8dc3-4c5e-b826-443544e7d730,implement,1,spawn,2026-09-15T06:51:46.861Z
activation:d929ec70-51a2-48fb-8fb3-731483ee4964:6180db8f-986f-491e-99d3-1447c0ff2653:implement:1,d929ec70-51a2-48fb-8fb3-731483ee4964,6180db8f-986f-491e-99d3-1447c0ff2653,implement,1,spawn,2026-09-15T06:53:59.329Z
activation:51fed434-5760-4549-beb9-8462cca35165:1588d54f-3266-42e3-97f1-7641e64a4fb4:implement:1,51fed434-5760-4549-beb9-8462cca35165,1588d54f-3266-42e3-97f1-7641e64a4fb4,implement,1,spawn,2026-09-15T06:55:11.149Z
activation:8ccefe69-9698-4ce6-902c-92bdbc0ade2a:1588d54f-3266-42e3-97f1-7641e64a4fb4:implement:1,8ccefe69-9698-4ce6-902c-92bdbc0ade2a,1588d54f-3266-42e3-97f1-7641e64a4fb4,implement,1,spawn,2026-09-15T07:14:21.654Z
activation:3657f99b-5dfb-47d8-b30e-85c61e8587c1:2ee4747d-ff26-4c92-9dce-fa08a6c69dd9:implement:5,3657f99b-5dfb-47d8-b30e-85c61e8587c1,2ee4747d-ff26-4c92-9dce-fa08a6c69dd9,implement,5,replacement,2026-09-15T07:22:08.074Z
activation:d2ab41f3-6e52-46b4-8dce-a1f8b99d1028:60a6b491-5770-4297-a95d-dfd1424b1e7b:implement:2,d2ab41f3-6e52-46b4-8dce-a1f8b99d1028,60a6b491-5770-4297-a95d-dfd1424b1e7b,implement,2,replacement,2026-09-15T07:27:30.621Z
activation:c7df5069-5a61-460d-a186-d9d6b6de4033:30621512-1c3e-486c-b0d6-cc73fc578bb9:implement:1,c7df5069-5a61-460d-a186-d9d6b6de4033,30621512-1c3e-486c-b0d6-cc73fc578bb9,implement,1,spawn,2026-09-15T07:30:49.716Z
activation:ef3f3d08-a1ac-4ea5-b065-6e10a6f30a4d:6180db8f-986f-491e-99d3-1447c0ff2653:implement:1,ef3f3d08-a1ac-4ea5-b065-6e10a6f30a4d,6180db8f-986f-491e-99d3-1447c0ff2653,implement,1,spawn,2026-09-15T07:55:10.766Z
activation:rework:d1635a310409b23e60568cd857c824119b428c27580d078e92e4389800b90ae0,b40aeee0-1bdb-4a5f-b3c9-82e9d2a536a1,2ee4747d-ff26-4c92-9dce-fa08a6c69dd9,qa,5,wake,2026-09-15T08:53:52.532Z
activation:73bf6a1c-b3c8-4e98-acd0-203af23538ce:1588d54f-3266-42e3-97f1-7641e64a4fb4:qa:1,73bf6a1c-b3c8-4e98-acd0-203af23538ce,1588d54f-3266-42e3-97f1-7641e64a4fb4,qa,1,spawn,2026-09-15T08:59:47.187Z
activation:399860e7-1a63-41c8-a2a3-a421ca765c85:30621512-1c3e-486c-b0d6-cc73fc578bb9:qa:1,399860e7-1a63-41c8-a2a3-a421ca765c85,30621512-1c3e-486c-b0d6-cc73fc578bb9,qa,1,spawn,2026-09-15T08:59:48.506Z
activation:c01e162d-8175-4de4-8aa6-9a4dedefd7dc:2a3aba49-82af-40d1-aa1f-d29680d125b8:eng_design:1,c01e162d-8175-4de4-8aa6-9a4dedefd7dc,2a3aba49-82af-40d1-aa1f-d29680d125b8,eng_design,1,spawn,2026-09-15T09:01:27.493Z
activation:7136d48e-1954-4c4d-9e7f-b5cd5ddd98fe:2a3aba49-82af-40d1-aa1f-d29680d125b8:eng_design:1,7136d48e-1954-4c4d-9e7f-b5cd5ddd98fe,2a3aba49-82af-40d1-aa1f-d29680d125b8,eng_design,1,spawn,2026-09-15T09:02:30.274Z
activation:rework:347d785e0cb43c8dec2f09eb6b70a2d1072ff0bb94098cd91454d60f035f7c51,8ccefe69-9698-4ce6-902c-92bdbc0ade2a,1588d54f-3266-42e3-97f1-7641e64a4fb4,implement,2,wake,2026-09-15T09:16:42.749Z
activation:rework:7ab0d6f3b5ffcc6ad59e523b2ad311cea823ad410af3c9df00f97efa4ad31228,ecbac3ed-84ac-4a8f-8cde-592ebbaf1ae9,60a6b491-5770-4297-a95d-dfd1424b1e7b,qa,2,wake,2026-09-15T09:18:57.677Z
activation:5dde386b-c560-4cd9-a0a6-8cf26ed28948:1588d54f-3266-42e3-97f1-7641e64a4fb4:implement:2,5dde386b-c560-4cd9-a0a6-8cf26ed28948,1588d54f-3266-42e3-97f1-7641e64a4fb4,implement,2,replacement,2026-09-15T09:28:48.451Z
activation:e7078945-0319-45d9-b448-fd1d449cb06d:6180db8f-986f-491e-99d3-1447c0ff2653:qa:1,e7078945-0319-45d9-b448-fd1d449cb06d,6180db8f-986f-491e-99d3-1447c0ff2653,qa,1,spawn,2026-09-15T09:30:33.820Z
activation:ed10e862-368e-4e06-aae5-ef86e6f6178d:1588d54f-3266-42e3-97f1-7641e64a4fb4:qa:2,ed10e862-368e-4e06-aae5-ef86e6f6178d,1588d54f-3266-42e3-97f1-7641e64a4fb4,qa,2,spawn,2026-09-15T09:31:36.155Z
activation:cbe26903-778f-45b8-b321-ee7fdd7cf06c:e9611d9c-8dc3-4c5e-b826-443544e7d730:implement:1,cbe26903-778f-45b8-b321-ee7fdd7cf06c,e9611d9c-8dc3-4c5e-b826-443544e7d730,implement,1,spawn,2026-09-15T10:00:21.445Z
activation:702333ea-3aac-481f-9791-09038dab5119:0a068569-3d21-4a04-9796-6565d78c555f:implement:1,702333ea-3aac-481f-9791-09038dab5119,0a068569-3d21-4a04-9796-6565d78c555f,implement,1,spawn,2026-09-15T10:40:10.317Z
activation:f1be2420-6ad8-4df6-a2a1-d0b089de8b67:0a068569-3d21-4a04-9796-6565d78c555f:qa:1,f1be2420-6ad8-4df6-a2a1-d0b089de8b67,0a068569-3d21-4a04-9796-6565d78c555f,qa,1,spawn,2026-09-15T11:04:09.780Z
activation:4a5e82c4-ce0d-4ea0-8788-a0891524165b:e9611d9c-8dc3-4c5e-b826-443544e7d730:qa:1,4a5e82c4-ce0d-4ea0-8788-a0891524165b,e9611d9c-8dc3-4c5e-b826-443544e7d730,qa,1,spawn,2026-09-15T11:17:13.099Z
activation:a98037b7-82aa-4512-abdf-0e7894602431:2a3aba49-82af-40d1-aa1f-d29680d125b8:eng_design:1,a98037b7-82aa-4512-abdf-0e7894602431,2a3aba49-82af-40d1-aa1f-d29680d125b8,eng_design,1,spawn,2026-09-15T14:51:38.299Z
activation:3212f965-e60f-4d80-b406-5d90eee1c761:2a3aba49-82af-40d1-aa1f-d29680d125b8:eng_design:1,3212f965-e60f-4d80-b406-5d90eee1c761,2a3aba49-82af-40d1-aa1f-d29680d125b8,eng_design,1,spawn,2026-09-15T15:06:38.710Z
activation:652ca661-9bd2-4c23-8381-8b7df17ad3c2:5f877965-fe75-4bf1-9456-995a106417e7:eng_design:1,652ca661-9bd2-4c23-8381-8b7df17ad3c2,5f877965-fe75-4bf1-9456-995a106417e7,eng_design,1,spawn,2026-09-15T15:22:28.166Z
activation:23cca886-9113-4d5b-870a-25be85a91c93:02a683a4-9cd6-4314-b433-0d8c8c5c97ed:qa:1,23cca886-9113-4d5b-870a-25be85a91c93,02a683a4-9cd6-4314-b433-0d8c8c5c97ed,qa,1,spawn,2026-09-15T15:27:32.818Z
activation:dd5960a4-7410-4214-be63-490af5b837d0:097bb435-78b0-4d42-b6e3-3143fe4b6684:implement:1,dd5960a4-7410-4214-be63-490af5b837d0,097bb435-78b0-4d42-b6e3-3143fe4b6684,implement,1,spawn,2026-09-15T15:28:17.793Z
activation:3436436b-2c43-445b-9f70-46fc0e060297:5f877965-fe75-4bf1-9456-995a106417e7:eng_design:1,3436436b-2c43-445b-9f70-46fc0e060297,5f877965-fe75-4bf1-9456-995a106417e7,eng_design,1,spawn,2026-09-15T15:33:18.884Z
activation:9467f713-775d-4861-bddf-797d78811efa:5f877965-fe75-4bf1-9456-995a106417e7:eng_design:1,9467f713-775d-4861-bddf-797d78811efa,5f877965-fe75-4bf1-9456-995a106417e7,eng_design,1,spawn,2026-09-15T15:53:17.401Z
activation:cec3f253-ec78-4f11-8391-690669b76ab5:30621512-1c3e-486c-b0d6-cc73fc578bb9:implement:2,cec3f253-ec78-4f11-8391-690669b76ab5,30621512-1c3e-486c-b0d6-cc73fc578bb9,implement,2,replacement,2026-09-15T16:22:52.093Z
activation:e0c055e7-2e2a-4189-969a-d37d3109aed6:2ee4747d-ff26-4c92-9dce-fa08a6c69dd9:implement:6,e0c055e7-2e2a-4189-969a-d37d3109aed6,2ee4747d-ff26-4c92-9dce-fa08a6c69dd9,implement,6,replacement,2026-09-15T16:24:32.103Z
activation:bc8d9c0b-e70b-4c6e-b1d3-749d2a35c604:e9611d9c-8dc3-4c5e-b826-443544e7d730:implement:2,bc8d9c0b-e70b-4c6e-b1d3-749d2a35c604,e9611d9c-8dc3-4c5e-b826-443544e7d730,implement,2,replacement,2026-09-15T16:29:38.966Z
activation:b84033d0-9025-421a-9888-7e00ae73617c:3df20410-38d4-4305-a02e-6471e0bab6aa:implement:2,b84033d0-9025-421a-9888-7e00ae73617c,3df20410-38d4-4305-a02e-6471e0bab6aa,implement,2,replacement,2026-09-15T16:31:57.313Z
activation:b1c0563e-580f-4458-ad50-ff565e8f0227:3887813b-263b-46db-8bb6-6d2771a87e99:implement:2,b1c0563e-580f-4458-ad50-ff565e8f0227,3887813b-263b-46db-8bb6-6d2771a87e99,implement,2,replacement,2026-09-15T16:33:04.616Z
activation:75c8f7dc-b318-415e-a6e5-6a6fa78bd169:e74e3168-d005-4288-b2c2-b9bb1e0638cd:implement:1,75c8f7dc-b318-415e-a6e5-6a6fa78bd169,e74e3168-d005-4288-b2c2-b9bb1e0638cd,implement,1,spawn,2026-09-15T16:33:52.408Z
activation:8f0094ab-833f-4bea-9588-3e9b35dd23f6:bc1af28d-3371-472b-8955-eaf948f0b9f4:implement:2,8f0094ab-833f-4bea-9588-3e9b35dd23f6,bc1af28d-3371-472b-8955-eaf948f0b9f4,implement,2,replacement,2026-09-15T16:34:35.963Z
activation:65fc7378-071e-4ad2-ba38-a100a5377f9e:95fe32ee-3965-42e8-9e20-6425a2499452:implement:1,65fc7378-071e-4ad2-ba38-a100a5377f9e,95fe32ee-3965-42e8-9e20-6425a2499452,implement,1,spawn,2026-09-15T16:40:36.067Z
activation:5a5dcbc9-e8cc-4f02-91a7-e188e70bdef4:c65a8d52-5f17-4a0d-81b6-37922bbceb2d:general:1,5a5dcbc9-e8cc-4f02-91a7-e188e70bdef4,c65a8d52-5f17-4a0d-81b6-37922bbceb2d,general,1,spawn,2026-09-15T16:54:30.096Z
activation:f335cac6-4eaf-49ea-b55c-d49f6f19a7eb:627d7544-1989-479f-839e-d68e0df33183:implement:1,f335cac6-4eaf-49ea-b55c-d49f6f19a7eb,627d7544-1989-479f-839e-d68e0df33183,implement,1,spawn,2026-09-15T16:58:11.214Z
activation:rework:b07cd9aefdec9d029c917c3b79db1339dbd44b5dd9aa3fe6401f6e694fba60a3,399860e7-1a63-41c8-a2a3-a421ca765c85,30621512-1c3e-486c-b0d6-cc73fc578bb9,qa,2,wake,2026-09-15T17:06:03.022Z
activation:416c3ad6-a5d4-4f92-9d6b-f6da1267d1eb:3df20410-38d4-4305-a02e-6471e0bab6aa:implement:2,416c3ad6-a5d4-4f92-9d6b-f6da1267d1eb,3df20410-38d4-4305-a02e-6471e0bab6aa,implement,2,replacement,2026-09-15T17:28:40.479Z
activation:468cb81a-45ec-4b4c-9750-54619e4c5a5f:e9611d9c-8dc3-4c5e-b826-443544e7d730:implement:2,468cb81a-45ec-4b4c-9750-54619e4c5a5f,e9611d9c-8dc3-4c5e-b826-443544e7d730,implement,2,replacement,2026-09-15T17:34:44.045Z
activation:5a9bd5d0-17ad-4940-8a67-03ff9b67e092:23f4da11-42bd-4482-8dec-d24fd7463300:implement:1,5a9bd5d0-17ad-4940-8a67-03ff9b67e092,23f4da11-42bd-4482-8dec-d24fd7463300,implement,1,spawn,2026-09-15T17:51:26.282Z
activation:rework:8f8973337b2552acde5200c8155a118aebe6392a239bef62dfc3d2603d85b20e,f1084188-795a-4668-a230-0132b09f38c4,bc1af28d-3371-472b-8955-eaf948f0b9f4,qa,2,wake,2026-09-15T17:55:15.917Z
activation:556ebb26-b073-4738-972e-49346f50031b:e9611d9c-8dc3-4c5e-b826-443544e7d730:implement:2,556ebb26-b073-4738-972e-49346f50031b,e9611d9c-8dc3-4c5e-b826-443544e7d730,implement,2,replacement,2026-09-15T18:11:33.572Z
activation:rework:9587d6724409af0be32bc6ce1969a215547c0ad9af35188348fefa07ea155518,4a5e82c4-ce0d-4ea0-8788-a0891524165b,e9611d9c-8dc3-4c5e-b826-443544e7d730,qa,2,wake,2026-09-15T19:05:04.387Z
activation:fc75c116-07f5-4138-9c4f-1bb379472d89:3887813b-263b-46db-8bb6-6d2771a87e99:implement:2,fc75c116-07f5-4138-9c4f-1bb379472d89,3887813b-263b-46db-8bb6-6d2771a87e99,implement,2,replacement,2026-09-15T19:06:17.903Z
activation:e1c312a9-450b-454c-8d08-38c43b5042a9:23f4da11-42bd-4482-8dec-d24fd7463300:qa:1,e1c312a9-450b-454c-8d08-38c43b5042a9,23f4da11-42bd-4482-8dec-d24fd7463300,qa,1,spawn,2026-09-15T19:07:34.319Z
activation:067fa75a-3b94-4de5-a70a-f157147e9b45:e55081f9-b2d8-4311-98e4-0911133b5cf1:implement:1,067fa75a-3b94-4de5-a70a-f157147e9b45,e55081f9-b2d8-4311-98e4-0911133b5cf1,implement,1,spawn,2026-09-15T19:07:59.113Z
activation:rework:e30b0ddca019877c010a92ae17de5501e0fd24ed7ef911f073effef0db146faa,b40aeee0-1bdb-4a5f-b3c9-82e9d2a536a1,2ee4747d-ff26-4c92-9dce-fa08a6c69dd9,qa,6,wake,2026-09-15T19:12:38.174Z
activation:rework:2cb5e2a7f6f21c68bf96465c25cc41629d0202d6689eeb31924f3edc13c83e70,ea79a0eb-26f4-4eba-b7e4-3fb741a10994,3887813b-263b-46db-8bb6-6d2771a87e99,qa,2,wake,2026-09-15T19:13:48.540Z
activation:dd06029c-72fb-4fc9-8835-bd7dc63aeaff:627d7544-1989-479f-839e-d68e0df33183:qa:1,dd06029c-72fb-4fc9-8835-bd7dc63aeaff,627d7544-1989-479f-839e-d68e0df33183,qa,1,spawn,2026-09-15T19:17:06.199Z
activation:rework:79682b1347115dd427bbaeb2e84191e0c0472836bea4f476c340801291ecced8,fc75c116-07f5-4138-9c4f-1bb379472d89,3887813b-263b-46db-8bb6-6d2771a87e99,implement,3,wake,2026-09-15T19:49:07.790Z
activation:rework:7485b625cd2bcf5e1c4dbd5bc702a70843d45a8674f216d4de3ddf177cfc938b,ea79a0eb-26f4-4eba-b7e4-3fb741a10994,3887813b-263b-46db-8bb6-6d2771a87e99,qa,3,wake,2026-09-15T20:09:03.249Z
activation:9717d3d2-2b4d-4010-af6f-09be6211079a:e55081f9-b2d8-4311-98e4-0911133b5cf1:qa:1,9717d3d2-2b4d-4010-af6f-09be6211079a,e55081f9-b2d8-4311-98e4-0911133b5cf1,qa,1,spawn,2026-09-15T20:28:40.519Z
activation:318d4b63-ade4-4dc5-86cc-0721d89b42a2:4b9af037-9d36-45ff-ad0b-b8d1a3cced34:eng_design:1,318d4b63-ade4-4dc5-86cc-0721d89b42a2,4b9af037-9d36-45ff-ad0b-b8d1a3cced34,eng_design,1,spawn,2026-09-15T22:41:37.629Z
activation:rework:8316a6cbf808c6dc4d965c9bbddfd960e572e4b1c03bcc8a6f0b2982b720d317,556ebb26-b073-4738-972e-49346f50031b,e9611d9c-8dc3-4c5e-b826-443544e7d730,implement,3,wake,2026-09-15T22:43:43.411Z
activation:ebcec2a7-d8c7-4bac-9235-7b249fa67426:e9611d9c-8dc3-4c5e-b826-443544e7d730:implement:3,ebcec2a7-d8c7-4bac-9235-7b249fa67426,e9611d9c-8dc3-4c5e-b826-443544e7d730,implement,3,replacement,2026-09-15T22:43:53.491Z
activation:1ad1f5f8-8ce8-4941-8279-875e86f96680:e9611d9c-8dc3-4c5e-b826-443544e7d730:implement:3,1ad1f5f8-8ce8-4941-8279-875e86f96680,e9611d9c-8dc3-4c5e-b826-443544e7d730,implement,3,replacement,2026-09-15T22:47:54.547Z
activation:f876035f-11b7-4f8d-9bdc-78583470a929:e9611d9c-8dc3-4c5e-b826-443544e7d730:implement:3,f876035f-11b7-4f8d-9bdc-78583470a929,e9611d9c-8dc3-4c5e-b826-443544e7d730,implement,3,replacement,2026-09-15T22:51:51.138Z
activation:01da7149-4a30-4df6-a0e5-da007ecbcd32:e9611d9c-8dc3-4c5e-b826-443544e7d730:implement:3,01da7149-4a30-4df6-a0e5-da007ecbcd32,e9611d9c-8dc3-4c5e-b826-443544e7d730,implement,3,replacement,2026-09-15T23:05:53.591Z
activation:9af3eba7-5085-499f-a5c0-6bf6d1f76632:4b9af037-9d36-45ff-ad0b-b8d1a3cced34:implement:1,9af3eba7-5085-499f-a5c0-6bf6d1f76632,4b9af037-9d36-45ff-ad0b-b8d1a3cced34,implement,1,spawn,2026-09-15T23:12:57.632Z
activation:d1d441e4-3da9-46c2-b38e-2d79dabd6068:4b9af037-9d36-45ff-ad0b-b8d1a3cced34:implement:1,d1d441e4-3da9-46c2-b38e-2d79dabd6068,4b9af037-9d36-45ff-ad0b-b8d1a3cced34,implement,1,spawn,2026-09-15T23:14:25.828Z
activation:c85050f4-c3c6-45fd-a0e5-3734684ecff8:4b9af037-9d36-45ff-ad0b-b8d1a3cced34:implement:1,c85050f4-c3c6-45fd-a0e5-3734684ecff8,4b9af037-9d36-45ff-ad0b-b8d1a3cced34,implement,1,spawn,2026-09-15T23:19:26.152Z
activation:f1f8d8cb-483c-477f-9b3d-07e2071de991:4b9af037-9d36-45ff-ad0b-b8d1a3cced34:implement:1,f1f8d8cb-483c-477f-9b3d-07e2071de991,4b9af037-9d36-45ff-ad0b-b8d1a3cced34,implement,1,spawn,2026-09-15T23:34:26.219Z
activation:a70a514f-5882-4bc0-aa0e-c4d5002f01df:2ee4747d-ff26-4c92-9dce-fa08a6c69dd9:implement:7,a70a514f-5882-4bc0-aa0e-c4d5002f01df,2ee4747d-ff26-4c92-9dce-fa08a6c69dd9,implement,7,replacement,2026-09-15T23:56:29.534Z
activation:93e1ef68-1afa-459a-a0d1-d52eb4ad7a2e:cffda7d2-1c69-4ea3-8b48-6177304295e6:eng_design:1,93e1ef68-1afa-459a-a0d1-d52eb4ad7a2e,cffda7d2-1c69-4ea3-8b48-6177304295e6,eng_design,1,spawn,2026-09-16T00:11:58.752Z
activation:538b06e0-f103-4b68-ad84-96f38d677bbe:4545e991-5f7f-478c-ab9f-013d40bb9e36:implement:1,538b06e0-f103-4b68-ad84-96f38d677bbe,4545e991-5f7f-478c-ab9f-013d40bb9e36,implement,1,spawn,2026-09-16T00:24:40.928Z
activation:bf21d6f3-e068-45d2-95aa-9c53153faf1a:0585ac28-c435-4720-a239-1c74b39bb8cc:implement:1,bf21d6f3-e068-45d2-95aa-9c53153faf1a,0585ac28-c435-4720-a239-1c74b39bb8cc,implement,1,spawn,2026-09-16T00:25:35.529Z
activation:6b816bed-feff-4b05-994a-3b959391840a:4545e991-5f7f-478c-ab9f-013d40bb9e36:qa:1,6b816bed-feff-4b05-994a-3b959391840a,4545e991-5f7f-478c-ab9f-013d40bb9e36,qa,1,spawn,2026-09-16T00:26:28.182Z
activation:e518e773-6bb0-47ab-b17c-500a44fe2775:54eb7a77-65fc-4251-bb9a-56885764a455:implement:1,e518e773-6bb0-47ab-b17c-500a44fe2775,54eb7a77-65fc-4251-bb9a-56885764a455,implement,1,spawn,2026-09-16T00:33:33.737Z
activation:95281478-5f33-4772-8fd0-c3f98ed718bf:15612058-44f0-4414-a02b-7c58c191c53e:implement:1,95281478-5f33-4772-8fd0-c3f98ed718bf,15612058-44f0-4414-a02b-7c58c191c53e,implement,1,spawn,2026-09-16T00:53:11.656Z
activation:dd57b466-0a26-4d51-b32f-726ae6e3d311:4a585d8b-0454-4f51-8a83-c0a1b81cc2a4:eng_design:1,dd57b466-0a26-4d51-b32f-726ae6e3d311,4a585d8b-0454-4f51-8a83-c0a1b81cc2a4,eng_design,1,spawn,2026-09-16T00:58:57.459Z
activation:rework:dae47d533bf3136caeaefd2df3077a1d40db5618ee27e07d4990d662db69ac80,538b06e0-f103-4b68-ad84-96f38d677bbe,4545e991-5f7f-478c-ab9f-013d40bb9e36,implement,2,wake,2026-09-16T01:04:13.747Z
activation:rework:e87853ee0c9e2bba88f655d369415de3108aab5943fc3f891f552597ffffe56a,b40aeee0-1bdb-4a5f-b3c9-82e9d2a536a1,2ee4747d-ff26-4c92-9dce-fa08a6c69dd9,qa,7,wake,2026-09-16T01:08:04.531Z
activation:fabd68a3-0b4c-4315-83b6-83a26d7a9046:cffda7d2-1c69-4ea3-8b48-6177304295e6:implement:1,fabd68a3-0b4c-4315-83b6-83a26d7a9046,cffda7d2-1c69-4ea3-8b48-6177304295e6,implement,1,spawn,2026-09-16T01:11:48.152Z
activation:e059729e-9960-4b78-80c1-70b28214852f:4a585d8b-0454-4f51-8a83-c0a1b81cc2a4:implement:1,e059729e-9960-4b78-80c1-70b28214852f,4a585d8b-0454-4f51-8a83-c0a1b81cc2a4,implement,1,spawn,2026-09-16T01:55:16.783Z
activation:rework:e4312e3b2e44fd1973a39ef6b5c45176518e6b53fdd0029cdc8cdb8e21146396,6b816bed-feff-4b05-994a-3b959391840a,4545e991-5f7f-478c-ab9f-013d40bb9e36,qa,2,wake,2026-09-16T02:13:07.039Z
activation:d68a606f-b7d1-496e-8183-bbe3c27f1e48:54eb7a77-65fc-4251-bb9a-56885764a455:qa:1,d68a606f-b7d1-496e-8183-bbe3c27f1e48,54eb7a77-65fc-4251-bb9a-56885764a455,qa,1,spawn,2026-09-16T02:18:18.250Z
activation:14d1a745-a11b-4428-a1ec-50dc4bcd93c7:4bb2ed50-72b9-42b0-b695-644d9f7d47b2:eng_design:1,14d1a745-a11b-4428-a1ec-50dc4bcd93c7,4bb2ed50-72b9-42b0-b695-644d9f7d47b2,eng_design,1,spawn,2026-09-16T02:37:55.062Z
activation:056f45db-f535-4eda-98e1-e4f7e39588c0:15612058-44f0-4414-a02b-7c58c191c53e:qa:1,056f45db-f535-4eda-98e1-e4f7e39588c0,15612058-44f0-4414-a02b-7c58c191c53e,qa,1,spawn,2026-09-16T02:38:16.452Z
activation:03e9aa3e-96be-41ed-a1bb-7c6f2cf8f3de:f2cd955c-bfc2-4ad5-a31a-4e9fcbb950e1:implement:1,03e9aa3e-96be-41ed-a1bb-7c6f2cf8f3de,f2cd955c-bfc2-4ad5-a31a-4e9fcbb950e1,implement,1,spawn,2026-09-16T02:39:31.923Z
activation:dc0d2010-e9b2-4d9d-ba35-66d22c00c912:2ee4747d-ff26-4c92-9dce-fa08a6c69dd9:implement:8,dc0d2010-e9b2-4d9d-ba35-66d22c00c912,2ee4747d-ff26-4c92-9dce-fa08a6c69dd9,implement,8,replacement,2026-09-16T03:01:17.747Z
activation:e1829cb5-a636-43d6-8e03-623eb54d4d57:0585ac28-c435-4720-a239-1c74b39bb8cc:implement:1,e1829cb5-a636-43d6-8e03-623eb54d4d57,0585ac28-c435-4720-a239-1c74b39bb8cc,implement,1,spawn,2026-09-16T03:03:35.216Z
activation:fa22d94c-042b-420f-99f3-5b9518b99e46:a4ae6bae-1ac5-4c5a-8693-b72ec90370dd:eng_design:1,fa22d94c-042b-420f-99f3-5b9518b99e46,a4ae6bae-1ac5-4c5a-8693-b72ec90370dd,eng_design,1,spawn,2026-09-16T03:13:10.105Z
activation:b9b78aa2-997a-470c-aa55-418235e05bf1:f2cd955c-bfc2-4ad5-a31a-4e9fcbb950e1:implement:1,b9b78aa2-997a-470c-aa55-418235e05bf1,f2cd955c-bfc2-4ad5-a31a-4e9fcbb950e1,implement,1,spawn,2026-09-16T03:21:49.647Z
activation:c4138e92-aadf-416c-a1b0-d5b384d06f57:eeab64a3-dfa9-4aad-b8e3-bd19e6d124eb:implement:1,c4138e92-aadf-416c-a1b0-d5b384d06f57,eeab64a3-dfa9-4aad-b8e3-bd19e6d124eb,implement,1,spawn,2026-09-16T03:29:15.382Z
activation:76ffba1b-7d17-4e95-a0cc-5dfd7a06dbd3:cc184e77-a1f0-44b2-994a-f3edfd5ca7ee:implement:1,76ffba1b-7d17-4e95-a0cc-5dfd7a06dbd3,cc184e77-a1f0-44b2-994a-f3edfd5ca7ee,implement,1,spawn,2026-09-16T03:34:54.841Z
activation:bd5809a1-0069-4e41-9571-914f80847be6:4837366b-72d1-4873-aacd-077fb5cf9ed7:implement:1,bd5809a1-0069-4e41-9571-914f80847be6,4837366b-72d1-4873-aacd-077fb5cf9ed7,implement,1,spawn,2026-09-16T03:38:39.069Z
activation:17829ab7-7067-4c1b-8c79-34b51757e96f:cffda7d2-1c69-4ea3-8b48-6177304295e6:implement:1,17829ab7-7067-4c1b-8c79-34b51757e96f,cffda7d2-1c69-4ea3-8b48-6177304295e6,implement,1,spawn,2026-09-16T03:41:17.545Z
activation:ba143787-b612-40e6-9b9c-86ce31c70062:ec1c51e1-dcc2-46c0-ae60-c29c40dd75ff:eng_design:1,ba143787-b612-40e6-9b9c-86ce31c70062,ec1c51e1-dcc2-46c0-ae60-c29c40dd75ff,eng_design,1,spawn,2026-09-16T03:44:23.031Z
activation:53863018-a864-4190-b45d-bac15c630a4e:733e67fa-036e-4017-a5a6-06e0ee377f84:eng_design:1,53863018-a864-4190-b45d-bac15c630a4e,733e67fa-036e-4017-a5a6-06e0ee377f84,eng_design,1,spawn,2026-09-16T03:45:45.445Z
activation:2f2f6441-598c-44ee-a057-33d77b0f5932:d0e72d2d-e8b3-469d-af0c-abc4b2036bce:implement:1,2f2f6441-598c-44ee-a057-33d77b0f5932,d0e72d2d-e8b3-469d-af0c-abc4b2036bce,implement,1,spawn,2026-09-16T03:57:34.702Z
activation:5c2f5ba2-c87b-427b-8551-bc43c6687df4:cd8ca652-00d7-4594-839a-e0f9f3bad594:eng_design:1,5c2f5ba2-c87b-427b-8551-bc43c6687df4,cd8ca652-00d7-4594-839a-e0f9f3bad594,eng_design,1,spawn,2026-09-16T03:59:06.742Z
activation:d54d7422-472a-4f48-882b-0ce4fb056027:a4ae6bae-1ac5-4c5a-8693-b72ec90370dd:implement:1,d54d7422-472a-4f48-882b-0ce4fb056027,a4ae6bae-1ac5-4c5a-8693-b72ec90370dd,implement,1,spawn,2026-09-16T04:26:27.925Z
activation:813e97ef-8bdd-452c-85a5-0454e7452a0d:cd8ca652-00d7-4594-839a-e0f9f3bad594:implement:1,813e97ef-8bdd-452c-85a5-0454e7452a0d,cd8ca652-00d7-4594-839a-e0f9f3bad594,implement,1,spawn,2026-09-16T05:00:14.965Z
activation:8575b98f-ea64-4ae1-b0e0-8f6fcc9a3c36:d0e72d2d-e8b3-469d-af0c-abc4b2036bce:qa:1,8575b98f-ea64-4ae1-b0e0-8f6fcc9a3c36,d0e72d2d-e8b3-469d-af0c-abc4b2036bce,qa,1,spawn,2026-09-16T05:01:26.732Z
activation:35b23197-342c-4f5f-b506-7cad0b175e93:fce48843-eb28-44a3-8256-0b5193e6c1e1:eng_design:1,35b23197-342c-4f5f-b506-7cad0b175e93,fce48843-eb28-44a3-8256-0b5193e6c1e1,eng_design,1,spawn,2026-09-16T05:43:52.781Z
activation:219d2ef5-d60b-4b76-b66e-a4a066463fdf:4a585d8b-0454-4f51-8a83-c0a1b81cc2a4:implement:1,219d2ef5-d60b-4b76-b66e-a4a066463fdf,4a585d8b-0454-4f51-8a83-c0a1b81cc2a4,implement,1,spawn,2026-09-16T05:57:03.074Z
activation:08539139-5a21-4f32-a59e-e0bc3a54e944:0585ac28-c435-4720-a239-1c74b39bb8cc:qa:1,08539139-5a21-4f32-a59e-e0bc3a54e944,0585ac28-c435-4720-a239-1c74b39bb8cc,qa,1,spawn,2026-09-16T05:58:49.665Z
activation:0b2356d0-2de7-4d63-ac87-3b648177f8cd:bb499265-5245-42e6-afd9-de79c0165fc2:implement:1,0b2356d0-2de7-4d63-ac87-3b648177f8cd,bb499265-5245-42e6-afd9-de79c0165fc2,implement,1,spawn,2026-09-16T06:06:24.880Z
activation:41b90fe5-6c8b-483a-b3d4-220e360577ba:443b2f98-0e6e-4fe0-8e55-6562a7253046:implement:1,41b90fe5-6c8b-483a-b3d4-220e360577ba,443b2f98-0e6e-4fe0-8e55-6562a7253046,implement,1,spawn,2026-09-16T06:10:39.529Z
activation:e34f8d15-815a-496b-b696-7e1ee23b3247:fce48843-eb28-44a3-8256-0b5193e6c1e1:implement:1,e34f8d15-815a-496b-b696-7e1ee23b3247,fce48843-eb28-44a3-8256-0b5193e6c1e1,implement,1,spawn,2026-09-16T06:25:53.030Z
activation:e2e6ac15-e29b-480c-b372-09a9f9851ef5:a4ae6bae-1ac5-4c5a-8693-b72ec90370dd:implement:1,e2e6ac15-e29b-480c-b372-09a9f9851ef5,a4ae6bae-1ac5-4c5a-8693-b72ec90370dd,implement,1,spawn,2026-09-16T07:09:05.475Z
activation:7a4c9ce4-59b8-47ca-8231-9cade3ad0790:0079c0da-2d36-4c12-8dc1-a14f4ef04517:implement:1,7a4c9ce4-59b8-47ca-8231-9cade3ad0790,0079c0da-2d36-4c12-8dc1-a14f4ef04517,implement,1,spawn,2026-09-16T07:15:33.355Z
activation:8bfd37f2-7fb3-442c-9e4b-ea777757a207:4837366b-72d1-4873-aacd-077fb5cf9ed7:implement:1,8bfd37f2-7fb3-442c-9e4b-ea777757a207,4837366b-72d1-4873-aacd-077fb5cf9ed7,implement,1,spawn,2026-09-16T07:59:16.944Z
activation:05cc03de-2398-4204-b765-c13fb9e47e75:d726a117-1b05-4090-8e84-041def77f860:implement:1,05cc03de-2398-4204-b765-c13fb9e47e75,d726a117-1b05-4090-8e84-041def77f860,implement,1,spawn,2026-09-16T08:04:48.722Z
activation:9ce407a3-d956-45c0-9abb-6d36b8fc56c2:685d117d-8eeb-489b-9f44-9abd313b3ab4:implement:1,9ce407a3-d956-45c0-9abb-6d36b8fc56c2,685d117d-8eeb-489b-9f44-9abd313b3ab4,implement,1,spawn,2026-09-16T08:07:27.138Z
activation:cbdae0bc-2819-4300-98ee-0197c0cbbd8e:0079c0da-2d36-4c12-8dc1-a14f4ef04517:qa:1,cbdae0bc-2819-4300-98ee-0197c0cbbd8e,0079c0da-2d36-4c12-8dc1-a14f4ef04517,qa,1,spawn,2026-09-16T08:07:28.768Z
activation:4969a1b7-7374-4d31-ab10-d2a6ae63376e:d726a117-1b05-4090-8e84-041def77f860:qa:1,4969a1b7-7374-4d31-ab10-d2a6ae63376e,d726a117-1b05-4090-8e84-041def77f860,qa,1,spawn,2026-09-16T08:10:09.431Z
activation:rework:20caad4d079eb85ea2eab855e18f76bf47c7c1c10e72cd92db00e545afe5cf6f,7a4c9ce4-59b8-47ca-8231-9cade3ad0790,0079c0da-2d36-4c12-8dc1-a14f4ef04517,implement,2,wake,2026-09-16T08:56:26.140Z
activation:af2ed011-5d6b-40b7-bdcf-1ecbeb3e3a65:685d117d-8eeb-489b-9f44-9abd313b3ab4:qa:1,af2ed011-5d6b-40b7-bdcf-1ecbeb3e3a65,685d117d-8eeb-489b-9f44-9abd313b3ab4,qa,1,spawn,2026-09-16T09:00:26.560Z
activation:rework:5450a5a1c2806a786fd74d61cdf0144f1e5a0848acb21a68dd222d9e8a7475df,cbdae0bc-2819-4300-98ee-0197c0cbbd8e,0079c0da-2d36-4c12-8dc1-a14f4ef04517,qa,2,wake,2026-09-16T09:30:05.715Z
activation:823730c9-5476-4677-b2f1-634bb0192302:443b2f98-0e6e-4fe0-8e55-6562a7253046:implement:1,823730c9-5476-4677-b2f1-634bb0192302,443b2f98-0e6e-4fe0-8e55-6562a7253046,implement,1,spawn,2026-09-16T10:14:38.074Z
activation:56cd8c01-fa9b-4265-aaa1-b62b1ed00c1c:443b2f98-0e6e-4fe0-8e55-6562a7253046:qa:1,56cd8c01-fa9b-4265-aaa1-b62b1ed00c1c,443b2f98-0e6e-4fe0-8e55-6562a7253046,qa,1,spawn,2026-09-16T10:58:05.954Z
activation:ae550b58-2a04-4fc1-9811-3c31d9889ca2:cd8ca652-00d7-4594-839a-e0f9f3bad594:implement:1,ae550b58-2a04-4fc1-9811-3c31d9889ca2,cd8ca652-00d7-4594-839a-e0f9f3bad594,implement,1,spawn,2026-09-16T11:05:01.343Z
activation:rework:6f1aec9d060e12a0900da658eaeb2bce60cda440a7b03112b613fede26ca5c3d,823730c9-5476-4677-b2f1-634bb0192302,443b2f98-0e6e-4fe0-8e55-6562a7253046,implement,2,wake,2026-09-16T11:18:54.251Z
activation:09a3fba0-4f77-4d2b-8330-32b2f11222a6:fce48843-eb28-44a3-8256-0b5193e6c1e1:implement:1,09a3fba0-4f77-4d2b-8330-32b2f11222a6,fce48843-eb28-44a3-8256-0b5193e6c1e1,implement,1,spawn,2026-09-16T11:24:07.631Z
activation:rework:dd37c616314c285857b60e5b6d484d82bd7c0c50077d553664e0f86494d5db2c,56cd8c01-fa9b-4265-aaa1-b62b1ed00c1c,443b2f98-0e6e-4fe0-8e55-6562a7253046,qa,2,wake,2026-09-16T11:48:03.637Z
activation:6962d5f9-c206-449e-bedd-4e0415405a94:cd8ca652-00d7-4594-839a-e0f9f3bad594:qa:1,6962d5f9-c206-449e-bedd-4e0415405a94,cd8ca652-00d7-4594-839a-e0f9f3bad594,qa,1,spawn,2026-09-16T12:10:03.359Z
activation:rework:a1b24f5138903ce5f92bab5dc5bd8248a30fa3aaccd2e5407d89d234e356b8c1,ae550b58-2a04-4fc1-9811-3c31d9889ca2,cd8ca652-00d7-4594-839a-e0f9f3bad594,implement,2,wake,2026-09-16T12:36:18.578Z
activation:39d9b1ba-b170-44cc-95c3-222dd6821c6e:fce48843-eb28-44a3-8256-0b5193e6c1e1:implement:1,39d9b1ba-b170-44cc-95c3-222dd6821c6e,fce48843-eb28-44a3-8256-0b5193e6c1e1,implement,1,spawn,2026-09-16T13:02:42.005Z
activation:414bf9c9-4789-4752-bbe2-ac0f8d19c7b2:fce48843-eb28-44a3-8256-0b5193e6c1e1:qa:1,414bf9c9-4789-4752-bbe2-ac0f8d19c7b2,fce48843-eb28-44a3-8256-0b5193e6c1e1,qa,1,spawn,2026-09-16T13:07:04.596Z
activation:872afadc-bee7-4cc8-8ebf-4f0fb48f709c:cd8ca652-00d7-4594-839a-e0f9f3bad594:implement:2,872afadc-bee7-4cc8-8ebf-4f0fb48f709c,cd8ca652-00d7-4594-839a-e0f9f3bad594,implement,2,replacement,2026-09-16T13:52:11.169Z
activation:rework:a11fb4f843222dc82dfaf0fa448771a3393d71d1e335c8524d896c2573381efc,6962d5f9-c206-449e-bedd-4e0415405a94,cd8ca652-00d7-4594-839a-e0f9f3bad594,qa,2,wake,2026-09-16T14:01:27.038Z
activation:23fa4549-7e22-400c-ad32-f32f34c60ffa:685d117d-8eeb-489b-9f44-9abd313b3ab4:implement:2,23fa4549-7e22-400c-ad32-f32f34c60ffa,685d117d-8eeb-489b-9f44-9abd313b3ab4,implement,2,replacement,2026-09-16T16:20:24.137Z
activation:3e134b5a-8c1f-4e29-9fce-f222a42db889:571bfa52-2826-45e1-a8d9-7b894d1987df:eng_design:1,3e134b5a-8c1f-4e29-9fce-f222a42db889,571bfa52-2826-45e1-a8d9-7b894d1987df,eng_design,1,spawn,2026-09-16T16:35:51.199Z
activation:60f9708f-a419-4e4b-b674-fadc817d84ae:09e6ad01-5d51-48d6-9a8c-3f3cd8427c6d:eng_design:1,60f9708f-a419-4e4b-b674-fadc817d84ae,09e6ad01-5d51-48d6-9a8c-3f3cd8427c6d,eng_design,1,spawn,2026-09-16T16:48:49.478Z
activation:19863e2b-bfec-45b6-96b5-d69459efbffe:571bfa52-2826-45e1-a8d9-7b894d1987df:implement:1,19863e2b-bfec-45b6-96b5-d69459efbffe,571bfa52-2826-45e1-a8d9-7b894d1987df,implement,1,spawn,2026-09-16T17:16:11.564Z
activation:4e337348-c7f6-459a-8446-4eacf75077b2:d3708e46-50ff-4d09-a705-c99d1b5452da:eng_design:1,4e337348-c7f6-459a-8446-4eacf75077b2,d3708e46-50ff-4d09-a705-c99d1b5452da,eng_design,1,spawn,2026-09-16T17:30:37.896Z
activation:8d6ce1b0-7336-4ef8-9b3f-f8160197b5fb:d3708e46-50ff-4d09-a705-c99d1b5452da:implement:1,8d6ce1b0-7336-4ef8-9b3f-f8160197b5fb,d3708e46-50ff-4d09-a705-c99d1b5452da,implement,1,spawn,2026-09-16T19:08:54.812Z
activation:5bdb9764-2f0c-4c39-a1a1-6abd95d5a5dd:cd8ca652-00d7-4594-839a-e0f9f3bad594:implement:3,5bdb9764-2f0c-4c39-a1a1-6abd95d5a5dd,cd8ca652-00d7-4594-839a-e0f9f3bad594,implement,3,replacement,2026-09-16T19:14:07.473Z
activation:f6ad8105-be75-44f3-8444-832f460d4646:443b2f98-0e6e-4fe0-8e55-6562a7253046:implement:3,f6ad8105-be75-44f3-8444-832f460d4646,443b2f98-0e6e-4fe0-8e55-6562a7253046,implement,3,replacement,2026-09-16T19:14:22.706Z
activation:rework:176038e636b3369b2355badcbbc5e7023767edf14b733d22755bf39f9c6ce74c,af2ed011-5d6b-40b7-bdcf-1ecbeb3e3a65,685d117d-8eeb-489b-9f44-9abd313b3ab4,qa,2,wake,2026-09-16T19:24:52.108Z
activation:6b4c1aba-74c5-4ad1-adca-8394204eed71:571bfa52-2826-45e1-a8d9-7b894d1987df:implement:1,6b4c1aba-74c5-4ad1-adca-8394204eed71,571bfa52-2826-45e1-a8d9-7b894d1987df,implement,1,spawn,2026-09-16T19:59:16.041Z
activation:3061f1f5-f36f-4c1c-8d2a-488e25485613:bd60cabb-aeb2-4be1-9900-68cf1b1f43e5:implement:1,3061f1f5-f36f-4c1c-8d2a-488e25485613,bd60cabb-aeb2-4be1-9900-68cf1b1f43e5,implement,1,spawn,2026-09-16T20:06:06.160Z
activation:670d35fe-9418-4c90-9aa5-08042d92fa3a:bfa96978-cd75-46fc-b016-9ab8039f239b:implement:1,670d35fe-9418-4c90-9aa5-08042d92fa3a,bfa96978-cd75-46fc-b016-9ab8039f239b,implement,1,spawn,2026-09-16T20:07:13.496Z
activation:7a75a595-3951-4b83-a009-b85e14cad2d1:097bb435-78b0-4d42-b6e3-3143fe4b6684:implement:1,7a75a595-3951-4b83-a009-b85e14cad2d1,097bb435-78b0-4d42-b6e3-3143fe4b6684,implement,1,spawn,2026-09-16T20:44:03.109Z
activation:3c8f5b67-1cb2-49a7-a764-e2e0ee2d038b:571bfa52-2826-45e1-a8d9-7b894d1987df:qa:1,3c8f5b67-1cb2-49a7-a764-e2e0ee2d038b,571bfa52-2826-45e1-a8d9-7b894d1987df,qa,1,spawn,2026-09-16T20:54:13.997Z
activation:6ff758bb-288a-4516-b297-664e111a9b63:bfa96978-cd75-46fc-b016-9ab8039f239b:implement:1,6ff758bb-288a-4516-b297-664e111a9b63,bfa96978-cd75-46fc-b016-9ab8039f239b,implement,1,spawn,2026-09-16T20:55:56.829Z
activation:8d656f51-ec84-4bd4-b591-701da40930f9:d3708e46-50ff-4d09-a705-c99d1b5452da:implement:1,8d656f51-ec84-4bd4-b591-701da40930f9,d3708e46-50ff-4d09-a705-c99d1b5452da,implement,1,spawn,2026-09-16T20:56:00.755Z
activation:fd4710db-0204-40d8-8855-2f9f4aa95744:bd60cabb-aeb2-4be1-9900-68cf1b1f43e5:implement:1,fd4710db-0204-40d8-8855-2f9f4aa95744,bd60cabb-aeb2-4be1-9900-68cf1b1f43e5,implement,1,spawn,2026-09-16T20:56:57.259Z
activation:ca1c8038-3a37-4e86-b132-839db0a4c157:443b2f98-0e6e-4fe0-8e55-6562a7253046:implement:3,ca1c8038-3a37-4e86-b132-839db0a4c157,443b2f98-0e6e-4fe0-8e55-6562a7253046,implement,3,replacement,2026-09-16T20:58:12.253Z
activation:153dfa8a-d17a-484d-9d48-cbe00822414d:cd8ca652-00d7-4594-839a-e0f9f3bad594:implement:3,153dfa8a-d17a-484d-9d48-cbe00822414d,cd8ca652-00d7-4594-839a-e0f9f3bad594,implement,3,replacement,2026-09-16T20:59:09.269Z
activation:966274b3-2c4a-4302-a6e6-578f2b24da82:097bb435-78b0-4d42-b6e3-3143fe4b6684:implement:1,966274b3-2c4a-4302-a6e6-578f2b24da82,097bb435-78b0-4d42-b6e3-3143fe4b6684,implement,1,spawn,2026-09-16T21:04:16.575Z
activation:0f7e51d4-a3ac-4bcd-aed9-3d93ea726470:d3708e46-50ff-4d09-a705-c99d1b5452da:implement:1,0f7e51d4-a3ac-4bcd-aed9-3d93ea726470,d3708e46-50ff-4d09-a705-c99d1b5452da,implement,1,spawn,2026-09-16T21:05:14.480Z
activation:71e56883-2b38-45a8-9f2d-4dd9b6b6f80b:bd60cabb-aeb2-4be1-9900-68cf1b1f43e5:implement:1,71e56883-2b38-45a8-9f2d-4dd9b6b6f80b,bd60cabb-aeb2-4be1-9900-68cf1b1f43e5,implement,1,spawn,2026-09-16T21:06:20.315Z
activation:66d07235-a624-400c-8bce-fa53cb26bf3b:54f5dd24-fe9d-49e7-a3dd-2119858e520c:implement:1,66d07235-a624-400c-8bce-fa53cb26bf3b,54f5dd24-fe9d-49e7-a3dd-2119858e520c,implement,1,spawn,2026-09-16T21:07:23.508Z
activation:rework:91ec0bacc1c63721d18105bf33c46f4c7d9e48ea4f322fa64fdca51b497d86c4,6962d5f9-c206-449e-bedd-4e0415405a94,cd8ca652-00d7-4594-839a-e0f9f3bad594,qa,3,wake,2026-09-16T21:07:30.389Z
activation:rework:4aca1832417c7bceabbab664b700d2dab6736260702b1ad4fa2609ce9fa79233,56cd8c01-fa9b-4265-aaa1-b62b1ed00c1c,443b2f98-0e6e-4fe0-8e55-6562a7253046,qa,3,wake,2026-09-16T21:09:02.889Z
activation:322ec984-e5d4-459d-99f2-25d70f3fbe29:bd60cabb-aeb2-4be1-9900-68cf1b1f43e5:qa:1,322ec984-e5d4-459d-99f2-25d70f3fbe29,bd60cabb-aeb2-4be1-9900-68cf1b1f43e5,qa,1,spawn,2026-09-16T21:09:32.173Z
activation:rework:d105e9cfc6afdce07c588462a81cb0e63b17257e29990490b67d2852d74ccd31,6b4c1aba-74c5-4ad1-adca-8394204eed71,571bfa52-2826-45e1-a8d9-7b894d1987df,implement,2,wake,2026-09-16T21:10:21.526Z
activation:89b3e092-8777-4ae5-a815-4a90970c1d02:571bfa52-2826-45e1-a8d9-7b894d1987df:implement:2,89b3e092-8777-4ae5-a815-4a90970c1d02,571bfa52-2826-45e1-a8d9-7b894d1987df,implement,2,replacement,2026-09-16T21:13:25.743Z
activation:b019c240-a6e5-4c1d-b7c5-cd7562f892d9:097bb435-78b0-4d42-b6e3-3143fe4b6684:qa:1,b019c240-a6e5-4c1d-b7c5-cd7562f892d9,097bb435-78b0-4d42-b6e3-3143fe4b6684,qa,1,spawn,2026-09-16T22:58:00.321Z
activation:rework:67c06f674e7b90da114e2b288cc084200b3cade3496fb09d33504afe8157e17c,153dfa8a-d17a-484d-9d48-cbe00822414d,cd8ca652-00d7-4594-839a-e0f9f3bad594,implement,4,wake,2026-09-16T23:00:12.549Z
activation:3bfdc6b2-5d9e-4bf1-9a37-05da309619ef:571bfa52-2826-45e1-a8d9-7b894d1987df:implement:2,3bfdc6b2-5d9e-4bf1-9a37-05da309619ef,571bfa52-2826-45e1-a8d9-7b894d1987df,implement,2,replacement,2026-09-16T23:21:39.035Z
activation:6f880aac-46c4-4d2d-858d-7d6301f9ef5a:cd8ca652-00d7-4594-839a-e0f9f3bad594:implement:4,6f880aac-46c4-4d2d-858d-7d6301f9ef5a,cd8ca652-00d7-4594-839a-e0f9f3bad594,implement,4,replacement,2026-09-16T23:26:42.202Z
activation:ec2739f2-2e67-48bd-a4f1-b94ba6b37d6f:d3708e46-50ff-4d09-a705-c99d1b5452da:qa:1,ec2739f2-2e67-48bd-a4f1-b94ba6b37d6f,d3708e46-50ff-4d09-a705-c99d1b5452da,qa,1,spawn,2026-09-16T23:46:58.578Z
activation:rework:a9836ce11fb232b42016566cabe661ec5ac6e7d1f99513e89b7ccb4d33640d4e,6962d5f9-c206-449e-bedd-4e0415405a94,cd8ca652-00d7-4594-839a-e0f9f3bad594,qa,4,wake,2026-09-17T00:09:33.674Z
activation:rework:8b972a8e0bd49749630a7d106f84f413926342172d4f1e440c6deef0e4fc9f2f,6f880aac-46c4-4d2d-858d-7d6301f9ef5a,cd8ca652-00d7-4594-839a-e0f9f3bad594,implement,5,wake,2026-09-17T00:16:08.421Z
activation:e84a9b57-fa8a-4077-91dc-e0885577de76:54f5dd24-fe9d-49e7-a3dd-2119858e520c:qa:1,e84a9b57-fa8a-4077-91dc-e0885577de76,54f5dd24-fe9d-49e7-a3dd-2119858e520c,qa,1,spawn,2026-09-17T00:48:43.600Z
activation:rework:ea1fb094396a1ecc37d799f2499296fa3bf5357c7d4c3a9045a96a197deef833,3c8f5b67-1cb2-49a7-a764-e2e0ee2d038b,571bfa52-2826-45e1-a8d9-7b894d1987df,qa,2,wake,2026-09-17T00:51:16.076Z
activation:ecd3c21f-2a83-4be3-928d-541dcf0d03de:cd8ca652-00d7-4594-839a-e0f9f3bad594:implement:5,ecd3c21f-2a83-4be3-928d-541dcf0d03de,cd8ca652-00d7-4594-839a-e0f9f3bad594,implement,5,replacement,2026-09-17T00:55:17.242Z
activation:rework:cf5bf73522c07963819b90cfe7c81af82c125a1b050d2cc6b080dbac91b1ed56,6962d5f9-c206-449e-bedd-4e0415405a94,cd8ca652-00d7-4594-839a-e0f9f3bad594,qa,5,wake,2026-09-17T00:57:08.816Z
activation:rework:ef2624e55ee464d7d42927f0001ac59c6836015b3a60564cc6286c9813025d51,0f7e51d4-a3ac-4bcd-aed9-3d93ea726470,d3708e46-50ff-4d09-a705-c99d1b5452da,implement,2,wake,2026-09-17T02:00:05.207Z
activation:0cd35ab1-062f-4f15-8d8f-51a684218e8b:cd8ca652-00d7-4594-839a-e0f9f3bad594:implement:6,0cd35ab1-062f-4f15-8d8f-51a684218e8b,cd8ca652-00d7-4594-839a-e0f9f3bad594,implement,6,replacement,2026-09-17T02:43:06.473Z
activation:aa84ac09-75fa-433a-8633-0f9c4fe10172:d3708e46-50ff-4d09-a705-c99d1b5452da:implement:2,aa84ac09-75fa-433a-8633-0f9c4fe10172,d3708e46-50ff-4d09-a705-c99d1b5452da,implement,2,replacement,2026-09-17T02:48:29.563Z
activation:rework:2c308858220bb80ee472606df4ebfbbb3a50dcbb6420e490ae1a7d194dc77b8c,ec2739f2-2e67-48bd-a4f1-b94ba6b37d6f,d3708e46-50ff-4d09-a705-c99d1b5452da,qa,2,wake,2026-09-17T02:51:40.286Z
activation:92f20bef-28e5-4dfa-bf2f-1ee64ead6e68:9cf7f7ca-37bd-4acd-9155-a0e9a9735e8e:implement:1,92f20bef-28e5-4dfa-bf2f-1ee64ead6e68,9cf7f7ca-37bd-4acd-9155-a0e9a9735e8e,implement,1,spawn,2026-09-17T03:23:48.882Z
activation:d0a62886-1831-4402-b5b3-49173d43525e:a03da996-f0dc-4506-beb7-d7254ba32b40:implement:1,d0a62886-1831-4402-b5b3-49173d43525e,a03da996-f0dc-4506-beb7-d7254ba32b40,implement,1,spawn,2026-09-17T04:00:48.670Z
activation:daa21150-7eb5-43b5-83bb-f646bef2b7b4:9cf7f7ca-37bd-4acd-9155-a0e9a9735e8e:qa:1,daa21150-7eb5-43b5-83bb-f646bef2b7b4,9cf7f7ca-37bd-4acd-9155-a0e9a9735e8e,qa,1,spawn,2026-09-17T05:12:08.888Z
activation:rework:40900bf6aaa9210fc478f640ead55cf6bb7501d9de78cf0bae41dd84053c9aee,6962d5f9-c206-449e-bedd-4e0415405a94,cd8ca652-00d7-4594-839a-e0f9f3bad594,qa,6,wake,2026-09-17T05:14:18.321Z
activation:bccfbee3-2b91-4ea8-9743-a204b0fe442e:a03da996-f0dc-4506-beb7-d7254ba32b40:qa:1,bccfbee3-2b91-4ea8-9743-a204b0fe442e,a03da996-f0dc-4506-beb7-d7254ba32b40,qa,1,spawn,2026-09-17T07:59:23.539Z
activation:rework:813f6393ab2cf55e937fcab950e62f69b1e0ee05102088f59bd27ad66ad449f2,d0a62886-1831-4402-b5b3-49173d43525e,a03da996-f0dc-4506-beb7-d7254ba32b40,implement,2,wake,2026-09-17T08:10:30.278Z
activation:75a72def-9c6a-4f20-a3cc-318f5d4eff9c:a03da996-f0dc-4506-beb7-d7254ba32b40:implement:2,75a72def-9c6a-4f20-a3cc-318f5d4eff9c,a03da996-f0dc-4506-beb7-d7254ba32b40,implement,2,replacement,2026-09-17T09:02:39.008Z
activation:rework:feabdaa2da4616d25727aa4f056157fd170bedce1323dde1d50ef34add8f8e5c,bccfbee3-2b91-4ea8-9743-a204b0fe442e,a03da996-f0dc-4506-beb7-d7254ba32b40,qa,2,wake,2026-09-17T10:11:37.898Z
activation:rework:404697083091e9fbc312e20027e73cd39c8e402bcc634d470df5a9269601c56e,75a72def-9c6a-4f20-a3cc-318f5d4eff9c,a03da996-f0dc-4506-beb7-d7254ba32b40,implement,3,wake,2026-09-17T11:39:36.287Z
activation:fd767919-239d-4f08-beb1-ec55e6e4aa20:a03da996-f0dc-4506-beb7-d7254ba32b40:implement:3,fd767919-239d-4f08-beb1-ec55e6e4aa20,a03da996-f0dc-4506-beb7-d7254ba32b40,implement,3,replacement,2026-09-17T12:36:55.431Z
activation:rework:e1acfd63ddfdf5953bd2c2b69a879ae713535ec01d3a34f5a0db98e0a68c8f8d,bccfbee3-2b91-4ea8-9743-a204b0fe442e,a03da996-f0dc-4506-beb7-d7254ba32b40,qa,3,wake,2026-09-17T12:42:07.280Z
activation:f2a635d7-700c-48bd-97aa-8cde8eeb55c0:d4be0283-628d-464c-9728-e9938e2d579b:general:1,f2a635d7-700c-48bd-97aa-8cde8eeb55c0,d4be0283-628d-464c-9728-e9938e2d579b,general,1,spawn,2026-09-17T18:58:31.222Z
activation:0238f1f5-004f-4bf8-a93d-2eef9a7dc892:6f9daeec-8ab2-40cd-b492-17b386f3e5ad:eng_design:1,0238f1f5-004f-4bf8-a93d-2eef9a7dc892,6f9daeec-8ab2-40cd-b492-17b386f3e5ad,eng_design,1,spawn,2026-09-17T19:07:44.022Z
activation:782d2801-9d09-462a-aee2-c2a4f400504f:a6ed8551-8c88-4822-8089-5caa396b64fd:implement:1,782d2801-9d09-462a-aee2-c2a4f400504f,a6ed8551-8c88-4822-8089-5caa396b64fd,implement,1,spawn,2026-09-17T19:09:14.192Z
activation:34627a91-90da-4f99-a1c5-79149cc00848:070bd942-cce0-46ca-88a3-5215886fb107:eng_design:1,34627a91-90da-4f99-a1c5-79149cc00848,070bd942-cce0-46ca-88a3-5215886fb107,eng_design,1,spawn,2026-09-17T19:10:44.314Z
activation:f8e4af62-14ac-44af-9067-b75f944a54d1:9645f6b0-5047-464c-8ecd-be7fcabd988f:eng_design:1,f8e4af62-14ac-44af-9067-b75f944a54d1,9645f6b0-5047-464c-8ecd-be7fcabd988f,eng_design,1,spawn,2026-09-17T19:11:54.880Z
activation:8c0960c0-9423-42d9-8e82-1f3873cc0d6f:3f9a62c4-7986-4429-a5e3-82f42aefe5a9:eng_design:1,8c0960c0-9423-42d9-8e82-1f3873cc0d6f,3f9a62c4-7986-4429-a5e3-82f42aefe5a9,eng_design,1,spawn,2026-09-17T19:11:59.956Z
activation:1b9496f4-ed99-48d7-a664-5e89af0b5183:986c9c22-a588-4cf4-a21e-fa3b90a3c2de:implement:1,1b9496f4-ed99-48d7-a664-5e89af0b5183,986c9c22-a588-4cf4-a21e-fa3b90a3c2de,implement,1,spawn,2026-09-17T19:12:04.710Z
activation:b0402019-5e1f-4fa4-aba0-08b349dcac55:9645f6b0-5047-464c-8ecd-be7fcabd988f:implement:1,b0402019-5e1f-4fa4-aba0-08b349dcac55,9645f6b0-5047-464c-8ecd-be7fcabd988f,implement,1,spawn,2026-09-17T19:36:19.758Z
activation:5dfe3ccb-3e4e-49c2-8dcf-36d31705bc98:8bc20a0d-345f-431a-b686-eeb058d4dd6e:eng_design:1,5dfe3ccb-3e4e-49c2-8dcf-36d31705bc98,8bc20a0d-345f-431a-b686-eeb058d4dd6e,eng_design,1,spawn,2026-09-17T19:44:57.893Z
activation:3de59666-126c-4bbf-8e04-b3714a01c0ef:b5cf7875-c661-449f-84cb-16dcde4e3997:eng_design:1,3de59666-126c-4bbf-8e04-b3714a01c0ef,b5cf7875-c661-449f-84cb-16dcde4e3997,eng_design,1,spawn,2026-09-17T19:45:08.355Z
activation:a3d9ec8a-9a15-4e16-ab12-d500f66d0292:b5cf7875-c661-449f-84cb-16dcde4e3997:eng_design:1,a3d9ec8a-9a15-4e16-ab12-d500f66d0292,b5cf7875-c661-449f-84cb-16dcde4e3997,eng_design,1,spawn,2026-09-17T19:46:09.044Z
activation:62a79193-8aba-4091-81ad-7d665ab7b78f:3f9a62c4-7986-4429-a5e3-82f42aefe5a9:implement:1,62a79193-8aba-4091-81ad-7d665ab7b78f,3f9a62c4-7986-4429-a5e3-82f42aefe5a9,implement,1,spawn,2026-09-17T19:47:38.208Z
activation:fd1238b7-42da-4d48-845a-a239201455c0:116cc58c-7324-4fc5-abfa-0a7b035cd557:implement:1,fd1238b7-42da-4d48-845a-a239201455c0,116cc58c-7324-4fc5-abfa-0a7b035cd557,implement,1,spawn,2026-09-17T19:57:52.291Z
activation:0d4a33b8-c99f-4f0f-b9cc-8d240a33458f:8ac2f0be-5754-4c55-a05d-2c389ba56b54:eng_design:1,0d4a33b8-c99f-4f0f-b9cc-8d240a33458f,8ac2f0be-5754-4c55-a05d-2c389ba56b54,eng_design,1,spawn,2026-09-17T19:58:02.683Z
activation:4db3d52d-0af0-4ea3-9a64-aa32fcb64b85:6f9daeec-8ab2-40cd-b492-17b386f3e5ad:implement:1,4db3d52d-0af0-4ea3-9a64-aa32fcb64b85,6f9daeec-8ab2-40cd-b492-17b386f3e5ad,implement,1,spawn,2026-09-17T20:04:03.722Z
activation:dc47ba20-d9f4-426e-9426-6feadc99c9a4:070bd942-cce0-46ca-88a3-5215886fb107:implement:1,dc47ba20-d9f4-426e-9426-6feadc99c9a4,070bd942-cce0-46ca-88a3-5215886fb107,implement,1,spawn,2026-09-17T20:09:30.831Z
activation:8f4da583-8cce-429b-9132-45002708d6d7:b5cf7875-c661-449f-84cb-16dcde4e3997:implement:1,8f4da583-8cce-429b-9132-45002708d6d7,b5cf7875-c661-449f-84cb-16dcde4e3997,implement,1,spawn,2026-09-17T20:18:48.816Z
activation:09514e4c-a0dd-4f3e-9650-5c648dfc04c8:8b3933da-4fa2-4a8d-bd9d-ec6392870310:general:1,09514e4c-a0dd-4f3e-9650-5c648dfc04c8,8b3933da-4fa2-4a8d-bd9d-ec6392870310,general,1,spawn,2026-09-17T20:30:39.821Z
activation:36564f5e-e336-40ca-a9e2-aec7fc95932a:8ac2f0be-5754-4c55-a05d-2c389ba56b54:implement:1,36564f5e-e336-40ca-a9e2-aec7fc95932a,8ac2f0be-5754-4c55-a05d-2c389ba56b54,implement,1,spawn,2026-09-17T20:48:03.117Z
activation:3467cd1d-3cb4-4901-b25c-ffd93486c42e:8bc20a0d-345f-431a-b686-eeb058d4dd6e:implement:1,3467cd1d-3cb4-4901-b25c-ffd93486c42e,8bc20a0d-345f-431a-b686-eeb058d4dd6e,implement,1,spawn,2026-09-17T20:48:15.132Z
activation:faa6b7d5-252f-49d3-a025-4f971fdb7dd0:fa725571-5d90-47ed-9ea2-f6d99ee23f82:eng_design:1,faa6b7d5-252f-49d3-a025-4f971fdb7dd0,fa725571-5d90-47ed-9ea2-f6d99ee23f82,eng_design,1,spawn,2026-09-17T20:50:01.035Z
activation:50c052e8-6420-4509-97a3-7be822fb2e2c:e078231d-afd4-42e6-990a-bc2b00fcdab8:general:1,50c052e8-6420-4509-97a3-7be822fb2e2c,e078231d-afd4-42e6-990a-bc2b00fcdab8,general,1,spawn,2026-09-17T20:54:24.769Z
activation:7f2ca393-f0c3-491d-99e2-bba77d6afbb4:986c9c22-a588-4cf4-a21e-fa3b90a3c2de:qa:1,7f2ca393-f0c3-491d-99e2-bba77d6afbb4,986c9c22-a588-4cf4-a21e-fa3b90a3c2de,qa,1,spawn,2026-09-17T21:08:55.896Z
activation:3fa84202-a438-42d0-a9f2-4af8e9ea0be6:676c00c1-59bb-4aa4-9464-421b4b0b02b5:eng_design:1,3fa84202-a438-42d0-a9f2-4af8e9ea0be6,676c00c1-59bb-4aa4-9464-421b4b0b02b5,eng_design,1,spawn,2026-09-17T21:27:47.060Z
activation:1e8df3e7-bd8b-4fa6-b81f-32639c853e66:676c00c1-59bb-4aa4-9464-421b4b0b02b5:implement:1,1e8df3e7-bd8b-4fa6-b81f-32639c853e66,676c00c1-59bb-4aa4-9464-421b4b0b02b5,implement,1,spawn,2026-09-17T21:53:57.635Z
activation:c62db952-d307-4042-83b2-f49fd7fb5621:8bc20a0d-345f-431a-b686-eeb058d4dd6e:implement:1,c62db952-d307-4042-83b2-f49fd7fb5621,8bc20a0d-345f-431a-b686-eeb058d4dd6e,implement,1,spawn,2026-09-17T22:00:37.424Z
activation:56f2831e-84ca-400d-b279-6349c5756623:676c00c1-59bb-4aa4-9464-421b4b0b02b5:implement:1,56f2831e-84ca-400d-b279-6349c5756623,676c00c1-59bb-4aa4-9464-421b4b0b02b5,implement,1,spawn,2026-09-17T22:05:58.871Z
activation:08a7ebf8-2ee0-4a2d-96a1-69269df3508a:fa725571-5d90-47ed-9ea2-f6d99ee23f82:implement:1,08a7ebf8-2ee0-4a2d-96a1-69269df3508a,fa725571-5d90-47ed-9ea2-f6d99ee23f82,implement,1,spawn,2026-09-17T22:15:04.977Z
activation:cbeb7bd9-171f-4f25-94fb-0f812edc7cac:9645f6b0-5047-464c-8ecd-be7fcabd988f:qa:1,cbeb7bd9-171f-4f25-94fb-0f812edc7cac,9645f6b0-5047-464c-8ecd-be7fcabd988f,qa,1,spawn,2026-09-17T22:21:21.802Z
activation:709c463b-3643-4f60-aa79-4a1ccf445514:9b4fe698-d3b3-43b7-820d-beb3ce3e948a:implement:1,709c463b-3643-4f60-aa79-4a1ccf445514,9b4fe698-d3b3-43b7-820d-beb3ce3e948a,implement,1,spawn,2026-09-17T22:24:50.844Z
activation:c78ebfb8-8a70-4697-b0ad-03615cf220c6:116cc58c-7324-4fc5-abfa-0a7b035cd557:qa:1,c78ebfb8-8a70-4697-b0ad-03615cf220c6,116cc58c-7324-4fc5-abfa-0a7b035cd557,qa,1,spawn,2026-09-17T22:25:19.636Z
activation:89611068-cd78-49c6-a2eb-2560ab098085:9b4fe698-d3b3-43b7-820d-beb3ce3e948a:implement:1,89611068-cd78-49c6-a2eb-2560ab098085,9b4fe698-d3b3-43b7-820d-beb3ce3e948a,implement,1,spawn,2026-09-17T22:25:52.687Z
activation:fe108a3c-6423-40c0-a69f-9aedc1691acf:986c9c22-a588-4cf4-a21e-fa3b90a3c2de:implement:2,fe108a3c-6423-40c0-a69f-9aedc1691acf,986c9c22-a588-4cf4-a21e-fa3b90a3c2de,implement,2,replacement,2026-09-17T22:29:00.502Z
activation:36aa918b-29eb-4d0c-9c51-5f36bc28938f:91d4dd0a-85f2-4366-9cbb-3bbf3ea403de:eng_design:1,36aa918b-29eb-4d0c-9c51-5f36bc28938f,91d4dd0a-85f2-4366-9cbb-3bbf3ea403de,eng_design,1,spawn,2026-09-17T23:08:32.545Z
activation:31d7e809-16a8-47ef-a62d-c65afdca7250:9ff0c45a-d397-4a0f-b1fb-050d21351446:eng_design:1,31d7e809-16a8-47ef-a62d-c65afdca7250,9ff0c45a-d397-4a0f-b1fb-050d21351446,eng_design,1,spawn,2026-09-17T23:28:10.180Z
activation:62c160f4-3a41-4b0b-8248-dd796a9d4d28:91d4dd0a-85f2-4366-9cbb-3bbf3ea403de:implement:1,62c160f4-3a41-4b0b-8248-dd796a9d4d28,91d4dd0a-85f2-4366-9cbb-3bbf3ea403de,implement,1,spawn,2026-09-17T23:49:06.382Z
activation:f5d5cbf5-ad56-4cd6-89ab-e68f1de6dd5d:3f9a62c4-7986-4429-a5e3-82f42aefe5a9:implement:1,f5d5cbf5-ad56-4cd6-89ab-e68f1de6dd5d,3f9a62c4-7986-4429-a5e3-82f42aefe5a9,implement,1,spawn,2026-09-18T00:02:07.906Z
activation:36d4718f-0bae-4f9f-aa69-f77c70cb7465:9ff0c45a-d397-4a0f-b1fb-050d21351446:implement:1,36d4718f-0bae-4f9f-aa69-f77c70cb7465,9ff0c45a-d397-4a0f-b1fb-050d21351446,implement,1,spawn,2026-09-18T00:04:46.414Z
activation:ef3015a7-5f1e-4134-ab13-3d3697177805:6f9daeec-8ab2-40cd-b492-17b386f3e5ad:qa:1,ef3015a7-5f1e-4134-ab13-3d3697177805,6f9daeec-8ab2-40cd-b492-17b386f3e5ad,qa,1,spawn,2026-09-18T00:24:21.571Z
activation:1c73dd31-03dc-4c7f-bce5-76b466f0c7eb:dabc18e4-e29d-493e-8bde-64c72cdb140c:implement:1,1c73dd31-03dc-4c7f-bce5-76b466f0c7eb,dabc18e4-e29d-493e-8bde-64c72cdb140c,implement,1,spawn,2026-09-18T00:35:15.439Z
activation:rework:fb5819aee0dea0949a6bbf6e420e7645574322ea63b47a1ff6d4060b60637a6a,4db3d52d-0af0-4ea3-9a64-aa32fcb64b85,6f9daeec-8ab2-40cd-b492-17b386f3e5ad,implement,2,wake,2026-09-18T00:37:43.286Z
activation:4b8e150d-ef55-493a-87c6-9afcbea56c8a:b4b09ab2-f811-4707-b06a-24236f127518:implement:1,4b8e150d-ef55-493a-87c6-9afcbea56c8a,b4b09ab2-f811-4707-b06a-24236f127518,implement,1,spawn,2026-09-18T00:40:31.052Z
activation:4935629b-b080-4a29-8c18-d185cd687dcb:dc0c18ed-b1a9-472b-a2e3-51a093be0f26:eng_design:1,4935629b-b080-4a29-8c18-d185cd687dcb,dc0c18ed-b1a9-472b-a2e3-51a093be0f26,eng_design,1,spawn,2026-09-18T00:41:46.512Z
activation:105f1938-10fb-4303-947f-1d8ad95f4fe4:005878fc-ae1b-487a-b872-ebf4ac0a9666:eng_design:1,105f1938-10fb-4303-947f-1d8ad95f4fe4,005878fc-ae1b-487a-b872-ebf4ac0a9666,eng_design,1,spawn,2026-09-18T00:42:17.886Z
activation:2bb3cddc-adc6-4e18-9e0d-ffffa2a68a14:666701c5-d6fb-41c0-b256-0f44ce3a94bb:eng_design:1,2bb3cddc-adc6-4e18-9e0d-ffffa2a68a14,666701c5-d6fb-41c0-b256-0f44ce3a94bb,eng_design,1,spawn,2026-09-18T00:44:48.200Z
activation:196865ef-5793-4c95-8212-eb3ee7bc2f60:7d76b428-4b84-422a-a7fa-62b73f4f2b93:eng_design:1,196865ef-5793-4c95-8212-eb3ee7bc2f60,7d76b428-4b84-422a-a7fa-62b73f4f2b93,eng_design,1,spawn,2026-09-18T00:53:01.809Z
activation:e5888c98-5073-4c27-8d47-b64d358dec82:9b4fe698-d3b3-43b7-820d-beb3ce3e948a:qa:1,e5888c98-5073-4c27-8d47-b64d358dec82,9b4fe698-d3b3-43b7-820d-beb3ce3e948a,qa,1,spawn,2026-09-18T01:02:55.706Z
activation:rework:cadd4be878c344a7478915240360064b8a315bfd456e37fa371898ac4b93a401,89611068-cd78-49c6-a2eb-2560ab098085,9b4fe698-d3b3-43b7-820d-beb3ce3e948a,implement,2,wake,2026-09-18T01:09:12.440Z
activation:rework:7d93765c7e5e391265611cd4ac74b4678daa0a927000191b5cc612a560ebe6da,ef3015a7-5f1e-4134-ab13-3d3697177805,6f9daeec-8ab2-40cd-b492-17b386f3e5ad,qa,2,wake,2026-09-18T01:12:17.620Z
activation:rework:9d1101bc5d2323fd535b96071889b6c85ec14be1f7781cbd024af26fc448f966,4db3d52d-0af0-4ea3-9a64-aa32fcb64b85,6f9daeec-8ab2-40cd-b492-17b386f3e5ad,implement,3,wake,2026-09-18T01:18:23.506Z
activation:690c9038-0366-452b-9974-e200d65cc372:005878fc-ae1b-487a-b872-ebf4ac0a9666:implement:1,690c9038-0366-452b-9974-e200d65cc372,005878fc-ae1b-487a-b872-ebf4ac0a9666,implement,1,spawn,2026-09-18T01:21:34.476Z
activation:0859acee-26e4-4814-ae59-9e6d08045648:7d76b428-4b84-422a-a7fa-62b73f4f2b93:implement:1,0859acee-26e4-4814-ae59-9e6d08045648,7d76b428-4b84-422a-a7fa-62b73f4f2b93,implement,1,spawn,2026-09-18T01:27:37.426Z
activation:ac97f760-0d07-4351-b721-90cb347ea9e4:fa725571-5d90-47ed-9ea2-f6d99ee23f82:qa:1,ac97f760-0d07-4351-b721-90cb347ea9e4,fa725571-5d90-47ed-9ea2-f6d99ee23f82,qa,1,spawn,2026-09-18T01:32:46.944Z
activation:a119279a-1a0e-48ea-b792-d85b8ad1d1eb:070bd942-cce0-46ca-88a3-5215886fb107:qa:1,a119279a-1a0e-48ea-b792-d85b8ad1d1eb,070bd942-cce0-46ca-88a3-5215886fb107,qa,1,spawn,2026-09-18T01:33:13.440Z
activation:95960969-f1e6-42b0-ab65-43ef9cf38c7d:dc0c18ed-b1a9-472b-a2e3-51a093be0f26:implement:1,95960969-f1e6-42b0-ab65-43ef9cf38c7d,dc0c18ed-b1a9-472b-a2e3-51a093be0f26,implement,1,spawn,2026-09-18T01:34:11.098Z
activation:46e69c06-0026-423d-b6b9-e241b2e6fb72:b5cf7875-c661-449f-84cb-16dcde4e3997:qa:1,46e69c06-0026-423d-b6b9-e241b2e6fb72,b5cf7875-c661-449f-84cb-16dcde4e3997,qa,1,spawn,2026-09-18T01:35:36.036Z
activation:rework:05feaf2fa9e522e4d26e03b348696268a92a417f0e5cf0a676d2e67e8e92b295,ef3015a7-5f1e-4134-ab13-3d3697177805,6f9daeec-8ab2-40cd-b492-17b386f3e5ad,qa,3,wake,2026-09-18T01:45:26.941Z
activation:rework:93499582caaeed7e05cede80492516d008bb5afebda3087e5fdb80933c38fcae,8f4da583-8cce-429b-9132-45002708d6d7,b5cf7875-c661-449f-84cb-16dcde4e3997,implement,2,wake,2026-09-18T01:47:14.414Z
activation:rework:0151fd6b3d7291045c6b51f68077a9a0b76c4ea4bc3c9f4788c658689c23a01e,dc47ba20-d9f4-426e-9426-6feadc99c9a4,070bd942-cce0-46ca-88a3-5215886fb107,implement,2,wake,2026-09-18T01:54:55.036Z
activation:rework:6319eece90e379d5202125b85317e5e29b69c5b573263941eb2fdcd86b5f92b4,4db3d52d-0af0-4ea3-9a64-aa32fcb64b85,6f9daeec-8ab2-40cd-b492-17b386f3e5ad,implement,4,wake,2026-09-18T02:03:15.631Z
activation:33b0dfec-fc84-4a02-9cb0-8475d3b85e01:8bc20a0d-345f-431a-b686-eeb058d4dd6e:qa:1,33b0dfec-fc84-4a02-9cb0-8475d3b85e01,8bc20a0d-345f-431a-b686-eeb058d4dd6e,qa,1,spawn,2026-09-18T02:07:10.857Z
activation:eef8a73c-c361-4538-b743-5bfde30e4d90:666701c5-d6fb-41c0-b256-0f44ce3a94bb:implement:1,eef8a73c-c361-4538-b743-5bfde30e4d90,666701c5-d6fb-41c0-b256-0f44ce3a94bb,implement,1,spawn,2026-09-18T02:07:32.256Z
activation:f2a1f1fe-ed33-4d2f-9b86-2d3fec6941e2:9b4fe698-d3b3-43b7-820d-beb3ce3e948a:implement:2,f2a1f1fe-ed33-4d2f-9b86-2d3fec6941e2,9b4fe698-d3b3-43b7-820d-beb3ce3e948a,implement,2,replacement,2026-09-18T02:11:03.668Z
activation:rework:7ceb80718e38317a600a214d3579a5c1e99e6c79e5b87c849b343c4a45c8c66f,e5888c98-5073-4c27-8d47-b64d358dec82,9b4fe698-d3b3-43b7-820d-beb3ce3e948a,qa,2,wake,2026-09-18T02:16:17.536Z
activation:rework:807c2f36dfaa2bfb7c6304fe2438081400d2ef477b491d8114407a97ce29fd89,08a7ebf8-2ee0-4a2d-96a1-69269df3508a,fa725571-5d90-47ed-9ea2-f6d99ee23f82,implement,2,wake,2026-09-18T02:16:19.793Z
activation:rework:bdab68ce262c8a608e63057ebd36555ceeb2dfee9b9958b3de2b2ad4f754e589,c62db952-d307-4042-83b2-f49fd7fb5621,8bc20a0d-345f-431a-b686-eeb058d4dd6e,implement,2,wake,2026-09-18T02:18:29.021Z
activation:rework:3a107b19d7bacfa962f192078907e1798ff2c18e95e73571e07421a74de7c1a3,7f2ca393-f0c3-491d-99e2-bba77d6afbb4,986c9c22-a588-4cf4-a21e-fa3b90a3c2de,qa,2,wake,2026-09-18T02:36:13.701Z
activation:fa274517-9f07-42a8-9a27-61b57c8ee4e0:070bd942-cce0-46ca-88a3-5215886fb107:implement:2,fa274517-9f07-42a8-9a27-61b57c8ee4e0,070bd942-cce0-46ca-88a3-5215886fb107,implement,2,replacement,2026-09-18T02:38:16.008Z
activation:e9ffa784-0619-42b9-a566-dc210f8983bc:3f9a62c4-7986-4429-a5e3-82f42aefe5a9:implement:1,e9ffa784-0619-42b9-a566-dc210f8983bc,3f9a62c4-7986-4429-a5e3-82f42aefe5a9,implement,1,spawn,2026-09-18T02:39:24.931Z
activation:b735f148-f10d-45fb-87fa-91bfddf2359f:a6ed8551-8c88-4822-8089-5caa396b64fd:implement:1,b735f148-f10d-45fb-87fa-91bfddf2359f,a6ed8551-8c88-4822-8089-5caa396b64fd,implement,1,spawn,2026-09-18T02:40:19.773Z
activation:2d58c10a-30a6-4a7c-8753-e47ec2f23197:dabc18e4-e29d-493e-8bde-64c72cdb140c:implement:1,2d58c10a-30a6-4a7c-8753-e47ec2f23197,dabc18e4-e29d-493e-8bde-64c72cdb140c,implement,1,spawn,2026-09-18T02:41:13.919Z
activation:9de3909a-24b2-4d54-a5e3-14036c72ca12:b4b09ab2-f811-4707-b06a-24236f127518:implement:1,9de3909a-24b2-4d54-a5e3-14036c72ca12,b4b09ab2-f811-4707-b06a-24236f127518,implement,1,spawn,2026-09-18T02:41:16.989Z
activation:fac504fa-148f-4b6c-80bf-e7b5a042e6a5:dc0c18ed-b1a9-472b-a2e3-51a093be0f26:implement:1,fac504fa-148f-4b6c-80bf-e7b5a042e6a5,dc0c18ed-b1a9-472b-a2e3-51a093be0f26,implement,1,spawn,2026-09-18T02:42:10.349Z
activation:830c09f6-fc62-4e7d-aafc-0c6d7e48adfd:005878fc-ae1b-487a-b872-ebf4ac0a9666:implement:1,830c09f6-fc62-4e7d-aafc-0c6d7e48adfd,005878fc-ae1b-487a-b872-ebf4ac0a9666,implement,1,spawn,2026-09-18T02:43:05.982Z
activation:46afdd2e-8021-478c-8e15-f874066155af:666701c5-d6fb-41c0-b256-0f44ce3a94bb:implement:1,46afdd2e-8021-478c-8e15-f874066155af,666701c5-d6fb-41c0-b256-0f44ce3a94bb,implement,1,spawn,2026-09-18T02:44:00.224Z
activation:18a74711-5b8a-4368-b03c-390e7c4ad30b:7d76b428-4b84-422a-a7fa-62b73f4f2b93:implement:1,18a74711-5b8a-4368-b03c-390e7c4ad30b,7d76b428-4b84-422a-a7fa-62b73f4f2b93,implement,1,spawn,2026-09-18T02:44:04.681Z
activation:ff8e7fb9-79e1-4b89-814e-6f0cf52c57cc:a6ed8551-8c88-4822-8089-5caa396b64fd:implement:1,ff8e7fb9-79e1-4b89-814e-6f0cf52c57cc,a6ed8551-8c88-4822-8089-5caa396b64fd,implement,1,spawn,2026-09-18T02:45:00.840Z
activation:b9617d6d-41d0-4a0e-bc79-264c28ed81e3:070bd942-cce0-46ca-88a3-5215886fb107:implement:2,b9617d6d-41d0-4a0e-bc79-264c28ed81e3,070bd942-cce0-46ca-88a3-5215886fb107,implement,2,replacement,2026-09-18T02:45:54.765Z
activation:ecacec3f-12aa-45c1-acb5-757a0fbc0967:8ac2f0be-5754-4c55-a05d-2c389ba56b54:implement:1,ecacec3f-12aa-45c1-acb5-757a0fbc0967,8ac2f0be-5754-4c55-a05d-2c389ba56b54,implement,1,spawn,2026-09-18T02:46:48.597Z
activation:63ad329b-75a1-4d81-b30b-6263c48f2df2:b4b09ab2-f811-4707-b06a-24236f127518:implement:1,63ad329b-75a1-4d81-b30b-6263c48f2df2,b4b09ab2-f811-4707-b06a-24236f127518,implement,1,spawn,2026-09-18T02:47:42.437Z
activation:7de51d8b-8be9-4abb-979c-7f3222e22cfd:dc0c18ed-b1a9-472b-a2e3-51a093be0f26:implement:1,7de51d8b-8be9-4abb-979c-7f3222e22cfd,dc0c18ed-b1a9-472b-a2e3-51a093be0f26,implement,1,spawn,2026-09-18T02:48:35.700Z
activation:0675c666-df02-4bbe-86e0-685d29687e2e:005878fc-ae1b-487a-b872-ebf4ac0a9666:implement:1,0675c666-df02-4bbe-86e0-685d29687e2e,005878fc-ae1b-487a-b872-ebf4ac0a9666,implement,1,spawn,2026-09-18T02:49:29.610Z
activation:6a7f58f9-138f-47e8-b9ae-8540137ccca4:b5cf7875-c661-449f-84cb-16dcde4e3997:implement:2,6a7f58f9-138f-47e8-b9ae-8540137ccca4,b5cf7875-c661-449f-84cb-16dcde4e3997,implement,2,replacement,2026-09-18T02:50:23.575Z
activation:f57fd153-a062-45e8-b86b-207d699be2ff:6f9daeec-8ab2-40cd-b492-17b386f3e5ad:implement:4,f57fd153-a062-45e8-b86b-207d699be2ff,6f9daeec-8ab2-40cd-b492-17b386f3e5ad,implement,4,replacement,2026-09-18T02:51:18.297Z
activation:33d42052-aa31-442b-b82b-eb05837350f9:fa725571-5d90-47ed-9ea2-f6d99ee23f82:implement:2,33d42052-aa31-442b-b82b-eb05837350f9,fa725571-5d90-47ed-9ea2-f6d99ee23f82,implement,2,replacement,2026-09-18T02:52:12.689Z
activation:f07dea27-9fc5-437c-91fb-7869b6989e32:8bc20a0d-345f-431a-b686-eeb058d4dd6e:implement:2,f07dea27-9fc5-437c-91fb-7869b6989e32,8bc20a0d-345f-431a-b686-eeb058d4dd6e,implement,2,replacement,2026-09-18T02:53:08.274Z
activation:12451b00-c1c3-4836-bbe9-1fec89759af5:070bd942-cce0-46ca-88a3-5215886fb107:implement:2,12451b00-c1c3-4836-bbe9-1fec89759af5,070bd942-cce0-46ca-88a3-5215886fb107,implement,2,replacement,2026-09-18T02:54:02.513Z
activation:152a44e6-1c1d-4e9c-b478-8cf5026d216e:8ac2f0be-5754-4c55-a05d-2c389ba56b54:implement:1,152a44e6-1c1d-4e9c-b478-8cf5026d216e,8ac2f0be-5754-4c55-a05d-2c389ba56b54,implement,1,spawn,2026-09-18T02:54:56.574Z
activation:3f7b3165-c939-4d17-a555-cc4095b4c08f:7d76b428-4b84-422a-a7fa-62b73f4f2b93:implement:1,3f7b3165-c939-4d17-a555-cc4095b4c08f,7d76b428-4b84-422a-a7fa-62b73f4f2b93,implement,1,spawn,2026-09-18T02:55:50.228Z
activation:5ef0f770-67a6-46d9-bed0-933e3ef8ddc0:6f9daeec-8ab2-40cd-b492-17b386f3e5ad:implement:4,5ef0f770-67a6-46d9-bed0-933e3ef8ddc0,6f9daeec-8ab2-40cd-b492-17b386f3e5ad,implement,4,replacement,2026-09-18T02:56:49.765Z
activation:dd375653-5bf1-40fb-bd03-2f620915db73:b5cf7875-c661-449f-84cb-16dcde4e3997:implement:2,dd375653-5bf1-40fb-bd03-2f620915db73,b5cf7875-c661-449f-84cb-16dcde4e3997,implement,2,replacement,2026-09-18T02:57:43.664Z
activation:3d5e3ad9-62c2-4581-a9b9-863761d5d276:fa725571-5d90-47ed-9ea2-f6d99ee23f82:implement:2,3d5e3ad9-62c2-4581-a9b9-863761d5d276,fa725571-5d90-47ed-9ea2-f6d99ee23f82,implement,2,replacement,2026-09-18T02:58:37.597Z
activation:7d7e55e1-5813-4988-8e87-2dc68e532d0f:3f9a62c4-7986-4429-a5e3-82f42aefe5a9:implement:1,7d7e55e1-5813-4988-8e87-2dc68e532d0f,3f9a62c4-7986-4429-a5e3-82f42aefe5a9,implement,1,spawn,2026-09-18T02:59:31.139Z
activation:52f0814e-5525-4ffb-9f29-04d7e7cd27ba:8bc20a0d-345f-431a-b686-eeb058d4dd6e:implement:2,52f0814e-5525-4ffb-9f29-04d7e7cd27ba,8bc20a0d-345f-431a-b686-eeb058d4dd6e,implement,2,replacement,2026-09-18T03:00:25.418Z
activation:1c15f611-dbfc-4f79-a45e-ede632bc70d0:a6ed8551-8c88-4822-8089-5caa396b64fd:implement:1,1c15f611-dbfc-4f79-a45e-ede632bc70d0,a6ed8551-8c88-4822-8089-5caa396b64fd,implement,1,spawn,2026-09-18T03:01:21.016Z
activation:c7dd69dc-5ef9-4232-ac64-7bdb91a2c8a3:b4b09ab2-f811-4707-b06a-24236f127518:implement:1,c7dd69dc-5ef9-4232-ac64-7bdb91a2c8a3,b4b09ab2-f811-4707-b06a-24236f127518,implement,1,spawn,2026-09-18T03:02:17.196Z
activation:7553c3bd-adbf-4432-b86c-31c4f73eb7bb:dc0c18ed-b1a9-472b-a2e3-51a093be0f26:implement:1,7553c3bd-adbf-4432-b86c-31c4f73eb7bb,dc0c18ed-b1a9-472b-a2e3-51a093be0f26,implement,1,spawn,2026-09-18T03:03:10.862Z
activation:051aa43b-ef0c-412f-8130-c6a231798263:005878fc-ae1b-487a-b872-ebf4ac0a9666:implement:1,051aa43b-ef0c-412f-8130-c6a231798263,005878fc-ae1b-487a-b872-ebf4ac0a9666,implement,1,spawn,2026-09-18T03:04:04.667Z
activation:f6274caf-1bb9-43b2-b8d9-74dd5014854b:6f9daeec-8ab2-40cd-b492-17b386f3e5ad:implement:4,f6274caf-1bb9-43b2-b8d9-74dd5014854b,6f9daeec-8ab2-40cd-b492-17b386f3e5ad,implement,4,replacement,2026-09-18T03:04:59.732Z
activation:c1ab5587-a8fc-4c19-9724-83a161b55ab8:b5cf7875-c661-449f-84cb-16dcde4e3997:implement:2,c1ab5587-a8fc-4c19-9724-83a161b55ab8,b5cf7875-c661-449f-84cb-16dcde4e3997,implement,2,replacement,2026-09-18T03:05:55.204Z
activation:5458eb7c-e38b-46b5-95c4-2a5d5aa9c496:1fde72e3-0379-4a79-8f6d-f001fe84b63f:implement:1,5458eb7c-e38b-46b5-95c4-2a5d5aa9c496,1fde72e3-0379-4a79-8f6d-f001fe84b63f,implement,1,spawn,2026-09-18T03:09:08.044Z
activation:032b2026-c208-4b44-83aa-97d13250aae5:caeba1cb-cfd7-427b-ab3b-78293cd493a3:implement:1,032b2026-c208-4b44-83aa-97d13250aae5,caeba1cb-cfd7-427b-ab3b-78293cd493a3,implement,1,spawn,2026-09-18T03:10:08.505Z
activation:104a604c-2ac1-40f3-94b1-f78f7be924ef:fa725571-5d90-47ed-9ea2-f6d99ee23f82:implement:2,104a604c-2ac1-40f3-94b1-f78f7be924ef,fa725571-5d90-47ed-9ea2-f6d99ee23f82,implement,2,replacement,2026-09-18T03:10:58.976Z
activation:c14f61dc-e8cb-4a08-9d9d-554ed58740c2:8bc20a0d-345f-431a-b686-eeb058d4dd6e:implement:2,c14f61dc-e8cb-4a08-9d9d-554ed58740c2,8bc20a0d-345f-431a-b686-eeb058d4dd6e,implement,2,replacement,2026-09-18T03:11:03.718Z
activation:5ca36a85-fba6-4a2c-958f-f3a5653a4bd2:070bd942-cce0-46ca-88a3-5215886fb107:implement:2,5ca36a85-fba6-4a2c-958f-f3a5653a4bd2,070bd942-cce0-46ca-88a3-5215886fb107,implement,2,replacement,2026-09-18T03:11:29.501Z
activation:7b131c44-49cd-405e-bd96-0d4a6b4089c8:8ac2f0be-5754-4c55-a05d-2c389ba56b54:implement:1,7b131c44-49cd-405e-bd96-0d4a6b4089c8,8ac2f0be-5754-4c55-a05d-2c389ba56b54,implement,1,spawn,2026-09-18T03:11:34.285Z
activation:04cd13a3-1567-40f7-93c7-e6cded84609d:7d76b428-4b84-422a-a7fa-62b73f4f2b93:implement:1,04cd13a3-1567-40f7-93c7-e6cded84609d,7d76b428-4b84-422a-a7fa-62b73f4f2b93,implement,1,spawn,2026-09-18T03:11:38.869Z
activation:rework:04957c2dc63255016f2785b6b4d091fe227c70a12251dbb48ca06e41587d6473,a119279a-1a0e-48ea-b792-d85b8ad1d1eb,070bd942-cce0-46ca-88a3-5215886fb107,qa,2,wake,2026-09-18T03:13:35.240Z
activation:b309fb9c-493c-4893-81ba-7248bcde4d30:137b8ea4-68ae-4384-8e48-d7571dd3e8c7:implement:1,b309fb9c-493c-4893-81ba-7248bcde4d30,137b8ea4-68ae-4384-8e48-d7571dd3e8c7,implement,1,spawn,2026-09-18T03:14:01.580Z
activation:46fd3551-4dc5-4533-9702-14ddc64cec87:8fa62c6a-63aa-499a-911a-41b6e4b3ab8b:implement:1,46fd3551-4dc5-4533-9702-14ddc64cec87,8fa62c6a-63aa-499a-911a-41b6e4b3ab8b,implement,1,spawn,2026-09-18T03:14:06.279Z
activation:286a1527-4b51-46ec-b4f3-9279d5fecdfa:f426b8bc-b7aa-4202-9db9-ded05db69e13:implement:1,286a1527-4b51-46ec-b4f3-9279d5fecdfa,f426b8bc-b7aa-4202-9db9-ded05db69e13,implement,1,spawn,2026-09-18T03:14:15.066Z
activation:87b554b8-f83b-44c5-8f7d-bf560202e82f:16a5f2d3-654e-4596-a822-d9829ec7e0e1:implement:1,87b554b8-f83b-44c5-8f7d-bf560202e82f,16a5f2d3-654e-4596-a822-d9829ec7e0e1,implement,1,spawn,2026-09-18T03:14:21.543Z
activation:18d7e3b1-7e70-4c55-93f2-1d580f71a78a:d4e0de1f-8d3d-45ca-8426-574befa44aa7:implement:1,18d7e3b1-7e70-4c55-93f2-1d580f71a78a,d4e0de1f-8d3d-45ca-8426-574befa44aa7,implement,1,spawn,2026-09-18T03:14:25.715Z
activation:65f86cca-b3f7-4cbd-a9c2-2a16b2c8ebdd:91d4dd0a-85f2-4366-9cbb-3bbf3ea403de:implement:1,65f86cca-b3f7-4cbd-a9c2-2a16b2c8ebdd,91d4dd0a-85f2-4366-9cbb-3bbf3ea403de,implement,1,spawn,2026-09-18T03:17:20.152Z
activation:rework:70dc7a754fce35f4e1f951c13703490e77dea26d0c1dab74edd084ac362187a7,ef3015a7-5f1e-4134-ab13-3d3697177805,6f9daeec-8ab2-40cd-b492-17b386f3e5ad,qa,4,wake,2026-09-18T03:18:58.807Z
activation:17d55d2c-a126-44b4-a9f4-4c09a44a1ff9:8ac2f0be-5754-4c55-a05d-2c389ba56b54:qa:1,17d55d2c-a126-44b4-a9f4-4c09a44a1ff9,8ac2f0be-5754-4c55-a05d-2c389ba56b54,qa,1,spawn,2026-09-18T03:19:59.133Z
activation:rework:258f4a2e1256bda7dd6f3849e8864c82be02b36a52e20098e91c6978e0f4a618,f6274caf-1bb9-43b2-b8d9-74dd5014854b,6f9daeec-8ab2-40cd-b492-17b386f3e5ad,implement,5,wake,2026-09-18T03:26:47.607Z
activation:4cad96ff-be62-4167-b096-33eada46b7ef:9ff0c45a-d397-4a0f-b1fb-050d21351446:implement:1,4cad96ff-be62-4167-b096-33eada46b7ef,9ff0c45a-d397-4a0f-b1fb-050d21351446,implement,1,spawn,2026-09-18T03:27:29.692Z
activation:6eacd20b-d780-467c-9da9-b9c7163099e7:4f46e773-3ca9-475e-aead-c2c240558dd4:general:1,6eacd20b-d780-467c-9da9-b9c7163099e7,4f46e773-3ca9-475e-aead-c2c240558dd4,general,1,spawn,2026-09-18T03:39:32.738Z
activation:e3cbf673-22b6-421a-9cb8-0e271f351a46:5b79da42-6cd8-48b9-af9a-c505e2c7c390:general:1,e3cbf673-22b6-421a-9cb8-0e271f351a46,5b79da42-6cd8-48b9-af9a-c505e2c7c390,general,1,spawn,2026-09-18T03:44:18.631Z
activation:c013852c-d0df-4522-a21a-a28672973551:719b260f-55bb-44cc-b552-433a98a3ada9:implement:1,c013852c-d0df-4522-a21a-a28672973551,719b260f-55bb-44cc-b552-433a98a3ada9,implement,1,spawn,2026-09-18T04:06:48.617Z
activation:8885f2b0-87b1-4283-9897-984309d96787:43614e3d-22cb-44e3-b835-05c2d81dca9a:implement:1,8885f2b0-87b1-4283-9897-984309d96787,43614e3d-22cb-44e3-b835-05c2d81dca9a,implement,1,spawn,2026-09-18T04:35:53.606Z
activation:401aae58-189b-4366-9713-6ad75abee8ec:932e6b08-ae81-4b1b-b0f7-2488da22913f:implement:1,401aae58-189b-4366-9713-6ad75abee8ec,932e6b08-ae81-4b1b-b0f7-2488da22913f,implement,1,spawn,2026-09-18T05:54:46.494Z
activation:8ca42b23-e25c-497e-b623-deaef413b86e:5fe45c92-4cc1-40ff-b0e3-85978d0e484a:eng_design:1,8ca42b23-e25c-497e-b623-deaef413b86e,5fe45c92-4cc1-40ff-b0e3-85978d0e484a,eng_design,1,spawn,2026-09-18T05:57:33.010Z
activation:5fa1243d-0a7a-4f86-9fd6-44406326bced:b5cf7875-c661-449f-84cb-16dcde4e3997:implement:2,5fa1243d-0a7a-4f86-9fd6-44406326bced,b5cf7875-c661-449f-84cb-16dcde4e3997,implement,2,replacement,2026-09-18T06:02:19.852Z
activation:9255e3a6-0733-41e4-b3fc-bceb30d607e5:932e6b08-ae81-4b1b-b0f7-2488da22913f:implement:1,9255e3a6-0733-41e4-b3fc-bceb30d607e5,932e6b08-ae81-4b1b-b0f7-2488da22913f,implement,1,spawn,2026-09-18T06:09:35.842Z
activation:470bc384-92dc-4a27-8417-f759062451c2:137b8ea4-68ae-4384-8e48-d7571dd3e8c7:qa:1,470bc384-92dc-4a27-8417-f759062451c2,137b8ea4-68ae-4384-8e48-d7571dd3e8c7,qa,1,spawn,2026-09-18T06:09:44.031Z
activation:2ab6bb28-a99a-4ca9-95e9-bc10a3f0443f:1fde72e3-0379-4a79-8f6d-f001fe84b63f:implement:1,2ab6bb28-a99a-4ca9-95e9-bc10a3f0443f,1fde72e3-0379-4a79-8f6d-f001fe84b63f,implement,1,spawn,2026-09-18T06:14:07.481Z
activation:rework:ab4060d24a04b6a5135604760c76f0292fa6ac42c1ffba08a4fe50bc972ab14c,ef3015a7-5f1e-4134-ab13-3d3697177805,6f9daeec-8ab2-40cd-b492-17b386f3e5ad,qa,5,wake,2026-09-18T06:19:07.284Z
activation:rework:f09413185634d3553337c5f5a80f9919dfd1dd7c9606a7781ba6557a786073c0,f6274caf-1bb9-43b2-b8d9-74dd5014854b,6f9daeec-8ab2-40cd-b492-17b386f3e5ad,implement,6,wake,2026-09-18T06:24:52.602Z
activation:rework:405db5d4b695465c8ea1878d381c22a02f0cf4c17ea1062d234e8414275ddce0,b309fb9c-493c-4893-81ba-7248bcde4d30,137b8ea4-68ae-4384-8e48-d7571dd3e8c7,implement,2,wake,2026-09-18T06:29:04.935Z
activation:1aa872fe-73c8-4073-80b6-297ecdedb462:f426b8bc-b7aa-4202-9db9-ded05db69e13:qa:1,1aa872fe-73c8-4073-80b6-297ecdedb462,f426b8bc-b7aa-4202-9db9-ded05db69e13,qa,1,spawn,2026-09-18T06:42:28.299Z
activation:892c5e36-46d0-4cae-a424-5e8a163fa898:48978a54-29c5-44b4-89d6-0f4c858925a8:implement:1,892c5e36-46d0-4cae-a424-5e8a163fa898,48978a54-29c5-44b4-89d6-0f4c858925a8,implement,1,spawn,2026-09-18T06:43:52.241Z
activation:7a2ef123-f948-4ab1-a062-3745a356b44c:6f9daeec-8ab2-40cd-b492-17b386f3e5ad:implement:6,7a2ef123-f948-4ab1-a062-3745a356b44c,6f9daeec-8ab2-40cd-b492-17b386f3e5ad,implement,6,replacement,2026-09-18T06:45:41.852Z
activation:cda4eadc-514b-419b-a760-6cce8371c2de:91d4dd0a-85f2-4366-9cbb-3bbf3ea403de:implement:1,cda4eadc-514b-419b-a760-6cce8371c2de,91d4dd0a-85f2-4366-9cbb-3bbf3ea403de,implement,1,spawn,2026-09-18T06:47:31.057Z
activation:42a93b0b-0cc1-447f-89af-39feecd610be:9a9c1584-23cc-4813-bb04-90f74ee112b1:implement:1,42a93b0b-0cc1-447f-89af-39feecd610be,9a9c1584-23cc-4813-bb04-90f74ee112b1,implement,1,spawn,2026-09-18T06:48:16.336Z
activation:bad152d9-b932-4c81-a063-6c66ee8e0187:c1126f2a-15ac-4882-83e5-1edec5a51eea:implement:1,bad152d9-b932-4c81-a063-6c66ee8e0187,c1126f2a-15ac-4882-83e5-1edec5a51eea,implement,1,spawn,2026-09-18T06:49:13.451Z
activation:f4272216-99dc-4ea9-8432-2a405c987b2a:5fe45c92-4cc1-40ff-b0e3-85978d0e484a:implement:1,f4272216-99dc-4ea9-8432-2a405c987b2a,5fe45c92-4cc1-40ff-b0e3-85978d0e484a,implement,1,spawn,2026-09-18T07:08:09.723Z
activation:87c83ac5-4e0e-42ac-a42a-e02c04acd2d3:8fa62c6a-63aa-499a-911a-41b6e4b3ab8b:implement:1,87c83ac5-4e0e-42ac-a42a-e02c04acd2d3,8fa62c6a-63aa-499a-911a-41b6e4b3ab8b,implement,1,spawn,2026-09-18T07:13:38.086Z
activation:3fcc8fab-ccd5-4cf1-99b1-8310d3d222d5:9a9c1584-23cc-4813-bb04-90f74ee112b1:implement:1,3fcc8fab-ccd5-4cf1-99b1-8310d3d222d5,9a9c1584-23cc-4813-bb04-90f74ee112b1,implement,1,spawn,2026-09-18T07:18:45.593Z
activation:bd940246-9628-473c-9fd9-570d3a2748a4:16a5f2d3-654e-4596-a822-d9829ec7e0e1:implement:1,bd940246-9628-473c-9fd9-570d3a2748a4,16a5f2d3-654e-4596-a822-d9829ec7e0e1,implement,1,spawn,2026-09-18T07:19:46.080Z
activation:aac0a4ef-b44d-41d2-9c67-4e3ff597ad5c:c1126f2a-15ac-4882-83e5-1edec5a51eea:implement:1,aac0a4ef-b44d-41d2-9c67-4e3ff597ad5c,c1126f2a-15ac-4882-83e5-1edec5a51eea,implement,1,spawn,2026-09-18T07:20:44.681Z
activation:14ddd5a9-8090-416a-92f1-7202f5257fb6:d4e0de1f-8d3d-45ca-8426-574befa44aa7:implement:1,14ddd5a9-8090-416a-92f1-7202f5257fb6,d4e0de1f-8d3d-45ca-8426-574befa44aa7,implement,1,spawn,2026-09-18T07:23:40.434Z
activation:db150348-2eac-4501-8efe-027391b51e2b:16a5f2d3-654e-4596-a822-d9829ec7e0e1:qa:1,db150348-2eac-4501-8efe-027391b51e2b,16a5f2d3-654e-4596-a822-d9829ec7e0e1,qa,1,spawn,2026-09-18T07:28:43.060Z
activation:4387b01f-5656-4d4e-9e40-87c94336aef6:9a9c1584-23cc-4813-bb04-90f74ee112b1:qa:1,4387b01f-5656-4d4e-9e40-87c94336aef6,9a9c1584-23cc-4813-bb04-90f74ee112b1,qa,1,spawn,2026-09-18T07:31:32.869Z
activation:5234fa1c-cba7-46c3-8ed9-049f391ce72a:d4e0de1f-8d3d-45ca-8426-574befa44aa7:qa:1,5234fa1c-cba7-46c3-8ed9-049f391ce72a,d4e0de1f-8d3d-45ca-8426-574befa44aa7,qa,1,spawn,2026-09-18T07:34:41.499Z
activation:rework:dbba211cbb04dc12775e15fe4fc43227a4d96794d120ccdf6313948137d0cfbf,33b0dfec-fc84-4a02-9cb0-8475d3b85e01,8bc20a0d-345f-431a-b686-eeb058d4dd6e,qa,2,wake,2026-09-18T07:46:25.253Z
activation:rework:c9f3dd2a13141abce647f99c9c90d11c7ddbfedbc1cfa00ab31ca5c687fe6ab4,ac97f760-0d07-4351-b721-90cb347ea9e4,fa725571-5d90-47ed-9ea2-f6d99ee23f82,qa,2,wake,2026-09-18T07:47:35.254Z
activation:8830a05f-403a-4c37-aa80-947f0ecfe950:caeba1cb-cfd7-427b-ab3b-78293cd493a3:qa:1,8830a05f-403a-4c37-aa80-947f0ecfe950,caeba1cb-cfd7-427b-ab3b-78293cd493a3,qa,1,spawn,2026-09-18T07:47:40.129Z
activation:rework:8bb18a774b18bdd413f352a3040c23bfda2d541b7510ee0174db72fb43e21b0d,14ddd5a9-8090-416a-92f1-7202f5257fb6,d4e0de1f-8d3d-45ca-8426-574befa44aa7,implement,2,wake,2026-09-18T07:51:35.829Z
activation:684c944f-f2a0-41a4-95f3-3ac06adb9ec0:43614e3d-22cb-44e3-b835-05c2d81dca9a:implement:1,684c944f-f2a0-41a4-95f3-3ac06adb9ec0,43614e3d-22cb-44e3-b835-05c2d81dca9a,implement,1,spawn,2026-09-18T08:08:30.420Z
activation:4c7af728-d618-4d03-a4ff-3c54f405f526:137b8ea4-68ae-4384-8e48-d7571dd3e8c7:implement:2,4c7af728-d618-4d03-a4ff-3c54f405f526,137b8ea4-68ae-4384-8e48-d7571dd3e8c7,implement,2,replacement,2026-09-18T08:14:06.285Z
activation:a45db142-3b6b-4690-baa5-3e55803201c0:48978a54-29c5-44b4-89d6-0f4c858925a8:implement:1,a45db142-3b6b-4690-baa5-3e55803201c0,48978a54-29c5-44b4-89d6-0f4c858925a8,implement,1,spawn,2026-09-18T08:18:34.058Z
activation:ae8e78b3-8e59-444e-83bd-f003e2b2608f:8fa62c6a-63aa-499a-911a-41b6e4b3ab8b:qa:1,ae8e78b3-8e59-444e-83bd-f003e2b2608f,8fa62c6a-63aa-499a-911a-41b6e4b3ab8b,qa,1,spawn,2026-09-18T08:39:34.643Z
activation:rework:3b68a5940d30294dfb0bbc12a2f2fa20d56559e607653d3b8d92f7c0ef3cb554,5234fa1c-cba7-46c3-8ed9-049f391ce72a,d4e0de1f-8d3d-45ca-8426-574befa44aa7,qa,2,wake,2026-09-18T08:53:33.130Z
activation:rework:fe5842900fab7c592f9dc6b55f9805de4a9b2520b7ffe78c57ef3998e2c58d72,87c83ac5-4e0e-42ac-a42a-e02c04acd2d3,8fa62c6a-63aa-499a-911a-41b6e4b3ab8b,implement,2,wake,2026-09-18T09:08:42.005Z
activation:rework:f036806c5dbc9d254f036770f54c353645a6a331b7a1917a6bb245d066a656e1,470bc384-92dc-4a27-8417-f759062451c2,137b8ea4-68ae-4384-8e48-d7571dd3e8c7,qa,2,wake,2026-09-18T09:09:01.923Z
activation:62b719ac-f44c-4077-af3b-7a80d188e993:48978a54-29c5-44b4-89d6-0f4c858925a8:qa:1,62b719ac-f44c-4077-af3b-7a80d188e993,48978a54-29c5-44b4-89d6-0f4c858925a8,qa,1,spawn,2026-09-18T09:38:14.268Z
activation:9f1c4235-5e62-4837-8e73-5f581a7f2418:3d553a29-40f4-4a92-974b-f0a9b565d30e:implement:1,9f1c4235-5e62-4837-8e73-5f581a7f2418,3d553a29-40f4-4a92-974b-f0a9b565d30e,implement,1,spawn,2026-09-18T09:45:13.171Z
activation:e70f08b1-c461-4369-96e8-fc5a17280906:8fa62c6a-63aa-499a-911a-41b6e4b3ab8b:implement:2,e70f08b1-c461-4369-96e8-fc5a17280906,8fa62c6a-63aa-499a-911a-41b6e4b3ab8b,implement,2,replacement,2026-09-18T10:19:15.672Z
activation:rework:4adbde105f7dc6bc8364770a00f6a105d25b27f43a875385d7e6192d2103296f,ae8e78b3-8e59-444e-83bd-f003e2b2608f,8fa62c6a-63aa-499a-911a-41b6e4b3ab8b,qa,2,wake,2026-09-18T10:21:50.204Z
activation:rework:9854ec85a79e938d1f502b8ef57fbc69c8cb03c29223df04882f6718c3bfe156,e70f08b1-c461-4369-96e8-fc5a17280906,8fa62c6a-63aa-499a-911a-41b6e4b3ab8b,implement,3,wake,2026-09-18T10:41:23.776Z
activation:f11dd4ff-b8c0-40a0-8cca-74780852a504:3d553a29-40f4-4a92-974b-f0a9b565d30e:qa:1,f11dd4ff-b8c0-40a0-8cca-74780852a504,3d553a29-40f4-4a92-974b-f0a9b565d30e,qa,1,spawn,2026-09-18T10:50:02.335Z
activation:rework:9f134e0768d6c73a84df800276bde892341afcab243772cd7f511e5601cd3e1b,ae8e78b3-8e59-444e-83bd-f003e2b2608f,8fa62c6a-63aa-499a-911a-41b6e4b3ab8b,qa,3,wake,2026-09-18T11:38:28.273Z
activation:rework:e25c9ad8af6ae1d6723dc7dce618155382b29792d595a1264e28619ce1ef3a7c,e70f08b1-c461-4369-96e8-fc5a17280906,8fa62c6a-63aa-499a-911a-41b6e4b3ab8b,implement,4,wake,2026-09-18T11:50:20.859Z
activation:c20aaba2-3eb2-4c7e-8577-da7c7110b23e:c1126f2a-15ac-4882-83e5-1edec5a51eea:implement:1,c20aaba2-3eb2-4c7e-8577-da7c7110b23e,c1126f2a-15ac-4882-83e5-1edec5a51eea,implement,1,spawn,2026-09-18T11:50:59.486Z
activation:4ac00f3d-43b6-4325-9478-6ba8374c455a:8fa62c6a-63aa-499a-911a-41b6e4b3ab8b:implement:4,4ac00f3d-43b6-4325-9478-6ba8374c455a,8fa62c6a-63aa-499a-911a-41b6e4b3ab8b,implement,4,replacement,2026-09-18T12:05:52.086Z
activation:e2080506-f6a6-413b-8b7d-82c51d1de118:5fe45c92-4cc1-40ff-b0e3-85978d0e484a:qa:1,e2080506-f6a6-413b-8b7d-82c51d1de118,5fe45c92-4cc1-40ff-b0e3-85978d0e484a,qa,1,spawn,2026-09-18T12:35:50.780Z
activation:d9fb0d9a-6815-4b74-8cdc-d959fc08a493:27ca0f42-a513-4531-bf61-5123fe7fa610:eng_design:1,d9fb0d9a-6815-4b74-8cdc-d959fc08a493,27ca0f42-a513-4531-bf61-5123fe7fa610,eng_design,1,spawn,2026-09-18T16:32:50.052Z
activation:cb2f59e3-1bc6-489a-b7bb-de72c998648a:5fe45c92-4cc1-40ff-b0e3-85978d0e484a:implement:2,cb2f59e3-1bc6-489a-b7bb-de72c998648a,5fe45c92-4cc1-40ff-b0e3-85978d0e484a,implement,2,replacement,2026-09-18T16:32:59.495Z
activation:29871354-a261-4af5-9f63-cdbf0c59372e:19f65593-cb7e-40cd-aa12-5158532475ce:eng_design:1,29871354-a261-4af5-9f63-cdbf0c59372e,19f65593-cb7e-40cd-aa12-5158532475ce,eng_design,1,spawn,2026-09-18T16:36:01.226Z
activation:bd79d136-2e0d-448d-b0cc-b720ca94560d:3e26508b-51b8-41b1-b11c-9a805ee715af:implement:1,bd79d136-2e0d-448d-b0cc-b720ca94560d,3e26508b-51b8-41b1-b11c-9a805ee715af,implement,1,spawn,2026-09-18T16:37:14.312Z
activation:43ecb555-a7ab-49bf-a64e-8883d8a42e98:f03a0125-21c8-4c8d-9048-32f4271dcc68:implement:1,43ecb555-a7ab-49bf-a64e-8883d8a42e98,f03a0125-21c8-4c8d-9048-32f4271dcc68,implement,1,spawn,2026-09-18T16:38:32.570Z
activation:251786df-19a7-4fba-bcd4-10fa649c6689:ad663cc9-0302-416c-8774-132eab294859:eng_design:1,251786df-19a7-4fba-bcd4-10fa649c6689,ad663cc9-0302-416c-8774-132eab294859,eng_design,1,spawn,2026-09-18T16:40:02.189Z
activation:7dc3325a-e1b6-479a-b68d-26cf4e01f6f0:9a9c1584-23cc-4813-bb04-90f74ee112b1:implement:2,7dc3325a-e1b6-479a-b68d-26cf4e01f6f0,9a9c1584-23cc-4813-bb04-90f74ee112b1,implement,2,replacement,2026-09-18T16:41:16.491Z
activation:2e922928-2f5c-41a9-881d-9d4101761c65:19f65593-cb7e-40cd-aa12-5158532475ce:implement:1,2e922928-2f5c-41a9-881d-9d4101761c65,19f65593-cb7e-40cd-aa12-5158532475ce,implement,1,spawn,2026-09-18T17:00:06.439Z
activation:740b8167-9692-4d0b-a6bb-3c5bb95d00d5:ad663cc9-0302-416c-8774-132eab294859:eng_design:1,740b8167-9692-4d0b-a6bb-3c5bb95d00d5,ad663cc9-0302-416c-8774-132eab294859,eng_design,1,spawn,2026-09-18T17:01:20.096Z
activation:0292037a-7cb6-4e34-9f95-a9d936358828:27ca0f42-a513-4531-bf61-5123fe7fa610:implement:1,0292037a-7cb6-4e34-9f95-a9d936358828,27ca0f42-a513-4531-bf61-5123fe7fa610,implement,1,spawn,2026-09-18T17:04:37.060Z
activation:a103f146-ca92-4bf2-ae4d-964152d08057:4a3e8759-7e53-434d-a64c-d108d5dd318c:eng_design:1,a103f146-ca92-4bf2-ae4d-964152d08057,4a3e8759-7e53-434d-a64c-d108d5dd318c,eng_design,1,spawn,2026-09-18T17:11:55.732Z
activation:b3159b98-3a05-44f2-84dc-cb7a24b92b7c:95ae2692-a390-4a53-807f-9cd232cf8c90:eng_design:1,b3159b98-3a05-44f2-84dc-cb7a24b92b7c,95ae2692-a390-4a53-807f-9cd232cf8c90,eng_design,1,spawn,2026-09-18T17:12:38.772Z
activation:84bdaaba-798f-4aea-a58e-6c79eebfe69a:3e26508b-51b8-41b1-b11c-9a805ee715af:qa:1,84bdaaba-798f-4aea-a58e-6c79eebfe69a,3e26508b-51b8-41b1-b11c-9a805ee715af,qa,1,spawn,2026-09-18T17:16:26.736Z
activation:d071659d-9740-4da0-97fd-b2fb0413284e:4a3e8759-7e53-434d-a64c-d108d5dd318c:implement:1,d071659d-9740-4da0-97fd-b2fb0413284e,4a3e8759-7e53-434d-a64c-d108d5dd318c,implement,1,spawn,2026-09-18T17:17:23.070Z
activation:rework:3094e7347df378cbd7885ab2e3fbefa8c6d88e47c3fe3c12918e64d5e0464dd0,bd79d136-2e0d-448d-b0cc-b720ca94560d,3e26508b-51b8-41b1-b11c-9a805ee715af,implement,2,wake,2026-09-18T17:32:55.837Z
activation:aee17e78-56a5-4c57-a947-98ad4539a29b:95ae2692-a390-4a53-807f-9cd232cf8c90:implement:1,aee17e78-56a5-4c57-a947-98ad4539a29b,95ae2692-a390-4a53-807f-9cd232cf8c90,implement,1,spawn,2026-09-18T17:49:34.238Z
activation:3d5bb1e3-5d07-496e-8be8-67293c0cb6c2:27ca0f42-a513-4531-bf61-5123fe7fa610:implement:1,3d5bb1e3-5d07-496e-8be8-67293c0cb6c2,27ca0f42-a513-4531-bf61-5123fe7fa610,implement,1,spawn,2026-09-18T18:26:17.872Z
activation:bb229987-0c7c-4066-8f31-809e73661f1c:3e26508b-51b8-41b1-b11c-9a805ee715af:implement:2,bb229987-0c7c-4066-8f31-809e73661f1c,3e26508b-51b8-41b1-b11c-9a805ee715af,implement,2,replacement,2026-09-18T18:27:23.993Z
activation:9912cf88-77fa-4964-9cd0-9e2645cf541e:5fe45c92-4cc1-40ff-b0e3-85978d0e484a:implement:2,9912cf88-77fa-4964-9cd0-9e2645cf541e,5fe45c92-4cc1-40ff-b0e3-85978d0e484a,implement,2,replacement,2026-09-18T18:28:14.584Z
activation:ca503c82-d3e3-4abd-a374-41dbd0e87896:9a9c1584-23cc-4813-bb04-90f74ee112b1:implement:2,ca503c82-d3e3-4abd-a374-41dbd0e87896,9a9c1584-23cc-4813-bb04-90f74ee112b1,implement,2,replacement,2026-09-18T18:30:04.462Z
activation:c2000125-0e9c-4329-84cb-34b8be7b8dac:95ae2692-a390-4a53-807f-9cd232cf8c90:implement:1,c2000125-0e9c-4329-84cb-34b8be7b8dac,95ae2692-a390-4a53-807f-9cd232cf8c90,implement,1,spawn,2026-09-18T19:33:31.018Z
activation:415ddc57-6085-44c6-a896-d636d8b862bb:782112c4-baf8-456c-b04d-5706065c977d:implement:1,415ddc57-6085-44c6-a896-d636d8b862bb,782112c4-baf8-456c-b04d-5706065c977d,implement,1,spawn,2026-09-18T19:35:56.816Z
activation:67cf0df6-1885-407f-80b1-ffc603d71eb9:e6425b67-1afd-4309-bf55-74e0a913ccb4:implement:1,67cf0df6-1885-407f-80b1-ffc603d71eb9,e6425b67-1afd-4309-bf55-74e0a913ccb4,implement,1,spawn,2026-09-18T19:37:41.382Z
activation:ed07bf5a-047d-4cf8-86dd-230d8b4f6f54:6cfc4303-fc28-4e30-842a-565b76ad7a60:implement:1,ed07bf5a-047d-4cf8-86dd-230d8b4f6f54,6cfc4303-fc28-4e30-842a-565b76ad7a60,implement,1,spawn,2026-09-18T20:02:00.860Z
activation:b0269c51-ae1a-4d34-a808-f71027532b46:2698d221-8be8-4f48-a69e-d7c3dbf85cd2:implement:1,b0269c51-ae1a-4d34-a808-f71027532b46,2698d221-8be8-4f48-a69e-d7c3dbf85cd2,implement,1,spawn,2026-09-18T20:06:10.249Z
activation:1c34620c-2a10-41ef-8488-c47fe9883896:27ca0f42-a513-4531-bf61-5123fe7fa610:qa:1,1c34620c-2a10-41ef-8488-c47fe9883896,27ca0f42-a513-4531-bf61-5123fe7fa610,qa,1,spawn,2026-09-18T20:20:38.575Z
activation:d81f026e-ea32-4676-a2f3-3594e2f39d67:a9ae75e1-4b08-4d14-b18e-5f127cd8c481:eng_design:1,d81f026e-ea32-4676-a2f3-3594e2f39d67,a9ae75e1-4b08-4d14-b18e-5f127cd8c481,eng_design,1,spawn,2026-09-18T20:26:13.105Z
activation:82979ddc-810e-42c6-b9a4-2c681bb68375:9ba316c3-cd27-4e89-acb7-b2b670394757:eng_design:1,82979ddc-810e-42c6-b9a4-2c681bb68375,9ba316c3-cd27-4e89-acb7-b2b670394757,eng_design,1,spawn,2026-09-18T20:26:29.656Z
activation:6844038d-f8c7-4dc1-b849-a3a3032cd71b:957c4aa0-dba5-402a-9da4-9cf52f7f4d3c:implement:1,6844038d-f8c7-4dc1-b849-a3a3032cd71b,957c4aa0-dba5-402a-9da4-9cf52f7f4d3c,implement,1,spawn,2026-09-18T20:27:40.754Z
activation:1efac16c-d35a-4fbf-ab30-da603e4f35b7:9ba316c3-cd27-4e89-acb7-b2b670394757:implement:1,1efac16c-d35a-4fbf-ab30-da603e4f35b7,9ba316c3-cd27-4e89-acb7-b2b670394757,implement,1,spawn,2026-09-18T20:55:50.011Z
activation:a4d83a6e-6cf6-433c-b1c1-5d4755fb250b:a9ae75e1-4b08-4d14-b18e-5f127cd8c481:implement:1,a4d83a6e-6cf6-433c-b1c1-5d4755fb250b,a9ae75e1-4b08-4d14-b18e-5f127cd8c481,implement,1,spawn,2026-09-18T21:03:22.282Z
activation:69b1049b-d8a2-4b20-acac-40c9f74995d7:4a3e8759-7e53-434d-a64c-d108d5dd318c:implement:1,69b1049b-d8a2-4b20-acac-40c9f74995d7,4a3e8759-7e53-434d-a64c-d108d5dd318c,implement,1,spawn,2026-09-18T21:13:38.006Z
activation:39b3c1e5-3afb-408d-bf42-5e9bf294f081:b658aab6-e2a1-468c-813e-8908cfcef5bd:implement:1,39b3c1e5-3afb-408d-bf42-5e9bf294f081,b658aab6-e2a1-468c-813e-8908cfcef5bd,implement,1,spawn,2026-09-18T21:25:06.803Z
activation:925cf1d8-b95c-46e9-9de9-455f8c2d2dbd:41d8405f-8311-4fa7-8cba-21b9c57bd9d0:eng_design:1,925cf1d8-b95c-46e9-9de9-455f8c2d2dbd,41d8405f-8311-4fa7-8cba-21b9c57bd9d0,eng_design,1,spawn,2026-09-18T21:29:45.728Z
activation:1208fb75-be31-4561-8976-ffd8cd16fce9:19f65593-cb7e-40cd-aa12-5158532475ce:implement:1,1208fb75-be31-4561-8976-ffd8cd16fce9,19f65593-cb7e-40cd-aa12-5158532475ce,implement,1,spawn,2026-09-18T21:50:22.812Z
activation:ad90d667-6d55-4cc4-89cb-aaf7db521475:4a3e8759-7e53-434d-a64c-d108d5dd318c:implement:1,ad90d667-6d55-4cc4-89cb-aaf7db521475,4a3e8759-7e53-434d-a64c-d108d5dd318c,implement,1,spawn,2026-09-18T21:51:18.056Z
activation:5db20a54-9539-4c63-8a87-64235980cd69:a9ae75e1-4b08-4d14-b18e-5f127cd8c481:implement:1,5db20a54-9539-4c63-8a87-64235980cd69,a9ae75e1-4b08-4d14-b18e-5f127cd8c481,implement,1,spawn,2026-09-18T21:51:21.353Z
activation:3909b921-318b-4c70-bef1-0625ad4d9293:41d8405f-8311-4fa7-8cba-21b9c57bd9d0:eng_design:1,3909b921-318b-4c70-bef1-0625ad4d9293,41d8405f-8311-4fa7-8cba-21b9c57bd9d0,eng_design,1,spawn,2026-09-18T21:52:24.788Z
activation:bd6722db-48ed-4e6c-8fc1-68c8c7afc3cf:2698d221-8be8-4f48-a69e-d7c3dbf85cd2:implement:1,bd6722db-48ed-4e6c-8fc1-68c8c7afc3cf,2698d221-8be8-4f48-a69e-d7c3dbf85cd2,implement,1,spawn,2026-09-18T21:52:28.442Z
activation:7cc32f91-5560-43db-9010-e262a96fe382:6cfc4303-fc28-4e30-842a-565b76ad7a60:implement:1,7cc32f91-5560-43db-9010-e262a96fe382,6cfc4303-fc28-4e30-842a-565b76ad7a60,implement,1,spawn,2026-09-18T21:53:21.390Z
activation:f3953708-f6e7-4e43-96b7-ae9ec30421a4:782112c4-baf8-456c-b04d-5706065c977d:implement:1,f3953708-f6e7-4e43-96b7-ae9ec30421a4,782112c4-baf8-456c-b04d-5706065c977d,implement,1,spawn,2026-09-18T21:54:15.283Z
activation:c058fb82-27dc-4e4e-80c2-d310d9b12012:957c4aa0-dba5-402a-9da4-9cf52f7f4d3c:implement:1,c058fb82-27dc-4e4e-80c2-d310d9b12012,957c4aa0-dba5-402a-9da4-9cf52f7f4d3c,implement,1,spawn,2026-09-18T21:55:10.091Z
activation:60959a31-3175-44b6-bc57-50c4f1700d01:9ba316c3-cd27-4e89-acb7-b2b670394757:implement:1,60959a31-3175-44b6-bc57-50c4f1700d01,9ba316c3-cd27-4e89-acb7-b2b670394757,implement,1,spawn,2026-09-18T21:55:11.828Z
activation:74d06600-a7cc-45a4-9bf8-6a3194763e60:b658aab6-e2a1-468c-813e-8908cfcef5bd:implement:1,74d06600-a7cc-45a4-9bf8-6a3194763e60,b658aab6-e2a1-468c-813e-8908cfcef5bd,implement,1,spawn,2026-09-18T21:55:14.766Z
activation:d9623db7-e102-408a-b0b7-a3d87244b2cd:c1126f2a-15ac-4882-83e5-1edec5a51eea:implement:1,d9623db7-e102-408a-b0b7-a3d87244b2cd,c1126f2a-15ac-4882-83e5-1edec5a51eea,implement,1,spawn,2026-09-18T21:56:08.010Z
activation:c1640af6-ad67-45ee-81fd-b3dd94b68268:e6425b67-1afd-4309-bf55-74e0a913ccb4:implement:1,c1640af6-ad67-45ee-81fd-b3dd94b68268,e6425b67-1afd-4309-bf55-74e0a913ccb4,implement,1,spawn,2026-09-18T21:57:02.132Z
activation:64b9b1ab-64d1-4439-ac3d-c20357e94877:3e26508b-51b8-41b1-b11c-9a805ee715af:implement:2,64b9b1ab-64d1-4439-ac3d-c20357e94877,3e26508b-51b8-41b1-b11c-9a805ee715af,implement,2,replacement,2026-09-18T21:57:57.252Z
activation:d9cffac5-6c83-4dd0-8294-769a77f0b317:5fe45c92-4cc1-40ff-b0e3-85978d0e484a:implement:2,d9cffac5-6c83-4dd0-8294-769a77f0b317,5fe45c92-4cc1-40ff-b0e3-85978d0e484a,implement,2,replacement,2026-09-18T21:58:50.614Z
activation:a94c955e-0e04-44d4-92dc-63b91a0789c1:9a9c1584-23cc-4813-bb04-90f74ee112b1:implement:2,a94c955e-0e04-44d4-92dc-63b91a0789c1,9a9c1584-23cc-4813-bb04-90f74ee112b1,implement,2,replacement,2026-09-18T21:59:44.760Z
activation:19366e85-5b7e-4124-8c7a-f4b12bdfa37f:19f65593-cb7e-40cd-aa12-5158532475ce:implement:1,19366e85-5b7e-4124-8c7a-f4b12bdfa37f,19f65593-cb7e-40cd-aa12-5158532475ce,implement,1,spawn,2026-09-18T22:00:38.485Z
activation:f612a913-1ce8-4fa5-8e36-fbb77e71bad7:2698d221-8be8-4f48-a69e-d7c3dbf85cd2:implement:1,f612a913-1ce8-4fa5-8e36-fbb77e71bad7,2698d221-8be8-4f48-a69e-d7c3dbf85cd2,implement,1,spawn,2026-09-18T22:01:32.336Z
activation:631c53d9-e8a3-451a-979f-80cd065479dd:6cfc4303-fc28-4e30-842a-565b76ad7a60:implement:1,631c53d9-e8a3-451a-979f-80cd065479dd,6cfc4303-fc28-4e30-842a-565b76ad7a60,implement,1,spawn,2026-09-18T22:02:25.305Z
activation:9578428d-fc7c-4c9c-8e75-17c85061cc86:782112c4-baf8-456c-b04d-5706065c977d:implement:1,9578428d-fc7c-4c9c-8e75-17c85061cc86,782112c4-baf8-456c-b04d-5706065c977d,implement,1,spawn,2026-09-18T22:03:18.741Z
activation:2d066283-1cbc-4484-b30d-77cdb30cc143:a9ae75e1-4b08-4d14-b18e-5f127cd8c481:implement:1,2d066283-1cbc-4484-b30d-77cdb30cc143,a9ae75e1-4b08-4d14-b18e-5f127cd8c481,implement,1,spawn,2026-09-18T22:04:12.437Z
activation:5ea4a004-47e0-430e-9fa7-b3c43d7d6957:b658aab6-e2a1-468c-813e-8908cfcef5bd:implement:1,5ea4a004-47e0-430e-9fa7-b3c43d7d6957,b658aab6-e2a1-468c-813e-8908cfcef5bd,implement,1,spawn,2026-09-18T22:05:06.445Z
activation:c24a2cae-1957-46d9-896a-5c4be4176d45:3e26508b-51b8-41b1-b11c-9a805ee715af:implement:2,c24a2cae-1957-46d9-896a-5c4be4176d45,3e26508b-51b8-41b1-b11c-9a805ee715af,implement,2,replacement,2026-09-18T22:05:34.552Z
activation:eb1006a7-233f-44c4-a482-9f0d23d3a4fc:5fe45c92-4cc1-40ff-b0e3-85978d0e484a:implement:2,eb1006a7-233f-44c4-a482-9f0d23d3a4fc,5fe45c92-4cc1-40ff-b0e3-85978d0e484a,implement,2,replacement,2026-09-18T22:05:37.469Z
activation:ee549594-ccb1-4163-a68a-9ab770335aea:9a9c1584-23cc-4813-bb04-90f74ee112b1:implement:2,ee549594-ccb1-4163-a68a-9ab770335aea,9a9c1584-23cc-4813-bb04-90f74ee112b1,implement,2,replacement,2026-09-18T22:05:40.438Z
activation:9727d6cc-9373-451e-ab4b-299af8150fd0:e6425b67-1afd-4309-bf55-74e0a913ccb4:implement:1,9727d6cc-9373-451e-ab4b-299af8150fd0,e6425b67-1afd-4309-bf55-74e0a913ccb4,implement,1,spawn,2026-09-18T22:05:43.449Z
activation:d1604db2-e9ea-48eb-9922-fe9847824ee2:75f5d783-246e-4c67-8713-bbb649b9908a:implement:1,d1604db2-e9ea-48eb-9922-fe9847824ee2,75f5d783-246e-4c67-8713-bbb649b9908a,implement,1,spawn,2026-09-18T22:07:27.506Z
activation:d147bbbd-6458-489c-ab00-8b7ae923f111:2710bd11-bba7-45bc-8435-af8f1b536a9b:implement:1,d147bbbd-6458-489c-ab00-8b7ae923f111,2710bd11-bba7-45bc-8435-af8f1b536a9b,implement,1,spawn,2026-09-18T22:09:13.089Z
activation:fadb6c5d-de9d-44ec-b496-3f3dcd124a21:19f65593-cb7e-40cd-aa12-5158532475ce:implement:1,fadb6c5d-de9d-44ec-b496-3f3dcd124a21,19f65593-cb7e-40cd-aa12-5158532475ce,implement,1,spawn,2026-09-18T22:12:58.157Z
activation:3f51c023-05d5-4042-8a2b-1e7fc9d2aba3:2698d221-8be8-4f48-a69e-d7c3dbf85cd2:implement:1,3f51c023-05d5-4042-8a2b-1e7fc9d2aba3,2698d221-8be8-4f48-a69e-d7c3dbf85cd2,implement,1,spawn,2026-09-18T22:13:01.020Z
activation:2df4e214-0606-4807-97a1-c337e61afd29:6cfc4303-fc28-4e30-842a-565b76ad7a60:implement:1,2df4e214-0606-4807-97a1-c337e61afd29,6cfc4303-fc28-4e30-842a-565b76ad7a60,implement,1,spawn,2026-09-18T22:13:02.921Z
activation:f5543708-b656-4c92-b1d4-f76f2505e4f7:782112c4-baf8-456c-b04d-5706065c977d:implement:1,f5543708-b656-4c92-b1d4-f76f2505e4f7,782112c4-baf8-456c-b04d-5706065c977d,implement,1,spawn,2026-09-18T22:13:05.958Z
activation:ff810580-49db-4323-9070-8aee0c7f329b:a9ae75e1-4b08-4d14-b18e-5f127cd8c481:implement:1,ff810580-49db-4323-9070-8aee0c7f329b,a9ae75e1-4b08-4d14-b18e-5f127cd8c481,implement,1,spawn,2026-09-18T22:13:12.216Z
activation:7c77328d-3a37-4a25-96ec-e873d9e968f2:b15740cb-ea84-47fb-82f1-587d33f2cb74:eng_design:1,7c77328d-3a37-4a25-96ec-e873d9e968f2,b15740cb-ea84-47fb-82f1-587d33f2cb74,eng_design,1,spawn,2026-09-18T23:08:04.888Z
activation:a199e048-3a36-4ed0-b8e3-780938fce265:e59484de-d0d7-46ec-8953-96db2e06ad18:eng_design:1,a199e048-3a36-4ed0-b8e3-780938fce265,e59484de-d0d7-46ec-8953-96db2e06ad18,eng_design,1,spawn,2026-09-18T23:10:35.796Z
activation:da2efe0a-1121-4e5c-9a5b-0d698662105c:650416db-1303-44a8-aa50-0a9fbd94a9df:implement:1,da2efe0a-1121-4e5c-9a5b-0d698662105c,650416db-1303-44a8-aa50-0a9fbd94a9df,implement,1,spawn,2026-09-18T23:10:54.089Z
activation:e3499d48-6a81-48a9-b93e-1b720206036d:3e79e0f8-4102-4f2b-b4ec-6292d1e06dcc:eng_design:1,e3499d48-6a81-48a9-b93e-1b720206036d,3e79e0f8-4102-4f2b-b4ec-6292d1e06dcc,eng_design,1,spawn,2026-09-18T23:14:52.723Z
activation:3771e914-7dac-459e-a3bb-836776845903:cf4ec485-c982-4b9b-96e8-1a2a47e4e8d0:eng_design:1,3771e914-7dac-459e-a3bb-836776845903,cf4ec485-c982-4b9b-96e8-1a2a47e4e8d0,eng_design,1,spawn,2026-09-18T23:16:16.916Z
activation:bc671b1d-2373-47b6-a1fc-f408eddbbae0:b8c293f0-6968-4f33-8df7-e7e6aea2a7cb:eng_design:1,bc671b1d-2373-47b6-a1fc-f408eddbbae0,b8c293f0-6968-4f33-8df7-e7e6aea2a7cb,eng_design,1,spawn,2026-09-18T23:17:40.082Z
activation:63cf7b09-7a3e-4ff1-a431-9f3b0b2600e2:be36a306-c42a-4750-bf7b-c1f1f6201c6a:implement:1,63cf7b09-7a3e-4ff1-a431-9f3b0b2600e2,be36a306-c42a-4750-bf7b-c1f1f6201c6a,implement,1,spawn,2026-09-18T23:18:52.205Z
activation:d3eacb3b-e0d3-428f-a964-a24a4e419f23:0b7f3dd9-6718-40b0-8968-d90be6f6af31:eng_design:1,d3eacb3b-e0d3-428f-a964-a24a4e419f23,0b7f3dd9-6718-40b0-8968-d90be6f6af31,eng_design,1,spawn,2026-09-18T23:19:47.156Z
activation:4ebdc4f9-0686-4dc7-b9a1-9d6c221c5c12:98944e79-4574-446f-8c6f-63c69b92c684:implement:1,4ebdc4f9-0686-4dc7-b9a1-9d6c221c5c12,98944e79-4574-446f-8c6f-63c69b92c684,implement,1,spawn,2026-09-18T23:20:00.260Z
activation:258ace8f-235e-40e8-95c1-7715761f187d:e59484de-d0d7-46ec-8953-96db2e06ad18:implement:1,258ace8f-235e-40e8-95c1-7715761f187d,e59484de-d0d7-46ec-8953-96db2e06ad18,implement,1,spawn,2026-09-18T23:20:55.813Z
activation:1e44d42c-ecc2-4032-a1bd-b419469c82cc:bb1505dc-ec3f-41e0-ac46-415f42544f61:implement:1,1e44d42c-ecc2-4032-a1bd-b419469c82cc,bb1505dc-ec3f-41e0-ac46-415f42544f61,implement,1,spawn,2026-09-18T23:20:58.317Z
activation:545e2d4a-0c32-499b-8745-d19fc04bc260:ca286b22-c415-45a7-8895-ee478b2d6317:implement:1,545e2d4a-0c32-499b-8745-d19fc04bc260,ca286b22-c415-45a7-8895-ee478b2d6317,implement,1,spawn,2026-09-18T23:22:00.057Z
activation:fee9dbad-bb8d-4bf1-b1d0-8eb4b7f631cc:b65b05e9-5c47-4266-a03b-097cd44ea87d:implement:1,fee9dbad-bb8d-4bf1-b1d0-8eb4b7f631cc,b65b05e9-5c47-4266-a03b-097cd44ea87d,implement,1,spawn,2026-09-18T23:23:02.743Z
activation:9553b1db-d399-496e-9327-c087250395b7:b8c293f0-6968-4f33-8df7-e7e6aea2a7cb:implement:1,9553b1db-d399-496e-9327-c087250395b7,b8c293f0-6968-4f33-8df7-e7e6aea2a7cb,implement,1,spawn,2026-09-18T23:26:38.803Z
activation:c26c88b6-f610-4425-b906-0bfcc8258da0:0b7f3dd9-6718-40b0-8968-d90be6f6af31:implement:1,c26c88b6-f610-4425-b906-0bfcc8258da0,0b7f3dd9-6718-40b0-8968-d90be6f6af31,implement,1,spawn,2026-09-18T23:27:24.123Z
activation:77745b59-e0d3-410e-b3b5-b48af46e9623:bfccf333-618a-40b3-a0ea-8a2f5777cfd6:implement:1,77745b59-e0d3-410e-b3b5-b48af46e9623,bfccf333-618a-40b3-a0ea-8a2f5777cfd6,implement,1,spawn,2026-09-18T23:29:23.516Z
activation:990c08bb-1997-4543-8d87-c12fb7431cdb:3e79e0f8-4102-4f2b-b4ec-6292d1e06dcc:implement:1,990c08bb-1997-4543-8d87-c12fb7431cdb,3e79e0f8-4102-4f2b-b4ec-6292d1e06dcc,implement,1,spawn,2026-09-18T23:29:40.784Z
activation:3d3e9b0a-0f64-48dd-b6f9-f213edb99e07:b15740cb-ea84-47fb-82f1-587d33f2cb74:implement:1,3d3e9b0a-0f64-48dd-b6f9-f213edb99e07,b15740cb-ea84-47fb-82f1-587d33f2cb74,implement,1,spawn,2026-09-18T23:38:09.462Z
activation:622af2ee-5b22-4956-9e41-e323d4df1491:cf4ec485-c982-4b9b-96e8-1a2a47e4e8d0:implement:1,622af2ee-5b22-4956-9e41-e323d4df1491,cf4ec485-c982-4b9b-96e8-1a2a47e4e8d0,implement,1,spawn,2026-09-18T23:42:40.024Z
activation:d69d5eae-e69f-4c5f-af8a-3c82a82e2e8b:35ce4b03-c789-44be-9628-3757026c6148:implement:1,d69d5eae-e69f-4c5f-af8a-3c82a82e2e8b,35ce4b03-c789-44be-9628-3757026c6148,implement,1,spawn,2026-09-18T23:47:25.435Z
activation:4d91eeb9-a966-4cf1-879d-94fb0bbf5e8a:d6b34663-d251-4174-9e96-281c09ae7241:implement:1,4d91eeb9-a966-4cf1-879d-94fb0bbf5e8a,d6b34663-d251-4174-9e96-281c09ae7241,implement,1,spawn,2026-09-18T23:48:29.927Z
activation:2ca96e73-335a-4ff1-83bc-ef10f16ed468:b297afc3-f73e-4bd1-ac0e-a4bf64d79b54:implement:1,2ca96e73-335a-4ff1-83bc-ef10f16ed468,b297afc3-f73e-4bd1-ac0e-a4bf64d79b54,implement,1,spawn,2026-09-18T23:55:22.215Z
activation:59c8f898-f3e4-4df1-89c9-3564f01ad2c0:98944e79-4574-446f-8c6f-63c69b92c684:qa:1,59c8f898-f3e4-4df1-89c9-3564f01ad2c0,98944e79-4574-446f-8c6f-63c69b92c684,qa,1,spawn,2026-09-18T23:59:37.536Z
activation:90ac9de8-baf8-4d62-86c3-420591973731:be36a306-c42a-4750-bf7b-c1f1f6201c6a:qa:1,90ac9de8-baf8-4d62-86c3-420591973731,be36a306-c42a-4750-bf7b-c1f1f6201c6a,qa,1,spawn,2026-09-19T00:11:09.048Z
activation:26027c13-9212-4ae6-b3a3-6522673acd52:e59484de-d0d7-46ec-8953-96db2e06ad18:qa:1,26027c13-9212-4ae6-b3a3-6522673acd52,e59484de-d0d7-46ec-8953-96db2e06ad18,qa,1,spawn,2026-09-19T00:14:28.568Z
activation:5fda02f9-fd23-4adc-a49b-a7d453725994:cf4ec485-c982-4b9b-96e8-1a2a47e4e8d0:qa:1,5fda02f9-fd23-4adc-a49b-a7d453725994,cf4ec485-c982-4b9b-96e8-1a2a47e4e8d0,qa,1,spawn,2026-09-19T00:35:48.583Z
activation:aea74da0-577f-47f9-a99f-da7e2dcf9c56:c75e973f-855d-468d-9a46-86deb7a4b108:implement:1,aea74da0-577f-47f9-a99f-da7e2dcf9c56,c75e973f-855d-468d-9a46-86deb7a4b108,implement,1,spawn,2026-09-19T01:07:01.855Z
activation:728ade91-4ce9-4446-9304-85c61ef20070:5c809cee-6784-424e-8f78-84e803c042c1:implement:1,728ade91-4ce9-4446-9304-85c61ef20070,5c809cee-6784-424e-8f78-84e803c042c1,implement,1,spawn,2026-09-19T01:08:18.668Z
activation:c47521c6-9323-4278-bfa1-3c4b7030406c:5c809cee-6784-424e-8f78-84e803c042c1:qa:1,c47521c6-9323-4278-bfa1-3c4b7030406c,5c809cee-6784-424e-8f78-84e803c042c1,qa,1,spawn,2026-09-19T01:13:27.471Z
activation:d3db9668-0a38-4ad7-a185-0977f9a9276d:c75e973f-855d-468d-9a46-86deb7a4b108:qa:1,d3db9668-0a38-4ad7-a185-0977f9a9276d,c75e973f-855d-468d-9a46-86deb7a4b108,qa,1,spawn,2026-09-19T01:14:05.894Z
activation:cce72933-c3b3-4ab7-981f-077b0689eb61:d6b34663-d251-4174-9e96-281c09ae7241:qa:1,cce72933-c3b3-4ab7-981f-077b0689eb61,d6b34663-d251-4174-9e96-281c09ae7241,qa,1,spawn,2026-09-19T01:18:15.101Z
activation:2a56063e-f906-4330-93b4-39012051ee9c:b65b05e9-5c47-4266-a03b-097cd44ea87d:implement:1,2a56063e-f906-4330-93b4-39012051ee9c,b65b05e9-5c47-4266-a03b-097cd44ea87d,implement,1,spawn,2026-09-19T01:29:07.995Z
activation:6c9cc558-1da9-4a66-9c8c-bfbc9a8036dc:0b7f3dd9-6718-40b0-8968-d90be6f6af31:implement:1,6c9cc558-1da9-4a66-9c8c-bfbc9a8036dc,0b7f3dd9-6718-40b0-8968-d90be6f6af31,implement,1,spawn,2026-09-19T01:30:09.773Z
activation:9352c092-58ed-4497-b149-9beb4d6fa8fa:3e79e0f8-4102-4f2b-b4ec-6292d1e06dcc:implement:1,9352c092-58ed-4497-b149-9beb4d6fa8fa,3e79e0f8-4102-4f2b-b4ec-6292d1e06dcc,implement,1,spawn,2026-09-19T01:31:25.408Z
activation:17f2cc85-f8a6-40c3-969e-2a46a53a30f1:650416db-1303-44a8-aa50-0a9fbd94a9df:implement:1,17f2cc85-f8a6-40c3-969e-2a46a53a30f1,650416db-1303-44a8-aa50-0a9fbd94a9df,implement,1,spawn,2026-09-19T01:31:32.107Z
activation:aa055bc5-2925-4c07-868a-7666cbd21e11:b15740cb-ea84-47fb-82f1-587d33f2cb74:implement:1,aa055bc5-2925-4c07-868a-7666cbd21e11,b15740cb-ea84-47fb-82f1-587d33f2cb74,implement,1,spawn,2026-09-19T01:31:58.594Z
activation:c3edca58-9e3f-4e01-a7c7-860361034878:b297afc3-f73e-4bd1-ac0e-a4bf64d79b54:implement:1,c3edca58-9e3f-4e01-a7c7-860361034878,b297afc3-f73e-4bd1-ac0e-a4bf64d79b54,implement,1,spawn,2026-09-19T01:32:26.834Z
activation:13d1055c-3f6b-4f43-b0a9-5d6c27002a7c:b8c293f0-6968-4f33-8df7-e7e6aea2a7cb:implement:1,13d1055c-3f6b-4f43-b0a9-5d6c27002a7c,b8c293f0-6968-4f33-8df7-e7e6aea2a7cb,implement,1,spawn,2026-09-19T01:32:29.298Z
activation:87a41f0b-9ea3-49b6-95b5-8562e238530f:bb1505dc-ec3f-41e0-ac46-415f42544f61:implement:1,87a41f0b-9ea3-49b6-95b5-8562e238530f,bb1505dc-ec3f-41e0-ac46-415f42544f61,implement,1,spawn,2026-09-19T01:32:55.773Z
activation:b9a93861-c0a2-4c79-b8b2-f32248efe41b:bfccf333-618a-40b3-a0ea-8a2f5777cfd6:implement:1,b9a93861-c0a2-4c79-b8b2-f32248efe41b,bfccf333-618a-40b3-a0ea-8a2f5777cfd6,implement,1,spawn,2026-09-19T01:33:51.802Z
activation:a4498061-db25-460c-b1e1-38df5a0bd79c:b65b05e9-5c47-4266-a03b-097cd44ea87d:implement:1,a4498061-db25-460c-b1e1-38df5a0bd79c,b65b05e9-5c47-4266-a03b-097cd44ea87d,implement,1,spawn,2026-09-19T01:34:48.473Z
activation:5d516284-e645-4c93-ae55-3b108cceaef7:0b7f3dd9-6718-40b0-8968-d90be6f6af31:implement:1,5d516284-e645-4c93-ae55-3b108cceaef7,0b7f3dd9-6718-40b0-8968-d90be6f6af31,implement,1,spawn,2026-09-19T01:35:44.714Z
activation:b94d5d49-8e55-4450-b347-0279f792d161:650416db-1303-44a8-aa50-0a9fbd94a9df:implement:1,b94d5d49-8e55-4450-b347-0279f792d161,650416db-1303-44a8-aa50-0a9fbd94a9df,implement,1,spawn,2026-09-19T01:36:39.134Z
activation:24d624ec-8e82-44ae-9fb3-7b08e90005c6:b8c293f0-6968-4f33-8df7-e7e6aea2a7cb:implement:1,24d624ec-8e82-44ae-9fb3-7b08e90005c6,b8c293f0-6968-4f33-8df7-e7e6aea2a7cb,implement,1,spawn,2026-09-19T01:37:32.925Z
activation:2ddb8a06-2b6b-41f8-9eeb-d7a613d2c696:bb1505dc-ec3f-41e0-ac46-415f42544f61:implement:1,2ddb8a06-2b6b-41f8-9eeb-d7a613d2c696,bb1505dc-ec3f-41e0-ac46-415f42544f61,implement,1,spawn,2026-09-19T01:38:27.675Z
activation:7999f328-b167-45ac-983d-89a9b8378237:bfccf333-618a-40b3-a0ea-8a2f5777cfd6:implement:1,7999f328-b167-45ac-983d-89a9b8378237,bfccf333-618a-40b3-a0ea-8a2f5777cfd6,implement,1,spawn,2026-09-19T01:39:21.844Z
activation:17d6e9b2-e9a3-44a8-b129-4e05dc4dc4ee:b65b05e9-5c47-4266-a03b-097cd44ea87d:implement:1,17d6e9b2-e9a3-44a8-b129-4e05dc4dc4ee,b65b05e9-5c47-4266-a03b-097cd44ea87d,implement,1,spawn,2026-09-19T01:49:49.180Z
activation:810eac3f-af1a-42b0-a030-9c34fe1a52e9:0b7f3dd9-6718-40b0-8968-d90be6f6af31:implement:1,810eac3f-af1a-42b0-a030-9c34fe1a52e9,0b7f3dd9-6718-40b0-8968-d90be6f6af31,implement,1,spawn,2026-09-19T01:50:45.639Z
activation:01bc7404-5157-4c82-9304-0176c017ba18:650416db-1303-44a8-aa50-0a9fbd94a9df:implement:1,01bc7404-5157-4c82-9304-0176c017ba18,650416db-1303-44a8-aa50-0a9fbd94a9df,implement,1,spawn,2026-09-19T01:51:39.360Z
activation:70b84dfc-5d03-4b27-95a9-7617c53fae5c:b8c293f0-6968-4f33-8df7-e7e6aea2a7cb:implement:1,70b84dfc-5d03-4b27-95a9-7617c53fae5c,b8c293f0-6968-4f33-8df7-e7e6aea2a7cb,implement,1,spawn,2026-09-19T01:52:33.237Z
activation:9135fae4-38f7-4244-936c-3bdff8462f13:bb1505dc-ec3f-41e0-ac46-415f42544f61:implement:1,9135fae4-38f7-4244-936c-3bdff8462f13,bb1505dc-ec3f-41e0-ac46-415f42544f61,implement,1,spawn,2026-09-19T01:53:27.254Z
activation:f4861b98-e6ce-465a-b8a6-313174c5e838:bfccf333-618a-40b3-a0ea-8a2f5777cfd6:implement:1,f4861b98-e6ce-465a-b8a6-313174c5e838,bfccf333-618a-40b3-a0ea-8a2f5777cfd6,implement,1,spawn,2026-09-19T01:54:21.152Z
activation:b53c0695-ac5a-4bbe-9e35-1fe4ea9dbf57:d6b34663-d251-4174-9e96-281c09ae7241:implement:2,b53c0695-ac5a-4bbe-9e35-1fe4ea9dbf57,d6b34663-d251-4174-9e96-281c09ae7241,implement,2,replacement,2026-09-19T03:54:38.767Z
activation:fab1d005-8f88-4c78-a27d-c41c1cc2829c:d6b34663-d251-4174-9e96-281c09ae7241:implement:2,fab1d005-8f88-4c78-a27d-c41c1cc2829c,d6b34663-d251-4174-9e96-281c09ae7241,implement,2,replacement,2026-09-19T03:58:33.576Z
activation:b0ebc726-e93a-47b3-8ea5-87704b738ffa:d6b34663-d251-4174-9e96-281c09ae7241:implement:2,b0ebc726-e93a-47b3-8ea5-87704b738ffa,d6b34663-d251-4174-9e96-281c09ae7241,implement,2,replacement,2026-09-19T04:02:38.541Z
activation:235b48cb-0c9f-48f3-b481-0eb63bdc5a4c:eb652991-d6f8-48e4-b59a-1baf94747289:implement:1,235b48cb-0c9f-48f3-b481-0eb63bdc5a4c,eb652991-d6f8-48e4-b59a-1baf94747289,implement,1,spawn,2026-09-19T04:04:35.827Z
activation:9f360087-6397-4df6-ac10-01adbe6437ff:a2727d85-eb8b-4c63-87d9-049f149316ca:implement:1,9f360087-6397-4df6-ac10-01adbe6437ff,a2727d85-eb8b-4c63-87d9-049f149316ca,implement,1,spawn,2026-09-19T04:06:30.493Z
activation:f0de3427-ea88-415f-83cf-cefa333e06d1:c189ac65-2923-4b20-823e-df97bd46e3b0:implement:1,f0de3427-ea88-415f-83cf-cefa333e06d1,c189ac65-2923-4b20-823e-df97bd46e3b0,implement,1,spawn,2026-09-19T04:07:45.849Z
activation:8695f77b-bdc8-4b78-9447-5430910058f4:6f76d337-bc9d-4015-a4af-4d78d2e1da96:implement:1,8695f77b-bdc8-4b78-9447-5430910058f4,6f76d337-bc9d-4015-a4af-4d78d2e1da96,implement,1,spawn,2026-09-19T04:09:38.786Z
activation:593305db-38b9-4c7d-bb63-6d0f91dc3bf6:d6b34663-d251-4174-9e96-281c09ae7241:implement:2,593305db-38b9-4c7d-bb63-6d0f91dc3bf6,d6b34663-d251-4174-9e96-281c09ae7241,implement,2,replacement,2026-09-19T04:15:54.655Z
activation:66d57aff-5ecc-401d-b1d6-821eee25bb18:ffe54e53-8014-407e-91f4-72d20842e927:eng_design:1,66d57aff-5ecc-401d-b1d6-821eee25bb18,ffe54e53-8014-407e-91f4-72d20842e927,eng_design,1,spawn,2026-09-19T04:26:15.590Z
activation:00014f14-e10e-42e3-be4e-85a926f354ce:c189ac65-2923-4b20-823e-df97bd46e3b0:qa:1,00014f14-e10e-42e3-be4e-85a926f354ce,c189ac65-2923-4b20-823e-df97bd46e3b0,qa,1,spawn,2026-09-19T04:32:57.657Z
activation:rework:f430e3bf8421dc0d77835b27efb60e682fb856417e3a571fd51bcccf2be10555,f0de3427-ea88-415f-83cf-cefa333e06d1,c189ac65-2923-4b20-823e-df97bd46e3b0,implement,2,wake,2026-09-19T04:41:44.977Z
activation:02b50c77-b1ee-429b-aa74-a289a17f671d:e55e698d-953f-4c02-936d-752e66ca08db:implement:1,02b50c77-b1ee-429b-aa74-a289a17f671d,e55e698d-953f-4c02-936d-752e66ca08db,implement,1,spawn,2026-09-19T04:45:52.831Z
activation:7e695378-05a8-4166-894a-2b06addc3b22:7d5e7d68-8a02-4f4a-9db3-6ffc0d458d17:eng_design:1,7e695378-05a8-4166-894a-2b06addc3b22,7d5e7d68-8a02-4f4a-9db3-6ffc0d458d17,eng_design,1,spawn,2026-09-19T04:46:37.253Z
activation:ed79051f-89fb-4806-8fcf-0a463503b553:7380b8a8-a64c-480a-998c-3db98bd715ce:implement:1,ed79051f-89fb-4806-8fcf-0a463503b553,7380b8a8-a64c-480a-998c-3db98bd715ce,implement,1,spawn,2026-09-19T04:47:56.653Z
activation:878cb2cc-3782-4352-ac12-5dc408a35637:77b3413a-3616-464f-aead-14fe736558bd:implement:1,878cb2cc-3782-4352-ac12-5dc408a35637,77b3413a-3616-464f-aead-14fe736558bd,implement,1,spawn,2026-09-19T04:48:17.090Z
activation:4097085a-de3e-4fbf-8dfd-384eb19aa638:d6b8a817-6024-40e6-ae11-ef9da5e84f35:eng_design:1,4097085a-de3e-4fbf-8dfd-384eb19aa638,d6b8a817-6024-40e6-ae11-ef9da5e84f35,eng_design,1,spawn,2026-09-19T04:48:37.230Z
activation:rework:c4812748323d57b76504c8e8ada87647b85a14414195563281473c6041482a19,cce72933-c3b3-4ab7-981f-077b0689eb61,d6b34663-d251-4174-9e96-281c09ae7241,qa,2,wake,2026-09-19T04:49:07.847Z
activation:b3f5a3a1-4991-4fb7-8ba7-db876559fb1b:7d5e7d68-8a02-4f4a-9db3-6ffc0d458d17:implement:1,b3f5a3a1-4991-4fb7-8ba7-db876559fb1b,7d5e7d68-8a02-4f4a-9db3-6ffc0d458d17,implement,1,spawn,2026-09-19T04:49:47.058Z
activation:1bf97239-bc0a-4bfe-b2f8-cc623847aa56:d9cedcaa-7a12-452f-ba03-5728f915aff2:implement:1,1bf97239-bc0a-4bfe-b2f8-cc623847aa56,d9cedcaa-7a12-452f-ba03-5728f915aff2,implement,1,spawn,2026-09-19T04:49:57.317Z
activation:d249a2c3-2f7c-41c8-889f-373f6c79437e:e6bacd05-9b33-4021-b92b-eff2fc9abb94:implement:1,d249a2c3-2f7c-41c8-889f-373f6c79437e,e6bacd05-9b33-4021-b92b-eff2fc9abb94,implement,1,spawn,2026-09-19T04:50:57.740Z
activation:50e3b437-0618-4a9c-93b7-55b70e8ba6cd:d6b8a817-6024-40e6-ae11-ef9da5e84f35:implement:1,50e3b437-0618-4a9c-93b7-55b70e8ba6cd,d6b8a817-6024-40e6-ae11-ef9da5e84f35,implement,1,spawn,2026-09-19T04:52:52.691Z
activation:79c2ea49-1031-41d5-b4a2-0f5ddf81af8c:cd4f2a55-eecf-407d-ac6e-45c572c027e3:implement:1,79c2ea49-1031-41d5-b4a2-0f5ddf81af8c,cd4f2a55-eecf-407d-ac6e-45c572c027e3,implement,1,spawn,2026-09-19T04:56:01.356Z
activation:8aea8a08-79b5-4fa4-9e5a-5e7b35e7e091:c41c24e9-11c9-40ea-b242-3221139a9cc6:implement:1,8aea8a08-79b5-4fa4-9e5a-5e7b35e7e091,c41c24e9-11c9-40ea-b242-3221139a9cc6,implement,1,spawn,2026-09-19T05:02:49.630Z
activation:rework:3f7418a6fc113047cbaf1f7f28e74f13d4bb3c9d4835da75f77079d7fd6518fe,00014f14-e10e-42e3-be4e-85a926f354ce,c189ac65-2923-4b20-823e-df97bd46e3b0,qa,2,wake,2026-09-19T05:06:13.568Z
activation:48e79c56-d609-488d-b5fd-24fe51734af9:ffe54e53-8014-407e-91f4-72d20842e927:implement:1,48e79c56-d609-488d-b5fd-24fe51734af9,ffe54e53-8014-407e-91f4-72d20842e927,implement,1,spawn,2026-09-19T05:08:50.654Z
activation:d1c40d60-bbc9-4433-8f8d-23a704f57e52:eb652991-d6f8-48e4-b59a-1baf94747289:qa:1,d1c40d60-bbc9-4433-8f8d-23a704f57e52,eb652991-d6f8-48e4-b59a-1baf94747289,qa,1,spawn,2026-09-19T05:11:52.302Z
activation:ed1a734d-de3c-4908-b6cc-afa3ff49dbf4:c41c24e9-11c9-40ea-b242-3221139a9cc6:qa:1,ed1a734d-de3c-4908-b6cc-afa3ff49dbf4,c41c24e9-11c9-40ea-b242-3221139a9cc6,qa,1,spawn,2026-09-19T05:12:08.452Z
activation:rework:03d193c757a02765931535592a14413a7c88957b31cb9bb785e5cc4c83dad5e5,8aea8a08-79b5-4fa4-9e5a-5e7b35e7e091,c41c24e9-11c9-40ea-b242-3221139a9cc6,implement,2,wake,2026-09-19T05:14:17.417Z
activation:1b402afb-a31f-4cd6-9308-02537bdd755d:a2727d85-eb8b-4c63-87d9-049f149316ca:qa:1,1b402afb-a31f-4cd6-9308-02537bdd755d,a2727d85-eb8b-4c63-87d9-049f149316ca,qa,1,spawn,2026-09-19T05:15:13.111Z
activation:667f36fb-3708-4d33-b14a-f7b4663adbcd:e55e698d-953f-4c02-936d-752e66ca08db:qa:1,667f36fb-3708-4d33-b14a-f7b4663adbcd,e55e698d-953f-4c02-936d-752e66ca08db,qa,1,spawn,2026-09-19T05:22:13.901Z
activation:rework:fafa78372ea7ab81eb12c824b7058cc35770a6053ebd2111d6f8e26db9ee991d,235b48cb-0c9f-48f3-b481-0eb63bdc5a4c,eb652991-d6f8-48e4-b59a-1baf94747289,implement,2,wake,2026-09-19T05:24:54.138Z
activation:1880ed71-0ac9-423d-9009-203f3b06ba35:7d5e7d68-8a02-4f4a-9db3-6ffc0d458d17:implement:1,1880ed71-0ac9-423d-9009-203f3b06ba35,7d5e7d68-8a02-4f4a-9db3-6ffc0d458d17,implement,1,spawn,2026-09-19T05:25:34.356Z
activation:fa8a01f3-0295-46ef-8f03-4552f9151de8:6f76d337-bc9d-4015-a4af-4d78d2e1da96:implement:1,fa8a01f3-0295-46ef-8f03-4552f9151de8,6f76d337-bc9d-4015-a4af-4d78d2e1da96,implement,1,spawn,2026-09-19T05:26:54.853Z
activation:280b76d0-a82f-4766-9b35-b7ae6f339511:7380b8a8-a64c-480a-998c-3db98bd715ce:qa:1,280b76d0-a82f-4766-9b35-b7ae6f339511,7380b8a8-a64c-480a-998c-3db98bd715ce,qa,1,spawn,2026-09-19T05:28:34.355Z
activation:f96cfae5-6d03-4eae-bbee-9efa14cc4885:d6b34663-d251-4174-9e96-281c09ae7241:implement:3,f96cfae5-6d03-4eae-bbee-9efa14cc4885,d6b34663-d251-4174-9e96-281c09ae7241,implement,3,replacement,2026-09-19T05:32:38.958Z
activation:bc4d95cc-fbe2-4023-a49a-3358d1d9378d:6f76d337-bc9d-4015-a4af-4d78d2e1da96:implement:1,bc4d95cc-fbe2-4023-a49a-3358d1d9378d,6f76d337-bc9d-4015-a4af-4d78d2e1da96,implement,1,spawn,2026-09-19T05:35:48.508Z
activation:cb1ac6d6-1691-406c-b638-6a53c3d4e0ad:cd4f2a55-eecf-407d-ac6e-45c572c027e3:implement:1,cb1ac6d6-1691-406c-b638-6a53c3d4e0ad,cd4f2a55-eecf-407d-ac6e-45c572c027e3,implement,1,spawn,2026-09-19T05:36:52.651Z
activation:18113ed4-c675-49c0-8eea-64d1b9d615b3:5fc65e11-cceb-42a4-b61d-5413bc6b25d4:implement:1,18113ed4-c675-49c0-8eea-64d1b9d615b3,5fc65e11-cceb-42a4-b61d-5413bc6b25d4,implement,1,spawn,2026-09-19T05:46:59.233Z
activation:rework:294ebcf274834720950b5d0ac0493929e0d166fbcd0b596ef7486dd73f964a7a,d1c40d60-bbc9-4433-8f8d-23a704f57e52,eb652991-d6f8-48e4-b59a-1baf94747289,qa,2,wake,2026-09-19T05:53:35.832Z
activation:0ddf2a6e-7cdc-44c6-86c5-b56ad4918545:a2727d85-eb8b-4c63-87d9-049f149316ca:implement:2,0ddf2a6e-7cdc-44c6-86c5-b56ad4918545,a2727d85-eb8b-4c63-87d9-049f149316ca,implement,2,replacement,2026-09-19T06:27:02.666Z
activation:7e5d9975-0c83-40a3-8e6a-2682936aa6cc:6f76d337-bc9d-4015-a4af-4d78d2e1da96:qa:1,7e5d9975-0c83-40a3-8e6a-2682936aa6cc,6f76d337-bc9d-4015-a4af-4d78d2e1da96,qa,1,spawn,2026-09-19T06:31:14.739Z
activation:3c852082-962c-4701-a774-da28e429502e:cd4f2a55-eecf-407d-ac6e-45c572c027e3:implement:1,3c852082-962c-4701-a774-da28e429502e,cd4f2a55-eecf-407d-ac6e-45c572c027e3,implement,1,spawn,2026-09-19T07:09:13.041Z
activation:2e4ce4f6-e037-4e70-a8a7-1b02cfe18317:5fc65e11-cceb-42a4-b61d-5413bc6b25d4:implement:1,2e4ce4f6-e037-4e70-a8a7-1b02cfe18317,5fc65e11-cceb-42a4-b61d-5413bc6b25d4,implement,1,spawn,2026-09-19T07:13:51.301Z
activation:rework:86a49b20957bc1e28e0f037e610d596375d11a9bde863b0c7c8456a8d2ad0705,cce72933-c3b3-4ab7-981f-077b0689eb61,d6b34663-d251-4174-9e96-281c09ae7241,qa,3,wake,2026-09-19T07:15:10.723Z
activation:rework:8fe1474c008701833cb10782e704a6eed23f0ffaacf3002ebfa37f2a988cfb12,1b402afb-a31f-4cd6-9308-02537bdd755d,a2727d85-eb8b-4c63-87d9-049f149316ca,qa,2,wake,2026-09-19T07:19:55.048Z
activation:191c26f5-1201-4403-aecb-eb9552a4bfa8:d9cedcaa-7a12-452f-ba03-5728f915aff2:implement:1,191c26f5-1201-4403-aecb-eb9552a4bfa8,d9cedcaa-7a12-452f-ba03-5728f915aff2,implement,1,spawn,2026-09-19T07:33:33.935Z
activation:6e856e2c-24d7-4bce-90e4-f7d7bc628289:c41c24e9-11c9-40ea-b242-3221139a9cc6:implement:2,6e856e2c-24d7-4bce-90e4-f7d7bc628289,c41c24e9-11c9-40ea-b242-3221139a9cc6,implement,2,replacement,2026-09-19T07:35:55.734Z
activation:2e12bf93-5498-4460-9861-9cbd5d016bfd:77b3413a-3616-464f-aead-14fe736558bd:implement:1,2e12bf93-5498-4460-9861-9cbd5d016bfd,77b3413a-3616-464f-aead-14fe736558bd,implement,1,spawn,2026-09-19T07:38:35.507Z
activation:2606a25b-af5c-46ed-9db8-9c582c05c47d:d6b8a817-6024-40e6-ae11-ef9da5e84f35:qa:1,2606a25b-af5c-46ed-9db8-9c582c05c47d,d6b8a817-6024-40e6-ae11-ef9da5e84f35,qa,1,spawn,2026-09-19T07:58:19.918Z
activation:rework:becfc638410b1697ea2ad4dd04b2127db4d2fb034b0df3723f696b138f3a0ecd,50e3b437-0618-4a9c-93b7-55b70e8ba6cd,d6b8a817-6024-40e6-ae11-ef9da5e84f35,implement,2,wake,2026-09-19T08:21:59.588Z
activation:f28a69cd-780f-47ba-ba0f-a027d5271ec9:cd4f2a55-eecf-407d-ac6e-45c572c027e3:implement:1,f28a69cd-780f-47ba-ba0f-a027d5271ec9,cd4f2a55-eecf-407d-ac6e-45c572c027e3,implement,1,spawn,2026-09-19T08:24:14.304Z
activation:4f1f43fd-7c08-4ac3-88ad-d56b546110f6:77b3413a-3616-464f-aead-14fe736558bd:implement:1,4f1f43fd-7c08-4ac3-88ad-d56b546110f6,77b3413a-3616-464f-aead-14fe736558bd,implement,1,spawn,2026-09-19T08:25:09.025Z
activation:fbf9a45c-3d06-4205-adb5-daea941d7369:d9cedcaa-7a12-452f-ba03-5728f915aff2:implement:1,fbf9a45c-3d06-4205-adb5-daea941d7369,d9cedcaa-7a12-452f-ba03-5728f915aff2,implement,1,spawn,2026-09-19T08:26:02.345Z
activation:09529162-afa3-4818-a743-268c7a686c6e:c41c24e9-11c9-40ea-b242-3221139a9cc6:implement:2,09529162-afa3-4818-a743-268c7a686c6e,c41c24e9-11c9-40ea-b242-3221139a9cc6,implement,2,replacement,2026-09-19T08:26:05.824Z
activation:ede9e63f-99af-4438-8b3d-61d58acb9d23:5fc65e11-cceb-42a4-b61d-5413bc6b25d4:implement:1,ede9e63f-99af-4438-8b3d-61d58acb9d23,5fc65e11-cceb-42a4-b61d-5413bc6b25d4,implement,1,spawn,2026-09-19T08:26:09.274Z
activation:4c7ec945-2cb8-42de-a69c-3e7bad60df7f:d6b8a817-6024-40e6-ae11-ef9da5e84f35:implement:2,4c7ec945-2cb8-42de-a69c-3e7bad60df7f,d6b8a817-6024-40e6-ae11-ef9da5e84f35,implement,2,replacement,2026-09-19T08:27:02.430Z
activation:6a90a220-22bd-433d-bb10-f31488236963:d6b8a817-6024-40e6-ae11-ef9da5e84f35:implement:2,6a90a220-22bd-433d-bb10-f31488236963,d6b8a817-6024-40e6-ae11-ef9da5e84f35,implement,2,replacement,2026-09-19T08:30:55.984Z
activation:5aab2198-6b5e-4ce7-a255-4c490615cbea:d6b8a817-6024-40e6-ae11-ef9da5e84f35:implement:2,5aab2198-6b5e-4ce7-a255-4c490615cbea,d6b8a817-6024-40e6-ae11-ef9da5e84f35,implement,2,replacement,2026-09-19T08:34:50.973Z
activation:b2e3830c-d93c-4b1e-a6ca-bc8c3e411469:77b3413a-3616-464f-aead-14fe736558bd:implement:1,b2e3830c-d93c-4b1e-a6ca-bc8c3e411469,77b3413a-3616-464f-aead-14fe736558bd,implement,1,spawn,2026-09-19T08:40:09.781Z
activation:af53b359-7e81-4471-b9d0-5304fb57e16e:5fc65e11-cceb-42a4-b61d-5413bc6b25d4:implement:1,af53b359-7e81-4471-b9d0-5304fb57e16e,5fc65e11-cceb-42a4-b61d-5413bc6b25d4,implement,1,spawn,2026-09-19T08:41:06.621Z
activation:a9079126-80c1-47b0-9c5d-3f1dc4b138e6:d6b8a817-6024-40e6-ae11-ef9da5e84f35:implement:2,a9079126-80c1-47b0-9c5d-3f1dc4b138e6,d6b8a817-6024-40e6-ae11-ef9da5e84f35,implement,2,replacement,2026-09-19T08:48:13.872Z
activation:rework:c708833235b06f252141f481f6552836510b0880903926aacec386f6694aea71,f96cfae5-6d03-4eae-bbee-9efa14cc4885,d6b34663-d251-4174-9e96-281c09ae7241,implement,4,wake,2026-09-19T15:44:25.163Z
activation:799069ce-29fa-4494-b0ef-a95719b70b2d:d6b34663-d251-4174-9e96-281c09ae7241:implement:4,799069ce-29fa-4494-b0ef-a95719b70b2d,d6b34663-d251-4174-9e96-281c09ae7241,implement,4,replacement,2026-09-19T15:44:25.426Z
activation:e7a34162-0848-41cd-b030-3f9c19be47b7:d6b34663-d251-4174-9e96-281c09ae7241:implement:4,e7a34162-0848-41cd-b030-3f9c19be47b7,d6b34663-d251-4174-9e96-281c09ae7241,implement,4,replacement,2026-09-19T15:48:50.251Z
activation:rework:83953e28ba2b9365ad2cceaf212a20321dc1053a32d1ef86b98234b6d391ca44,235b48cb-0c9f-48f3-b481-0eb63bdc5a4c,eb652991-d6f8-48e4-b59a-1baf94747289,implement,3,wake,2026-09-19T15:50:00.129Z
activation:657bd84c-1010-4bd9-8835-68b654241b6a:d6b34663-d251-4174-9e96-281c09ae7241:implement:4,657bd84c-1010-4bd9-8835-68b654241b6a,d6b34663-d251-4174-9e96-281c09ae7241,implement,4,replacement,2026-09-19T15:53:00.188Z
activation:rework:68b648f87149d2845c23f3a49607fd659fb6e4a4f2fc8820f7c0b5e061f1230b,7e5d9975-0c83-40a3-8e6a-2682936aa6cc,6f76d337-bc9d-4015-a4af-4d78d2e1da96,qa,2,wake,2026-09-20T21:28:08.232Z
activation:f15ad189-63a1-49e1-b2f4-a3b15cb4a64a:4d8bcb46-7b51-4339-8e92-f0c46820d86b:implement:1,f15ad189-63a1-49e1-b2f4-a3b15cb4a64a,4d8bcb46-7b51-4339-8e92-f0c46820d86b,implement,1,spawn,2026-09-20T21:31:32.845Z
activation:481af938-0103-46ae-a568-dc2acb457ea2:82f0f3a5-8564-471f-8dcf-209fbf04793e:eng_design:1,481af938-0103-46ae-a568-dc2acb457ea2,82f0f3a5-8564-471f-8dcf-209fbf04793e,eng_design,1,spawn,2026-09-20T21:34:09.967Z
activation:e9916077-f18b-4797-9955-7bcdde2fe01d:50898ad0-107e-45fa-8a85-0569b332a799:eng_design:1,e9916077-f18b-4797-9955-7bcdde2fe01d,50898ad0-107e-45fa-8a85-0569b332a799,eng_design,1,spawn,2026-09-20T21:36:42.322Z
activation:225b9ad5-2785-4416-a89a-ea1f3b534344:e3953013-ab39-420d-af22-914cca1404b8:eng_design:1,225b9ad5-2785-4416-a89a-ea1f3b534344,e3953013-ab39-420d-af22-914cca1404b8,eng_design,1,spawn,2026-09-20T21:40:07.946Z
activation:87f166c8-c9c4-4043-bd4e-7130997fdccf:3f788ab3-b20b-4aa0-a1e0-914a78478bb8:eng_design:1,87f166c8-c9c4-4043-bd4e-7130997fdccf,3f788ab3-b20b-4aa0-a1e0-914a78478bb8,eng_design,1,spawn,2026-09-20T21:42:32.415Z
activation:3a6c603a-ae9e-4302-a397-52430829830d:e3953013-ab39-420d-af22-914cca1404b8:implement:1,3a6c603a-ae9e-4302-a397-52430829830d,e3953013-ab39-420d-af22-914cca1404b8,implement,1,spawn,2026-09-20T21:44:52.941Z
activation:14f73b84-ddd1-4ed6-af00-f22745edfd7d:50898ad0-107e-45fa-8a85-0569b332a799:implement:1,14f73b84-ddd1-4ed6-af00-f22745edfd7d,50898ad0-107e-45fa-8a85-0569b332a799,implement,1,spawn,2026-09-20T21:46:43.178Z
activation:3cd9723d-dfbc-4485-998c-d70ba956bfd4:82f0f3a5-8564-471f-8dcf-209fbf04793e:implement:1,3cd9723d-dfbc-4485-998c-d70ba956bfd4,82f0f3a5-8564-471f-8dcf-209fbf04793e,implement,1,spawn,2026-09-20T22:12:01.766Z
activation:cc274bce-9867-4f06-a7d5-94143939735e:3f788ab3-b20b-4aa0-a1e0-914a78478bb8:implement:1,cc274bce-9867-4f06-a7d5-94143939735e,3f788ab3-b20b-4aa0-a1e0-914a78478bb8,implement,1,spawn,2026-09-20T22:37:28.275Z
activation:93cf2eeb-2ce7-40d6-bf30-a787f1a44847:f634fbc3-c649-4c8e-9eb2-4db98618a0c2:implement:1,93cf2eeb-2ce7-40d6-bf30-a787f1a44847,f634fbc3-c649-4c8e-9eb2-4db98618a0c2,implement,1,spawn,2026-09-20T22:38:53.108Z
activation:eb4837d6-21fe-4e41-9ef0-a5a146c973b9:4536796c-d5d4-4cad-88d9-326f5c0bbfa8:implement:1,eb4837d6-21fe-4e41-9ef0-a5a146c973b9,4536796c-d5d4-4cad-88d9-326f5c0bbfa8,implement,1,spawn,2026-09-20T22:57:27.949Z
activation:a1f9e00f-c26d-440d-9ac1-daf82ccd75b1:f634fbc3-c649-4c8e-9eb2-4db98618a0c2:qa:1,a1f9e00f-c26d-440d-9ac1-daf82ccd75b1,f634fbc3-c649-4c8e-9eb2-4db98618a0c2,qa,1,spawn,2026-09-20T22:59:29.649Z
activation:ec523f20-a437-4c81-a68b-dacd45022a79:4d8bcb46-7b51-4339-8e92-f0c46820d86b:qa:1,ec523f20-a437-4c81-a68b-dacd45022a79,4d8bcb46-7b51-4339-8e92-f0c46820d86b,qa,1,spawn,2026-09-20T23:05:03.755Z
activation:cd6f1220-3cd0-4f72-b0c5-8ef8ee2a485d:e3953013-ab39-420d-af22-914cca1404b8:qa:1,cd6f1220-3cd0-4f72-b0c5-8ef8ee2a485d,e3953013-ab39-420d-af22-914cca1404b8,qa,1,spawn,2026-09-20T23:14:06.290Z
activation:c694312d-f54b-4a41-a206-11fdd2d70576:50898ad0-107e-45fa-8a85-0569b332a799:qa:1,c694312d-f54b-4a41-a206-11fdd2d70576,50898ad0-107e-45fa-8a85-0569b332a799,qa,1,spawn,2026-09-20T23:21:28.411Z
activation:525c3f9d-226e-4ca1-b131-acad152166b7:83175fd7-d0ae-44e9-92b3-29657908a1f2:implement:1,525c3f9d-226e-4ca1-b131-acad152166b7,83175fd7-d0ae-44e9-92b3-29657908a1f2,implement,1,spawn,2026-09-20T23:53:53.435Z
activation:ccfee0b6-7a6a-4da8-b1a4-39b930c84378:83175fd7-d0ae-44e9-92b3-29657908a1f2:qa:1,ccfee0b6-7a6a-4da8-b1a4-39b930c84378,83175fd7-d0ae-44e9-92b3-29657908a1f2,qa,1,spawn,2026-09-20T23:58:03.756Z
activation:rework:598aff46ebb75b30cdad0dc5807a5754d4e8a1d782721a05aed1b53cedb9f20f,525c3f9d-226e-4ca1-b131-acad152166b7,83175fd7-d0ae-44e9-92b3-29657908a1f2,implement,2,wake,2026-09-21T00:24:52.732Z
activation:9ba1a956-2ece-4603-ae43-542f54a1624b:4536796c-d5d4-4cad-88d9-326f5c0bbfa8:qa:1,9ba1a956-2ece-4603-ae43-542f54a1624b,4536796c-d5d4-4cad-88d9-326f5c0bbfa8,qa,1,spawn,2026-09-21T01:02:44.407Z
activation:78996bcb-071d-4a01-9ec1-7268f6c06c3a:3f788ab3-b20b-4aa0-a1e0-914a78478bb8:qa:1,78996bcb-071d-4a01-9ec1-7268f6c06c3a,3f788ab3-b20b-4aa0-a1e0-914a78478bb8,qa,1,spawn,2026-09-21T01:15:31.595Z
activation:rework:f92601a0b8ab3b6ffaf02c46fab3da4e2567a5909df820b151a21734d4922901,ccfee0b6-7a6a-4da8-b1a4-39b930c84378,83175fd7-d0ae-44e9-92b3-29657908a1f2,qa,2,wake,2026-09-21T01:32:52.489Z
activation:rework:321c09a234b26fede676b98e735f05da967250e43313398e09ba1936c237cfcc,cc274bce-9867-4f06-a7d5-94143939735e,3f788ab3-b20b-4aa0-a1e0-914a78478bb8,implement,2,wake,2026-09-21T01:35:01.522Z
activation:rework:4e7eb0deaace65170b29f84265c71e43504e53837753a68c2f0bfb1a9f2f4ffe,525c3f9d-226e-4ca1-b131-acad152166b7,83175fd7-d0ae-44e9-92b3-29657908a1f2,implement,3,wake,2026-09-21T01:49:39.011Z
activation:rework:70cbd89038a9bddab9d958b9d1f3cf667c1015160c00bb5790cbdcb6776090bb,eb4837d6-21fe-4e41-9ef0-a5a146c973b9,4536796c-d5d4-4cad-88d9-326f5c0bbfa8,implement,2,wake,2026-09-21T01:52:01.599Z
activation:2898b769-0db6-43a5-9f2c-41fe2dbf256c:82f0f3a5-8564-471f-8dcf-209fbf04793e:qa:1,2898b769-0db6-43a5-9f2c-41fe2dbf256c,82f0f3a5-8564-471f-8dcf-209fbf04793e,qa,1,spawn,2026-09-21T02:25:42.648Z
activation:35bb76d1-d69f-4384-b4d9-15bc18cd888e:e55e698d-953f-4c02-936d-752e66ca08db:implement:2,35bb76d1-d69f-4384-b4d9-15bc18cd888e,e55e698d-953f-4c02-936d-752e66ca08db,implement,2,replacement,2026-09-21T02:26:25.213Z
activation:rework:4bf3aa161b5bb5e0a11f41dbcc9901b00fff729279a38c54c4772ec4d4591cf6,3cd9723d-dfbc-4485-998c-d70ba956bfd4,82f0f3a5-8564-471f-8dcf-209fbf04793e,implement,2,wake,2026-09-21T02:27:36.199Z
activation:70d8138d-bbcf-4818-a88a-34a44070031c:4d8bcb46-7b51-4339-8e92-f0c46820d86b:implement:2,70d8138d-bbcf-4818-a88a-34a44070031c,4d8bcb46-7b51-4339-8e92-f0c46820d86b,implement,2,replacement,2026-09-21T02:31:02.315Z
activation:8f3cf497-4a32-4474-ac8f-a31d4ee6795f:82f0f3a5-8564-471f-8dcf-209fbf04793e:implement:2,8f3cf497-4a32-4474-ac8f-a31d4ee6795f,82f0f3a5-8564-471f-8dcf-209fbf04793e,implement,2,replacement,2026-09-21T02:31:57.598Z
activation:2e7b9185-572e-42e9-aa6a-81d5bc479042:3f788ab3-b20b-4aa0-a1e0-914a78478bb8:implement:2,2e7b9185-572e-42e9-aa6a-81d5bc479042,3f788ab3-b20b-4aa0-a1e0-914a78478bb8,implement,2,replacement,2026-09-21T02:32:52.296Z
activation:00105d87-da96-4b0e-92b5-a0403e114736:4536796c-d5d4-4cad-88d9-326f5c0bbfa8:implement:2,00105d87-da96-4b0e-92b5-a0403e114736,4536796c-d5d4-4cad-88d9-326f5c0bbfa8,implement,2,replacement,2026-09-21T02:33:46.434Z
activation:f3a6d5bb-7a47-4495-8631-c690004c7aca:e55e698d-953f-4c02-936d-752e66ca08db:implement:2,f3a6d5bb-7a47-4495-8631-c690004c7aca,e55e698d-953f-4c02-936d-752e66ca08db,implement,2,replacement,2026-09-21T02:34:41.394Z
activation:1044db8a-b2ea-463e-af00-2bf68a31a561:4d8bcb46-7b51-4339-8e92-f0c46820d86b:implement:2,1044db8a-b2ea-463e-af00-2bf68a31a561,4d8bcb46-7b51-4339-8e92-f0c46820d86b,implement,2,replacement,2026-09-21T02:35:35.481Z
activation:7cb6bb97-0121-4283-bf04-b2f84a8b52e0:82f0f3a5-8564-471f-8dcf-209fbf04793e:implement:2,7cb6bb97-0121-4283-bf04-b2f84a8b52e0,82f0f3a5-8564-471f-8dcf-209fbf04793e,implement,2,replacement,2026-09-21T02:36:29.761Z
activation:ae28598b-ba76-456a-a386-d97220c78622:3f788ab3-b20b-4aa0-a1e0-914a78478bb8:implement:2,ae28598b-ba76-456a-a386-d97220c78622,3f788ab3-b20b-4aa0-a1e0-914a78478bb8,implement,2,replacement,2026-09-21T02:37:26.723Z
activation:8d7e8392-5b70-4b3b-9a82-c37325670388:4536796c-d5d4-4cad-88d9-326f5c0bbfa8:implement:2,8d7e8392-5b70-4b3b-9a82-c37325670388,4536796c-d5d4-4cad-88d9-326f5c0bbfa8,implement,2,replacement,2026-09-21T02:38:20.202Z
activation:7f67d9b1-f482-48f3-9501-39d8c848a9cd:e55e698d-953f-4c02-936d-752e66ca08db:implement:2,7f67d9b1-f482-48f3-9501-39d8c848a9cd,e55e698d-953f-4c02-936d-752e66ca08db,implement,2,replacement,2026-09-21T02:39:13.812Z
activation:8afd8e3d-593d-414b-a27d-389b93ba5826:4d8bcb46-7b51-4339-8e92-f0c46820d86b:implement:2,8afd8e3d-593d-414b-a27d-389b93ba5826,4d8bcb46-7b51-4339-8e92-f0c46820d86b,implement,2,replacement,2026-09-21T02:40:08.434Z
activation:8d77a59f-e6c2-4823-baf4-63539656cf04:82f0f3a5-8564-471f-8dcf-209fbf04793e:implement:2,8d77a59f-e6c2-4823-baf4-63539656cf04,82f0f3a5-8564-471f-8dcf-209fbf04793e,implement,2,replacement,2026-09-21T02:41:02.607Z
activation:bd9a8609-83c2-4c65-bc31-0de4842f342e:3f788ab3-b20b-4aa0-a1e0-914a78478bb8:implement:2,bd9a8609-83c2-4c65-bc31-0de4842f342e,3f788ab3-b20b-4aa0-a1e0-914a78478bb8,implement,2,replacement,2026-09-21T02:41:56.928Z
activation:bbdcdd5e-7a25-42cd-a71f-155c98e79ff4:4536796c-d5d4-4cad-88d9-326f5c0bbfa8:implement:2,bbdcdd5e-7a25-42cd-a71f-155c98e79ff4,4536796c-d5d4-4cad-88d9-326f5c0bbfa8,implement,2,replacement,2026-09-21T02:42:51.478Z
activation:6ab70b5b-98e5-49ef-a9f6-8d77ecac762f:e55e698d-953f-4c02-936d-752e66ca08db:implement:2,6ab70b5b-98e5-49ef-a9f6-8d77ecac762f,e55e698d-953f-4c02-936d-752e66ca08db,implement,2,replacement,2026-09-21T02:52:27.700Z
activation:b8231d24-d578-4ccc-944b-d3968251eb99:4d8bcb46-7b51-4339-8e92-f0c46820d86b:implement:2,b8231d24-d578-4ccc-944b-d3968251eb99,4d8bcb46-7b51-4339-8e92-f0c46820d86b,implement,2,replacement,2026-09-21T02:53:23.084Z
activation:ba61a55c-84e7-4761-902d-a16f857ca02d:3f788ab3-b20b-4aa0-a1e0-914a78478bb8:implement:2,ba61a55c-84e7-4761-902d-a16f857ca02d,3f788ab3-b20b-4aa0-a1e0-914a78478bb8,implement,2,replacement,2026-09-21T02:55:09.182Z
activation:51dd4a57-3248-425d-b27b-4f8b1498efc9:82f0f3a5-8564-471f-8dcf-209fbf04793e:implement:2,51dd4a57-3248-425d-b27b-4f8b1498efc9,82f0f3a5-8564-471f-8dcf-209fbf04793e,implement,2,replacement,2026-09-21T02:56:03.569Z
activation:0d0e5d0a-0856-4a83-85f5-9ec34bc99add:4536796c-d5d4-4cad-88d9-326f5c0bbfa8:implement:2,0d0e5d0a-0856-4a83-85f5-9ec34bc99add,4536796c-d5d4-4cad-88d9-326f5c0bbfa8,implement,2,replacement,2026-09-21T02:56:58.117Z
activation:091bf4bc-5b91-4c91-bec1-b4db24aa34b2:d7aa7ffd-f9f7-4ab1-b997-d3b5a36ffc18:implement:1,091bf4bc-5b91-4c91-bec1-b4db24aa34b2,d7aa7ffd-f9f7-4ab1-b997-d3b5a36ffc18,implement,1,spawn,2026-09-21T05:02:56.205Z
activation:1c7c4902-97e9-4d96-b0cc-e75c096163d3:d7aa7ffd-f9f7-4ab1-b997-d3b5a36ffc18:implement:1,1c7c4902-97e9-4d96-b0cc-e75c096163d3,d7aa7ffd-f9f7-4ab1-b997-d3b5a36ffc18,implement,1,spawn,2026-09-21T05:04:12.308Z
activation:782efee4-b6c2-4065-ac0d-e4157aee886a:09c95430-90ba-49f5-8048-61b72713dac4:implement:1,782efee4-b6c2-4065-ac0d-e4157aee886a,09c95430-90ba-49f5-8048-61b72713dac4,implement,1,spawn,2026-09-21T07:11:28.118Z
activation:cec909c2-b2ce-492a-9c7e-9228b5144be7:837d99b5-085a-4cf6-93dd-652c82f01c7f:implement:1,cec909c2-b2ce-492a-9c7e-9228b5144be7,837d99b5-085a-4cf6-93dd-652c82f01c7f,implement,1,spawn,2026-09-21T07:12:43.772Z
activation:256b630f-6bdb-4d07-9288-e390da275636:18a7ba4b-f615-42b8-a2a7-6a79641c9833:implement:1,256b630f-6bdb-4d07-9288-e390da275636,18a7ba4b-f615-42b8-a2a7-6a79641c9833,implement,1,spawn,2026-09-21T07:13:10.769Z
activation:68ac8a30-5f45-419d-a928-d29a0f16a208:ff0ad0f3-c7bd-403b-b374-102c7c24ac32:implement:1,68ac8a30-5f45-419d-a928-d29a0f16a208,ff0ad0f3-c7bd-403b-b374-102c7c24ac32,implement,1,spawn,2026-09-21T07:13:42.558Z
activation:053c4533-7820-424f-a56d-6c5026713c17:eac6b4cc-8e90-48fc-97b4-e2ba7c9f3fc2:implement:1,053c4533-7820-424f-a56d-6c5026713c17,eac6b4cc-8e90-48fc-97b4-e2ba7c9f3fc2,implement,1,spawn,2026-09-21T07:14:12.888Z
activation:4cbbecad-2f5b-4826-aedd-76785c69e75f:24e415a2-0ba5-44b8-98f1-48824f53de96:implement:1,4cbbecad-2f5b-4826-aedd-76785c69e75f,24e415a2-0ba5-44b8-98f1-48824f53de96,implement,1,spawn,2026-09-21T07:14:40.820Z
activation:488c31f2-1fa2-469b-91a2-4ac7793ef1d6:09c95430-90ba-49f5-8048-61b72713dac4:qa:1,488c31f2-1fa2-469b-91a2-4ac7793ef1d6,09c95430-90ba-49f5-8048-61b72713dac4,qa,1,spawn,2026-09-22T02:56:01.396Z
activation:769438fc-85e7-4d56-bcb3-19f26c16c81d:24e415a2-0ba5-44b8-98f1-48824f53de96:qa:1,769438fc-85e7-4d56-bcb3-19f26c16c81d,24e415a2-0ba5-44b8-98f1-48824f53de96,qa,1,spawn,2026-09-22T02:56:11.650Z
activation:7f258d95-7e02-4e1a-841e-4b5474d3e5d1:ff0ad0f3-c7bd-403b-b374-102c7c24ac32:qa:1,7f258d95-7e02-4e1a-841e-4b5474d3e5d1,ff0ad0f3-c7bd-403b-b374-102c7c24ac32,qa,1,spawn,2026-09-22T02:56:22.119Z
activation:8f4d89ee-5106-4fb3-ac4c-9b7d5067cf75:18a7ba4b-f615-42b8-a2a7-6a79641c9833:qa:1,8f4d89ee-5106-4fb3-ac4c-9b7d5067cf75,18a7ba4b-f615-42b8-a2a7-6a79641c9833,qa,1,spawn,2026-09-22T02:56:32.011Z
activation:37d15e2b-94f4-4092-a6bf-c754ae67dc97:837d99b5-085a-4cf6-93dd-652c82f01c7f:qa:1,37d15e2b-94f4-4092-a6bf-c754ae67dc97,837d99b5-085a-4cf6-93dd-652c82f01c7f,qa,1,spawn,2026-09-22T02:56:42.338Z
activation:c8c0a953-0b16-4c17-aae9-9bb727d35c5a:eac6b4cc-8e90-48fc-97b4-e2ba7c9f3fc2:qa:1,c8c0a953-0b16-4c17-aae9-9bb727d35c5a,eac6b4cc-8e90-48fc-97b4-e2ba7c9f3fc2,qa,1,spawn,2026-09-22T02:56:52.444Z
activation:6f31f6b5-dea4-4be4-8244-15fd26301bfa:3705ccbb-4976-49b9-9a67-a6ebd6a56b39:implement:1,6f31f6b5-dea4-4be4-8244-15fd26301bfa,3705ccbb-4976-49b9-9a67-a6ebd6a56b39,implement,1,spawn,2026-09-22T03:03:33.379Z
activation:7c27b7ca-1383-41f5-88ec-4a7bf6f12bcf:eac6b4cc-8e90-48fc-97b4-e2ba7c9f3fc2:implement:2,7c27b7ca-1383-41f5-88ec-4a7bf6f12bcf,eac6b4cc-8e90-48fc-97b4-e2ba7c9f3fc2,implement,2,replacement,2026-09-22T03:13:50.581Z
activation:7e957f13-c0e3-45fa-ad74-a781ac8ee0a7:6a234458-fcc4-4565-a4a3-ac10fd29d815:implement:1,7e957f13-c0e3-45fa-ad74-a781ac8ee0a7,6a234458-fcc4-4565-a4a3-ac10fd29d815,implement,1,spawn,2026-09-22T03:18:03.176Z
activation:6047cd7b-e502-4b07-8733-828aca3881b7:6a234458-fcc4-4565-a4a3-ac10fd29d815:qa:1,6047cd7b-e502-4b07-8733-828aca3881b7,6a234458-fcc4-4565-a4a3-ac10fd29d815,qa,1,spawn,2026-09-22T04:40:29.113Z
activation:cbca88b1-189d-4f11-81f1-fbc769d97ffb:09c95430-90ba-49f5-8048-61b72713dac4:implement:2,cbca88b1-189d-4f11-81f1-fbc769d97ffb,09c95430-90ba-49f5-8048-61b72713dac4,implement,2,replacement,2026-09-22T04:50:48.699Z
activation:c227aeb2-2753-4f7f-8d0f-cf13e8097c63:3705ccbb-4976-49b9-9a67-a6ebd6a56b39:qa:1,c227aeb2-2753-4f7f-8d0f-cf13e8097c63,3705ccbb-4976-49b9-9a67-a6ebd6a56b39,qa,1,spawn,2026-09-22T05:08:27.619Z
activation:74b34e1c-f365-49d3-a583-ed04006d46a5:1314690d-b2dd-4211-9bab-bd39ca94128d:implement:1,74b34e1c-f365-49d3-a583-ed04006d46a5,1314690d-b2dd-4211-9bab-bd39ca94128d,implement,1,spawn,2026-09-22T05:26:08.083Z
activation:691caca6-f623-4187-9ddf-e3483dc57ccf:3065e8d4-993e-43d9-a66a-28b59f3d36e5:implement:1,691caca6-f623-4187-9ddf-e3483dc57ccf,3065e8d4-993e-43d9-a66a-28b59f3d36e5,implement,1,spawn,2026-09-22T05:29:18.883Z
activation:rework:b38970452816a02535b590a194adb025842cf7dd8e324457f82822486db57c86,488c31f2-1fa2-469b-91a2-4ac7793ef1d6,09c95430-90ba-49f5-8048-61b72713dac4,qa,2,wake,2026-09-22T05:42:31.916Z
activation:rework:0afa55582b215ae7bcbb24fa25dbac56e53be7f62e8febfe19a115061be6fe1a,c8c0a953-0b16-4c17-aae9-9bb727d35c5a,eac6b4cc-8e90-48fc-97b4-e2ba7c9f3fc2,qa,2,wake,2026-09-22T06:13:40.246Z
activation:rework:166760b0376691f091685a8d80e5daa984dbfadf349296712f472761c1050b73,cbca88b1-189d-4f11-81f1-fbc769d97ffb,09c95430-90ba-49f5-8048-61b72713dac4,implement,3,wake,2026-09-22T06:46:12.727Z
activation:rework:871c505674e840aaeb2e5e54d81c9ce3aa17135618ac364379d8fc35c76117e6,488c31f2-1fa2-469b-91a2-4ac7793ef1d6,09c95430-90ba-49f5-8048-61b72713dac4,qa,3,wake,2026-09-22T07:04:00.217Z
activation:a466cb95-fab3-4385-ab88-5d81c066dd2f:fec3e02d-ba7e-407c-a55d-87ee17313e30:implement:1,a466cb95-fab3-4385-ab88-5d81c066dd2f,fec3e02d-ba7e-407c-a55d-87ee17313e30,implement,1,spawn,2026-09-22T07:36:25.101Z
activation:rework:134f200d93c03c65300935788099c6d90b36b4ec36b75b4721a805bc6ed2fd6e,7c27b7ca-1383-41f5-88ec-4a7bf6f12bcf,eac6b4cc-8e90-48fc-97b4-e2ba7c9f3fc2,implement,3,wake,2026-09-22T08:00:06.827Z
activation:c3b49431-84a6-41a2-95ba-a50655298f83:1314690d-b2dd-4211-9bab-bd39ca94128d:qa:1,c3b49431-84a6-41a2-95ba-a50655298f83,1314690d-b2dd-4211-9bab-bd39ca94128d,qa,1,spawn,2026-09-22T08:22:06.149Z
activation:1f905e04-42f2-4774-95cb-ee470931d9d2:3065e8d4-993e-43d9-a66a-28b59f3d36e5:qa:1,1f905e04-42f2-4774-95cb-ee470931d9d2,3065e8d4-993e-43d9-a66a-28b59f3d36e5,qa,1,spawn,2026-09-22T08:35:32.874Z
activation:rework:3a186019d396dfcc23b0fb1aaf87020530199f837c39b3a3ff29da89570290f7,c8c0a953-0b16-4c17-aae9-9bb727d35c5a,eac6b4cc-8e90-48fc-97b4-e2ba7c9f3fc2,qa,3,wake,2026-09-22T08:45:27.632Z
activation:rework:e5ba70e6a9525b2e0f885c832083df07f41726c4bb72f350445e552b967d0cb8,74b34e1c-f365-49d3-a583-ed04006d46a5,1314690d-b2dd-4211-9bab-bd39ca94128d,implement,2,wake,2026-09-22T08:50:07.069Z
activation:rework:6de35fe3b7c134a4de22f610fb369a1f91187d82f2dfa07125883c30fc0eee52,691caca6-f623-4187-9ddf-e3483dc57ccf,3065e8d4-993e-43d9-a66a-28b59f3d36e5,implement,2,wake,2026-09-22T08:55:57.670Z
activation:rework:377d58638cef4c9355e2acdbe12dc680b2f1ce8a1aef6afad081d1e7fc547f86,c3b49431-84a6-41a2-95ba-a50655298f83,1314690d-b2dd-4211-9bab-bd39ca94128d,qa,2,wake,2026-09-22T08:58:09.285Z
activation:rework:3df17690be60498dd5f3a0c97fc162a9f7269fae14e9388b4938022efdcca924,1f905e04-42f2-4774-95cb-ee470931d9d2,3065e8d4-993e-43d9-a66a-28b59f3d36e5,qa,2,wake,2026-09-22T09:43:47.787Z
activation:d7e64f19-6560-46ad-9194-d544b6011d7a:853019fd-8da6-451b-bfab-ef851424a9a5:implement:1,d7e64f19-6560-46ad-9194-d544b6011d7a,853019fd-8da6-451b-bfab-ef851424a9a5,implement,1,spawn,2026-09-22T16:07:16.704Z
activation:64251181-b0ad-487e-8901-ad8e976ffbc9:853019fd-8da6-451b-bfab-ef851424a9a5:implement:1,64251181-b0ad-487e-8901-ad8e976ffbc9,853019fd-8da6-451b-bfab-ef851424a9a5,implement,1,spawn,2026-09-22T16:08:37.927Z
activation:01f47121-a6ea-49ee-a8d8-dc5a472d1681:f8bd1b21-6ab2-4baf-a2a9-a93d5473bf71:implement:1,01f47121-a6ea-49ee-a8d8-dc5a472d1681,f8bd1b21-6ab2-4baf-a2a9-a93d5473bf71,implement,1,spawn,2026-09-22T16:09:38.003Z
activation:rework:257104606d3b0bcf6531fb7ca27fe20d2b2d3d346f175a0138fb30b42a91199f,1f905e04-42f2-4774-95cb-ee470931d9d2,3065e8d4-993e-43d9-a66a-28b59f3d36e5,qa,3,wake,2026-09-22T16:14:35.505Z
activation:rework:1a81b90e119fcf5e8c21529c78f6083e8ac557013dae7d208767b43d243a1fdb,691caca6-f623-4187-9ddf-e3483dc57ccf,3065e8d4-993e-43d9-a66a-28b59f3d36e5,implement,3,wake,2026-09-22T16:53:51.690Z
activation:2441c29f-fb6f-4602-bdc3-1f19afbb96e3:f8bd1b21-6ab2-4baf-a2a9-a93d5473bf71:qa:1,2441c29f-fb6f-4602-bdc3-1f19afbb96e3,f8bd1b21-6ab2-4baf-a2a9-a93d5473bf71,qa,1,spawn,2026-09-22T16:56:48.058Z
activation:1c295346-5ab6-41e9-a8f8-396d9c93f62b:84ac31cc-ca18-4e43-8e81-3acd275f28dd:implement:1,1c295346-5ab6-41e9-a8f8-396d9c93f62b,84ac31cc-ca18-4e43-8e81-3acd275f28dd,implement,1,spawn,2026-09-22T17:14:00.096Z
activation:cee9becb-7da9-4eab-986d-18f2d27326ba:53ab3f14-8bc0-4806-95a1-80686f4ea7a1:implement:1,cee9becb-7da9-4eab-986d-18f2d27326ba,53ab3f14-8bc0-4806-95a1-80686f4ea7a1,implement,1,spawn,2026-09-22T17:22:00.038Z
activation:rework:852697619f3d552c9cdbd428bec79c3acecea92bd2a373b9457a711f5f0ffc69,7c27b7ca-1383-41f5-88ec-4a7bf6f12bcf,eac6b4cc-8e90-48fc-97b4-e2ba7c9f3fc2,implement,4,wake,2026-09-22T19:36:25.753Z
activation:c2113433-edf1-453b-8c7b-121aa951629e:eac6b4cc-8e90-48fc-97b4-e2ba7c9f3fc2:implement:5,c2113433-edf1-453b-8c7b-121aa951629e,eac6b4cc-8e90-48fc-97b4-e2ba7c9f3fc2,implement,5,replacement,2026-09-22T23:21:25.029Z
activation:88f7ff8d-c199-4848-853d-ed85283defde:684a8a80-c803-4830-af36-ca97b3252172:implement:1,88f7ff8d-c199-4848-853d-ed85283defde,684a8a80-c803-4830-af36-ca97b3252172,implement,1,spawn,2026-09-22T23:30:55.898Z
activation:rework:bd902a5db7e4e6581904b3b42b948cc06370592aa224e9a7c9a9a37e3ae6d17b,2441c29f-fb6f-4602-bdc3-1f19afbb96e3,f8bd1b21-6ab2-4baf-a2a9-a93d5473bf71,qa,2,wake,2026-09-22T23:45:10.755Z
activation:47f8583c-47bc-40cf-8958-a1228afb06ae:f3de0285-4be5-475d-9902-9e3c0549224f:eng_design:1,47f8583c-47bc-40cf-8958-a1228afb06ae,f3de0285-4be5-475d-9902-9e3c0549224f,eng_design,1,spawn,2026-09-22T23:52:48.973Z
activation:cf70ee17-21cd-48e5-a993-63f246ac2a48:bce605bf-d29e-45ab-8008-4ca0fc730780:implement:1,cf70ee17-21cd-48e5-a993-63f246ac2a48,bce605bf-d29e-45ab-8008-4ca0fc730780,implement,1,spawn,2026-09-23T00:07:10.790Z
activation:8446abbb-8295-4703-9740-57591eee671d:eac6b4cc-8e90-48fc-97b4-e2ba7c9f3fc2:qa:4,8446abbb-8295-4703-9740-57591eee671d,eac6b4cc-8e90-48fc-97b4-e2ba7c9f3fc2,qa,4,replacement,2026-09-23T00:18:01.510Z
activation:e267e6ef-93db-4d0b-b4ce-4b15b17e02c9:f3de0285-4be5-475d-9902-9e3c0549224f:implement:1,e267e6ef-93db-4d0b-b4ce-4b15b17e02c9,f3de0285-4be5-475d-9902-9e3c0549224f,implement,1,spawn,2026-09-23T00:55:32.911Z
activation:834e5c6e-7ab0-41ce-b4de-6bb44bf3a916:684a8a80-c803-4830-af36-ca97b3252172:qa:1,834e5c6e-7ab0-41ce-b4de-6bb44bf3a916,684a8a80-c803-4830-af36-ca97b3252172,qa,1,spawn,2026-09-23T01:34:54.293Z
activation:d69b68b8-a8bb-4a70-a23a-767ad63949dd:bb4b1c33-6fc3-42f1-9df5-63e9160f96c4:general:1,d69b68b8-a8bb-4a70-a23a-767ad63949dd,bb4b1c33-6fc3-42f1-9df5-63e9160f96c4,general,1,spawn,2026-09-23T02:41:10.386Z
activation:df3bec04-6c87-43dc-950a-c1b2e6af3059:feea9dcf-dd79-4807-ac61-ec93c58b50bc:general:1,df3bec04-6c87-43dc-950a-c1b2e6af3059,feea9dcf-dd79-4807-ac61-ec93c58b50bc,general,1,spawn,2026-09-23T03:15:27.674Z
activation:rework:1d9b62c43fafe3605599949c4279228548d00d0b56d8812118dbfa597a04a630,d69b68b8-a8bb-4a70-a23a-767ad63949dd,bb4b1c33-6fc3-42f1-9df5-63e9160f96c4,general,2,wake,2026-09-23T03:20:22.096Z
activation:446968b9-1f3e-4207-83f7-e26dde152f17:84ac31cc-ca18-4e43-8e81-3acd275f28dd:qa:1,446968b9-1f3e-4207-83f7-e26dde152f17,84ac31cc-ca18-4e43-8e81-3acd275f28dd,qa,1,spawn,2026-09-23T03:24:56.876Z
activation:8edaf8bb-ef9c-4a5c-b05a-27a4cd4d6aa6:0e77a6ed-aa68-4fb8-b3e3-c73dceca1f0d:eng_design:1,8edaf8bb-ef9c-4a5c-b05a-27a4cd4d6aa6,0e77a6ed-aa68-4fb8-b3e3-c73dceca1f0d,eng_design,1,spawn,2026-09-23T03:50:56.739Z
activation:82860d32-327a-4fb0-b408-eaa5e50646e7:39a39d17-549c-4ae5-af86-3ede3f4768a4:eng_design:1,82860d32-327a-4fb0-b408-eaa5e50646e7,39a39d17-549c-4ae5-af86-3ede3f4768a4,eng_design,1,spawn,2026-09-23T03:53:27.382Z
activation:ca4dc696-9895-4d92-bad5-ee356ac11b1c:bb420d3b-1d81-465e-b3da-c4809b8c7b26:general:1,ca4dc696-9895-4d92-bad5-ee356ac11b1c,bb420d3b-1d81-465e-b3da-c4809b8c7b26,general,1,spawn,2026-09-23T03:59:05.750Z
activation:rework:13c1229fb86a8b1430d5d90fdb90d3e3704e660352b85677cdfd07aeeea3ce9a,df3bec04-6c87-43dc-950a-c1b2e6af3059,feea9dcf-dd79-4807-ac61-ec93c58b50bc,general,2,wake,2026-09-23T04:08:40.844Z
activation:d92f4ca2-7b71-483a-b4ce-527c7479a3f1:bce605bf-d29e-45ab-8008-4ca0fc730780:qa:1,d92f4ca2-7b71-483a-b4ce-527c7479a3f1,bce605bf-d29e-45ab-8008-4ca0fc730780,qa,1,spawn,2026-09-23T04:23:15.588Z
activation:6b5615a3-985e-4eba-a52e-12ae55012e50:0e77a6ed-aa68-4fb8-b3e3-c73dceca1f0d:implement:1,6b5615a3-985e-4eba-a52e-12ae55012e50,0e77a6ed-aa68-4fb8-b3e3-c73dceca1f0d,implement,1,spawn,2026-09-23T04:41:49.963Z
activation:59f40aa4-1709-44c2-af77-5adb972d784e:39a39d17-549c-4ae5-af86-3ede3f4768a4:implement:1,59f40aa4-1709-44c2-af77-5adb972d784e,39a39d17-549c-4ae5-af86-3ede3f4768a4,implement,1,spawn,2026-09-23T04:49:46.802Z
activation:2faf8eb5-afdb-46e6-aef6-44c1b126530d:bce605bf-d29e-45ab-8008-4ca0fc730780:implement:2,2faf8eb5-afdb-46e6-aef6-44c1b126530d,bce605bf-d29e-45ab-8008-4ca0fc730780,implement,2,replacement,2026-09-23T05:00:05.044Z
activation:7497f142-e7d5-458c-b030-285b5fd08d66:c6adf4fa-166b-4221-8034-c9e34b5fa5ec:implement:1,7497f142-e7d5-458c-b030-285b5fd08d66,c6adf4fa-166b-4221-8034-c9e34b5fa5ec,implement,1,spawn,2026-09-23T05:07:15.675Z
activation:5a0dbf51-2eb9-4d9f-9cfa-367d6bdbd49e:532c0ee5-a15e-4cb7-afe6-a6e11e782823:implement:1,5a0dbf51-2eb9-4d9f-9cfa-367d6bdbd49e,532c0ee5-a15e-4cb7-afe6-a6e11e782823,implement,1,spawn,2026-09-23T05:17:23.313Z
activation:482670d8-8dfc-4a51-96b7-d02071fd0076:d86374cf-076d-4482-884d-d233c6204de7:general:1,482670d8-8dfc-4a51-96b7-d02071fd0076,d86374cf-076d-4482-884d-d233c6204de7,general,1,spawn,2026-09-23T05:20:41.366Z
activation:764b8e3f-2f3c-4e1e-83c3-0e35e9cbbac0:61667227-7907-4a83-b5cd-c080ad74011c:eng_design:1,764b8e3f-2f3c-4e1e-83c3-0e35e9cbbac0,61667227-7907-4a83-b5cd-c080ad74011c,eng_design,1,spawn,2026-09-23T05:21:09.208Z
activation:49da92c8-f888-4efc-a8da-b82f20e11fd7:cac670f2-3103-4e59-832e-786513fa1fc9:eng_design:1,49da92c8-f888-4efc-a8da-b82f20e11fd7,cac670f2-3103-4e59-832e-786513fa1fc9,eng_design,1,spawn,2026-09-23T05:28:48.403Z
activation:4a7c8a8e-3d59-4194-b4a1-541006284408:5191051d-ed91-49b6-8c9e-2f3abc0b90cd:eng_design:1,4a7c8a8e-3d59-4194-b4a1-541006284408,5191051d-ed91-49b6-8c9e-2f3abc0b90cd,eng_design,1,spawn,2026-09-23T05:38:24.706Z
activation:4838acca-1989-4544-9f87-95d4695f9330:6697a410-53db-4239-9f1a-9a903a08d6c1:implement:1,4838acca-1989-4544-9f87-95d4695f9330,6697a410-53db-4239-9f1a-9a903a08d6c1,implement,1,spawn,2026-09-23T05:38:46.898Z
activation:0984d9b4-fc8f-4ef1-8fe4-ff16fdc8f168:31768897-05f2-4d7c-ba17-614bb6f3e5bf:implement:1,0984d9b4-fc8f-4ef1-8fe4-ff16fdc8f168,31768897-05f2-4d7c-ba17-614bb6f3e5bf,implement,1,spawn,2026-09-23T05:39:59.613Z
activation:175d925e-f3ac-471a-82c5-46b7f9c6d615:103bac96-f0ae-498a-b981-da4a3186a651:implement:1,175d925e-f3ac-471a-82c5-46b7f9c6d615,103bac96-f0ae-498a-b981-da4a3186a651,implement,1,spawn,2026-09-23T05:41:17.539Z
activation:198ef045-f1e7-407e-a4a5-ea3b31ecd22c:a94901ca-e96e-44a1-bda9-f404d9746819:eng_design:1,198ef045-f1e7-407e-a4a5-ea3b31ecd22c,a94901ca-e96e-44a1-bda9-f404d9746819,eng_design,1,spawn,2026-09-23T05:42:44.783Z
activation:9cd9b80e-cd86-4d01-b7ae-d06d49af92c0:53ab3f14-8bc0-4806-95a1-80686f4ea7a1:qa:1,9cd9b80e-cd86-4d01-b7ae-d06d49af92c0,53ab3f14-8bc0-4806-95a1-80686f4ea7a1,qa,1,spawn,2026-09-23T05:45:01.923Z
activation:rework:c712e30e444ef7a8335ae8cd8d750d49d3ed5fe178caa289aeeff520338a5fcd,d92f4ca2-7b71-483a-b4ce-527c7479a3f1,bce605bf-d29e-45ab-8008-4ca0fc730780,qa,2,wake,2026-09-23T05:45:27.387Z
activation:77a74671-5e7d-4fc4-af8f-1e1ee886ec53:811af762-2777-441e-8c28-fbe3d8df693c:implement:1,77a74671-5e7d-4fc4-af8f-1e1ee886ec53,811af762-2777-441e-8c28-fbe3d8df693c,implement,1,spawn,2026-09-23T05:45:33.035Z
activation:16daf9b1-099f-40b3-9f9d-74b198cf2512:5191051d-ed91-49b6-8c9e-2f3abc0b90cd:implement:1,16daf9b1-099f-40b3-9f9d-74b198cf2512,5191051d-ed91-49b6-8c9e-2f3abc0b90cd,implement,1,spawn,2026-09-23T06:02:55.226Z
activation:rework:ceb9962286e90768de586fc8deb0b9df8f9d07ce77f87f3e26bb46277cde7184,cee9becb-7da9-4eab-986d-18f2d27326ba,53ab3f14-8bc0-4806-95a1-80686f4ea7a1,implement,2,wake,2026-09-23T06:04:49.795Z
activation:0eccf7b5-f2b1-489d-9f89-e18f62316fd9:c6adf4fa-166b-4221-8034-c9e34b5fa5ec:qa:1,0eccf7b5-f2b1-489d-9f89-e18f62316fd9,c6adf4fa-166b-4221-8034-c9e34b5fa5ec,qa,1,spawn,2026-09-23T06:12:02.976Z
activation:319a0163-4fe5-43b8-b059-4421388d1ba6:532c0ee5-a15e-4cb7-afe6-a6e11e782823:qa:1,319a0163-4fe5-43b8-b059-4421388d1ba6,532c0ee5-a15e-4cb7-afe6-a6e11e782823,qa,1,spawn,2026-09-23T06:14:10.456Z
activation:2da2a4a1-7062-44b2-a059-1e3ba3750b47:cac670f2-3103-4e59-832e-786513fa1fc9:implement:1,2da2a4a1-7062-44b2-a059-1e3ba3750b47,cac670f2-3103-4e59-832e-786513fa1fc9,implement,1,spawn,2026-09-23T06:16:08.927Z
activation:8ea390d4-d0b2-426b-9ebe-6c92717f7fd1:b7852d37-e69f-47d2-ad26-62da604a8813:implement:1,8ea390d4-d0b2-426b-9ebe-6c92717f7fd1,b7852d37-e69f-47d2-ad26-62da604a8813,implement,1,spawn,2026-09-23T06:19:19.517Z
activation:f81f3f9a-5356-4688-98e9-f9dbd1e5ed25:b7852d37-e69f-47d2-ad26-62da604a8813:qa:1,f81f3f9a-5356-4688-98e9-f9dbd1e5ed25,b7852d37-e69f-47d2-ad26-62da604a8813,qa,1,spawn,2026-09-23T06:29:26.082Z
activation:rework:0f2999e8f5ead1a3ebaf7474e04ee610c1107d943f309acb550e89dd51fc1164,5a0dbf51-2eb9-4d9f-9cfa-367d6bdbd49e,532c0ee5-a15e-4cb7-afe6-a6e11e782823,implement,2,wake,2026-09-23T06:32:30.079Z
activation:rework:5931cc2d6402a1c972727f260985606ff699969aa7ad418e2cb661161b73f739,8ea390d4-d0b2-426b-9ebe-6c92717f7fd1,b7852d37-e69f-47d2-ad26-62da604a8813,implement,2,wake,2026-09-23T07:00:39.984Z
activation:61b2368f-4200-46d0-8b21-a83f55e1cd81:532c0ee5-a15e-4cb7-afe6-a6e11e782823:implement:2,61b2368f-4200-46d0-8b21-a83f55e1cd81,532c0ee5-a15e-4cb7-afe6-a6e11e782823,implement,2,replacement,2026-09-23T07:24:46.276Z
activation:296e5376-6dba-452f-96b6-35d7a4c8e530:b7852d37-e69f-47d2-ad26-62da604a8813:implement:2,296e5376-6dba-452f-96b6-35d7a4c8e530,b7852d37-e69f-47d2-ad26-62da604a8813,implement,2,replacement,2026-09-23T07:29:54.463Z
activation:6838cb1f-6346-4086-a99d-7c30b9e35560:61667227-7907-4a83-b5cd-c080ad74011c:eng_design:1,6838cb1f-6346-4086-a99d-7c30b9e35560,61667227-7907-4a83-b5cd-c080ad74011c,eng_design,1,spawn,2026-09-23T07:34:45.208Z
activation:4846cac5-f7b4-4a56-b36e-e95b6fb68e51:61667227-7907-4a83-b5cd-c080ad74011c:eng_design:1,4846cac5-f7b4-4a56-b36e-e95b6fb68e51,61667227-7907-4a83-b5cd-c080ad74011c,eng_design,1,spawn,2026-09-23T07:43:22.071Z
activation:rework:ae4952bbbbdb79e000ed71ece7add12476d171ea00909fd6687cb027b26c857a,319a0163-4fe5-43b8-b059-4421388d1ba6,532c0ee5-a15e-4cb7-afe6-a6e11e782823,qa,2,wake,2026-09-23T07:54:09.270Z
activation:71842144-f09d-45d8-8540-a52e153bb97e:61667227-7907-4a83-b5cd-c080ad74011c:eng_design:1,71842144-f09d-45d8-8540-a52e153bb97e,61667227-7907-4a83-b5cd-c080ad74011c,eng_design,1,spawn,2026-09-23T07:58:22.705Z
activation:3606baaf-a8a2-40ed-bd27-b6983402653f:103bac96-f0ae-498a-b981-da4a3186a651:implement:1,3606baaf-a8a2-40ed-bd27-b6983402653f,103bac96-f0ae-498a-b981-da4a3186a651,implement,1,spawn,2026-09-23T08:09:17.112Z
activation:6a68c310-0609-4488-9947-d8b41abbb41e:cac670f2-3103-4e59-832e-786513fa1fc9:implement:1,6a68c310-0609-4488-9947-d8b41abbb41e,cac670f2-3103-4e59-832e-786513fa1fc9,implement,1,spawn,2026-09-23T08:10:37.845Z
activation:rework:c5385361c587e1ae6bde25ab4a64097ef224f5d76913616ea7e01e87d78fb7ee,61b2368f-4200-46d0-8b21-a83f55e1cd81,532c0ee5-a15e-4cb7-afe6-a6e11e782823,implement,3,wake,2026-09-23T08:14:58.025Z
activation:95d1f43b-a724-45a5-8a81-5dc54463e15e:8f1d65c6-e298-4df6-b44d-50c6c383e167:implement:1,95d1f43b-a724-45a5-8a81-5dc54463e15e,8f1d65c6-e298-4df6-b44d-50c6c383e167,implement,1,spawn,2026-09-23T08:15:18.123Z
activation:9112b04e-9ec0-44f2-8d94-159a59d61f77:e51860da-f8a8-4fa8-bc5f-9253b88cc4bd:eng_design:1,9112b04e-9ec0-44f2-8d94-159a59d61f77,e51860da-f8a8-4fa8-bc5f-9253b88cc4bd,eng_design,1,spawn,2026-09-23T08:28:54.434Z
activation:90adb2d1-9bd5-4113-bbe0-f25e829d5d09:0e77a6ed-aa68-4fb8-b3e3-c73dceca1f0d:implement:1,90adb2d1-9bd5-4113-bbe0-f25e829d5d09,0e77a6ed-aa68-4fb8-b3e3-c73dceca1f0d,implement,1,spawn,2026-09-23T08:29:51.498Z
activation:rework:79aa74ce7d5990dba6cf85bf307b72d3f006cb4ebfd3fdee0c4b8502ea875aa8,f81f3f9a-5356-4688-98e9-f9dbd1e5ed25,b7852d37-e69f-47d2-ad26-62da604a8813,qa,2,wake,2026-09-23T08:52:07.169Z
activation:rework:d6d5b8cfa4ee9e11fa3fdb380564b997efd00a8964863c1656d0916ab00ef3df,319a0163-4fe5-43b8-b059-4421388d1ba6,532c0ee5-a15e-4cb7-afe6-a6e11e782823,qa,3,wake,2026-09-23T09:01:38.650Z
activation:e59dd6c2-7180-4ae4-82dd-c413f100d3b9:837de386-ca0a-4bb8-8b3c-1973823b9bb7:implement:1,e59dd6c2-7180-4ae4-82dd-c413f100d3b9,837de386-ca0a-4bb8-8b3c-1973823b9bb7,implement,1,spawn,2026-09-23T09:02:35.067Z
activation:7881493e-1258-4e46-9a43-0c8b5a8c1ed2:837de386-ca0a-4bb8-8b3c-1973823b9bb7:qa:1,7881493e-1258-4e46-9a43-0c8b5a8c1ed2,837de386-ca0a-4bb8-8b3c-1973823b9bb7,qa,1,spawn,2026-09-23T09:04:34.519Z
activation:4f98262b-eb7a-49ee-a69b-d3b46d521ee2:e51860da-f8a8-4fa8-bc5f-9253b88cc4bd:implement:1,4f98262b-eb7a-49ee-a69b-d3b46d521ee2,e51860da-f8a8-4fa8-bc5f-9253b88cc4bd,implement,1,spawn,2026-09-23T09:06:21.869Z
activation:1048f4fd-68b3-48ba-ad94-06d42fdce663:cac670f2-3103-4e59-832e-786513fa1fc9:qa:1,1048f4fd-68b3-48ba-ad94-06d42fdce663,cac670f2-3103-4e59-832e-786513fa1fc9,qa,1,spawn,2026-09-23T09:22:47.507Z
activation:cd24c18c-a342-4b72-9a02-9c25f7370e03:103bac96-f0ae-498a-b981-da4a3186a651:qa:1,cd24c18c-a342-4b72-9a02-9c25f7370e03,103bac96-f0ae-498a-b981-da4a3186a651,qa,1,spawn,2026-09-23T09:28:44.648Z
activation:e66b67a7-50dd-4257-a6cf-ffadc8314f25:5191051d-ed91-49b6-8c9e-2f3abc0b90cd:implement:1,e66b67a7-50dd-4257-a6cf-ffadc8314f25,5191051d-ed91-49b6-8c9e-2f3abc0b90cd,implement,1,spawn,2026-09-23T09:29:46.940Z
activation:6a97cf20-c3a3-41b8-8fd7-6dd0144636fa:fec3e02d-ba7e-407c-a55d-87ee17313e30:qa:1,6a97cf20-c3a3-41b8-8fd7-6dd0144636fa,fec3e02d-ba7e-407c-a55d-87ee17313e30,qa,1,spawn,2026-09-23T09:36:17.892Z
activation:rework:a8fdcdb57723bbbc82fad975291aa4c7d756f7f18a2dfe762a8573f1fe00f4a7,6a68c310-0609-4488-9947-d8b41abbb41e,cac670f2-3103-4e59-832e-786513fa1fc9,implement,2,wake,2026-09-23T09:44:45.811Z
activation:rework:2d0c720ca0622002704ed84dccdafdb6b8bcfa35b40c919bc83a72d880751b4e,3606baaf-a8a2-40ed-bd27-b6983402653f,103bac96-f0ae-498a-b981-da4a3186a651,implement,2,wake,2026-09-23T09:59:03.369Z
activation:2e3191cf-2a2a-4a96-b19c-40dd46487b22:36ce617c-1496-4982-b23d-65c9e1fb77ae:implement:1,2e3191cf-2a2a-4a96-b19c-40dd46487b22,36ce617c-1496-4982-b23d-65c9e1fb77ae,implement,1,spawn,2026-09-23T10:33:26.434Z
activation:6c63ad31-511d-4d2d-b728-ab5763358759:36ce617c-1496-4982-b23d-65c9e1fb77ae:qa:1,6c63ad31-511d-4d2d-b728-ab5763358759,36ce617c-1496-4982-b23d-65c9e1fb77ae,qa,1,spawn,2026-09-23T10:41:17.352Z
activation:f23ff733-c54c-425d-8430-ec59f841d9a3:b25aeb38-37c6-4e3d-b32f-5b35b5908f25:implement:1,f23ff733-c54c-425d-8430-ec59f841d9a3,b25aeb38-37c6-4e3d-b32f-5b35b5908f25,implement,1,spawn,2026-09-23T10:42:03.951Z
activation:9a2aa63c-a8cc-4495-9081-b7af109a0977:2f616bd5-693a-4d0b-8b43-a6986202c8c8:implement:1,9a2aa63c-a8cc-4495-9081-b7af109a0977,2f616bd5-693a-4d0b-8b43-a6986202c8c8,implement,1,spawn,2026-09-23T10:46:27.422Z
activation:55c0aa8d-c679-412e-9f62-78df3d87fa1e:b25aeb38-37c6-4e3d-b32f-5b35b5908f25:qa:1,55c0aa8d-c679-412e-9f62-78df3d87fa1e,b25aeb38-37c6-4e3d-b32f-5b35b5908f25,qa,1,spawn,2026-09-23T10:49:08.788Z
activation:9c139c13-5f5f-4d3c-acad-fac40527b42f:2f616bd5-693a-4d0b-8b43-a6986202c8c8:qa:1,9c139c13-5f5f-4d3c-acad-fac40527b42f,2f616bd5-693a-4d0b-8b43-a6986202c8c8,qa,1,spawn,2026-09-23T10:50:41.636Z
activation:rework:4b51b47537ba9290ef3c3054626d0c565bf3c4476a13533ce861991430376c96,2e3191cf-2a2a-4a96-b19c-40dd46487b22,36ce617c-1496-4982-b23d-65c9e1fb77ae,implement,2,wake,2026-09-23T11:02:50.921Z
activation:rework:f92565ec8020d0fdadd6ef14331842d2ce4992a7755efda8a2e8f15a35aac7bf,9a2aa63c-a8cc-4495-9081-b7af109a0977,2f616bd5-693a-4d0b-8b43-a6986202c8c8,implement,2,wake,2026-09-23T11:17:35.271Z
activation:rework:d7de190445077fc0f82cb06f7aa25b84d1430c5005a923d0269a3ea104250087,9cd9b80e-cd86-4d01-b7ae-d06d49af92c0,53ab3f14-8bc0-4806-95a1-80686f4ea7a1,qa,2,wake,2026-09-23T11:37:42.811Z
activation:13b9bb12-f2fa-4679-8b3e-10b6a2a02bb8:0e77a6ed-aa68-4fb8-b3e3-c73dceca1f0d:qa:1,13b9bb12-f2fa-4679-8b3e-10b6a2a02bb8,0e77a6ed-aa68-4fb8-b3e3-c73dceca1f0d,qa,1,spawn,2026-09-23T11:38:56.571Z
activation:f4c9594c-f5e9-450b-b4d9-ead15adc1ba6:36ce617c-1496-4982-b23d-65c9e1fb77ae:implement:2,f4c9594c-f5e9-450b-b4d9-ead15adc1ba6,36ce617c-1496-4982-b23d-65c9e1fb77ae,implement,2,replacement,2026-09-23T11:41:57.022Z
activation:rework:7a45b5d6814dfeeb34400094b65f2c373b4133edfa69cebd37f0675e4f5e7acb,6c63ad31-511d-4d2d-b728-ab5763358759,36ce617c-1496-4982-b23d-65c9e1fb77ae,qa,2,wake,2026-09-23T11:46:32.375Z
activation:rework:c9fcd4cd2f3878561867eb29aa68594151140d7483ab364e511dc2d2d1385fe6,cee9becb-7da9-4eab-986d-18f2d27326ba,53ab3f14-8bc0-4806-95a1-80686f4ea7a1,implement,3,wake,2026-09-23T11:57:02.160Z
activation:rework:9ed583ad048424b75c039aa8c6c4de39ee9ebb7eaec22ee88cfc0c31e0a96866,90adb2d1-9bd5-4113-bbe0-f25e829d5d09,0e77a6ed-aa68-4fb8-b3e3-c73dceca1f0d,implement,2,wake,2026-09-23T12:00:27.292Z
activation:32c14149-2fa4-47e4-8534-eb8f68d72874:3831cff3-35ef-4802-bb05-484edbba72a5:implement:1,32c14149-2fa4-47e4-8534-eb8f68d72874,3831cff3-35ef-4802-bb05-484edbba72a5,implement,1,spawn,2026-09-23T12:02:16.242Z
activation:05f8f8eb-b2ab-40fa-b276-b0165a33c116:3831cff3-35ef-4802-bb05-484edbba72a5:qa:1,05f8f8eb-b2ab-40fa-b276-b0165a33c116,3831cff3-35ef-4802-bb05-484edbba72a5,qa,1,spawn,2026-09-23T12:07:10.084Z
activation:a263bc64-bddc-4654-b67d-e2cdfe921797:ac672a74-7ce4-4c6a-9bdc-62372c8632a4:implement:1,a263bc64-bddc-4654-b67d-e2cdfe921797,ac672a74-7ce4-4c6a-9bdc-62372c8632a4,implement,1,spawn,2026-09-23T12:24:07.169Z
activation:rework:6cda715d7603a75af2c8527a55a27e856d8a6fe88778791ab8157df1269e4800,32c14149-2fa4-47e4-8534-eb8f68d72874,3831cff3-35ef-4802-bb05-484edbba72a5,implement,2,wake,2026-09-23T12:25:28.520Z
activation:b00f50b8-6782-4d0f-a511-aca00ec17685:c26962d9-7a1b-4a9b-97b4-5efd656352f9:implement:1,b00f50b8-6782-4d0f-a511-aca00ec17685,c26962d9-7a1b-4a9b-97b4-5efd656352f9,implement,1,spawn,2026-09-23T12:27:06.852Z
activation:df881039-228a-4a04-97c4-5c0c3d7d3e02:ac672a74-7ce4-4c6a-9bdc-62372c8632a4:qa:1,df881039-228a-4a04-97c4-5c0c3d7d3e02,ac672a74-7ce4-4c6a-9bdc-62372c8632a4,qa,1,spawn,2026-09-23T12:41:30.679Z
activation:7ed364c9-2091-47fa-aa5f-7abe59011349:cc4c3f4e-c575-48bf-92d1-e0e8ac5c850d:implement:1,7ed364c9-2091-47fa-aa5f-7abe59011349,cc4c3f4e-c575-48bf-92d1-e0e8ac5c850d,implement,1,spawn,2026-09-23T12:43:50.619Z
activation:5da1a372-b4f2-4b50-a1dc-49f6d6ca72b7:5191051d-ed91-49b6-8c9e-2f3abc0b90cd:qa:1,5da1a372-b4f2-4b50-a1dc-49f6d6ca72b7,5191051d-ed91-49b6-8c9e-2f3abc0b90cd,qa,1,spawn,2026-09-23T12:47:37.040Z
activation:49ff9303-ea79-46e5-a1c3-6a3bf7756a54:cc4c3f4e-c575-48bf-92d1-e0e8ac5c850d:qa:1,49ff9303-ea79-46e5-a1c3-6a3bf7756a54,cc4c3f4e-c575-48bf-92d1-e0e8ac5c850d,qa,1,spawn,2026-09-23T12:55:07.832Z
activation:rework:08ed8045d0bb20afd78c8922902f05812d7ba8bc4acb9238bc84712d47e6cd32,a263bc64-bddc-4654-b67d-e2cdfe921797,ac672a74-7ce4-4c6a-9bdc-62372c8632a4,implement,2,wake,2026-09-23T13:03:48.994Z
activation:rework:ac94ce83246436cf18d03ba18145867bde7b581cea8b3d3c185159d1e018cddd,e66b67a7-50dd-4257-a6cf-ffadc8314f25,5191051d-ed91-49b6-8c9e-2f3abc0b90cd,implement,2,wake,2026-09-23T13:06:49.667Z
activation:rework:a3436ab99d83942a5e9ccbaf8f29a3edfe75d013db74087a906a067d873e0b28,05f8f8eb-b2ab-40fa-b276-b0165a33c116,3831cff3-35ef-4802-bb05-484edbba72a5,qa,2,wake,2026-09-23T13:21:21.792Z
activation:af6e5cf1-e358-47f1-89fb-52718f9053cb:e365b785-4668-4a7f-aef0-aebe6ca32a51:implement:1,af6e5cf1-e358-47f1-89fb-52718f9053cb,e365b785-4668-4a7f-aef0-aebe6ca32a51,implement,1,spawn,2026-09-23T13:28:31.520Z
activation:9357129d-a4b5-4666-ab35-c9fe326f2273:e365b785-4668-4a7f-aef0-aebe6ca32a51:qa:1,9357129d-a4b5-4666-ab35-c9fe326f2273,e365b785-4668-4a7f-aef0-aebe6ca32a51,qa,1,spawn,2026-09-23T13:33:44.157Z
activation:f8d8eeab-b714-4efb-8095-67153d77efeb:e51860da-f8a8-4fa8-bc5f-9253b88cc4bd:qa:1,f8d8eeab-b714-4efb-8095-67153d77efeb,e51860da-f8a8-4fa8-bc5f-9253b88cc4bd,qa,1,spawn,2026-09-23T13:38:34.402Z
activation:fda68c0b-4ad8-4e0f-8e6d-2ac788b460c2:f66e1d1b-f329-4e8f-94b6-0b2c0ac7abde:eng_design:1,fda68c0b-4ad8-4e0f-8e6d-2ac788b460c2,f66e1d1b-f329-4e8f-94b6-0b2c0ac7abde,eng_design,1,spawn,2026-09-23T13:48:54.887Z
activation:rework:8e8b06425878d23d0c6af91ec0051f29e150656705b113c0d5790096b03808f8,4f98262b-eb7a-49ee-a69b-d3b46d521ee2,e51860da-f8a8-4fa8-bc5f-9253b88cc4bd,implement,2,wake,2026-09-23T13:57:18.765Z
activation:rework:ec3ea555892f29af54ab6234425b64d0c570e2d5ef28fb30712b22c7227c5b86,32c14149-2fa4-47e4-8534-eb8f68d72874,3831cff3-35ef-4802-bb05-484edbba72a5,implement,3,wake,2026-09-23T14:02:00.022Z
activation:d2ecdf80-9fe5-4cb7-ad54-7e62abee1b61:9760d356-1bf8-4217-bba0-245682e5a44b:implement:1,d2ecdf80-9fe5-4cb7-ad54-7e62abee1b61,9760d356-1bf8-4217-bba0-245682e5a44b,implement,1,spawn,2026-09-23T14:17:52.536Z
activation:920a8ebd-c3b7-4d0a-88b2-b413799cdd5e:f66e1d1b-f329-4e8f-94b6-0b2c0ac7abde:implement:1,920a8ebd-c3b7-4d0a-88b2-b413799cdd5e,f66e1d1b-f329-4e8f-94b6-0b2c0ac7abde,implement,1,spawn,2026-09-23T14:18:55.314Z
activation:a509e941-e543-477e-8254-5d704858da14:9760d356-1bf8-4217-bba0-245682e5a44b:qa:1,a509e941-e543-477e-8254-5d704858da14,9760d356-1bf8-4217-bba0-245682e5a44b,qa,1,spawn,2026-09-23T14:22:45.842Z
activation:72eacc06-8b9f-42d3-a3c7-8d6dbfcb9dd8:84903017-2853-44fb-81aa-047cf693fb80:implement:1,72eacc06-8b9f-42d3-a3c7-8d6dbfcb9dd8,84903017-2853-44fb-81aa-047cf693fb80,implement,1,spawn,2026-09-23T14:33:53.506Z
activation:e56ecb1c-30a7-4cc1-bfd3-0c1ac85678d9:84903017-2853-44fb-81aa-047cf693fb80:qa:1,e56ecb1c-30a7-4cc1-bfd3-0c1ac85678d9,84903017-2853-44fb-81aa-047cf693fb80,qa,1,spawn,2026-09-23T14:40:24.236Z
activation:rework:9d396bcbb2cabd457f0043ad08dc148fb6e57b7185559174ddcccfbba3630906,72eacc06-8b9f-42d3-a3c7-8d6dbfcb9dd8,84903017-2853-44fb-81aa-047cf693fb80,implement,2,wake,2026-09-23T14:49:47.005Z
activation:76b0f604-3d22-44f9-a846-a37056920e5e:da516578-b40e-474c-a292-dafb9e3899e6:implement:1,76b0f604-3d22-44f9-a846-a37056920e5e,da516578-b40e-474c-a292-dafb9e3899e6,implement,1,spawn,2026-09-23T14:59:51.690Z
activation:a69af4c1-a2bc-4888-a9dd-6e763f73cb98:e4da6f23-5b9e-4341-847d-b1a4607c1ce4:implement:1,a69af4c1-a2bc-4888-a9dd-6e763f73cb98,e4da6f23-5b9e-4341-847d-b1a4607c1ce4,implement,1,spawn,2026-09-23T15:17:58.335Z
activation:d4054f07-902a-4107-82e7-888f531c691a:e4da6f23-5b9e-4341-847d-b1a4607c1ce4:qa:1,d4054f07-902a-4107-82e7-888f531c691a,e4da6f23-5b9e-4341-847d-b1a4607c1ce4,qa,1,spawn,2026-09-23T15:23:19.829Z
activation:rework:3ecb0d0a3d47957d4cf683ff55638ed31050d4bf6d670724d86848c12d60c043,f8d8eeab-b714-4efb-8095-67153d77efeb,e51860da-f8a8-4fa8-bc5f-9253b88cc4bd,qa,2,wake,2026-09-23T15:26:11.267Z
activation:8e5a3cde-d9b1-42ec-a0b2-796e4682f333:d9e27cf5-3392-49c7-af3e-4bf623f29a01:implement:1,8e5a3cde-d9b1-42ec-a0b2-796e4682f333,d9e27cf5-3392-49c7-af3e-4bf623f29a01,implement,1,spawn,2026-09-23T15:33:10.306Z
activation:b1cd5257-725c-4f70-aff0-1c4cac2f3d97:d9e27cf5-3392-49c7-af3e-4bf623f29a01:qa:1,b1cd5257-725c-4f70-aff0-1c4cac2f3d97,d9e27cf5-3392-49c7-af3e-4bf623f29a01,qa,1,spawn,2026-09-23T15:36:36.652Z
activation:be211474-8279-45b9-8324-a0c02e1b412b:f66e1d1b-f329-4e8f-94b6-0b2c0ac7abde:implement:1,be211474-8279-45b9-8324-a0c02e1b412b,f66e1d1b-f329-4e8f-94b6-0b2c0ac7abde,implement,1,spawn,2026-09-23T15:49:54.400Z
activation:486846e6-0b23-4d78-b07e-d30fc4357027:fec3e02d-ba7e-407c-a55d-87ee17313e30:implement:2,486846e6-0b23-4d78-b07e-d30fc4357027,fec3e02d-ba7e-407c-a55d-87ee17313e30,implement,2,replacement,2026-09-23T16:13:31.095Z
activation:91f185a4-b436-4a38-b051-638d077e4558:55865cb9-8dea-464c-9817-7058da59de9d:implement:1,91f185a4-b436-4a38-b051-638d077e4558,55865cb9-8dea-464c-9817-7058da59de9d,implement,1,spawn,2026-09-23T16:14:03.328Z
activation:634930a6-eb1b-4a95-a347-0e37a9eda281:4e2ba12c-312c-47eb-bcb7-2942947b6e70:implement:1,634930a6-eb1b-4a95-a347-0e37a9eda281,4e2ba12c-312c-47eb-bcb7-2942947b6e70,implement,1,spawn,2026-09-23T16:33:26.073Z
activation:db9a45e3-ca8b-4ef7-8028-3876c20d4ec7:4e2ba12c-312c-47eb-bcb7-2942947b6e70:qa:1,db9a45e3-ca8b-4ef7-8028-3876c20d4ec7,4e2ba12c-312c-47eb-bcb7-2942947b6e70,qa,1,spawn,2026-09-23T16:36:54.135Z
activation:4461c3b9-2af5-47e1-b402-3a48c727f385:996b6806-e3d8-4763-8100-831612cef2ad:eng_design:1,4461c3b9-2af5-47e1-b402-3a48c727f385,996b6806-e3d8-4763-8100-831612cef2ad,eng_design,1,spawn,2026-09-23T17:56:52.190Z
activation:412a1c7c-b033-474f-b2ee-45b5b5dbc4d3:c211327a-9a4e-464c-9b6f-7059e12ed47b:eng_design:1,412a1c7c-b033-474f-b2ee-45b5b5dbc4d3,c211327a-9a4e-464c-9b6f-7059e12ed47b,eng_design,1,spawn,2026-09-23T17:58:01.303Z
activation:d8248d97-4ff6-4935-be37-397e543b42fc:55865cb9-8dea-464c-9817-7058da59de9d:qa:1,d8248d97-4ff6-4935-be37-397e543b42fc,55865cb9-8dea-464c-9817-7058da59de9d,qa,1,spawn,2026-09-23T18:17:50.176Z
activation:a7a27b49-ee4c-42d6-b933-6e409fa7cc61:36ce617c-1496-4982-b23d-65c9e1fb77ae:implement:3,a7a27b49-ee4c-42d6-b933-6e409fa7cc61,36ce617c-1496-4982-b23d-65c9e1fb77ae,implement,3,replacement,2026-09-23T18:29:09.048Z
activation:b4c91b9a-e40d-4973-b907-85ba4bbba9ad:c211327a-9a4e-464c-9b6f-7059e12ed47b:implement:1,b4c91b9a-e40d-4973-b907-85ba4bbba9ad,c211327a-9a4e-464c-9b6f-7059e12ed47b,implement,1,spawn,2026-09-23T18:31:08.647Z
activation:3443dbad-1c4c-40bc-8c93-3e0aa0c76233:996b6806-e3d8-4763-8100-831612cef2ad:implement:1,3443dbad-1c4c-40bc-8c93-3e0aa0c76233,996b6806-e3d8-4763-8100-831612cef2ad,implement,1,spawn,2026-09-23T19:34:31.014Z
activation:ecc4a09d-8a38-4134-b7b2-69e24b412c3c:996b6806-e3d8-4763-8100-831612cef2ad:implement:1,ecc4a09d-8a38-4134-b7b2-69e24b412c3c,996b6806-e3d8-4763-8100-831612cef2ad,implement,1,spawn,2026-09-23T19:36:50.986Z
activation:2df87278-8de7-47d7-b108-02b8689bfda4:c211327a-9a4e-464c-9b6f-7059e12ed47b:implement:1,2df87278-8de7-47d7-b108-02b8689bfda4,c211327a-9a4e-464c-9b6f-7059e12ed47b,implement,1,spawn,2026-09-23T19:37:47.551Z
activation:0cce796a-b0df-45d0-8eca-87e9dcfc84ab:36ce617c-1496-4982-b23d-65c9e1fb77ae:implement:3,0cce796a-b0df-45d0-8eca-87e9dcfc84ab,36ce617c-1496-4982-b23d-65c9e1fb77ae,implement,3,replacement,2026-09-23T19:39:30.312Z
activation:07a246b9-68c6-4ed1-b3e4-a5e0fc3efe08:996b6806-e3d8-4763-8100-831612cef2ad:implement:1,07a246b9-68c6-4ed1-b3e4-a5e0fc3efe08,996b6806-e3d8-4763-8100-831612cef2ad,implement,1,spawn,2026-09-23T19:41:51.916Z
activation:df3f64f3-98a8-438a-9dad-e79e7eeeae09:996b6806-e3d8-4763-8100-831612cef2ad:implement:1,df3f64f3-98a8-438a-9dad-e79e7eeeae09,996b6806-e3d8-4763-8100-831612cef2ad,implement,1,spawn,2026-09-23T19:56:52.550Z
activation:27dafac2-5552-4712-b03a-59fea0babe37:4e2ba12c-312c-47eb-bcb7-2942947b6e70:implement:2,27dafac2-5552-4712-b03a-59fea0babe37,4e2ba12c-312c-47eb-bcb7-2942947b6e70,implement,2,replacement,2026-09-23T20:09:56.301Z
activation:2815301c-4258-4d8d-bbc6-116aeffb9d53:4e2ba12c-312c-47eb-bcb7-2942947b6e70:implement:2,2815301c-4258-4d8d-bbc6-116aeffb9d53,4e2ba12c-312c-47eb-bcb7-2942947b6e70,implement,2,replacement,2026-09-23T20:13:54.235Z
activation:7a5b0a5e-9791-46e8-9386-ab9145ab82ee:4e2ba12c-312c-47eb-bcb7-2942947b6e70:implement:2,7a5b0a5e-9791-46e8-9386-ab9145ab82ee,4e2ba12c-312c-47eb-bcb7-2942947b6e70,implement,2,replacement,2026-09-23T20:17:51.271Z
activation:6426a497-a4d8-42da-a942-ced1916da233:4e2ba12c-312c-47eb-bcb7-2942947b6e70:implement:2,6426a497-a4d8-42da-a942-ced1916da233,4e2ba12c-312c-47eb-bcb7-2942947b6e70,implement,2,replacement,2026-09-23T20:31:12.634Z
activation:d9ac81c4-d6fc-42da-a9c1-96e50b2885ea:d299fdc9-5515-4070-b8c0-d2db14377dfa:implement:1,d9ac81c4-d6fc-42da-a9c1-96e50b2885ea,d299fdc9-5515-4070-b8c0-d2db14377dfa,implement,1,spawn,2026-09-23T21:00:21.294Z
activation:68fd66e6-19c5-4b6a-b23e-94e0e471895e:fc15a01d-c735-4fa1-a6f0-836c51c24768:implement:1,68fd66e6-19c5-4b6a-b23e-94e0e471895e,fc15a01d-c735-4fa1-a6f0-836c51c24768,implement,1,spawn,2026-09-23T21:03:51.010Z
activation:53d3cd5f-0c21-4df1-a473-753d8e8330a9:ff749717-a94c-4200-911f-2667e0c29e2b:implement:1,53d3cd5f-0c21-4df1-a473-753d8e8330a9,ff749717-a94c-4200-911f-2667e0c29e2b,implement,1,spawn,2026-09-23T21:05:01.715Z
activation:fc816208-3193-4d3e-b048-a0e5fd69976e:0531c321-0c14-4d53-acc6-65c663549493:implement:1,fc816208-3193-4d3e-b048-a0e5fd69976e,0531c321-0c14-4d53-acc6-65c663549493,implement,1,spawn,2026-09-23T21:06:54.916Z
activation:8587067a-85c6-4f1a-9fbf-11852c5732a4:183679a8-5c81-4ad4-add0-f271477b148a:implement:1,8587067a-85c6-4f1a-9fbf-11852c5732a4,183679a8-5c81-4ad4-add0-f271477b148a,implement,1,spawn,2026-09-23T21:11:46.996Z
activation:73aec897-14b0-434e-b1db-8ea1e7b07d7e:143327b0-281b-4c53-80f2-64d659fdd152:implement:1,73aec897-14b0-434e-b1db-8ea1e7b07d7e,143327b0-281b-4c53-80f2-64d659fdd152,implement,1,spawn,2026-09-23T21:47:03.717Z
activation:4cdafd62-8910-47da-bedf-68c6047389e0:143327b0-281b-4c53-80f2-64d659fdd152:qa:1,4cdafd62-8910-47da-bedf-68c6047389e0,143327b0-281b-4c53-80f2-64d659fdd152,qa,1,spawn,2026-09-23T21:50:24.022Z
activation:9c6ed448-96c7-4d14-b7ce-939375c85910:d299fdc9-5515-4070-b8c0-d2db14377dfa:qa:1,9c6ed448-96c7-4d14-b7ce-939375c85910,d299fdc9-5515-4070-b8c0-d2db14377dfa,qa,1,spawn,2026-09-23T21:57:21.958Z
activation:bcd45ccb-0b8a-468f-82c0-7a2750d8fe5a:0531c321-0c14-4d53-acc6-65c663549493:qa:1,bcd45ccb-0b8a-468f-82c0-7a2750d8fe5a,0531c321-0c14-4d53-acc6-65c663549493,qa,1,spawn,2026-09-23T22:01:44.578Z
activation:rework:431d804dbf8f53fbcc5efd9818776b8e0f876c04299f75c38679b10a3fe59256,fc816208-3193-4d3e-b048-a0e5fd69976e,0531c321-0c14-4d53-acc6-65c663549493,implement,2,wake,2026-09-23T22:22:27.601Z
activation:3d542020-d359-4d1e-bfbf-0b0a7c39a11e:435650e5-e248-4844-9b3a-98033fd0b779:implement:1,3d542020-d359-4d1e-bfbf-0b0a7c39a11e,435650e5-e248-4844-9b3a-98033fd0b779,implement,1,spawn,2026-09-23T22:50:08.989Z
activation:a406621d-51cb-4587-a1e8-b5bc92164f0b:fc15a01d-c735-4fa1-a6f0-836c51c24768:implement:1,a406621d-51cb-4587-a1e8-b5bc92164f0b,fc15a01d-c735-4fa1-a6f0-836c51c24768,implement,1,spawn,2026-09-23T23:07:09.275Z
activation:5ea9860c-0fb1-4cb2-b7b3-d5c06995746e:4060034b-8f4c-4de3-a597-e7f92aad5b4c:implement:1,5ea9860c-0fb1-4cb2-b7b3-d5c06995746e,4060034b-8f4c-4de3-a597-e7f92aad5b4c,implement,1,spawn,2026-09-23T23:12:32.688Z
activation:9f016fc5-3781-4208-a4c0-7f680393aab0:0531c321-0c14-4d53-acc6-65c663549493:implement:2,9f016fc5-3781-4208-a4c0-7f680393aab0,0531c321-0c14-4d53-acc6-65c663549493,implement,2,replacement,2026-09-23T23:40:53.468Z
activation:9383060a-f410-404d-b725-f7919d50e9ff:435650e5-e248-4844-9b3a-98033fd0b779:implement:1,9383060a-f410-404d-b725-f7919d50e9ff,435650e5-e248-4844-9b3a-98033fd0b779,implement,1,spawn,2026-09-23T23:45:59.103Z
activation:rework:e71ef1c61d001dba361bb5ce3c062d489f5cf167d6ee633fa35f1a9f1c0280cc,bcd45ccb-0b8a-468f-82c0-7a2750d8fe5a,0531c321-0c14-4d53-acc6-65c663549493,qa,2,wake,2026-09-24T00:06:30.885Z
activation:02ee6a8f-f886-40bc-a94a-d8d4cce71a29:435650e5-e248-4844-9b3a-98033fd0b779:qa:1,02ee6a8f-f886-40bc-a94a-d8d4cce71a29,435650e5-e248-4844-9b3a-98033fd0b779,qa,1,spawn,2026-09-24T00:29:51.776Z
activation:rework:977c3d6ee8dbaeeab2787312407580b1c81d40627c4ffa3659d84356238c37b1,9383060a-f410-404d-b725-f7919d50e9ff,435650e5-e248-4844-9b3a-98033fd0b779,implement,2,wake,2026-09-24T00:48:24.055Z
activation:ff2c6da1-f32f-45c9-84b0-a0d76da7976c:0531c321-0c14-4d53-acc6-65c663549493:implement:3,ff2c6da1-f32f-45c9-84b0-a0d76da7976c,0531c321-0c14-4d53-acc6-65c663549493,implement,3,replacement,2026-09-24T01:07:02.342Z
activation:53b70cf9-1762-4803-8cce-f6f608e90e7c:b0c98033-2293-49b5-9a68-e5e3cebb1edf:eng_design:1,53b70cf9-1762-4803-8cce-f6f608e90e7c,b0c98033-2293-49b5-9a68-e5e3cebb1edf,eng_design,1,spawn,2026-09-24T01:09:36.273Z
activation:baa2afce-dd5b-4516-90a2-59d3031377bb:b0c98033-2293-49b5-9a68-e5e3cebb1edf:eng_design:1,baa2afce-dd5b-4516-90a2-59d3031377bb,b0c98033-2293-49b5-9a68-e5e3cebb1edf,eng_design,1,spawn,2026-09-24T01:10:52.333Z
activation:222ec7ae-dd07-41c4-8acf-82534a1fdbc9:0531c321-0c14-4d53-acc6-65c663549493:implement:3,222ec7ae-dd07-41c4-8acf-82534a1fdbc9,0531c321-0c14-4d53-acc6-65c663549493,implement,3,replacement,2026-09-24T01:11:47.408Z
activation:5da4c8de-3795-4edc-ad14-329c38e09ba6:5e30bab3-ff65-40b8-89b5-ce547e5f76a2:implement:1,5da4c8de-3795-4edc-ad14-329c38e09ba6,5e30bab3-ff65-40b8-89b5-ce547e5f76a2,implement,1,spawn,2026-09-24T01:14:47.462Z
activation:f371e87f-260f-4f3f-9473-dfd974e26517:8f0326cc-1297-4289-b129-ce2099a622a0:eng_design:1,f371e87f-260f-4f3f-9473-dfd974e26517,8f0326cc-1297-4289-b129-ce2099a622a0,eng_design,1,spawn,2026-09-24T01:14:58.391Z
activation:rework:8eca90b8b9e96911c8b142fa562b1651a27b7ed76800ece261cddc34cbbc2619,02ee6a8f-f886-40bc-a94a-d8d4cce71a29,435650e5-e248-4844-9b3a-98033fd0b779,qa,2,wake,2026-09-24T01:17:12.523Z
activation:35832f7a-6ce0-4068-a489-2e2ed9d66dca:238901c9-b50d-4b8d-8627-edefe5ff33dc:eng_design:1,35832f7a-6ce0-4068-a489-2e2ed9d66dca,238901c9-b50d-4b8d-8627-edefe5ff33dc,eng_design,1,spawn,2026-09-24T01:17:56.079Z
activation:b8057761-300b-4764-b4da-8b8686ad653e:e4da6f23-5b9e-4341-847d-b1a4607c1ce4:implement:2,b8057761-300b-4764-b4da-8b8686ad653e,e4da6f23-5b9e-4341-847d-b1a4607c1ce4,implement,2,replacement,2026-09-24T02:14:06.219Z
activation:aef24ecc-59d4-4292-936e-71a6cf5c21f9:5e30bab3-ff65-40b8-89b5-ce547e5f76a2:qa:1,aef24ecc-59d4-4292-936e-71a6cf5c21f9,5e30bab3-ff65-40b8-89b5-ce547e5f76a2,qa,1,spawn,2026-09-24T02:47:44.105Z
activation:4c124904-81ac-40e8-977a-f5dac79f0684:4060034b-8f4c-4de3-a597-e7f92aad5b4c:implement:1,4c124904-81ac-40e8-977a-f5dac79f0684,4060034b-8f4c-4de3-a597-e7f92aad5b4c,implement,1,spawn,2026-09-24T02:53:35.628Z
activation:50c8805e-d5bb-46b9-9598-d7e3b79967bd:9760d356-1bf8-4217-bba0-245682e5a44b:implement:2,50c8805e-d5bb-46b9-9598-d7e3b79967bd,9760d356-1bf8-4217-bba0-245682e5a44b,implement,2,replacement,2026-09-24T03:10:21.142Z
activation:614fb3ea-e937-48a7-8d88-1e871dbb9161:35635a28-1d2b-47fd-987f-e77ec6a664dc:implement:1,614fb3ea-e937-48a7-8d88-1e871dbb9161,35635a28-1d2b-47fd-987f-e77ec6a664dc,implement,1,spawn,2026-09-24T03:24:40.797Z
activation:rework:3e76c43150dc782d6c620561ed18b9b49421fdfe5bcd96b50896a8ad9a580c55,d4054f07-902a-4107-82e7-888f531c691a,e4da6f23-5b9e-4341-847d-b1a4607c1ce4,qa,2,wake,2026-09-24T05:04:59.710Z
activation:60fc7481-4291-4a35-85ac-bb4e2d8562e6:238901c9-b50d-4b8d-8627-edefe5ff33dc:implement:1,60fc7481-4291-4a35-85ac-bb4e2d8562e6,238901c9-b50d-4b8d-8627-edefe5ff33dc,implement,1,spawn,2026-09-24T05:14:57.811Z
activation:8773168c-be01-4687-8813-68e4566a346e:d9e27cf5-3392-49c7-af3e-4bf623f29a01:implement:2,8773168c-be01-4687-8813-68e4566a346e,d9e27cf5-3392-49c7-af3e-4bf623f29a01,implement,2,replacement,2026-09-24T05:15:05.620Z
activation:rework:e879cb23ac2c96fc8e291cf53b92a08c947f7ceab29e9ec5d11287f39a11398d,a509e941-e543-477e-8254-5d704858da14,9760d356-1bf8-4217-bba0-245682e5a44b,qa,2,wake,2026-09-24T05:21:13.268Z
activation:59aae6a0-db27-4ea6-948e-ffe7d76c88c7:8f0326cc-1297-4289-b129-ce2099a622a0:implement:1,59aae6a0-db27-4ea6-948e-ffe7d76c88c7,8f0326cc-1297-4289-b129-ce2099a622a0,implement,1,spawn,2026-09-24T05:30:30.370Z
activation:rework:92925a0e69038862de43192358c625eec9fabde80231b54b110a39fc385f3705,b8057761-300b-4764-b4da-8b8686ad653e,e4da6f23-5b9e-4341-847d-b1a4607c1ce4,implement,3,wake,2026-09-24T05:47:11.728Z
activation:rework:864176c09c48aaa215367f000d32936693633ec8c2d6e0aa18f9e652fa913c56,50c8805e-d5bb-46b9-9598-d7e3b79967bd,9760d356-1bf8-4217-bba0-245682e5a44b,implement,3,wake,2026-09-24T05:48:48.380Z
activation:rework:f274fb571c0ff324c7acf93890d7a9b1d01273f26f6722669877f2ba290b198b,b1cd5257-725c-4f70-aff0-1c4cac2f3d97,d9e27cf5-3392-49c7-af3e-4bf623f29a01,qa,2,wake,2026-09-24T05:51:39.958Z
activation:rework:910bb410af69b6cdeb6e9758f9508833ee3aef5e8619626d9a01f54699af6f90,a509e941-e543-477e-8254-5d704858da14,9760d356-1bf8-4217-bba0-245682e5a44b,qa,3,wake,2026-09-24T06:13:44.411Z
activation:1fa9d31e-4304-4fc2-bb3c-55ade07fadb1:35635a28-1d2b-47fd-987f-e77ec6a664dc:qa:1,1fa9d31e-4304-4fc2-bb3c-55ade07fadb1,35635a28-1d2b-47fd-987f-e77ec6a664dc,qa,1,spawn,2026-09-24T06:26:30.751Z
activation:rework:ecbdf13f80cc068168006b12992ae2fa4b2d66d1b74d1687fcb7d0a7aabd1509,614fb3ea-e937-48a7-8d88-1e871dbb9161,35635a28-1d2b-47fd-987f-e77ec6a664dc,implement,2,wake,2026-09-24T06:33:45.551Z
activation:397e8f99-8646-4e90-baf7-9dd72f5e5617:238901c9-b50d-4b8d-8627-edefe5ff33dc:implement:1,397e8f99-8646-4e90-baf7-9dd72f5e5617,238901c9-b50d-4b8d-8627-edefe5ff33dc,implement,1,spawn,2026-09-24T07:43:56.283Z
activation:3088358a-4820-4b68-97ca-43c847fba2ab:8f0326cc-1297-4289-b129-ce2099a622a0:implement:1,3088358a-4820-4b68-97ca-43c847fba2ab,8f0326cc-1297-4289-b129-ce2099a622a0,implement,1,spawn,2026-09-24T07:44:03.626Z
activation:03ca51e2-8239-438c-a654-08c36a8427b9:ff749717-a94c-4200-911f-2667e0c29e2b:implement:1,03ca51e2-8239-438c-a654-08c36a8427b9,ff749717-a94c-4200-911f-2667e0c29e2b,implement,1,spawn,2026-09-24T07:44:24.712Z
activation:342edfa7-28c8-48c5-973a-964d9fff6eee:e4da6f23-5b9e-4341-847d-b1a4607c1ce4:implement:3,342edfa7-28c8-48c5-973a-964d9fff6eee,e4da6f23-5b9e-4341-847d-b1a4607c1ce4,implement,3,replacement,2026-09-24T07:46:37.175Z
activation:81840c5c-5052-4a32-a443-213d9f1d5df2:9760d356-1bf8-4217-bba0-245682e5a44b:qa:3,81840c5c-5052-4a32-a443-213d9f1d5df2,9760d356-1bf8-4217-bba0-245682e5a44b,qa,3,replacement,2026-09-24T07:46:41.641Z
activation:bc3bb5bb-7016-4d1f-845d-5f146bb06fa9:35635a28-1d2b-47fd-987f-e77ec6a664dc:implement:2,bc3bb5bb-7016-4d1f-845d-5f146bb06fa9,35635a28-1d2b-47fd-987f-e77ec6a664dc,implement,2,replacement,2026-09-24T07:46:48.071Z
activation:9565cabe-062b-43a9-bff4-0ca42b9e7eb6:be388028-7bcd-428d-a4bc-768ee5cbb9f9:implement:1,9565cabe-062b-43a9-bff4-0ca42b9e7eb6,be388028-7bcd-428d-a4bc-768ee5cbb9f9,implement,1,spawn,2026-09-24T07:53:56.790Z
activation:9c5bc88c-d76f-46a9-b6eb-98efc217b31b:90e86d55-8061-40fd-b640-07a6de4a09e2:implement:1,9c5bc88c-d76f-46a9-b6eb-98efc217b31b,90e86d55-8061-40fd-b640-07a6de4a09e2,implement,1,spawn,2026-09-24T07:54:00.540Z
activation:837d6e85-f52b-4d23-93f7-67a9f15fcf44:f8ac913d-a9dc-4e8c-875b-7bb155c1b258:implement:1,837d6e85-f52b-4d23-93f7-67a9f15fcf44,f8ac913d-a9dc-4e8c-875b-7bb155c1b258,implement,1,spawn,2026-09-24T07:54:04.738Z
activation:6520c919-ded0-46e6-bfa5-76bba81770c6:ab5dd282-431b-4006-afc3-7ed1220f794e:implement:1,6520c919-ded0-46e6-bfa5-76bba81770c6,ab5dd282-431b-4006-afc3-7ed1220f794e,implement,1,spawn,2026-09-24T07:54:08.644Z
activation:645a3383-2ccc-435d-90bf-ddeb5d6ac9eb:3e1394b1-80d4-4cbc-9868-9f1fe4ffa716:implement:1,645a3383-2ccc-435d-90bf-ddeb5d6ac9eb,3e1394b1-80d4-4cbc-9868-9f1fe4ffa716,implement,1,spawn,2026-09-24T07:54:12.778Z
activation:b224d252-30d2-4d13-b597-9663ea25de43:9760d356-1bf8-4217-bba0-245682e5a44b:implement:4,b224d252-30d2-4d13-b597-9663ea25de43,9760d356-1bf8-4217-bba0-245682e5a44b,implement,4,replacement,2026-09-24T08:02:46.267Z
activation:45e987fa-8d8f-410e-b1c1-0df5d9ccd650:d9e27cf5-3392-49c7-af3e-4bf623f29a01:qa:3,45e987fa-8d8f-410e-b1c1-0df5d9ccd650,d9e27cf5-3392-49c7-af3e-4bf623f29a01,qa,3,replacement,2026-09-24T08:03:58.146Z
activation:rework:287021f6cc727d56b37f3845ecf08f4feec6e76b4cd6ceee96a6e1a89cb44264,81840c5c-5052-4a32-a443-213d9f1d5df2,9760d356-1bf8-4217-bba0-245682e5a44b,qa,4,wake,2026-09-24T08:46:54.741Z
activation:1acfc193-ac77-4816-b8cb-0b9fd1283898:ab5dd282-431b-4006-afc3-7ed1220f794e:qa:1,1acfc193-ac77-4816-b8cb-0b9fd1283898,ab5dd282-431b-4006-afc3-7ed1220f794e,qa,1,spawn,2026-09-24T08:57:46.421Z
activation:78b25b52-09dc-4133-ac63-1bc7b059e74f:90e86d55-8061-40fd-b640-07a6de4a09e2:qa:1,78b25b52-09dc-4133-ac63-1bc7b059e74f,90e86d55-8061-40fd-b640-07a6de4a09e2,qa,1,spawn,2026-09-24T09:28:11.461Z
activation:rework:cfba5c2f6ca844af9d8302ea14ab85a05333889143b04acd8a9313f2ed5f607e,b224d252-30d2-4d13-b597-9663ea25de43,9760d356-1bf8-4217-bba0-245682e5a44b,implement,5,wake,2026-09-24T09:39:30.816Z
activation:92f80de7-baa5-472c-ac50-7439fac30875:be388028-7bcd-428d-a4bc-768ee5cbb9f9:qa:1,92f80de7-baa5-472c-ac50-7439fac30875,be388028-7bcd-428d-a4bc-768ee5cbb9f9,qa,1,spawn,2026-09-24T09:57:05.382Z
activation:rework:783150ee6aa213e1a1b26faf0956965c9c77facfccdebaae64ebcbd84fe3ff14,9c5bc88c-d76f-46a9-b6eb-98efc217b31b,90e86d55-8061-40fd-b640-07a6de4a09e2,implement,2,wake,2026-09-24T10:01:48.685Z
activation:ec0fcf8a-4ef5-4290-9646-e90d724ed544:3e1394b1-80d4-4cbc-9868-9f1fe4ffa716:qa:1,ec0fcf8a-4ef5-4290-9646-e90d724ed544,3e1394b1-80d4-4cbc-9868-9f1fe4ffa716,qa,1,spawn,2026-09-24T10:09:37.741Z
activation:rework:f133fbd6f608eeefee8dbab1516833620438d915ab2a025b3679003a8ef1f5b1,78b25b52-09dc-4133-ac63-1bc7b059e74f,90e86d55-8061-40fd-b640-07a6de4a09e2,qa,2,wake,2026-09-24T10:16:44.752Z
activation:rework:8d9586ab9998ae27d4a508cb8a1e871694d29a6e0e03812db7506fac01b87403,645a3383-2ccc-435d-90bf-ddeb5d6ac9eb,3e1394b1-80d4-4cbc-9868-9f1fe4ffa716,implement,2,wake,2026-09-24T10:31:28.777Z
activation:b977f664-01a7-46b8-8ad9-0951adf06d6c:7319fcce-5025-4860-90e9-da2234b3573d:implement:1,b977f664-01a7-46b8-8ad9-0951adf06d6c,7319fcce-5025-4860-90e9-da2234b3573d,implement,1,spawn,2026-09-24T10:32:30.273Z
activation:5c7d61d2-6881-4818-9b0a-94a81896e6bc:f8ac913d-a9dc-4e8c-875b-7bb155c1b258:qa:1,5c7d61d2-6881-4818-9b0a-94a81896e6bc,f8ac913d-a9dc-4e8c-875b-7bb155c1b258,qa,1,spawn,2026-09-24T10:35:42.546Z
activation:705d34cd-74cd-47b5-9c6e-9a37e5979cc1:7319fcce-5025-4860-90e9-da2234b3573d:qa:1,705d34cd-74cd-47b5-9c6e-9a37e5979cc1,7319fcce-5025-4860-90e9-da2234b3573d,qa,1,spawn,2026-09-24T10:36:53.735Z
activation:rework:35d4d224a66001959ecaae1e11465c404d3f10b14b63fe811ee7342134701316,6520c919-ded0-46e6-bfa5-76bba81770c6,ab5dd282-431b-4006-afc3-7ed1220f794e,implement,2,wake,2026-09-24T10:51:00.734Z
activation:rework:1baeb8427cd00cf90894b44f1250d23d0f4b733e6d20c3d58d4a64ce6abe4369,837d6e85-f52b-4d23-93f7-67a9f15fcf44,f8ac913d-a9dc-4e8c-875b-7bb155c1b258,implement,2,wake,2026-09-24T10:57:05.989Z
activation:rework:1e2d2f71dda85b2552ee3e1e826a605cbbd3c32016134f89bfb0c29b6dd3a0ec,ec0fcf8a-4ef5-4290-9646-e90d724ed544,3e1394b1-80d4-4cbc-9868-9f1fe4ffa716,qa,2,wake,2026-09-24T11:02:57.349Z
activation:rework:c81039ab3b9ef46275be141ae58d9daadbb25e1b6e1329534ec3b77c83be39d2,b977f664-01a7-46b8-8ad9-0951adf06d6c,7319fcce-5025-4860-90e9-da2234b3573d,implement,2,wake,2026-09-24T11:31:56.216Z
activation:rework:97cf6f4ff53b444ef4efbed9a50fecde0e1efae7c2d6fe486937e15db92c742c,9565cabe-062b-43a9-bff4-0ca42b9e7eb6,be388028-7bcd-428d-a4bc-768ee5cbb9f9,implement,2,wake,2026-09-24T11:31:59.249Z
activation:c3ec4a52-f4b7-4f4b-a01f-0a6599652af3:f3ff962e-87c7-488d-9669-6864a1e66957:implement:1,c3ec4a52-f4b7-4f4b-a01f-0a6599652af3,f3ff962e-87c7-488d-9669-6864a1e66957,implement,1,spawn,2026-09-24T11:43:47.418Z
activation:036130e1-1ce8-4b76-9720-df3999675349:f3ff962e-87c7-488d-9669-6864a1e66957:qa:1,036130e1-1ce8-4b76-9720-df3999675349,f3ff962e-87c7-488d-9669-6864a1e66957,qa,1,spawn,2026-09-24T11:46:30.462Z
activation:rework:afe44560ba99e3c7e6186deee7b67c5966f9428fdd6a5a35339a53174aae5ca6,645a3383-2ccc-435d-90bf-ddeb5d6ac9eb,3e1394b1-80d4-4cbc-9868-9f1fe4ffa716,implement,3,wake,2026-09-24T11:56:28.767Z
activation:rework:8947fb8c01d27117c345e265224e538d3aafd78faff12167928904c0c931a6ec,c3ec4a52-f4b7-4f4b-a01f-0a6599652af3,f3ff962e-87c7-488d-9669-6864a1e66957,implement,2,wake,2026-09-24T12:12:25.282Z
activation:748f3c9e-91c6-4fcf-b9d0-075935fdb430:786f0094-0466-4f9c-bd0d-1d8e8a083747:implement:1,748f3c9e-91c6-4fcf-b9d0-075935fdb430,786f0094-0466-4f9c-bd0d-1d8e8a083747,implement,1,spawn,2026-09-24T12:16:37.949Z
activation:45c8187a-0cee-43a3-8574-24c626a53a1e:533ba1e1-bc5e-47ba-82bf-f3115b1a1625:implement:1,45c8187a-0cee-43a3-8574-24c626a53a1e,533ba1e1-bc5e-47ba-82bf-f3115b1a1625,implement,1,spawn,2026-09-24T12:23:49.222Z
activation:8ae14ad9-f743-4ec1-a49c-0961c95fbd1c:533ba1e1-bc5e-47ba-82bf-f3115b1a1625:qa:1,8ae14ad9-f743-4ec1-a49c-0961c95fbd1c,533ba1e1-bc5e-47ba-82bf-f3115b1a1625,qa,1,spawn,2026-09-24T12:27:01.812Z
activation:85e04f61-9ec9-4a90-ac0d-650908d58e8e:4079b623-5e51-4f4b-81c8-f928c50c494a:implement:1,85e04f61-9ec9-4a90-ac0d-650908d58e8e,4079b623-5e51-4f4b-81c8-f928c50c494a,implement,1,spawn,2026-09-24T12:27:19.387Z
activation:517d3de4-1f33-473f-bb1a-e7ae3c24efc6:4079b623-5e51-4f4b-81c8-f928c50c494a:qa:1,517d3de4-1f33-473f-bb1a-e7ae3c24efc6,4079b623-5e51-4f4b-81c8-f928c50c494a,qa,1,spawn,2026-09-24T12:30:09.570Z
activation:rework:2e9094ad6bcdabc9aa90562f305cc540d96f0799b43a4d707ddd4382b70dc60f,45c8187a-0cee-43a3-8574-24c626a53a1e,533ba1e1-bc5e-47ba-82bf-f3115b1a1625,implement,2,wake,2026-09-24T13:28:22.699Z
activation:d6aadc9a-d214-4218-a2a4-3f5f0a74c1a1:71a3626b-2878-41da-826e-b8bdf7b0f2ad:implement:1,d6aadc9a-d214-4218-a2a4-3f5f0a74c1a1,71a3626b-2878-41da-826e-b8bdf7b0f2ad,implement,1,spawn,2026-09-24T14:04:44.153Z
activation:c40e2bd1-7e20-460a-bea3-7ac79a2a3efd:71a3626b-2878-41da-826e-b8bdf7b0f2ad:qa:1,c40e2bd1-7e20-460a-bea3-7ac79a2a3efd,71a3626b-2878-41da-826e-b8bdf7b0f2ad,qa,1,spawn,2026-09-24T14:06:51.344Z
activation:rework:7b4ec0f29f77de5e7150a3e522234a90ddc42b591d3dd67b3917cf262f863c0a,85e04f61-9ec9-4a90-ac0d-650908d58e8e,4079b623-5e51-4f4b-81c8-f928c50c494a,implement,2,wake,2026-09-24T14:13:48.391Z
activation:ce4206e6-0be1-45cd-98d8-3fb9c1804737:fcdd8fc0-1c5a-492f-93ce-250874a37321:implement:1,ce4206e6-0be1-45cd-98d8-3fb9c1804737,fcdd8fc0-1c5a-492f-93ce-250874a37321,implement,1,spawn,2026-09-24T14:19:19.496Z
activation:22829243-b6bb-4160-87f6-306e21d0c49a:fcdd8fc0-1c5a-492f-93ce-250874a37321:qa:1,22829243-b6bb-4160-87f6-306e21d0c49a,fcdd8fc0-1c5a-492f-93ce-250874a37321,qa,1,spawn,2026-09-24T14:24:01.423Z
activation:rework:a43b36e01c708c9ea66e1a8b79743bb51b1077aa5be5401e65df4568ca7da092,92f80de7-baa5-472c-ac50-7439fac30875,be388028-7bcd-428d-a4bc-768ee5cbb9f9,qa,2,wake,2026-09-24T14:34:46.107Z
activation:rework:c0fef5232f8691d19f717328b3c081d090686a5527db9a25b1b0fc0e463a1474,d6aadc9a-d214-4218-a2a4-3f5f0a74c1a1,71a3626b-2878-41da-826e-b8bdf7b0f2ad,implement,2,wake,2026-09-24T14:41:00.161Z
activation:dce17f32-451c-4265-b3d0-801e624fc792:8e34afec-6c93-490d-99a2-a0088b326e57:implement:1,dce17f32-451c-4265-b3d0-801e624fc792,8e34afec-6c93-490d-99a2-a0088b326e57,implement,1,spawn,2026-09-24T14:47:31.696Z
activation:7646d901-e2b0-4745-8a68-459034aa0411:8e34afec-6c93-490d-99a2-a0088b326e57:qa:1,7646d901-e2b0-4745-8a68-459034aa0411,8e34afec-6c93-490d-99a2-a0088b326e57,qa,1,spawn,2026-09-24T14:50:29.130Z
activation:rework:63097c2662636d7622a48e59949a3a889198a94737c013294b70d5e9671ae072,ce4206e6-0be1-45cd-98d8-3fb9c1804737,fcdd8fc0-1c5a-492f-93ce-250874a37321,implement,2,wake,2026-09-24T15:00:07.622Z
activation:a43a6880-5207-41c9-a3c5-7523fb24d0f7:2d211ed0-adc7-4086-ab30-93b048caf040:implement:1,a43a6880-5207-41c9-a3c5-7523fb24d0f7,2d211ed0-adc7-4086-ab30-93b048caf040,implement,1,spawn,2026-09-24T15:09:07.109Z
activation:d524fd8f-b210-43a0-a735-ea543afc90ed:2d211ed0-adc7-4086-ab30-93b048caf040:qa:1,d524fd8f-b210-43a0-a735-ea543afc90ed,2d211ed0-adc7-4086-ab30-93b048caf040,qa,1,spawn,2026-09-24T15:11:33.181Z
activation:7c91f9fb-9720-45e5-b046-0b1162606cf7:fac0dd47-6397-4d7b-beb6-ad242492dc79:implement:1,7c91f9fb-9720-45e5-b046-0b1162606cf7,fac0dd47-6397-4d7b-beb6-ad242492dc79,implement,1,spawn,2026-09-24T15:18:36.599Z
activation:763a0587-4965-42a6-b22f-52db96dafde6:fac0dd47-6397-4d7b-beb6-ad242492dc79:qa:1,763a0587-4965-42a6-b22f-52db96dafde6,fac0dd47-6397-4d7b-beb6-ad242492dc79,qa,1,spawn,2026-09-24T15:19:43.820Z
activation:rework:eb88b9cb36981ce2260db900a8d1bee3c0e4aa2a31ac3718e264bf8c1589e54d,dce17f32-451c-4265-b3d0-801e624fc792,8e34afec-6c93-490d-99a2-a0088b326e57,implement,2,wake,2026-09-24T15:31:38.386Z
activation:b15a5b84-2c76-43bb-a436-21fc4d0a9f24:37b0cd13-9ff2-445f-ab31-0d5dfc742b13:implement:1,b15a5b84-2c76-43bb-a436-21fc4d0a9f24,37b0cd13-9ff2-445f-ab31-0d5dfc742b13,implement,1,spawn,2026-09-24T15:51:19.432Z
activation:rework:fcd0502ea792df8de97548b468f6ce21297115cd84b7ab371d3ff61c31bff03a,a43a6880-5207-41c9-a3c5-7523fb24d0f7,2d211ed0-adc7-4086-ab30-93b048caf040,implement,2,wake,2026-09-24T15:53:00.807Z
activation:46b84a84-a1cb-474c-9c11-e51892b8618b:37b0cd13-9ff2-445f-ab31-0d5dfc742b13:qa:1,46b84a84-a1cb-474c-9c11-e51892b8618b,37b0cd13-9ff2-445f-ab31-0d5dfc742b13,qa,1,spawn,2026-09-24T15:57:17.226Z
activation:ab10f3f7-18d1-4a33-ab47-75be53369eb3:7b4f9a8c-4aad-4725-928e-ef430c132f69:implement:1,ab10f3f7-18d1-4a33-ab47-75be53369eb3,7b4f9a8c-4aad-4725-928e-ef430c132f69,implement,1,spawn,2026-09-24T16:04:49.327Z
activation:259c0890-b9ff-4496-8d22-c1169951fab7:7b4f9a8c-4aad-4725-928e-ef430c132f69:qa:1,259c0890-b9ff-4496-8d22-c1169951fab7,7b4f9a8c-4aad-4725-928e-ef430c132f69,qa,1,spawn,2026-09-24T16:06:48.839Z
activation:9cf1770e-34dd-405c-aa22-a652711e40fe:3b06c51e-cf86-4dce-9f19-d412d3ad6068:implement:1,9cf1770e-34dd-405c-aa22-a652711e40fe,3b06c51e-cf86-4dce-9f19-d412d3ad6068,implement,1,spawn,2026-09-24T16:09:03.753Z
activation:53fef134-d18e-4477-8c64-8aff7ae4f88f:3b06c51e-cf86-4dce-9f19-d412d3ad6068:qa:1,53fef134-d18e-4477-8c64-8aff7ae4f88f,3b06c51e-cf86-4dce-9f19-d412d3ad6068,qa,1,spawn,2026-09-24T16:15:15.059Z
activation:rework:8dae5b319e5c446ac48b4fcf27301cdc2d151caa2840bb71b6ab896a4df6461c,9565cabe-062b-43a9-bff4-0ca42b9e7eb6,be388028-7bcd-428d-a4bc-768ee5cbb9f9,implement,3,wake,2026-09-24T16:31:13.213Z
activation:0b64f42a-7cb1-48b2-8e92-e53b935b951d:7b4f9a8c-4aad-4725-928e-ef430c132f69:implement:2,0b64f42a-7cb1-48b2-8e92-e53b935b951d,7b4f9a8c-4aad-4725-928e-ef430c132f69,implement,2,replacement,2026-09-24T16:31:13.372Z
activation:88fe6721-6e51-4704-ba38-ed1bcef76ca9:5bbad7fb-5eeb-4d95-acb3-935be82deb53:implement:1,88fe6721-6e51-4704-ba38-ed1bcef76ca9,5bbad7fb-5eeb-4d95-acb3-935be82deb53,implement,1,spawn,2026-09-24T16:34:11.520Z
activation:71f30da8-0e54-4891-8f49-3094504bfbd2:5bbad7fb-5eeb-4d95-acb3-935be82deb53:qa:1,71f30da8-0e54-4891-8f49-3094504bfbd2,5bbad7fb-5eeb-4d95-acb3-935be82deb53,qa,1,spawn,2026-09-24T16:37:25.532Z
activation:rework:a3a4801103ddf30fac1c8db124869f046eb8c896542d053153247c685acb2644,b15a5b84-2c76-43bb-a436-21fc4d0a9f24,37b0cd13-9ff2-445f-ab31-0d5dfc742b13,implement,2,wake,2026-09-24T16:39:55.698Z
activation:rework:4e25a54d2f4354e2ed8d6b4ae2494ba39b70fefb61030ab239fc1310fa36d972,7c91f9fb-9720-45e5-b046-0b1162606cf7,fac0dd47-6397-4d7b-beb6-ad242492dc79,implement,2,wake,2026-09-24T16:47:42.173Z
activation:00b1a84a-2e53-4523-a2c0-9d4f4f918070:cccc3d08-f798-499c-90e6-7d87220d39b6:implement:1,00b1a84a-2e53-4523-a2c0-9d4f4f918070,cccc3d08-f798-499c-90e6-7d87220d39b6,implement,1,spawn,2026-09-24T16:55:26.887Z
activation:rework:4de32dbc9d26a1bbe235cc2654f23c4c6aef916dca000516f7fae4ea035dd0b1,259c0890-b9ff-4496-8d22-c1169951fab7,7b4f9a8c-4aad-4725-928e-ef430c132f69,qa,2,wake,2026-09-24T17:09:50.270Z
activation:rework:1b1407998448dbcdf7275a6c2eb75e77c0811f374f2c96a61112e30096bf5768,0b64f42a-7cb1-48b2-8e92-e53b935b951d,7b4f9a8c-4aad-4725-928e-ef430c132f69,implement,3,wake,2026-09-24T17:19:22.427Z
activation:69688dac-f5b1-4102-bc66-318cf27ba4eb:39755784-e421-4c1a-8195-9a16f54dc0d1:implement:1,69688dac-f5b1-4102-bc66-318cf27ba4eb,39755784-e421-4c1a-8195-9a16f54dc0d1,implement,1,spawn,2026-09-24T17:26:16.639Z
activation:ed46aa1b-bce9-4f38-a160-b12c119d1f5e:39755784-e421-4c1a-8195-9a16f54dc0d1:qa:1,ed46aa1b-bce9-4f38-a160-b12c119d1f5e,39755784-e421-4c1a-8195-9a16f54dc0d1,qa,1,spawn,2026-09-24T17:29:17.696Z
activation:a9df2a66-b0d9-4047-8c62-22c167721888:f13e644b-b171-47db-97f6-b8173a379731:implement:1,a9df2a66-b0d9-4047-8c62-22c167721888,f13e644b-b171-47db-97f6-b8173a379731,implement,1,spawn,2026-09-24T17:30:43.705Z
activation:f3574edc-c43f-4f48-8b6c-7ea29e3a3ad2:438b1a33-dd9e-48bf-89cf-78db09b798f0:implement:1,f3574edc-c43f-4f48-8b6c-7ea29e3a3ad2,438b1a33-dd9e-48bf-89cf-78db09b798f0,implement,1,spawn,2026-09-24T17:32:19.681Z
activation:dc3111e5-6673-4a2c-86b9-0c89e5a2c841:438b1a33-dd9e-48bf-89cf-78db09b798f0:qa:1,dc3111e5-6673-4a2c-86b9-0c89e5a2c841,438b1a33-dd9e-48bf-89cf-78db09b798f0,qa,1,spawn,2026-09-24T17:33:13.461Z
activation:fb1b9fdc-9c93-4686-a039-227abf36b52a:f13e644b-b171-47db-97f6-b8173a379731:qa:1,fb1b9fdc-9c93-4686-a039-227abf36b52a,f13e644b-b171-47db-97f6-b8173a379731,qa,1,spawn,2026-09-24T17:33:50.560Z
activation:771d3bfa-cc7a-4292-bb0e-63d1fdc831d5:5bbad7fb-5eeb-4d95-acb3-935be82deb53:implement:2,771d3bfa-cc7a-4292-bb0e-63d1fdc831d5,5bbad7fb-5eeb-4d95-acb3-935be82deb53,implement,2,replacement,2026-09-24T17:36:26.317Z
activation:rework:58f889ea0736e91aea80bd0f15213c7468c0bade4ad4b2dad2cd56fe60de8512,46b84a84-a1cb-474c-9c11-e51892b8618b,37b0cd13-9ff2-445f-ab31-0d5dfc742b13,qa,2,wake,2026-09-24T17:45:31.744Z
activation:rework:2c615efe23ea88867856e5f884dfe004d141a80d7101763e0593f402768d024b,a9df2a66-b0d9-4047-8c62-22c167721888,f13e644b-b171-47db-97f6-b8173a379731,implement,2,wake,2026-09-24T17:53:25.700Z
activation:rework:59b5902454f0ed50c81f1227e11aa11e144f6fddd4eade2466e790b1c628ce46,f3574edc-c43f-4f48-8b6c-7ea29e3a3ad2,438b1a33-dd9e-48bf-89cf-78db09b798f0,implement,2,wake,2026-09-24T18:11:33.353Z
activation:2e9caed0-a388-414d-8d22-3827a02b4cfe:6f37ac94-833b-488f-b74b-8d023c061f31:implement:1,2e9caed0-a388-414d-8d22-3827a02b4cfe,6f37ac94-833b-488f-b74b-8d023c061f31,implement,1,spawn,2026-09-24T18:37:44.611Z
activation:40235e26-7a25-4c19-9788-df11a59183b0:6f37ac94-833b-488f-b74b-8d023c061f31:qa:1,40235e26-7a25-4c19-9788-df11a59183b0,6f37ac94-833b-488f-b74b-8d023c061f31,qa,1,spawn,2026-09-24T18:41:25.846Z
activation:rework:595bd193aeb2f65e5db1b990c5df7bb7d69c8e0bfe7af3fc92a355dac6beafeb,71f30da8-0e54-4891-8f49-3094504bfbd2,5bbad7fb-5eeb-4d95-acb3-935be82deb53,qa,2,wake,2026-09-24T18:51:14.547Z
activation:18289cf2-0a22-4c55-af1a-f0cea112a9b8:3b06c51e-cf86-4dce-9f19-d412d3ad6068:implement:2,18289cf2-0a22-4c55-af1a-f0cea112a9b8,3b06c51e-cf86-4dce-9f19-d412d3ad6068,implement,2,replacement,2026-09-24T18:55:16.076Z
activation:53af42ab-b1c2-4770-8d02-1374a36446c0:9054a9ec-9b70-40ef-a30b-818a9ccf68af:implement:1,53af42ab-b1c2-4770-8d02-1374a36446c0,9054a9ec-9b70-40ef-a30b-818a9ccf68af,implement,1,spawn,2026-09-24T18:58:50.216Z
activation:a46bfcb3-7e0c-465e-a473-ec50909149a5:9054a9ec-9b70-40ef-a30b-818a9ccf68af:qa:1,a46bfcb3-7e0c-465e-a473-ec50909149a5,9054a9ec-9b70-40ef-a30b-818a9ccf68af,qa,1,spawn,2026-09-24T19:25:51.101Z
activation:0c7fb517-3464-4f6a-b48c-669385e70d1b:3b06c51e-cf86-4dce-9f19-d412d3ad6068:implement:2,0c7fb517-3464-4f6a-b48c-669385e70d1b,3b06c51e-cf86-4dce-9f19-d412d3ad6068,implement,2,replacement,2026-09-24T19:25:59.963Z
activation:rework:59cbbf29cc093f5fd229d63bee998f6975724c029a97341434056d35233c0d14,b15a5b84-2c76-43bb-a436-21fc4d0a9f24,37b0cd13-9ff2-445f-ab31-0d5dfc742b13,implement,3,wake,2026-09-24T19:27:32.763Z
activation:6615017e-0ac1-4b05-a11a-4919f764fe0f:a7ea7fa2-610e-4940-b02c-511554f7d895:implement:1,6615017e-0ac1-4b05-a11a-4919f764fe0f,a7ea7fa2-610e-4940-b02c-511554f7d895,implement,1,spawn,2026-09-24T19:28:18.144Z
activation:a29f0f6e-99e7-4754-a559-3f58c25c84ed:2d648474-3fad-45aa-a992-f3ae8c808c47:implement:1,a29f0f6e-99e7-4754-a559-3f58c25c84ed,2d648474-3fad-45aa-a992-f3ae8c808c47,implement,1,spawn,2026-09-24T19:39:08.876Z
activation:rework:247cad864a91c90898b465ce8ef144b37be5c56da1e23a47c65f02c96a36a5ed,53fef134-d18e-4477-8c64-8aff7ae4f88f,3b06c51e-cf86-4dce-9f19-d412d3ad6068,qa,2,wake,2026-09-24T19:49:53.648Z
activation:c06a2bac-9d37-418c-9466-c3366838eeba:2d648474-3fad-45aa-a992-f3ae8c808c47:qa:1,c06a2bac-9d37-418c-9466-c3366838eeba,2d648474-3fad-45aa-a992-f3ae8c808c47,qa,1,spawn,2026-09-24T19:56:40.425Z
activation:rework:afc6005b54de94dcddd14d3dedea2eda7e74e34661bf9058901d661518bf2894,0c7fb517-3464-4f6a-b48c-669385e70d1b,3b06c51e-cf86-4dce-9f19-d412d3ad6068,implement,3,wake,2026-09-24T20:24:34.054Z
activation:rework:e70dd926fb1ba9d9a1acbf60d6268fb0d3ebfbb0124c67301e7cffa91d8fd3bf,53fef134-d18e-4477-8c64-8aff7ae4f88f,3b06c51e-cf86-4dce-9f19-d412d3ad6068,qa,3,wake,2026-09-24T20:38:14.220Z
activation:70277118-7815-4dbe-bd94-f105da07a6c3:a7ea7fa2-610e-4940-b02c-511554f7d895:qa:1,70277118-7815-4dbe-bd94-f105da07a6c3,a7ea7fa2-610e-4940-b02c-511554f7d895,qa,1,spawn,2026-09-24T20:42:15.379Z
activation:rework:a7c6f47ad46b3d5f8848c06ba1c2e3342d4c0648a3581da06bb58c2fae10d0f9,0c7fb517-3464-4f6a-b48c-669385e70d1b,3b06c51e-cf86-4dce-9f19-d412d3ad6068,implement,4,wake,2026-09-24T21:42:27.548Z
activation:rework:d613496b1087fe51838e078986e0522f27a810bddf0cf1b21da643c4296bffb3,771d3bfa-cc7a-4292-bb0e-63d1fdc831d5,5bbad7fb-5eeb-4d95-acb3-935be82deb53,implement,3,wake,2026-09-24T21:57:16.855Z
activation:c1db8d2e-5c21-456c-8d35-1ae5bd884d8f:5bbad7fb-5eeb-4d95-acb3-935be82deb53:implement:3,c1db8d2e-5c21-456c-8d35-1ae5bd884d8f,5bbad7fb-5eeb-4d95-acb3-935be82deb53,implement,3,replacement,2026-09-24T21:57:17.142Z
activation:5602a499-35d0-4a07-b7e4-c0f46c0b17ce:2d648474-3fad-45aa-a992-f3ae8c808c47:implement:2,5602a499-35d0-4a07-b7e4-c0f46c0b17ce,2d648474-3fad-45aa-a992-f3ae8c808c47,implement,2,replacement,2026-09-24T22:58:05.298Z
activation:151082ac-0f23-4444-9c9c-ac401b8fd8a9:9054a9ec-9b70-40ef-a30b-818a9ccf68af:implement:2,151082ac-0f23-4444-9c9c-ac401b8fd8a9,9054a9ec-9b70-40ef-a30b-818a9ccf68af,implement,2,replacement,2026-09-24T23:02:03.918Z
activation:e5017f34-787e-424b-ae5d-65f25fec88e8:c73c8847-ea86-4851-864f-c8f5a1a425eb:implement:1,e5017f34-787e-424b-ae5d-65f25fec88e8,c73c8847-ea86-4851-864f-c8f5a1a425eb,implement,1,spawn,2026-09-24T23:03:17.185Z
activation:7eb0a6d9-c80c-418f-ab9c-8851ef8e9167:c73c8847-ea86-4851-864f-c8f5a1a425eb:qa:1,7eb0a6d9-c80c-418f-ab9c-8851ef8e9167,c73c8847-ea86-4851-864f-c8f5a1a425eb,qa,1,spawn,2026-09-24T23:03:51.325Z
activation:rework:cf8369012a55ed1681a1058d2de7ceff2d5836ca4fb8b0c0317994ee0be502cb,71f30da8-0e54-4891-8f49-3094504bfbd2,5bbad7fb-5eeb-4d95-acb3-935be82deb53,qa,3,wake,2026-09-24T23:13:18.946Z
activation:345c96d6-bf98-4584-bdd0-4173caf5e50f:1a7f423f-bedf-4184-9c12-8af305b3441d:implement:1,345c96d6-bf98-4584-bdd0-4173caf5e50f,1a7f423f-bedf-4184-9c12-8af305b3441d,implement,1,spawn,2026-09-24T23:15:43.422Z
activation:c675e1b0-6abf-47cb-9120-6c504a110a93:4c2704d4-c2f8-4336-a640-d9558e419049:general:1,c675e1b0-6abf-47cb-9120-6c504a110a93,4c2704d4-c2f8-4336-a640-d9558e419049,general,1,spawn,2026-09-24T23:16:47.159Z
activation:be23e304-c55e-4e0a-abed-202a9660a87b:17b8e451-b9a3-4e7b-845e-1708a14214df:general:1,be23e304-c55e-4e0a-abed-202a9660a87b,17b8e451-b9a3-4e7b-845e-1708a14214df,general,1,spawn,2026-09-24T23:17:10.025Z
activation:rework:c05a00db7012decfa37fee79cd6ce5e365009949422e501ca5630ece882b23af,6615017e-0ac1-4b05-a11a-4919f764fe0f,a7ea7fa2-610e-4940-b02c-511554f7d895,implement,2,wake,2026-09-24T23:19:36.233Z
activation:896c8f8c-035b-4c87-84aa-d978e54d9faa:907d80e6-a1d9-4f61-9a84-ef33f0d55112:eng_design:1,896c8f8c-035b-4c87-84aa-d978e54d9faa,907d80e6-a1d9-4f61-9a84-ef33f0d55112,eng_design,1,spawn,2026-09-24T23:22:24.264Z
activation:4c42005e-4f87-4b3e-8345-10d03826be3a:558dcc5b-1379-480e-b48b-854fdc841641:eng_design:1,4c42005e-4f87-4b3e-8345-10d03826be3a,558dcc5b-1379-480e-b48b-854fdc841641,eng_design,1,spawn,2026-09-24T23:27:56.912Z
activation:rework:cd591347b367235169717f1cd74ed13258bd0448f2e60f3eac69124323916fb2,c1db8d2e-5c21-456c-8d35-1ae5bd884d8f,5bbad7fb-5eeb-4d95-acb3-935be82deb53,implement,4,wake,2026-09-24T23:33:58.349Z
activation:66d0759c-5738-458f-ab4e-2a6587ba5e71:b331bcb1-043a-476c-8e9a-7cd12799767b:eng_design:1,66d0759c-5738-458f-ab4e-2a6587ba5e71,b331bcb1-043a-476c-8e9a-7cd12799767b,eng_design,1,spawn,2026-09-24T23:43:38.751Z
activation:4a6e76d0-023d-48fd-9a73-774c1ae47382:22c7f9c7-9db7-43cf-9cfd-365d90564d84:implement:1,4a6e76d0-023d-48fd-9a73-774c1ae47382,22c7f9c7-9db7-43cf-9cfd-365d90564d84,implement,1,spawn,2026-09-24T23:44:13.924Z
activation:25d8197c-5ab1-497e-b5d0-09b64389b45a:535b5752-338e-4372-9e92-a80c720647c7:implement:1,25d8197c-5ab1-497e-b5d0-09b64389b45a,535b5752-338e-4372-9e92-a80c720647c7,implement,1,spawn,2026-09-24T23:44:39.328Z
activation:ff4cd646-a214-4c5f-98cb-6020426b5d70:29bef683-e628-4291-b608-1882a2fec14e:eng_design:1,ff4cd646-a214-4c5f-98cb-6020426b5d70,29bef683-e628-4291-b608-1882a2fec14e,eng_design,1,spawn,2026-09-24T23:46:25.059Z
activation:675852be-edec-4c65-a4bd-cbb23ba3ce9e:3a5eaaa7-ce6f-440e-8ce4-981d7abaa31d:eng_design:1,675852be-edec-4c65-a4bd-cbb23ba3ce9e,3a5eaaa7-ce6f-440e-8ce4-981d7abaa31d,eng_design,1,spawn,2026-09-24T23:47:19.110Z
activation:rework:b1046a1c41ab2403c3b19abe7a056642eca977f6d1c71298ee0b0035c9e73844,c06a2bac-9d37-418c-9466-c3366838eeba,2d648474-3fad-45aa-a992-f3ae8c808c47,qa,2,wake,2026-09-25T00:01:30.694Z
activation:rework:56df34809900f2123f1cf16025ac3b1fd4ce2bcd76370846661fb48d96a92361,70277118-7815-4dbe-bd94-f105da07a6c3,a7ea7fa2-610e-4940-b02c-511554f7d895,qa,2,wake,2026-09-25T00:03:24.696Z
activation:2f108ce3-004d-4cb6-89cf-6e5b839b80fe:907d80e6-a1d9-4f61-9a84-ef33f0d55112:implement:1,2f108ce3-004d-4cb6-89cf-6e5b839b80fe,907d80e6-a1d9-4f61-9a84-ef33f0d55112,implement,1,spawn,2026-09-25T00:05:38.978Z
activation:c093f58f-e93a-4a5b-bbb5-efc3519f5864:fa92bf34-d125-4950-bff3-25c5d12d410d:general:1,c093f58f-e93a-4a5b-bbb5-efc3519f5864,fa92bf34-d125-4950-bff3-25c5d12d410d,general,1,spawn,2026-09-25T00:12:41.671Z
activation:66d85824-6da8-4be9-8efb-0652198442e8:bad2e41e-d646-4a69-8c8c-6bc380778ae0:implement:1,66d85824-6da8-4be9-8efb-0652198442e8,bad2e41e-d646-4a69-8c8c-6bc380778ae0,implement,1,spawn,2026-09-25T00:16:48.553Z
activation:7bd4b7c1-646f-4f1b-9a5e-41d08aa65d9c:bad2e41e-d646-4a69-8c8c-6bc380778ae0:qa:1,7bd4b7c1-646f-4f1b-9a5e-41d08aa65d9c,bad2e41e-d646-4a69-8c8c-6bc380778ae0,qa,1,spawn,2026-09-25T00:18:32.587Z
activation:41ec9e44-a13b-4e9a-84ef-a4b4efbfbc4e:3a5eaaa7-ce6f-440e-8ce4-981d7abaa31d:implement:1,41ec9e44-a13b-4e9a-84ef-a4b4efbfbc4e,3a5eaaa7-ce6f-440e-8ce4-981d7abaa31d,implement,1,spawn,2026-09-25T00:19:56.067Z
activation:rework:1e406ff640fed03cb90d9f44d40616fbd062e0c4ec852a9bbf8a435c096d60d0,6615017e-0ac1-4b05-a11a-4919f764fe0f,a7ea7fa2-610e-4940-b02c-511554f7d895,implement,3,wake,2026-09-25T00:24:01.278Z
activation:6e8742ea-95b3-45dc-822e-6c1458327478:29bef683-e628-4291-b608-1882a2fec14e:implement:1,6e8742ea-95b3-45dc-822e-6c1458327478,29bef683-e628-4291-b608-1882a2fec14e,implement,1,spawn,2026-09-25T00:24:27.800Z
activation:3e987c63-56f9-438e-911d-c52280d01003:21883c18-dddc-4345-86e7-6a1c5b8d9664:implement:1,3e987c63-56f9-438e-911d-c52280d01003,21883c18-dddc-4345-86e7-6a1c5b8d9664,implement,1,spawn,2026-09-25T00:25:31.097Z
activation:4676812d-4f83-4e9b-a812-c7d549e42fb3:21883c18-dddc-4345-86e7-6a1c5b8d9664:qa:1,4676812d-4f83-4e9b-a812-c7d549e42fb3,21883c18-dddc-4345-86e7-6a1c5b8d9664,qa,1,spawn,2026-09-25T00:26:35.232Z
activation:7832d6f8-9b63-460a-b9ee-38de8aef3065:1a7f423f-bedf-4184-9c12-8af305b3441d:qa:1,7832d6f8-9b63-460a-b9ee-38de8aef3065,1a7f423f-bedf-4184-9c12-8af305b3441d,qa,1,spawn,2026-09-25T00:29:50.993Z
activation:ad657cf3-e105-4196-83df-958dbcecf513:b331bcb1-043a-476c-8e9a-7cd12799767b:implement:1,ad657cf3-e105-4196-83df-958dbcecf513,b331bcb1-043a-476c-8e9a-7cd12799767b,implement,1,spawn,2026-09-25T00:29:55.972Z
activation:rework:c99a41c95942144e877bd3d6a04933b0dab5f8c4769cdccde75677076b54683e,e5017f34-787e-424b-ae5d-65f25fec88e8,c73c8847-ea86-4851-864f-c8f5a1a425eb,implement,2,wake,2026-09-25T00:30:43.009Z
activation:rework:e13d34eb7fc16faa57456edae955200db059fe1b45b9b453ebf655ffb1a74ade,66d85824-6da8-4be9-8efb-0652198442e8,bad2e41e-d646-4a69-8c8c-6bc380778ae0,implement,2,wake,2026-09-25T00:32:56.571Z
activation:3803460a-5275-4153-afaf-a5c051987b72:6f37ac94-833b-488f-b74b-8d023c061f31:qa:1,3803460a-5275-4153-afaf-a5c051987b72,6f37ac94-833b-488f-b74b-8d023c061f31,qa,1,spawn,2026-09-25T01:38:17.449Z
activation:cc4d05b4-54f9-4f04-aee4-4e8ab9045fd6:1a7f423f-bedf-4184-9c12-8af305b3441d:qa:1,cc4d05b4-54f9-4f04-aee4-4e8ab9045fd6,1a7f423f-bedf-4184-9c12-8af305b3441d,qa,1,spawn,2026-09-25T03:37:35.017Z
activation:rework:f6d2bc97aee8991dc9fb55c63b9ad82b39ede6c5e91a69c5a21603459e042ab7,2e9caed0-a388-414d-8d22-3827a02b4cfe,6f37ac94-833b-488f-b74b-8d023c061f31,implement,2,wake,2026-09-25T03:39:42.420Z
activation:8e48d32e-344a-48d0-8683-76ea77318d23:6f37ac94-833b-488f-b74b-8d023c061f31:implement:2,8e48d32e-344a-48d0-8683-76ea77318d23,6f37ac94-833b-488f-b74b-8d023c061f31,implement,2,replacement,2026-09-25T03:39:42.872Z
activation:rework:dff22a85bd2f9c429a2e441db597cc26d31935601d3e1d75793e1f833f06f88b,4676812d-4f83-4e9b-a812-c7d549e42fb3,21883c18-dddc-4345-86e7-6a1c5b8d9664,qa,2,wake,2026-09-25T03:42:30.755Z
activation:c2bd0548-2e74-4238-8042-8092c64b64f9:8020b29a-2572-4de8-8483-093bfee55d20:implement:1,c2bd0548-2e74-4238-8042-8092c64b64f9,8020b29a-2572-4de8-8483-093bfee55d20,implement,1,spawn,2026-09-25T03:44:54.417Z
activation:36a6a83f-5fca-4683-832c-ccdbc13d707b:8020b29a-2572-4de8-8483-093bfee55d20:qa:1,36a6a83f-5fca-4683-832c-ccdbc13d707b,8020b29a-2572-4de8-8483-093bfee55d20,qa,1,spawn,2026-09-25T03:46:39.327Z
activation:7adbf914-1ac0-4e6e-aba5-07b9a7399dcb:55409ce7-cdf1-402b-9153-ea933df59d9b:implement:1,7adbf914-1ac0-4e6e-aba5-07b9a7399dcb,55409ce7-cdf1-402b-9153-ea933df59d9b,implement,1,spawn,2026-09-25T03:47:22.475Z
activation:82d9050e-8ac7-490c-a229-103433e226f4:3a5eaaa7-ce6f-440e-8ce4-981d7abaa31d:qa:1,82d9050e-8ac7-490c-a229-103433e226f4,3a5eaaa7-ce6f-440e-8ce4-981d7abaa31d,qa,1,spawn,2026-09-25T03:48:03.289Z
activation:f104fc28-c47a-4b76-8168-f7b02bfa7ebe:29bef683-e628-4291-b608-1882a2fec14e:qa:1,f104fc28-c47a-4b76-8168-f7b02bfa7ebe,29bef683-e628-4291-b608-1882a2fec14e,qa,1,spawn,2026-09-25T03:48:48.998Z
activation:rework:e2c7dcb550cbedde018587c807b836f3d40278196557ddb68eb37000006ffc97,7eb0a6d9-c80c-418f-ab9c-8851ef8e9167,c73c8847-ea86-4851-864f-c8f5a1a425eb,qa,2,wake,2026-09-25T03:55:12.336Z
activation:fbe9495f-8725-4a21-b95b-b7ef50124bb8:953ede7c-b04f-4c83-b29a-996be107c15f:implement:1,fbe9495f-8725-4a21-b95b-b7ef50124bb8,953ede7c-b04f-4c83-b29a-996be107c15f,implement,1,spawn,2026-09-25T03:56:09.335Z
activation:b7c5d1a9-b84d-443b-b6e2-1678c3679741:907d80e6-a1d9-4f61-9a84-ef33f0d55112:qa:1,b7c5d1a9-b84d-443b-b6e2-1678c3679741,907d80e6-a1d9-4f61-9a84-ef33f0d55112,qa,1,spawn,2026-09-25T03:56:20.739Z
activation:c6f33a10-3f4c-4c22-b853-3991494add01:953ede7c-b04f-4c83-b29a-996be107c15f:qa:1,c6f33a10-3f4c-4c22-b853-3991494add01,953ede7c-b04f-4c83-b29a-996be107c15f,qa,1,spawn,2026-09-25T03:57:31.742Z
activation:c3680402-e94b-4ce3-96f9-1f380d683f58:b331bcb1-043a-476c-8e9a-7cd12799767b:qa:1,c3680402-e94b-4ce3-96f9-1f380d683f58,b331bcb1-043a-476c-8e9a-7cd12799767b,qa,1,spawn,2026-09-25T04:03:41.374Z
activation:106ba2ad-3289-4206-a17c-51be204e5492:22c7f9c7-9db7-43cf-9cfd-365d90564d84:qa:1,106ba2ad-3289-4206-a17c-51be204e5492,22c7f9c7-9db7-43cf-9cfd-365d90564d84,qa,1,spawn,2026-09-25T04:04:12.237Z
activation:8e1ef903-e29f-479c-a4c3-940b54fa7d3d:907d80e6-a1d9-4f61-9a84-ef33f0d55112:qa:1,8e1ef903-e29f-479c-a4c3-940b54fa7d3d,907d80e6-a1d9-4f61-9a84-ef33f0d55112,qa,1,spawn,2026-09-25T04:06:08.964Z
activation:a918d47e-bb4c-4a32-8609-333632583587:1a7f423f-bedf-4184-9c12-8af305b3441d:qa:1,a918d47e-bb4c-4a32-8609-333632583587,1a7f423f-bedf-4184-9c12-8af305b3441d,qa,1,spawn,2026-09-25T04:06:22.750Z
activation:ba3b5502-3721-492a-a746-5f8aa40fc066:29bef683-e628-4291-b608-1882a2fec14e:qa:1,ba3b5502-3721-492a-a746-5f8aa40fc066,29bef683-e628-4291-b608-1882a2fec14e,qa,1,spawn,2026-09-25T04:06:26.700Z
activation:46e91f56-77c1-41a5-801b-8bfab774428d:6f37ac94-833b-488f-b74b-8d023c061f31:implement:2,46e91f56-77c1-41a5-801b-8bfab774428d,6f37ac94-833b-488f-b74b-8d023c061f31,implement,2,replacement,2026-09-25T04:08:11.757Z
activation:083704b6-1447-436d-97d5-48d6a57fd840:29bef683-e628-4291-b608-1882a2fec14e:qa:1,083704b6-1447-436d-97d5-48d6a57fd840,29bef683-e628-4291-b608-1882a2fec14e,qa,1,spawn,2026-09-25T04:13:19.950Z
activation:53518df1-681b-4578-822a-5a5b369cbd82:907d80e6-a1d9-4f61-9a84-ef33f0d55112:qa:1,53518df1-681b-4578-822a-5a5b369cbd82,907d80e6-a1d9-4f61-9a84-ef33f0d55112,qa,1,spawn,2026-09-25T04:13:33.545Z
activation:00c725fa-4d09-40f5-b990-c2ea4360781c:1a7f423f-bedf-4184-9c12-8af305b3441d:qa:1,00c725fa-4d09-40f5-b990-c2ea4360781c,1a7f423f-bedf-4184-9c12-8af305b3441d,qa,1,spawn,2026-09-25T04:21:23.068Z
activation:rework:2c91b7a0e22669f0c876751b4fa69e30b6d26009187ba08c53f042607fc18397,4a6e76d0-023d-48fd-9a73-774c1ae47382,22c7f9c7-9db7-43cf-9cfd-365d90564d84,implement,2,wake,2026-09-25T04:23:03.886Z
activation:rework:dc0eb47a3819ef3c5a43243f583fbf82a0720f95c7833bdf9c81e2cf3746d878,6e8742ea-95b3-45dc-822e-6c1458327478,29bef683-e628-4291-b608-1882a2fec14e,implement,2,wake,2026-09-25T04:30:09.963Z
activation:2fa01a56-3f35-4615-b022-0ab0294f6e45:29bef683-e628-4291-b608-1882a2fec14e:implement:2,2fa01a56-3f35-4615-b022-0ab0294f6e45,29bef683-e628-4291-b608-1882a2fec14e,implement,2,replacement,2026-09-25T04:33:10.929Z
activation:5a2c6d1e-c8c1-43e4-8768-293dc2021f1b:f42e1847-6b21-4a08-b5d3-25501a1970e6:implement:1,5a2c6d1e-c8c1-43e4-8768-293dc2021f1b,f42e1847-6b21-4a08-b5d3-25501a1970e6,implement,1,spawn,2026-09-25T04:39:05.339Z
activation:bbf14aea-c6f5-459a-abf2-e3435dc3299b:f42e1847-6b21-4a08-b5d3-25501a1970e6:qa:1,bbf14aea-c6f5-459a-abf2-e3435dc3299b,f42e1847-6b21-4a08-b5d3-25501a1970e6,qa,1,spawn,2026-09-25T04:40:02.146Z
activation:rework:a9542764b00d8d585e32e046092a94f1bf27ee6d90826ef4f8398b80c24b50bd,106ba2ad-3289-4206-a17c-51be204e5492,22c7f9c7-9db7-43cf-9cfd-365d90564d84,qa,2,wake,2026-09-25T04:40:19.308Z
activation:c2533b6a-c3be-4fa6-87f8-a2fc2e484637:80399250-7d61-49c0-842b-6aa42aa19834:implement:1,c2533b6a-c3be-4fa6-87f8-a2fc2e484637,80399250-7d61-49c0-842b-6aa42aa19834,implement,1,spawn,2026-09-25T04:49:35.156Z
activation:d252ae76-50d4-467c-93bb-04dfcf0bca62:80399250-7d61-49c0-842b-6aa42aa19834:qa:1,d252ae76-50d4-467c-93bb-04dfcf0bca62,80399250-7d61-49c0-842b-6aa42aa19834,qa,1,spawn,2026-09-25T04:51:19.803Z
activation:rework:1533f27e74e3f782fa62e6a72eb4837ebc55ada9e90a38be2b3d64aec3212615,083704b6-1447-436d-97d5-48d6a57fd840,29bef683-e628-4291-b608-1882a2fec14e,qa,2,wake,2026-09-25T04:55:15.757Z
activation:rework:7d59d9465f9a71573df640eedfdc1c30245614fc34345f865a9280df0662228c,5a2c6d1e-c8c1-43e4-8768-293dc2021f1b,f42e1847-6b21-4a08-b5d3-25501a1970e6,implement,2,wake,2026-09-25T04:57:02.206Z
activation:rework:4f6673dd082ef7775c45bc8a57ca2a209ed37f098a77fcb4da900cb390d24b1d,fbe9495f-8725-4a21-b95b-b7ef50124bb8,953ede7c-b04f-4c83-b29a-996be107c15f,implement,2,wake,2026-09-25T05:00:28.949Z
activation:rework:ec62070ce444a52c5c5f86b72b726b509831bd394f85614629ea94e6085e560c,7bd4b7c1-646f-4f1b-9a5e-41d08aa65d9c,bad2e41e-d646-4a69-8c8c-6bc380778ae0,qa,2,wake,2026-09-25T05:13:13.157Z
activation:rework:d305b3c8c693d9533b2332832c557c55a80db39dc659f10c1b3d4cd49668258c,66d85824-6da8-4be9-8efb-0652198442e8,bad2e41e-d646-4a69-8c8c-6bc380778ae0,implement,3,wake,2026-09-25T05:23:32.776Z
activation:rework:c4f43a3cc5c3584a43800ea43f4c5cf4c024502306a48591f8a9851b75576070,c6f33a10-3f4c-4c22-b853-3991494add01,953ede7c-b04f-4c83-b29a-996be107c15f,qa,2,wake,2026-09-25T05:34:23.367Z
activation:64296b33-c8e6-4132-9fd9-821dc25e0f16:cbdcf921-e0c6-40c3-827d-c5d70cb8145f:implement:1,64296b33-c8e6-4132-9fd9-821dc25e0f16,cbdcf921-e0c6-40c3-827d-c5d70cb8145f,implement,1,spawn,2026-09-25T05:38:35.553Z
activation:2d7e1ab6-6452-4790-8bfa-ea31b75e1d17:946fe3d7-ff04-43a4-aabc-f0f310802a79:implement:1,2d7e1ab6-6452-4790-8bfa-ea31b75e1d17,946fe3d7-ff04-43a4-aabc-f0f310802a79,implement,1,spawn,2026-09-25T05:41:13.582Z
activation:rework:8f8ab2168a706d2ac9d6af57e3a49ea3df4c89d9729a40f2e6e80a44a485b672,bbf14aea-c6f5-459a-abf2-e3435dc3299b,f42e1847-6b21-4a08-b5d3-25501a1970e6,qa,2,wake,2026-09-25T05:53:27.923Z
activation:f68b3e69-19a2-4a59-b183-5b2003680a4a:974f322c-b896-415a-acd6-305a15c714eb:eng_design:1,f68b3e69-19a2-4a59-b183-5b2003680a4a,974f322c-b896-415a-acd6-305a15c714eb,eng_design,1,spawn,2026-09-25T06:20:36.792Z
activation:37624e3d-2f56-4ee3-afdc-944f2666c229:3374885d-b4e3-42d8-a727-003890cad5fa:implement:1,37624e3d-2f56-4ee3-afdc-944f2666c229,3374885d-b4e3-42d8-a727-003890cad5fa,implement,1,spawn,2026-09-25T06:25:25.259Z
activation:5e9dd2ea-87d1-4bc7-b331-440f3d4092c3:556f5bf9-ec7d-4b08-8986-3c603f1d06ef:implement:1,5e9dd2ea-87d1-4bc7-b331-440f3d4092c3,556f5bf9-ec7d-4b08-8986-3c603f1d06ef,implement,1,spawn,2026-09-25T06:27:54.342Z
activation:52137bb6-da14-47ca-8a7e-65da29b97c76:556f5bf9-ec7d-4b08-8986-3c603f1d06ef:qa:1,52137bb6-da14-47ca-8a7e-65da29b97c76,556f5bf9-ec7d-4b08-8986-3c603f1d06ef,qa,1,spawn,2026-09-25T06:28:42.224Z
activation:b6c738ca-d135-4cb7-9116-17267466406b:2e59dced-34cf-4372-ac94-ae0daaebb87e:implement:1,b6c738ca-d135-4cb7-9116-17267466406b,2e59dced-34cf-4372-ac94-ae0daaebb87e,implement,1,spawn,2026-09-25T06:36:24.647Z
activation:5f330b56-48e0-49ea-a8e2-6df9e48725f1:2d648474-3fad-45aa-a992-f3ae8c808c47:implement:3,5f330b56-48e0-49ea-a8e2-6df9e48725f1,2d648474-3fad-45aa-a992-f3ae8c808c47,implement,3,replacement,2026-09-25T06:41:04.510Z
activation:rework:f82b2ea696a6b2ce28a4703fe7e546dfc434513c9bd44f5f52ffc03dbf6b9f64,c06a2bac-9d37-418c-9466-c3366838eeba,2d648474-3fad-45aa-a992-f3ae8c808c47,qa,3,wake,2026-09-25T07:11:57.654Z
activation:d3e3e04f-8f2e-4ffd-b9fa-88cd8b89e0f9:5cce900c-3190-4ebd-948c-94d01a57442f:implement:1,d3e3e04f-8f2e-4ffd-b9fa-88cd8b89e0f9,5cce900c-3190-4ebd-948c-94d01a57442f,implement,1,spawn,2026-09-25T07:26:23.742Z
activation:rework:27e2b1db4f4e977817e60e6f98fd0650b6ec225831a2be9c53b21b0d7f5b06ce,5f330b56-48e0-49ea-a8e2-6df9e48725f1,2d648474-3fad-45aa-a992-f3ae8c808c47,implement,4,wake,2026-09-25T07:32:44.042Z
activation:75e04312-3b3c-4786-b5ff-c5dab756a56c:206b034f-6453-4c27-a136-9f8779c1a8ed:eng_design:1,75e04312-3b3c-4786-b5ff-c5dab756a56c,206b034f-6453-4c27-a136-9f8779c1a8ed,eng_design,1,spawn,2026-09-25T07:39:03.318Z
activation:rework:7753ec455ee15c5e0dbe1685dc127a832288c544fe0a75e7a4704c1fa64b28d6,5a2c6d1e-c8c1-43e4-8768-293dc2021f1b,f42e1847-6b21-4a08-b5d3-25501a1970e6,implement,3,wake,2026-09-25T07:44:51.079Z
activation:rework:d88e9c7477448c99993964521ebc89a04e1c0c601fd9cb70ac776b03e9174246,c06a2bac-9d37-418c-9466-c3366838eeba,2d648474-3fad-45aa-a992-f3ae8c808c47,qa,4,wake,2026-09-25T07:46:10.153Z
activation:f560992f-5c61-4062-b6e4-392c0c5743dd:9253400f-ffc1-4990-a98e-a7a43ea7a512:implement:1,f560992f-5c61-4062-b6e4-392c0c5743dd,9253400f-ffc1-4990-a98e-a7a43ea7a512,implement,1,spawn,2026-09-25T07:57:41.841Z
activation:d05037ae-c0c8-430f-82c3-3d0c4e0e396f:9253400f-ffc1-4990-a98e-a7a43ea7a512:qa:1,d05037ae-c0c8-430f-82c3-3d0c4e0e396f,9253400f-ffc1-4990-a98e-a7a43ea7a512,qa,1,spawn,2026-09-25T07:59:21.216Z
activation:ecfa5547-9e1a-4735-a250-2c1ec316b048:fb77977c-d7bc-4603-8e1a-ce675d14e8ad:implement:1,ecfa5547-9e1a-4735-a250-2c1ec316b048,fb77977c-d7bc-4603-8e1a-ce675d14e8ad,implement,1,spawn,2026-09-25T08:04:15.989Z
activation:d519329c-81e7-4251-8a38-ebeb2e2a6cef:cbdcf921-e0c6-40c3-827d-c5d70cb8145f:qa:1,d519329c-81e7-4251-8a38-ebeb2e2a6cef,cbdcf921-e0c6-40c3-827d-c5d70cb8145f,qa,1,spawn,2026-09-25T08:14:35.390Z
activation:36768957-7faf-479a-aeb6-74e85fd17ea7:5cce900c-3190-4ebd-948c-94d01a57442f:qa:1,36768957-7faf-479a-aeb6-74e85fd17ea7,5cce900c-3190-4ebd-948c-94d01a57442f,qa,1,spawn,2026-09-25T08:52:01.665Z
activation:2244de24-a3c9-428a-a1de-730166921809:fb77977c-d7bc-4603-8e1a-ce675d14e8ad:qa:1,2244de24-a3c9-428a-a1de-730166921809,fb77977c-d7bc-4603-8e1a-ce675d14e8ad,qa,1,spawn,2026-09-25T08:57:31.790Z
activation:cde40019-9660-4888-83ce-837783e4e8fa:206b034f-6453-4c27-a136-9f8779c1a8ed:implement:1,cde40019-9660-4888-83ce-837783e4e8fa,206b034f-6453-4c27-a136-9f8779c1a8ed,implement,1,spawn,2026-09-25T09:01:21.069Z
activation:b7523aea-4176-405a-ba63-a5a6595c5811:946fe3d7-ff04-43a4-aabc-f0f310802a79:qa:1,b7523aea-4176-405a-ba63-a5a6595c5811,946fe3d7-ff04-43a4-aabc-f0f310802a79,qa,1,spawn,2026-09-25T09:12:47.236Z
activation:3f862011-3aeb-4137-8648-0b3f9d27f551:55409ce7-cdf1-402b-9153-ea933df59d9b:qa:1,3f862011-3aeb-4137-8648-0b3f9d27f551,55409ce7-cdf1-402b-9153-ea933df59d9b,qa,1,spawn,2026-09-25T09:24:07.139Z
activation:rework:93487daea7d560d93d26c0e1891840b2960e5a678999c82de3cfdbb731f3162d,2d7e1ab6-6452-4790-8bfa-ea31b75e1d17,946fe3d7-ff04-43a4-aabc-f0f310802a79,implement,2,wake,2026-09-25T09:28:55.122Z
activation:rework:cb4c3ed0bf573a6cd238dcabbc6cf85da24af6ea7b7fdc5c77be683135000820,ecfa5547-9e1a-4735-a250-2c1ec316b048,fb77977c-d7bc-4603-8e1a-ce675d14e8ad,implement,2,wake,2026-09-25T09:29:20.729Z
activation:rework:17186382474c2e112e22f475af3ab15103a265524ea105a4d1ac9ba56c91b919,64296b33-c8e6-4132-9fd9-821dc25e0f16,cbdcf921-e0c6-40c3-827d-c5d70cb8145f,implement,2,wake,2026-09-25T09:36:11.111Z
activation:rework:d9c5dd5420264c10a6e81339291530a61caea7f91551ede5c0e1ba3b2a1aef65,b7523aea-4176-405a-ba63-a5a6595c5811,946fe3d7-ff04-43a4-aabc-f0f310802a79,qa,2,wake,2026-09-25T09:37:27.990Z
activation:rework:977715723be8d8f257b345835ba0300e847f14c64bdf0e94db7402f1bb465337,2244de24-a3c9-428a-a1de-730166921809,fb77977c-d7bc-4603-8e1a-ce675d14e8ad,qa,2,wake,2026-09-25T10:10:08.700Z
activation:0ba846a7-e0f4-4498-be2b-3da6c67afaff:206b034f-6453-4c27-a136-9f8779c1a8ed:qa:1,0ba846a7-e0f4-4498-be2b-3da6c67afaff,206b034f-6453-4c27-a136-9f8779c1a8ed,qa,1,spawn,2026-09-25T10:11:20.258Z
activation:rework:8b818f723d9ca3bcac1c3be1362c47faa19eea91d1770e95a216a30d32ab05f5,ecfa5547-9e1a-4735-a250-2c1ec316b048,fb77977c-d7bc-4603-8e1a-ce675d14e8ad,implement,3,wake,2026-09-25T10:32:59.553Z
activation:rework:9df1a67e7b19e3e392d3eca8d856c0d5da382ef59debca6be11ab8aa43d7925c,d519329c-81e7-4251-8a38-ebeb2e2a6cef,cbdcf921-e0c6-40c3-827d-c5d70cb8145f,qa,2,wake,2026-09-25T10:37:39.204Z
activation:7ae9491f-4333-464f-ae77-c023ea598e95:424be69b-239a-4e47-a557-102431d33e5a:implement:1,7ae9491f-4333-464f-ae77-c023ea598e95,424be69b-239a-4e47-a557-102431d33e5a,implement,1,spawn,2026-09-25T10:49:57.704Z
activation:281a8688-32b0-477d-a611-cf4efb10f054:424be69b-239a-4e47-a557-102431d33e5a:qa:1,281a8688-32b0-477d-a611-cf4efb10f054,424be69b-239a-4e47-a557-102431d33e5a,qa,1,spawn,2026-09-25T11:05:33.852Z
activation:rework:bad168e337c46dcc30613c9457a3e21b79bd7cfe6a5256670d0c393aea045609,64296b33-c8e6-4132-9fd9-821dc25e0f16,cbdcf921-e0c6-40c3-827d-c5d70cb8145f,implement,3,wake,2026-09-25T11:10:10.070Z
activation:2d21a735-9f81-4cff-bd5c-d3932a513a6c:b8437b3b-beea-4ff5-88ee-9f73cf8d0ba9:implement:1,2d21a735-9f81-4cff-bd5c-d3932a513a6c,b8437b3b-beea-4ff5-88ee-9f73cf8d0ba9,implement,1,spawn,2026-09-25T11:27:17.332Z
activation:2822736a-19f5-4b35-8ea7-ae016a07d8de:b8437b3b-beea-4ff5-88ee-9f73cf8d0ba9:qa:1,2822736a-19f5-4b35-8ea7-ae016a07d8de,b8437b3b-beea-4ff5-88ee-9f73cf8d0ba9,qa,1,spawn,2026-09-25T11:46:21.018Z
activation:rework:b1e63fc7ac3478735c3ba75ec1a560ad1be233115379b549859aa3d1c35fe3ba,2d21a735-9f81-4cff-bd5c-d3932a513a6c,b8437b3b-beea-4ff5-88ee-9f73cf8d0ba9,implement,2,wake,2026-09-25T12:11:07.562Z
activation:rework:bccab4c38e280ac35175edfa68364e76fc4dd57bd74ccdf30659b47ca2895042,2822736a-19f5-4b35-8ea7-ae016a07d8de,b8437b3b-beea-4ff5-88ee-9f73cf8d0ba9,qa,2,wake,2026-09-25T12:48:04.803Z
activation:b0907ee9-3f48-4ced-b9c8-18920c080dbe:5cce900c-3190-4ebd-948c-94d01a57442f:implement:2,b0907ee9-3f48-4ced-b9c8-18920c080dbe,5cce900c-3190-4ebd-948c-94d01a57442f,implement,2,replacement,2026-09-25T18:12:59.366Z
activation:f904eb30-07f0-423a-9569-0e41abc6e1f7:1de91237-c761-49e6-8e18-1c045cf72f58:general:1,f904eb30-07f0-423a-9569-0e41abc6e1f7,1de91237-c761-49e6-8e18-1c045cf72f58,general,1,spawn,2026-09-25T18:21:53.459Z
activation:rework:2d5b07db945c24faa6418d27985dc48b95ea9df7b8fadb6aead711c854e36e6c,e5017f34-787e-424b-ae5d-65f25fec88e8,c73c8847-ea86-4851-864f-c8f5a1a425eb,implement,3,wake,2026-09-25T18:25:46.052Z
activation:855d36dc-3886-4a5e-a127-6bb707c99c0b:424be69b-239a-4e47-a557-102431d33e5a:implement:2,855d36dc-3886-4a5e-a127-6bb707c99c0b,424be69b-239a-4e47-a557-102431d33e5a,implement,2,replacement,2026-09-25T18:25:46.312Z
activation:rework:71c80ae6de01cee48f306470afbaed3db1c565ecd61a297c54b030bf4fc9763b,36768957-7faf-479a-aeb6-74e85fd17ea7,5cce900c-3190-4ebd-948c-94d01a57442f,qa,2,wake,2026-09-25T18:26:43.586Z
activation:5d168aef-e15b-4cab-9ee2-53c195a756f9:8020b29a-2572-4de8-8483-093bfee55d20:implement:2,5d168aef-e15b-4cab-9ee2-53c195a756f9,8020b29a-2572-4de8-8483-093bfee55d20,implement,2,replacement,2026-09-25T18:27:17.659Z
activation:0233e98d-087f-454f-9551-c29233b57021:556f5bf9-ec7d-4b08-8986-3c603f1d06ef:implement:2,0233e98d-087f-454f-9551-c29233b57021,556f5bf9-ec7d-4b08-8986-3c603f1d06ef,implement,2,replacement,2026-09-25T18:35:32.858Z
activation:26a28bdf-2657-4f53-b5f8-9222c70d3aea:e2eadd27-785e-4e3d-8896-5625541fcb12:implement:1,26a28bdf-2657-4f53-b5f8-9222c70d3aea,e2eadd27-785e-4e3d-8896-5625541fcb12,implement,1,spawn,2026-09-25T18:43:49.417Z
activation:rework:86ff9a69c34026b010d4f6f813e1daa71d8e05e41109a1f16290d6d90fb604b0,281a8688-32b0-477d-a611-cf4efb10f054,424be69b-239a-4e47-a557-102431d33e5a,qa,2,wake,2026-09-25T18:58:05.456Z
activation:244670e3-55b1-4b3a-9289-099ee9c4088f:49a3da37-9e6d-45c3-a27a-3309d740eed3:eng_design:1,244670e3-55b1-4b3a-9289-099ee9c4088f,49a3da37-9e6d-45c3-a27a-3309d740eed3,eng_design,1,spawn,2026-09-25T19:15:36.288Z
activation:6cf12dd3-69dd-45a1-b27c-1880069ab8f4:e2eadd27-785e-4e3d-8896-5625541fcb12:qa:1,6cf12dd3-69dd-45a1-b27c-1880069ab8f4,e2eadd27-785e-4e3d-8896-5625541fcb12,qa,1,spawn,2026-09-25T19:15:45.360Z
activation:2d64aa78-0e92-430f-85f9-d865fbdba287:55409ce7-cdf1-402b-9153-ea933df59d9b:implement:2,2d64aa78-0e92-430f-85f9-d865fbdba287,55409ce7-cdf1-402b-9153-ea933df59d9b,implement,2,replacement,2026-09-25T20:00:24.935Z
activation:7e55ecb2-7adb-4a28-8d27-1dbb28f0d92e:9084969b-da62-4edc-9a61-ab37984639cc:eng_design:1,7e55ecb2-7adb-4a28-8d27-1dbb28f0d92e,9084969b-da62-4edc-9a61-ab37984639cc,eng_design,1,spawn,2026-09-25T20:02:34.926Z
activation:cd2dfd5e-d769-4759-87bf-1046b98815b9:e4dd89d7-821f-4700-86f5-7583b9d739e5:eng_design:1,cd2dfd5e-d769-4759-87bf-1046b98815b9,e4dd89d7-821f-4700-86f5-7583b9d739e5,eng_design,1,spawn,2026-09-25T20:03:00.369Z
activation:rework:c0ca19e94ba221a3758c64360329d2cf360f30dbae066831eaae752e37febd8f,52137bb6-da14-47ca-8a7e-65da29b97c76,556f5bf9-ec7d-4b08-8986-3c603f1d06ef,qa,2,wake,2026-09-25T20:09:47.628Z
activation:9dba39ad-d839-47a5-b6de-731620a3488c:49a3da37-9e6d-45c3-a27a-3309d740eed3:implement:1,9dba39ad-d839-47a5-b6de-731620a3488c,49a3da37-9e6d-45c3-a27a-3309d740eed3,implement,1,spawn,2026-09-25T20:11:38.453Z
activation:rework:93e9a2ac4396c4f69c040cf5647b36e55f5c08d97e67ede0a16f606d8fa8897f,3f862011-3aeb-4137-8648-0b3f9d27f551,55409ce7-cdf1-402b-9153-ea933df59d9b,qa,2,wake,2026-09-25T20:25:34.575Z
activation:8b357d57-f19c-419d-90a8-85d6a3f72c54:b509d87b-0037-4eb9-9af0-8f6b68c4f4a2:general:1,8b357d57-f19c-419d-90a8-85d6a3f72c54,b509d87b-0037-4eb9-9af0-8f6b68c4f4a2,general,1,spawn,2026-09-25T20:30:14.170Z
activation:1c909675-224d-44de-84c3-c88a38ff6f16:35a1d137-8635-48b5-81e3-bcfe25f114d1:eng_design:1,1c909675-224d-44de-84c3-c88a38ff6f16,35a1d137-8635-48b5-81e3-bcfe25f114d1,eng_design,1,spawn,2026-09-25T20:30:30.037Z
activation:3b75f34a-aef5-4c42-8483-083711ad43bc:d9cccb85-dc2c-46a5-8904-c0b1d1994394:implement:1,3b75f34a-aef5-4c42-8483-083711ad43bc,d9cccb85-dc2c-46a5-8904-c0b1d1994394,implement,1,spawn,2026-09-25T20:30:46.876Z
activation:19f46728-230f-432d-bddc-f5a6fe3c1f9e:917bc43e-d706-40b1-b546-db5006203e8e:general:1,19f46728-230f-432d-bddc-f5a6fe3c1f9e,917bc43e-d706-40b1-b546-db5006203e8e,general,1,spawn,2026-09-25T20:33:44.145Z
activation:rework:d8179f2ddd5204e2f585548d985f3cb15a7b8306da0f2fa7a5bcf35bc6c7f3e9,f904eb30-07f0-423a-9569-0e41abc6e1f7,1de91237-c761-49e6-8e18-1c045cf72f58,general,2,wake,2026-09-25T20:40:18.116Z
activation:716d182b-72f0-49be-a831-f59b378e4442:9084969b-da62-4edc-9a61-ab37984639cc:implement:1,716d182b-72f0-49be-a831-f59b378e4442,9084969b-da62-4edc-9a61-ab37984639cc,implement,1,spawn,2026-09-25T20:47:04.771Z
activation:f47244ad-a700-4807-b836-4287cfb2c4bd:e4dd89d7-821f-4700-86f5-7583b9d739e5:implement:1,f47244ad-a700-4807-b836-4287cfb2c4bd,e4dd89d7-821f-4700-86f5-7583b9d739e5,implement,1,spawn,2026-09-25T20:56:20.583Z
