project,question_id,execution_id,checkpoint,created_at,resolved_at,first_response_at
flywheel,5dd24804-a530-4ee5-a163-68206de3e40f,00b1a84a-2e53-4523-a2c0-9d4f4f918070,review_code,2026-09-24T17:30:11.325Z,,2026-09-24T18:12:40.605Z
flywheel,3858c5ee-3fa0-4b70-99cd-4ecabf736e1a,00b1a84a-2e53-4523-a2c0-9d4f4f918070,review_code,2026-09-24T18:19:56.668Z,,2026-09-24T18:45:50.003Z
flywheel,67f7ebef-5adc-4088-abe3-c7e2e6595a2f,00b1a84a-2e53-4523-a2c0-9d4f4f918070,,2026-09-24T18:48:54.517Z,2026-09-24T19:20:33.148Z,
flywheel,5c7a649d-4ee9-4fc4-9cf2-34b946234270,00c725fa-4d09-40f5-b990-c2ea4360781c,,2026-09-25T04:25:03.272Z,,
flywheel,rstop-0ee1954c5863c866fc485416a4c9174c,00c725fa-4d09-40f5-b990-c2ea4360781c,,2026-09-25T04:25:34.120Z,2026-09-25T04:25:39.556Z,
flywheel,rstop-a45830e4b56d8e96fd84256401fd6d50,00c725fa-4d09-40f5-b990-c2ea4360781c,,2026-09-25T04:56:29.249Z,2026-09-25T04:56:33.340Z,
flywheel,rstop-e2242a068ac618c9f8a3bcf5bf102f2b,00c725fa-4d09-40f5-b990-c2ea4360781c,,2026-09-25T05:26:41.618Z,2026-09-25T05:26:45.710Z,
flywheel,2fb1867b-a026-4359-b4b2-01df6d480f27,0233e98d-087f-454f-9551-c29233b57021,,2026-09-25T19:17:26.283Z,,2026-09-25T19:24:07.535Z
flywheel,4f104ed3-3855-45c3-9408-0a8638a10bed,0233e98d-087f-454f-9551-c29233b57021,review_code,2026-09-25T19:40:41.856Z,2026-09-25T20:06:14.364Z,
flywheel,6d0bd15f-bea8-476e-9b46-2a07a4e3af12,0233e98d-087f-454f-9551-c29233b57021,,2026-09-25T19:42:58.054Z,,2026-09-25T19:43:15.953Z
flywheel,e801831e-d23a-4869-bad3-5c23201dd68f,0233e98d-087f-454f-9551-c29233b57021,review_code,2026-09-25T20:05:30.552Z,,2026-09-25T20:08:45.759Z
flywheel,7f666ac6-d732-477c-9668-c4d06f82b8ae,0233e98d-087f-454f-9551-c29233b57021,,2026-09-25T20:06:25.361Z,,2026-09-25T20:06:38.662Z
flywheel,6de4a342-203b-4058-ae94-5dfbf69f8a41,0233e98d-087f-454f-9551-c29233b57021,,2026-09-25T20:09:57.858Z,,2026-09-25T20:10:13.435Z
flywheel,f1c5d642-f67e-46fb-a5b8-7eb6ff1d11aa,02ee6a8f-f886-40bc-a94a-d8d4cce71a29,,2026-09-24T00:48:23.566Z,,2026-09-24T00:50:12.653Z
flywheel,a98c4e11-2cbd-42be-90f5-bb548614f1f9,02ee6a8f-f886-40bc-a94a-d8d4cce71a29,,2026-09-24T00:51:23.325Z,,2026-09-24T00:56:00.612Z
flywheel,b84a714c-a854-474a-b6ea-d9d7dc48801d,02ee6a8f-f886-40bc-a94a-d8d4cce71a29,,2026-09-24T01:19:46.853Z,,2026-09-24T01:25:02.256Z
flywheel,1465a850-1f32-4b0d-a37f-7e47f614fa31,02ee6a8f-f886-40bc-a94a-d8d4cce71a29,,2026-09-24T02:59:52.024Z,,2026-09-24T03:03:47.579Z
flywheel,workflow-gate:c23d9d9b4e14a9079c32f8b6bfd1db86dd781020be3f763d029d14343473b403,02ee6a8f-f886-40bc-a94a-d8d4cce71a29,approve_to_ship,2026-09-24T03:00:58.624Z,,2026-09-24T04:09:05.854Z
flywheel,b670e4fc-cfcb-4671-bd27-b8ffcc23b720,02ee6a8f-f886-40bc-a94a-d8d4cce71a29,,2026-09-24T03:36:47.181Z,,2026-09-24T03:44:16.431Z
flywheel,38f07fb8-51ae-41ed-9177-3ae7ada19b19,036130e1-1ce8-4b76-9720-df3999675349,,2026-09-24T11:55:06.063Z,,2026-09-24T11:55:18.108Z
flywheel,9c6b9997-c4f4-4795-90d9-eb710726cc29,036130e1-1ce8-4b76-9720-df3999675349,,2026-09-24T12:08:03.129Z,,2026-09-24T12:08:54.122Z
flywheel,0f843d3d-1ca8-40e2-8c93-5609542e2e06,036130e1-1ce8-4b76-9720-df3999675349,,2026-09-24T12:10:16.893Z,2026-09-24T14:18:59.512Z,
flywheel,50729ce7-dc5b-4e84-8a97-dbcc81a7b569,036130e1-1ce8-4b76-9720-df3999675349,,2026-09-24T12:12:24.914Z,2026-09-24T14:18:59.512Z,
flywheel,f799c3e4-aa5b-4c1e-99dc-972cf5658f23,036130e1-1ce8-4b76-9720-df3999675349,,2026-09-24T12:12:43.634Z,,2026-09-24T12:13:40.649Z
flywheel,d0b82670-2aa6-48ce-b6fc-f197a650dfad,04cd13a3-1567-40f7-93c7-e6cded84609d,,2026-09-18T05:56:01.467Z,,
flywheel,40eb73ed-ae0e-4e16-9641-894cd72ed5e6,04cd13a3-1567-40f7-93c7-e6cded84609d,,2026-09-18T05:56:20.077Z,,
flywheel,53ed0571-b255-43f1-85da-330093b27be7,04cd13a3-1567-40f7-93c7-e6cded84609d,question,2026-09-18T06:34:29.108Z,,
flywheel,b0ffdfaa-7740-4385-a89d-6e2d83fed0d3,04cd13a3-1567-40f7-93c7-e6cded84609d,,2026-09-18T06:38:24.916Z,,
flywheel,5c9ee2a3-11fb-44b8-813f-b64b7078c05d,04cd13a3-1567-40f7-93c7-e6cded84609d,,2026-09-18T06:57:05.329Z,,
flywheel,82c210fe-a3a8-4fc6-bb23-5e82261f3186,05f8f8eb-b2ab-40fa-b276-b0165a33c116,,2026-09-23T12:18:31.603Z,,2026-09-23T12:19:00.081Z
flywheel,1a758e37-9a48-4305-8cf1-7348f764130d,05f8f8eb-b2ab-40fa-b276-b0165a33c116,,2026-09-23T12:25:28.646Z,,2026-09-23T12:28:31.147Z
flywheel,b49d18d3-7dcc-4f92-b150-a8d98754d711,05f8f8eb-b2ab-40fa-b276-b0165a33c116,,2026-09-23T13:45:45.953Z,,2026-09-23T13:46:19.065Z
flywheel,e994ceb6-efe2-4daa-b474-abedbe779ef9,05f8f8eb-b2ab-40fa-b276-b0165a33c116,,2026-09-23T14:02:00.028Z,2026-09-23T14:17:35.435Z,
flywheel,c85a6663-d975-4195-ae44-e85903a1bcde,083704b6-1447-436d-97d5-48d6a57fd840,,2026-09-25T04:30:09.417Z,2026-09-25T05:14:23.348Z,
flywheel,rstop-f4342a3c9a4bab8632de5bfa348c5c6e,083704b6-1447-436d-97d5-48d6a57fd840,,2026-09-25T04:55:23.437Z,2026-09-25T04:55:29.637Z,
flywheel,cc943b9c-ed9e-4677-bd77-f6b532141a05,083704b6-1447-436d-97d5-48d6a57fd840,,2026-09-25T05:03:34.797Z,,2026-09-25T05:03:51.142Z
flywheel,34ab7101-c6b6-4591-98eb-dff5741c7b2d,083704b6-1447-436d-97d5-48d6a57fd840,,2026-09-25T05:04:05.144Z,2026-09-25T05:39:12.864Z,
flywheel,a49a474c-bd7b-40ea-a052-06841d9a0113,083704b6-1447-436d-97d5-48d6a57fd840,,2026-09-25T05:04:46.968Z,2026-09-25T05:39:12.864Z,
flywheel,88c77a9f-febc-48f3-9b85-dfd9463591f8,083704b6-1447-436d-97d5-48d6a57fd840,,2026-09-25T05:05:36.171Z,2026-09-25T05:39:12.865Z,
flywheel,workflow-gate:ba2287d37d6e10769ddb0cc396518ea2dc53351cab5d6ca41f7f3adc0ea06c4d,083704b6-1447-436d-97d5-48d6a57fd840,approve_to_ship,2026-09-25T05:05:38.738Z,,2026-09-25T05:11:38.532Z
flywheel,972f513e-de8b-4c38-81c7-0488ab3bc973,0984d9b4-fc8f-4ef1-8fe4-ff16fdc8f168,review_design,2026-09-23T05:48:55.229Z,,2026-09-23T05:57:20.671Z
flywheel,2c7eb22e-37b6-473e-a6ed-c6047a71e407,0984d9b4-fc8f-4ef1-8fe4-ff16fdc8f168,question,2026-09-23T06:01:02.667Z,,
flywheel,6cbb5b36-7f2b-427c-844e-7823568e1308,09d77f2a-eaac-4802-b6a2-fbc2c4d8d5a3,,2026-09-13T23:14:17.389Z,,
flywheel,d732ae8c-499b-4bee-8b9e-0306110c21ae,09d77f2a-eaac-4802-b6a2-fbc2c4d8d5a3,,2026-09-13T23:16:39.607Z,,
flywheel,4d17cbd9-b7ef-4b33-87cf-e8e7def794ec,09d77f2a-eaac-4802-b6a2-fbc2c4d8d5a3,,2026-09-13T23:20:53.543Z,,
flywheel,e318d804-ea02-4dd0-9bfc-bc87226d77a8,09d77f2a-eaac-4802-b6a2-fbc2c4d8d5a3,,2026-09-13T23:22:54.883Z,,
flywheel,760e9e08-9273-429c-a2c5-8509e3aedad1,09d77f2a-eaac-4802-b6a2-fbc2c4d8d5a3,,2026-09-13T23:23:32.894Z,,
flywheel,de343c00-053f-4d0b-a93f-251625d3d992,09d77f2a-eaac-4802-b6a2-fbc2c4d8d5a3,,2026-09-13T23:25:17.700Z,,
flywheel,4d332aa6-6683-43df-8270-857905ec7910,09d77f2a-eaac-4802-b6a2-fbc2c4d8d5a3,,2026-09-13T23:27:05.058Z,,
flywheel,065ff63f-d85c-4a85-aae9-b0291414bb4c,09d77f2a-eaac-4802-b6a2-fbc2c4d8d5a3,,2026-09-13T23:33:29.738Z,,
flywheel,523a7c96-6e29-487a-9af1-8b5c822b9cc0,09d77f2a-eaac-4802-b6a2-fbc2c4d8d5a3,,2026-09-13T23:35:30.306Z,,
flywheel,92434ba3-9844-44dd-a67f-5a993797c416,0b64f42a-7cb1-48b2-8e92-e53b935b951d,question,2026-09-24T16:34:59.409Z,,2026-09-24T16:45:38.046Z
flywheel,rstop-1ec872d6793b19cedf0dd99096604d71,0b64f42a-7cb1-48b2-8e92-e53b935b951d,,2026-09-24T16:38:20.179Z,2026-09-24T16:50:21.215Z,
flywheel,94fd4599-965b-4a13-afdc-ff536ede27bc,0b64f42a-7cb1-48b2-8e92-e53b935b951d,review_code,2026-09-24T16:52:48.496Z,,2026-09-24T17:08:12.761Z
flywheel,rstop-e147db5a0b15bec96daa8e4569ab7eed,0b64f42a-7cb1-48b2-8e92-e53b935b951d,,2026-09-24T16:59:21.533Z,2026-09-24T17:08:08.091Z,
flywheel,038748af-82d5-4820-b903-fa81780aba9b,0b64f42a-7cb1-48b2-8e92-e53b935b951d,,2026-09-24T17:09:40.115Z,2026-09-24T17:26:12.298Z,
flywheel,rstop-c64010df48903c4e4deaa81723921d0c,0b64f42a-7cb1-48b2-8e92-e53b935b951d,,2026-09-24T17:10:00.976Z,2026-09-24T17:10:55.684Z,
flywheel,rstop-e60aba130098f1c1f0a1a23eb56b1df5,0b64f42a-7cb1-48b2-8e92-e53b935b951d,,2026-09-24T17:10:13.576Z,2026-09-24T17:10:55.685Z,
flywheel,bdd3de42-c212-477c-a196-34d9035778c6,0b64f42a-7cb1-48b2-8e92-e53b935b951d,review_code,2026-09-24T17:23:48.481Z,,2026-09-24T17:26:29.321Z
flywheel,f4a18d7e-0ae8-4cc0-af2b-b6b1ffe3d159,0ba846a7-e0f4-4498-be2b-3da6c67afaff,,2026-09-25T10:31:04.663Z,2026-09-25T14:39:53.398Z,
flywheel,workflow-gate:f72118d85c58d86ced51d4a44f97c0588043bc71a5d03ec0b43c2006bd01afdd,0ba846a7-e0f4-4498-be2b-3da6c67afaff,approve_to_ship,2026-09-25T10:31:10.846Z,,2026-09-25T14:36:13.738Z
flywheel,ee74e1fc-f797-46a7-b810-9fe88a83be26,0ba846a7-e0f4-4498-be2b-3da6c67afaff,,2026-09-25T10:32:54.607Z,,2026-09-25T10:33:07.389Z
flywheel,2df7c8f8-4cfa-4cb1-a913-17cae9b06a6e,0c7fb517-3464-4f6a-b48c-669385e70d1b,review_code,2026-09-24T19:27:18.571Z,,2026-09-24T19:42:25.184Z
flywheel,fe54ee7a-c2f9-484f-82f0-85f0712a2c2f,0c7fb517-3464-4f6a-b48c-669385e70d1b,,2026-09-24T19:43:06.251Z,,2026-09-24T19:44:20.725Z
flywheel,953e522f-7f8d-452a-b2ae-4881559c87fc,0c7fb517-3464-4f6a-b48c-669385e70d1b,review_code,2026-09-24T19:45:29.177Z,,2026-09-24T19:46:02.813Z
flywheel,7d3fde91-7c80-4671-81f9-0f4f8d3b6a75,0c7fb517-3464-4f6a-b48c-669385e70d1b,,2026-09-24T19:46:52.210Z,2026-09-24T23:08:12.686Z,
flywheel,f7764d22-616a-4c53-b9b9-178cf2c549d7,0c7fb517-3464-4f6a-b48c-669385e70d1b,,2026-09-24T19:47:26.500Z,,2026-09-24T19:48:22.542Z
flywheel,rstop-c043566f40fac6373ef932faab4790ec,0c7fb517-3464-4f6a-b48c-669385e70d1b,,2026-09-24T19:49:19.337Z,2026-09-24T19:56:03.572Z,
flywheel,rstop-6cf9d00024e0e583c94745b3afeec7ea,0c7fb517-3464-4f6a-b48c-669385e70d1b,,2026-09-24T19:49:37.132Z,2026-09-24T19:56:04.590Z,
flywheel,rstop-a04cd2f5c50f5e373ec8fe4404beb259,0c7fb517-3464-4f6a-b48c-669385e70d1b,,2026-09-24T19:50:08.002Z,2026-09-24T19:56:04.590Z,
flywheel,acf05be8-22f4-41dd-8a6a-5094a4f382f0,0c7fb517-3464-4f6a-b48c-669385e70d1b,review_code,2026-09-24T20:31:55.829Z,,2026-09-24T20:35:17.877Z
flywheel,ce7fcbd0-8944-45c1-9f71-385f88ace0b0,0c7fb517-3464-4f6a-b48c-669385e70d1b,,2026-09-24T20:35:45.267Z,2026-09-24T23:08:12.686Z,
flywheel,bc072208-8abe-48e4-ac4b-fd1caa98d4ea,0c7fb517-3464-4f6a-b48c-669385e70d1b,,2026-09-24T20:36:17.310Z,,2026-09-24T20:36:56.923Z
flywheel,eaa4b2fb-8ad7-4a97-8cd3-09c70895aab2,0c7fb517-3464-4f6a-b48c-669385e70d1b,question,2026-09-24T21:43:10.945Z,,2026-09-24T21:44:42.134Z
flywheel,2c0d9f85-30f7-49dc-ab4c-2187afab2755,0c7fb517-3464-4f6a-b48c-669385e70d1b,review_code,2026-09-24T22:33:04.067Z,,2026-09-24T22:37:49.516Z
flywheel,214edb9f-ffbd-424e-965c-36de948b27ba,0c7fb517-3464-4f6a-b48c-669385e70d1b,review_code,2026-09-24T22:43:00.109Z,,2026-09-24T22:44:59.588Z
flywheel,b414803b-1e54-4d00-8a19-fb9f43672e85,0c7fb517-3464-4f6a-b48c-669385e70d1b,review_code,2026-09-24T22:50:46.332Z,,2026-09-24T22:51:49.171Z
flywheel,09cef501-144f-4ab7-b090-0e8b40616392,0c7fb517-3464-4f6a-b48c-669385e70d1b,,2026-09-24T22:52:44.663Z,,2026-09-24T22:55:45.657Z
flywheel,d8b0652a-b4c0-4a43-a99b-65f5eb5f17e7,0c7fb517-3464-4f6a-b48c-669385e70d1b,,2026-09-24T22:53:12.025Z,,2026-09-24T22:55:45.441Z
flywheel,4909b06d-1d80-4770-b1ab-505493de98d6,0c7fb517-3464-4f6a-b48c-669385e70d1b,,2026-09-24T22:56:51.968Z,2026-09-24T23:29:00.350Z,
flywheel,9b5b4811-3e1b-48e3-9fd4-1fbe1515d328,0eccf7b5-f2b1-489d-9f89-e18f62316fd9,,2026-09-23T06:35:16.269Z,2026-09-23T07:12:18.127Z,
flywheel,workflow-gate:fb850c1ca0e9e919050f29f6217c3ac698c009c0b54fd4649033124fd52cd670,0eccf7b5-f2b1-489d-9f89-e18f62316fd9,approve_to_ship,2026-09-23T06:35:16.673Z,,2026-09-23T07:00:46.879Z
flywheel,e748ff43-33cf-4703-ad08-9a8ef56684e5,1048f4fd-68b3-48ba-ad94-06d42fdce663,,2026-09-23T09:43:13.349Z,,2026-09-23T09:43:34.803Z
flywheel,bb73e275-b7e9-4190-a000-00dd79748354,1048f4fd-68b3-48ba-ad94-06d42fdce663,,2026-09-23T09:44:46.102Z,2026-09-23T10:46:12.565Z,
flywheel,08ed70b6-96a7-4886-bbf1-85ed64cbf271,106ba2ad-3289-4206-a17c-51be204e5492,,2026-09-25T04:17:01.895Z,,2026-09-25T04:18:28.942Z
flywheel,bae5e53d-0319-4830-afe8-baa7390795b7,106ba2ad-3289-4206-a17c-51be204e5492,,2026-09-25T04:23:03.617Z,2026-09-25T05:31:56.627Z,
flywheel,e9b5a838-f0cc-4aad-8432-872a33dc5718,106ba2ad-3289-4206-a17c-51be204e5492,,2026-09-25T04:56:30.252Z,,2026-09-25T04:56:44.512Z
flywheel,7b8840a2-61a6-4973-a255-6e6dd854dc8d,106ba2ad-3289-4206-a17c-51be204e5492,,2026-09-25T05:11:31.947Z,2026-09-25T05:31:56.627Z,
flywheel,workflow-gate:b41dac6a71a425fc253976f45a2316eec6a0f12f9da10a7eddbb519b8743f5be,106ba2ad-3289-4206-a17c-51be204e5492,approve_to_ship,2026-09-25T05:11:54.333Z,,2026-09-25T05:18:01.164Z
flywheel,7b9c74bf-d756-46a2-8778-f64d66fdbd0f,13b9bb12-f2fa-4679-8b3e-10b6a2a02bb8,,2026-09-23T12:00:27.392Z,,2026-09-23T12:01:36.267Z
flywheel,fdc785e7-4ba5-46a3-a722-8a576de69adc,13b9bb12-f2fa-4679-8b3e-10b6a2a02bb8,,2026-09-23T12:03:45.630Z,,2026-09-23T12:04:47.801Z
flywheel,a036f1be-e0f4-4dad-97f2-78f60ff7196f,151082ac-0f23-4444-9c9c-ac401b8fd8a9,review_code,2026-09-25T00:05:24.828Z,,2026-09-25T00:32:39.300Z
flywheel,69b631a6-16eb-431e-85d6-1fde9d463aa3,151082ac-0f23-4444-9c9c-ac401b8fd8a9,review_code,2026-09-25T01:14:00.757Z,,2026-09-25T03:46:24.070Z
flywheel,da24b48d-704d-4b4e-8eb7-c279a82dcd8e,151082ac-0f23-4444-9c9c-ac401b8fd8a9,,2026-09-25T03:47:30.480Z,2026-09-25T04:19:41.864Z,
flywheel,0e4c7e49-1a69-4725-ba68-50a5ea4913e2,151082ac-0f23-4444-9c9c-ac401b8fd8a9,,2026-09-25T03:50:09.167Z,2026-09-25T04:25:38.323Z,
flywheel,d9795533-ed23-4518-a161-caea81407525,16daf9b1-099f-40b3-9f9d-74b198cf2512,review_code,2026-09-23T06:11:09.385Z,,2026-09-23T06:23:26.995Z
flywheel,13e87200-aad6-4484-a09e-f63b82626c41,16daf9b1-099f-40b3-9f9d-74b198cf2512,,2026-09-23T06:15:45.157Z,2026-09-25T19:46:00.869Z,
flywheel,d3fc67cc-c0c2-4ff3-8d9f-31b151bf19d8,16daf9b1-099f-40b3-9f9d-74b198cf2512,review_code,2026-09-23T09:27:09.806Z,2026-09-23T09:32:34.288Z,
flywheel,c59853ea-7e02-423d-883b-f52012a98981,175d925e-f3ac-471a-82c5-46b7f9c6d615,review_design,2026-09-23T05:56:44.641Z,,2026-09-23T06:06:05.203Z
flywheel,790bb269-8bec-4bf4-9cba-ea43159c1c29,175d925e-f3ac-471a-82c5-46b7f9c6d615,,2026-09-23T06:01:44.575Z,,2026-09-23T06:12:28.152Z
flywheel,f8145a98-0e2b-46b0-9574-b2d715522f1f,175d925e-f3ac-471a-82c5-46b7f9c6d615,review_design,2026-09-23T06:09:00.951Z,,2026-09-23T06:13:45.910Z
flywheel,039b16be-714d-4742-bbc5-1a15598b7d44,175d925e-f3ac-471a-82c5-46b7f9c6d615,review_design,2026-09-23T06:16:06.887Z,,2026-09-23T06:18:34.479Z
flywheel,35467805-b6fe-4d4b-a8bc-e68eaf7d1c41,175d925e-f3ac-471a-82c5-46b7f9c6d615,,2026-09-23T06:19:01.174Z,,2026-09-23T06:24:30.559Z
flywheel,0f8a03a8-5dc9-459a-9045-795bb69f6d3e,175d925e-f3ac-471a-82c5-46b7f9c6d615,review_code,2026-09-23T07:59:05.327Z,,2026-09-23T08:13:12.053Z
flywheel,c487cd08-c802-40c8-9fef-397771afecab,18113ed4-c675-49c0-8eea-64d1b9d615b3,,2026-09-19T05:49:58.346Z,,
flywheel,60fc62fa-55f4-484d-bd16-46e515caa18f,18113ed4-c675-49c0-8eea-64d1b9d615b3,review_code,2026-09-19T06:59:41.582Z,,
flywheel,435219a7-cd2c-4d93-a563-bbaad5b4d76c,18113ed4-c675-49c0-8eea-64d1b9d615b3,,2026-09-19T06:59:54.344Z,,
flywheel,69c6ae7d-ba13-497f-b712-40b615a25bd8,18289cf2-0a22-4c55-af1a-f0cea112a9b8,review_code,2026-09-24T18:58:42.228Z,2026-09-24T19:27:25.428Z,
flywheel,37d82c39-8dc5-45be-b57e-28c2e5c1d7a0,18289cf2-0a22-4c55-af1a-f0cea112a9b8,,2026-09-24T19:00:32.361Z,2026-09-25T19:46:04.564Z,
flywheel,rstop-b3bd0342c731865b22aeb000ce9e74f9,18289cf2-0a22-4c55-af1a-f0cea112a9b8,,2026-09-24T19:03:02.238Z,2026-09-24T19:13:50.014Z,
flywheel,eeb68043-6843-45fc-9987-160a85e73766,198ef045-f1e7-407e-a4a5-ea3b31ecd22c,,2026-09-23T05:47:12.632Z,2026-09-23T06:19:44.062Z,
flywheel,67c743b5-8999-4de1-a7dc-8c2c8bcac4cc,198ef045-f1e7-407e-a4a5-ea3b31ecd22c,,2026-09-23T05:51:24.611Z,,
flywheel,b056f296-7688-43da-94c0-1489f9046731,198ef045-f1e7-407e-a4a5-ea3b31ecd22c,,2026-09-23T05:52:15.260Z,,
flywheel,rstop-6001198654217183494a5e7fab05d5e3,198ef045-f1e7-407e-a4a5-ea3b31ecd22c,,2026-09-23T05:54:39.645Z,2026-09-23T06:25:02.343Z,
flywheel,9b54a07e-c4ca-45af-965d-5cdc50a5c2c0,198ef045-f1e7-407e-a4a5-ea3b31ecd22c,,2026-09-23T05:57:11.678Z,,
flywheel,rstop-0c8c8b9d8c502c9997911da6b42467e5,198ef045-f1e7-407e-a4a5-ea3b31ecd22c,,2026-09-23T05:57:19.398Z,2026-09-23T06:27:30.127Z,
flywheel,a8a53b45-6133-4e9d-b643-302e3acc7908,198ef045-f1e7-407e-a4a5-ea3b31ecd22c,,2026-09-23T05:57:50.119Z,,
flywheel,375ccc75-4297-4225-a138-76a7757367a6,19f46728-230f-432d-bddc-f5a6fe3c1f9e,,2026-09-25T20:37:58.250Z,,2026-09-25T20:39:05.517Z
flywheel,aa787017-a49c-4888-b383-f444207ec15a,1acfc193-ac77-4816-b8cb-0b9fd1283898,,2026-09-24T09:03:47.573Z,,2026-09-24T09:04:50.721Z
flywheel,e4f19c0a-f43d-4b05-b01a-5a1eba1e2766,1acfc193-ac77-4816-b8cb-0b9fd1283898,,2026-09-24T09:07:23.839Z,,2026-09-24T09:07:40.210Z
flywheel,1bdfcd33-3d59-4052-8374-38c80066ccfc,1acfc193-ac77-4816-b8cb-0b9fd1283898,,2026-09-24T09:24:07.193Z,,2026-09-24T09:24:36.102Z
flywheel,f9681d39-037f-4951-a49b-a2aed5b80f79,1acfc193-ac77-4816-b8cb-0b9fd1283898,,2026-09-24T10:10:04.548Z,,2026-09-24T10:11:38.903Z
flywheel,6be72949-342d-4058-b2cd-3193c84b1169,1acfc193-ac77-4816-b8cb-0b9fd1283898,,2026-09-24T10:43:48.452Z,,2026-09-24T10:44:12.185Z
flywheel,090f5484-62c6-4c9a-8e79-6aedcde929f5,1acfc193-ac77-4816-b8cb-0b9fd1283898,,2026-09-24T10:45:39.064Z,,2026-09-24T10:50:03.915Z
flywheel,953847cb-755c-4364-8910-7f08a0ecf592,1acfc193-ac77-4816-b8cb-0b9fd1283898,,2026-09-24T10:51:00.425Z,,2026-09-24T11:01:23.042Z
flywheel,fce9b626-2660-4a01-bd7e-2ac571b85021,1acfc193-ac77-4816-b8cb-0b9fd1283898,,2026-09-24T10:54:54.806Z,,2026-09-24T11:01:23.251Z
flywheel,18db2d1e-de09-4a73-a7ac-f5f90c5ecb74,1acfc193-ac77-4816-b8cb-0b9fd1283898,,2026-09-24T11:02:21.896Z,,2026-09-24T11:04:27.516Z
flywheel,a10af3bc-3127-41e9-a378-0928ab080791,1acfc193-ac77-4816-b8cb-0b9fd1283898,,2026-09-24T11:05:33.175Z,,2026-09-24T11:06:42.827Z
flywheel,5c31b880-2833-4d6d-9cfc-16aabd6c053a,1acfc193-ac77-4816-b8cb-0b9fd1283898,,2026-09-24T11:24:30.732Z,2026-09-24T11:43:35.080Z,
flywheel,58ca931e-f931-4289-9361-84fd46316d44,1bf97239-bc0a-4bfe-b2f8-cc623847aa56,,2026-09-19T05:43:35.421Z,,
flywheel,76a998c9-6bb9-4821-9f05-37883ce617c3,1c295346-5ab6-41e9-a8f8-396d9c93f62b,,2026-09-22T17:26:41.433Z,,2026-09-22T23:20:18.579Z
flywheel,166ca769-cebb-4685-b205-ece80eea43d9,1c295346-5ab6-41e9-a8f8-396d9c93f62b,,2026-09-22T17:29:08.423Z,,2026-09-22T23:20:18.438Z
flywheel,26b8a297-7d5a-4f02-adca-edf5c374092e,1c295346-5ab6-41e9-a8f8-396d9c93f62b,,2026-09-22T17:44:22.002Z,,2026-09-22T23:20:18.293Z
flywheel,6a14dcca-2147-4d6e-afd9-6144d949a50d,1c295346-5ab6-41e9-a8f8-396d9c93f62b,question,2026-09-22T19:22:12.183Z,2026-09-22T23:20:30.723Z,2026-09-22T23:20:18.150Z
flywheel,6496f519-76c7-4c9e-b996-13bd86925e95,1c295346-5ab6-41e9-a8f8-396d9c93f62b,,2026-09-22T23:20:51.810Z,2026-09-23T04:47:33.181Z,
flywheel,2a353ba2-25c8-400d-9487-6a4b8b28b02c,1c295346-5ab6-41e9-a8f8-396d9c93f62b,,2026-09-22T23:32:41.705Z,,2026-09-22T23:32:50.612Z
flywheel,b27ed200-cbcb-429d-aa2a-0cd5a3beb5cf,1c295346-5ab6-41e9-a8f8-396d9c93f62b,review_code,2026-09-22T23:53:24.026Z,,
flywheel,4f8229af-5721-4c19-97fd-685296810449,1c295346-5ab6-41e9-a8f8-396d9c93f62b,,2026-09-22T23:53:47.370Z,,2026-09-22T23:54:13.322Z
flywheel,e0d7ba56-0a06-4ac6-948f-09ef1860f7d0,1c295346-5ab6-41e9-a8f8-396d9c93f62b,,2026-09-23T00:23:20.016Z,,2026-09-23T00:23:32.888Z
flywheel,80304c02-88f5-4ad0-9276-5c57f9232ea5,1c295346-5ab6-41e9-a8f8-396d9c93f62b,,2026-09-23T01:47:25.769Z,,2026-09-23T01:47:34.150Z
flywheel,8179927a-7a2a-45ce-b9ae-26983d6271fc,1c295346-5ab6-41e9-a8f8-396d9c93f62b,,2026-09-23T01:48:16.542Z,2026-09-23T04:47:33.181Z,
flywheel,4c9045bb-4843-4231-adf3-86e86ec316b8,1c295346-5ab6-41e9-a8f8-396d9c93f62b,,2026-09-23T02:26:03.928Z,,2026-09-23T02:26:14.923Z
flywheel,fd95e45a-5032-43bf-b28d-bbb448196eba,1c295346-5ab6-41e9-a8f8-396d9c93f62b,,2026-09-23T02:26:34.524Z,2026-09-23T04:47:33.181Z,
flywheel,5c63d3fc-08ec-4a6a-a74d-ba258c95da40,1c295346-5ab6-41e9-a8f8-396d9c93f62b,,2026-09-23T02:48:23.534Z,,2026-09-23T02:48:49.767Z
flywheel,66489da3-7364-4487-a508-b40e2c66a7b3,1c295346-5ab6-41e9-a8f8-396d9c93f62b,,2026-09-23T03:10:45.962Z,2026-09-23T04:47:33.181Z,
flywheel,18de9797-f35d-41a4-a090-37bcb0e09dda,1c909675-224d-44de-84c3-c88a38ff6f16,,2026-09-25T20:35:38.810Z,,2026-09-25T20:35:52.013Z
flywheel,0fd04755-0282-4ca0-9fb7-dcf38a86d232,1c909675-224d-44de-84c3-c88a38ff6f16,,2026-09-25T21:02:24.447Z,,
flywheel,d821bffc-68c4-405d-8228-c930bbfc0b11,1c909675-224d-44de-84c3-c88a38ff6f16,,2026-09-25T21:02:25.520Z,,
flywheel,610539b7-7949-4253-b7b3-300d29aad368,1fa9d31e-4304-4fc2-bb3c-55ade07fadb1,,2026-09-24T06:30:28.763Z,,2026-09-24T06:31:06.208Z
flywheel,c6de8bd1-11ad-413e-9b9b-ba6362e02c76,1fa9d31e-4304-4fc2-bb3c-55ade07fadb1,,2026-09-24T06:33:46.215Z,,2026-09-24T06:34:15.309Z
flywheel,e987edf0-7b23-4845-a5f4-3b3586e12926,2244de24-a3c9-428a-a1de-730166921809,,2026-09-25T08:59:04.456Z,,2026-09-25T08:59:13.726Z
flywheel,0e133fdd-6445-4b0f-8804-eabf0bc14ff2,2244de24-a3c9-428a-a1de-730166921809,,2026-09-25T09:06:54.355Z,2026-09-25T10:49:53.482Z,
flywheel,caca437f-3e81-44fb-9c4c-6d5664260eae,2244de24-a3c9-428a-a1de-730166921809,,2026-09-25T09:28:07.233Z,,2026-09-25T09:28:16.488Z
flywheel,6cc03b46-5d85-4d69-9762-aef622dcc2e8,2244de24-a3c9-428a-a1de-730166921809,,2026-09-25T09:29:20.180Z,2026-09-25T10:49:53.482Z,
flywheel,8908cd3f-156c-4481-9c4c-2a84f0a78265,2244de24-a3c9-428a-a1de-730166921809,,2026-09-25T10:12:20.131Z,,2026-09-25T10:12:27.611Z
flywheel,9041ed27-a218-4290-af8c-4f8b515998e2,2244de24-a3c9-428a-a1de-730166921809,,2026-09-25T10:32:04.330Z,,2026-09-25T10:32:18.756Z
flywheel,f4322f76-730f-4b38-80c4-00bb90bb99be,2244de24-a3c9-428a-a1de-730166921809,,2026-09-25T10:32:59.491Z,2026-09-25T10:49:53.482Z,
flywheel,4153713d-6af7-47bd-af74-6eb33f501ce6,22829243-b6bb-4160-87f6-306e21d0c49a,,2026-09-24T15:00:06.891Z,,2026-09-24T15:09:00.018Z
flywheel,2d72f97d-2052-41c6-8ff3-f63c5c7df9e3,2441c29f-fb6f-4602-bdc3-1f19afbb96e3,,2026-09-22T17:22:19.197Z,2026-09-23T00:45:34.051Z,
flywheel,workflow-gate:13b2d5290b06a152c17f0b1489f8ace201141744183f7475496efe4c4de60960,2441c29f-fb6f-4602-bdc3-1f19afbb96e3,approve_to_ship,2026-09-22T17:22:21.902Z,2026-09-23T00:30:31.730Z,
flywheel,d7e06fda-5f31-4a06-9f39-481f16b4f1d9,2441c29f-fb6f-4602-bdc3-1f19afbb96e3,,2026-09-22T23:54:39.148Z,,2026-09-22T23:54:57.488Z
flywheel,78de27cb-b7fc-47f5-93f2-4f67496ef68d,2441c29f-fb6f-4602-bdc3-1f19afbb96e3,,2026-09-23T00:30:09.789Z,2026-09-23T00:45:34.051Z,
flywheel,workflow-gate:fd99393882b2f0a63849f72509fe98726091e8d70ddb11e5b4db9cd77efd0046,2441c29f-fb6f-4602-bdc3-1f19afbb96e3,approve_to_ship,2026-09-23T00:30:17.455Z,,2026-09-23T00:42:15.779Z
flywheel,4b08632e-2af4-472e-8bb8-cca3ee688eaa,2441c29f-fb6f-4602-bdc3-1f19afbb96e3,,2026-09-23T00:43:17.070Z,,2026-09-23T00:43:31.909Z
flywheel,feecb034-29d4-4cbe-8d66-64a12b3a6267,244670e3-55b1-4b3a-9289-099ee9c4088f,,2026-09-25T19:22:27.858Z,,2026-09-25T19:24:07.870Z
flywheel,ba4567e3-bef9-480b-b563-926341e40462,244670e3-55b1-4b3a-9289-099ee9c4088f,,2026-09-25T19:36:50.349Z,,2026-09-25T19:38:11.460Z
flywheel,8fd11093-e305-4ea6-bbbd-2464af23a756,244670e3-55b1-4b3a-9289-099ee9c4088f,,2026-09-25T19:54:23.240Z,,2026-09-25T19:55:29.664Z
flywheel,191df355-cfd2-4b0d-bd39-529adedbfee9,244670e3-55b1-4b3a-9289-099ee9c4088f,,2026-09-25T19:56:25.994Z,,2026-09-25T19:56:31.260Z
flywheel,9027fa10-d3de-4d15-be4c-dba7d592662a,244670e3-55b1-4b3a-9289-099ee9c4088f,,2026-09-25T20:11:26.223Z,,
flywheel,2d70bf0d-e77a-4e9a-aa91-b22052610974,244670e3-55b1-4b3a-9289-099ee9c4088f,,2026-09-25T20:12:13.967Z,,
flywheel,d310bdf1-5fbe-4282-9b65-d0f7e42ff5e4,259c0890-b9ff-4496-8d22-c1169951fab7,,2026-09-24T16:14:07.179Z,,2026-09-24T16:14:49.598Z
flywheel,workflow-gate:4f6cb698ecece4ba9f3d55f3f88b9cb9fd3129183b74efcb07ead53e7fb2296e,259c0890-b9ff-4496-8d22-c1169951fab7,approve_to_ship,2026-09-24T16:14:34.100Z,,2026-09-24T16:30:55.759Z
flywheel,915c005b-1659-4d87-b1ff-813873be2d7e,259c0890-b9ff-4496-8d22-c1169951fab7,,2026-09-24T17:19:22.033Z,,2026-09-24T17:24:43.230Z
flywheel,5e997189-035f-46eb-aac1-cd9113e54867,25d8197c-5ab1-497e-b5d0-09b64389b45a,review_design,2026-09-24T23:51:45.827Z,,2026-09-24T23:58:56.539Z
flywheel,0bb75c80-e21c-41e3-8f1f-10161b1279ef,25d8197c-5ab1-497e-b5d0-09b64389b45a,,2026-09-25T00:00:12.347Z,,2026-09-25T00:00:27.435Z
flywheel,2fe49176-5895-4be7-b0f3-97ad622e9a8f,25d8197c-5ab1-497e-b5d0-09b64389b45a,review_code,2026-09-25T00:19:33.194Z,,2026-09-25T00:22:32.146Z
flywheel,805afeab-dff7-445e-9a61-86ef169f59b7,25d8197c-5ab1-497e-b5d0-09b64389b45a,,2026-09-25T00:23:19.486Z,2026-09-25T00:56:05.500Z,
flywheel,0c63c27b-258d-4781-b1f6-e83567ce7eea,25d8197c-5ab1-497e-b5d0-09b64389b45a,,2026-09-25T00:24:16.302Z,2026-09-25T00:56:05.502Z,
flywheel,22702596-713a-48be-9f19-a80a3de8216d,26a28bdf-2657-4f53-b5f8-9222c70d3aea,review_code,2026-09-25T18:51:35.076Z,2026-09-25T19:02:24.132Z,
flywheel,ff62e8e2-5b23-4b8d-8dce-5ef50ab7b3d5,26a28bdf-2657-4f53-b5f8-9222c70d3aea,review_code,2026-09-25T19:01:55.830Z,,2026-09-25T19:14:08.691Z
flywheel,629d2562-8b70-462b-8026-d522276b4a9a,26a28bdf-2657-4f53-b5f8-9222c70d3aea,,2026-09-25T19:15:58.056Z,,2026-09-25T19:18:57.736Z
flywheel,82572f36-9d6a-4757-b16e-3f0c839050eb,281a8688-32b0-477d-a611-cf4efb10f054,,2026-09-25T11:10:01.464Z,,2026-09-25T11:10:07.174Z
flywheel,b95c9c84-d505-4d4c-9541-4856c1187235,281a8688-32b0-477d-a611-cf4efb10f054,,2026-09-25T11:33:11.739Z,,2026-09-25T11:34:07.658Z
flywheel,workflow-gate:cbc94fb5685dde1a5efef7223f7218af0104df16540ed1e14857182fc7933768,281a8688-32b0-477d-a611-cf4efb10f054,approve_to_ship,2026-09-25T11:33:16.506Z,,2026-09-25T18:24:58.988Z
flywheel,f4e05d74-9cb0-4f3d-bea0-4c3d9e573105,281a8688-32b0-477d-a611-cf4efb10f054,,2026-09-25T19:16:34.258Z,,2026-09-25T19:18:58.128Z
flywheel,9d6a4d99-f8f7-4773-b034-da08321210d0,2822736a-19f5-4b35-8ea7-ae016a07d8de,,2026-09-25T11:54:25.236Z,,2026-09-25T11:54:36.753Z
flywheel,d9a3b460-a3fa-4cf1-9139-b453a1e050d2,2822736a-19f5-4b35-8ea7-ae016a07d8de,,2026-09-25T12:08:04.901Z,,2026-09-25T12:08:52.870Z
flywheel,d3064c1b-269e-40ac-9c6f-fc21ecba5220,2822736a-19f5-4b35-8ea7-ae016a07d8de,,2026-09-25T12:11:07.253Z,,2026-09-25T12:11:17.489Z
flywheel,a361d91c-96d8-487d-97ba-a20890918e35,2822736a-19f5-4b35-8ea7-ae016a07d8de,,2026-09-25T12:11:26.708Z,,2026-09-25T12:12:43.817Z
flywheel,fb4564d0-cfe6-4266-8d8b-41d1e430e179,2822736a-19f5-4b35-8ea7-ae016a07d8de,,2026-09-25T13:09:12.441Z,,2026-09-25T13:09:18.859Z
flywheel,a4e1785e-aa58-4534-aa41-48bddb9c432e,2822736a-19f5-4b35-8ea7-ae016a07d8de,,2026-09-25T13:21:03.557Z,,2026-09-25T13:21:10.762Z
flywheel,a39e235f-9a46-4a22-84f7-eb7eb6ec8830,2822736a-19f5-4b35-8ea7-ae016a07d8de,,2026-09-25T13:23:18.763Z,,2026-09-25T13:24:31.616Z
flywheel,workflow-gate:05065bb40d030995a916db24312878443cd3cd79eae33d43a37c55c828f9478c,2822736a-19f5-4b35-8ea7-ae016a07d8de,approve_to_ship,2026-09-25T13:23:23.154Z,,
flywheel,b9160f29-0e2c-4d82-ac5b-55c29a6cb97b,2822736a-19f5-4b35-8ea7-ae016a07d8de,,2026-09-25T13:23:25.776Z,,2026-09-25T13:25:15.223Z
flywheel,0a6facaa-999e-4f35-867e-be60f936a539,2822736a-19f5-4b35-8ea7-ae016a07d8de,,2026-09-25T13:26:04.610Z,,2026-09-25T13:26:09.548Z
flywheel,957c8942-f053-4bab-a734-30bd78bc60fc,2822736a-19f5-4b35-8ea7-ae016a07d8de,,2026-09-25T13:26:32.035Z,,2026-09-25T13:26:35.646Z
flywheel,824dbb5b-65ff-4637-9939-f770651db8c4,2822736a-19f5-4b35-8ea7-ae016a07d8de,,2026-09-25T18:12:03.639Z,,2026-09-25T18:13:39.458Z
flywheel,a7842864-b9e4-4d36-b50b-5951d86c3160,2822736a-19f5-4b35-8ea7-ae016a07d8de,,2026-09-25T18:12:56.832Z,,2026-09-25T18:14:23.340Z
flywheel,f30d8fc6-c732-4b9a-9ce1-2b3635b8ad84,2822736a-19f5-4b35-8ea7-ae016a07d8de,,2026-09-25T18:27:39.124Z,,2026-09-25T18:28:51.541Z
flywheel,c5448ea9-3bbe-43f2-9342-f0164a15d67b,296e5376-6dba-452f-96b6-35d7a4c8e530,review_code,2026-09-23T07:35:38.544Z,,2026-09-23T07:48:50.255Z
flywheel,6b13aab9-048d-4243-94d0-abb18a785fb4,296e5376-6dba-452f-96b6-35d7a4c8e530,,2026-09-23T07:50:11.630Z,,2026-09-23T08:51:17.703Z
flywheel,rstop-eddc1eb72415a39fb6d79e36fa90bbbf,296e5376-6dba-452f-96b6-35d7a4c8e530,,2026-09-23T07:52:28.705Z,2026-09-23T08:08:30.169Z,
flywheel,d01b9f05-5a3c-488f-ae7a-e0bb85961ae2,296e5376-6dba-452f-96b6-35d7a4c8e530,,2026-09-23T08:52:25.534Z,2026-09-23T09:14:27.763Z,
flywheel,2e6741df-3a0c-460e-8981-5f2f77111a10,2d21a735-9f81-4cff-bd5c-d3932a513a6c,,2026-09-25T11:46:16.781Z,,2026-09-25T11:46:32.904Z
flywheel,276feb99-32d5-4188-9de6-447ca301118d,2d21a735-9f81-4cff-bd5c-d3932a513a6c,,2026-09-25T12:48:00.992Z,,2026-09-25T12:49:48.308Z
flywheel,1ffcc84c-978c-43d5-9889-005683d0e835,2d64aa78-0e92-430f-85f9-d865fbdba287,review_code,2026-09-25T20:10:35.113Z,,2026-09-25T20:24:19.084Z
flywheel,eefdc6d7-85e5-4c34-889b-69d73f1d61cc,2d64aa78-0e92-430f-85f9-d865fbdba287,,2026-09-25T20:25:31.568Z,,2026-09-25T20:33:07.685Z
flywheel,b459dbcf-42db-4406-93e5-4501c47e0247,2d7e1ab6-6452-4790-8bfa-ea31b75e1d17,,2026-09-25T05:48:47.011Z,,2026-09-25T05:49:34.557Z
flywheel,3c53f3f3-529e-4c37-9ed9-8eba48d29cb9,2d7e1ab6-6452-4790-8bfa-ea31b75e1d17,,2026-09-25T05:53:45.094Z,,2026-09-25T05:55:28.960Z
flywheel,e06a496a-aad0-47b2-b44a-988704b7e4b5,2d7e1ab6-6452-4790-8bfa-ea31b75e1d17,,2026-09-25T06:30:40.663Z,,2026-09-25T06:31:37.589Z
flywheel,bb2ac7e0-ec6b-429e-9f33-eab3f7e185d7,2d7e1ab6-6452-4790-8bfa-ea31b75e1d17,,2026-09-25T06:34:46.134Z,,2026-09-25T06:35:50.748Z
flywheel,cf78ee4b-a4dd-4426-a77a-692d416668f1,2d7e1ab6-6452-4790-8bfa-ea31b75e1d17,,2026-09-25T06:38:53.414Z,,2026-09-25T06:40:16.999Z
flywheel,2a135444-4a80-47a6-8d74-b3cbf0acce85,2d7e1ab6-6452-4790-8bfa-ea31b75e1d17,,2026-09-25T06:51:19.328Z,,2026-09-25T06:52:08.030Z
flywheel,b714de2d-0898-42b7-b13b-e908f8b73872,2d7e1ab6-6452-4790-8bfa-ea31b75e1d17,,2026-09-25T07:37:33.441Z,,2026-09-25T07:39:26.827Z
flywheel,5d10bdb9-f04a-4bb9-a252-682074433b82,2d7e1ab6-6452-4790-8bfa-ea31b75e1d17,,2026-09-25T08:07:21.889Z,2026-09-25T18:10:57.318Z,
flywheel,91e07433-bf19-4cdc-a66d-ed42f7b9346a,2d7e1ab6-6452-4790-8bfa-ea31b75e1d17,,2026-09-25T08:54:40.539Z,2026-09-25T18:10:57.318Z,
flywheel,20df9679-aa7f-49e5-a661-141a0be5c1d7,2d7e1ab6-6452-4790-8bfa-ea31b75e1d17,,2026-09-25T09:12:25.025Z,2026-09-25T18:10:57.318Z,
flywheel,b0327215-0a8d-41a5-9dcb-f6c3408a22ce,2d7e1ab6-6452-4790-8bfa-ea31b75e1d17,,2026-09-25T09:12:36.213Z,2026-09-25T18:10:57.318Z,
flywheel,2624da8e-b35f-4626-b5d7-70393e78f015,2d7e1ab6-6452-4790-8bfa-ea31b75e1d17,,2026-09-25T09:12:36.457Z,2026-09-25T18:10:57.318Z,
flywheel,6502f277-196b-41e9-9c79-3e46479bf5a0,2d7e1ab6-6452-4790-8bfa-ea31b75e1d17,,2026-09-25T09:37:24.587Z,2026-09-25T18:10:57.318Z,
flywheel,4325ffc1-a599-44b9-aa9f-ea6267c568b2,2da2a4a1-7062-44b2-a059-1e3ba3750b47,question,2026-09-23T08:06:42.554Z,,2026-09-23T08:10:30.380Z
flywheel,rstop-de68486c10aa06031098b08898a7a9d4,2e3191cf-2a2a-4a96-b19c-40dd46487b22,,2026-09-23T10:42:31.709Z,2026-09-23T10:47:48.625Z,
flywheel,rstop-6d25081e8f73d530bb9baa4626340d49,2e3191cf-2a2a-4a96-b19c-40dd46487b22,,2026-09-23T11:03:09.033Z,2026-09-23T11:03:54.724Z,
flywheel,7f877589-5ec2-4ead-a0c7-d07ec7fa686e,2e3191cf-2a2a-4a96-b19c-40dd46487b22,review_code,2026-09-23T11:22:11.252Z,,2026-09-23T11:31:40.026Z
flywheel,97a31247-3cb6-412c-be07-26576ed54731,2e3191cf-2a2a-4a96-b19c-40dd46487b22,,2026-09-23T11:32:15.777Z,,2026-09-23T11:32:22.708Z
flywheel,0311e7c0-0b67-463f-a837-71a649ab0864,2e3191cf-2a2a-4a96-b19c-40dd46487b22,,2026-09-23T11:34:24.299Z,,2026-09-23T11:34:41.293Z
flywheel,392f8e9a-c6a6-4566-be70-ad78f190cc0e,2f108ce3-004d-4cb6-89cf-6e5b839b80fe,,2026-09-25T03:34:31.088Z,2026-09-25T05:08:27.590Z,
flywheel,33c18506-38b5-41a8-8fcc-8e3f035d6575,2f108ce3-004d-4cb6-89cf-6e5b839b80fe,,2026-09-25T03:56:14.594Z,2026-09-25T05:08:27.590Z,
flywheel,3eca8a21-c2e6-404b-9561-407330eb4ae9,2fa01a56-3f35-4615-b022-0ab0294f6e45,review_code,2026-09-25T04:38:51.558Z,,2026-09-25T04:45:02.485Z
flywheel,72495bf2-b566-4918-b0e6-b4c1ad28f078,2fa01a56-3f35-4615-b022-0ab0294f6e45,,2026-09-25T04:45:34.434Z,2026-09-25T05:08:27.583Z,
flywheel,43404d6d-0d04-4695-80ed-332f34a3809c,2fa01a56-3f35-4615-b022-0ab0294f6e45,,2026-09-25T04:55:08.967Z,2026-09-25T05:14:22.092Z,
flywheel,fae21518-872a-4db8-aff8-cb13def71ae4,2faf8eb5-afdb-46e6-aef6-44c1b126530d,review_code,2026-09-23T05:16:00.041Z,,2026-09-23T05:34:43.651Z
flywheel,d8e68ef1-3b69-4d45-9170-69622e8ce5b3,2faf8eb5-afdb-46e6-aef6-44c1b126530d,,2026-09-23T05:35:38.399Z,,2026-09-23T05:47:32.819Z
flywheel,87117372-160a-436e-8ca3-77f8cd327675,2faf8eb5-afdb-46e6-aef6-44c1b126530d,review_code,2026-09-23T05:36:51.892Z,,2026-09-23T05:43:46.811Z
flywheel,ed3c0314-50a3-40db-95fb-fa9666d299c7,2faf8eb5-afdb-46e6-aef6-44c1b126530d,,2026-09-23T05:44:53.949Z,2026-09-23T06:07:19.949Z,
flywheel,rstop-10e9d0bcbfda8f7fc051bfe9e71ceac0,2faf8eb5-afdb-46e6-aef6-44c1b126530d,,2026-09-23T05:45:56.493Z,2026-09-23T05:53:05.173Z,
flywheel,rstop-addbe81c6350d7f483e3f6d38c930e03,2faf8eb5-afdb-46e6-aef6-44c1b126530d,,2026-09-23T05:47:23.395Z,2026-09-23T05:53:09.037Z,
flywheel,67788253-f33f-4a4b-8135-8215fa190799,2faf8eb5-afdb-46e6-aef6-44c1b126530d,,2026-09-23T05:49:11.356Z,,2026-09-23T05:53:52.685Z
flywheel,5394bea2-ce80-43fd-a633-c0f19f629758,2faf8eb5-afdb-46e6-aef6-44c1b126530d,,2026-09-23T05:55:43.301Z,2026-09-23T06:26:05.849Z,
flywheel,3d6bd728-b46c-4517-9a8a-194a91dbe427,319a0163-4fe5-43b8-b059-4421388d1ba6,,2026-09-23T06:32:29.715Z,,2026-09-23T06:32:57.673Z
flywheel,be9c61f1-ac43-4530-adb8-b6e321d2d9f0,319a0163-4fe5-43b8-b059-4421388d1ba6,,2026-09-23T06:47:19.473Z,,2026-09-23T08:06:26.832Z
flywheel,2f543245-810b-4ff9-8cb0-e042728a7cee,319a0163-4fe5-43b8-b059-4421388d1ba6,,2026-09-23T08:14:57.783Z,2026-09-23T09:02:21.619Z,
flywheel,rstop-10535fd633905547c37070db9c54097d,32c14149-2fa4-47e4-8534-eb8f68d72874,,2026-09-23T12:25:48.156Z,2026-09-23T12:28:36.800Z,
flywheel,6209634f-bed6-4fa0-b269-80af7acd520c,32c14149-2fa4-47e4-8534-eb8f68d72874,review_code,2026-09-23T12:46:25.799Z,,2026-09-23T13:01:19.603Z
flywheel,f0e840cc-e433-4cdb-b189-dac272ec0ea3,32c14149-2fa4-47e4-8534-eb8f68d72874,review_code,2026-09-23T13:10:50.052Z,,2026-09-23T13:13:30.923Z
flywheel,5665f3d0-322a-40ca-9a76-ca3b5b31e9b3,32c14149-2fa4-47e4-8534-eb8f68d72874,,2026-09-23T13:18:18.283Z,2026-09-23T14:17:46.806Z,
flywheel,fdc5a15a-da46-4d31-bba2-cdce81f93a84,32c14149-2fa4-47e4-8534-eb8f68d72874,review_code,2026-09-23T14:13:53.380Z,,2026-09-23T14:17:57.816Z
flywheel,d6a7c5aa-1485-4336-a883-429e7fdbedff,345c96d6-bf98-4584-bdd0-4173caf5e50f,,2026-09-24T23:21:08.795Z,,2026-09-24T23:24:39.840Z
flywheel,c27f37d2-e1a6-4809-9db3-4e47c7d93262,345c96d6-bf98-4584-bdd0-4173caf5e50f,,2026-09-25T00:11:29.074Z,,2026-09-25T00:14:05.194Z
flywheel,d7dfdef3-29f6-4dc0-92d4-ac90ad5bb369,345c96d6-bf98-4584-bdd0-4173caf5e50f,,2026-09-25T00:29:44.681Z,,2026-09-25T00:30:38.216Z
flywheel,0b2630d8-2567-4056-8805-98b066c1fdcd,35832f7a-6ce0-4068-a489-2e2ed9d66dca,,2026-09-24T01:27:19.654Z,,2026-09-24T01:34:56.720Z
flywheel,db962bbf-0b8b-43c7-9ed0-5b9123e34a88,35832f7a-6ce0-4068-a489-2e2ed9d66dca,,2026-09-24T03:14:42.510Z,,2026-09-24T03:36:53.867Z
flywheel,03fd4f55-6e26-4c50-a86c-4bd910a4afca,35832f7a-6ce0-4068-a489-2e2ed9d66dca,,2026-09-24T04:34:51.122Z,2026-09-24T07:37:33.884Z,
flywheel,c34edbe6-d65b-4e48-8e98-1cfc53ffa61d,35b23197-342c-4f5f-b506-7cad0b175e93,,2026-09-16T05:49:36.102Z,,
flywheel,7f2832e6-fea6-41c8-aadc-8c20e7455380,35b23197-342c-4f5f-b506-7cad0b175e93,,2026-09-16T05:56:40.679Z,,
flywheel,c50b2453-d8ee-4e67-910a-d77cbb508918,35b23197-342c-4f5f-b506-7cad0b175e93,,2026-09-16T06:12:30.711Z,,
flywheel,1e42b99b-8360-4488-8728-64ca65408277,35b23197-342c-4f5f-b506-7cad0b175e93,,2026-09-16T06:19:37.983Z,,
flywheel,379e1889-119a-4671-a74e-355dfca857a1,35b23197-342c-4f5f-b506-7cad0b175e93,,2026-09-16T06:23:50.538Z,,
flywheel,4f73a2b1-4bed-45ad-a7a3-cfe7d008d3f2,35b23197-342c-4f5f-b506-7cad0b175e93,,2026-09-16T06:24:30.165Z,,
flywheel,8c552730-2a23-495e-887a-52aa3402ca7c,35b23197-342c-4f5f-b506-7cad0b175e93,,2026-09-16T06:25:49.915Z,,
flywheel,bd67c67c-c1ad-49cd-8358-ae763b738001,3606baaf-a8a2-40ed-bd27-b6983402653f,review_code,2026-09-23T08:16:42.420Z,,2026-09-23T08:38:15.489Z
flywheel,a2021634-244f-4760-b2fc-c8124c55dc49,3606baaf-a8a2-40ed-bd27-b6983402653f,review_code,2026-09-23T09:10:18.693Z,,2026-09-23T09:15:13.530Z
flywheel,5491aac4-1000-47bf-ad59-e1f2b19d9a44,3606baaf-a8a2-40ed-bd27-b6983402653f,,2026-09-23T09:15:34.923Z,2026-09-23T10:33:17.824Z,
flywheel,4d9df5b4-aa61-47d7-9a3e-3ee6c58c130a,3606baaf-a8a2-40ed-bd27-b6983402653f,,2026-09-23T09:22:40.359Z,,2026-09-23T09:25:53.416Z
flywheel,rstop-245386cf70346dab152a7d36049f5b08,3606baaf-a8a2-40ed-bd27-b6983402653f,,2026-09-23T09:25:20.539Z,2026-09-23T09:25:30.997Z,
flywheel,rstop-fe59d8ed0063fa36e42b5efaba8dfb11,3606baaf-a8a2-40ed-bd27-b6983402653f,,2026-09-23T09:28:12.752Z,2026-09-23T09:28:28.450Z,
flywheel,rstop-9bac513b9fe916ed74d0c7b5b7207bb6,3606baaf-a8a2-40ed-bd27-b6983402653f,,2026-09-23T09:29:08.112Z,2026-09-23T09:29:15.143Z,
flywheel,4cd5d5f3-196d-4cb7-aee5-abd786cbfec4,3606baaf-a8a2-40ed-bd27-b6983402653f,,2026-09-23T10:04:34.607Z,2026-09-23T10:33:17.824Z,
flywheel,d198d11b-03f0-4a85-a589-f1869823a072,3606baaf-a8a2-40ed-bd27-b6983402653f,question,2026-09-23T10:06:46.483Z,,2026-09-23T10:09:55.860Z
flywheel,3336ea90-448c-4059-b815-30689a17a3a5,3606baaf-a8a2-40ed-bd27-b6983402653f,review_code,2026-09-23T10:22:57.076Z,,2026-09-23T10:27:30.363Z
flywheel,c3395372-d1d8-4668-997f-463c4a5286d1,3606baaf-a8a2-40ed-bd27-b6983402653f,,2026-09-23T10:28:33.058Z,,2026-09-23T10:28:43.789Z
flywheel,305ec8f8-3c0f-4c91-950a-082df2afb779,3606baaf-a8a2-40ed-bd27-b6983402653f,question,2026-09-23T10:32:56.214Z,2026-09-23T10:33:17.824Z,
flywheel,980915d5-0bff-47e1-8dff-f0df6165bfa5,36768957-7faf-479a-aeb6-74e85fd17ea7,,2026-09-25T09:10:09.890Z,2026-09-25T19:13:07.557Z,
flywheel,workflow-gate:2b403482e87645db3e597dfc99eb1a777562f4bb21ba7b48f5848d81ab4ac6c5,36768957-7faf-479a-aeb6-74e85fd17ea7,approve_to_ship,2026-09-25T09:10:38.845Z,,2026-09-25T18:12:39.564Z
flywheel,9a4621c1-5118-480b-90ee-492b1510874a,36768957-7faf-479a-aeb6-74e85fd17ea7,,2026-09-25T18:44:45.487Z,,2026-09-25T18:45:28.244Z
flywheel,workflow-gate:129ff91e259931d2a00334b6980d98d7be0e9f79585d7f56040ac6c1f3de2a08,36768957-7faf-479a-aeb6-74e85fd17ea7,approve_to_ship,2026-09-25T18:44:57.485Z,,2026-09-25T19:11:13.125Z
flywheel,856a2418-0446-4af2-9163-8e941299ee0c,36a6a83f-5fca-4683-832c-ccdbc13d707b,,2026-09-25T04:03:55.007Z,2026-09-25T20:32:27.275Z,
flywheel,7605ae5a-1b1b-4d7b-b826-ccb636d0cb45,36a6a83f-5fca-4683-832c-ccdbc13d707b,,2026-09-25T04:05:43.831Z,2026-09-25T20:32:27.275Z,
flywheel,workflow-gate:8e988aede8041a2301be018e1c287792bc39fbd44a74704e56308a0caa4345ad,36a6a83f-5fca-4683-832c-ccdbc13d707b,approve_to_ship,2026-09-25T04:06:02.420Z,2026-09-25T20:32:27.275Z,
flywheel,72e9964c-321a-4b3b-a013-5314f827b482,36a6a83f-5fca-4683-832c-ccdbc13d707b,,2026-09-25T06:39:46.038Z,,2026-09-25T06:41:07.007Z
flywheel,89a00470-8e67-4f06-aeac-9cd10043fdc4,36a6a83f-5fca-4683-832c-ccdbc13d707b,,2026-09-25T06:46:53.536Z,,2026-09-25T06:52:07.855Z
flywheel,d9be85c6-2afa-42f8-9c86-2c6a8b8bcf5f,36a6a83f-5fca-4683-832c-ccdbc13d707b,,2026-09-25T06:53:33.241Z,,2026-09-25T06:55:01.870Z
flywheel,ee81eead-1e57-49d6-bcd3-4dc3116cd911,36a6a83f-5fca-4683-832c-ccdbc13d707b,,2026-09-25T06:55:20.190Z,,2026-09-25T06:56:03.163Z
flywheel,cc273c24-3edd-4f4e-b0c6-5c4f4760b9c4,36a6a83f-5fca-4683-832c-ccdbc13d707b,,2026-09-25T07:12:05.239Z,,2026-09-25T07:13:32.588Z
flywheel,a766634a-b067-4fef-84d9-6c490e078ae4,36a6a83f-5fca-4683-832c-ccdbc13d707b,,2026-09-25T07:30:08.361Z,,2026-09-25T07:32:16.345Z
flywheel,dae8a083-bdcf-4cff-95d1-7686fa49bcd1,36a6a83f-5fca-4683-832c-ccdbc13d707b,,2026-09-25T07:33:00.599Z,,2026-09-25T07:33:29.473Z
flywheel,c3fe6b4a-e5ac-4a2a-8fa0-bf82082500ef,36a6a83f-5fca-4683-832c-ccdbc13d707b,,2026-09-25T16:20:39.474Z,,2026-09-25T16:20:54.208Z
flywheel,7e9d5518-a334-4dee-9e34-cfb2535aad3c,36a6a83f-5fca-4683-832c-ccdbc13d707b,,2026-09-25T18:08:53.888Z,,2026-09-25T18:12:14.169Z
flywheel,625f3071-a887-4c80-930a-84f2c4cb5787,36a6a83f-5fca-4683-832c-ccdbc13d707b,,2026-09-25T18:09:21.607Z,,2026-09-25T18:12:14.339Z
flywheel,c10f9177-20b1-48df-8bd9-9344f1d34d5f,36a6a83f-5fca-4683-832c-ccdbc13d707b,,2026-09-25T18:17:47.611Z,,2026-09-25T18:18:04.322Z
flywheel,176c6b1a-c906-44c0-9dda-be5622670716,36a6a83f-5fca-4683-832c-ccdbc13d707b,,2026-09-25T18:21:55.509Z,,2026-09-25T18:22:46.104Z
flywheel,40e4f0e5-db5f-4a57-bfd8-76fb273062bc,36a6a83f-5fca-4683-832c-ccdbc13d707b,,2026-09-25T18:24:14.486Z,,2026-09-25T18:24:37.312Z
flywheel,c53d01fc-e0c4-41c3-8cc1-1335e0a9b03d,36a6a83f-5fca-4683-832c-ccdbc13d707b,,2026-09-25T18:25:01.336Z,,2026-09-25T18:27:50.768Z
flywheel,1360ffa9-f9d9-49b0-92fb-38ebd05342fe,36a6a83f-5fca-4683-832c-ccdbc13d707b,,2026-09-25T20:29:19.572Z,,
flywheel,b070d954-4710-459d-9ed3-6981f007ea70,37624e3d-2f56-4ee3-afdc-944f2666c229,review_design,2026-09-25T06:43:06.620Z,,2026-09-25T06:52:39.517Z
flywheel,ded2d8ed-4d64-41a3-b71b-5667fe2e4ea1,37624e3d-2f56-4ee3-afdc-944f2666c229,review_design,2026-09-25T06:56:49.583Z,,2026-09-25T07:00:03.459Z
flywheel,e1c3c0d6-c598-42b2-8d67-2fdd16ce6d56,37624e3d-2f56-4ee3-afdc-944f2666c229,,2026-09-25T07:00:17.935Z,2026-09-25T18:05:56.778Z,
flywheel,28fa88eb-9f74-42a9-aadf-a52031f30c8f,37624e3d-2f56-4ee3-afdc-944f2666c229,review_code,2026-09-25T07:29:26.745Z,,2026-09-25T07:52:08.710Z
flywheel,e64e0a37-7b1a-4dc6-a9b1-553689d2353c,37624e3d-2f56-4ee3-afdc-944f2666c229,,2026-09-25T07:52:34.176Z,2026-09-25T18:05:56.778Z,
flywheel,d8a3171e-7223-4f07-a529-54791408fbb2,37624e3d-2f56-4ee3-afdc-944f2666c229,,2026-09-25T07:52:54.262Z,2026-09-25T18:05:56.778Z,
flywheel,8ac9f0e6-b8eb-4888-857a-93eaa7d9d001,37624e3d-2f56-4ee3-afdc-944f2666c229,question,2026-09-25T07:53:41.875Z,2026-09-25T18:05:56.778Z,
flywheel,rstop-99eb1edcccd80cd7a65c0338112380ec,37624e3d-2f56-4ee3-afdc-944f2666c229,,2026-09-25T07:55:23.444Z,2026-09-25T07:57:12.535Z,
flywheel,rstop-697997dc3627b603ea5c0e45b5c0a7a9,37624e3d-2f56-4ee3-afdc-944f2666c229,,2026-09-25T07:56:36.607Z,2026-09-25T07:57:14.584Z,
flywheel,turn-wait:37624e3d-2f56-4ee3-afdc-944f2666c229:d05037ae-c0c8-430f-82c3-3d0c4e0e396f:3,37624e3d-2f56-4ee3-afdc-944f2666c229,,2026-09-25T08:20:11.721Z,2026-09-25T18:05:56.778Z,
flywheel,rstop-f17cd31dc3181959a71fb2a80a7ef28c,37624e3d-2f56-4ee3-afdc-944f2666c229,,2026-09-25T18:07:25.668Z,2026-09-25T18:12:16.971Z,
flywheel,rstop-a2b7eb8222748ea0de5a7534384b658d,37624e3d-2f56-4ee3-afdc-944f2666c229,,2026-09-25T18:09:13.278Z,2026-09-25T18:12:21.461Z,
flywheel,44868ea9-9e80-4163-9850-19f4614a1b75,3803460a-5275-4153-afaf-a5c051987b72,,2026-09-25T03:37:55.225Z,2026-09-25T04:38:55.617Z,
flywheel,09b6ca00-34d9-4a63-b7c8-d5545991cdac,3803460a-5275-4153-afaf-a5c051987b72,,2026-09-25T03:39:41.976Z,2026-09-25T04:38:55.617Z,
flywheel,32761893-d922-47a8-852b-ff7a30ab48b3,3b75f34a-aef5-4c42-8483-083711ad43bc,question,2026-09-25T20:34:29.198Z,2026-09-25T20:35:14.288Z,2026-09-25T20:35:07.538Z
flywheel,945d43e4-6e24-4238-88f8-dff1d9c6b75a,3b75f34a-aef5-4c42-8483-083711ad43bc,question,2026-09-25T20:42:58.914Z,,
flywheel,f923f1c6-c174-4f3c-aca5-d2b4573757f0,3d542020-d359-4d1e-bfbf-0b0a7c39a11e,review_code,2026-09-23T23:24:17.392Z,,2026-09-23T23:35:41.889Z
flywheel,4e305e74-3d04-4e4a-8ec7-6bb018b689a3,3f862011-3aeb-4137-8648-0b3f9d27f551,,2026-09-25T09:25:40.136Z,,2026-09-25T09:26:11.242Z
flywheel,3191c166-abf0-4c3a-870c-c2cc33ce8dbf,3f862011-3aeb-4137-8648-0b3f9d27f551,,2026-09-25T09:26:30.566Z,2026-09-25T20:53:30.091Z,
flywheel,3fc0efff-4020-40e8-8d06-dc3ba35c10b5,3f862011-3aeb-4137-8648-0b3f9d27f551,,2026-09-25T09:28:58.193Z,,2026-09-25T09:29:31.918Z
flywheel,5533564a-67b3-4e76-ba1c-0897dbf7143a,3f862011-3aeb-4137-8648-0b3f9d27f551,,2026-09-25T09:41:55.249Z,,2026-09-25T09:42:08.753Z
flywheel,59eb9811-5b1e-4ae2-bd2b-6f0dffcc2e30,3f862011-3aeb-4137-8648-0b3f9d27f551,,2026-09-25T09:42:22.601Z,2026-09-25T20:53:30.091Z,
flywheel,830b63cd-84ea-4264-a24c-767f1a9aca51,3f862011-3aeb-4137-8648-0b3f9d27f551,,2026-09-25T13:27:25.954Z,,2026-09-25T13:27:31.681Z
flywheel,1a08952a-b695-43dd-848b-0a94eee2eaa3,3f862011-3aeb-4137-8648-0b3f9d27f551,,2026-09-25T13:30:39.807Z,,2026-09-25T13:30:53.818Z
flywheel,4c8fc9df-f0ae-423f-98de-257991b4d542,3f862011-3aeb-4137-8648-0b3f9d27f551,,2026-09-25T13:32:00.325Z,,2026-09-25T13:32:07.195Z
flywheel,c51f3784-541c-47cd-abcc-8bfc5cd44582,3f862011-3aeb-4137-8648-0b3f9d27f551,,2026-09-25T13:34:20.834Z,,2026-09-25T13:34:31.056Z
flywheel,844d588b-755d-44cb-a51e-4b40487d51c8,3f862011-3aeb-4137-8648-0b3f9d27f551,,2026-09-25T13:36:04.193Z,,2026-09-25T13:36:39.235Z
flywheel,fb3ba5c0-378d-441f-a9fd-e15c562da8a5,3f862011-3aeb-4137-8648-0b3f9d27f551,,2026-09-25T19:48:52.685Z,,2026-09-25T19:52:12.143Z
flywheel,143a6325-08e0-4f5e-8c60-48e5156e56b5,3f862011-3aeb-4137-8648-0b3f9d27f551,,2026-09-25T19:52:46.834Z,,2026-09-25T19:52:57.569Z
flywheel,5895af72-4e9a-4081-8700-e35e1f278a78,3f862011-3aeb-4137-8648-0b3f9d27f551,,2026-09-25T19:58:15.430Z,,2026-09-25T19:58:32.270Z
flywheel,d2d7b82d-92ee-4f14-8917-913c6e172074,3f862011-3aeb-4137-8648-0b3f9d27f551,,2026-09-25T19:59:47.746Z,,2026-09-25T20:00:04.766Z
flywheel,94d009fc-756d-46e0-8afd-8959d7ca7aa7,3f862011-3aeb-4137-8648-0b3f9d27f551,,2026-09-25T20:00:24.945Z,,2026-09-25T20:00:55.830Z
flywheel,cadda9b3-4c3d-4ec3-b4f1-0230ffc41f94,3f862011-3aeb-4137-8648-0b3f9d27f551,,2026-09-25T20:44:58.433Z,,2026-09-25T20:45:31.621Z
flywheel,workflow-gate:b73e29bfcdb86384e56fc559fb7b72855e2d4bdf8ff934e1c9414f7cdf84aea7,3f862011-3aeb-4137-8648-0b3f9d27f551,approve_to_ship,2026-09-25T20:45:09.401Z,,2026-09-25T20:50:00.193Z
flywheel,36fb8213-eb16-40a8-8b2d-2f4d90d32c15,40235e26-7a25-4c19-9788-df11a59183b0,,2026-09-24T18:43:44.069Z,,2026-09-24T18:43:57.901Z
flywheel,e9e93532-74c6-4f3c-a2a9-9b8df5d55186,40235e26-7a25-4c19-9788-df11a59183b0,,2026-09-24T18:57:45.659Z,,2026-09-24T19:07:56.905Z
flywheel,86cb4479-905d-4536-90d2-bd62df7da1dc,40235e26-7a25-4c19-9788-df11a59183b0,,2026-09-24T19:00:45.723Z,2026-09-25T01:38:17.007Z,
flywheel,790da834-c116-4f64-80db-da5bbe49822c,40235e26-7a25-4c19-9788-df11a59183b0,,2026-09-24T19:08:35.012Z,2026-09-25T01:38:17.007Z,
flywheel,539a3fe4-76e5-4fbc-a4ac-6d833447d025,40235e26-7a25-4c19-9788-df11a59183b0,,2026-09-24T20:55:08.159Z,2026-09-25T01:38:17.007Z,
flywheel,6f9ca8e1-3840-48c2-adea-d418d566b6e4,40235e26-7a25-4c19-9788-df11a59183b0,,2026-09-24T21:57:28.435Z,,2026-09-24T21:59:33.528Z
flywheel,f2fec268-75dc-4661-8257-918cf72d10a2,412a1c7c-b033-474f-b2ee-45b5b5dbc4d3,,2026-09-23T18:00:49.495Z,,2026-09-23T18:01:03.685Z
flywheel,54fdaad3-4a24-4142-b5a8-3a3aff3bd681,412a1c7c-b033-474f-b2ee-45b5b5dbc4d3,,2026-09-23T18:01:31.136Z,2026-09-24T07:37:34.016Z,
flywheel,817101aa-c418-4fe2-ba6a-f1fd98169418,412a1c7c-b033-474f-b2ee-45b5b5dbc4d3,,2026-09-23T18:01:31.303Z,,2026-09-23T18:01:51.769Z
flywheel,96fdb3db-08fa-48b9-ada8-dd7bd27ede01,412a1c7c-b033-474f-b2ee-45b5b5dbc4d3,,2026-09-23T18:02:40.635Z,2026-09-24T07:37:34.016Z,
flywheel,61d6f5c8-54aa-4e39-a88d-a0cc609ebdda,412a1c7c-b033-474f-b2ee-45b5b5dbc4d3,,2026-09-23T18:03:03.369Z,,2026-09-23T18:04:00.787Z
flywheel,f80b481d-0268-4577-b521-a79742d437d0,412a1c7c-b033-474f-b2ee-45b5b5dbc4d3,,2026-09-23T18:08:57.868Z,2026-09-24T07:37:34.016Z,
flywheel,67af40da-8c5d-46dd-a484-0470817a661d,412a1c7c-b033-474f-b2ee-45b5b5dbc4d3,review_design,2026-09-23T18:09:06.240Z,,2026-09-23T18:17:20.054Z
flywheel,d02a893d-929b-4509-a9e3-624114156b6d,412a1c7c-b033-474f-b2ee-45b5b5dbc4d3,,2026-09-23T18:10:07.601Z,,2026-09-23T18:10:16.080Z
flywheel,633c8fa5-219c-414f-9e09-1a6a52b5c901,412a1c7c-b033-474f-b2ee-45b5b5dbc4d3,,2026-09-23T18:11:02.476Z,2026-09-24T07:37:34.016Z,
flywheel,cf113552-d128-4fce-870c-be2c86702e29,412a1c7c-b033-474f-b2ee-45b5b5dbc4d3,,2026-09-23T18:14:25.480Z,2026-09-24T07:37:34.016Z,
flywheel,612688a1-1e25-4d88-a290-8a881e6b7658,412a1c7c-b033-474f-b2ee-45b5b5dbc4d3,review_design,2026-09-23T18:20:35.857Z,,2026-09-23T18:25:33.389Z
flywheel,da084fda-a6ea-45c7-a66b-dd17030bb8ea,412a1c7c-b033-474f-b2ee-45b5b5dbc4d3,,2026-09-23T18:20:51.199Z,2026-09-24T07:37:34.016Z,
flywheel,ef71823a-cc11-4b05-b5ba-3c01febf88fd,412a1c7c-b033-474f-b2ee-45b5b5dbc4d3,,2026-09-23T18:26:46.553Z,,2026-09-23T18:27:04.127Z
flywheel,9a386016-7c8f-4a56-8d56-9f64e0a46fb6,412a1c7c-b033-474f-b2ee-45b5b5dbc4d3,,2026-09-23T18:27:27.947Z,2026-09-24T07:37:34.016Z,
flywheel,2082575d-dda6-45d4-b4d5-8c3e8ab77b64,412a1c7c-b033-474f-b2ee-45b5b5dbc4d3,,2026-09-23T18:28:33.666Z,2026-09-24T07:37:34.016Z,
flywheel,06134a81-b9c1-43c6-b7c0-1442577b1dad,412a1c7c-b033-474f-b2ee-45b5b5dbc4d3,,2026-09-23T18:31:32.537Z,2026-09-24T07:37:34.016Z,
flywheel,rstop-da656bc27d49d26f36009eaa22d92a33,412a1c7c-b033-474f-b2ee-45b5b5dbc4d3,,2026-09-23T18:31:38.060Z,2026-09-24T07:37:34.016Z,
flywheel,rstop-b2199d161537cdb4c102e5a0cd11d637,412a1c7c-b033-474f-b2ee-45b5b5dbc4d3,,2026-09-23T18:32:00.786Z,2026-09-24T07:37:34.016Z,
flywheel,ef80c2a6-97cf-4d1b-8a75-9c51f48de231,41ec9e44-a13b-4e9a-84ef-a4b4efbfbc4e,review_code,2026-09-25T00:57:10.354Z,2026-09-25T00:57:12.965Z,
flywheel,aa83660d-9dab-4625-bbf2-02ee217977e7,41ec9e44-a13b-4e9a-84ef-a4b4efbfbc4e,review_code,2026-09-25T00:57:10.805Z,,2026-09-25T03:40:18.671Z
flywheel,04258481-5671-40cd-becc-2231b1f09774,41ec9e44-a13b-4e9a-84ef-a4b4efbfbc4e,,2026-09-25T01:11:22.669Z,2026-09-25T04:08:28.846Z,
flywheel,rstop-bc13098251963520d576d08b30aa4f9a,41ec9e44-a13b-4e9a-84ef-a4b4efbfbc4e,,2026-09-25T01:42:52.021Z,2026-09-25T03:31:46.105Z,
flywheel,d98a5dbe-c853-4986-bf09-f95751b611c8,41ec9e44-a13b-4e9a-84ef-a4b4efbfbc4e,,2026-09-25T03:40:58.379Z,2026-09-25T04:08:28.846Z,
flywheel,a182e09b-6a95-404e-b869-1578411ea208,41ec9e44-a13b-4e9a-84ef-a4b4efbfbc4e,review_code,2026-09-25T03:41:04.839Z,,2026-09-25T03:45:53.406Z
flywheel,da8ea9fb-9309-4589-bb79-b43f82489344,41ec9e44-a13b-4e9a-84ef-a4b4efbfbc4e,,2026-09-25T03:46:20.658Z,2026-09-25T04:08:28.846Z,
flywheel,940d5b00-be1a-4246-a105-8910c32ed9a4,41ec9e44-a13b-4e9a-84ef-a4b4efbfbc4e,,2026-09-25T03:47:56.753Z,2026-09-25T04:08:28.846Z,
flywheel,rstop-b8eb3112f73ddc6b734bd8f25ee61214,41ec9e44-a13b-4e9a-84ef-a4b4efbfbc4e,,2026-09-25T03:48:13.973Z,2026-09-25T03:50:54.459Z,
flywheel,rstop-1102f479739ac09d6ed96a126de8b437,41ec9e44-a13b-4e9a-84ef-a4b4efbfbc4e,,2026-09-25T03:48:48.741Z,2026-09-25T03:50:55.484Z,
flywheel,1c383eea-b9a0-4d82-84d5-4ff4062d7fa2,42a93b0b-0cc1-447f-89af-39feecd610be,,2026-09-18T07:01:31.828Z,,
flywheel,7cdb7b4e-5555-4317-b4d0-194c2152a19e,43ecb555-a7ab-49bf-a64e-8883d8a42e98,question,2026-09-18T18:30:05.271Z,,
flywheel,8b5d2b54-ec11-4ab7-a173-8ae695b7fb2d,4461c3b9-2af5-47e1-b402-3a48c727f385,,2026-09-23T17:59:49.985Z,,2026-09-23T18:00:09.434Z
flywheel,f8abc8f5-f373-426b-909b-cbba2cf9550e,4461c3b9-2af5-47e1-b402-3a48c727f385,,2026-09-23T18:01:43.492Z,2026-09-23T20:14:25.225Z,
flywheel,92235774-d1c8-4082-80b7-a5c01719aa3a,4461c3b9-2af5-47e1-b402-3a48c727f385,,2026-09-23T18:09:11.671Z,2026-09-23T20:14:25.225Z,
flywheel,1f845599-b14a-4069-9ebc-86c34d181f78,4461c3b9-2af5-47e1-b402-3a48c727f385,review_design,2026-09-23T18:09:11.845Z,,2026-09-23T18:20:49.554Z
flywheel,a6f7b94e-90ca-4450-9880-8ca552a69ea9,4461c3b9-2af5-47e1-b402-3a48c727f385,,2026-09-23T18:13:07.050Z,2026-09-23T20:14:25.225Z,
flywheel,e15c75df-122a-4a54-bc81-e68073a2fbef,4461c3b9-2af5-47e1-b402-3a48c727f385,review_design,2026-09-23T18:24:16.528Z,,2026-09-23T18:30:05.214Z
flywheel,1d84ef84-d21c-4c38-807d-302323fe107f,4461c3b9-2af5-47e1-b402-3a48c727f385,,2026-09-23T18:24:39.362Z,2026-09-23T20:14:25.225Z,
flywheel,rstop-afadc81931d99385251e4683ffc487de,4461c3b9-2af5-47e1-b402-3a48c727f385,,2026-09-23T18:25:55.225Z,2026-09-23T18:25:59.509Z,
flywheel,680afbcf-2636-4a06-86de-6e26549defc8,4461c3b9-2af5-47e1-b402-3a48c727f385,,2026-09-23T18:28:48.743Z,2026-09-23T20:14:25.225Z,
flywheel,53b1774a-33eb-4818-970f-453576e1d309,4461c3b9-2af5-47e1-b402-3a48c727f385,,2026-09-23T18:33:38.977Z,2026-09-23T20:14:25.225Z,
flywheel,2722e726-a1e3-4822-83e8-0c91752a04af,4461c3b9-2af5-47e1-b402-3a48c727f385,review_design,2026-09-23T18:33:39.138Z,,2026-09-23T19:31:47.436Z
flywheel,rstop-f51863c88eb5a924a15b66496dc23926,4461c3b9-2af5-47e1-b402-3a48c727f385,,2026-09-23T18:34:17.385Z,2026-09-23T18:34:22.644Z,
flywheel,134bfa67-375a-477f-8868-70dd0c9a5e9d,4461c3b9-2af5-47e1-b402-3a48c727f385,,2026-09-23T19:29:39.781Z,2026-09-23T20:14:25.225Z,
flywheel,7f9dacca-0f9e-4aa3-8b4c-cc5e60560659,4461c3b9-2af5-47e1-b402-3a48c727f385,,2026-09-23T19:32:46.805Z,2026-09-23T20:14:25.225Z,
flywheel,48262c74-f3dc-4628-9023-111405eeb0d7,4461c3b9-2af5-47e1-b402-3a48c727f385,,2026-09-23T19:34:01.790Z,2026-09-23T20:14:25.225Z,
flywheel,cbc34e21-5ea1-4f1a-aa5b-7ec2850467e6,4461c3b9-2af5-47e1-b402-3a48c727f385,,2026-09-23T19:34:23.965Z,2026-09-23T20:14:25.225Z,
flywheel,rstop-f27a337132bfe496002b87a63e21363b,4461c3b9-2af5-47e1-b402-3a48c727f385,,2026-09-23T19:34:58.579Z,2026-09-23T20:14:25.225Z,
flywheel,cc601b70-d322-4631-8efa-b6cacdb721eb,446968b9-1f3e-4207-83f7-e26dde152f17,,2026-09-23T03:42:36.413Z,,2026-09-23T03:42:48.848Z
flywheel,0d55fd1b-d5c9-4cb0-8df0-ba4c0de7b107,446968b9-1f3e-4207-83f7-e26dde152f17,,2026-09-23T03:45:02.990Z,,2026-09-23T03:45:39.308Z
flywheel,23a14da5-2460-4cb3-b5f1-d636162e66d1,446968b9-1f3e-4207-83f7-e26dde152f17,,2026-09-23T03:46:51.764Z,,2026-09-23T03:47:17.068Z
flywheel,workflow-gate:8d1e86542a21fd79c028c0b129646f78f27873f79545edede13b9bbf7285056a,446968b9-1f3e-4207-83f7-e26dde152f17,approve_to_ship,2026-09-23T04:35:58.166Z,,2026-09-23T04:43:54.596Z
flywheel,06cf75bb-8243-4353-bc0a-6f31839971ae,446968b9-1f3e-4207-83f7-e26dde152f17,,2026-09-23T04:36:08.875Z,,2026-09-23T04:36:47.370Z
flywheel,f1c78eff-815c-4ea8-be7b-74d46384b656,446968b9-1f3e-4207-83f7-e26dde152f17,,2026-09-23T04:38:23.188Z,,2026-09-23T04:38:35.266Z
flywheel,5e814bb2-832f-4efc-8bbe-29a880e223b4,446968b9-1f3e-4207-83f7-e26dde152f17,,2026-09-23T04:44:47.752Z,,2026-09-23T04:47:05.968Z
flywheel,rstop-daabf7e8ecccc4fa7a7b8366e7365c73,45c8187a-0cee-43a3-8574-24c626a53a1e,,2026-09-24T12:28:07.743Z,2026-09-24T12:30:37.075Z,
flywheel,rstop-7d7aafcb5c181073f851ec06bacb4cf7,45c8187a-0cee-43a3-8574-24c626a53a1e,,2026-09-24T12:28:30.416Z,2026-09-24T12:30:39.098Z,
flywheel,rstop-bfb235c2e6e614beb1cb6709637c4c3b,45c8187a-0cee-43a3-8574-24c626a53a1e,,2026-09-24T12:59:05.672Z,2026-09-24T12:59:10.456Z,
flywheel,9b7a6bbe-18e5-4641-92d6-15dd894230ae,45c8187a-0cee-43a3-8574-24c626a53a1e,review_code,2026-09-24T14:06:34.082Z,,2026-09-24T14:27:00.495Z
flywheel,359c02a8-dbd0-4117-967c-b326616a1713,45c8187a-0cee-43a3-8574-24c626a53a1e,review_code,2026-09-24T14:52:14.334Z,,2026-09-24T15:01:14.328Z
flywheel,46cfa9c4-6b20-4ce2-b031-65dfb4f90352,45c8187a-0cee-43a3-8574-24c626a53a1e,,2026-09-24T15:01:56.860Z,2026-09-24T15:44:07.078Z,
flywheel,58251494-0997-4ba4-ade0-566a1a4de570,45c8187a-0cee-43a3-8574-24c626a53a1e,,2026-09-24T15:03:07.733Z,2026-09-24T15:44:07.078Z,
flywheel,068d9327-fcc0-4aff-8731-6a775b459061,45c8187a-0cee-43a3-8574-24c626a53a1e,,2026-09-24T15:04:01.367Z,2026-09-24T15:44:07.078Z,
flywheel,rstop-caa868eb2faf2deb444c2441e1f0bcd2,45c8187a-0cee-43a3-8574-24c626a53a1e,,2026-09-24T15:04:14.523Z,2026-09-24T15:08:20.194Z,
flywheel,rstop-ac2891c837d74c0d114750446b22b871,45c8187a-0cee-43a3-8574-24c626a53a1e,,2026-09-24T15:05:45.202Z,2026-09-24T15:11:49.577Z,
flywheel,62c55c1b-f988-4511-9720-5b345b763ed6,45e987fa-8d8f-410e-b1c1-0df5d9ccd650,,2026-09-24T08:52:03.524Z,,2026-09-24T08:55:56.947Z
flywheel,workflow-gate:61d0c38f97f4a1911a7a79aef1d711e96edadad9d0dc6dff33fa533befe6fe40,45e987fa-8d8f-410e-b1c1-0df5d9ccd650,approve_to_ship,2026-09-24T08:52:07.304Z,,2026-09-24T16:22:28.765Z
flywheel,11b86ffd-757a-4ab9-9195-16b5f4d9d0ff,45e987fa-8d8f-410e-b1c1-0df5d9ccd650,,2026-09-24T16:23:16.139Z,2026-09-24T16:53:30.509Z,
flywheel,5e43160a-6d14-4e59-8907-c08b41d75a1c,4676812d-4f83-4e9b-a812-c7d549e42fb3,,2026-09-25T00:28:41.211Z,,2026-09-25T00:28:50.524Z
flywheel,ccc3d897-4868-406f-9bd1-85dda45e3401,4676812d-4f83-4e9b-a812-c7d549e42fb3,,2026-09-25T00:44:15.428Z,,2026-09-25T00:45:55.620Z
flywheel,workflow-gate:ed871d89d711a00723dea145e7a8eb8dd5963ba6a71a381572eef6d68d18381d,4676812d-4f83-4e9b-a812-c7d549e42fb3,approve_to_ship,2026-09-25T00:44:38.957Z,2026-09-25T18:47:38.079Z,
flywheel,9a071469-e516-42e3-a401-f41e44a005d0,4676812d-4f83-4e9b-a812-c7d549e42fb3,,2026-09-25T03:45:00.378Z,,2026-09-25T03:50:38.339Z
flywheel,882af447-4cb9-4de9-98ad-171e31dd1f8e,4676812d-4f83-4e9b-a812-c7d549e42fb3,,2026-09-25T03:53:38.280Z,,2026-09-25T03:55:21.029Z
flywheel,79e23c27-472d-4cf1-a9e6-1a2aeeb5284b,4676812d-4f83-4e9b-a812-c7d549e42fb3,,2026-09-25T04:49:01.017Z,,2026-09-25T04:53:31.409Z
flywheel,893e1571-2a1f-4a7d-89aa-7bf81d4aaf79,4676812d-4f83-4e9b-a812-c7d549e42fb3,,2026-09-25T05:11:29.580Z,,2026-09-25T05:12:50.469Z
flywheel,b5aa3bed-0353-4305-a1b6-d95c3c692680,4676812d-4f83-4e9b-a812-c7d549e42fb3,,2026-09-25T05:14:54.549Z,,2026-09-25T05:17:03.363Z
flywheel,9a646a4d-bb34-441e-a64f-507c0e87152d,4676812d-4f83-4e9b-a812-c7d549e42fb3,,2026-09-25T05:19:32.019Z,,2026-09-25T05:20:06.381Z
flywheel,24d9f64d-7d21-4ff8-8997-234411b32ebd,4676812d-4f83-4e9b-a812-c7d549e42fb3,,2026-09-25T05:36:24.078Z,,2026-09-25T05:39:26.654Z
flywheel,054e444e-86bc-4323-bdb2-68162d3fe466,4676812d-4f83-4e9b-a812-c7d549e42fb3,,2026-09-25T05:43:48.431Z,,2026-09-25T05:44:31.935Z
flywheel,80f10c2a-b13d-482e-ac45-52830c337395,4676812d-4f83-4e9b-a812-c7d549e42fb3,,2026-09-25T05:48:43.262Z,,2026-09-25T05:49:34.733Z
flywheel,638628cc-cba1-40ce-af3f-2924ad6377ce,4676812d-4f83-4e9b-a812-c7d549e42fb3,,2026-09-25T05:51:25.861Z,2026-09-25T19:14:22.325Z,
flywheel,bccbef23-1826-450d-bb19-ad21e612ae57,4676812d-4f83-4e9b-a812-c7d549e42fb3,,2026-09-25T06:26:03.096Z,,2026-09-25T06:28:00.250Z
flywheel,db7649ed-2537-45f1-b09e-3c96914ae82f,4676812d-4f83-4e9b-a812-c7d549e42fb3,,2026-09-25T18:07:51.162Z,,2026-09-25T18:12:14.002Z
flywheel,8dc14fc7-2bd7-4507-915a-cebc147606a5,4676812d-4f83-4e9b-a812-c7d549e42fb3,,2026-09-25T18:42:41.024Z,,2026-09-25T18:44:43.219Z
flywheel,f49f326e-5014-45df-9829-661b6645592a,4676812d-4f83-4e9b-a812-c7d549e42fb3,,2026-09-25T18:47:08.985Z,,2026-09-25T18:49:40.608Z
flywheel,workflow-gate:8719f40438804dee861f75906476f0fe6b28d2395f73244bd6eca582c04c44f2,4676812d-4f83-4e9b-a812-c7d549e42fb3,approve_to_ship,2026-09-25T18:47:24.336Z,,2026-09-25T19:11:14.068Z
flywheel,efb20660-6187-4983-a2ef-9f1303a3b34c,46b84a84-a1cb-474c-9c11-e51892b8618b,,2026-09-24T16:08:59.131Z,,2026-09-24T16:13:42.620Z
flywheel,76fe84f6-ce3a-4e31-9763-99027ad436e8,46b84a84-a1cb-474c-9c11-e51892b8618b,,2026-09-24T16:14:44.895Z,,2026-09-24T16:21:24.132Z
flywheel,2cf507e5-f69f-4e6a-ac4a-9e5ef93f9a01,46b84a84-a1cb-474c-9c11-e51892b8618b,,2026-09-24T16:40:18.434Z,,2026-09-24T16:48:55.008Z
flywheel,8f803a3a-9c1b-4903-be61-a36be4306299,46b84a84-a1cb-474c-9c11-e51892b8618b,,2026-09-24T17:49:17.971Z,,2026-09-24T17:50:45.283Z
flywheel,0f142790-47c5-4e9d-926d-195552c2e850,46b84a84-a1cb-474c-9c11-e51892b8618b,,2026-09-24T18:46:17.874Z,2026-09-24T19:34:42.918Z,
flywheel,workflow-gate:b56efc56c3210c8884f161a2e056691abe9b97b79d4ffa85334f176b8f1f7527,46b84a84-a1cb-474c-9c11-e51892b8618b,approve_to_ship,2026-09-24T18:46:31.900Z,,2026-09-24T19:27:11.068Z
flywheel,c84ede41-0aa2-4c0d-8704-28ce3c4ba1e7,46b84a84-a1cb-474c-9c11-e51892b8618b,,2026-09-24T19:28:26.532Z,2026-09-24T19:59:46.310Z,
flywheel,15387055-451d-472f-9743-5f642da625e8,46e91f56-77c1-41a5-801b-8bfab774428d,review_code,2026-09-25T04:15:35.309Z,,2026-09-25T04:27:40.813Z
flywheel,f68ef696-9042-423e-b8bc-9f682191f8a8,46e91f56-77c1-41a5-801b-8bfab774428d,review_code,2026-09-25T04:32:44.704Z,,2026-09-25T04:35:16.796Z
flywheel,f0d63987-8d50-4e96-bbe0-28656bc8e882,46e91f56-77c1-41a5-801b-8bfab774428d,,2026-09-25T04:37:01.730Z,2026-09-25T05:11:35.764Z,
flywheel,49a87e63-b567-4c5f-b9f1-303aad3b2a7c,46e91f56-77c1-41a5-801b-8bfab774428d,,2026-09-25T04:38:33.528Z,2026-09-25T05:11:35.765Z,
flywheel,a52b15b5-d1c0-4f92-8c9b-eebeb5871c58,46fd3551-4dc5-4533-9702-14ddc64cec87,,2026-09-18T05:51:03.498Z,,
flywheel,3fec7ce2-b958-4649-b9db-3f2b88a092dc,47f8583c-47bc-40cf-8958-a1228afb06ae,,2026-09-23T00:44:29.998Z,,2026-09-23T00:44:36.514Z
flywheel,e4f17dc7-d7f3-43c8-a69f-04ef72db687d,47f8583c-47bc-40cf-8958-a1228afb06ae,,2026-09-23T00:53:36.765Z,,2026-09-23T00:53:44.423Z
flywheel,17f3062b-d676-45e1-aae9-0ba8c68b48d6,47f8583c-47bc-40cf-8958-a1228afb06ae,,2026-09-23T00:55:20.716Z,2026-09-23T05:07:11.475Z,
flywheel,5a3eadbb-6452-4913-8ce0-d76abe8527f8,47f8583c-47bc-40cf-8958-a1228afb06ae,,2026-09-23T00:55:20.986Z,2026-09-23T05:07:11.475Z,
flywheel,a41e58de-5c56-4033-b408-6ea279266eb6,47f8583c-47bc-40cf-8958-a1228afb06ae,,2026-09-23T00:56:06.493Z,2026-09-23T05:07:11.475Z,
flywheel,b24305f8-5d97-44dd-a8de-6a0fcf645904,482670d8-8dfc-4a51-96b7-d02071fd0076,,2026-09-23T05:23:26.262Z,,2026-09-23T05:24:51.399Z
flywheel,c24633df-3709-4519-b7d1-ba13491b4c1b,482670d8-8dfc-4a51-96b7-d02071fd0076,,2026-09-23T06:41:18.643Z,,2026-09-23T06:41:29.146Z
flywheel,8a09c25d-b35c-422c-9361-257fa3b0439e,482670d8-8dfc-4a51-96b7-d02071fd0076,,2026-09-23T07:16:25.812Z,,2026-09-23T08:06:26.558Z
flywheel,workflow-gate:a8e0e8b80c6e4c2ef49e1a7897758937c15ec4a23c446d29938c3f6757db1174,482670d8-8dfc-4a51-96b7-d02071fd0076,approve_to_ship,2026-09-23T07:31:46.907Z,,2026-09-23T17:48:38.282Z
flywheel,bd05879d-b5c4-4f28-95d5-f7a6105ba48c,482670d8-8dfc-4a51-96b7-d02071fd0076,,2026-09-23T07:33:17.352Z,2026-09-23T17:51:08.027Z,
flywheel,9d63aecb-e222-4d9b-b135-48026eac133b,482670d8-8dfc-4a51-96b7-d02071fd0076,,2026-09-23T08:07:12.458Z,2026-09-23T17:51:08.027Z,
flywheel,d098ca3b-560e-413a-9195-19ce74083560,482670d8-8dfc-4a51-96b7-d02071fd0076,,2026-09-23T13:22:44.956Z,2026-09-23T17:51:08.027Z,
flywheel,6947d21c-382f-4bbe-ade8-42b6ad720a0a,482670d8-8dfc-4a51-96b7-d02071fd0076,,2026-09-23T17:49:58.312Z,2026-09-23T18:21:45.717Z,
flywheel,df08843b-ba60-4648-b434-6c610c9bfda0,4838acca-1989-4544-9f87-95d4695f9330,question,2026-09-23T05:57:35.586Z,,
flywheel,rstop-bcc5ea859e5cd9b2261109976ea6b972,4838acca-1989-4544-9f87-95d4695f9330,,2026-09-23T06:03:41.045Z,2026-09-23T06:13:29.923Z,
flywheel,3f2cc211-ffc5-404e-b644-e429864f6211,4846cac5-f7b4-4a56-b36e-e95b6fb68e51,,2026-09-23T07:47:07.199Z,2026-09-23T08:21:02.439Z,
flywheel,rstop-90af650f0eb07368d95b7c429a483398,4846cac5-f7b4-4a56-b36e-e95b6fb68e51,,2026-09-23T07:48:57.073Z,2026-09-23T08:08:26.078Z,
flywheel,76b9a8ad-35c6-44cd-98a2-ab05673a0aa8,4846cac5-f7b4-4a56-b36e-e95b6fb68e51,,2026-09-23T07:49:40.355Z,2026-09-23T08:21:02.440Z,
flywheel,b3cec582-787d-425f-8f4c-6d8fde426ca6,49da92c8-f888-4efc-a8da-b82f20e11fd7,,2026-09-23T05:34:34.162Z,,2026-09-23T05:47:32.001Z
flywheel,357805e3-38bb-4316-ae81-c3ae1f4b640b,49da92c8-f888-4efc-a8da-b82f20e11fd7,review_design,2026-09-23T05:40:50.246Z,,2026-09-23T05:56:19.007Z
flywheel,6b075408-be4e-43ba-8ecc-0e8214c08984,49da92c8-f888-4efc-a8da-b82f20e11fd7,,2026-09-23T05:44:13.363Z,,2026-09-23T05:52:38.060Z
flywheel,d681998f-97db-4ec7-8110-6507e6e933f9,49da92c8-f888-4efc-a8da-b82f20e11fd7,,2026-09-23T05:49:25.984Z,,2026-09-23T05:53:53.262Z
flywheel,e7e84e2a-eaa0-4e73-bf75-a8924603ace2,49da92c8-f888-4efc-a8da-b82f20e11fd7,review_design,2026-09-23T06:00:10.580Z,,2026-09-23T06:10:23.903Z
flywheel,1126af98-af86-402b-ae8b-452daa3e4437,49da92c8-f888-4efc-a8da-b82f20e11fd7,,2026-09-23T06:00:47.193Z,,2026-09-23T06:12:27.774Z
flywheel,1184eabe-9dd0-420c-8205-c1ae7bac5968,49da92c8-f888-4efc-a8da-b82f20e11fd7,,2026-09-23T06:11:39.882Z,2026-09-23T12:14:25.792Z,
flywheel,5d5444ec-784a-4a39-b075-24e1f0edb200,49da92c8-f888-4efc-a8da-b82f20e11fd7,,2026-09-23T06:12:28.081Z,2026-09-23T12:14:25.792Z,
flywheel,99607c3b-e14d-48e2-8218-d755df6e11ae,49da92c8-f888-4efc-a8da-b82f20e11fd7,,2026-09-23T06:13:36.557Z,2026-09-23T12:14:25.792Z,
flywheel,rstop-825c6568784412a52ad76e7c8e311736,49da92c8-f888-4efc-a8da-b82f20e11fd7,,2026-09-23T06:16:38.279Z,2026-09-23T12:14:25.792Z,
flywheel,rstop-837ef8e43ee71aebfaebb6edb2fa8f34,49da92c8-f888-4efc-a8da-b82f20e11fd7,,2026-09-23T06:17:32.838Z,2026-09-23T12:14:25.792Z,
flywheel,82b53b75-511d-4069-a8df-29aad0b3765d,49ff9303-ea79-46e5-a1c3-6a3bf7756a54,,2026-09-23T13:13:50.549Z,,2026-09-23T13:15:32.817Z
flywheel,b525b8da-8605-45ee-9748-223f03bc976b,49ff9303-ea79-46e5-a1c3-6a3bf7756a54,,2026-09-23T13:21:37.867Z,2026-09-24T15:44:07.091Z,
flywheel,workflow-gate:69cfaa47083898a8ca9f7cbbb0845f91cc7d64d7315ca2019a506bdb6ea15b75,49ff9303-ea79-46e5-a1c3-6a3bf7756a54,approve_to_ship,2026-09-23T13:22:59.315Z,2026-09-24T07:44:24.819Z,
flywheel,88ffe89a-b31f-4230-bc4a-412ca562e0ff,49ff9303-ea79-46e5-a1c3-6a3bf7756a54,,2026-09-23T23:39:01.686Z,,2026-09-23T23:40:40.556Z
flywheel,3e24ac25-2c12-46a5-9584-95efb7303fc4,49ff9303-ea79-46e5-a1c3-6a3bf7756a54,,2026-09-23T23:50:01.021Z,,2026-09-24T00:02:14.973Z
flywheel,881f0e32-50d5-4fb3-9c8a-8a43bc922f2e,49ff9303-ea79-46e5-a1c3-6a3bf7756a54,,2026-09-24T00:04:51.777Z,2026-09-24T15:44:07.091Z,
flywheel,a576a468-cfe0-4207-8f4b-1f6ac6c1d4b4,49ff9303-ea79-46e5-a1c3-6a3bf7756a54,,2026-09-24T00:18:49.580Z,,2026-09-24T00:23:12.687Z
flywheel,d0720e59-c50c-4c48-a8e4-55d417a758e3,49ff9303-ea79-46e5-a1c3-6a3bf7756a54,,2026-09-24T01:26:57.337Z,,2026-09-24T01:27:47.070Z
flywheel,8068a961-cf75-4896-aae0-a39fa6a88036,49ff9303-ea79-46e5-a1c3-6a3bf7756a54,,2026-09-24T01:37:43.570Z,,2026-09-24T02:15:46.914Z
flywheel,b5d8f93e-d801-40a9-8438-b35dca10cca5,49ff9303-ea79-46e5-a1c3-6a3bf7756a54,,2026-09-24T01:39:59.542Z,,2026-09-24T02:15:47.169Z
flywheel,052ade89-7622-4a55-97c8-b3a624af5565,49ff9303-ea79-46e5-a1c3-6a3bf7756a54,,2026-09-24T02:57:34.395Z,,2026-09-24T03:03:46.716Z
flywheel,1ab996b1-1d4b-4d9b-8f6b-2e863a386e09,49ff9303-ea79-46e5-a1c3-6a3bf7756a54,,2026-09-24T03:08:54.645Z,,2026-09-24T03:36:56.532Z
flywheel,4006f038-da63-4914-81d8-c0456bf3f1d4,49ff9303-ea79-46e5-a1c3-6a3bf7756a54,,2026-09-24T03:36:24.912Z,,2026-09-24T03:44:09.100Z
flywheel,c6a23eb8-548b-433c-8982-54c9c3a51be4,49ff9303-ea79-46e5-a1c3-6a3bf7756a54,,2026-09-24T03:45:43.568Z,,2026-09-24T03:52:42.380Z
flywheel,311e4794-1bea-446b-8eb3-72fb6bfecf17,49ff9303-ea79-46e5-a1c3-6a3bf7756a54,,2026-09-24T03:54:57.293Z,,2026-09-24T04:08:29.864Z
flywheel,5667c4c3-2c64-44c7-b5e0-66ca4f4922f4,49ff9303-ea79-46e5-a1c3-6a3bf7756a54,,2026-09-24T05:02:03.766Z,,2026-09-24T05:03:33.341Z
flywheel,1198828b-69f6-46b6-bd40-5f834623072a,49ff9303-ea79-46e5-a1c3-6a3bf7756a54,,2026-09-24T05:05:47.836Z,,2026-09-24T05:06:37.383Z
flywheel,71f20827-4572-4cf4-b3c1-6e22ce8b9a3c,49ff9303-ea79-46e5-a1c3-6a3bf7756a54,,2026-09-24T05:06:25.551Z,,2026-09-24T05:06:54.857Z
flywheel,17b8ae68-4c70-43c6-a341-5764579d0a7d,49ff9303-ea79-46e5-a1c3-6a3bf7756a54,,2026-09-24T05:09:09.043Z,,2026-09-24T05:10:29.246Z
flywheel,1908afda-2742-4840-bf03-7439eb389f15,49ff9303-ea79-46e5-a1c3-6a3bf7756a54,,2026-09-24T05:12:59.354Z,,2026-09-24T05:14:06.677Z
flywheel,128e3242-8b5e-4a4f-811a-eae410310f8f,49ff9303-ea79-46e5-a1c3-6a3bf7756a54,,2026-09-24T05:15:01.918Z,,2026-09-24T05:16:23.061Z
flywheel,d6794477-8033-4cd0-9bb5-4ea6d979f95c,49ff9303-ea79-46e5-a1c3-6a3bf7756a54,,2026-09-24T05:22:18.620Z,,2026-09-24T05:23:25.612Z
flywheel,a4577270-6297-41a8-837b-6b17f77cddcc,49ff9303-ea79-46e5-a1c3-6a3bf7756a54,,2026-09-24T05:24:17.455Z,,2026-09-24T05:25:05.554Z
flywheel,4b82f58a-f22b-4ca1-a488-9c17cf8c97d9,49ff9303-ea79-46e5-a1c3-6a3bf7756a54,,2026-09-24T05:26:34.903Z,,2026-09-24T05:26:59.261Z
flywheel,2ca684e0-7673-4971-b180-2db470da40f4,49ff9303-ea79-46e5-a1c3-6a3bf7756a54,,2026-09-24T05:27:06.665Z,,2026-09-24T05:27:13.452Z
flywheel,2b9c3f0c-8cf8-42a7-b4f4-b30bb487143a,4a6e76d0-023d-48fd-9a73-774c1ae47382,review_code,2026-09-25T03:39:40.869Z,,
flywheel,c898e7d2-db92-4eb6-9161-11393a73fde0,4a6e76d0-023d-48fd-9a73-774c1ae47382,,2026-09-25T03:40:30.906Z,2026-09-25T05:31:56.357Z,
flywheel,0fa544a2-0606-4536-912a-845bf55fda86,4a6e76d0-023d-48fd-9a73-774c1ae47382,,2026-09-25T04:04:00.518Z,2026-09-25T05:31:56.357Z,
flywheel,c0782084-da72-4849-9764-f37e33f004b6,4a6e76d0-023d-48fd-9a73-774c1ae47382,,2026-09-25T04:39:58.358Z,2026-09-25T05:31:56.357Z,
flywheel,11a10fbd-8cbe-4f82-b91c-5e3e0dd7d573,4a7c8a8e-3d59-4194-b4a1-541006284408,,2026-09-23T05:41:43.670Z,,2026-09-23T05:47:35.309Z
flywheel,8b0a14ec-0f02-4e07-bf7c-62e4e194fe64,4a7c8a8e-3d59-4194-b4a1-541006284408,review_design,2026-09-23T05:47:45.686Z,2026-09-23T05:56:42.244Z,
flywheel,d284d36b-b7a0-44a4-9bdc-2dbcb8414281,4a7c8a8e-3d59-4194-b4a1-541006284408,,2026-09-23T05:48:48.892Z,,2026-09-23T05:52:38.827Z
flywheel,604dec16-9c3c-413e-99c4-ac70bdb3c598,4a7c8a8e-3d59-4194-b4a1-541006284408,,2026-09-23T05:49:30.736Z,,2026-09-23T05:53:52.974Z
flywheel,2ec5dbaf-5f9a-4ae3-a4e3-f48e5bb3c2a5,4a7c8a8e-3d59-4194-b4a1-541006284408,,2026-09-23T05:53:30.834Z,2026-09-24T07:37:35.534Z,
flywheel,f81d6420-5c7c-4517-83c4-22265067f3e5,4a7c8a8e-3d59-4194-b4a1-541006284408,,2026-09-23T05:55:19.731Z,2026-09-24T07:37:35.534Z,
flywheel,d0cf1a21-fa94-4d23-9663-63df581f0d15,4a7c8a8e-3d59-4194-b4a1-541006284408,review_design,2026-09-23T05:56:39.346Z,,2026-09-23T05:59:43.746Z
flywheel,93cd6990-c9a1-41e9-bf1d-adda3dae9d4e,4a7c8a8e-3d59-4194-b4a1-541006284408,,2026-09-23T05:56:56.080Z,2026-09-24T07:37:35.534Z,
flywheel,a9f3bf1e-748b-4106-9cd0-c8ba18015c95,4a7c8a8e-3d59-4194-b4a1-541006284408,,2026-09-23T06:00:26.687Z,2026-09-24T07:37:35.534Z,
flywheel,c4e8cc63-0745-43c1-8401-91d74e49896e,4a7c8a8e-3d59-4194-b4a1-541006284408,,2026-09-23T06:01:58.075Z,2026-09-24T07:37:35.534Z,
flywheel,e6da0f68-017e-4b60-a986-8a13f1d4f1b9,4a7c8a8e-3d59-4194-b4a1-541006284408,,2026-09-23T06:03:06.460Z,2026-09-24T07:37:35.534Z,
flywheel,rstop-3efebf08241fd6c4bff45065e51ad0f6,4a7c8a8e-3d59-4194-b4a1-541006284408,,2026-09-23T06:03:22.110Z,2026-09-24T07:37:35.534Z,
flywheel,rstop-26cafb76dbeaec563b895e91409f1262,4a7c8a8e-3d59-4194-b4a1-541006284408,,2026-09-23T06:03:33.378Z,2026-09-23T06:13:28.905Z,
flywheel,4c326eab-d184-451b-87bd-7796bb9bce4a,4c124904-81ac-40e8-977a-f5dac79f0684,review_code,2026-09-24T02:56:48.918Z,2026-09-24T03:28:52.137Z,
flywheel,d94271c0-5dbd-4531-b1d8-06676a7ea937,4c42005e-4f87-4b3e-8345-10d03826be3a,question,2026-09-24T23:30:07.178Z,2026-09-24T23:30:23.824Z,2026-09-24T23:30:19.358Z
flywheel,071b1b50-dc55-41b2-a9d4-9b4772f97151,4c42005e-4f87-4b3e-8345-10d03826be3a,question,2026-09-24T23:32:24.843Z,2026-09-24T23:32:59.995Z,
flywheel,433ce3a2-da58-4279-ad30-e7636f07ada4,4cdafd62-8910-47da-bedf-68c6047389e0,,2026-09-23T22:10:39.001Z,,2026-09-23T22:10:57.291Z
flywheel,c0eaa213-0e8d-4b97-9579-828948941526,4cdafd62-8910-47da-bedf-68c6047389e0,,2026-09-23T22:37:28.037Z,2026-09-23T23:08:47.771Z,
flywheel,851173b2-e3d5-47a7-8d8b-d7207420c381,4cdafd62-8910-47da-bedf-68c6047389e0,,2026-09-23T22:38:01.072Z,2026-09-23T23:08:47.771Z,
flywheel,workflow-gate:2eebeb9b7220fbf6c7604c8df9730ca48a193e9be6cdeff0452f2f7a28b53a27,4cdafd62-8910-47da-bedf-68c6047389e0,approve_to_ship,2026-09-23T22:38:14.717Z,,2026-09-23T22:47:58.723Z
flywheel,4e236127-d171-45c7-b7c6-cdd19e5a1fd9,4cdafd62-8910-47da-bedf-68c6047389e0,,2026-09-23T22:48:52.086Z,,2026-09-23T22:49:26.399Z
flywheel,4311b6b3-79c7-45a7-9108-172a20131466,4f98262b-eb7a-49ee-a69b-d3b46d521ee2,review_code,2026-09-23T13:10:47.174Z,,2026-09-23T13:27:53.024Z
flywheel,rstop-c27d46d629ed130d865f6e3502ce5eeb,4f98262b-eb7a-49ee-a69b-d3b46d521ee2,,2026-09-23T13:11:57.817Z,2026-09-23T13:12:06.063Z,
flywheel,a0acf26a-4d7b-4d3a-b85b-6717fcab71ce,4f98262b-eb7a-49ee-a69b-d3b46d521ee2,,2026-09-23T13:28:20.143Z,2026-09-23T19:14:25.322Z,
flywheel,e3aeb7eb-6fe3-4efc-86a2-6c2a1db0e845,4f98262b-eb7a-49ee-a69b-d3b46d521ee2,review_code,2026-09-23T13:31:26.096Z,,2026-09-23T13:35:58.932Z
flywheel,rstop-c17900aab71859e9ea492150b1c883d8,4f98262b-eb7a-49ee-a69b-d3b46d521ee2,,2026-09-23T13:31:47.614Z,2026-09-23T13:31:53.567Z,
flywheel,rstop-01bd9f57f689d5820c905c29c45db8f5,4f98262b-eb7a-49ee-a69b-d3b46d521ee2,,2026-09-23T13:36:01.047Z,2026-09-23T13:36:04.605Z,
flywheel,7a1557c6-a9a4-49c0-b1ae-d370a8739ec9,4f98262b-eb7a-49ee-a69b-d3b46d521ee2,,2026-09-23T13:36:41.209Z,2026-09-23T19:14:25.322Z,
flywheel,0e9b3d6a-246a-42aa-87b1-9a7fbe68a832,4f98262b-eb7a-49ee-a69b-d3b46d521ee2,,2026-09-23T13:38:26.851Z,2026-09-23T19:14:25.322Z,
flywheel,rstop-4207808b1326c685fd09a90ab5da271e,4f98262b-eb7a-49ee-a69b-d3b46d521ee2,,2026-09-23T13:39:02.288Z,2026-09-23T13:41:03.127Z,
flywheel,rstop-81c1ed7fe3ea39537dba61ae789606fd,4f98262b-eb7a-49ee-a69b-d3b46d521ee2,,2026-09-23T13:39:34.854Z,2026-09-23T13:41:04.140Z,
flywheel,e8cf1c6b-33a2-433f-94f8-619bd88592d8,4f98262b-eb7a-49ee-a69b-d3b46d521ee2,,2026-09-23T14:08:00.198Z,2026-09-23T19:14:25.322Z,
flywheel,505b87a1-3088-4059-af0b-4dbcdf1e9b32,4f98262b-eb7a-49ee-a69b-d3b46d521ee2,,2026-09-23T14:11:54.498Z,,2026-09-23T14:13:21.981Z
flywheel,96f37abb-8879-4069-aa9d-81122d5ecdff,4f98262b-eb7a-49ee-a69b-d3b46d521ee2,,2026-09-23T14:30:41.994Z,2026-09-23T19:14:25.322Z,
flywheel,0393d3c6-6f78-4abd-87b3-e119b8c5a087,4f98262b-eb7a-49ee-a69b-d3b46d521ee2,review_code,2026-09-23T14:48:39.174Z,,2026-09-23T14:58:07.754Z
flywheel,2d0289cd-003d-4c27-8acb-b9b8e54ae583,4f98262b-eb7a-49ee-a69b-d3b46d521ee2,review_code,2026-09-23T15:05:35.845Z,,2026-09-23T15:09:25.940Z
flywheel,5079bb67-5064-4a57-9fe5-0f512bee1864,4f98262b-eb7a-49ee-a69b-d3b46d521ee2,,2026-09-23T15:10:02.314Z,2026-09-23T19:14:25.322Z,
flywheel,99d96338-1459-4431-89dc-28ecdbfef5c7,4f98262b-eb7a-49ee-a69b-d3b46d521ee2,,2026-09-23T15:14:34.336Z,2026-09-23T19:14:25.322Z,
flywheel,e23db457-745e-4c71-aceb-c3eb6319b271,4f98262b-eb7a-49ee-a69b-d3b46d521ee2,,2026-09-23T15:19:25.725Z,2026-09-23T19:14:25.322Z,
flywheel,cdda71f5-6b2c-423a-ad1e-c782bbe730b0,4f98262b-eb7a-49ee-a69b-d3b46d521ee2,,2026-09-23T15:27:54.716Z,2026-09-23T19:14:25.322Z,
flywheel,7736b24d-235e-417d-b29d-754f8e3ed7b9,50c8805e-d5bb-46b9-9598-d7e3b79967bd,,2026-09-24T03:54:02.187Z,,2026-09-24T04:08:30.240Z
flywheel,af195613-e336-4788-84cb-10c6dd6a7769,50c8805e-d5bb-46b9-9598-d7e3b79967bd,review_code,2026-09-24T03:54:20.529Z,,2026-09-24T04:40:27.542Z
flywheel,c88505b2-8e03-4bd8-ae4e-4b140f70edf3,50c8805e-d5bb-46b9-9598-d7e3b79967bd,review_code,2026-09-24T04:46:11.789Z,,2026-09-24T05:01:32.153Z
flywheel,ba1c5625-a65e-40fd-826b-2365b85ee2b7,50c8805e-d5bb-46b9-9598-d7e3b79967bd,review_code,2026-09-24T05:05:17.602Z,,2026-09-24T05:09:10.308Z
flywheel,471cf1d8-bebf-4250-b5ad-200a86139cca,50c8805e-d5bb-46b9-9598-d7e3b79967bd,,2026-09-24T05:16:16.845Z,,2026-09-24T05:17:11.350Z
flywheel,62bca99a-587d-4af8-a849-decfc6d6563a,50c8805e-d5bb-46b9-9598-d7e3b79967bd,review_code,2026-09-24T05:16:21.764Z,,2026-09-24T05:19:36.174Z
flywheel,ae15aa4e-d142-48e3-b04f-e843d052058a,50c8805e-d5bb-46b9-9598-d7e3b79967bd,,2026-09-24T05:20:00.122Z,,2026-09-24T05:23:25.968Z
flywheel,dcb7dd32-a0de-42b0-a83b-d030afee220c,50c8805e-d5bb-46b9-9598-d7e3b79967bd,,2026-09-24T05:21:08.858Z,,2026-09-24T05:23:26.148Z
flywheel,rstop-46b61aa7c801f8f5429b18c108a8bf75,50c8805e-d5bb-46b9-9598-d7e3b79967bd,,2026-09-24T05:22:13.632Z,2026-09-24T05:23:32.348Z,
flywheel,rstop-f6d63fcc6aa4e0e7e74d2366af877b55,50c8805e-d5bb-46b9-9598-d7e3b79967bd,,2026-09-24T05:22:35.735Z,2026-09-24T05:23:34.365Z,
flywheel,61db1b2d-d6ad-405b-8a82-5c3a79ccc0f6,50c8805e-d5bb-46b9-9598-d7e3b79967bd,,2026-09-24T05:28:09.527Z,,2026-09-24T05:28:27.975Z
flywheel,e2558e9a-5495-4bdd-a96d-63df401e1657,50c8805e-d5bb-46b9-9598-d7e3b79967bd,,2026-09-24T05:58:43.234Z,,2026-09-24T05:59:29.384Z
flywheel,f4f6cc2c-27ad-49cf-840e-ebf8a16d7dfb,50c8805e-d5bb-46b9-9598-d7e3b79967bd,review_code,2026-09-24T05:59:33.602Z,,2026-09-24T06:10:33.089Z
flywheel,51e10e49-ec52-4b53-807b-679d2a106514,50c8805e-d5bb-46b9-9598-d7e3b79967bd,,2026-09-24T06:11:03.379Z,,2026-09-24T06:11:09.289Z
flywheel,ff1eb23e-5cb8-40f9-adc9-da67be42a2aa,50c8805e-d5bb-46b9-9598-d7e3b79967bd,,2026-09-24T06:11:46.595Z,,2026-09-24T06:11:55.632Z
flywheel,rstop-7b11ee87bbb8f9e3f5eddebb73d32ccc,50c8805e-d5bb-46b9-9598-d7e3b79967bd,,2026-09-24T06:13:20.640Z,2026-09-24T06:13:27.500Z,
flywheel,rstop-bbdb1b64f00e33f298a142698b44716a,50c8805e-d5bb-46b9-9598-d7e3b79967bd,,2026-09-24T06:13:49.375Z,2026-09-24T06:13:55.644Z,
flywheel,288dce96-cf2e-4e8a-b53a-fbd8e45e0ce4,517d3de4-1f33-473f-bb1a-e7ae3c24efc6,,2026-09-24T12:33:45.190Z,,2026-09-24T12:35:19.998Z
flywheel,28812e30-8db3-47c9-9113-2829aaabadbe,517d3de4-1f33-473f-bb1a-e7ae3c24efc6,,2026-09-24T12:43:20.045Z,,2026-09-24T12:45:08.268Z
flywheel,ed476f8e-abe4-4527-b25e-5a939f8dec74,517d3de4-1f33-473f-bb1a-e7ae3c24efc6,,2026-09-24T12:51:04.651Z,,2026-09-24T12:51:55.163Z
flywheel,e8eafe7b-f4c0-45d0-9510-ece954ab67ad,517d3de4-1f33-473f-bb1a-e7ae3c24efc6,,2026-09-24T12:59:41.812Z,2026-09-24T15:18:24.663Z,
flywheel,83fc71ad-958e-4524-b3fc-b389476f0e2a,517d3de4-1f33-473f-bb1a-e7ae3c24efc6,,2026-09-24T13:04:01.686Z,,2026-09-24T13:04:51.838Z
flywheel,57a92f9d-9247-41fe-8804-7f7e570d9d40,517d3de4-1f33-473f-bb1a-e7ae3c24efc6,,2026-09-24T13:06:49.893Z,,2026-09-24T13:07:02.860Z
flywheel,297fdd07-02c9-4f62-8343-347043539b7d,517d3de4-1f33-473f-bb1a-e7ae3c24efc6,,2026-09-24T13:08:20.355Z,,2026-09-24T13:09:05.576Z
flywheel,2de49c0e-9ea6-4a0d-a8a5-a5f9dd2e549b,517d3de4-1f33-473f-bb1a-e7ae3c24efc6,,2026-09-24T13:35:19.097Z,,2026-09-24T13:35:46.025Z
flywheel,ad61801e-7fea-4ed8-830d-71d4ddbdee61,517d3de4-1f33-473f-bb1a-e7ae3c24efc6,,2026-09-24T13:41:01.841Z,,2026-09-24T13:42:26.063Z
flywheel,ca928c52-2c01-4fb0-90c3-db1320f84d39,517d3de4-1f33-473f-bb1a-e7ae3c24efc6,,2026-09-24T14:08:24.650Z,,2026-09-24T14:14:01.237Z
flywheel,f426577f-7e4b-4b58-9931-17f9657f8464,517d3de4-1f33-473f-bb1a-e7ae3c24efc6,,2026-09-24T14:13:48.133Z,2026-09-24T15:18:24.663Z,
flywheel,c207f409-ce02-4612-8ced-c023659dbfed,517d3de4-1f33-473f-bb1a-e7ae3c24efc6,,2026-09-24T14:14:49.392Z,,2026-09-24T14:17:37.282Z
flywheel,aae4ec2c-d53a-4539-afdd-1d8d93237e89,51fed434-5760-4549-beb9-8462cca35165,,2026-09-15T06:56:44.279Z,,
flywheel,c33c8010-c1c3-4b12-b5ae-64f8232ab94b,51fed434-5760-4549-beb9-8462cca35165,,2026-09-15T06:56:57.894Z,,
flywheel,efb1dd10-ee7a-4ef9-b8ae-8ba9e9bdda90,51fed434-5760-4549-beb9-8462cca35165,,2026-09-15T06:58:56.476Z,,
flywheel,ebed5cc0-3668-49b1-9347-8d8a382786d0,52137bb6-da14-47ca-8a7e-65da29b97c76,,2026-09-25T06:29:42.167Z,2026-09-25T20:46:21.422Z,
flywheel,299b4fdb-9a53-4e48-88d0-c8ca3d6729bf,52137bb6-da14-47ca-8a7e-65da29b97c76,,2026-09-25T06:57:39.057Z,,2026-09-25T06:58:27.524Z
flywheel,9896cf26-9141-4859-97f4-df35506f81b7,52137bb6-da14-47ca-8a7e-65da29b97c76,,2026-09-25T06:58:54.210Z,2026-09-25T20:46:21.422Z,
flywheel,93e7a5cc-3f96-423e-a1a2-e129cf7b3250,52137bb6-da14-47ca-8a7e-65da29b97c76,,2026-09-25T07:08:47.189Z,2026-09-25T20:46:21.422Z,
flywheel,02cc6c42-95c2-4130-b721-293d4b954c79,52137bb6-da14-47ca-8a7e-65da29b97c76,,2026-09-25T07:12:49.843Z,,2026-09-25T07:15:11.583Z
flywheel,0b8d6be7-d001-48ce-a2eb-b1757f6a426f,52137bb6-da14-47ca-8a7e-65da29b97c76,,2026-09-25T07:14:09.130Z,,2026-09-25T07:15:12.064Z
flywheel,43112aaa-2019-468c-879a-e9ef1b5175c1,52137bb6-da14-47ca-8a7e-65da29b97c76,,2026-09-25T07:26:02.603Z,2026-09-25T20:46:21.422Z,
flywheel,2d6ac30b-ce5e-44eb-a276-ace601039c8f,52137bb6-da14-47ca-8a7e-65da29b97c76,,2026-09-25T09:06:41.446Z,2026-09-25T20:46:21.422Z,
flywheel,0a8afad8-0cb7-486c-86a1-059d6b4a4ee1,52137bb6-da14-47ca-8a7e-65da29b97c76,,2026-09-25T09:30:56.635Z,2026-09-25T20:46:21.422Z,
flywheel,3cde11a1-f122-43a2-b2c2-e308690ccca5,52137bb6-da14-47ca-8a7e-65da29b97c76,,2026-09-25T09:35:35.815Z,,2026-09-25T09:35:44.805Z
flywheel,88488b11-ef4b-4f2e-b20e-495fe8b410de,52137bb6-da14-47ca-8a7e-65da29b97c76,,2026-09-25T18:26:25.992Z,,2026-09-25T18:28:50.461Z
flywheel,49ea84e2-ac9f-4411-92f8-636aec178919,52137bb6-da14-47ca-8a7e-65da29b97c76,,2026-09-25T18:33:46.061Z,,2026-09-25T18:35:12.586Z
flywheel,ea8e55b1-2260-4efc-819c-967eb5ded083,52137bb6-da14-47ca-8a7e-65da29b97c76,,2026-09-25T18:35:30.986Z,,2026-09-25T18:37:11.371Z
flywheel,fa761180-ef36-4b6a-a195-4440dfb60096,52137bb6-da14-47ca-8a7e-65da29b97c76,,2026-09-25T18:36:04.266Z,,2026-09-25T18:37:50.980Z
flywheel,f9427a34-68fe-49da-91b9-42e4a4ce082b,52137bb6-da14-47ca-8a7e-65da29b97c76,,2026-09-25T20:10:53.667Z,,2026-09-25T20:11:09.917Z
flywheel,c2fa06e4-ffb3-4f72-920e-08074d1c5ec9,52137bb6-da14-47ca-8a7e-65da29b97c76,,2026-09-25T20:24:28.944Z,,2026-09-25T20:24:37.975Z
flywheel,d2e5f4b3-7302-42cb-abef-ba920231cc6b,52137bb6-da14-47ca-8a7e-65da29b97c76,,2026-09-25T20:26:55.391Z,,2026-09-25T20:33:08.086Z
flywheel,eda02ba9-b2b8-47bf-a88a-d87a7d9b8e18,52137bb6-da14-47ca-8a7e-65da29b97c76,,2026-09-25T20:28:32.090Z,,2026-09-25T20:33:07.479Z
flywheel,workflow-gate:9762b7618cd771ebc2c299c032fa9eb8fc8e11f8117defe1dfe6d788f8fb7785,52137bb6-da14-47ca-8a7e-65da29b97c76,approve_to_ship,2026-09-25T20:28:39.169Z,,2026-09-25T20:44:03.020Z
flywheel,f9b024bb-4eb5-466e-9a62-caf4e1327709,52137bb6-da14-47ca-8a7e-65da29b97c76,,2026-09-25T20:34:49.754Z,,2026-09-25T20:35:25.841Z
flywheel,371bc429-b178-4bfc-8fcd-1938d06cb5c7,52137bb6-da14-47ca-8a7e-65da29b97c76,,2026-09-25T20:46:11.253Z,,
flywheel,39922195-12a7-4370-be82-9a5dd0237960,53518df1-681b-4578-822a-5a5b369cbd82,,2026-09-25T04:26:09.596Z,,2026-09-25T04:30:16.454Z
flywheel,81ef86cf-dc8b-4046-adc8-23ad5b7c6803,53518df1-681b-4578-822a-5a5b369cbd82,,2026-09-25T04:27:29.901Z,2026-09-25T05:13:02.521Z,
flywheel,workflow-gate:aa84a8030c2653a4e44b3d1a9cd6e1995b923d478316afd1065a7a923fc43ab5,53518df1-681b-4578-822a-5a5b369cbd82,approve_to_ship,2026-09-25T04:27:32.831Z,,2026-09-25T05:11:37.020Z
flywheel,rstop-49484324492f69e1afa38b635f35f247,53518df1-681b-4578-822a-5a5b369cbd82,,2026-09-25T04:30:39.337Z,2026-09-25T04:31:21.109Z,
flywheel,a641d77d-a102-4687-bc79-c440d52f81d1,53518df1-681b-4578-822a-5a5b369cbd82,,2026-09-25T04:30:55.492Z,2026-09-25T05:13:02.521Z,
flywheel,0a2f815b-5704-4335-a277-bbcfce592ea0,53d3cd5f-0c21-4df1-a473-753d8e8330a9,,2026-09-23T21:11:34.365Z,,
flywheel,8f076344-1f3b-4ef8-93b6-7e9b434e347c,53d3cd5f-0c21-4df1-a473-753d8e8330a9,,2026-09-23T22:04:47.651Z,,
flywheel,e7fa0152-75cc-4410-a18a-a47b6c2b13f5,53d3cd5f-0c21-4df1-a473-753d8e8330a9,,2026-09-23T22:29:05.526Z,,
flywheel,rstop-7c702c9545762552d30a51bbe64a7b99,53d3cd5f-0c21-4df1-a473-753d8e8330a9,,2026-09-23T22:29:11.369Z,2026-09-23T22:29:15.685Z,
flywheel,59ea262b-d250-4099-ad62-075732a3ff7c,53d3cd5f-0c21-4df1-a473-753d8e8330a9,,2026-09-23T23:01:56.608Z,,
flywheel,rstop-41410525d80e5c45b870b7b8585256d4,53d3cd5f-0c21-4df1-a473-753d8e8330a9,,2026-09-23T23:02:09.526Z,2026-09-23T23:02:13.658Z,
flywheel,85669289-3755-4dd2-82f0-d7c3eb8e63ed,53d3cd5f-0c21-4df1-a473-753d8e8330a9,,2026-09-23T23:11:31.582Z,,
flywheel,0c1924d4-83a6-4f60-81bf-197a01c2fd3f,53d3cd5f-0c21-4df1-a473-753d8e8330a9,,2026-09-23T23:28:48.677Z,,
flywheel,ee79af28-3e59-477e-8d59-fc7bb9a4ae20,53d3cd5f-0c21-4df1-a473-753d8e8330a9,,2026-09-23T23:37:41.604Z,,
flywheel,9848f8d2-b7f0-42cc-93d8-6e524b28c847,53d3cd5f-0c21-4df1-a473-753d8e8330a9,,2026-09-23T23:57:56.769Z,,
flywheel,a7acb622-9cba-4d7b-8f87-d227e3f7b592,53d3cd5f-0c21-4df1-a473-753d8e8330a9,,2026-09-23T23:59:43.378Z,,
flywheel,d1f60cfc-332e-4c61-a259-b10825ffa4ff,53d3cd5f-0c21-4df1-a473-753d8e8330a9,,2026-09-24T00:02:58.045Z,,
flywheel,065c577b-3dbe-40b1-84a6-7f7eb4e947fd,53d3cd5f-0c21-4df1-a473-753d8e8330a9,,2026-09-24T00:24:39.121Z,,
flywheel,042e43f5-b33e-4fe6-bb4f-c2767eb5e4c9,53d3cd5f-0c21-4df1-a473-753d8e8330a9,,2026-09-24T04:18:16.944Z,,2026-09-24T04:36:35.503Z
flywheel,rstop-09d7b5ab4cc0be741a69f63c087a8fb6,53d3cd5f-0c21-4df1-a473-753d8e8330a9,,2026-09-24T05:04:41.468Z,2026-09-24T05:05:35.253Z,
flywheel,73330bd5-f072-433c-86fb-e8e4edb7f60f,53d3cd5f-0c21-4df1-a473-753d8e8330a9,,2026-09-24T05:09:28.468Z,,2026-09-24T05:10:29.723Z
flywheel,rstop-c34b408130508a85f98a06979579a476,53d3cd5f-0c21-4df1-a473-753d8e8330a9,,2026-09-24T05:37:03.232Z,2026-09-24T05:37:21.605Z,
flywheel,da50f98e-9f9d-421f-af9f-50504c6a1b68,53d3cd5f-0c21-4df1-a473-753d8e8330a9,,2026-09-24T06:29:35.656Z,,2026-09-24T06:30:25.895Z
flywheel,8d63011a-443e-4031-a958-3cf01e09f12e,53fef134-d18e-4477-8c64-8aff7ae4f88f,,2026-09-24T16:16:45.131Z,,2026-09-24T16:21:23.957Z
flywheel,8b2b698e-c893-453f-a2fc-082dd1253bcd,53fef134-d18e-4477-8c64-8aff7ae4f88f,,2026-09-24T16:31:47.079Z,,2026-09-24T16:43:19.707Z
flywheel,84e2a9ac-fd01-41d9-98c3-ee0d0f2f73c7,53fef134-d18e-4477-8c64-8aff7ae4f88f,,2026-09-24T16:36:18.144Z,,2026-09-24T16:43:19.858Z
flywheel,822d7890-4609-4b85-bea9-ee5fc9ac2ccb,53fef134-d18e-4477-8c64-8aff7ae4f88f,,2026-09-24T16:51:48.565Z,,2026-09-24T17:07:57.977Z
flywheel,6079d603-f1f6-43bb-90b0-1417307e6032,53fef134-d18e-4477-8c64-8aff7ae4f88f,,2026-09-24T16:54:40.045Z,,2026-09-24T17:07:57.753Z
flywheel,dc4df254-a48e-463b-824b-d08203c6f5d6,53fef134-d18e-4477-8c64-8aff7ae4f88f,,2026-09-24T16:57:28.556Z,2026-09-24T23:03:10.526Z,
flywheel,ad4bc2ba-8e02-4b2f-9cbc-19f9decaeb4d,53fef134-d18e-4477-8c64-8aff7ae4f88f,,2026-09-24T17:46:39.425Z,2026-09-24T23:03:10.526Z,
flywheel,e3620645-c628-4018-9e32-23d02c5d980e,53fef134-d18e-4477-8c64-8aff7ae4f88f,,2026-09-24T17:48:04.335Z,,2026-09-24T17:50:45.111Z
flywheel,9d5ec784-03d6-4d1e-a67a-27dc09547f76,53fef134-d18e-4477-8c64-8aff7ae4f88f,,2026-09-24T17:52:09.456Z,2026-09-24T23:03:10.526Z,
flywheel,workflow-gate:ffe1d5028b4ecf15c455895e0740539072a4614c03a19d4525254d252670548c,53fef134-d18e-4477-8c64-8aff7ae4f88f,approve_to_ship,2026-09-24T17:52:15.970Z,,2026-09-24T18:54:37.964Z
flywheel,50ffe0b9-89a2-4c7f-9637-7583e8031138,53fef134-d18e-4477-8c64-8aff7ae4f88f,,2026-09-24T19:54:23.827Z,,2026-09-24T19:56:02.764Z
flywheel,26bca088-e259-465f-85b6-dbc928df7905,53fef134-d18e-4477-8c64-8aff7ae4f88f,,2026-09-24T19:58:05.525Z,2026-09-24T23:03:10.526Z,
flywheel,65b9dacf-ec6d-4151-ba53-4da7747585b5,53fef134-d18e-4477-8c64-8aff7ae4f88f,,2026-09-24T19:58:21.229Z,2026-09-24T23:03:10.526Z,
flywheel,d68ba66f-797a-4f83-8ec2-0e5dcdf3727f,53fef134-d18e-4477-8c64-8aff7ae4f88f,,2026-09-24T20:49:27.930Z,2026-09-24T23:03:10.526Z,
flywheel,79093936-0b5b-4a61-a1d7-2a54a6f46ab9,53fef134-d18e-4477-8c64-8aff7ae4f88f,,2026-09-24T20:49:41.627Z,2026-09-24T23:03:10.526Z,
flywheel,workflow-gate:14e9fc5d06d4476b5522614499b1b8088fcf119be218e778f566d7aef16e0490,53fef134-d18e-4477-8c64-8aff7ae4f88f,approve_to_ship,2026-09-24T20:49:50.469Z,2026-09-24T23:03:10.526Z,
flywheel,8ddf992a-b989-40e5-bafa-d8830be7af8f,55c0aa8d-c679-412e-9f62-78df3d87fa1e,,2026-09-23T11:11:46.957Z,,2026-09-23T11:16:27.366Z
flywheel,workflow-gate:61b186dbc10f32ea01141a00e978512b8975dd755ea9a08e3f7d67559b35298d,55c0aa8d-c679-412e-9f62-78df3d87fa1e,approve_to_ship,2026-09-23T11:11:47.033Z,,2026-09-23T13:04:13.251Z
flywheel,4ec78ccc-b82d-4e78-bbfd-deaecfa3b0cb,55c0aa8d-c679-412e-9f62-78df3d87fa1e,,2026-09-23T13:05:02.690Z,2026-09-23T13:36:19.661Z,
flywheel,053b680c-2689-4b36-bda2-31d199d811d3,5602a499-35d0-4a07-b7e4-c0f46c0b17ce,review_code,2026-09-24T23:14:38.734Z,,2026-09-24T23:33:50.547Z
flywheel,4da800db-9f35-4950-a271-6bdf53efe4b1,5602a499-35d0-4a07-b7e4-c0f46c0b17ce,review_code,2026-09-24T23:54:31.723Z,,2026-09-25T00:00:24.161Z
flywheel,b535e491-9fd1-4c39-bc7e-7ecc57c126b8,5602a499-35d0-4a07-b7e4-c0f46c0b17ce,,2026-09-25T00:01:23.792Z,,2026-09-25T00:01:38.385Z
flywheel,d534cd89-36bd-4724-9451-f3b4c265ba9f,59f40aa4-1709-44c2-af77-5adb972d784e,,2026-09-23T05:35:13.565Z,,2026-09-23T05:47:32.428Z
flywheel,8fdb194a-b174-4aca-95ad-c0c8b2751d80,59f40aa4-1709-44c2-af77-5adb972d784e,question,2026-09-23T06:14:51.121Z,,2026-09-23T06:21:49.063Z
flywheel,aaf24ba2-0ed2-47fb-9582-78242029551f,59f40aa4-1709-44c2-af77-5adb972d784e,review_design,2026-09-23T06:38:55.848Z,,2026-09-23T06:48:52.517Z
flywheel,672ee39b-3386-45b0-bdbb-3ee81089d3e7,59f40aa4-1709-44c2-af77-5adb972d784e,review_design,2026-09-23T06:57:23.924Z,,2026-09-23T07:11:12.113Z
flywheel,rstop-bd1f0f2ba4d93e386a15e702e7f8ec6f,59f40aa4-1709-44c2-af77-5adb972d784e,,2026-09-23T07:04:38.126Z,2026-09-23T08:11:22.167Z,
flywheel,127a8e37-58e0-4e49-9bb8-cfc2de27b8e4,59f40aa4-1709-44c2-af77-5adb972d784e,,2026-09-23T07:13:37.490Z,2026-09-23T12:23:55.742Z,
flywheel,98efa198-f886-4f5b-8912-ea709292e53f,59f40aa4-1709-44c2-af77-5adb972d784e,review_code,2026-09-23T10:36:35.591Z,,2026-09-23T10:50:48.597Z
flywheel,433849f5-bd58-4004-8055-577782dece9f,59f40aa4-1709-44c2-af77-5adb972d784e,review_code,2026-09-23T11:13:44.815Z,,2026-09-23T11:18:46.822Z
flywheel,94c8fe78-34fc-492b-9305-ee8f236c4986,59f40aa4-1709-44c2-af77-5adb972d784e,,2026-09-23T11:50:53.579Z,,2026-09-23T11:50:58.776Z
flywheel,9cfbd88d-24a3-4cb2-a340-15589ad6a633,59f40aa4-1709-44c2-af77-5adb972d784e,review_code,2026-09-23T11:55:52.278Z,,2026-09-23T12:02:39.360Z
flywheel,d3d6994e-c51c-486f-984e-53f522a94cfa,59f40aa4-1709-44c2-af77-5adb972d784e,review_code,2026-09-23T12:09:57.360Z,,2026-09-23T12:14:55.166Z
flywheel,6189b149-fb87-4c51-93d0-59b3d30c2e64,59f40aa4-1709-44c2-af77-5adb972d784e,,2026-09-23T12:17:27.956Z,,2026-09-23T12:17:34.127Z
flywheel,3000c443-593d-4531-93b2-5d12eda70fe1,59f40aa4-1709-44c2-af77-5adb972d784e,,2026-09-23T12:21:19.254Z,,2026-09-23T12:21:25.255Z
flywheel,ecfa19d8-78ed-4893-810d-44dafdb851ab,59f40aa4-1709-44c2-af77-5adb972d784e,,2026-09-23T12:21:19.991Z,,2026-09-23T12:21:36.375Z
flywheel,771e3ec3-29a0-41c0-bc1e-db7b09a157b5,59f40aa4-1709-44c2-af77-5adb972d784e,,2026-09-23T12:21:20.663Z,,2026-09-23T12:21:36.802Z
flywheel,d818bae1-f2a0-4acb-8f6b-64c50e39c425,59f40aa4-1709-44c2-af77-5adb972d784e,,2026-09-23T12:23:28.945Z,2026-09-23T12:55:50.634Z,
flywheel,ab82e36e-b497-47ec-b0bd-049dbddb0bb9,5a0dbf51-2eb9-4d9f-9cfa-367d6bdbd49e,review_code,2026-09-23T05:39:59.852Z,,2026-09-23T05:48:40.589Z
flywheel,364bfcf6-46e8-4c0c-9180-9489a9357b5b,5a0dbf51-2eb9-4d9f-9cfa-367d6bdbd49e,,2026-09-23T05:51:12.412Z,,2026-09-23T05:53:53.831Z
flywheel,rstop-5f7d09ad87bad5ccf47d1556e81909ea,5a0dbf51-2eb9-4d9f-9cfa-367d6bdbd49e,,2026-09-23T05:53:42.821Z,2026-09-23T06:25:01.332Z,
flywheel,0b41aed5-de08-48c7-8057-db37e5f0b0c0,5a0dbf51-2eb9-4d9f-9cfa-367d6bdbd49e,review_code,2026-09-23T06:08:35.954Z,,2026-09-23T06:11:18.534Z
flywheel,94e75473-fda1-4e8b-861b-29d670147747,5a0dbf51-2eb9-4d9f-9cfa-367d6bdbd49e,,2026-09-23T06:12:19.719Z,2026-09-23T13:14:24.698Z,
flywheel,8bf2747a-300a-4643-b7cc-ff5ce39a9ad1,5a0dbf51-2eb9-4d9f-9cfa-367d6bdbd49e,,2026-09-23T06:44:35.367Z,2026-09-23T13:14:24.698Z,
flywheel,8440e568-4420-4e10-9e8b-2f322b4adb32,5a0dbf51-2eb9-4d9f-9cfa-367d6bdbd49e,question,2026-09-23T06:44:45.557Z,2026-09-23T13:14:24.698Z,
flywheel,0e85e637-2a28-4977-a823-e7d346c2e03a,5a2c6d1e-c8c1-43e4-8768-293dc2021f1b,,2026-09-25T05:46:36.234Z,,2026-09-25T05:48:56.795Z
flywheel,41b9395a-d108-4906-968a-1a83a46e114d,5a2c6d1e-c8c1-43e4-8768-293dc2021f1b,,2026-09-25T05:53:37.941Z,,2026-09-25T05:55:29.200Z
flywheel,ec456ee3-bdf9-408d-84b2-ded12a551f34,5c7d61d2-6881-4818-9b0a-94a81896e6bc,,2026-09-24T10:57:05.802Z,,2026-09-24T11:01:23.463Z
flywheel,c9dd91ba-3195-4a41-ba4b-5515847eea97,5c7d61d2-6881-4818-9b0a-94a81896e6bc,,2026-09-24T11:04:39.251Z,,2026-09-24T11:05:38.471Z
flywheel,0fa1129b-37ee-4be8-a06a-f53ade1f0cfb,5c7d61d2-6881-4818-9b0a-94a81896e6bc,,2026-09-24T11:06:22.819Z,,2026-09-24T11:06:43.031Z
flywheel,638ef272-3614-4b7d-9608-532c53369e2f,5c7d61d2-6881-4818-9b0a-94a81896e6bc,,2026-09-24T11:07:01.807Z,2026-09-24T12:23:34.473Z,
flywheel,d19b86f7-cdd9-490d-a96c-51a5c953c104,5d168aef-e15b-4cab-9ee2-53c195a756f9,review_code,2026-09-25T18:49:18.897Z,,2026-09-25T18:56:57.294Z
flywheel,0200d6fa-d431-4de3-91fa-619a2f0becc2,5d168aef-e15b-4cab-9ee2-53c195a756f9,,2026-09-25T18:51:55.121Z,,2026-09-25T18:52:13.440Z
flywheel,c26ed56a-17da-4772-a2b7-7a2abc8f40d0,5d168aef-e15b-4cab-9ee2-53c195a756f9,,2026-09-25T19:00:49.064Z,,2026-09-25T19:01:22.078Z
flywheel,b9d8f3f0-1fda-4548-88b2-5eddcd5518cb,5d168aef-e15b-4cab-9ee2-53c195a756f9,,2026-09-25T19:17:30.314Z,,2026-09-25T19:24:07.703Z
flywheel,339f7b5b-ba82-451c-9675-8c924b409bed,5d168aef-e15b-4cab-9ee2-53c195a756f9,,2026-09-25T19:22:39.913Z,,2026-09-25T19:24:47.764Z
flywheel,7f9d7820-fc16-4989-b3db-7af6a4261629,5d168aef-e15b-4cab-9ee2-53c195a756f9,,2026-09-25T19:25:31.876Z,,2026-09-25T19:25:53.220Z
flywheel,088c58e1-c84f-43f5-b93c-b42f1c371558,5d168aef-e15b-4cab-9ee2-53c195a756f9,,2026-09-25T19:27:24.867Z,,2026-09-25T19:27:34.938Z
flywheel,5923dc67-102c-4c2a-955c-ad530b0b3ffc,5d168aef-e15b-4cab-9ee2-53c195a756f9,,2026-09-25T19:27:29.404Z,,2026-09-25T19:27:47.108Z
flywheel,7a1de014-f965-45c9-8a62-3fb3181a440d,5da1a372-b4f2-4b50-a1dc-49f6d6ca72b7,,2026-09-23T13:06:49.571Z,,2026-09-23T13:07:23.150Z
flywheel,df84b69d-b7a2-4ea5-b0b0-b254307a4028,5da4c8de-3795-4edc-ad14-329c38e09ba6,review_code,2026-09-24T01:35:19.561Z,,2026-09-24T02:43:38.208Z
flywheel,12c1bb11-65c2-417b-b108-b194b45597e0,5da4c8de-3795-4edc-ad14-329c38e09ba6,,2026-09-24T01:37:10.909Z,,2026-09-24T02:15:09.453Z
flywheel,1a9c28e6-7e32-4207-ac2d-e9722c8956a6,5da4c8de-3795-4edc-ad14-329c38e09ba6,,2026-09-24T02:16:59.812Z,2026-09-24T04:41:23.679Z,
flywheel,5a0bec8a-b4ef-49bc-b319-d9c86a1b765f,5da4c8de-3795-4edc-ad14-329c38e09ba6,,2026-09-24T02:48:09.851Z,,2026-09-24T02:53:25.677Z
flywheel,4669fa58-246c-45bf-9cf2-e967792776a5,5dde386b-c560-4cd9-a0a6-8cf26ed28948,,2026-09-15T09:30:52.624Z,,
flywheel,6bc1f835-e3cc-4813-b9a0-071b1a0acb14,5dde386b-c560-4cd9-a0a6-8cf26ed28948,,2026-09-15T09:31:13.967Z,,
flywheel,8f48898d-a485-4f87-8a32-9536058a68fe,5dde386b-c560-4cd9-a0a6-8cf26ed28948,,2026-09-15T09:31:56.797Z,,
flywheel,f66e175b-80d4-4af4-838c-8264ba127486,5ea9860c-0fb1-4cb2-b7b3-d5c06995746e,,2026-09-23T23:22:54.644Z,,2026-09-23T23:25:57.372Z
flywheel,2c8f814a-09ab-42a8-8064-e6137ddfb772,5ea9860c-0fb1-4cb2-b7b3-d5c06995746e,,2026-09-24T00:33:28.230Z,,
flywheel,21516b00-3193-464b-8954-88c172bf1345,5ea9860c-0fb1-4cb2-b7b3-d5c06995746e,review_code,2026-09-24T02:40:39.881Z,2026-09-24T02:57:31.716Z,
flywheel,58127b8d-46bc-4f93-a5f8-9297adfcfe0c,5f330b56-48e0-49ea-a8e2-6df9e48725f1,,2026-09-25T07:02:58.084Z,,
flywheel,7f069ddf-f2ae-4b1d-bc2d-21da8b2598db,5f330b56-48e0-49ea-a8e2-6df9e48725f1,,2026-09-25T07:02:58.273Z,,
flywheel,b75abf4e-a91f-4dd4-b479-cc26f051da88,5f330b56-48e0-49ea-a8e2-6df9e48725f1,,2026-09-25T07:45:59.280Z,,
flywheel,7c1394f4-c8a8-4c2c-972c-bcfac717dcb5,614fb3ea-e937-48a7-8d88-1e871dbb9161,review_code,2026-09-24T03:27:48.591Z,,2026-09-24T05:08:50.069Z
flywheel,c6e9e831-6164-4171-be11-70282d1783cc,614fb3ea-e937-48a7-8d88-1e871dbb9161,,2026-09-24T03:37:06.485Z,,2026-09-24T03:44:22.358Z
flywheel,rstop-dbc5771503b7620d89f4aa2d2ca7b58b,614fb3ea-e937-48a7-8d88-1e871dbb9161,,2026-09-24T03:39:05.106Z,2026-09-24T03:45:44.664Z,
flywheel,1e962e1b-da71-42dc-90f7-4f2a09e1ffe8,614fb3ea-e937-48a7-8d88-1e871dbb9161,,2026-09-24T05:53:48.711Z,,2026-09-24T05:53:58.545Z
flywheel,7991efcb-76e9-4738-b87a-5fcdf95c261e,614fb3ea-e937-48a7-8d88-1e871dbb9161,review_code,2026-09-24T05:55:02.751Z,,2026-09-24T06:08:42.749Z
flywheel,e26de315-1232-4fc5-be08-e55ca58896fd,614fb3ea-e937-48a7-8d88-1e871dbb9161,review_code,2026-09-24T06:17:41.448Z,,2026-09-24T06:24:30.169Z
flywheel,345103c3-bf9f-4665-b430-9cae3100a712,614fb3ea-e937-48a7-8d88-1e871dbb9161,,2026-09-24T06:24:53.032Z,,2026-09-24T06:25:13.277Z
flywheel,rstop-a0f1217250ed49fa5f1daef11dc87832,614fb3ea-e937-48a7-8d88-1e871dbb9161,,2026-09-24T06:26:46.542Z,2026-09-24T06:27:25.474Z,
flywheel,rstop-8f17adc0aa9736287e4c676e811f44e8,614fb3ea-e937-48a7-8d88-1e871dbb9161,,2026-09-24T06:31:02.266Z,2026-09-24T06:32:50.999Z,
flywheel,fcd2e04a-1ccf-424f-8164-d06086af40b7,61b2368f-4200-46d0-8b21-a83f55e1cd81,review_code,2026-09-23T07:44:42.691Z,,2026-09-23T07:49:36.955Z
flywheel,4f2818f6-60c1-4d17-9788-bac9800094e3,61b2368f-4200-46d0-8b21-a83f55e1cd81,,2026-09-23T07:51:04.778Z,2026-09-23T09:02:28.454Z,
flywheel,rstop-a6cc8ab6859c4ca2b0796e641ece5063,61b2368f-4200-46d0-8b21-a83f55e1cd81,,2026-09-23T07:54:26.976Z,2026-09-23T08:08:30.169Z,
flywheel,rstop-af6d30cb0442555bfa4aa6c4fb99f5eb,61b2368f-4200-46d0-8b21-a83f55e1cd81,,2026-09-23T07:54:50.380Z,2026-09-23T08:08:31.187Z,
flywheel,0e681a3c-c20d-4d0a-b33b-12e1a7a28abb,61b2368f-4200-46d0-8b21-a83f55e1cd81,review_code,2026-09-23T08:31:22.611Z,,2026-09-23T08:38:46.749Z
flywheel,0c479595-d4ee-436e-81b0-6ccfa43dae75,61b2368f-4200-46d0-8b21-a83f55e1cd81,question,2026-09-23T08:40:56.962Z,,2026-09-23T08:41:36.889Z
flywheel,dd9edf0b-7bd2-417a-849a-afefd4aa5e7e,61b2368f-4200-46d0-8b21-a83f55e1cd81,review_code,2026-09-23T08:49:18.343Z,,2026-09-23T08:53:12.716Z
flywheel,aa767f41-6c0b-41a1-a7e8-95021ddac0f7,61b2368f-4200-46d0-8b21-a83f55e1cd81,,2026-09-23T08:56:44.317Z,2026-09-23T09:29:54.423Z,
flywheel,rstop-1298399b034b44d09cfa53f402d26ef0,61b2368f-4200-46d0-8b21-a83f55e1cd81,,2026-09-23T08:58:19.501Z,2026-09-23T09:01:07.590Z,
flywheel,74a302ab-4de1-47a6-b515-fd45c18f33e4,61b2368f-4200-46d0-8b21-a83f55e1cd81,,2026-09-23T09:00:16.373Z,2026-09-23T09:35:44.458Z,
flywheel,rstop-7d94cc80504350e0d9f159efada632a1,61b2368f-4200-46d0-8b21-a83f55e1cd81,,2026-09-23T09:01:59.940Z,2026-09-23T09:04:18.857Z,
flywheel,82ecef6a-f7a7-4824-b885-5bc8b797f94b,634930a6-eb1b-4a95-a347-0e37a9eda281,,2026-09-23T16:36:48.310Z,2026-09-23T20:10:54.863Z,
flywheel,rstop-75d1b5573e1bba7d0588f6ccd64208dd,634930a6-eb1b-4a95-a347-0e37a9eda281,,2026-09-23T16:37:57.238Z,2026-09-23T16:38:02.067Z,
flywheel,rstop-7d13ef7ab294042528e87fe7d1515aec,634930a6-eb1b-4a95-a347-0e37a9eda281,,2026-09-23T16:38:25.976Z,2026-09-23T16:38:31.731Z,
flywheel,a1ac8997-5bcf-4c65-91df-bcce7af6dcbd,64296b33-c8e6-4132-9fd9-821dc25e0f16,,2026-09-25T07:42:18.252Z,,2026-09-25T07:42:26.428Z
flywheel,2ca53954-0c06-454a-9df3-ca633e881dde,64296b33-c8e6-4132-9fd9-821dc25e0f16,question,2026-09-25T08:00:29.982Z,2026-09-25T08:01:00.159Z,2026-09-25T08:00:57.534Z
flywheel,826d1fb3-2494-4484-8db7-8a249a1a4614,64296b33-c8e6-4132-9fd9-821dc25e0f16,,2026-09-25T08:14:29.992Z,,2026-09-25T08:15:01.200Z
flywheel,f17c35ff-bc40-4b97-8ab1-c0862d03573a,64296b33-c8e6-4132-9fd9-821dc25e0f16,,2026-09-25T08:15:38.500Z,,2026-09-25T08:16:10.953Z
flywheel,0d526a1f-a942-4a91-ae05-ee787a271ac3,64296b33-c8e6-4132-9fd9-821dc25e0f16,,2026-09-25T08:16:09.277Z,2026-09-25T11:27:13.161Z,
flywheel,37869879-14a3-481d-a47b-49c67d8d3023,64296b33-c8e6-4132-9fd9-821dc25e0f16,,2026-09-25T10:34:33.986Z,,2026-09-25T10:34:44.452Z
flywheel,884e4647-ea79-4556-8971-d7c2cff66fd4,64296b33-c8e6-4132-9fd9-821dc25e0f16,,2026-09-25T10:37:34.997Z,2026-09-25T11:27:13.161Z,
flywheel,b4c117df-b5c9-44a8-8231-ad374f09a499,645a3383-2ccc-435d-90bf-ddeb5d6ac9eb,,2026-09-24T07:59:42.236Z,,2026-09-24T08:20:57.735Z
flywheel,e39306ea-b5d6-43fd-97a4-b1dbe574ee16,645a3383-2ccc-435d-90bf-ddeb5d6ac9eb,,2026-09-24T08:47:02.179Z,2026-09-24T12:16:32.162Z,
flywheel,2270f643-c81a-4925-a4b7-102fc9961cf0,645a3383-2ccc-435d-90bf-ddeb5d6ac9eb,,2026-09-24T08:49:53.187Z,2026-09-24T12:16:32.162Z,
flywheel,9db3adf6-0e6f-435a-9c07-6eb3d0da8f50,645a3383-2ccc-435d-90bf-ddeb5d6ac9eb,review_code,2026-09-24T09:05:26.626Z,,2026-09-24T09:26:32.903Z
flywheel,c722d51a-ffcb-4ca7-a674-a36235f6079d,645a3383-2ccc-435d-90bf-ddeb5d6ac9eb,review_code,2026-09-24T09:58:47.410Z,,2026-09-24T10:06:39.872Z
flywheel,fa7d2fe8-bf3b-496c-b8b3-cec1ac9c33ea,645a3383-2ccc-435d-90bf-ddeb5d6ac9eb,,2026-09-24T10:07:02.155Z,,2026-09-24T10:08:49.799Z
flywheel,56761ff9-b8ec-4921-8fa3-8e66661b0d62,645a3383-2ccc-435d-90bf-ddeb5d6ac9eb,,2026-09-24T10:08:53.817Z,2026-09-24T12:16:32.162Z,
flywheel,rstop-4c02d15cba8450bfec4322bd2f4b097c,645a3383-2ccc-435d-90bf-ddeb5d6ac9eb,,2026-09-24T10:09:31.335Z,2026-09-24T10:11:41.721Z,
flywheel,e7399056-6587-4a60-a042-db6c102bf9a9,645a3383-2ccc-435d-90bf-ddeb5d6ac9eb,review_code,2026-09-24T10:49:21.804Z,,2026-09-24T10:56:16.664Z
flywheel,8ca4a091-546a-4297-ac38-e5b067c0df08,645a3383-2ccc-435d-90bf-ddeb5d6ac9eb,,2026-09-24T10:57:46.944Z,,2026-09-24T11:01:22.828Z
flywheel,efe67109-da01-4868-805a-761c51536886,645a3383-2ccc-435d-90bf-ddeb5d6ac9eb,,2026-09-24T11:00:59.241Z,2026-09-24T12:16:32.162Z,
flywheel,d4be5c9b-e205-45e5-9f46-f14e962f0329,6520c919-ded0-46e6-bfa5-76bba81770c6,question,2026-09-24T07:58:02.373Z,,2026-09-24T08:20:56.182Z
flywheel,a589bcee-a661-4209-b4ac-e2177df7ddfd,6520c919-ded0-46e6-bfa5-76bba81770c6,,2026-09-24T07:59:51.184Z,,2026-09-24T08:20:56.563Z
flywheel,1eff81cc-743c-4249-9a52-0c729a5d637d,6520c919-ded0-46e6-bfa5-76bba81770c6,,2026-09-24T08:23:33.285Z,2026-09-24T11:43:41.737Z,
flywheel,1380f6b4-8d58-4af2-91ad-5bde87c126b2,6520c919-ded0-46e6-bfa5-76bba81770c6,review_code,2026-09-24T08:27:18.619Z,,2026-09-24T08:42:47.865Z
flywheel,b19e9209-fa87-4de4-b117-f84bb8224ed4,6520c919-ded0-46e6-bfa5-76bba81770c6,review_code,2026-09-24T08:48:36.513Z,,2026-09-24T08:56:13.027Z
flywheel,214ee171-0803-4d8f-8cdb-916476f2abdd,6520c919-ded0-46e6-bfa5-76bba81770c6,,2026-09-24T08:56:54.182Z,2026-09-24T11:43:41.737Z,
flywheel,fa79d1a5-ea1d-4bb5-be12-98148ee7f270,6520c919-ded0-46e6-bfa5-76bba81770c6,,2026-09-24T08:56:54.405Z,2026-09-24T11:43:41.737Z,
flywheel,rstop-c5485239471d5a0ac491ccea520e4962,6520c919-ded0-46e6-bfa5-76bba81770c6,,2026-09-24T08:58:11.307Z,2026-09-24T09:03:22.750Z,
flywheel,rstop-4b4dc09d1c1c10d23c28555f3626c958,6520c919-ded0-46e6-bfa5-76bba81770c6,,2026-09-24T09:00:08.848Z,2026-09-24T09:03:23.761Z,
flywheel,1b703ac6-28c4-4bd6-baf3-ffe29cde24f4,6520c919-ded0-46e6-bfa5-76bba81770c6,,2026-09-24T10:39:48.607Z,2026-09-24T11:43:41.737Z,
flywheel,5d96bfbc-b6eb-488b-9515-837877a285ee,6520c919-ded0-46e6-bfa5-76bba81770c6,review_code,2026-09-24T11:32:40.768Z,,2026-09-24T11:39:42.782Z
flywheel,0b1e077b-f73a-4523-8698-b486d4c396c1,6520c919-ded0-46e6-bfa5-76bba81770c6,,2026-09-24T11:40:28.041Z,,2026-09-24T11:41:31.230Z
flywheel,7ee5cb72-866b-423d-843b-9d9069b5e6c8,6520c919-ded0-46e6-bfa5-76bba81770c6,,2026-09-24T11:42:06.269Z,2026-09-24T12:13:08.874Z,
flywheel,2fad27c2-df1a-4d48-861d-fbccb34517cb,65f86cca-b3f7-4cbd-a9c2-2a16b2c8ebdd,,2026-09-18T03:31:49.321Z,,
flywheel,c4fe4a2c-ae05-4334-9cc1-7f56b549e69c,6615017e-0ac1-4b05-a11a-4919f764fe0f,,2026-09-24T19:29:23.480Z,,2026-09-24T19:40:05.451Z
flywheel,3a7e1c3e-c429-491d-9578-d2757ed5795b,6615017e-0ac1-4b05-a11a-4919f764fe0f,review_code,2026-09-24T19:41:41.597Z,,2026-09-24T20:11:48.811Z
flywheel,629e0c1d-d4c5-41d5-aa01-bc06be7523a9,6615017e-0ac1-4b05-a11a-4919f764fe0f,,2026-09-24T19:42:01.227Z,2026-09-25T03:44:50.121Z,
flywheel,5bac7ff4-3ee7-4caf-af44-efc93dd51d36,6615017e-0ac1-4b05-a11a-4919f764fe0f,,2026-09-24T20:13:37.041Z,,2026-09-24T20:14:50.133Z
flywheel,460859af-b8e3-4312-b844-3b3151ba3c06,6615017e-0ac1-4b05-a11a-4919f764fe0f,review_code,2026-09-24T20:31:14.735Z,,2026-09-24T20:41:00.165Z
flywheel,930c1070-7714-4594-8059-a5d169899e42,6615017e-0ac1-4b05-a11a-4919f764fe0f,,2026-09-24T20:31:28.685Z,2026-09-25T03:44:50.121Z,
flywheel,862fc9f3-0375-4b5d-8a76-293c401c095e,6615017e-0ac1-4b05-a11a-4919f764fe0f,,2026-09-24T20:42:25.772Z,2026-09-25T03:44:50.121Z,
flywheel,dd15c43c-162e-4870-a069-ca90c25ba934,6615017e-0ac1-4b05-a11a-4919f764fe0f,review_code,2026-09-24T23:36:08.217Z,,2026-09-24T23:50:59.458Z
flywheel,f8d548ed-7c13-44ca-805f-2afd9327adbd,6615017e-0ac1-4b05-a11a-4919f764fe0f,,2026-09-24T23:36:29.093Z,,2026-09-24T23:42:15.893Z
flywheel,ac2dd54b-04dd-46e0-94c1-6ac5ed6be98f,6615017e-0ac1-4b05-a11a-4919f764fe0f,,2026-09-24T23:42:36.643Z,,2026-09-24T23:48:28.745Z
flywheel,5655ecea-a40e-4ad0-bec5-0b41ad7418c7,6615017e-0ac1-4b05-a11a-4919f764fe0f,,2026-09-24T23:51:57.704Z,,2026-09-24T23:53:16.832Z
flywheel,21b61869-5418-4bfc-b09c-7ee00c90854f,6615017e-0ac1-4b05-a11a-4919f764fe0f,review_code,2026-09-24T23:57:35.060Z,,2026-09-25T00:02:40.044Z
flywheel,d590c4bc-29f6-497c-824e-66b287044f09,6615017e-0ac1-4b05-a11a-4919f764fe0f,,2026-09-24T23:57:43.244Z,,2026-09-24T23:57:48.458Z
flywheel,70166536-61c9-4a5f-8649-de23e345449a,6615017e-0ac1-4b05-a11a-4919f764fe0f,,2026-09-25T00:03:32.139Z,,2026-09-25T00:04:25.937Z
flywheel,528acc1a-b551-478d-b0d3-121bbc5581b1,6615017e-0ac1-4b05-a11a-4919f764fe0f,review_code,2026-09-25T00:58:12.965Z,,2026-09-25T03:36:55.049Z
flywheel,7c20677b-2190-410e-b12d-1a6990163547,6615017e-0ac1-4b05-a11a-4919f764fe0f,,2026-09-25T00:58:24.009Z,,2026-09-25T00:58:56.136Z
flywheel,f71370de-9e1e-4197-9330-2a0cd3434523,6615017e-0ac1-4b05-a11a-4919f764fe0f,,2026-09-25T03:34:06.937Z,2026-09-25T04:11:40.627Z,
flywheel,d5728a2f-3336-4a19-a45e-20421a8689d5,6615017e-0ac1-4b05-a11a-4919f764fe0f,,2026-09-25T03:38:41.082Z,2026-09-25T04:11:40.631Z,
flywheel,89faed30-5cd9-4585-93d5-2adbd7f6fad9,66d0759c-5738-458f-ab4e-2a6587ba5e71,,2026-09-24T23:56:40.156Z,,2026-09-24T23:56:49.436Z
flywheel,02387fa8-f26c-4068-ae0b-427f7efe1ca1,66d0759c-5738-458f-ab4e-2a6587ba5e71,,2026-09-25T00:29:29.825Z,2026-09-25T05:19:47.406Z,
flywheel,3eef193f-31aa-4300-8414-0f5db750e76f,66d85824-6da8-4be9-8efb-0652198442e8,review_code,2026-09-25T00:54:14.850Z,,2026-09-25T05:11:15.290Z
flywheel,93c8574f-fd16-457a-9754-e786032c2cab,66d85824-6da8-4be9-8efb-0652198442e8,,2026-09-25T05:12:48.879Z,,2026-09-25T05:17:03.536Z
flywheel,91651744-ef2c-4541-b35d-ea803064d578,66d85824-6da8-4be9-8efb-0652198442e8,review_code,2026-09-25T06:16:39.829Z,,2026-09-25T06:24:46.651Z
flywheel,a1cfbf97-acdc-423f-a362-15f88d2b8bef,66d85824-6da8-4be9-8efb-0652198442e8,,2026-09-25T06:26:08.274Z,2026-09-25T06:56:48.397Z,
flywheel,3c33dd1c-52bd-4bc5-84b9-f7eca69f29e1,675852be-edec-4c65-a4bd-cbb23ba3ce9e,,2026-09-24T23:52:32.259Z,,2026-09-24T23:53:17.155Z
flywheel,b0c74676-328a-45d8-a3c4-e51d4b3fc147,675852be-edec-4c65-a4bd-cbb23ba3ce9e,,2026-09-25T00:19:30.258Z,,
flywheel,fd53f314-6692-4665-826c-234e38248270,675852be-edec-4c65-a4bd-cbb23ba3ce9e,,2026-09-25T00:20:22.293Z,,
flywheel,384b753c-806f-4be6-80c2-ee1ce780589f,6838cb1f-6346-4086-a99d-7c30b9e35560,,2026-09-23T07:39:16.455Z,2026-09-23T08:13:36.602Z,
flywheel,rstop-cff7b337fbbbb2bc7a66d0fd28b83b73,6838cb1f-6346-4086-a99d-7c30b9e35560,,2026-09-23T07:42:12.539Z,2026-09-23T08:08:20.009Z,
flywheel,4c257881-f112-44e4-87bd-0310fe913668,6838cb1f-6346-4086-a99d-7c30b9e35560,,2026-09-23T07:43:03.058Z,2026-09-23T08:13:36.603Z,
flywheel,61b8371f-bec9-4da3-a541-58231181af9d,6a68c310-0609-4488-9947-d8b41abbb41e,review_code,2026-09-23T08:31:04.608Z,,2026-09-23T08:44:29.857Z
flywheel,rstop-17699db852be3d87ab0c1e7b5f9a1a1b,6a68c310-0609-4488-9947-d8b41abbb41e,,2026-09-23T08:43:54.648Z,2026-09-23T08:48:23.346Z,
flywheel,bc7d4764-5f44-4265-b756-eb6be25d96b6,6a68c310-0609-4488-9947-d8b41abbb41e,review_code,2026-09-23T08:56:39.120Z,,2026-09-23T09:04:22.396Z
flywheel,rstop-3bb015644fc9c53980d7113cec79cae7,6a68c310-0609-4488-9947-d8b41abbb41e,,2026-09-23T09:01:38.766Z,2026-09-23T09:04:18.856Z,
flywheel,a07ca02d-db39-47b6-868c-81079ff5cd40,6a68c310-0609-4488-9947-d8b41abbb41e,review_code,2026-09-23T09:11:12.414Z,,2026-09-23T09:16:23.396Z
flywheel,rstop-e111dfbd152993069b9d2e09ed435918,6a68c310-0609-4488-9947-d8b41abbb41e,,2026-09-23T09:14:17.316Z,2026-09-23T09:14:32.199Z,
flywheel,8a19049a-fc23-4957-b425-29d0af46af52,6a68c310-0609-4488-9947-d8b41abbb41e,,2026-09-23T09:17:03.931Z,2026-09-23T10:46:18.714Z,
flywheel,99aa3d3e-9142-46d6-ad09-10a6b1315a15,6a68c310-0609-4488-9947-d8b41abbb41e,,2026-09-23T09:18:11.254Z,,2026-09-23T09:20:50.322Z
flywheel,rstop-a97678be7255b29434e0e29a74679967,6a68c310-0609-4488-9947-d8b41abbb41e,,2026-09-23T09:20:24.528Z,2026-09-23T09:20:51.380Z,
flywheel,rstop-97c710865c20cdcf208ead325a243317,6a68c310-0609-4488-9947-d8b41abbb41e,,2026-09-23T09:23:12.404Z,2026-09-23T09:25:18.857Z,
flywheel,rstop-104c3860cdee0d3c8103ca434492683e,6a68c310-0609-4488-9947-d8b41abbb41e,,2026-09-23T09:23:25.859Z,2026-09-23T09:25:19.865Z,
flywheel,85503228-10c6-49c4-9bc0-ad6d63c89583,6a68c310-0609-4488-9947-d8b41abbb41e,,2026-09-23T09:37:21.492Z,2026-09-23T10:46:18.714Z,
flywheel,a2355785-d769-4c6b-a3f3-df206c23cb31,6a68c310-0609-4488-9947-d8b41abbb41e,review_code,2026-09-23T10:05:29.964Z,2026-09-23T10:12:15.086Z,
flywheel,a59f8158-2cd3-4739-9422-19a2490eef5c,6a68c310-0609-4488-9947-d8b41abbb41e,review_code,2026-09-23T10:12:10.378Z,,2026-09-23T10:16:10.749Z
flywheel,4623c5ce-ffb3-47a0-8d31-8c09820511af,6a68c310-0609-4488-9947-d8b41abbb41e,,2026-09-23T10:12:35.977Z,,2026-09-23T10:12:42.819Z
flywheel,c52f6e09-c948-46fb-a97b-dc5e79a714e9,6a68c310-0609-4488-9947-d8b41abbb41e,review_code,2026-09-23T10:24:36.403Z,,2026-09-23T10:27:17.594Z
flywheel,758013fb-5428-4497-9043-87f33ec12126,6a68c310-0609-4488-9947-d8b41abbb41e,,2026-09-23T10:27:57.093Z,,2026-09-23T10:28:15.898Z
flywheel,0b7a0399-ffab-4981-8d18-7f883afe1c90,6a68c310-0609-4488-9947-d8b41abbb41e,review_code,2026-09-23T10:36:14.232Z,,2026-09-23T10:39:03.087Z
flywheel,94132016-0e2a-43e7-8d06-05d39955f85a,6a68c310-0609-4488-9947-d8b41abbb41e,,2026-09-23T10:39:39.684Z,,2026-09-23T10:39:48.255Z
flywheel,d8a5447f-3e67-43cc-8927-4925f95beeb8,6a68c310-0609-4488-9947-d8b41abbb41e,,2026-09-23T10:45:23.174Z,2026-09-23T11:16:19.188Z,
flywheel,e61f3dd7-291e-4ea6-b8a4-1c6e3286f832,6a97cf20-c3a3-41b8-8fd7-6dd0144636fa,,2026-09-23T13:03:41.867Z,,2026-09-23T13:03:55.244Z
flywheel,1a486579-042f-48fc-9946-4ce1f39d6f51,6a97cf20-c3a3-41b8-8fd7-6dd0144636fa,,2026-09-23T13:36:07.397Z,2026-09-23T16:13:54.665Z,
flywheel,238e0578-2c09-488c-86fc-d499cbd66ea6,6a97cf20-c3a3-41b8-8fd7-6dd0144636fa,,2026-09-23T13:42:45.868Z,2026-09-23T16:13:54.665Z,
flywheel,639c7dae-98a0-431a-b882-880cf5418677,6a97cf20-c3a3-41b8-8fd7-6dd0144636fa,,2026-09-23T13:48:57.318Z,2026-09-23T16:13:54.665Z,
flywheel,67bfafb4-a649-4c24-9090-e047c3020029,6a97cf20-c3a3-41b8-8fd7-6dd0144636fa,,2026-09-23T14:54:35.348Z,2026-09-23T16:13:54.665Z,
flywheel,d1641769-b128-4a50-9f2d-a433b0069838,6a97cf20-c3a3-41b8-8fd7-6dd0144636fa,,2026-09-23T16:13:31.117Z,2026-09-23T16:45:10.000Z,
flywheel,c9b9b8e4-f3a8-4cd4-b7ce-4b28e3733de2,6b5615a3-985e-4eba-a52e-12ae55012e50,review_code,2026-09-23T08:26:32.656Z,2026-09-23T08:32:08.414Z,
flywheel,a0d521e8-27d5-4d31-816c-b0886ed35f3c,6c63ad31-511d-4d2d-b728-ab5763358759,,2026-09-23T10:56:49.756Z,,2026-09-23T10:57:05.098Z
flywheel,c14bff74-ab04-404a-98f6-c8eb73af729e,6c63ad31-511d-4d2d-b728-ab5763358759,,2026-09-23T11:02:51.166Z,,2026-09-23T11:02:57.441Z
flywheel,77f4b3c3-8e0f-4b74-8f0d-f667434ae39e,6c63ad31-511d-4d2d-b728-ab5763358759,,2026-09-23T12:06:02.521Z,,2026-09-23T12:08:47.496Z
flywheel,workflow-gate:387da087a409a226ab33049514b41529d83b159dfc7dd8d45e588aa4f567bacb,6c63ad31-511d-4d2d-b728-ab5763358759,approve_to_ship,2026-09-23T12:06:07.029Z,,2026-09-23T16:28:56.923Z
flywheel,a9d35775-db4c-48cc-b0aa-71c0a6604e07,6c63ad31-511d-4d2d-b728-ab5763358759,,2026-09-23T13:18:34.622Z,2026-09-23T21:11:40.013Z,
flywheel,ff26c78c-a0da-48f6-9702-f6dcf81aa7eb,6c63ad31-511d-4d2d-b728-ab5763358759,,2026-09-23T16:29:31.546Z,2026-09-23T21:11:40.013Z,
flywheel,3fd71fa1-d57a-4ab7-a725-2b6b123a6148,6cf12dd3-69dd-45a1-b27c-1880069ab8f4,,2026-09-25T19:35:40.968Z,,2026-09-25T19:36:23.579Z
flywheel,workflow-gate:d0babfec15ea3d98439dd63b6b5f478133684fdab43d71e7c52e61467bfdb654,6cf12dd3-69dd-45a1-b27c-1880069ab8f4,approve_to_ship,2026-09-25T19:35:42.226Z,,2026-09-25T19:41:44.879Z
flywheel,0cd90dd6-d135-4095-8303-e3fe345aaf99,6cf12dd3-69dd-45a1-b27c-1880069ab8f4,,2026-09-25T19:43:51.290Z,2026-09-25T20:18:19.799Z,
flywheel,f008a046-fce8-45d2-bdb3-77a1fc22c286,6e8742ea-95b3-45dc-822e-6c1458327478,review_code,2026-09-25T01:13:32.887Z,,2026-09-25T03:41:52.718Z
flywheel,rstop-b7d40b951cafb815cfbd1230845a69cd,6e8742ea-95b3-45dc-822e-6c1458327478,,2026-09-25T02:01:20.118Z,2026-09-25T03:31:46.105Z,
flywheel,b4892c33-9d7a-463e-92aa-49c63bb356c1,6e8742ea-95b3-45dc-822e-6c1458327478,,2026-09-25T03:42:16.964Z,2026-09-25T04:34:15.259Z,
flywheel,1b63c4a0-dd96-4451-835f-4bf99d70c4a0,6e8742ea-95b3-45dc-822e-6c1458327478,,2026-09-25T03:48:35.383Z,2026-09-25T04:34:15.259Z,
flywheel,rstop-e1cdf0b27e07c0bfa1c510878c21f7f0,6e8742ea-95b3-45dc-822e-6c1458327478,,2026-09-25T03:48:51.588Z,2026-09-25T03:50:56.511Z,
flywheel,rstop-5b10bb0c11f4dfb8cd67db0389e5eff2,6e8742ea-95b3-45dc-822e-6c1458327478,,2026-09-25T03:49:01.578Z,2026-09-25T03:50:57.541Z,
flywheel,a5a656c8-12ef-4cdb-83e1-1b1ad0bb8f0c,70277118-7815-4dbe-bd94-f105da07a6c3,,2026-09-24T20:43:21.998Z,,2026-09-24T20:43:55.658Z
flywheel,80acfb54-72d2-40a8-ae2d-682c6b00d1cf,70277118-7815-4dbe-bd94-f105da07a6c3,,2026-09-24T20:48:49.086Z,,2026-09-24T20:50:59.277Z
flywheel,f7d78a18-2d88-4b39-bf7b-d5704f12df59,70277118-7815-4dbe-bd94-f105da07a6c3,,2026-09-24T21:02:22.774Z,,2026-09-24T21:07:16.696Z
flywheel,dd3fefc3-91eb-4e46-9707-b09d3f30d7e4,70277118-7815-4dbe-bd94-f105da07a6c3,,2026-09-24T21:15:51.620Z,,2026-09-24T21:15:56.452Z
flywheel,d5b31872-7766-48e3-8e69-54897a2301fc,70277118-7815-4dbe-bd94-f105da07a6c3,,2026-09-24T22:02:34.305Z,,2026-09-24T22:02:54.843Z
flywheel,366e8a22-1a9e-454f-a503-9cd51987ae5c,70277118-7815-4dbe-bd94-f105da07a6c3,,2026-09-24T22:30:34.950Z,,2026-09-24T22:30:43.461Z
flywheel,5c68ce2d-7450-4670-b492-0dc1a539de6a,70277118-7815-4dbe-bd94-f105da07a6c3,,2026-09-24T22:31:54.721Z,,2026-09-24T22:32:08.348Z
flywheel,fb98f3e7-75c7-4fac-ba0c-d8ec17475d90,70277118-7815-4dbe-bd94-f105da07a6c3,,2026-09-24T22:32:43.977Z,,2026-09-24T22:33:19.821Z
flywheel,1c138a0e-cb94-404f-9790-0d360f3c274e,70277118-7815-4dbe-bd94-f105da07a6c3,,2026-09-24T22:34:44.607Z,,2026-09-24T22:35:51.842Z
flywheel,0c4fd89f-2474-4e76-9648-ce765d948db9,70277118-7815-4dbe-bd94-f105da07a6c3,,2026-09-24T22:37:27.670Z,,2026-09-24T22:39:31.802Z
flywheel,4af07e6a-8487-4bc2-967c-b8b4495c7a25,70277118-7815-4dbe-bd94-f105da07a6c3,,2026-09-24T22:55:48.602Z,,2026-09-24T22:59:31.519Z
flywheel,d9aaaa65-3cb8-4248-b4ff-7d545eec8259,70277118-7815-4dbe-bd94-f105da07a6c3,,2026-09-24T23:08:55.631Z,,2026-09-24T23:09:18.431Z
flywheel,3cb60703-0525-4c56-b36d-6d0c39b763d9,70277118-7815-4dbe-bd94-f105da07a6c3,,2026-09-24T23:09:26.869Z,,2026-09-24T23:10:14.240Z
flywheel,0a74fab8-d96f-4f88-b61a-a15c228629b8,70277118-7815-4dbe-bd94-f105da07a6c3,,2026-09-24T23:11:51.913Z,,2026-09-24T23:12:19.224Z
flywheel,30c32039-fb07-495c-9903-2158a9ca3c7d,70277118-7815-4dbe-bd94-f105da07a6c3,,2026-09-24T23:16:32.236Z,,2026-09-24T23:18:56.071Z
flywheel,80807135-6c36-4a5b-99cd-4c09e478e69c,70277118-7815-4dbe-bd94-f105da07a6c3,,2026-09-24T23:18:13.619Z,,2026-09-24T23:25:20.968Z
flywheel,74d0a69b-b80a-4d36-b0ea-c3729487f979,70277118-7815-4dbe-bd94-f105da07a6c3,,2026-09-24T23:18:35.318Z,,2026-09-24T23:25:21.214Z
flywheel,67f2e40d-54a6-4c52-9198-22ee9c7fca03,70277118-7815-4dbe-bd94-f105da07a6c3,,2026-09-24T23:19:25.751Z,,2026-09-24T23:25:21.458Z
flywheel,60894472-145f-4e11-aba9-5583b1d41101,70277118-7815-4dbe-bd94-f105da07a6c3,,2026-09-25T00:21:08.622Z,,2026-09-25T00:21:21.870Z
flywheel,2fabcf15-6fd5-41b9-b8f6-7917c821fb87,70277118-7815-4dbe-bd94-f105da07a6c3,,2026-09-25T00:23:40.855Z,,2026-09-25T00:24:10.452Z
flywheel,71c540a2-6dc5-46f8-bec7-8e3b870a032e,70277118-7815-4dbe-bd94-f105da07a6c3,,2026-09-25T00:24:01.365Z,,2026-09-25T00:24:48.259Z
flywheel,e78814ce-1414-4815-902e-80e663706cae,705d34cd-74cd-47b5-9c6e-9a37e5979cc1,,2026-09-24T10:47:08.128Z,,2026-09-24T10:50:04.090Z
flywheel,cfd8447d-0c1b-47d4-a99a-90b508c90a45,705d34cd-74cd-47b5-9c6e-9a37e5979cc1,,2026-09-24T11:26:42.112Z,,2026-09-24T11:29:41.848Z
flywheel,13a02684-72af-4d58-894c-a086b24bfe65,705d34cd-74cd-47b5-9c6e-9a37e5979cc1,,2026-09-24T11:32:25.945Z,2026-09-24T12:26:59.882Z,
flywheel,6b0b23f7-c465-49c7-9d18-249952df4d84,71842144-f09d-45d8-8540-a52e153bb97e,,2026-09-23T08:01:51.440Z,2026-09-23T09:14:27.744Z,
flywheel,28cb8c51-8a54-4c06-a13f-9ab3d610ad14,71842144-f09d-45d8-8540-a52e153bb97e,,2026-09-23T08:02:53.494Z,2026-09-23T09:14:27.744Z,
flywheel,rstop-1e610e8a758c89813f39f6ec729bf99e,71842144-f09d-45d8-8540-a52e153bb97e,,2026-09-23T08:02:59.941Z,2026-09-23T08:11:04.306Z,
flywheel,650e0d5f-413a-4806-9091-9cce11cdeb2f,71842144-f09d-45d8-8540-a52e153bb97e,,2026-09-23T08:03:53.430Z,2026-09-23T09:14:27.744Z,
flywheel,7a1e4a1f-e906-4cb5-9c53-d708503ca1a1,71f30da8-0e54-4891-8f49-3094504bfbd2,,2026-09-24T16:41:41.666Z,2026-09-25T00:16:40.155Z,
flywheel,workflow-gate:1967164e07aabb4c56307e612c0f895991545ea7552ca4cdf843774cbef0fd91,71f30da8-0e54-4891-8f49-3094504bfbd2,approve_to_ship,2026-09-24T16:41:48.085Z,2026-09-25T00:16:40.155Z,
flywheel,eff08972-24dd-40d4-8cb1-589bd24ff238,71f30da8-0e54-4891-8f49-3094504bfbd2,,2026-09-24T16:41:56.253Z,,2026-09-24T16:48:54.833Z
flywheel,589b400b-e859-404e-8cb5-e3f0f8d34e0b,71f30da8-0e54-4891-8f49-3094504bfbd2,,2026-09-24T16:53:50.672Z,,2026-09-24T17:07:57.343Z
flywheel,7bdfab97-0ea9-4637-ad19-9bf102e4d641,71f30da8-0e54-4891-8f49-3094504bfbd2,,2026-09-24T17:01:18.915Z,,2026-09-24T17:07:57.542Z
flywheel,c70b1bce-e54a-4cfc-872f-e869b8cb7853,71f30da8-0e54-4891-8f49-3094504bfbd2,,2026-09-24T17:16:24.119Z,,2026-09-24T17:24:42.888Z
flywheel,0ac0ba03-608e-4760-bfc5-f2e2e4b18d02,71f30da8-0e54-4891-8f49-3094504bfbd2,,2026-09-24T17:26:31.478Z,2026-09-25T00:16:40.155Z,
flywheel,a6c2b2d9-caff-442f-8607-934bb04b221c,71f30da8-0e54-4891-8f49-3094504bfbd2,,2026-09-24T18:52:51.259Z,2026-09-25T00:16:40.155Z,
flywheel,1fda1170-7ffe-47c9-ace3-2d283c9f2ff3,71f30da8-0e54-4891-8f49-3094504bfbd2,,2026-09-24T19:03:46.053Z,,2026-09-24T19:07:46.088Z
flywheel,fce93445-5b91-4f78-9d94-6bed34c66f8c,71f30da8-0e54-4891-8f49-3094504bfbd2,,2026-09-24T19:15:39.282Z,,2026-09-24T19:16:16.571Z
flywheel,c17a9e6a-cdaa-49ee-aee2-392649a5ce04,71f30da8-0e54-4891-8f49-3094504bfbd2,,2026-09-24T19:26:36.804Z,2026-09-25T00:16:40.155Z,
flywheel,3805271c-8ecd-4127-b919-499f25cdc53a,71f30da8-0e54-4891-8f49-3094504bfbd2,,2026-09-24T21:42:01.572Z,,2026-09-24T21:45:23.168Z
flywheel,48f4c32c-3b42-4f9d-b587-af8e268b1cd7,71f30da8-0e54-4891-8f49-3094504bfbd2,,2026-09-24T21:45:12.265Z,,2026-09-24T21:46:52.467Z
flywheel,c8eff9e9-1940-4bdc-a41f-600eba872c90,71f30da8-0e54-4891-8f49-3094504bfbd2,,2026-09-24T21:48:32.995Z,,2026-09-24T21:54:47.044Z
flywheel,d94ed69e-d629-4ade-b772-4fe30c83f7d2,71f30da8-0e54-4891-8f49-3094504bfbd2,,2026-09-24T21:52:04.200Z,,2026-09-24T21:54:46.871Z
flywheel,690e569a-32a6-4505-90d0-d07a0fdfd412,71f30da8-0e54-4891-8f49-3094504bfbd2,,2026-09-24T21:57:16.540Z,,2026-09-24T21:58:08.936Z
flywheel,f15e4ed9-bcb7-4160-b928-bdce44319d23,71f30da8-0e54-4891-8f49-3094504bfbd2,,2026-09-24T23:16:30.118Z,,2026-09-24T23:18:55.609Z
flywheel,e50f25fd-cbf5-4dd4-ba7b-119055f7f7e2,71f30da8-0e54-4891-8f49-3094504bfbd2,,2026-09-24T23:21:20.932Z,,2026-09-24T23:24:28.443Z
flywheel,75b1a0a9-4bd4-4cf7-a7be-e72a37689a0a,71f30da8-0e54-4891-8f49-3094504bfbd2,,2026-09-24T23:23:45.162Z,,2026-09-24T23:24:28.231Z
flywheel,af18ba60-3e4b-479f-9c47-ad86006dd928,71f30da8-0e54-4891-8f49-3094504bfbd2,,2026-09-24T23:26:10.415Z,,2026-09-24T23:27:07.276Z
flywheel,c05b532c-286e-4b37-a2e2-54d7c3b94d5d,71f30da8-0e54-4891-8f49-3094504bfbd2,,2026-09-24T23:33:57.977Z,,2026-09-24T23:37:10.016Z
flywheel,668c1dab-e6c3-4403-a105-dd1ec88d9853,72eacc06-8b9f-42d3-a3c7-8d6dbfcb9dd8,,2026-09-23T14:40:18.337Z,2026-09-23T15:33:00.162Z,
flywheel,rstop-09fa0a47271878ec03b16c0663fdd4ee,72eacc06-8b9f-42d3-a3c7-8d6dbfcb9dd8,,2026-09-23T14:49:58.794Z,2026-09-23T14:53:35.714Z,
flywheel,e978c900-7b7f-4915-9b7a-ccef26326d2b,72eacc06-8b9f-42d3-a3c7-8d6dbfcb9dd8,review_code,2026-09-23T15:11:01.317Z,,2026-09-23T15:27:55.960Z
flywheel,46a5582e-84f5-4235-8d69-20a348ea2f8b,72eacc06-8b9f-42d3-a3c7-8d6dbfcb9dd8,,2026-09-23T15:29:17.114Z,2026-09-23T16:03:17.373Z,
flywheel,d7515fd2-d27f-42b8-9487-737b0d9f0227,72eacc06-8b9f-42d3-a3c7-8d6dbfcb9dd8,,2026-09-23T15:32:31.621Z,2026-09-23T16:03:17.373Z,
flywheel,8e0d3a0f-1613-4f81-91e6-5a5653cb8095,73aec897-14b0-434e-b1db-8ea1e7b07d7e,,2026-09-23T21:50:18.395Z,2026-09-23T22:49:43.218Z,
flywheel,rstop-0bab3e72db5de000ed0ac0cd0b1326f2,73aec897-14b0-434e-b1db-8ea1e7b07d7e,,2026-09-23T21:51:14.926Z,2026-09-23T21:53:47.219Z,
flywheel,rstop-20a5c320cfc20976665be1565567c8fa,73aec897-14b0-434e-b1db-8ea1e7b07d7e,,2026-09-23T21:51:35.886Z,2026-09-23T21:53:48.244Z,
flywheel,rstop-01ec1cb1191b43f35f38a2e22ca8fed8,73aec897-14b0-434e-b1db-8ea1e7b07d7e,,2026-09-23T22:22:14.023Z,2026-09-23T22:26:35.789Z,
flywheel,a00ecc23-d00e-4088-9b60-202de216b889,748f3c9e-91c6-4fcf-b9d0-075935fdb430,,2026-09-24T12:22:57.893Z,,2026-09-24T12:25:47.731Z
flywheel,1c632d4d-24d4-4309-86f1-ecd1852528b1,748f3c9e-91c6-4fcf-b9d0-075935fdb430,review_code,2026-09-24T12:50:12.284Z,,2026-09-24T13:03:58.212Z
flywheel,38ced3f8-811d-46d2-a8ec-a9eb346dba1f,748f3c9e-91c6-4fcf-b9d0-075935fdb430,question,2026-09-24T13:04:49.067Z,,2026-09-24T13:06:28.903Z
flywheel,2f7ae032-12e9-4e24-8373-b4b45ca34e5b,748f3c9e-91c6-4fcf-b9d0-075935fdb430,question,2026-09-24T13:19:42.256Z,,2026-09-24T13:20:05.168Z
flywheel,2dbb582c-4ec2-40d4-b5ef-482dfaf9340d,748f3c9e-91c6-4fcf-b9d0-075935fdb430,review_code,2026-09-24T13:20:24.565Z,,2026-09-24T13:26:02.703Z
flywheel,2ee374e4-1f33-425f-acd5-e84c0151fd42,748f3c9e-91c6-4fcf-b9d0-075935fdb430,question,2026-09-24T13:26:19.659Z,,2026-09-24T13:26:36.999Z
flywheel,a146543d-5f0d-4824-b968-15de11164b83,748f3c9e-91c6-4fcf-b9d0-075935fdb430,review_code,2026-09-24T13:54:47.728Z,,2026-09-24T13:59:41.711Z
flywheel,edabfdb4-537d-4c74-b84b-a22162be5f27,748f3c9e-91c6-4fcf-b9d0-075935fdb430,,2026-09-24T14:00:23.197Z,2026-09-24T14:31:24.222Z,
flywheel,c46cbe62-631d-496d-ab86-6b617db26d23,748f3c9e-91c6-4fcf-b9d0-075935fdb430,,2026-09-24T14:01:00.044Z,2026-09-24T14:31:24.223Z,
flywheel,cffc35c8-0f0c-4720-b496-0e4801135d6d,7497f142-e7d5-458c-b030-285b5fd08d66,review_code,2026-09-23T05:26:50.127Z,,2026-09-23T05:34:32.545Z
flywheel,8acf0ed2-a3f4-4c96-918d-65eb2c9faeca,7497f142-e7d5-458c-b030-285b5fd08d66,,2026-09-23T05:35:52.669Z,,2026-09-23T05:47:33.575Z
flywheel,e8ce125b-8c55-4105-8850-8da89c00e094,7497f142-e7d5-458c-b030-285b5fd08d66,review_code,2026-09-23T05:39:57.697Z,,2026-09-23T05:43:25.321Z
flywheel,b7153bb3-e84f-42bc-a155-c9645cd50794,7497f142-e7d5-458c-b030-285b5fd08d66,,2026-09-23T05:44:50.257Z,,2026-09-23T05:52:38.444Z
flywheel,c7baabf2-120e-42da-b9fa-a432ad068946,7497f142-e7d5-458c-b030-285b5fd08d66,review_code,2026-09-23T05:46:49.513Z,,2026-09-23T05:50:30.381Z
flywheel,445502e3-465f-4b67-a478-050ae2432b8b,7497f142-e7d5-458c-b030-285b5fd08d66,,2026-09-23T05:51:54.730Z,,2026-09-23T05:53:54.489Z
flywheel,1a45432f-7008-4af1-a416-16932561463c,7497f142-e7d5-458c-b030-285b5fd08d66,review_code,2026-09-23T05:54:08.241Z,,2026-09-23T05:56:36.048Z
flywheel,33be37b9-7f35-47af-8f83-67a4f4efc002,7497f142-e7d5-458c-b030-285b5fd08d66,,2026-09-23T05:57:45.142Z,2026-09-23T07:04:00.111Z,
flywheel,0b9c766e-b731-46e7-b50f-bc13bdd4bbc8,7497f142-e7d5-458c-b030-285b5fd08d66,,2026-09-23T06:10:04.270Z,2026-09-23T07:04:00.111Z,
flywheel,rstop-f045f664157690ed4ae38baf4792110d,7497f142-e7d5-458c-b030-285b5fd08d66,,2026-09-23T06:11:37.308Z,2026-09-23T06:17:32.975Z,
flywheel,607a0696-e281-4cc9-bb17-2776d4ac9668,75e04312-3b3c-4786-b5ff-c5dab756a56c,,2026-09-25T08:52:08.659Z,2026-09-25T14:39:53.155Z,
flywheel,92bcd1b8-e4a8-4067-97c5-a4425cff04ba,75e04312-3b3c-4786-b5ff-c5dab756a56c,,2026-09-25T08:56:36.519Z,,2026-09-25T08:56:47.716Z
flywheel,74666098-6c07-408b-9a98-d362969e32e9,75e04312-3b3c-4786-b5ff-c5dab756a56c,,2026-09-25T09:00:58.383Z,2026-09-25T14:39:53.155Z,
flywheel,a946ddb5-e746-4d21-b75d-7527f1b3f1f4,75e04312-3b3c-4786-b5ff-c5dab756a56c,,2026-09-25T09:02:14.658Z,2026-09-25T14:39:53.155Z,
flywheel,73afe6d4-4b0e-4df0-a186-dde3f090ffb7,763a0587-4965-42a6-b22f-52db96dafde6,,2026-09-24T15:22:30.201Z,,2026-09-24T15:22:43.665Z
flywheel,83a98f74-db34-4f70-9e77-65c2c652b34d,763a0587-4965-42a6-b22f-52db96dafde6,,2026-09-24T15:38:38.957Z,,2026-09-24T15:39:26.680Z
flywheel,7c384849-b7ff-422d-8020-27992ba96f44,763a0587-4965-42a6-b22f-52db96dafde6,,2026-09-24T15:48:42.874Z,,2026-09-24T15:50:30.068Z
flywheel,e8b5b817-08ef-43a8-a8af-67e3e4b6165e,763a0587-4965-42a6-b22f-52db96dafde6,,2026-09-24T16:03:20.592Z,,2026-09-24T16:04:55.685Z
flywheel,f2387b26-7eae-4411-ab30-7d1f4272c98d,763a0587-4965-42a6-b22f-52db96dafde6,,2026-09-24T16:10:12.141Z,,2026-09-24T16:13:42.406Z
flywheel,9af94a9d-a589-4ebf-ae08-87ebd46366ec,763a0587-4965-42a6-b22f-52db96dafde6,,2026-09-24T16:21:34.769Z,,2026-09-24T16:28:00.248Z
flywheel,5e000601-5074-4dc8-b695-c7a7ee735af5,763a0587-4965-42a6-b22f-52db96dafde6,,2026-09-24T16:45:54.308Z,,2026-09-24T16:48:55.177Z
flywheel,b9d8f391-9d2b-4556-a7c6-872212897656,763a0587-4965-42a6-b22f-52db96dafde6,,2026-09-24T16:47:41.563Z,2026-09-24T17:30:39.610Z,
flywheel,7b6addf7-b586-4ea6-af59-9fa893f0f7f6,763a0587-4965-42a6-b22f-52db96dafde6,,2026-09-24T16:48:46.007Z,2026-09-24T17:30:39.610Z,
flywheel,a8c16d84-dbbb-4a97-9ba4-bb3003036967,7646d901-e2b0-4745-8a68-459034aa0411,,2026-09-24T14:53:49.558Z,,2026-09-24T15:08:14.209Z
flywheel,892afbce-fbbe-475b-b348-121206d2be39,7646d901-e2b0-4745-8a68-459034aa0411,,2026-09-24T15:23:54.684Z,,2026-09-24T15:25:22.722Z
flywheel,adc22f38-2715-4111-88b9-e9054b0b5483,7646d901-e2b0-4745-8a68-459034aa0411,,2026-09-24T15:31:38.366Z,,2026-09-24T15:32:31.463Z
flywheel,36d7e7c9-5c40-4ece-b383-f1e6bde9692b,764b8e3f-2f3c-4e1e-83c3-0e35e9cbbac0,,2026-09-23T05:22:51.842Z,2026-09-25T20:46:48.947Z,
flywheel,a00af684-46b9-4e72-949c-e9f8ba8cd2cc,764b8e3f-2f3c-4e1e-83c3-0e35e9cbbac0,,2026-09-23T05:27:04.117Z,,2026-09-23T05:27:41.720Z
flywheel,da361247-0631-43af-b7e1-f45613337ca0,764b8e3f-2f3c-4e1e-83c3-0e35e9cbbac0,,2026-09-23T05:29:30.071Z,,2026-09-23T05:32:29.533Z
flywheel,60bc3bec-ab60-412e-9cbf-441376cc9138,764b8e3f-2f3c-4e1e-83c3-0e35e9cbbac0,,2026-09-23T05:37:19.748Z,,2026-09-23T05:47:33.988Z
flywheel,04b152ee-8924-476b-be67-a774d66b3003,764b8e3f-2f3c-4e1e-83c3-0e35e9cbbac0,,2026-09-23T05:40:21.057Z,,2026-09-23T05:47:34.529Z
flywheel,7fedb16e-2289-42ec-93cf-f608ad9ec28a,764b8e3f-2f3c-4e1e-83c3-0e35e9cbbac0,question,2026-09-23T05:41:09.223Z,,2026-09-23T05:47:34.908Z
flywheel,rstop-b74110b24286292645c15a6760ba1ba3,764b8e3f-2f3c-4e1e-83c3-0e35e9cbbac0,,2026-09-23T05:43:46.303Z,2026-09-23T05:52:58.581Z,
flywheel,4e7f1be6-69af-4c59-93b3-5b48ca740207,764b8e3f-2f3c-4e1e-83c3-0e35e9cbbac0,,2026-09-23T05:50:00.758Z,,2026-09-23T05:53:53.557Z
flywheel,rstop-392860486029a1a20c1d764488875610,764b8e3f-2f3c-4e1e-83c3-0e35e9cbbac0,,2026-09-23T05:50:26.197Z,2026-09-23T05:59:53.922Z,
flywheel,f76612b2-b898-4c2e-a7d2-75276f89d85a,764b8e3f-2f3c-4e1e-83c3-0e35e9cbbac0,,2026-09-23T06:10:39.141Z,2026-09-25T20:46:48.947Z,
flywheel,e64cabf9-1c63-47ac-b281-8790d73dddac,764b8e3f-2f3c-4e1e-83c3-0e35e9cbbac0,,2026-09-23T06:15:36.941Z,2026-09-25T20:46:48.947Z,
flywheel,38af5b58-aec8-460c-b214-1ef10aed78fc,764b8e3f-2f3c-4e1e-83c3-0e35e9cbbac0,,2026-09-23T06:20:48.216Z,2026-09-25T20:46:48.947Z,
flywheel,202d40b4-3cb4-4eb9-81f7-e8623b3aedec,764b8e3f-2f3c-4e1e-83c3-0e35e9cbbac0,,2026-09-23T06:20:48.542Z,2026-09-25T20:46:48.947Z,
flywheel,rstop-f7a414417ae8979f3590a9cd7114d533,764b8e3f-2f3c-4e1e-83c3-0e35e9cbbac0,,2026-09-23T06:21:09.410Z,2026-09-23T06:24:39.368Z,
flywheel,fa65d0e6-71cb-41a7-98e4-0df74ac2afad,764b8e3f-2f3c-4e1e-83c3-0e35e9cbbac0,,2026-09-23T06:25:43.480Z,2026-09-25T20:46:48.947Z,
flywheel,rstop-31dc2c4ed9f79510dcb9cc15ead9a9c6,764b8e3f-2f3c-4e1e-83c3-0e35e9cbbac0,,2026-09-23T06:51:44.375Z,2026-09-23T08:11:19.110Z,
flywheel,rstop-3df77b4d1578b8db8ef86ef074b3ee5e,764b8e3f-2f3c-4e1e-83c3-0e35e9cbbac0,,2026-09-23T07:22:03.736Z,2026-09-23T08:08:29.149Z,
flywheel,a6806da4-a005-4166-93f9-e0b802b77e8e,764b8e3f-2f3c-4e1e-83c3-0e35e9cbbac0,,2026-09-23T07:32:18.589Z,2026-09-25T20:46:48.947Z,
flywheel,55b259e2-6b5b-45ac-ae1b-2143fe09d7a0,764b8e3f-2f3c-4e1e-83c3-0e35e9cbbac0,question,2026-09-23T07:33:23.091Z,2026-09-25T20:46:48.947Z,
flywheel,65c54d9b-1534-44a0-aae2-bfcc2335c65c,76b0f604-3d22-44f9-a846-a37056920e5e,review_code,2026-09-23T15:30:10.820Z,,2026-09-23T15:51:03.580Z
flywheel,8cfa58b3-c4ad-4e70-b1d3-06955829cd7e,76b0f604-3d22-44f9-a846-a37056920e5e,,2026-09-23T15:52:33.798Z,2026-09-23T16:33:19.815Z,
flywheel,45cec568-df3d-4339-a383-517d843978c9,76b0f604-3d22-44f9-a846-a37056920e5e,,2026-09-23T16:04:06.292Z,2026-09-23T16:33:19.815Z,
flywheel,a2833dce-77ce-4cc8-b0fe-15125a9c0297,76b0f604-3d22-44f9-a846-a37056920e5e,review_code,2026-09-23T16:04:54.086Z,,2026-09-23T16:09:03.696Z
flywheel,85035bb5-d82d-484f-9409-16a5d77b1d7d,76b0f604-3d22-44f9-a846-a37056920e5e,,2026-09-23T16:10:53.628Z,2026-09-23T16:33:19.815Z,
flywheel,9c67cbaa-6d82-439b-bf42-65a47a1718a5,76b0f604-3d22-44f9-a846-a37056920e5e,,2026-09-23T16:11:26.832Z,2026-09-23T16:33:19.815Z,
flywheel,rstop-c36d61c51239fe9b2883cc9fcf8b41c6,76b0f604-3d22-44f9-a846-a37056920e5e,,2026-09-23T16:14:49.749Z,2026-09-23T16:15:51.987Z,
flywheel,eb2a3c35-dbd2-4e22-a0ff-e3dc14a5835f,76ffba1b-7d17-4e95-a0cc-5dfd7a06dbd3,,2026-09-16T04:13:32.337Z,,
flywheel,488adcd5-5794-4340-a29e-d58718e6b262,76ffba1b-7d17-4e95-a0cc-5dfd7a06dbd3,,2026-09-16T04:25:12.078Z,,
flywheel,3ed02357-d262-48ee-add6-9b1776bb1dd6,76ffba1b-7d17-4e95-a0cc-5dfd7a06dbd3,,2026-09-16T06:55:49.894Z,,
flywheel,f0a50ab1-8dc4-4945-93d1-998917f37053,76ffba1b-7d17-4e95-a0cc-5dfd7a06dbd3,,2026-09-16T07:04:37.690Z,,
flywheel,f26a5748-801d-4673-b427-2ce45d2b3949,76ffba1b-7d17-4e95-a0cc-5dfd7a06dbd3,,2026-09-16T07:04:38.742Z,,
flywheel,ab41510b-dfd4-4ec1-8632-fa25fce2ca64,76ffba1b-7d17-4e95-a0cc-5dfd7a06dbd3,,2026-09-16T07:04:39.411Z,,
flywheel,b2dd89b7-764e-4ff3-836e-e76de7067c62,76ffba1b-7d17-4e95-a0cc-5dfd7a06dbd3,,2026-09-16T07:51:18.310Z,,
flywheel,e3501ad1-4b78-4ffe-8512-605fe3a55a4f,76ffba1b-7d17-4e95-a0cc-5dfd7a06dbd3,,2026-09-16T07:52:06.336Z,,
flywheel,ab91aca8-e051-49a8-8c55-2ede46a3855f,76ffba1b-7d17-4e95-a0cc-5dfd7a06dbd3,question,2026-09-16T07:52:06.871Z,,
flywheel,69d1cc46-d0ce-4736-9839-9435b877a941,771d3bfa-cc7a-4292-bb0e-63d1fdc831d5,,2026-09-24T17:53:57.154Z,,2026-09-24T17:56:37.409Z
flywheel,30d6921e-13ef-4949-9abf-ed0634273d90,771d3bfa-cc7a-4292-bb0e-63d1fdc831d5,,2026-09-24T18:00:13.002Z,,2026-09-24T18:03:24.079Z
flywheel,rstop-41b86f691984db92f43b481e0bd07b8f,771d3bfa-cc7a-4292-bb0e-63d1fdc831d5,,2026-09-24T18:05:49.678Z,2026-09-24T18:06:08.981Z,
flywheel,bc0cf8a2-5007-42c4-862a-760d79fa0045,771d3bfa-cc7a-4292-bb0e-63d1fdc831d5,,2026-09-24T18:09:55.262Z,,2026-09-24T18:11:40.760Z
flywheel,rstop-8006706208ffa4202a28656d9712b517,771d3bfa-cc7a-4292-bb0e-63d1fdc831d5,,2026-09-24T18:10:24.103Z,2026-09-24T18:12:28.760Z,
flywheel,rstop-b66fb905037ad371d32231c617978aae,771d3bfa-cc7a-4292-bb0e-63d1fdc831d5,,2026-09-24T18:14:01.578Z,2026-09-24T18:19:45.946Z,
flywheel,9a2cbb51-6799-4483-9c10-5a30f8280c0a,771d3bfa-cc7a-4292-bb0e-63d1fdc831d5,,2026-09-24T18:20:11.159Z,2026-09-24T22:08:11.043Z,
flywheel,da305394-9397-45b3-898f-0e7f84305932,771d3bfa-cc7a-4292-bb0e-63d1fdc831d5,,2026-09-24T18:20:11.326Z,,2026-09-24T18:21:50.710Z
flywheel,rstop-a1932ae81eea46245466201bc4e51c15,771d3bfa-cc7a-4292-bb0e-63d1fdc831d5,,2026-09-24T18:20:32.085Z,2026-09-24T18:22:17.441Z,
flywheel,rstop-51f282b3402a8d724f289b34ac8fb542,771d3bfa-cc7a-4292-bb0e-63d1fdc831d5,,2026-09-24T18:21:21.303Z,2026-09-24T18:22:17.441Z,
flywheel,d1061161-1326-4bba-b69a-dcdaed1e56d2,771d3bfa-cc7a-4292-bb0e-63d1fdc831d5,,2026-09-24T18:24:33.556Z,,2026-09-24T18:27:43.003Z
flywheel,rstop-02958e8138d833d7c70ed3a43e168f35,771d3bfa-cc7a-4292-bb0e-63d1fdc831d5,,2026-09-24T18:25:18.973Z,2026-09-24T18:30:49.354Z,
flywheel,ca505b3b-f43b-49e5-b446-e125946b389b,771d3bfa-cc7a-4292-bb0e-63d1fdc831d5,,2026-09-24T18:25:50.866Z,2026-09-24T22:08:11.043Z,
flywheel,rstop-08020395f03e4d78f3d5e2eff2244514,771d3bfa-cc7a-4292-bb0e-63d1fdc831d5,,2026-09-24T18:26:39.431Z,2026-09-24T18:30:51.377Z,
flywheel,dd29daaf-5ca6-4844-82bd-7ccc09ea00af,771d3bfa-cc7a-4292-bb0e-63d1fdc831d5,review_code,2026-09-24T18:29:40.278Z,,2026-09-24T18:50:06.026Z
flywheel,32519726-4111-4dc8-b68e-e0abf8a22de2,771d3bfa-cc7a-4292-bb0e-63d1fdc831d5,,2026-09-24T18:29:52.874Z,2026-09-24T22:08:11.043Z,
flywheel,rstop-c559a1924abfe00e84e0329d58983384,771d3bfa-cc7a-4292-bb0e-63d1fdc831d5,,2026-09-24T18:30:02.173Z,2026-09-24T18:30:53.400Z,
flywheel,rstop-23b274d4d0e690c60db3cc0164af1cea,771d3bfa-cc7a-4292-bb0e-63d1fdc831d5,,2026-09-24T18:51:36.164Z,2026-09-24T19:13:45.427Z,
flywheel,e90716bf-bd46-44a8-9216-a12c277ad487,771d3bfa-cc7a-4292-bb0e-63d1fdc831d5,,2026-09-24T18:52:09.819Z,2026-09-24T22:08:11.043Z,
flywheel,rstop-eb9a2f0454c212906b248a47ded7579f,771d3bfa-cc7a-4292-bb0e-63d1fdc831d5,,2026-09-24T18:52:18.552Z,2026-09-24T19:13:46.438Z,
flywheel,41c4102e-4723-4812-b48b-cb730578337d,77a74671-5e7d-4fc4-af8f-1e1ee886ec53,review_design,2026-09-23T05:52:44.219Z,,2026-09-23T06:04:46.729Z
flywheel,06d24358-2466-4262-bf9a-ffb97c5ea666,7832d6f8-9b63-460a-b9ee-38de8aef3065,,2026-09-25T00:42:35.656Z,,2026-09-25T00:44:14.968Z
flywheel,64e105ff-5178-481b-8666-8238e62c56b7,7832d6f8-9b63-460a-b9ee-38de8aef3065,,2026-09-25T00:48:03.584Z,,2026-09-25T00:52:53.068Z
flywheel,24c337bd-4df1-4709-9cb5-eab04a99f3ce,7832d6f8-9b63-460a-b9ee-38de8aef3065,,2026-09-25T00:53:05.111Z,,2026-09-25T00:55:28.941Z
flywheel,a57bdf77-cfd2-42a4-bd09-c54de17bfaf7,7832d6f8-9b63-460a-b9ee-38de8aef3065,,2026-09-25T01:00:56.789Z,2026-09-25T03:37:40.235Z,
flywheel,43b80697-b7ae-45bf-ab40-4a8a020d720f,7832d6f8-9b63-460a-b9ee-38de8aef3065,,2026-09-25T01:14:14.467Z,,2026-09-25T01:32:46.706Z
flywheel,d1aa4bf2-2fe8-4373-aaaa-463692026223,7832d6f8-9b63-460a-b9ee-38de8aef3065,,2026-09-25T01:23:06.402Z,2026-09-25T03:37:40.235Z,
flywheel,rstop-fca32a2c5574c89d02427849fe81e4a3,7832d6f8-9b63-460a-b9ee-38de8aef3065,,2026-09-25T01:24:38.678Z,2026-09-25T01:27:19.007Z,
flywheel,rstop-cad4cea61ccd6431a85e2c5f598b548c,7832d6f8-9b63-460a-b9ee-38de8aef3065,,2026-09-25T01:26:12.372Z,2026-09-25T01:27:19.008Z,
flywheel,91f8b826-3cdd-44d8-b4ae-f50304ac28b9,7832d6f8-9b63-460a-b9ee-38de8aef3065,,2026-09-25T01:34:07.231Z,2026-09-25T03:37:40.235Z,
flywheel,576f53e5-42d8-46d4-a019-baf99eb4b000,7832d6f8-9b63-460a-b9ee-38de8aef3065,,2026-09-25T03:29:24.221Z,,2026-09-25T03:36:42.248Z
flywheel,fcb996a5-83de-45c7-8b70-09449629eaa5,7832d6f8-9b63-460a-b9ee-38de8aef3065,,2026-09-25T03:37:20.938Z,2026-09-25T04:11:40.630Z,
flywheel,rstop-94ecc46409c006156e656ef78dee4000,7832d6f8-9b63-460a-b9ee-38de8aef3065,,2026-09-25T03:37:33.880Z,2026-09-25T03:48:56.152Z,
flywheel,3c78b7ff-2279-4ac2-baba-4fb5a4aade74,7881493e-1258-4e46-9a43-0c8b5a8c1ed2,,2026-09-23T09:21:06.770Z,,2026-09-23T09:21:30.793Z
flywheel,5fe58a85-1007-4ceb-afb0-8a75ad6d8382,7881493e-1258-4e46-9a43-0c8b5a8c1ed2,,2026-09-23T09:37:35.597Z,2026-09-23T13:14:01.837Z,
flywheel,workflow-gate:180450709f44d1a927eddcfcba1f2dd3a6d99fb15703b1dc6e9f83e331ca3114,7881493e-1258-4e46-9a43-0c8b5a8c1ed2,approve_to_ship,2026-09-23T09:37:35.743Z,,2026-09-23T13:09:10.130Z
flywheel,a10f8a17-7ec3-4043-98d6-628fadbf71a8,78b25b52-09dc-4133-ac63-1bc7b059e74f,,2026-09-24T09:47:05.392Z,,2026-09-24T09:55:52.452Z
flywheel,c33f9a5e-15a8-461a-86e4-b021dafa1448,78b25b52-09dc-4133-ac63-1bc7b059e74f,,2026-09-24T10:03:22.020Z,,2026-09-24T10:04:53.871Z
flywheel,f9338713-5cea-4dde-9ac2-e21321e401e3,78b25b52-09dc-4133-ac63-1bc7b059e74f,,2026-09-24T10:03:36.328Z,,2026-09-24T10:04:54.061Z
flywheel,c96241c7-6034-49c8-a131-dd17c9f9c194,78b25b52-09dc-4133-ac63-1bc7b059e74f,,2026-09-24T10:05:38.636Z,,2026-09-24T10:07:06.520Z
flywheel,ef140aa4-a651-4bce-95a9-9a6c44df859f,78b25b52-09dc-4133-ac63-1bc7b059e74f,,2026-09-24T10:07:53.498Z,2026-09-24T16:26:29.170Z,
flywheel,workflow-gate:887ee965adcceb1a1456d49a58befb3eacae300019ed34eaddc76f61a4f9a36d,78b25b52-09dc-4133-ac63-1bc7b059e74f,approve_to_ship,2026-09-24T10:34:45.887Z,,2026-09-24T16:22:29.380Z
flywheel,a9597694-92f7-45a0-b28e-75f4841874c9,78b25b52-09dc-4133-ac63-1bc7b059e74f,,2026-09-24T10:34:58.706Z,,2026-09-24T10:37:34.485Z
flywheel,01905c60-716d-475c-be28-20e1e5bc3988,78b25b52-09dc-4133-ac63-1bc7b059e74f,,2026-09-24T16:23:41.803Z,2026-09-24T16:57:53.509Z,
flywheel,e2e67a68-54a8-4d45-815c-3cc493ed7428,7adbf914-1ac0-4e6e-aba5-07b9a7399dcb,review_design,2026-09-25T04:08:28.129Z,,2026-09-25T04:18:36.379Z
flywheel,04d4490e-afdb-471a-b02a-84d943758e1f,7adbf914-1ac0-4e6e-aba5-07b9a7399dcb,,2026-09-25T04:08:39.104Z,,2026-09-25T04:11:31.456Z
flywheel,c4ac2ae0-cbc7-4158-876b-8028dd0e758c,7adbf914-1ac0-4e6e-aba5-07b9a7399dcb,review_design,2026-09-25T04:23:20.001Z,,2026-09-25T04:29:04.099Z
flywheel,40ced79f-0333-4f3f-8c96-d508c8766304,7adbf914-1ac0-4e6e-aba5-07b9a7399dcb,,2026-09-25T04:42:21.966Z,,2026-09-25T04:43:39.004Z
flywheel,7101a679-db8f-4e2d-9abe-cb9364563492,7adbf914-1ac0-4e6e-aba5-07b9a7399dcb,,2026-09-25T04:47:06.220Z,2026-09-25T13:07:05.787Z,
flywheel,a8431218-1c99-40a8-b32f-d0970a80e3fe,7adbf914-1ac0-4e6e-aba5-07b9a7399dcb,review_code,2026-09-25T04:56:40.596Z,,2026-09-25T05:06:30.733Z
flywheel,aa746464-5c00-4fa6-8963-03b1314fc033,7adbf914-1ac0-4e6e-aba5-07b9a7399dcb,review_code,2026-09-25T05:10:54.004Z,,2026-09-25T05:15:32.368Z
flywheel,db04cb9e-1aa8-4cd2-9a20-5b2fd9ef6bd7,7adbf914-1ac0-4e6e-aba5-07b9a7399dcb,,2026-09-25T05:16:11.895Z,,2026-09-25T08:00:23.743Z
flywheel,99a85d0d-1a06-412f-9ecd-d5b8d0f4fc5d,7adbf914-1ac0-4e6e-aba5-07b9a7399dcb,,2026-09-25T08:05:46.449Z,,2026-09-25T08:06:01.731Z
flywheel,6aa3ac7c-977f-4632-969b-2130781e13ee,7adbf914-1ac0-4e6e-aba5-07b9a7399dcb,,2026-09-25T08:10:25.287Z,2026-09-25T13:07:05.787Z,
flywheel,34419762-6feb-4110-9a0f-171871b58088,7adbf914-1ac0-4e6e-aba5-07b9a7399dcb,,2026-09-25T08:15:51.262Z,,2026-09-25T08:16:11.143Z
flywheel,143c1803-9b85-4a92-bed2-dd58aa4b317d,7adbf914-1ac0-4e6e-aba5-07b9a7399dcb,review_code,2026-09-25T08:16:16.730Z,,2026-09-25T08:51:02.535Z
flywheel,5c70c350-634b-42e6-b881-c5d2218c43cb,7adbf914-1ac0-4e6e-aba5-07b9a7399dcb,,2026-09-25T08:51:04.805Z,,2026-09-25T08:51:30.192Z
flywheel,81cee9df-4222-48e6-97ea-04fba8794f90,7adbf914-1ac0-4e6e-aba5-07b9a7399dcb,review_code,2026-09-25T09:17:10.452Z,,2026-09-25T09:23:13.194Z
flywheel,9bfa5911-e0a9-4845-9463-ea127afc406c,7adbf914-1ac0-4e6e-aba5-07b9a7399dcb,,2026-09-25T09:23:59.472Z,2026-09-25T13:07:05.787Z,
flywheel,419e7d0a-7aee-463b-807a-3c09821b4eee,7adbf914-1ac0-4e6e-aba5-07b9a7399dcb,,2026-09-25T09:24:55.095Z,,2026-09-25T09:25:19.623Z
flywheel,bcf1c96d-c592-429a-b5cb-7d01abce60e0,7adbf914-1ac0-4e6e-aba5-07b9a7399dcb,,2026-09-25T09:26:09.317Z,2026-09-25T13:07:05.787Z,
flywheel,97f5aac1-4f1a-42ce-9792-1362d5b6822a,7ae9491f-4333-464f-ae77-c023ea598e95,,2026-09-25T11:05:41.113Z,,2026-09-25T11:06:11.407Z
flywheel,62dc9e6a-c380-47a1-882d-356047aa2dd5,7bd4b7c1-646f-4f1b-9a5e-41d08aa65d9c,,2026-09-25T00:23:05.997Z,,2026-09-25T00:23:39.242Z
flywheel,4b411326-85ce-4437-b2bf-a11a64f723d6,7bd4b7c1-646f-4f1b-9a5e-41d08aa65d9c,,2026-09-25T00:32:56.673Z,,2026-09-25T00:34:28.041Z
flywheel,9987e517-105d-4ca6-8e96-be6444b6001d,7bd4b7c1-646f-4f1b-9a5e-41d08aa65d9c,,2026-09-25T00:33:40.786Z,,2026-09-25T00:34:47.931Z
flywheel,c6aa360a-7702-4f61-9b63-7cbef4594e13,7bd4b7c1-646f-4f1b-9a5e-41d08aa65d9c,,2026-09-25T05:18:27.230Z,,2026-09-25T05:18:42.950Z
flywheel,23dc4ff5-a2b7-4c0a-9d73-cf94ad1a2902,7bd4b7c1-646f-4f1b-9a5e-41d08aa65d9c,,2026-09-25T05:22:06.572Z,,2026-09-25T05:22:19.834Z
flywheel,1f62e24f-ea1f-4bab-90a8-9da020be6b5c,7bd4b7c1-646f-4f1b-9a5e-41d08aa65d9c,,2026-09-25T05:23:26.720Z,2026-09-25T06:27:49.807Z,
flywheel,rstop-cc0355a73ea291510755b7c9d084bd7e,7c91f9fb-9720-45e5-b046-0b1162606cf7,,2026-09-24T15:20:25.693Z,2026-09-24T15:20:30.635Z,
flywheel,rstop-206d052072b40c0124abd1eb841c2e6e,7c91f9fb-9720-45e5-b046-0b1162606cf7,,2026-09-24T15:20:34.301Z,2026-09-24T15:20:38.837Z,
flywheel,rstop-633eea9adef8ffdc3c146ecea208725a,7c91f9fb-9720-45e5-b046-0b1162606cf7,,2026-09-24T15:50:42.433Z,2026-09-24T15:57:41.124Z,
flywheel,rstop-b0eb72c5347761147e3df4d9204dd729,7c91f9fb-9720-45e5-b046-0b1162606cf7,,2026-09-24T16:20:46.135Z,2026-09-24T16:24:37.547Z,
flywheel,98c07dd0-070d-4007-a36e-edc6f5d9f81f,7c91f9fb-9720-45e5-b046-0b1162606cf7,,2026-09-24T16:49:15.613Z,2026-09-24T17:44:04.607Z,
flywheel,21d3ad00-06b1-4ad1-b6ba-b4d42cef28ea,7c91f9fb-9720-45e5-b046-0b1162606cf7,review_code,2026-09-24T16:57:00.179Z,,2026-09-24T17:10:21.248Z
flywheel,rstop-88a5961b80cf43e2b14db420e7c46ff5,7c91f9fb-9720-45e5-b046-0b1162606cf7,,2026-09-24T16:57:29.212Z,2026-09-24T17:08:07.082Z,
flywheel,d4b433c4-87a5-4846-b1d7-4c13ce5d1757,7c91f9fb-9720-45e5-b046-0b1162606cf7,review_code,2026-09-24T17:15:28.802Z,,2026-09-24T17:18:46.800Z
flywheel,103e2c94-acc3-4a93-b8ef-a28cfea3e6f4,7c91f9fb-9720-45e5-b046-0b1162606cf7,,2026-09-24T17:20:35.670Z,2026-09-24T17:44:04.607Z,
flywheel,5f6d3b14-c1be-4b5c-adfd-92dbfef41337,7c91f9fb-9720-45e5-b046-0b1162606cf7,,2026-09-24T17:22:50.190Z,2026-09-24T17:44:04.607Z,
flywheel,rstop-5dba5dc2b3ebd6028580a707a45675b4,7c91f9fb-9720-45e5-b046-0b1162606cf7,,2026-09-24T17:23:01.808Z,2026-09-24T17:34:54.487Z,
flywheel,rstop-abcf41450c92242ac2d2f60a32b84609,7c91f9fb-9720-45e5-b046-0b1162606cf7,,2026-09-24T17:27:45.348Z,2026-09-24T17:35:00.575Z,
flywheel,04f8aef5-7f94-4138-91c7-55147761f443,7e239079-df22-402b-81e9-8f10086e81a6,,2026-09-11T17:45:27.773Z,,
flywheel,fef58740-4cbb-4038-bfb9-d741a30b71a3,7e55ecb2-7adb-4a28-8d27-1dbb28f0d92e,,2026-09-25T20:45:55.717Z,,
flywheel,4b25452b-caf5-4a9b-9817-2bcfa8dd9ef7,7e55ecb2-7adb-4a28-8d27-1dbb28f0d92e,,2026-09-25T20:48:02.508Z,,
flywheel,be281b83-8e5e-472d-a3b3-f161fad5d51b,7e55ecb2-7adb-4a28-8d27-1dbb28f0d92e,,2026-09-25T20:56:41.026Z,,
flywheel,551b190b-1bf4-436a-9589-4ca9cfb6b07d,7eb0a6d9-c80c-418f-ab9c-8851ef8e9167,,2026-09-24T23:04:43.067Z,,2026-09-24T23:09:29.345Z
flywheel,4ffd407d-99aa-4845-8f14-1187a1d5c77a,7eb0a6d9-c80c-418f-ab9c-8851ef8e9167,,2026-09-25T00:30:43.508Z,,2026-09-25T00:32:36.078Z
flywheel,e7a806cc-9888-43e3-bcc4-b71dc125d995,7eb0a6d9-c80c-418f-ab9c-8851ef8e9167,,2026-09-25T03:55:56.077Z,,2026-09-25T03:57:23.762Z
flywheel,16664ef1-02b7-4f70-baac-623be33626fb,7eb0a6d9-c80c-418f-ab9c-8851ef8e9167,,2026-09-25T05:12:57.890Z,,2026-09-25T05:16:55.024Z
flywheel,e75fba5f-33e8-4efc-bb2c-fca8592ddcd8,7eb0a6d9-c80c-418f-ab9c-8851ef8e9167,,2026-09-25T05:19:28.949Z,,2026-09-25T05:19:48.865Z
flywheel,314e41aa-27c2-4f04-8342-5947a43192cc,7eb0a6d9-c80c-418f-ab9c-8851ef8e9167,,2026-09-25T05:35:07.005Z,,2026-09-25T05:39:26.845Z
flywheel,7fa9ff2e-501a-4feb-9a57-8eb7a89ad768,7eb0a6d9-c80c-418f-ab9c-8851ef8e9167,,2026-09-25T07:29:08.581Z,,2026-09-25T07:30:32.139Z
flywheel,workflow-gate:a60af834758bd971f099ac0f39ed8972bdf80c1e1c491bbafa2ae6d889e83032,7eb0a6d9-c80c-418f-ab9c-8851ef8e9167,approve_to_ship,2026-09-25T07:29:13.197Z,,2026-09-25T18:24:58.070Z
flywheel,d7d6de73-7275-4343-b25a-b06063276632,7eb0a6d9-c80c-418f-ab9c-8851ef8e9167,,2026-09-25T07:29:41.679Z,,2026-09-25T07:32:15.766Z
flywheel,28ef4060-eb05-4a50-a85b-ce33b7fe192a,7eb0a6d9-c80c-418f-ab9c-8851ef8e9167,,2026-09-25T07:29:54.377Z,,2026-09-25T07:32:15.960Z
flywheel,4d1f2048-283b-40e9-9543-869b3c76ce14,81840c5c-5052-4a32-a443-213d9f1d5df2,,2026-09-24T08:03:03.803Z,,2026-09-24T08:23:02.050Z
flywheel,dea52bfc-6b3b-4e35-9c3c-6a8e3deaa959,81840c5c-5052-4a32-a443-213d9f1d5df2,,2026-09-24T08:24:02.996Z,2026-09-24T10:32:06.481Z,
flywheel,b8f0fae0-62cb-4acf-84a6-65f18b531870,81840c5c-5052-4a32-a443-213d9f1d5df2,,2026-09-24T08:52:33.981Z,2026-09-24T10:32:06.481Z,
flywheel,33bcea37-8a88-46d4-9518-fcdd98045bed,81840c5c-5052-4a32-a443-213d9f1d5df2,question,2026-09-24T08:58:38.520Z,2026-09-24T09:03:53.633Z,2026-09-24T09:03:46.694Z
flywheel,d284b908-ed7c-4657-92fc-b25954c035f2,81840c5c-5052-4a32-a443-213d9f1d5df2,,2026-09-24T09:08:01.977Z,,2026-09-24T09:09:30.323Z
flywheel,3dad2e8c-b31d-4736-b23b-502d55de3e5b,81840c5c-5052-4a32-a443-213d9f1d5df2,,2026-09-24T09:11:12.949Z,,2026-09-24T09:12:07.690Z
flywheel,adb245ce-8ef2-4808-8b7e-de8e9b672c3c,81840c5c-5052-4a32-a443-213d9f1d5df2,,2026-09-24T09:39:57.445Z,,2026-09-24T09:43:32.540Z
flywheel,c0868c75-4b4a-4576-a5eb-b2d3fe03b277,82860d32-327a-4fb0-b408-eaa5e50646e7,,2026-09-23T03:58:56.072Z,,2026-09-23T04:01:19.075Z
flywheel,de39e0a6-cde6-4298-bab6-fbb1ee4ad3e9,82860d32-327a-4fb0-b408-eaa5e50646e7,,2026-09-23T04:00:13.479Z,,2026-09-23T04:01:19.375Z
flywheel,ed6d8b69-734f-49c5-be11-3c1eaf2094c4,82860d32-327a-4fb0-b408-eaa5e50646e7,,2026-09-23T04:05:30.994Z,,2026-09-23T04:06:06.202Z
flywheel,1d58d36b-a177-42f7-8eb0-c036cd4701d7,82860d32-327a-4fb0-b408-eaa5e50646e7,review_design,2026-09-23T04:06:46.933Z,2026-09-23T04:16:43.729Z,
flywheel,402860d8-00c9-4779-8ad2-9354ad460ddc,82860d32-327a-4fb0-b408-eaa5e50646e7,,2026-09-23T04:07:56.245Z,,2026-09-23T04:08:10.844Z
flywheel,9ea553e5-eabc-43f8-a43c-2df24e1b6854,82860d32-327a-4fb0-b408-eaa5e50646e7,,2026-09-23T04:13:18.964Z,,2026-09-23T04:13:23.920Z
flywheel,182d20da-e88c-4194-be8f-3d463ea984e6,82860d32-327a-4fb0-b408-eaa5e50646e7,review_design,2026-09-23T04:16:41.813Z,2026-09-23T04:20:06.487Z,
flywheel,7449628c-da68-4166-b228-53a2044b6c48,82860d32-327a-4fb0-b408-eaa5e50646e7,,2026-09-23T04:18:20.966Z,,2026-09-23T04:18:51.093Z
flywheel,8437ef6f-36b3-4994-abab-a2bd34892673,82860d32-327a-4fb0-b408-eaa5e50646e7,,2026-09-23T04:19:13.960Z,,2026-09-23T04:19:17.997Z
flywheel,99373c3e-6b0a-4b60-9e5a-6c1d5a061b4a,82860d32-327a-4fb0-b408-eaa5e50646e7,review_design,2026-09-23T04:20:02.828Z,,2026-09-23T04:30:40.573Z
flywheel,0b0e621a-3d4e-4e1b-bc1d-470daaec6d8f,82860d32-327a-4fb0-b408-eaa5e50646e7,,2026-09-23T04:20:26.282Z,,2026-09-23T04:20:39.725Z
flywheel,rstop-f4d69ea209e22c3853b0f0d3d459b3dd,82860d32-327a-4fb0-b408-eaa5e50646e7,,2026-09-23T04:28:00.229Z,2026-09-23T04:29:47.442Z,
flywheel,e7e6f6a4-3faf-49a9-9689-6d6872f44775,82860d32-327a-4fb0-b408-eaa5e50646e7,,2026-09-23T04:36:10.088Z,,2026-09-23T04:36:47.619Z
flywheel,0a55f351-f331-4378-9c3f-5aa9bcdfe0f8,82860d32-327a-4fb0-b408-eaa5e50646e7,review_design,2026-09-23T04:36:39.366Z,2026-09-23T04:38:13.525Z,
flywheel,c60a58fb-0fc6-4bfa-b28f-b45332425bb5,82860d32-327a-4fb0-b408-eaa5e50646e7,review_design,2026-09-23T04:38:07.643Z,,2026-09-23T04:43:50.872Z
flywheel,d1a2a394-00c1-468f-80b4-0a9cd501525c,82860d32-327a-4fb0-b408-eaa5e50646e7,,2026-09-23T04:38:22.635Z,,2026-09-23T04:38:27.280Z
flywheel,1f7aed62-d831-4d4b-8dbe-830cdf8062a0,82860d32-327a-4fb0-b408-eaa5e50646e7,,2026-09-23T04:39:10.794Z,2026-09-23T05:59:16.699Z,
flywheel,rstop-6a5949cbc809fc36e22c84a84dbaae91,82860d32-327a-4fb0-b408-eaa5e50646e7,,2026-09-23T04:42:05.238Z,2026-09-23T04:45:58.345Z,
flywheel,e0e36589-aa4e-4c12-8450-b632ae82db66,82860d32-327a-4fb0-b408-eaa5e50646e7,,2026-09-23T04:47:56.173Z,2026-09-23T05:59:16.699Z,
flywheel,2c9670a0-0eca-4020-8c0f-4beddf2ea27d,82860d32-327a-4fb0-b408-eaa5e50646e7,,2026-09-23T04:48:46.125Z,2026-09-23T05:59:16.699Z,
flywheel,0eee6610-6bcb-4b75-bbd0-3c96c425774d,82860d32-327a-4fb0-b408-eaa5e50646e7,,2026-09-23T04:49:03.707Z,2026-09-23T05:59:16.699Z,
flywheel,rstop-3a704586a09e246760cd58e9888a3e36,82860d32-327a-4fb0-b408-eaa5e50646e7,,2026-09-23T04:49:19.337Z,2026-09-23T05:59:16.699Z,
flywheel,rstop-458a5955d4276aded6578c35aa052de1,82860d32-327a-4fb0-b408-eaa5e50646e7,,2026-09-23T04:49:43.194Z,2026-09-23T04:52:35.170Z,
flywheel,a5c177b3-8212-4543-bc23-dcbe9ba40bc1,82860d32-327a-4fb0-b408-eaa5e50646e7,,2026-09-23T04:50:07.763Z,2026-09-23T05:59:16.699Z,
flywheel,rstop-5c015654f90c941a7ef3105a6cf7b467,82860d32-327a-4fb0-b408-eaa5e50646e7,,2026-09-23T04:50:12.014Z,2026-09-23T05:59:16.699Z,
flywheel,2901ff11-dd55-4506-a39b-9775bf4c5c8e,82d9050e-8ac7-490c-a229-103433e226f4,,2026-09-25T03:52:13.103Z,,2026-09-25T03:55:21.376Z
flywheel,5b8b701b-76d1-476c-b13f-151a19af122e,82d9050e-8ac7-490c-a229-103433e226f4,,2026-09-25T04:08:23.283Z,,2026-09-25T04:11:31.867Z
flywheel,bcccc98f-184a-4cd1-8fd0-9b41e1f77fae,82d9050e-8ac7-490c-a229-103433e226f4,,2026-09-25T04:19:08.513Z,,2026-09-25T04:20:16.632Z
flywheel,2652ccba-3623-443d-bb9e-f2ac6841ab83,82d9050e-8ac7-490c-a229-103433e226f4,,2026-09-25T04:23:56.683Z,,2026-09-25T04:24:28.469Z
flywheel,53557336-5bb5-4699-8b7c-fdbea34def3a,82d9050e-8ac7-490c-a229-103433e226f4,,2026-09-25T04:25:48.781Z,,
flywheel,1f4442f3-731e-43c9-b2c6-ee772e5c637f,82d9050e-8ac7-490c-a229-103433e226f4,,2026-09-25T04:27:12.305Z,,
flywheel,81dfc850-5ddb-4493-8995-8d1e038d6f79,82d9050e-8ac7-490c-a229-103433e226f4,,2026-09-25T05:35:09.181Z,,2026-09-25T05:39:26.482Z
flywheel,ec4d9e0d-427b-42f5-b2ba-3dbedd3b26c9,82d9050e-8ac7-490c-a229-103433e226f4,,2026-09-25T05:39:05.994Z,,
flywheel,c1da6062-fcf3-4430-9d27-e93eff82c989,82d9050e-8ac7-490c-a229-103433e226f4,,2026-09-25T05:44:53.270Z,,2026-09-25T05:46:14.034Z
flywheel,5a3dd119-86a1-4fd1-b131-8c8a149fefeb,82d9050e-8ac7-490c-a229-103433e226f4,,2026-09-25T05:46:38.281Z,,
flywheel,0ac70496-d793-48c7-999f-9d957ce414e6,82d9050e-8ac7-490c-a229-103433e226f4,,2026-09-25T05:47:24.287Z,,
flywheel,59268eb1-bf05-4829-9f9a-1c6de57c9674,82d9050e-8ac7-490c-a229-103433e226f4,,2026-09-25T05:49:35.756Z,,2026-09-25T05:50:24.135Z
flywheel,d2d99311-e3dd-44a4-a5ce-852d9c2a2382,82d9050e-8ac7-490c-a229-103433e226f4,,2026-09-25T05:50:30.305Z,,
flywheel,workflow-gate:e3516b891698d90f5217bd7c624c0e2e3509230ee62e2493674268f1e7353dd6,82d9050e-8ac7-490c-a229-103433e226f4,approve_to_ship,2026-09-25T05:50:49.582Z,,
flywheel,d98c439f-2a23-42b0-92f2-e5a311537304,82d9050e-8ac7-490c-a229-103433e226f4,,2026-09-25T07:47:12.741Z,,
flywheel,dc89b13f-aea8-4db4-8638-9e0997647328,82d9050e-8ac7-490c-a229-103433e226f4,,2026-09-25T07:51:15.886Z,,2026-09-25T07:56:44.750Z
flywheel,c64c1100-86cb-4118-808f-3c9d5195a859,82d9050e-8ac7-490c-a229-103433e226f4,,2026-09-25T09:37:25.524Z,,
flywheel,c3399767-715e-4e80-a0b9-589352e5a5e7,834e5c6e-7ab0-41ce-b4de-6bb44bf3a916,,2026-09-23T02:01:00.832Z,2026-09-23T02:23:48.908Z,
flywheel,workflow-gate:d21c3ac696c3355e57a5f534f9042f5d738bdbcf000f5b87a21466383ec48898,834e5c6e-7ab0-41ce-b4de-6bb44bf3a916,approve_to_ship,2026-09-23T02:01:07.777Z,,2026-09-23T02:20:04.135Z
flywheel,8051ca07-2d53-405e-9fd5-c9b2128afb65,834e5c6e-7ab0-41ce-b4de-6bb44bf3a916,,2026-09-23T02:20:53.959Z,2026-09-23T02:53:39.325Z,
flywheel,447850cf-14bb-4a14-9a0b-d4a7f90573e4,837d6e85-f52b-4d23-93f7-67a9f15fcf44,,2026-09-24T07:58:05.253Z,,2026-09-24T08:20:56.936Z
flywheel,f432ad61-b07d-44fa-8783-75a82d30f4c5,837d6e85-f52b-4d23-93f7-67a9f15fcf44,,2026-09-24T08:03:08.492Z,,2026-09-24T08:20:57.341Z
flywheel,6f30bb62-2ea2-468d-b5df-fbc946d5bec6,837d6e85-f52b-4d23-93f7-67a9f15fcf44,,2026-09-24T08:26:44.663Z,,2026-09-24T08:27:59.462Z
flywheel,456f286e-e6b6-4c56-84b7-c99d4f401a2e,837d6e85-f52b-4d23-93f7-67a9f15fcf44,,2026-09-24T08:33:12.217Z,,2026-09-24T08:34:43.797Z
flywheel,349771a1-ecc1-4e9e-be07-a0be2e2e0b1d,837d6e85-f52b-4d23-93f7-67a9f15fcf44,,2026-09-24T08:34:45.361Z,,2026-09-24T08:35:33.679Z
flywheel,b86996b8-34d4-4d3b-815b-44210b13c161,837d6e85-f52b-4d23-93f7-67a9f15fcf44,,2026-09-24T08:39:42.681Z,,2026-09-24T08:41:01.833Z
flywheel,34870474-6367-490e-baf5-3425627c7411,837d6e85-f52b-4d23-93f7-67a9f15fcf44,,2026-09-24T08:42:23.782Z,,2026-09-24T08:43:08.369Z
flywheel,c4ee353b-2476-44af-b103-a7c87cfa17ae,837d6e85-f52b-4d23-93f7-67a9f15fcf44,,2026-09-24T08:42:39.166Z,2026-09-24T12:23:43.372Z,
flywheel,3063f6eb-3b45-426f-9fe6-f4dd092abcb5,837d6e85-f52b-4d23-93f7-67a9f15fcf44,,2026-09-24T08:53:55.203Z,2026-09-24T12:23:43.372Z,
flywheel,16a0f5c8-07c6-4e6b-9e17-2cd4e8e73cfc,837d6e85-f52b-4d23-93f7-67a9f15fcf44,,2026-09-24T08:53:55.595Z,2026-09-24T12:23:43.372Z,
flywheel,2b5565f3-74ec-4291-9d96-cfe270197aa7,837d6e85-f52b-4d23-93f7-67a9f15fcf44,,2026-09-24T09:04:38.006Z,,2026-09-24T09:05:37.805Z
flywheel,ed8ccdfd-3e22-469d-841e-4492f4b651fa,837d6e85-f52b-4d23-93f7-67a9f15fcf44,,2026-09-24T09:07:27.469Z,2026-09-24T12:23:43.372Z,
flywheel,f5749b82-d3c1-47b5-a8f1-061b1cf131dd,837d6e85-f52b-4d23-93f7-67a9f15fcf44,review_code,2026-09-24T09:30:47.849Z,2026-09-24T09:35:29.036Z,
flywheel,f38aabef-8f24-4bfc-9d69-88842aa43403,837d6e85-f52b-4d23-93f7-67a9f15fcf44,review_code,2026-09-24T09:35:28.570Z,2026-09-24T09:36:32.377Z,
flywheel,060099ba-7e4c-409e-85a5-aba69fd19ea3,837d6e85-f52b-4d23-93f7-67a9f15fcf44,review_code,2026-09-24T09:36:29.302Z,,2026-09-24T09:57:08.936Z
flywheel,753ddb2f-7c01-4960-8f5c-f241322bda80,837d6e85-f52b-4d23-93f7-67a9f15fcf44,review_code,2026-09-24T10:17:53.283Z,,2026-09-24T10:26:52.892Z
flywheel,4788735c-ed82-491b-b044-24d2d34e09ce,837d6e85-f52b-4d23-93f7-67a9f15fcf44,,2026-09-24T10:27:25.621Z,,2026-09-24T10:27:50.902Z
flywheel,rstop-b9058b5841dcc88f17e2559625621ad3,837d6e85-f52b-4d23-93f7-67a9f15fcf44,,2026-09-24T10:35:37.487Z,2026-09-24T10:37:56.938Z,
flywheel,bf46d3e2-c943-41f8-a1d5-640a4b761757,837d6e85-f52b-4d23-93f7-67a9f15fcf44,review_code,2026-09-24T11:10:06.252Z,,2026-09-24T11:17:29.841Z
flywheel,828c9640-da9c-4ae2-9f81-00eb7534a882,837d6e85-f52b-4d23-93f7-67a9f15fcf44,,2026-09-24T11:18:00.133Z,,2026-09-24T11:18:21.118Z
flywheel,e6c68430-ad8a-40dc-9fde-53248bc565d3,837d6e85-f52b-4d23-93f7-67a9f15fcf44,review_code,2026-09-24T11:47:48.500Z,,2026-09-24T11:56:50.137Z
flywheel,3ffb9733-e492-4e01-9f98-e4d8bb50808b,837d6e85-f52b-4d23-93f7-67a9f15fcf44,review_code,2026-09-24T12:15:53.663Z,,2026-09-24T12:20:03.603Z
flywheel,b54c106f-75c7-4a76-a325-2d34c0f33095,837d6e85-f52b-4d23-93f7-67a9f15fcf44,,2026-09-24T12:20:45.140Z,,2026-09-24T12:21:17.826Z
flywheel,e0dd3289-f8b6-4012-a40f-d809d2123d98,837d6e85-f52b-4d23-93f7-67a9f15fcf44,,2026-09-24T12:22:30.442Z,2026-09-24T12:53:02.207Z,
flywheel,d405f172-e0fa-4234-9eb8-aa0053d7abb4,8446abbb-8295-4703-9740-57591eee671d,,2026-09-23T00:23:56.689Z,,2026-09-23T00:24:12.129Z
flywheel,bc7cf91a-babf-4c8a-abe9-53cfe1abdc8d,8446abbb-8295-4703-9740-57591eee671d,,2026-09-23T00:33:39.970Z,2026-09-23T01:13:47.583Z,
flywheel,workflow-gate:b3b1acc3585aef685c90c53489a26906b644948dcb8f6bbd22e1dc3a41b69d5e,8446abbb-8295-4703-9740-57591eee671d,approve_to_ship,2026-09-23T00:33:41.206Z,,2026-09-23T00:42:16.428Z
flywheel,0517f53d-618a-47da-8bb5-359e49ef1f5a,855d36dc-3886-4a5e-a127-6bb707c99c0b,question,2026-09-25T18:27:29.123Z,2026-09-25T18:28:59.232Z,2026-09-25T18:28:45.550Z
flywheel,450ae2e7-8de0-40f6-9a9b-38a1dd4d99e4,855d36dc-3886-4a5e-a127-6bb707c99c0b,,2026-09-25T18:58:02.240Z,,2026-09-25T18:58:14.556Z
flywheel,a9977417-68d8-4f5e-9e9d-b0cfb971c809,8587067a-85c6-4f1a-9fbf-11852c5732a4,,2026-09-23T21:16:33.431Z,2026-09-23T21:47:03.185Z,
flywheel,6d51677a-8032-4d72-a951-777ab6a7ddc1,8587067a-85c6-4f1a-9fbf-11852c5732a4,review_code,2026-09-23T21:30:57.426Z,,2026-09-23T21:42:38.512Z
flywheel,2a100eb4-37b9-456a-a647-f31f282a8868,8587067a-85c6-4f1a-9fbf-11852c5732a4,,2026-09-23T21:43:38.301Z,2026-09-23T22:15:09.639Z,
flywheel,75146917-6b88-42bb-bf8d-579bc6493288,8587067a-85c6-4f1a-9fbf-11852c5732a4,,2026-09-23T21:44:48.414Z,2026-09-23T22:15:09.640Z,
flywheel,eeb94fca-6d61-4668-8579-d640e8a852ef,8587067a-85c6-4f1a-9fbf-11852c5732a4,question,2026-09-23T21:45:47.124Z,2026-09-23T21:47:03.185Z,
flywheel,rstop-b4573307dcdeee8c136a94c509579d99,85e04f61-9ec9-4a90-ac0d-650908d58e8e,,2026-09-24T14:14:08.844Z,2026-09-24T14:17:39.981Z,
flywheel,917a84c5-4487-4711-a87c-d1ed3b3f6f4f,85e04f61-9ec9-4a90-ac0d-650908d58e8e,review_code,2026-09-24T14:42:12.878Z,,2026-09-24T15:03:08.381Z
flywheel,4f41b4bb-2b84-4823-a3c8-c2db8038bd6e,85e04f61-9ec9-4a90-ac0d-650908d58e8e,review_code,2026-09-24T15:08:07.973Z,,2026-09-24T15:15:28.237Z
flywheel,07e54620-1c04-4bfc-81f6-f64bb6626a4d,85e04f61-9ec9-4a90-ac0d-650908d58e8e,,2026-09-24T15:15:47.022Z,2026-09-24T15:47:54.630Z,
flywheel,d85dbe46-0378-48f0-8029-873360328066,85e04f61-9ec9-4a90-ac0d-650908d58e8e,,2026-09-24T15:17:22.669Z,2026-09-24T15:47:54.631Z,
flywheel,28053ae7-2cec-4199-932e-c2b8f253deeb,8773168c-be01-4687-8813-68e4566a346e,review_code,2026-09-24T05:21:05.900Z,,2026-09-24T05:50:49.320Z
flywheel,110ea4f6-89ec-4e7c-8827-982555e5daaf,8773168c-be01-4687-8813-68e4566a346e,,2026-09-24T05:51:18.410Z,,2026-09-24T05:51:49.655Z
flywheel,0873cfa3-5d33-49f6-ba9b-bb3141f184ae,8773168c-be01-4687-8813-68e4566a346e,,2026-09-24T05:51:56.901Z,,2026-09-24T05:52:35.674Z
flywheel,rstop-5e029fffa7993484a79ae795332c4220,8773168c-be01-4687-8813-68e4566a346e,,2026-09-24T05:52:21.687Z,2026-09-24T05:52:37.623Z,
flywheel,22505765-970e-4b45-8c35-ac9b100c6db9,8773168c-be01-4687-8813-68e4566a346e,,2026-09-24T05:52:40.883Z,2026-09-24T07:37:35.571Z,
flywheel,07f80611-e513-4f85-9abc-dd5deb2f1cc2,8885f2b0-87b1-4283-9897-984309d96787,,2026-09-18T04:59:02.677Z,,
flywheel,e26c9431-2c8b-4afd-89a2-86c5e1fc9b0a,8885f2b0-87b1-4283-9897-984309d96787,,2026-09-18T05:05:06.883Z,,
flywheel,b7d6195d-32c9-402b-b5db-0ecda70ea6d5,8885f2b0-87b1-4283-9897-984309d96787,,2026-09-18T05:41:57.406Z,,
flywheel,ccd2a2ac-1b12-47ac-af5c-8d07e7c7e11a,88f7ff8d-c199-4848-853d-ed85283defde,,2026-09-22T23:42:54.710Z,,2026-09-22T23:43:12.457Z
flywheel,5982d307-2470-4da1-9f41-bd1fbbc68b69,88f7ff8d-c199-4848-853d-ed85283defde,,2026-09-22T23:45:02.678Z,2026-09-23T02:07:10.391Z,
flywheel,96537a1e-ca92-4f5f-b767-a3e535da890e,88f7ff8d-c199-4848-853d-ed85283defde,,2026-09-23T00:06:35.326Z,,2026-09-23T00:09:50.477Z
flywheel,52a4ca47-5235-46bb-b9af-b19d203e4400,88f7ff8d-c199-4848-853d-ed85283defde,,2026-09-23T00:10:22.014Z,2026-09-23T02:07:10.391Z,
flywheel,922d8215-cbc1-46c9-b5c7-568b93846340,88f7ff8d-c199-4848-853d-ed85283defde,,2026-09-23T00:12:14.097Z,2026-09-23T02:07:10.391Z,
flywheel,ff8bcfaf-de01-432b-8feb-fbb90acea959,88f7ff8d-c199-4848-853d-ed85283defde,,2026-09-23T00:34:03.600Z,,2026-09-23T00:34:20.563Z
flywheel,06891cbd-6918-4c7b-9337-8b6db4dab86f,88f7ff8d-c199-4848-853d-ed85283defde,,2026-09-23T00:34:15.573Z,2026-09-23T02:07:10.391Z,
flywheel,33ab0f53-2b40-4360-a081-476ad12a73c1,88f7ff8d-c199-4848-853d-ed85283defde,,2026-09-23T00:43:36.178Z,,2026-09-23T00:43:42.575Z
flywheel,d18ff1c0-027f-4e6c-9f8d-43c1a3f6b61c,88f7ff8d-c199-4848-853d-ed85283defde,question,2026-09-23T00:51:42.553Z,2026-09-23T00:51:57.587Z,2026-09-23T00:51:50.590Z
flywheel,8f5cb8fd-6746-46f1-bb1a-b4bb1d512d0c,88f7ff8d-c199-4848-853d-ed85283defde,,2026-09-23T01:00:36.370Z,,2026-09-23T01:00:43.860Z
flywheel,b41588d1-dc1d-48c9-87e5-d918020993ea,88f7ff8d-c199-4848-853d-ed85283defde,question,2026-09-23T01:09:18.467Z,2026-09-23T01:09:33.517Z,2026-09-23T01:09:25.192Z
flywheel,9c421f7b-ddd7-4768-aabd-bea3a6d1c3be,88f7ff8d-c199-4848-853d-ed85283defde,,2026-09-23T01:23:40.328Z,2026-09-23T02:07:10.391Z,
flywheel,rstop-420f85fafae081cb66623bc456990d52,88fe6721-6e51-4704-ba38-ed1bcef76ca9,,2026-09-24T16:38:01.445Z,2026-09-24T16:50:20.194Z,
flywheel,rstop-5606c0cda98f817ba67736627aa38748,88fe6721-6e51-4704-ba38-ed1bcef76ca9,,2026-09-24T16:38:11.967Z,2026-09-24T16:50:20.195Z,
flywheel,0114f3f7-5a20-4b30-a466-5c2e80af9d69,896c8f8c-035b-4c87-84aa-d978e54d9faa,,2026-09-24T23:30:41.207Z,,2026-09-24T23:31:40.906Z
flywheel,ad9751de-8797-4166-b0c4-1d8da657b4aa,896c8f8c-035b-4c87-84aa-d978e54d9faa,,2026-09-25T00:04:47.763Z,2026-09-25T05:13:02.321Z,
flywheel,d37ba3b1-534e-4971-bf06-83fdeab2b113,896c8f8c-035b-4c87-84aa-d978e54d9faa,,2026-09-25T00:04:48.816Z,2026-09-25T05:13:02.321Z,
flywheel,3a548dde-8775-418e-b9f6-992690be6309,896c8f8c-035b-4c87-84aa-d978e54d9faa,,2026-09-25T00:06:03.978Z,2026-09-25T05:13:02.321Z,
flywheel,2bf7784a-38fa-4925-9355-eb5597197993,8ae14ad9-f743-4ec1-a49c-0961c95fbd1c,,2026-09-24T12:29:36.455Z,,2026-09-24T12:30:33.536Z
flywheel,e6a47be7-f8cb-4d6d-a3d0-668779db1762,8ae14ad9-f743-4ec1-a49c-0961c95fbd1c,,2026-09-24T12:33:27.188Z,,2026-09-24T12:33:43.709Z
flywheel,ccd36c09-c915-4f38-84ad-58d78e4a69a3,8ae14ad9-f743-4ec1-a49c-0961c95fbd1c,,2026-09-24T12:37:38.606Z,,2026-09-24T12:37:55.559Z
flywheel,44d32e0a-a8db-49b9-986f-5fbdd8aa4d29,8ae14ad9-f743-4ec1-a49c-0961c95fbd1c,,2026-09-24T12:43:11.007Z,,2026-09-24T12:43:38.778Z
flywheel,d0e74ecc-ee79-483d-a16f-2b62d348ebd9,8ae14ad9-f743-4ec1-a49c-0961c95fbd1c,,2026-09-24T13:03:14.547Z,,2026-09-24T13:03:37.982Z
flywheel,d7337507-0b54-488d-a0ba-f4337ed2668b,8ae14ad9-f743-4ec1-a49c-0961c95fbd1c,,2026-09-24T13:07:23.640Z,,2026-09-24T13:08:16.218Z
flywheel,67b6230a-c843-46cd-868b-e9457ce5251f,8ae14ad9-f743-4ec1-a49c-0961c95fbd1c,,2026-09-24T13:08:56.118Z,,2026-09-24T13:10:36.738Z
flywheel,1da6990a-f9b8-4e90-8be5-8917a02ce205,8ae14ad9-f743-4ec1-a49c-0961c95fbd1c,,2026-09-24T13:19:52.578Z,,2026-09-24T13:22:37.082Z
flywheel,81e38c0e-444a-4f06-984c-3c74b4489fa4,8ae14ad9-f743-4ec1-a49c-0961c95fbd1c,,2026-09-24T13:24:12.788Z,,2026-09-24T13:25:14.224Z
flywheel,fd51d576-3159-4c72-a5e5-55c3db572dc4,8ae14ad9-f743-4ec1-a49c-0961c95fbd1c,,2026-09-24T13:27:07.791Z,2026-09-24T15:08:17.023Z,
flywheel,4c01e08e-72e0-4a43-80ce-5e2a1ac6a663,8ae14ad9-f743-4ec1-a49c-0961c95fbd1c,,2026-09-24T13:28:22.160Z,2026-09-24T15:08:17.023Z,
flywheel,3acf016c-9381-4549-bedb-c024bb3e4b31,8ae14ad9-f743-4ec1-a49c-0961c95fbd1c,,2026-09-24T13:29:35.077Z,2026-09-24T15:08:17.023Z,
flywheel,0c55a043-8688-4a72-8caf-09ae7cd38962,8b357d57-f19c-419d-90a8-85d6a3f72c54,,2026-09-25T20:33:26.650Z,,2026-09-25T20:35:07.138Z
flywheel,b64b26de-24fa-47bf-ac31-ddc1857dfb92,8b357d57-f19c-419d-90a8-85d6a3f72c54,review_design,2026-09-25T20:36:51.492Z,,
flywheel,78101d8c-6a53-4d58-8ebf-63ca89b3fedb,8b357d57-f19c-419d-90a8-85d6a3f72c54,,2026-09-25T20:37:15.609Z,,2026-09-25T20:38:33.207Z
flywheel,037043b0-45f0-4536-8771-9ef63354571f,8e48d32e-344a-48d0-8683-76ea77318d23,review_code,2026-09-25T03:57:09.870Z,2026-09-25T03:59:24.259Z,
flywheel,128d387c-911f-495c-9f76-36f8460774fd,8e48d32e-344a-48d0-8683-76ea77318d23,review_code,2026-09-25T03:59:11.233Z,,2026-09-25T04:12:08.266Z
flywheel,b83f0b0e-b1c3-4ce6-b1eb-eba35f8d5d11,8e5a3cde-d9b1-42ec-a0b2-796e4682f333,,2026-09-23T15:37:14.776Z,2026-09-23T17:14:24.722Z,
flywheel,dfa3e9a1-2ac8-4634-9a36-a76205d1d07f,8ea390d4-d0b2-426b-9ebe-6c92717f7fd1,,2026-09-23T06:29:17.604Z,2026-09-23T13:13:23.070Z,
flywheel,rstop-bd19d51a5f99b130afa96538886f5f42,8ea390d4-d0b2-426b-9ebe-6c92717f7fd1,,2026-09-23T06:30:32.806Z,2026-09-23T06:30:37.290Z,
flywheel,rstop-283e0a317806c2dbb02845d7ea691b03,8ea390d4-d0b2-426b-9ebe-6c92717f7fd1,,2026-09-23T06:30:53.935Z,2026-09-23T06:30:57.720Z,
flywheel,a87663c8-e93b-41cc-aaaa-666915b45f06,8ea390d4-d0b2-426b-9ebe-6c92717f7fd1,question,2026-09-23T07:04:09.793Z,2026-09-23T13:13:23.070Z,
flywheel,b73345b0-9966-4203-ab26-113e4fe3b657,8edaf8bb-ef9c-4a5c-b05a-27a4cd4d6aa6,,2026-09-23T03:57:50.437Z,,2026-09-23T04:01:18.379Z
flywheel,08c2bc2e-4e88-4728-a758-a194a90a8cd8,8edaf8bb-ef9c-4a5c-b05a-27a4cd4d6aa6,,2026-09-23T04:00:11.869Z,,2026-09-23T04:01:18.727Z
flywheel,42e13a85-3c2a-4aa1-9ba5-58e5afbdbde7,8edaf8bb-ef9c-4a5c-b05a-27a4cd4d6aa6,,2026-09-23T04:05:37.337Z,,2026-09-23T04:06:06.503Z
flywheel,c6d857a2-98e4-45fb-a973-ed99213d9d92,8edaf8bb-ef9c-4a5c-b05a-27a4cd4d6aa6,review_design,2026-09-23T04:05:48.629Z,,2026-09-23T04:14:38.061Z
flywheel,36e89dbb-6c3b-4529-830d-1768b0a662d9,8edaf8bb-ef9c-4a5c-b05a-27a4cd4d6aa6,,2026-09-23T04:09:30.672Z,,2026-09-23T04:09:36.180Z
flywheel,510da06d-95dd-431d-82b4-58461aa70d5b,8edaf8bb-ef9c-4a5c-b05a-27a4cd4d6aa6,,2026-09-23T04:10:29.124Z,,2026-09-23T04:10:33.017Z
flywheel,b4105797-3065-4798-b529-344d588bec94,8edaf8bb-ef9c-4a5c-b05a-27a4cd4d6aa6,,2026-09-23T04:13:45.523Z,,2026-09-23T04:13:53.916Z
flywheel,c0ecab50-a5d3-4111-b80e-4d7242b78e61,8edaf8bb-ef9c-4a5c-b05a-27a4cd4d6aa6,,2026-09-23T04:17:08.576Z,,2026-09-23T04:17:20.497Z
flywheel,2fb5ca88-d427-49a8-8562-e92c5155ee0b,8edaf8bb-ef9c-4a5c-b05a-27a4cd4d6aa6,,2026-09-23T04:18:20.694Z,,2026-09-23T04:18:50.841Z
flywheel,48f95a8d-e76b-4068-9eeb-f1aa4f16fcc7,8edaf8bb-ef9c-4a5c-b05a-27a4cd4d6aa6,review_design,2026-09-23T04:18:21.122Z,,2026-09-23T04:23:52.802Z
flywheel,rstop-0ffc0b9c1782ecc0cde451ea90321e42,8edaf8bb-ef9c-4a5c-b05a-27a4cd4d6aa6,,2026-09-23T04:20:12.083Z,2026-09-23T04:20:40.345Z,
flywheel,8fea824a-4289-4674-b51c-439998352c9f,8edaf8bb-ef9c-4a5c-b05a-27a4cd4d6aa6,,2026-09-23T04:27:59.362Z,,2026-09-23T04:29:46.028Z
flywheel,44f4f015-0e68-4c66-8bd1-04e78ae474b7,8edaf8bb-ef9c-4a5c-b05a-27a4cd4d6aa6,,2026-09-23T04:28:45.145Z,,2026-09-23T04:29:46.338Z
flywheel,b4e09cb2-2ec2-4eb8-b529-fc67c874b0c9,8edaf8bb-ef9c-4a5c-b05a-27a4cd4d6aa6,,2026-09-23T04:30:34.941Z,,2026-09-23T04:31:29.685Z
flywheel,e602258c-2f53-4466-a267-bc6a7ee91ccd,8edaf8bb-ef9c-4a5c-b05a-27a4cd4d6aa6,review_design,2026-09-23T04:31:20.566Z,,2026-09-23T04:35:14.470Z
flywheel,266c2b48-52a1-4084-ab7c-c0a5b8e03e89,8edaf8bb-ef9c-4a5c-b05a-27a4cd4d6aa6,,2026-09-23T04:32:04.923Z,,2026-09-23T04:32:10.050Z
flywheel,rstop-cf068e5220355d14028fbceff6d667cf,8edaf8bb-ef9c-4a5c-b05a-27a4cd4d6aa6,,2026-09-23T04:33:21.919Z,2026-09-23T04:33:25.657Z,
flywheel,4aba8512-26c5-4b47-b66f-493cdd6ecdcb,8edaf8bb-ef9c-4a5c-b05a-27a4cd4d6aa6,,2026-09-23T04:36:23.523Z,,2026-09-23T04:37:01.297Z
flywheel,31aa4b46-0d7c-4812-a26e-756078499181,8edaf8bb-ef9c-4a5c-b05a-27a4cd4d6aa6,,2026-09-23T04:39:02.217Z,,2026-09-23T04:39:35.903Z
flywheel,4f027032-a65e-4e36-bcda-a07f665034a7,8edaf8bb-ef9c-4a5c-b05a-27a4cd4d6aa6,,2026-09-23T04:39:02.548Z,,2026-09-23T04:39:36.202Z
flywheel,rstop-dc16b8138d02efe4c0a182aa273f528a,8edaf8bb-ef9c-4a5c-b05a-27a4cd4d6aa6,,2026-09-23T04:42:21.008Z,2026-09-23T05:59:22.634Z,
flywheel,rstop-c50c190bcbc0089f7bbc32fdf01df2a9,8edaf8bb-ef9c-4a5c-b05a-27a4cd4d6aa6,,2026-09-23T04:42:43.132Z,2026-09-23T05:59:22.634Z,
flywheel,71e5538a-57f8-450a-bb7d-f7362f7f76ea,90adb2d1-9bd5-4113-bbe0-f25e829d5d09,review_code,2026-09-23T08:31:56.012Z,2026-09-23T08:33:37.717Z,
flywheel,cc34a44c-4c84-46cb-8f11-e3a30f43f88c,90adb2d1-9bd5-4113-bbe0-f25e829d5d09,review_code,2026-09-23T08:33:21.568Z,,2026-09-23T08:46:41.157Z
flywheel,d17d8969-210e-475f-bc7b-0f076e329254,90adb2d1-9bd5-4113-bbe0-f25e829d5d09,review_code,2026-09-23T09:22:11.442Z,,2026-09-23T09:27:48.088Z
flywheel,97c1f20f-7c18-4bf9-87cd-869d98ebb29f,90adb2d1-9bd5-4113-bbe0-f25e829d5d09,,2026-09-23T09:27:42.204Z,2026-09-23T13:28:25.781Z,
flywheel,bb8db534-b684-4b92-b804-62873d46be43,90adb2d1-9bd5-4113-bbe0-f25e829d5d09,review_code,2026-09-23T10:11:30.359Z,,2026-09-23T10:17:16.065Z
flywheel,rstop-810029b3ae769b27285b24d8d9466b53,90adb2d1-9bd5-4113-bbe0-f25e829d5d09,,2026-09-23T10:13:01.595Z,2026-09-23T10:13:22.362Z,
flywheel,92112b58-db3b-41ed-b057-872788604bb1,90adb2d1-9bd5-4113-bbe0-f25e829d5d09,review_code,2026-09-23T10:47:37.198Z,,2026-09-23T10:54:41.156Z
flywheel,rstop-e7deb8763541852000ae527ed18210e4,90adb2d1-9bd5-4113-bbe0-f25e829d5d09,,2026-09-23T10:48:05.604Z,2026-09-23T10:56:27.649Z,
flywheel,afdbea4e-e8cc-4833-bfe8-c3e98c71d51f,90adb2d1-9bd5-4113-bbe0-f25e829d5d09,review_code,2026-09-23T11:31:19.791Z,,2026-09-23T11:36:03.601Z
flywheel,0de5712f-2ff5-4be9-a9bc-18e6b69ee8d6,90adb2d1-9bd5-4113-bbe0-f25e829d5d09,,2026-09-23T11:36:40.420Z,,2026-09-23T11:44:10.173Z
flywheel,8e704fc4-c4dc-4288-a6b9-6bcbe0028ed8,90adb2d1-9bd5-4113-bbe0-f25e829d5d09,,2026-09-23T11:38:47.200Z,,2026-09-23T11:44:10.412Z
flywheel,rstop-829b00bf1ed69b63048923d846123323,90adb2d1-9bd5-4113-bbe0-f25e829d5d09,,2026-09-23T11:39:16.588Z,2026-09-23T11:44:22.297Z,
flywheel,rstop-18337266085d1c2a818a6c7d379ca691,90adb2d1-9bd5-4113-bbe0-f25e829d5d09,,2026-09-23T11:46:00.986Z,2026-09-23T11:46:07.442Z,
flywheel,c6843508-43e8-4306-af60-487847e17c37,90adb2d1-9bd5-4113-bbe0-f25e829d5d09,,2026-09-23T11:48:07.007Z,,2026-09-23T11:50:14.810Z
flywheel,9a46c6ae-712d-4bce-94d7-c6868190bb33,90adb2d1-9bd5-4113-bbe0-f25e829d5d09,,2026-09-23T11:53:19.844Z,,2026-09-23T11:53:27.927Z
flywheel,1c094d6f-5471-4ba5-8912-e7c78e6e5c4e,90adb2d1-9bd5-4113-bbe0-f25e829d5d09,,2026-09-23T11:59:26.779Z,,2026-09-23T11:59:43.139Z
flywheel,0eef9340-bd44-4f1c-916a-f66cb32cbaa7,90adb2d1-9bd5-4113-bbe0-f25e829d5d09,,2026-09-23T13:13:05.354Z,2026-09-23T13:28:25.781Z,
flywheel,95d8f228-0f1f-4563-95b2-5b598db30ecf,90adb2d1-9bd5-4113-bbe0-f25e829d5d09,,2026-09-23T13:13:05.623Z,2026-09-23T13:28:25.781Z,
flywheel,6ba5faef-5562-4e44-97c7-c0e738800891,90adb2d1-9bd5-4113-bbe0-f25e829d5d09,review_code,2026-09-23T13:13:25.267Z,,2026-09-23T13:21:48.375Z
flywheel,6ff1b43c-2ef0-49ac-af7f-9efef5da2137,90adb2d1-9bd5-4113-bbe0-f25e829d5d09,,2026-09-23T13:23:37.955Z,2026-09-23T13:56:55.093Z,
flywheel,101bb508-5ded-4c9f-b93f-0e97f4dfd759,90adb2d1-9bd5-4113-bbe0-f25e829d5d09,,2026-09-23T13:25:57.373Z,2026-09-23T13:56:55.093Z,
flywheel,3f8e9817-4a0c-491a-998e-6aaf81c69c16,90adb2d1-9bd5-4113-bbe0-f25e829d5d09,,2026-09-23T13:28:08.718Z,2026-09-23T14:01:23.750Z,
flywheel,50a4b17b-0669-479b-969b-1d677324432b,9112b04e-9ec0-44f2-8d94-159a59d61f77,,2026-09-23T08:31:18.926Z,,2026-09-23T08:32:12.981Z
flywheel,eb6c9d54-6d9a-421b-8c87-435e4bb50042,9112b04e-9ec0-44f2-8d94-159a59d61f77,review_design,2026-09-23T08:38:40.883Z,,2026-09-23T08:50:00.062Z
flywheel,4b8030dc-14d5-4fec-a9f7-db23783ed653,9112b04e-9ec0-44f2-8d94-159a59d61f77,,2026-09-23T08:38:53.302Z,2026-09-24T07:37:34.642Z,
flywheel,ed8d3fd4-e6da-48da-a57b-8de4575ee925,9112b04e-9ec0-44f2-8d94-159a59d61f77,,2026-09-23T08:43:45.552Z,,2026-09-23T08:44:00.365Z
flywheel,rstop-232a67d62d78f717cadc0fdc70066b82,9112b04e-9ec0-44f2-8d94-159a59d61f77,,2026-09-23T08:44:02.061Z,2026-09-23T08:48:23.347Z,
flywheel,4501eb21-9e86-4986-ade1-6b7c7dae9517,9112b04e-9ec0-44f2-8d94-159a59d61f77,,2026-09-23T08:44:18.573Z,2026-09-24T07:37:34.642Z,
flywheel,59204e41-e16d-420b-8db2-379c8a4362b4,9112b04e-9ec0-44f2-8d94-159a59d61f77,,2026-09-23T08:46:28.474Z,,2026-09-23T08:48:21.901Z
flywheel,41b8084b-30b4-487a-b044-976c63560dfe,9112b04e-9ec0-44f2-8d94-159a59d61f77,,2026-09-23T08:47:20.324Z,2026-09-24T07:37:34.642Z,
flywheel,1d059324-5210-43ef-aa60-a1e594526822,9112b04e-9ec0-44f2-8d94-159a59d61f77,,2026-09-23T08:52:27.883Z,2026-09-24T07:37:34.642Z,
flywheel,188d04c6-1f0f-46a0-808c-9fdf2043b4f2,9112b04e-9ec0-44f2-8d94-159a59d61f77,review_design,2026-09-23T08:56:55.006Z,,2026-09-23T09:02:37.095Z
flywheel,cae1fecf-f58d-4e89-9be9-ae4d4a4c61cd,9112b04e-9ec0-44f2-8d94-159a59d61f77,,2026-09-23T08:57:09.308Z,2026-09-24T07:37:34.642Z,
flywheel,2a7756d9-bccb-41ed-8904-2af4e5c68c3b,9112b04e-9ec0-44f2-8d94-159a59d61f77,,2026-09-23T09:04:29.540Z,2026-09-24T07:37:34.642Z,
flywheel,370ce2d7-ab2e-44fb-aef8-dee9507d2938,9112b04e-9ec0-44f2-8d94-159a59d61f77,,2026-09-23T09:05:34.398Z,2026-09-24T07:37:34.642Z,
flywheel,0409af12-ba21-4af3-b875-42abc836bbff,9112b04e-9ec0-44f2-8d94-159a59d61f77,,2026-09-23T09:06:42.658Z,2026-09-24T07:37:34.642Z,
flywheel,f15c9b1e-694d-4edc-b5c8-a1fc1965f8d2,91f185a4-b436-4a38-b051-638d077e4558,review_code,2026-09-23T17:18:23.013Z,,2026-09-23T17:43:34.970Z
flywheel,rstop-266a5ef7862a15dc35387d90ef12ce49,91f185a4-b436-4a38-b051-638d077e4558,,2026-09-23T17:42:39.447Z,2026-09-23T17:42:50.133Z,
flywheel,452d8e22-e345-42ab-a604-5303fb80490e,91f185a4-b436-4a38-b051-638d077e4558,,2026-09-23T17:44:06.682Z,2026-09-23T20:14:25.231Z,
flywheel,fceb62ca-66c5-4512-b146-ba5dd206a273,91f185a4-b436-4a38-b051-638d077e4558,review_code,2026-09-23T17:45:56.334Z,,2026-09-23T18:15:25.605Z
flywheel,rstop-33d8fa71cf074fca1c90512e8a8e3c3f,91f185a4-b436-4a38-b051-638d077e4558,,2026-09-23T17:48:32.702Z,2026-09-23T17:49:28.399Z,
flywheel,90f6f45a-9cec-4f0d-aeee-3d558701cb0c,91f185a4-b436-4a38-b051-638d077e4558,,2026-09-23T18:17:00.095Z,2026-09-23T20:14:25.231Z,
flywheel,b9ef8ba3-4e5a-4771-b231-c1ac244a90ff,91f185a4-b436-4a38-b051-638d077e4558,,2026-09-23T18:17:49.077Z,2026-09-23T20:14:25.231Z,
flywheel,rstop-6fe913f2ce3ce95a84a56dcd391c65d3,91f185a4-b436-4a38-b051-638d077e4558,,2026-09-23T18:18:52.233Z,2026-09-23T18:23:36.240Z,
flywheel,rstop-096b358df054667610253ae1f3ee12ff,91f185a4-b436-4a38-b051-638d077e4558,,2026-09-23T18:20:00.675Z,2026-09-23T18:23:38.272Z,
flywheel,rstop-da0c1d4a2cf571ff4b0b03a178c84be3,920a8ebd-c3b7-4d0a-88b2-b413799cdd5e,,2026-09-23T15:44:40.066Z,2026-09-23T15:45:31.276Z,
flywheel,4b2ce1ca-1b96-4b5b-b87b-f7b52aa4e822,920a8ebd-c3b7-4d0a-88b2-b413799cdd5e,,2026-09-23T15:49:31.446Z,2026-09-23T16:23:19.096Z,
flywheel,rstop-2b3dfb2ac6a89b7040fcfcca7add4476,920a8ebd-c3b7-4d0a-88b2-b413799cdd5e,,2026-09-23T15:49:53.372Z,2026-09-23T15:51:16.612Z,
flywheel,290407d9-2a68-4ccf-a6dc-6f3fa4d1d9f0,92f80de7-baa5-472c-ac50-7439fac30875,,2026-09-24T11:31:58.868Z,,2026-09-24T11:33:02.947Z
flywheel,086715f1-c634-4845-acf8-5a9f055868ab,92f80de7-baa5-472c-ac50-7439fac30875,,2026-09-24T12:28:16.811Z,,2026-09-24T12:30:33.729Z
flywheel,40aaa62d-ffa8-4cc8-8f2f-16a5cac20998,92f80de7-baa5-472c-ac50-7439fac30875,,2026-09-24T12:35:35.682Z,2026-09-24T16:55:07.299Z,
flywheel,13a959b8-9de4-4070-b6e5-7a4caae5fced,92f80de7-baa5-472c-ac50-7439fac30875,,2026-09-24T12:36:25.374Z,2026-09-24T16:55:07.299Z,
flywheel,c4b601a4-3727-4397-a168-29161b762cdb,92f80de7-baa5-472c-ac50-7439fac30875,,2026-09-24T16:31:01.018Z,,2026-09-24T16:40:17.065Z
flywheel,b499be5f-6e42-4f1d-a992-8645987eb042,92f80de7-baa5-472c-ac50-7439fac30875,,2026-09-24T16:41:27.491Z,2026-09-24T17:14:36.721Z,
flywheel,97573a74-ae43-4272-a235-e124d9aa5a3d,9357129d-a4b5-4666-ab35-c9fe326f2273,,2026-09-23T14:10:02.918Z,2026-09-23T18:23:59.974Z,
flywheel,workflow-gate:41656641ca41fc53a05c9afcf84faad6c40e7505a3eb2954363c8cdfbae9fdec,9357129d-a4b5-4666-ab35-c9fe326f2273,approve_to_ship,2026-09-23T14:10:09.662Z,,2026-09-23T18:21:46.814Z
flywheel,67594449-1a55-4886-b71b-2be6cad4c8dc,9357129d-a4b5-4666-ab35-c9fe326f2273,,2026-09-23T14:10:54.244Z,2026-09-23T18:23:59.974Z,
flywheel,317a5c48-4778-4630-a087-509cee7e5668,9357129d-a4b5-4666-ab35-c9fe326f2273,,2026-09-23T14:25:21.297Z,,2026-09-23T14:25:29.613Z
flywheel,09baac67-a482-4196-bd5b-3cb156945294,9357129d-a4b5-4666-ab35-c9fe326f2273,,2026-09-23T14:26:16.703Z,2026-09-23T18:23:59.974Z,
flywheel,cc80ffed-5f92-4f7f-81f2-201fddf14245,9357129d-a4b5-4666-ab35-c9fe326f2273,,2026-09-23T18:23:22.294Z,2026-09-23T18:54:07.255Z,
flywheel,925ec2eb-749f-46f4-9295-288b076d082b,9383060a-f410-404d-b725-f7919d50e9ff,review_code,2026-09-23T23:50:00.509Z,,2026-09-24T00:04:46.300Z
flywheel,b19b053b-1fd3-4b6d-bcae-e5252ec72269,9383060a-f410-404d-b725-f7919d50e9ff,,2026-09-24T00:06:20.506Z,2026-09-24T04:41:23.684Z,
flywheel,aff54336-d714-487d-90e9-e2b05a0e28e4,9383060a-f410-404d-b725-f7919d50e9ff,review_code,2026-09-24T00:20:33.430Z,,2026-09-24T00:24:48.376Z
flywheel,c2bb7272-f1ca-4c0b-86d7-6b72ba4d794f,9383060a-f410-404d-b725-f7919d50e9ff,,2026-09-24T00:25:56.083Z,2026-09-24T04:41:23.684Z,
flywheel,adebb61b-3c90-4dd5-b27c-373203aae6f8,9383060a-f410-404d-b725-f7919d50e9ff,,2026-09-24T00:26:27.683Z,2026-09-24T04:41:23.684Z,
flywheel,afd9cfa1-045f-42d1-8889-69fa97d5cdfc,9383060a-f410-404d-b725-f7919d50e9ff,,2026-09-24T00:29:07.522Z,2026-09-24T04:41:23.684Z,
flywheel,rstop-e1f0875a580b4c926c0871b491522ff1,9383060a-f410-404d-b725-f7919d50e9ff,,2026-09-24T00:30:26.035Z,2026-09-24T00:31:30.219Z,
flywheel,rstop-0d8b8a8264d46a7bbaaed59cbdf16e39,9383060a-f410-404d-b725-f7919d50e9ff,,2026-09-24T00:30:36.901Z,2026-09-24T00:31:30.221Z,
flywheel,9fba66c1-e63b-4483-81c0-5f00167595d1,9383060a-f410-404d-b725-f7919d50e9ff,review_code,2026-09-24T01:06:18.448Z,,2026-09-24T01:10:02.360Z
flywheel,d4b2aedd-c3b0-4122-87e5-9bf9420709b6,9383060a-f410-404d-b725-f7919d50e9ff,,2026-09-24T01:10:48.553Z,2026-09-24T04:41:23.684Z,
flywheel,e3e6f9c7-c310-4e24-b5de-5270bdf6aa65,9383060a-f410-404d-b725-f7919d50e9ff,review_code,2026-09-24T01:11:16.217Z,,2026-09-24T01:13:42.273Z
flywheel,d471c1f2-e872-4317-a872-60bbfee94203,9383060a-f410-404d-b725-f7919d50e9ff,,2026-09-24T01:14:26.706Z,2026-09-24T04:41:23.684Z,
flywheel,0d8d4a29-9ccf-4299-8971-2f715743180a,9383060a-f410-404d-b725-f7919d50e9ff,,2026-09-24T01:16:19.005Z,2026-09-24T04:41:23.684Z,
flywheel,15e61426-5115-422e-a685-6008bf60255b,9565cabe-062b-43a9-bff4-0ca42b9e7eb6,review_code,2026-09-24T08:28:43.276Z,,2026-09-24T09:14:43.243Z
flywheel,7e454f9b-63ca-43a0-ae97-af6b7b17f281,9565cabe-062b-43a9-bff4-0ca42b9e7eb6,review_code,2026-09-24T09:26:46.874Z,,2026-09-24T09:42:27.341Z
flywheel,0cc93a78-a37b-434e-9e4f-5b23aacfb87c,9565cabe-062b-43a9-bff4-0ca42b9e7eb6,,2026-09-24T09:43:30.432Z,,2026-09-24T09:45:57.750Z
flywheel,98961a56-0bad-43aa-9cc9-c33d58c55ef9,9565cabe-062b-43a9-bff4-0ca42b9e7eb6,,2026-09-24T09:51:01.147Z,2026-09-24T16:55:22.969Z,
flywheel,abbcc9b6-4b8c-4c3a-9587-c2c61b82fedb,9565cabe-062b-43a9-bff4-0ca42b9e7eb6,,2026-09-24T09:51:56.227Z,,2026-09-24T09:56:22.752Z
flywheel,rstop-fbace4d59fccaef74dfa7a67feceedfb,9565cabe-062b-43a9-bff4-0ca42b9e7eb6,,2026-09-24T09:56:52.740Z,2026-09-24T09:57:00.416Z,
flywheel,1a35b57e-a124-4270-a9e1-f37189a9ed24,9565cabe-062b-43a9-bff4-0ca42b9e7eb6,review_code,2026-09-24T11:57:43.263Z,,2026-09-24T12:37:50.554Z
flywheel,e2833a12-ca4f-4a9a-9fa0-fb15636cbee2,9565cabe-062b-43a9-bff4-0ca42b9e7eb6,review_code,2026-09-24T12:59:15.124Z,,2026-09-24T13:42:43.130Z
flywheel,f8c87b26-e30e-47b4-bc50-70e3795f0feb,9565cabe-062b-43a9-bff4-0ca42b9e7eb6,review_code,2026-09-24T14:00:06.626Z,,2026-09-24T14:32:22.805Z
flywheel,367c08f0-7c63-4fdc-ae7b-d79d3deba087,9565cabe-062b-43a9-bff4-0ca42b9e7eb6,,2026-09-24T14:32:42.320Z,2026-09-24T16:55:22.969Z,
flywheel,d9717e56-ef28-4615-b5ba-c25d6e19b945,9565cabe-062b-43a9-bff4-0ca42b9e7eb6,,2026-09-24T14:33:24.249Z,2026-09-24T16:55:22.969Z,
flywheel,f278b29e-9804-45e7-b582-c2321fd58ece,95d1f43b-a724-45a5-8a81-5dc54463e15e,review_design,2026-09-23T08:34:56.080Z,,2026-09-23T08:43:49.982Z
flywheel,fe9f783d-f750-4b59-a712-df0f176eeafa,95d1f43b-a724-45a5-8a81-5dc54463e15e,review_design,2026-09-23T08:54:00.499Z,,2026-09-23T08:59:20.343Z
flywheel,723e60c2-0cea-48e8-abc8-3583c39f6652,95d1f43b-a724-45a5-8a81-5dc54463e15e,review_design,2026-09-23T09:03:50.115Z,,2026-09-23T09:07:06.395Z
flywheel,2905c12c-fcb6-4aaa-b219-1de7205b4fa4,95d1f43b-a724-45a5-8a81-5dc54463e15e,,2026-09-23T09:07:51.311Z,2026-09-23T10:41:55.543Z,
flywheel,9d9d5cc6-3c14-4995-b775-79fbe7fdde5b,95d1f43b-a724-45a5-8a81-5dc54463e15e,review_code,2026-09-23T09:28:45.708Z,,2026-09-23T09:38:16.306Z
flywheel,50c2d4c4-238d-40c9-ae02-412d8cf3f122,95d1f43b-a724-45a5-8a81-5dc54463e15e,review_code,2026-09-23T09:52:36.159Z,,2026-09-23T09:59:22.944Z
flywheel,ecc5d06e-1bd1-4c76-bc41-6c9b48f1e251,95d1f43b-a724-45a5-8a81-5dc54463e15e,,2026-09-23T10:00:09.220Z,2026-09-23T10:41:55.543Z,
flywheel,d0c2f50d-2d5c-443e-942d-bee62d750864,95d1f43b-a724-45a5-8a81-5dc54463e15e,review_code,2026-09-23T10:03:58.960Z,,2026-09-23T10:18:58.904Z
flywheel,b863783c-874c-4f61-8961-d11e5dadb354,95d1f43b-a724-45a5-8a81-5dc54463e15e,,2026-09-23T10:20:04.716Z,,2026-09-23T10:20:22.092Z
flywheel,ea85ff05-2cdd-4f1a-8365-432a8f3cc8d0,95d1f43b-a724-45a5-8a81-5dc54463e15e,,2026-09-23T10:21:27.627Z,,2026-09-23T10:21:43.882Z
flywheel,e16b8f48-feb7-4f61-b92f-444062af6985,95d1f43b-a724-45a5-8a81-5dc54463e15e,,2026-09-23T10:22:42.865Z,,2026-09-23T10:23:21.602Z
flywheel,51587e0f-068a-40d6-910c-a25e91c271be,95d1f43b-a724-45a5-8a81-5dc54463e15e,,2026-09-23T10:40:21.842Z,2026-09-23T11:11:15.738Z,
flywheel,rstop-5363e8a6e13f3efa34554deb1ff1b09c,9a2aa63c-a8cc-4495-9081-b7af109a0977,,2026-09-23T10:51:12.811Z,2026-09-23T10:56:29.687Z,
flywheel,rstop-c53119b14b88cd24e1c14512da5ef1f9,9a2aa63c-a8cc-4495-9081-b7af109a0977,,2026-09-23T10:51:21.523Z,2026-09-23T10:56:30.703Z,
flywheel,785b01d8-7bf2-463d-8e20-11e8c75f18a1,9a2aa63c-a8cc-4495-9081-b7af109a0977,review_code,2026-09-23T11:29:20.584Z,,2026-09-23T11:41:04.550Z
flywheel,fb9e1601-1ea1-4bff-b449-b7ba26a484c7,9a2aa63c-a8cc-4495-9081-b7af109a0977,review_code,2026-09-23T11:54:09.408Z,,2026-09-23T11:58:02.988Z
flywheel,0455ff6a-3cae-4fbf-8e10-18144eb7d4f7,9a2aa63c-a8cc-4495-9081-b7af109a0977,,2026-09-23T11:58:49.402Z,,2026-09-23T11:58:54.384Z
flywheel,e9b2aa36-870c-45ad-8808-4a8115567a70,9a2aa63c-a8cc-4495-9081-b7af109a0977,,2026-09-23T12:01:32.234Z,2026-09-23T12:45:09.438Z,
flywheel,32ba71d8-e757-49e1-ba84-9b2fde4d0b8f,9c139c13-5f5f-4d3c-acad-fac40527b42f,,2026-09-23T11:01:58.942Z,,2026-09-23T11:02:16.171Z
flywheel,48c89902-6504-4041-9ab9-67b13c3b8820,9c139c13-5f5f-4d3c-acad-fac40527b42f,,2026-09-23T11:15:35.115Z,,2026-09-23T11:16:26.993Z
flywheel,53f8a1fb-3fc5-4f4b-b48f-5cc422ab9673,9c139c13-5f5f-4d3c-acad-fac40527b42f,,2026-09-23T11:17:35.491Z,,2026-09-23T11:18:14.078Z
flywheel,5f6f6bc3-33e9-43dc-bd91-dfe1fac93ad1,9c139c13-5f5f-4d3c-acad-fac40527b42f,,2026-09-23T11:18:42.161Z,,2026-09-23T11:18:49.731Z
flywheel,e5b8bb6f-faed-40d5-bb6c-11cde917648f,9c5bc88c-d76f-46a9-b6eb-98efc217b31b,,2026-09-24T08:02:07.484Z,,2026-09-24T08:20:58.143Z
flywheel,49dc4147-1274-427a-8b35-4a8031c83201,9c5bc88c-d76f-46a9-b6eb-98efc217b31b,review_code,2026-09-24T08:33:37.858Z,,2026-09-24T08:53:19.510Z
flywheel,70d16849-1c0d-4c2c-958f-fe33c3bcbd61,9c5bc88c-d76f-46a9-b6eb-98efc217b31b,,2026-09-24T08:54:02.840Z,,2026-09-24T08:58:40.702Z
flywheel,867b51df-37ab-4555-a631-6f3e1d461e0a,9c5bc88c-d76f-46a9-b6eb-98efc217b31b,review_code,2026-09-24T09:04:28.431Z,,2026-09-24T09:10:50.763Z
flywheel,05fe7f3e-e1a4-4ba3-9afd-3becc69ece4e,9c5bc88c-d76f-46a9-b6eb-98efc217b31b,,2026-09-24T09:11:09.512Z,,2026-09-24T09:11:41.057Z
flywheel,d349d2f1-75b9-4e63-9ed0-d2dbc0ae1d9c,9c5bc88c-d76f-46a9-b6eb-98efc217b31b,,2026-09-24T09:12:51.985Z,2026-09-24T16:26:28.882Z,
flywheel,rstop-19eec85bda2a2f9fee6bc24cfc8d3b93,9c5bc88c-d76f-46a9-b6eb-98efc217b31b,,2026-09-24T09:13:45.280Z,2026-09-24T09:13:58.668Z,
flywheel,d1952077-39ac-4be5-952f-2f1acca28e36,9c5bc88c-d76f-46a9-b6eb-98efc217b31b,review_code,2026-09-24T10:07:30.440Z,,2026-09-24T10:11:48.685Z
flywheel,8b8adf58-b66f-4462-bc0c-73bae740afbd,9c5bc88c-d76f-46a9-b6eb-98efc217b31b,,2026-09-24T10:12:14.104Z,2026-09-24T16:26:28.882Z,
flywheel,8b495a7e-5b66-483c-ae4b-7dba7d5f729e,9c5bc88c-d76f-46a9-b6eb-98efc217b31b,,2026-09-24T10:13:25.486Z,2026-09-24T16:26:28.882Z,
flywheel,074d2989-5f92-4491-a8bc-454db46f20c8,9c6ed448-96c7-4d14-b7ce-939375c85910,,2026-09-23T22:21:28.894Z,2026-09-23T22:54:53.972Z,
flywheel,workflow-gate:19310966ba6654095f30237cf82a785c98ebfff681c29e0fba72b08ffd39e831,9c6ed448-96c7-4d14-b7ce-939375c85910,approve_to_ship,2026-09-23T22:21:29.244Z,,2026-09-23T22:33:31.919Z
flywheel,164b71c7-d47a-4e7b-a871-eaa93264c8af,9cb1f181-6216-4610-aea6-40f00750f8c5,,2026-09-14T22:46:39.361Z,,
flywheel,662f87db-dc08-44c3-9cfe-9746235b43d2,9cb1f181-6216-4610-aea6-40f00750f8c5,,2026-09-14T22:49:47.665Z,,
flywheel,5b9942ed-e886-432c-88b4-d3fa6705a03b,9cb1f181-6216-4610-aea6-40f00750f8c5,,2026-09-14T22:50:44.891Z,,
flywheel,a385cb74-1890-44c4-bda9-f321631656dc,9cb1f181-6216-4610-aea6-40f00750f8c5,,2026-09-14T23:04:02.728Z,,
flywheel,ad9d6e11-9392-4734-9a45-b98ac2071bf2,9cb1f181-6216-4610-aea6-40f00750f8c5,,2026-09-14T23:06:50.773Z,,
flywheel,8a6b4357-9db9-41d7-907a-882be650fab7,9cb1f181-6216-4610-aea6-40f00750f8c5,,2026-09-14T23:13:58.750Z,,
flywheel,7f9cc220-df3b-4c62-b22a-7ab03ae0a646,9cb1f181-6216-4610-aea6-40f00750f8c5,,2026-09-14T23:16:23.737Z,,
flywheel,d271f177-1e6f-4522-91b6-13a7fcf25a75,9cb1f181-6216-4610-aea6-40f00750f8c5,,2026-09-14T23:17:32.549Z,,
flywheel,263a338c-3f5e-4d1f-8421-5ece5b323f0b,9cb1f181-6216-4610-aea6-40f00750f8c5,,2026-09-14T23:20:52.400Z,,
flywheel,e4fdb648-5071-43ee-b0ae-cc938aa4244b,9cb1f181-6216-4610-aea6-40f00750f8c5,,2026-09-14T23:22:36.692Z,,
flywheel,b3ab945c-cf08-4b24-acbe-9507c01b4e9a,9cd9b80e-cd86-4d01-b7ae-d06d49af92c0,,2026-09-23T05:47:36.077Z,,2026-09-23T05:51:40.076Z
flywheel,d5da3d97-c5c6-46b4-84e9-086ac0f0ff8c,9cd9b80e-cd86-4d01-b7ae-d06d49af92c0,,2026-09-23T06:04:49.290Z,,2026-09-23T06:12:00.700Z
flywheel,b180e455-f22c-4c1a-b17c-e22fc163b7ef,9cd9b80e-cd86-4d01-b7ae-d06d49af92c0,,2026-09-23T11:57:02.470Z,,2026-09-23T11:57:19.668Z
flywheel,rstop-891beb75acc16a698cf6a6a91bbdaf42,9cf1770e-34dd-405c-aa22-a652711e40fe,,2026-09-24T16:44:00.988Z,2026-09-24T16:50:24.275Z,
flywheel,7ff1b28f-6c9b-49b1-bf32-92cd3e9a25b2,9cf1770e-34dd-405c-aa22-a652711e40fe,,2026-09-24T16:47:21.793Z,2026-09-24T18:44:41.458Z,
flywheel,99f57d75-a2e3-4855-98a7-309661a3e0a0,9cf1770e-34dd-405c-aa22-a652711e40fe,,2026-09-24T17:09:43.123Z,2026-09-24T18:44:41.458Z,
flywheel,70c07ba2-933c-4dba-a630-369084080fd4,9f016fc5-3781-4208-a4c0-7f680393aab0,review_code,2026-09-23T23:48:51.892Z,,2026-09-24T00:12:29.545Z
flywheel,rstop-cb42b821cfd3e357e928ed7c8e231e00,9f016fc5-3781-4208-a4c0-7f680393aab0,,2026-09-23T23:50:43.573Z,2026-09-24T00:00:04.956Z,
flywheel,e04ff1ad-1380-401a-976e-717e63f0d88a,9f016fc5-3781-4208-a4c0-7f680393aab0,,2026-09-24T00:06:41.154Z,2026-09-24T00:23:26.635Z,
flywheel,rstop-2291fc66d2f5c268491601ea871f0ab5,9f016fc5-3781-4208-a4c0-7f680393aab0,,2026-09-24T00:07:01.110Z,2026-09-24T00:18:01.566Z,
flywheel,rstop-5d09fd1de95d14379a1e2460542766f8,9f016fc5-3781-4208-a4c0-7f680393aab0,,2026-09-24T00:07:07.394Z,2026-09-24T00:18:01.567Z,
flywheel,1fb2e7d7-e538-4ad4-a20d-2ddf541723cb,9f016fc5-3781-4208-a4c0-7f680393aab0,,2026-09-24T00:13:11.268Z,,2026-09-24T00:19:58.840Z
flywheel,f902a1bf-ee7b-4bc4-a114-ea8dcc8e7b03,a263bc64-bddc-4654-b67d-e2cdfe921797,,2026-09-23T12:41:21.530Z,2026-09-23T14:33:47.708Z,
flywheel,rstop-01ce23a7365a7884e2c1f220a78bbaf0,a263bc64-bddc-4654-b67d-e2cdfe921797,,2026-09-23T12:43:13.935Z,2026-09-23T12:52:17.127Z,
flywheel,rstop-310b08b1d6012b6320e855d8e4333d34,a263bc64-bddc-4654-b67d-e2cdfe921797,,2026-09-23T12:43:35.937Z,2026-09-23T12:52:18.143Z,
flywheel,eba3ab15-b08e-4aa8-a59c-ee4ff939f6cb,a263bc64-bddc-4654-b67d-e2cdfe921797,review_code,2026-09-23T13:47:26.795Z,,2026-09-23T14:00:41.719Z
flywheel,78603a00-e644-4041-845f-039c716ebcd1,a263bc64-bddc-4654-b67d-e2cdfe921797,review_code,2026-09-23T14:27:08.955Z,,2026-09-23T14:31:19.026Z
flywheel,5d7c4ee4-f878-424a-9810-035a752d26b7,a263bc64-bddc-4654-b67d-e2cdfe921797,,2026-09-23T14:31:49.276Z,2026-09-23T15:03:14.980Z,
flywheel,46814794-92b6-4f04-8af6-230295958b3c,a263bc64-bddc-4654-b67d-e2cdfe921797,,2026-09-23T14:32:28.439Z,2026-09-23T15:03:14.981Z,
flywheel,543aaef9-b54f-45b0-bda7-fd0c1eceac2d,a263bc64-bddc-4654-b67d-e2cdfe921797,,2026-09-23T14:33:23.974Z,2026-09-23T15:08:13.358Z,
flywheel,38989b7c-6c33-40ff-8e9b-6baec353462b,a29f0f6e-99e7-4754-a559-3f58c25c84ed,review_code,2026-09-24T19:44:50.769Z,,2026-09-24T19:55:38.832Z
flywheel,2405aafd-65e6-4382-9fd2-89b8e186cc32,a29f0f6e-99e7-4754-a559-3f58c25c84ed,,2026-09-24T19:56:31.384Z,2026-09-24T21:08:10.212Z,
flywheel,rstop-0f21e89a21415a0e573632e3e9c902ac,a43a6880-5207-41c9-a3c5-7523fb24d0f7,,2026-09-24T15:53:13.688Z,2026-09-24T15:57:41.126Z,
flywheel,4617269f-875d-46f8-a30a-2eee2a36c307,a43a6880-5207-41c9-a3c5-7523fb24d0f7,review_code,2026-09-24T16:23:50.612Z,,2026-09-24T16:42:45.284Z
flywheel,43adf9d5-9368-481c-8c2f-0e24d2667ac2,a43a6880-5207-41c9-a3c5-7523fb24d0f7,review_code,2026-09-24T16:51:38.880Z,,2026-09-24T16:57:15.214Z
flywheel,2b82ce67-d654-482f-bebd-8146abfbbc40,a43a6880-5207-41c9-a3c5-7523fb24d0f7,review_code,2026-09-24T17:04:15.337Z,,2026-09-24T17:12:36.929Z
flywheel,f7b4573a-c5b3-43b2-9f23-26912dff3d7b,a43a6880-5207-41c9-a3c5-7523fb24d0f7,review_code,2026-09-24T17:17:05.038Z,,2026-09-24T17:19:50.054Z
flywheel,268901a4-214b-402c-be0b-42cff363445c,a43a6880-5207-41c9-a3c5-7523fb24d0f7,,2026-09-24T17:22:55.658Z,2026-09-24T17:54:32.662Z,
flywheel,2203492c-bdd4-42d1-a009-9c41a5cdcdb2,a43a6880-5207-41c9-a3c5-7523fb24d0f7,,2026-09-24T17:23:51.261Z,2026-09-24T17:54:32.663Z,
flywheel,2ac80168-9b1d-4cdf-a508-14ba49b1d260,a466cb95-fab3-4385-ab88-5d81c066dd2f,review_code,2026-09-22T13:00:51.969Z,2026-09-23T17:18:23.865Z,
flywheel,faedebd2-db50-426c-8d89-6a4af970151c,a466cb95-fab3-4385-ab88-5d81c066dd2f,,2026-09-22T23:23:45.574Z,2026-09-23T13:14:25.212Z,
flywheel,9b754e8d-a873-448d-a560-12a07d8440d7,a466cb95-fab3-4385-ab88-5d81c066dd2f,,2026-09-22T23:53:51.935Z,,2026-09-22T23:54:13.172Z
flywheel,79874002-5d65-434e-9269-186f0593689a,a466cb95-fab3-4385-ab88-5d81c066dd2f,,2026-09-23T01:32:14.462Z,2026-09-23T13:14:25.212Z,
flywheel,38e78bfa-e4bd-4e20-8e02-aa3fdeb16f11,a466cb95-fab3-4385-ab88-5d81c066dd2f,,2026-09-23T05:07:34.917Z,,2026-09-23T05:11:18.250Z
flywheel,8f9c5797-f6e8-41ed-954f-449d5310506f,a466cb95-fab3-4385-ab88-5d81c066dd2f,,2026-09-23T08:54:40.077Z,,2026-09-23T08:58:48.343Z
flywheel,7e7369d0-f0ea-4906-b144-19673e49d079,a466cb95-fab3-4385-ab88-5d81c066dd2f,,2026-09-23T08:55:57.263Z,2026-09-23T13:14:25.212Z,
flywheel,52fed19c-f9ce-4cde-95a3-55691331dd45,a466cb95-fab3-4385-ab88-5d81c066dd2f,,2026-09-23T09:18:46.529Z,,2026-09-23T09:19:01.051Z
flywheel,304166a2-f6f8-40b2-aa56-44e0d8c4895c,a466cb95-fab3-4385-ab88-5d81c066dd2f,,2026-09-23T09:20:06.787Z,2026-09-23T13:14:25.212Z,
flywheel,0c3f5721-1d86-4696-9e61-7d4fda71a099,a466cb95-fab3-4385-ab88-5d81c066dd2f,,2026-09-23T09:35:16.378Z,,2026-09-23T09:35:33.851Z
flywheel,028e6884-c666-4bea-ab83-562c331ee048,a466cb95-fab3-4385-ab88-5d81c066dd2f,,2026-09-23T09:36:35.510Z,2026-09-23T13:14:25.212Z,
flywheel,51f6cf36-7bde-4aea-aa05-2f1708b28e6e,a46bfcb3-7e0c-465e-a473-ec50909149a5,,2026-09-24T19:39:44.779Z,,2026-09-24T19:42:05.556Z
flywheel,443d4587-3188-40bc-97a7-4a61293f09f4,a46bfcb3-7e0c-465e-a473-ec50909149a5,,2026-09-24T19:43:11.915Z,2026-09-25T03:56:05.627Z,
flywheel,9337872c-c017-4e88-acda-4262e5b65487,a46bfcb3-7e0c-465e-a473-ec50909149a5,,2026-09-24T20:16:25.189Z,2026-09-25T03:56:05.627Z,
flywheel,workflow-gate:a70ff2d4e315de21f0752a9021d48f65efcbfcfc6e06148941c6361443cc5e80,a46bfcb3-7e0c-465e-a473-ec50909149a5,approve_to_ship,2026-09-24T20:16:42.455Z,2026-09-25T03:56:05.627Z,
flywheel,7773738d-8257-4ec7-9550-251890d82d6d,a509e941-e543-477e-8254-5d704858da14,,2026-09-23T14:28:56.457Z,,2026-09-23T14:29:20.512Z
flywheel,6d664413-0132-4265-8d56-2b32c70af5ed,a509e941-e543-477e-8254-5d704858da14,question,2026-09-23T14:46:55.860Z,2026-09-23T23:37:05.736Z,2026-09-23T23:37:04.897Z
flywheel,f0cdafbe-370c-43cc-845d-faea2b873e7e,a509e941-e543-477e-8254-5d704858da14,question,2026-09-23T23:38:20.647Z,2026-09-23T23:40:50.740Z,2026-09-23T23:40:40.400Z
flywheel,6503f62b-42a5-4bc1-b125-4f4826e4a019,a509e941-e543-477e-8254-5d704858da14,question,2026-09-24T00:07:35.350Z,2026-09-24T00:16:50.583Z,2026-09-24T00:16:47.360Z
flywheel,a4ec15eb-103e-4564-a9a2-02890ef964d5,a509e941-e543-477e-8254-5d704858da14,,2026-09-24T02:52:45.177Z,,2026-09-24T03:03:47.175Z
flywheel,545c257f-e623-4ef9-8e56-fae2b347cef0,a509e941-e543-477e-8254-5d704858da14,,2026-09-24T03:10:20.562Z,,2026-09-24T03:36:59.386Z
flywheel,471d066b-1462-4508-be91-f6889e021072,a509e941-e543-477e-8254-5d704858da14,,2026-09-24T03:13:17.443Z,,2026-09-24T03:37:00.468Z
flywheel,a152e708-bc3b-4839-b460-c2f2e8c5eaca,a509e941-e543-477e-8254-5d704858da14,,2026-09-24T05:09:21.155Z,,2026-09-24T05:10:29.402Z
flywheel,3087c269-c2db-4931-bab8-c1ec51ffa48d,a509e941-e543-477e-8254-5d704858da14,,2026-09-24T05:10:16.488Z,2026-09-24T07:46:52.343Z,
flywheel,713ea4ec-c0c3-4b0c-a368-d16be8cc6471,a509e941-e543-477e-8254-5d704858da14,,2026-09-24T05:48:48.374Z,,2026-09-24T05:49:54.760Z
flywheel,5e9f5714-fb90-4d7f-808b-082df241584d,a509e941-e543-477e-8254-5d704858da14,,2026-09-24T05:49:33.423Z,,2026-09-24T05:51:25.491Z
flywheel,0c7cf10e-e9d5-49ec-9271-f718dfc34926,a509e941-e543-477e-8254-5d704858da14,,2026-09-24T05:50:36.267Z,,2026-09-24T05:51:25.913Z
flywheel,1b79ad4f-3a33-4b05-9fc5-9b7f723f40f5,a509e941-e543-477e-8254-5d704858da14,,2026-09-24T06:27:34.087Z,,2026-09-24T06:27:57.763Z
flywheel,87da0b76-cf4e-4aa3-b110-35e60928a0c0,a509e941-e543-477e-8254-5d704858da14,,2026-09-24T06:30:22.230Z,,2026-09-24T06:31:05.256Z
flywheel,rstop-a64fa541f639ee397f063b9b3fe63285,a69af4c1-a2bc-4888-a9dd-6e763f73cb98,,2026-09-23T15:24:17.033Z,2026-09-23T15:24:21.474Z,
flywheel,rstop-db07d8064865e49f0cbd18ff8eb3dcea,a69af4c1-a2bc-4888-a9dd-6e763f73cb98,,2026-09-23T15:24:33.134Z,2026-09-23T15:24:37.544Z,
flywheel,rstop-48f489f84559762ca40388547d82deda,a69af4c1-a2bc-4888-a9dd-6e763f73cb98,,2026-09-23T15:54:34.246Z,2026-09-23T15:58:44.999Z,
flywheel,05789391-cc87-4a7c-abf6-2437e185c37b,a7a27b49-ee4c-42d6-b933-6e409fa7cc61,review_code,2026-09-23T19:29:46.565Z,,2026-09-23T19:39:30.224Z
flywheel,2af917c6-9bac-4e79-b82d-26d8b215cd11,a7a27b49-ee4c-42d6-b933-6e409fa7cc61,,2026-09-23T19:31:51.569Z,,2026-09-23T19:36:09.142Z
flywheel,rstop-d731311242daf7118a280ca504b9c18b,a9df2a66-b0d9-4047-8c62-22c167721888,,2026-09-24T17:53:37.239Z,2026-09-24T17:56:42.072Z,
flywheel,acd9179d-8558-4c1d-930d-0ee7930c8ae6,a9df2a66-b0d9-4047-8c62-22c167721888,review_code,2026-09-24T18:15:43.025Z,,2026-09-24T18:27:53.798Z
flywheel,7a3a013e-ec85-4638-bdd8-1a0a1e6a1968,a9df2a66-b0d9-4047-8c62-22c167721888,review_code,2026-09-24T18:30:31.415Z,,2026-09-24T18:32:51.495Z
flywheel,33bd6622-6c9d-475e-aecc-b43445cf751e,a9df2a66-b0d9-4047-8c62-22c167721888,,2026-09-24T18:34:06.914Z,2026-09-24T19:07:15.493Z,
flywheel,1267d8d2-30dd-4d77-bf64-1c632fb74d83,a9df2a66-b0d9-4047-8c62-22c167721888,,2026-09-24T18:37:15.291Z,2026-09-24T19:07:15.494Z,
flywheel,1d6a54e1-fc1d-4cde-824e-359f00dd3488,aac0a4ef-b44d-41d2-9c67-4e3ff597ad5c,,2026-09-18T07:32:23.233Z,,
flywheel,fbbbfa2f-1d7b-4d5c-95c3-71d68da53992,aac0a4ef-b44d-41d2-9c67-4e3ff597ad5c,,2026-09-18T07:32:23.607Z,,
flywheel,408de2f7-dccc-4e44-83c1-f6d03f9dcf24,aac0a4ef-b44d-41d2-9c67-4e3ff597ad5c,,2026-09-18T07:52:26.537Z,,
flywheel,d8171183-c4c6-405f-a284-f1b25aa2c619,aac0a4ef-b44d-41d2-9c67-4e3ff597ad5c,,2026-09-18T08:22:21.855Z,,
flywheel,4ee217ce-965b-4587-b9a5-e8e04f28741a,ad657cf3-e105-4196-83df-958dbcecf513,,2026-09-25T00:52:57.156Z,,2026-09-25T00:55:28.489Z
flywheel,4545d723-cfb0-43f0-a2ff-7d47ce5fbb5f,ad657cf3-e105-4196-83df-958dbcecf513,review_code,2026-09-25T03:41:07.877Z,,
flywheel,3662d91f-ffcf-44c9-953c-219b1e7e1bbf,ad657cf3-e105-4196-83df-958dbcecf513,,2026-09-25T04:03:24.558Z,2026-09-25T04:49:31.418Z,
flywheel,5fa9bcaa-2d4a-4ceb-a969-0dccd376b11d,ad657cf3-e105-4196-83df-958dbcecf513,,2026-09-25T04:04:42.647Z,2026-09-25T04:49:31.418Z,
flywheel,3315cd47-0111-4cfd-bf42-a9d87f8be1db,aef24ecc-59d4-4292-936e-71a6cf5c21f9,,2026-09-24T03:55:15.567Z,,2026-09-24T04:08:32.395Z
flywheel,workflow-gate:61386c0c70a0041aa8b62b8c548e70aa72a501a76191e012aaf3da1f8b0341fb,aef24ecc-59d4-4292-936e-71a6cf5c21f9,approve_to_ship,2026-09-24T04:07:46.490Z,2026-09-24T07:44:24.819Z,
flywheel,853c8d64-6490-418d-b5d2-91d07163dc39,aef24ecc-59d4-4292-936e-71a6cf5c21f9,,2026-09-24T05:01:26.168Z,,2026-09-24T05:03:33.484Z
flywheel,adac4ed2-db5d-4a4f-a05b-0e52278441c2,aef24ecc-59d4-4292-936e-71a6cf5c21f9,,2026-09-24T05:08:11.481Z,,2026-09-24T05:10:29.568Z
flywheel,b09d8b36-8520-4f7c-81a1-bcd13a682f19,aef24ecc-59d4-4292-936e-71a6cf5c21f9,,2026-09-24T05:11:12.704Z,,2026-09-24T05:12:26.767Z
flywheel,ab3aa8c9-13e2-40dd-8aac-cd2bdf9c0966,aef24ecc-59d4-4292-936e-71a6cf5c21f9,,2026-09-24T05:12:31.216Z,,2026-09-24T05:13:00.913Z
flywheel,b91071e5-207e-4e3b-bf18-5c625f6c1c13,b00f50b8-6782-4d0f-a511-aca00ec17685,,2026-09-23T12:33:11.293Z,,2026-09-23T12:33:18.160Z
flywheel,f7de8ed1-11c8-4613-af67-f972cc0da106,b00f50b8-6782-4d0f-a511-aca00ec17685,,2026-09-23T12:37:44.274Z,,2026-09-23T12:38:10.011Z
flywheel,935bf1a3-c353-4797-855b-f37d76aa3a05,b00f50b8-6782-4d0f-a511-aca00ec17685,,2026-09-23T12:40:44.514Z,,2026-09-23T12:41:59.825Z
flywheel,89cad404-a634-40d6-bf54-b296d445712f,b00f50b8-6782-4d0f-a511-aca00ec17685,,2026-09-23T12:43:36.817Z,2026-09-23T13:15:13.476Z,
flywheel,56adfa54-8c3a-4c31-a66e-201367690196,b0907ee9-3f48-4ced-b9c8-18920c080dbe,,2026-09-25T18:26:40.331Z,,2026-09-25T18:28:50.990Z
flywheel,rstop-44a19edaa4fe6768868545d4e857df32,b15a5b84-2c76-43bb-a436-21fc4d0a9f24,,2026-09-24T16:40:06.498Z,2026-09-24T16:50:23.266Z,
flywheel,38121605-42b1-444d-8c46-be7af3018e7d,b15a5b84-2c76-43bb-a436-21fc4d0a9f24,review_code,2026-09-24T16:53:17.805Z,,2026-09-24T17:07:16.094Z
flywheel,07aa6cd2-23a3-446c-8130-03dfdb26f7f9,b15a5b84-2c76-43bb-a436-21fc4d0a9f24,review_code,2026-09-24T17:41:34.284Z,,2026-09-24T17:44:21.731Z
flywheel,507246fb-69f4-4dbf-bac9-445f2b2e1593,b15a5b84-2c76-43bb-a436-21fc4d0a9f24,,2026-09-24T17:44:36.630Z,2026-09-24T19:39:53.188Z,
flywheel,3682fa68-e3ee-480b-a83b-680a793ae741,b15a5b84-2c76-43bb-a436-21fc4d0a9f24,,2026-09-24T17:45:26.680Z,2026-09-24T19:39:53.188Z,
flywheel,c5c2558c-2751-4446-acf2-b734bfc69949,b15a5b84-2c76-43bb-a436-21fc4d0a9f24,question,2026-09-24T19:30:48.023Z,2026-09-24T19:39:53.188Z,
flywheel,2ce6edf1-2c39-4e4d-aab0-cdc3e734fe78,b1cd5257-725c-4f70-aff0-1c4cac2f3d97,,2026-09-23T16:18:16.014Z,,2026-09-23T16:18:37.971Z
flywheel,workflow-gate:a7dd01b59c2943b08c76a99b58c66495953098bae900380618f9ad5e80a64f31,b1cd5257-725c-4f70-aff0-1c4cac2f3d97,approve_to_ship,2026-09-23T16:18:21.336Z,2026-09-24T06:12:13.367Z,
flywheel,5f97acc8-fe0d-4e8e-8fc8-09301d75a3cf,b1cd5257-725c-4f70-aff0-1c4cac2f3d97,,2026-09-23T16:26:13.093Z,2026-09-24T08:04:58.711Z,
flywheel,ad8ccb5e-e77b-469a-9b48-cbbdf1b03cc5,b1cd5257-725c-4f70-aff0-1c4cac2f3d97,,2026-09-23T16:27:58.346Z,2026-09-24T08:04:58.711Z,
flywheel,4f9f491b-050b-40a9-8be4-02bdfb71b58c,b1cd5257-725c-4f70-aff0-1c4cac2f3d97,,2026-09-24T06:11:54.277Z,,2026-09-24T06:12:41.297Z
flywheel,workflow-gate:bddc21098f1a6b9db2e6a14a98550eb8fc76fb26cd02bcc758a6e46831c00cdc,b1cd5257-725c-4f70-aff0-1c4cac2f3d97,approve_to_ship,2026-09-24T06:12:00.475Z,2026-09-24T08:04:58.710Z,
flywheel,30c8627d-fb84-4df0-a11f-3df49364e4f4,b224d252-30d2-4d13-b597-9663ea25de43,review_code,2026-09-24T08:13:21.475Z,,2026-09-24T08:32:29.845Z
flywheel,rstop-96788e9815ef1bbc4845eb450be8125e,b224d252-30d2-4d13-b597-9663ea25de43,,2026-09-24T08:14:56.334Z,2026-09-24T08:22:09.425Z,
flywheel,75ff4b4d-c722-4556-89c8-51d49ec0b512,b224d252-30d2-4d13-b597-9663ea25de43,question,2026-09-24T08:33:45.852Z,,2026-09-24T08:38:38.495Z
flywheel,rstop-9f7c9e4812941e079e0921c9c138d7b7,b224d252-30d2-4d13-b597-9663ea25de43,,2026-09-24T08:34:18.297Z,2026-09-24T08:37:02.522Z,
flywheel,ef7a2587-0127-4ef5-84c8-7aba6378db39,b224d252-30d2-4d13-b597-9663ea25de43,review_code,2026-09-24T08:39:38.354Z,,2026-09-24T08:44:09.570Z
flywheel,rstop-5d2057a9e0a9732ff358b3485304d00b,b224d252-30d2-4d13-b597-9663ea25de43,,2026-09-24T08:40:51.295Z,2026-09-24T08:41:24.684Z,
flywheel,3fcc6f84-766f-48b2-a200-314c5fb814cf,b224d252-30d2-4d13-b597-9663ea25de43,,2026-09-24T08:44:36.235Z,,2026-09-24T08:44:53.489Z
flywheel,298bf1c6-84c3-46dc-888e-dcf7df2ec8dc,b224d252-30d2-4d13-b597-9663ea25de43,,2026-09-24T08:45:06.619Z,2026-09-24T10:32:11.776Z,
flywheel,rstop-3f50ca835c3630bc211870fe0350da95,b224d252-30d2-4d13-b597-9663ea25de43,,2026-09-24T08:47:11.873Z,2026-09-24T08:48:34.322Z,
flywheel,rstop-e0d7e3952c6c3c82486809260db8a691,b224d252-30d2-4d13-b597-9663ea25de43,,2026-09-24T08:47:15.876Z,2026-09-24T08:48:34.324Z,
flywheel,80859bea-6ca0-4a3f-a67d-e83942707c4e,b224d252-30d2-4d13-b597-9663ea25de43,review_code,2026-09-24T10:05:28.448Z,,2026-09-24T10:12:48.348Z
flywheel,37d8089f-5eee-462a-876b-e357e117605b,b224d252-30d2-4d13-b597-9663ea25de43,review_code,2026-09-24T10:19:34.343Z,,2026-09-24T10:26:28.372Z
flywheel,4b99bcb8-ac2d-4bfe-9f7a-dffdc06841af,b224d252-30d2-4d13-b597-9663ea25de43,,2026-09-24T10:27:03.895Z,2026-09-24T10:59:36.992Z,
flywheel,7042b2fb-5e3d-481d-9007-0e7d5ced2448,b224d252-30d2-4d13-b597-9663ea25de43,,2026-09-24T10:28:00.568Z,,2026-09-24T10:29:16.380Z
flywheel,ef962a7d-6c47-4162-882a-cabec1621979,b224d252-30d2-4d13-b597-9663ea25de43,,2026-09-24T10:30:36.020Z,,2026-09-24T10:31:29.951Z
flywheel,85a18e11-26a7-4901-92ab-f53405d83bdb,b6c738ca-d135-4cb7-9116-17267466406b,,2026-09-25T06:43:36.120Z,,2026-09-25T06:44:22.858Z
flywheel,2e98dc77-72c6-49b2-a7c2-dcf1cee9c6a8,b6c738ca-d135-4cb7-9116-17267466406b,review_design,2026-09-25T06:51:18.032Z,,2026-09-25T07:15:19.798Z
flywheel,1e16ea4b-3c05-4598-a2dd-901a104dc237,b6c738ca-d135-4cb7-9116-17267466406b,,2026-09-25T07:17:44.994Z,,
flywheel,5ce1f00d-9ecd-409f-9b2f-a307c9ab398f,b6c738ca-d135-4cb7-9116-17267466406b,review_design,2026-09-25T07:18:33.657Z,,2026-09-25T07:21:07.439Z
flywheel,6d7cc04d-4576-4339-95ce-55357b92e6bf,b6c738ca-d135-4cb7-9116-17267466406b,,2026-09-25T07:21:49.168Z,,
flywheel,baf406be-25ac-45dc-93e2-9a438368a1eb,b6c738ca-d135-4cb7-9116-17267466406b,,2026-09-25T07:55:42.864Z,,
flywheel,0cde3bd4-b48f-4131-a5c5-168d8cfcaf27,b6c738ca-d135-4cb7-9116-17267466406b,question,2026-09-25T07:56:37.103Z,,
flywheel,rstop-522ba72ef051b13f1a63d0f3b3dd3b79,b6c738ca-d135-4cb7-9116-17267466406b,,2026-09-25T07:57:58.604Z,2026-09-25T07:58:19.648Z,
flywheel,09505ce1-352d-4ec9-8c75-6495f29f1d86,b7523aea-4176-405a-ba63-a5a6595c5811,,2026-09-25T09:13:25.519Z,2026-09-25T18:10:57.840Z,
flywheel,1e3ca92f-8f9d-4149-ae02-9a7d436fe5f3,b7523aea-4176-405a-ba63-a5a6595c5811,,2026-09-25T09:28:54.879Z,2026-09-25T18:10:57.840Z,
flywheel,324fc4f8-8d35-482d-8771-92385fce345a,b7523aea-4176-405a-ba63-a5a6595c5811,,2026-09-25T09:54:05.939Z,2026-09-25T18:10:57.840Z,
flywheel,workflow-gate:54fb367c6e1e7f9efdb73dcc1e29a0fdacbb62dcaf9f1f81b6e4921043474c8b,b7523aea-4176-405a-ba63-a5a6595c5811,approve_to_ship,2026-09-25T09:54:13.323Z,,2026-09-25T18:08:43.519Z
flywheel,40109733-b033-48de-b546-71a1c2dc128a,b8057761-300b-4764-b4da-8b8686ad653e,review_code,2026-09-24T02:45:09.461Z,,2026-09-24T03:15:13.881Z
flywheel,d136249c-95e8-43d2-b6de-052387f19098,b8057761-300b-4764-b4da-8b8686ad653e,,2026-09-24T03:24:55.992Z,,2026-09-24T03:36:58.045Z
flywheel,d3ca1e77-dcd6-4a96-8a3b-b5ff83ae693d,b8057761-300b-4764-b4da-8b8686ad653e,review_code,2026-09-24T03:25:16.106Z,,2026-09-24T03:54:10.226Z
flywheel,54bdaa21-256d-46d6-8b89-fd74f812a2a1,b8057761-300b-4764-b4da-8b8686ad653e,,2026-09-24T03:54:57.227Z,,2026-09-24T04:08:30.613Z
flywheel,551b37fe-af3e-4606-9e73-f0dd0018d098,b8057761-300b-4764-b4da-8b8686ad653e,,2026-09-24T03:55:35.742Z,,2026-09-24T04:08:31.174Z
flywheel,a43c0e8e-74e8-4cc7-951f-0665cd37892c,b8057761-300b-4764-b4da-8b8686ad653e,,2026-09-24T04:25:57.401Z,,2026-09-24T04:38:25.284Z
flywheel,aaa29f80-364e-47c0-a56e-bb190d540d93,b8057761-300b-4764-b4da-8b8686ad653e,,2026-09-24T04:59:59.581Z,,2026-09-24T05:01:51.923Z
flywheel,rstop-8afab33fe8970f10db004324c293c684,b8057761-300b-4764-b4da-8b8686ad653e,,2026-09-24T05:03:25.371Z,2026-09-24T05:03:47.635Z,
flywheel,16c85515-e84f-4208-8084-913238deb627,b8057761-300b-4764-b4da-8b8686ad653e,,2026-09-24T05:05:10.337Z,2026-09-24T07:46:52.306Z,
flywheel,6b0ee3d9-9a56-49e9-bc1d-b33379af0147,b8057761-300b-4764-b4da-8b8686ad653e,,2026-09-24T05:49:07.322Z,,2026-09-24T05:49:54.280Z
flywheel,rstop-076142894a3432929145197f3acc6c0f,b977f664-01a7-46b8-8ad9-0951adf06d6c,,2026-09-24T11:32:06.125Z,2026-09-24T11:34:06.068Z,
flywheel,a6f42661-3b6a-4360-96c3-bfc2f3f393c4,b977f664-01a7-46b8-8ad9-0951adf06d6c,review_code,2026-09-24T11:54:03.981Z,,2026-09-24T12:12:01.819Z
flywheel,2e94ff67-beb3-4d60-8653-eb766664fa5f,b977f664-01a7-46b8-8ad9-0951adf06d6c,review_code,2026-09-24T12:15:21.380Z,,2026-09-24T12:18:09.189Z
flywheel,dfe618b3-e47e-4763-ba11-d116329d2a8b,b977f664-01a7-46b8-8ad9-0951adf06d6c,,2026-09-24T12:18:48.006Z,,2026-09-24T12:19:29.218Z
flywheel,d18d353c-750e-435c-a54a-d82520ca1438,b977f664-01a7-46b8-8ad9-0951adf06d6c,,2026-09-24T12:23:06.337Z,2026-09-24T12:56:32.030Z,
flywheel,feef65a7-619a-4b47-bd08-484e360e7596,bad152d9-b932-4c81-a063-6c66ee8e0187,,2026-09-18T07:00:35.052Z,,
flywheel,c479c8b1-dc1e-498d-8eb1-18094c775530,bad152d9-b932-4c81-a063-6c66ee8e0187,,2026-09-18T07:00:47.262Z,,
flywheel,cfff6031-8e75-4b4a-a644-773c472dfce2,bbf14aea-c6f5-459a-abf2-e3435dc3299b,,2026-09-25T04:42:10.235Z,,2026-09-25T04:42:58.993Z
flywheel,a1c67ecb-d68d-491a-a758-bf6d18535b90,bbf14aea-c6f5-459a-abf2-e3435dc3299b,,2026-09-25T04:57:01.468Z,2026-09-25T08:04:13.704Z,
flywheel,c47d3232-789a-495b-bfb2-7f9c9aefd267,bbf14aea-c6f5-459a-abf2-e3435dc3299b,,2026-09-25T05:55:58.267Z,,2026-09-25T05:56:37.991Z
flywheel,c4671557-7cb0-414e-8d91-2ef5b72aadf1,bbf14aea-c6f5-459a-abf2-e3435dc3299b,,2026-09-25T06:58:46.012Z,,2026-09-25T06:59:00.569Z
flywheel,133e6672-9fe8-422e-a2c0-3c5563dc44d4,bbf14aea-c6f5-459a-abf2-e3435dc3299b,,2026-09-25T07:11:23.598Z,2026-09-25T08:04:13.704Z,
flywheel,c66b1030-04f0-402f-aab6-8be7ba429185,bbf14aea-c6f5-459a-abf2-e3435dc3299b,,2026-09-25T07:44:51.244Z,,2026-09-25T07:45:38.791Z
flywheel,9397df40-0228-459e-9a36-6f239e3eb996,bcd45ccb-0b8a-468f-82c0-7a2750d8fe5a,,2026-09-23T22:22:27.714Z,2026-09-24T01:14:39.975Z,
flywheel,9436f869-939c-4cba-aceb-f252302dd0ea,bcd45ccb-0b8a-468f-82c0-7a2750d8fe5a,,2026-09-23T23:27:36.788Z,2026-09-24T01:14:39.975Z,
flywheel,07f4aead-dff0-4b36-b203-5c7e40ea16c4,bcd45ccb-0b8a-468f-82c0-7a2750d8fe5a,,2026-09-24T00:20:19.629Z,,2026-09-24T00:23:12.525Z
flywheel,workflow-gate:2b2fd66622080582bc7ff51716866134e2fb0b43c23440276ddad4b63b440f19,bcd45ccb-0b8a-468f-82c0-7a2750d8fe5a,approve_to_ship,2026-09-24T00:20:20.605Z,2026-09-24T01:14:39.975Z,
flywheel,25d55169-d953-4a95-85a4-fe9ac5d52af8,bcd45ccb-0b8a-468f-82c0-7a2750d8fe5a,,2026-09-24T00:23:04.501Z,,2026-09-24T00:27:31.460Z
flywheel,c9509efc-ca80-4cac-bce3-256337563e76,bcd45ccb-0b8a-468f-82c0-7a2750d8fe5a,,2026-09-24T00:25:45.111Z,,2026-09-24T00:29:32.224Z
flywheel,212129ca-81c9-47dc-95c1-5d733c6f8d32,bcd45ccb-0b8a-468f-82c0-7a2750d8fe5a,,2026-09-24T00:30:09.071Z,,2026-09-24T00:32:43.860Z
flywheel,e43af159-29dd-4ce0-9dbe-1bf270829994,bcd45ccb-0b8a-468f-82c0-7a2750d8fe5a,,2026-09-24T00:32:45.252Z,,2026-09-24T00:39:26.688Z
flywheel,c38cbfab-c069-46c8-b0c6-dbff4af50028,bcd45ccb-0b8a-468f-82c0-7a2750d8fe5a,,2026-09-24T00:41:31.756Z,,2026-09-24T00:44:34.073Z
flywheel,110cda95-831b-4930-85db-d7127379e018,bcd45ccb-0b8a-468f-82c0-7a2750d8fe5a,,2026-09-24T00:46:51.957Z,,2026-09-24T00:48:33.322Z
flywheel,66ebe4f2-7f19-49f0-a8c8-9a620656bb5d,be211474-8279-45b9-8324-a0c02e1b412b,question,2026-09-23T15:52:42.953Z,2026-09-23T17:50:58.647Z,
flywheel,51aa3cbe-7cb1-4274-b704-0a8d1262c74a,be211474-8279-45b9-8324-a0c02e1b412b,,2026-09-23T15:52:53.558Z,2026-09-23T17:50:58.647Z,
flywheel,rstop-7c1f4e60a9127f77f8276db36e56bc00,be211474-8279-45b9-8324-a0c02e1b412b,,2026-09-23T15:53:31.656Z,2026-09-23T15:53:35.335Z,
flywheel,b06969bc-6192-4f5d-b100-d555e8ee0ca5,be23e304-c55e-4e0a-abed-202a9660a87b,,2026-09-25T00:09:10.372Z,,2026-09-25T00:09:48.407Z
flywheel,workflow-gate:1b265127c6edc59da1b4ce49b71b0b6b73d782571c4ee8556aaf9517f2521724,be23e304-c55e-4e0a-abed-202a9660a87b,approve_to_ship,2026-09-25T00:09:45.284Z,,2026-09-25T00:20:00.432Z
flywheel,0c9dbef3-8fdd-4825-9ba9-73f65ebb1b52,c06a2bac-9d37-418c-9466-c3366838eeba,,2026-09-24T20:19:22.979Z,,
flywheel,workflow-gate:cf338fcd68696b23cea2ce515bd74eaf83ad9aa783458530b5697975e8b67bc2,c06a2bac-9d37-418c-9466-c3366838eeba,approve_to_ship,2026-09-24T20:19:34.088Z,2026-09-25T08:04:53.748Z,
flywheel,00b2125d-ce79-4074-acef-9f23124ccf62,c06a2bac-9d37-418c-9466-c3366838eeba,,2026-09-24T21:39:54.250Z,,2026-09-24T21:43:55.750Z
flywheel,ce26af18-eb4b-4cb5-9ee7-13e84cdea43e,c06a2bac-9d37-418c-9466-c3366838eeba,,2026-09-24T21:49:41.754Z,,2026-09-24T21:53:33.004Z
flywheel,c3d698f5-f089-416f-af6c-d2db59a8b483,c06a2bac-9d37-418c-9466-c3366838eeba,,2026-09-24T21:52:03.843Z,,2026-09-24T21:53:26.442Z
flywheel,4d87698d-ef4e-449e-aac6-758255b49278,c06a2bac-9d37-418c-9466-c3366838eeba,,2026-09-24T21:57:39.551Z,,2026-09-24T21:59:15.912Z
flywheel,25f4287c-ac2c-436f-b35a-a8e82c790899,c06a2bac-9d37-418c-9466-c3366838eeba,,2026-09-24T22:27:33.391Z,,2026-09-24T22:28:22.658Z
flywheel,fcec0496-1789-4aed-87a2-97863d2fbcb8,c06a2bac-9d37-418c-9466-c3366838eeba,,2026-09-24T22:31:02.727Z,,2026-09-24T22:31:28.150Z
flywheel,31cb6a49-42c3-47da-a2bd-6c35808a97be,c06a2bac-9d37-418c-9466-c3366838eeba,,2026-09-24T22:32:44.052Z,,2026-09-24T22:33:19.657Z
flywheel,447a325a-4fed-40a3-888f-767951b3fc39,c06a2bac-9d37-418c-9466-c3366838eeba,,2026-09-24T22:34:08.380Z,,2026-09-24T22:35:52.021Z
flywheel,b3100694-d002-4ed5-9817-a167b017deae,c06a2bac-9d37-418c-9466-c3366838eeba,,2026-09-24T22:38:44.427Z,,2026-09-24T22:50:21.100Z
flywheel,295944a9-3ff4-44e6-8ab5-57d252d3bcba,c06a2bac-9d37-418c-9466-c3366838eeba,,2026-09-24T22:46:22.289Z,,2026-09-24T22:50:20.867Z
flywheel,b0a7b7d7-527c-4109-b5cc-2b81fe72bf02,c06a2bac-9d37-418c-9466-c3366838eeba,,2026-09-24T22:52:29.370Z,,2026-09-24T22:58:30.109Z
flywheel,7c2c543d-a641-444c-be87-339ad9db8621,c06a2bac-9d37-418c-9466-c3366838eeba,,2026-09-24T23:09:47.702Z,,2026-09-24T23:10:14.730Z
flywheel,fe149ac0-142d-4935-a733-f13b9f556dd8,c06a2bac-9d37-418c-9466-c3366838eeba,,2026-09-25T00:03:37.337Z,,2026-09-25T00:04:25.558Z
flywheel,2961336e-3d62-4e82-8a5a-c43768948074,c06a2bac-9d37-418c-9466-c3366838eeba,,2026-09-25T00:55:10.530Z,,2026-09-25T00:56:01.914Z
flywheel,d41f3464-1ebd-45c5-8fc8-a312fda6e08e,c06a2bac-9d37-418c-9466-c3366838eeba,,2026-09-25T03:41:40.216Z,,
flywheel,86374606-5a11-4c66-b39c-19660d1036a4,c06a2bac-9d37-418c-9466-c3366838eeba,,2026-09-25T04:42:00.883Z,,2026-09-25T04:42:10.223Z
flywheel,7b5c9434-5916-400f-8520-513988668d8c,c06a2bac-9d37-418c-9466-c3366838eeba,,2026-09-25T06:41:04.468Z,,2026-09-25T06:42:02.639Z
flywheel,2cb8a324-5479-4528-bdc3-9b8facaf9c4e,c06a2bac-9d37-418c-9466-c3366838eeba,,2026-09-25T06:41:40.182Z,,2026-09-25T06:43:44.979Z
flywheel,78c77f5c-9937-4d35-80e2-409a6aa7cb2b,c06a2bac-9d37-418c-9466-c3366838eeba,,2026-09-25T06:43:11.694Z,,2026-09-25T06:44:22.666Z
flywheel,fc8fe938-9455-4dce-b231-61823f8a672d,c06a2bac-9d37-418c-9466-c3366838eeba,,2026-09-25T06:44:31.592Z,,2026-09-25T06:45:25.726Z
flywheel,0f640e00-67d5-45e7-a56b-ff6d2b692e9c,c06a2bac-9d37-418c-9466-c3366838eeba,,2026-09-25T07:29:36.888Z,,2026-09-25T07:32:16.154Z
flywheel,849000d2-fa2d-4058-9102-7fbc65662549,c06a2bac-9d37-418c-9466-c3366838eeba,,2026-09-25T07:32:44.035Z,,
flywheel,d79fbec0-3c8f-41f4-b6f1-8cd1edce6b0d,c06a2bac-9d37-418c-9466-c3366838eeba,,2026-09-25T08:02:02.301Z,,2026-09-25T08:02:16.582Z
flywheel,91a74875-716a-4381-98ae-17ca9d864676,c06a2bac-9d37-418c-9466-c3366838eeba,,2026-09-25T08:04:01.164Z,,
flywheel,workflow-gate:f1b2b57abaa6306885e20ebae1ad34455fca5c266f9db453a60e85b487baa702,c06a2bac-9d37-418c-9466-c3366838eeba,approve_to_ship,2026-09-25T08:04:11.721Z,,
flywheel,abf6025a-bf4e-4e70-a889-39664865f6ac,c093f58f-e93a-4a5b-bbb5-efc3519f5864,,2026-09-25T00:40:13.039Z,,2026-09-25T00:41:18.150Z
flywheel,0c415130-140a-4b81-a00b-ce09247090c9,c093f58f-e93a-4a5b-bbb5-efc3519f5864,,2026-09-25T01:39:55.693Z,,2026-09-25T01:41:42.183Z
flywheel,22b4f4fe-2b9f-4ea6-accc-f2b90102fc29,c1db8d2e-5c21-456c-8d35-1ae5bd884d8f,review_code,2026-09-24T22:20:28.739Z,,2026-09-24T22:33:49.896Z
flywheel,rstop-6fb7b42cb74a0fffb1adfc8788b75d00,c1db8d2e-5c21-456c-8d35-1ae5bd884d8f,,2026-09-24T22:21:13.758Z,2026-09-24T22:21:36.656Z,
flywheel,rstop-0b013759f33159dad375b24f49ada544,c1db8d2e-5c21-456c-8d35-1ae5bd884d8f,,2026-09-24T22:33:50.776Z,2026-09-24T22:35:19.946Z,
flywheel,5c20b81e-75d5-4d34-a828-797c64062ed4,c1db8d2e-5c21-456c-8d35-1ae5bd884d8f,review_code,2026-09-24T23:08:33.136Z,,2026-09-24T23:12:46.426Z
flywheel,rstop-4a55f40b5d6b35c046a5f54933b38456,c1db8d2e-5c21-456c-8d35-1ae5bd884d8f,,2026-09-24T23:08:51.021Z,2026-09-24T23:08:58.859Z,
flywheel,rstop-c8e2b464e08a621f40b2b6a3aeb3c577,c1db8d2e-5c21-456c-8d35-1ae5bd884d8f,,2026-09-24T23:12:46.576Z,2026-09-24T23:18:04.698Z,
flywheel,c819f111-9bd0-4ccc-a2cc-e083bc2e4673,c1db8d2e-5c21-456c-8d35-1ae5bd884d8f,,2026-09-24T23:13:06.528Z,,2026-09-24T23:18:03.208Z
flywheel,rstop-cc09bdb9642087def5f592e8e4e47d2a,c1db8d2e-5c21-456c-8d35-1ae5bd884d8f,,2026-09-24T23:13:38.050Z,2026-09-24T23:18:05.723Z,
flywheel,rstop-946286db0c773f7039137b203d8dd59c,c1db8d2e-5c21-456c-8d35-1ae5bd884d8f,,2026-09-24T23:13:50.222Z,2026-09-24T23:18:05.724Z,
flywheel,52a879c1-6b67-49bd-93d6-f47ce34c1faa,c1db8d2e-5c21-456c-8d35-1ae5bd884d8f,,2026-09-24T23:36:25.714Z,,2026-09-24T23:42:16.061Z
flywheel,db7397c3-b3a1-4361-906e-f99ae4fcb174,c1db8d2e-5c21-456c-8d35-1ae5bd884d8f,review_code,2026-09-24T23:58:46.339Z,,2026-09-25T00:03:26.062Z
flywheel,5399b1ad-f989-4e29-ac97-ce2aac5a710d,c1db8d2e-5c21-456c-8d35-1ae5bd884d8f,review_code,2026-09-25T00:09:49.824Z,,2026-09-25T00:12:22.213Z
flywheel,7e4db610-af52-47f2-899d-dfd5391d2d6c,c1db8d2e-5c21-456c-8d35-1ae5bd884d8f,,2026-09-25T00:14:43.968Z,,2026-09-25T00:14:54.901Z
flywheel,cd291088-ab20-43cf-b047-736b66525cad,c1db8d2e-5c21-456c-8d35-1ae5bd884d8f,,2026-09-25T00:15:45.056Z,2026-09-25T01:08:33.205Z,
flywheel,f86cf144-bb9b-4d62-9844-2a81d47a9f47,c2113433-edf1-453b-8c7b-121aa951629e,,2026-09-22T23:27:36.463Z,,2026-09-22T23:27:55.732Z
flywheel,14571b10-039d-4c90-b1e4-bd04649733b9,c2113433-edf1-453b-8c7b-121aa951629e,,2026-09-23T00:01:44.910Z,,2026-09-23T00:01:50.688Z
flywheel,4772f20a-cfc2-4ba4-89c9-f4176bc60675,c2113433-edf1-453b-8c7b-121aa951629e,,2026-09-23T00:17:30.027Z,2026-09-23T01:13:47.046Z,
flywheel,0d155fd6-e339-49cf-87ba-a273aa8a487c,c2113433-edf1-453b-8c7b-121aa951629e,,2026-09-23T00:17:38.708Z,2026-09-23T01:13:47.046Z,
flywheel,9a4b7fab-5c3b-4c7e-bf48-bce7d466ef24,c2533b6a-c3be-4fa6-87f8-a2fc2e484637,,2026-09-25T04:51:15.397Z,2026-09-25T05:19:47.181Z,
flywheel,rstop-635aa69e13f185a5003663117b197b2d,c3ec4a52-f4b7-4f4b-a01f-0a6599652af3,,2026-09-24T12:12:30.273Z,2026-09-24T12:13:41.142Z,
flywheel,e8de2bcc-5343-45aa-ac2d-94cd8ac8437b,c3ec4a52-f4b7-4f4b-a01f-0a6599652af3,review_code,2026-09-24T12:55:26.787Z,,2026-09-24T13:14:02.134Z
flywheel,7064b216-55dd-437c-8dc3-49ea7135261d,c3ec4a52-f4b7-4f4b-a01f-0a6599652af3,review_code,2026-09-24T13:43:43.072Z,,2026-09-24T13:58:20.118Z
flywheel,c0d6ef47-e8e2-4909-9e2b-e540cd32d63a,c3ec4a52-f4b7-4f4b-a01f-0a6599652af3,review_code,2026-09-24T14:04:02.952Z,,2026-09-24T14:11:40.217Z
flywheel,a866e8f4-4ddf-44f5-8fd6-ea82c9db6b36,c3ec4a52-f4b7-4f4b-a01f-0a6599652af3,,2026-09-24T14:11:56.787Z,2026-09-24T14:45:39.926Z,
flywheel,89ac8937-50d7-44d5-bcb5-5e1caa50f793,c3ec4a52-f4b7-4f4b-a01f-0a6599652af3,,2026-09-24T14:13:03.829Z,2026-09-24T14:45:39.927Z,
flywheel,3c70925a-3ed9-4da5-9b1a-e99507a59a30,c40e2bd1-7e20-460a-bea3-7ac79a2a3efd,,2026-09-24T14:40:59.471Z,2026-09-24T15:50:23.693Z,
flywheel,0bfc4468-c414-45ed-a8b5-ed53c54670ad,c675e1b0-6abf-47cb-9120-6c504a110a93,,2026-09-24T23:53:45.029Z,,2026-09-24T23:55:23.057Z
flywheel,e54dd297-9670-4134-a7d1-8c920e65bd0d,c675e1b0-6abf-47cb-9120-6c504a110a93,,2026-09-25T00:02:39.064Z,,2026-09-25T00:03:28.268Z
flywheel,309e7254-f2f8-4752-ba69-8adc488dca4e,c675e1b0-6abf-47cb-9120-6c504a110a93,,2026-09-25T03:38:25.160Z,2026-09-25T05:12:26.721Z,
flywheel,workflow-gate:12f24ea0b8192985f83c11dbf50beffd15fa23b35494783a35fe1cf26750b28d,c675e1b0-6abf-47cb-9120-6c504a110a93,approve_to_ship,2026-09-25T03:41:59.040Z,2026-09-25T05:12:26.721Z,
flywheel,b34b7dae-903a-44af-8d3d-41483305d444,c6f33a10-3f4c-4c22-b853-3991494add01,,2026-09-25T05:00:29.076Z,2026-09-25T14:38:11.657Z,
flywheel,517d0cbf-9644-4cca-b77f-3ca40bbd89f4,c6f33a10-3f4c-4c22-b853-3991494add01,,2026-09-25T06:59:14.131Z,2026-09-25T14:38:11.657Z,
flywheel,workflow-gate:1d8a514c1a37b07e85d018366b16b203e09a0dd105ffca901624a6b93d9b6455,c6f33a10-3f4c-4c22-b853-3991494add01,approve_to_ship,2026-09-25T06:59:19.099Z,,2026-09-25T14:36:12.101Z
flywheel,d4d5acc8-fb74-4dbe-9aa2-8498e19c90a8,c8c0a953-0b16-4c17-aae9-9bb727d35c5a,,2026-09-22T19:35:44.909Z,2026-09-22T23:21:10.151Z,
flywheel,ce11e5a1-e72c-4c8f-bc18-7746d678fb42,ca4dc696-9895-4d92-bad5-ee356ac11b1c,,2026-09-23T04:08:29.845Z,,2026-09-23T04:08:57.144Z
flywheel,36c0302a-7a9e-44e8-b470-36aa8395e012,ca4dc696-9895-4d92-bad5-ee356ac11b1c,,2026-09-23T05:01:25.080Z,,2026-09-23T05:03:43.749Z
flywheel,workflow-gate:bcb3c1336820797954292a0ef6b9529be576cb3f72a3d8180a92c06ad3ded72b,ca4dc696-9895-4d92-bad5-ee356ac11b1c,approve_to_ship,2026-09-23T05:01:52.449Z,,2026-09-23T05:25:17.222Z
flywheel,85e13b86-c97b-43c8-b5a1-02f3f63e7c80,cb1ac6d6-1691-406c-b638-6a53c3d4e0ad,,2026-09-19T05:39:18.823Z,,
flywheel,466d96d7-9eb2-45ad-8c7b-237cf2c333fe,cd24c18c-a342-4b72-9a02-9c25f7370e03,,2026-09-23T09:59:03.215Z,2026-09-23T10:33:18.026Z,
flywheel,1516eb97-c935-4f09-afcc-621631ff6655,cd2dfd5e-d769-4759-87bf-1046b98815b9,,2026-09-25T20:48:31.425Z,,2026-09-25T20:49:00.262Z
flywheel,473c19e9-5c6d-4a33-a8a6-f1a3cfdb54d8,cd2dfd5e-d769-4759-87bf-1046b98815b9,,2026-09-25T20:56:07.264Z,,
flywheel,34a6f008-95f4-430c-8868-e2443d6292e3,cd2dfd5e-d769-4759-87bf-1046b98815b9,,2026-09-25T20:56:08.617Z,,
flywheel,038acc22-6b23-447f-b5f6-23cff2585aa9,cde40019-9660-4888-83ce-837783e4e8fa,,2026-09-25T10:11:14.033Z,2026-09-25T11:07:04.723Z,
flywheel,rstop-9993015a75666ac1271e6ffd9ca7b724,ce4206e6-0be1-45cd-98d8-3fb9c1804737,,2026-09-24T15:00:28.444Z,2026-09-24T15:08:19.168Z,
flywheel,930926b7-8e36-45a8-afa6-a3f58157ea30,ce4206e6-0be1-45cd-98d8-3fb9c1804737,review_code,2026-09-24T15:26:04.507Z,,2026-09-24T15:40:48.850Z
flywheel,00f15d1b-b7a5-408a-8101-5eb1aef0ce95,ce4206e6-0be1-45cd-98d8-3fb9c1804737,review_code,2026-09-24T15:50:25.341Z,,2026-09-24T15:57:23.859Z
flywheel,8facaff1-6328-4565-bffa-8ee40609780d,ce4206e6-0be1-45cd-98d8-3fb9c1804737,,2026-09-24T15:58:07.040Z,2026-09-24T16:44:00.983Z,
flywheel,256d8515-3328-419f-bd93-ef484eddeb4e,ce4206e6-0be1-45cd-98d8-3fb9c1804737,,2026-09-24T16:04:23.476Z,2026-09-24T16:44:00.983Z,
flywheel,947c6958-88d7-4b6c-95ac-eba5829b2bc3,cee9becb-7da9-4eab-986d-18f2d27326ba,,2026-09-22T17:36:05.233Z,,2026-09-22T23:20:17.861Z
flywheel,39c42803-fc84-4686-a22e-1558f187f569,cee9becb-7da9-4eab-986d-18f2d27326ba,,2026-09-22T17:36:34.785Z,,2026-09-22T23:20:18.008Z
flywheel,7d72c521-9fe3-4373-b26c-c9d9236a2fc1,cee9becb-7da9-4eab-986d-18f2d27326ba,question,2026-09-22T17:57:06.165Z,2026-09-22T23:20:25.954Z,2026-09-22T23:20:17.721Z
flywheel,73f008cd-9a9b-454a-a857-cf4dd393e768,cee9becb-7da9-4eab-986d-18f2d27326ba,,2026-09-23T05:44:57.595Z,2026-09-23T12:26:56.029Z,
flywheel,9d81f23e-2a4f-4635-90dc-accfefb577a0,cee9becb-7da9-4eab-986d-18f2d27326ba,,2026-09-23T05:47:14.911Z,,2026-09-23T05:51:40.479Z
flywheel,7d969386-0ddd-446f-acc3-455df19f44ca,cee9becb-7da9-4eab-986d-18f2d27326ba,,2026-09-23T05:53:54.913Z,,2026-09-23T06:24:59.630Z
flywheel,cb3115df-806d-4e7b-92ef-156c0a8d259b,cee9becb-7da9-4eab-986d-18f2d27326ba,,2026-09-23T06:08:01.579Z,,2026-09-23T06:12:00.448Z
flywheel,e6ffc4ce-d391-4d2b-8127-d6f242b26391,cee9becb-7da9-4eab-986d-18f2d27326ba,,2026-09-23T06:37:48.474Z,,2026-09-23T06:38:03.914Z
flywheel,99a4b19a-3a17-45f4-904d-077ee01493c6,cee9becb-7da9-4eab-986d-18f2d27326ba,,2026-09-23T06:51:50.830Z,2026-09-23T12:26:56.029Z,
flywheel,978d13cd-2b2b-4696-a67e-29a2977b5336,cee9becb-7da9-4eab-986d-18f2d27326ba,,2026-09-23T07:58:44.827Z,,2026-09-23T08:06:27.089Z
flywheel,0a7ce531-d0bc-47c4-a4b7-287310707fbc,cee9becb-7da9-4eab-986d-18f2d27326ba,,2026-09-23T10:04:43.308Z,,2026-09-23T10:09:56.140Z
flywheel,ea64726f-7eda-4308-82f4-26dba35a89a1,cee9becb-7da9-4eab-986d-18f2d27326ba,,2026-09-23T10:20:54.046Z,,2026-09-23T10:21:11.982Z
flywheel,cf5d16f3-2170-4fe6-a559-bae6058f46ef,cee9becb-7da9-4eab-986d-18f2d27326ba,,2026-09-23T10:27:15.145Z,,2026-09-23T10:27:20.613Z
flywheel,40303c01-9279-4fdd-a84f-565b44ed7ac3,cee9becb-7da9-4eab-986d-18f2d27326ba,,2026-09-23T10:42:59.144Z,,2026-09-23T10:45:58.186Z
flywheel,ce587a62-8f86-4367-b128-87a320942d0b,cee9becb-7da9-4eab-986d-18f2d27326ba,,2026-09-23T10:49:59.923Z,,2026-09-23T10:56:20.793Z
flywheel,ef4342de-d8d7-49eb-b550-72ff58d943d1,cee9becb-7da9-4eab-986d-18f2d27326ba,,2026-09-23T11:06:17.390Z,,2026-09-23T11:07:15.799Z
flywheel,38395416-294f-4f38-9ecb-7c01281c2d57,cee9becb-7da9-4eab-986d-18f2d27326ba,,2026-09-23T11:08:24.511Z,,2026-09-23T11:08:37.647Z
flywheel,6dbbc836-48e6-4359-837a-bc3d7dbbe491,cee9becb-7da9-4eab-986d-18f2d27326ba,review_code,2026-09-23T11:09:30.973Z,,2026-09-23T11:23:20.353Z
flywheel,0eedb7af-2a80-4c63-acb9-837b98445b62,cee9becb-7da9-4eab-986d-18f2d27326ba,,2026-09-23T11:09:46.637Z,,2026-09-23T11:09:52.648Z
flywheel,5f27227e-c4b0-4ff9-9fbc-59ceabec8bad,cee9becb-7da9-4eab-986d-18f2d27326ba,,2026-09-23T11:23:57.263Z,,2026-09-23T11:24:11.529Z
flywheel,46a2788c-140f-4a43-932c-b29037ced531,cee9becb-7da9-4eab-986d-18f2d27326ba,review_code,2026-09-23T11:28:34.759Z,,2026-09-23T11:32:35.364Z
flywheel,fcddbb5f-3264-455c-8549-f1a59aa8d65a,cee9becb-7da9-4eab-986d-18f2d27326ba,,2026-09-23T11:28:46.689Z,,2026-09-23T11:28:51.149Z
flywheel,3279f298-698d-4a8b-8384-c657126e770c,cee9becb-7da9-4eab-986d-18f2d27326ba,review_code,2026-09-23T11:35:03.408Z,,2026-09-23T11:36:45.688Z
flywheel,47eef290-93c4-48d2-8873-6dc5b3ca8e1b,cee9becb-7da9-4eab-986d-18f2d27326ba,,2026-09-23T11:35:11.226Z,,2026-09-23T11:44:09.682Z
flywheel,404a55c4-1bc4-4caf-a6df-14fafb23dd1b,cee9becb-7da9-4eab-986d-18f2d27326ba,,2026-09-23T11:37:40.934Z,,2026-09-23T11:44:09.919Z
flywheel,faa62977-04d0-4552-a43d-1d8076511d81,cee9becb-7da9-4eab-986d-18f2d27326ba,review_code,2026-09-23T12:19:43.913Z,,2026-09-23T12:25:45.246Z
flywheel,ad53477a-d939-4128-bbeb-3f1068e66329,cee9becb-7da9-4eab-986d-18f2d27326ba,,2026-09-23T12:19:54.175Z,,2026-09-23T12:20:02.106Z
flywheel,6b9414e7-845e-43e4-9ccd-87b5431e4ff1,cee9becb-7da9-4eab-986d-18f2d27326ba,,2026-09-23T12:26:09.285Z,2026-09-23T12:59:25.779Z,
flywheel,88406c42-7224-4d0d-bc71-9e756df7cf19,cee9becb-7da9-4eab-986d-18f2d27326ba,,2026-09-23T12:26:45.309Z,2026-09-23T12:59:25.780Z,
flywheel,cd1f50e5-6796-487d-94b0-67d203ce1407,cf70ee17-21cd-48e5-a993-63f246ac2a48,,2026-09-23T00:19:33.810Z,,2026-09-23T00:20:20.517Z
flywheel,00511a36-e1f7-4436-b2f9-b19198ad5bd8,cf70ee17-21cd-48e5-a993-63f246ac2a48,,2026-09-23T00:25:48.325Z,,2026-09-23T00:25:58.177Z
flywheel,ad00a8d1-48a4-42b0-a3c4-e882e415a228,cf70ee17-21cd-48e5-a993-63f246ac2a48,review_design,2026-09-23T00:37:15.683Z,,2026-09-23T00:46:41.936Z
flywheel,84b79444-da37-4ee6-b3eb-9adce6fb8c4d,cf70ee17-21cd-48e5-a993-63f246ac2a48,,2026-09-23T00:48:05.853Z,,2026-09-23T00:48:15.784Z
flywheel,d70349f9-445e-4e90-8999-c724aa1e5da2,cf70ee17-21cd-48e5-a993-63f246ac2a48,,2026-09-23T00:50:05.048Z,,2026-09-23T00:50:11.064Z
flywheel,c0813dea-bbe5-420d-9ae5-f7370896ff97,cf70ee17-21cd-48e5-a993-63f246ac2a48,,2026-09-23T00:52:36.989Z,,2026-09-23T00:52:42.170Z
flywheel,67cd8f87-cfc4-4427-b2e1-71cf87536c5d,cf70ee17-21cd-48e5-a993-63f246ac2a48,review_design,2026-09-23T00:59:02.247Z,,2026-09-23T01:05:22.437Z
flywheel,18fafa2b-689e-47b7-bf42-736c2c7fd363,cf70ee17-21cd-48e5-a993-63f246ac2a48,review_design,2026-09-23T01:08:38.601Z,,2026-09-23T01:13:12.373Z
flywheel,0f05a7fb-529e-41b7-9158-3098dded2c92,cf70ee17-21cd-48e5-a993-63f246ac2a48,,2026-09-23T01:09:03.378Z,,2026-09-23T01:09:09.730Z
flywheel,3c7cdeae-d193-4da9-83fe-2a88ec2a7e2e,cf70ee17-21cd-48e5-a993-63f246ac2a48,,2026-09-23T01:14:11.895Z,,
flywheel,721b0155-da5d-40f6-8f31-09ac4019831d,cf70ee17-21cd-48e5-a993-63f246ac2a48,,2026-09-23T01:39:45.377Z,,
flywheel,86ece8a9-a252-423c-b88b-57bd61175952,cf70ee17-21cd-48e5-a993-63f246ac2a48,,2026-09-23T01:50:52.692Z,,2026-09-23T01:50:58.647Z
flywheel,dca1ed34-9bc2-4598-82db-50064ee221ab,cf70ee17-21cd-48e5-a993-63f246ac2a48,review_code,2026-09-23T01:57:57.675Z,,2026-09-23T02:07:53.270Z
flywheel,63d5c53d-b729-4f00-82f3-976e17246a95,cf70ee17-21cd-48e5-a993-63f246ac2a48,,2026-09-23T02:06:53.143Z,,
flywheel,7956c7ea-3828-4894-9335-b64a83c89f2d,cf70ee17-21cd-48e5-a993-63f246ac2a48,review_code,2026-09-23T02:24:29.025Z,2026-09-23T02:32:46.701Z,
flywheel,cd26a31a-fea2-40f1-bf9e-824c9478da43,cf70ee17-21cd-48e5-a993-63f246ac2a48,review_code,2026-09-23T02:32:43.476Z,2026-09-23T02:38:17.354Z,
flywheel,a32a1327-282f-4638-9818-f40cee1186fa,cf70ee17-21cd-48e5-a993-63f246ac2a48,review_code,2026-09-23T02:38:10.520Z,,2026-09-23T02:46:15.225Z
flywheel,f6752791-f1db-4e22-b2e0-7f5694b8c59f,cf70ee17-21cd-48e5-a993-63f246ac2a48,,2026-09-23T02:47:15.588Z,,2026-09-23T02:48:00.031Z
flywheel,286f35c4-4263-4d5a-a2ec-a1019fd5201d,cf70ee17-21cd-48e5-a993-63f246ac2a48,,2026-09-23T02:47:15.785Z,,2026-09-23T02:47:59.758Z
flywheel,85aa99ff-602d-4167-ace6-a27133ee881d,cf70ee17-21cd-48e5-a993-63f246ac2a48,review_code,2026-09-23T03:02:34.076Z,,2026-09-23T03:07:40.101Z
flywheel,57278479-62a7-4733-9141-76a860b90efc,cf70ee17-21cd-48e5-a993-63f246ac2a48,review_code,2026-09-23T03:13:07.278Z,,2026-09-23T03:15:32.215Z
flywheel,e20e4e1f-ba8b-48a7-917f-9b48b3329d3f,cf70ee17-21cd-48e5-a993-63f246ac2a48,,2026-09-23T03:17:05.947Z,,2026-09-23T03:18:04.624Z
flywheel,a11bf622-07a6-4478-abad-6e986301d34e,cf70ee17-21cd-48e5-a993-63f246ac2a48,,2026-09-23T03:23:35.592Z,,
flywheel,255995da-5758-47f9-8366-8e1cab6bff76,cf70ee17-21cd-48e5-a993-63f246ac2a48,review_code,2026-09-23T03:23:55.300Z,,2026-09-23T03:26:51.606Z
flywheel,53f7fa9c-5298-4dda-a331-7d6ab31560b1,cf70ee17-21cd-48e5-a993-63f246ac2a48,,2026-09-23T03:39:00.315Z,,
flywheel,rstop-ece33b3a92db2de1beffb63ca402b3f5,cf70ee17-21cd-48e5-a993-63f246ac2a48,,2026-09-23T03:40:30.957Z,2026-09-23T03:41:15.178Z,
flywheel,ee7549b2-e093-429f-989e-90a7775bdf00,cf70ee17-21cd-48e5-a993-63f246ac2a48,,2026-09-23T04:18:17.589Z,,2026-09-23T04:18:32.363Z
flywheel,f95911db-99ca-4e31-ab77-4b4950a3c37f,cf70ee17-21cd-48e5-a993-63f246ac2a48,,2026-09-23T04:19:47.818Z,,2026-09-23T04:20:29.297Z
flywheel,29af092f-0e6d-4859-8163-98418e1d3157,cf70ee17-21cd-48e5-a993-63f246ac2a48,,2026-09-23T04:21:30.429Z,,
flywheel,88077dc0-58a8-4e46-8c60-3cdaa9dd3c7b,d05037ae-c0c8-430f-82c3-3d0c4e0e396f,,2026-09-25T08:09:51.738Z,,2026-09-25T08:10:06.119Z
flywheel,cec8118b-73ba-41c6-88f9-5ab24166ad87,d05037ae-c0c8-430f-82c3-3d0c4e0e396f,,2026-09-25T08:59:46.172Z,,2026-09-25T08:59:54.918Z
flywheel,3b0ab563-5563-4e20-8e23-e911d82f1180,d05037ae-c0c8-430f-82c3-3d0c4e0e396f,,2026-09-25T09:04:17.137Z,,2026-09-25T09:04:35.039Z
flywheel,72b2dd69-30d0-4213-9d07-67a1635af870,d05037ae-c0c8-430f-82c3-3d0c4e0e396f,,2026-09-25T09:06:57.758Z,2026-09-25T18:05:56.381Z,
flywheel,workflow-gate:df49dffe57af675e91fd098d04600fff681e7daa991c5a1292c2804e1db92397,d05037ae-c0c8-430f-82c3-3d0c4e0e396f,approve_to_ship,2026-09-25T09:07:16.264Z,,2026-09-25T18:04:18.267Z
flywheel,4283c223-bb86-4b89-ab6f-1bc682173dde,d071659d-9740-4da0-97fd-b2fb0413284e,,2026-09-18T17:40:25.205Z,,
flywheel,2a1ceb10-e8fb-4972-840e-5fa70b2de7ae,d147bbbd-6458-489c-ab00-8b7ae923f111,,2026-09-18T22:17:09.144Z,,
flywheel,8976a4e1-bb5a-4da1-8e1c-635218ccd51b,d147bbbd-6458-489c-ab00-8b7ae923f111,question,2026-09-18T22:17:17.513Z,,
flywheel,d1837df5-2522-4eab-acac-ece80d724c70,d252ae76-50d4-467c-93bb-04dfcf0bca62,,2026-09-25T05:11:39.113Z,2026-09-25T05:28:16.248Z,
flywheel,workflow-gate:8ecac674993910582f7030b1689367ed5698b6ce5e1c0f81fe75510dc116fb6e,d252ae76-50d4-467c-93bb-04dfcf0bca62,approve_to_ship,2026-09-25T05:11:54.228Z,,2026-09-25T05:18:00.435Z
flywheel,7cddab94-18a7-41a4-8ef5-bf403806b6d6,d2ecdf80-9fe5-4cb7-ad54-7e62abee1b61,,2026-09-23T14:22:42.223Z,2026-09-23T18:14:24.891Z,
flywheel,cf983569-3ea2-4e4f-90b7-41f373038d2e,d3e3e04f-8f2e-4ffd-b9fa-88cd8b89e0f9,,2026-09-25T07:33:40.736Z,,2026-09-25T07:34:42.130Z
flywheel,18451474-a4c3-4981-8492-bae8f2080c49,d3e3e04f-8f2e-4ffd-b9fa-88cd8b89e0f9,,2026-09-25T08:50:54.363Z,2026-09-25T10:07:04.587Z,
flywheel,41e55525-0765-4f4a-b449-b2a1d75b83e0,d4054f07-902a-4107-82e7-888f531c691a,,2026-09-23T15:31:40.655Z,,2026-09-23T15:32:00.402Z
flywheel,78f9f593-607d-4984-a9e4-ff567e7d6b95,d4054f07-902a-4107-82e7-888f531c691a,,2026-09-23T15:54:30.883Z,2026-09-24T07:44:01.693Z,
flywheel,workflow-gate:95d5aad94b8f70fbbe78979fe624572f03f3dbf1322deed3976e50532fb1f916,d4054f07-902a-4107-82e7-888f531c691a,approve_to_ship,2026-09-23T15:54:39.867Z,2026-09-24T07:44:01.693Z,
flywheel,8b92f14f-1f3b-42b5-89c2-18761585af04,d4054f07-902a-4107-82e7-888f531c691a,,2026-09-24T01:34:39.931Z,,2026-09-24T02:15:47.413Z
flywheel,0319b131-cbaf-48ab-89d2-821e3655d7ee,d4054f07-902a-4107-82e7-888f531c691a,,2026-09-24T02:33:11.794Z,,2026-09-24T02:40:45.792Z
flywheel,b27f8bd9-8afe-4fb5-93f4-4ebd2d3f15f2,d4054f07-902a-4107-82e7-888f531c691a,,2026-09-24T05:09:34.083Z,,2026-09-24T05:10:29.878Z
flywheel,60f9bce7-e747-4ad8-a5b2-1232f975465b,d4054f07-902a-4107-82e7-888f531c691a,,2026-09-24T05:18:49.619Z,,2026-09-24T05:19:00.421Z
flywheel,26fe4850-5d79-43fc-bd71-663558d5228e,d4054f07-902a-4107-82e7-888f531c691a,,2026-09-24T05:22:28.348Z,,2026-09-24T05:23:25.788Z
flywheel,144e3143-f8bd-41a1-ae10-92bde07e2a76,d4054f07-902a-4107-82e7-888f531c691a,,2026-09-24T05:23:08.016Z,,2026-09-24T05:25:05.727Z
flywheel,5be9067c-5354-4538-a981-6c7c814069fe,d4054f07-902a-4107-82e7-888f531c691a,,2026-09-24T05:48:06.083Z,,2026-09-24T05:48:38.710Z
flywheel,426b38fb-69a9-4a37-a9bb-dab519f00eed,d4054f07-902a-4107-82e7-888f531c691a,,2026-09-24T05:49:26.714Z,,2026-09-24T05:51:25.002Z
flywheel,5e1ecdef-e35f-48b6-9157-939cdb3ad274,d4054f07-902a-4107-82e7-888f531c691a,,2026-09-24T05:51:19.362Z,,2026-09-24T05:51:50.058Z
flywheel,4759b6ff-cb27-48c7-924f-028f6edb3692,d4054f07-902a-4107-82e7-888f531c691a,,2026-09-24T06:30:25.033Z,,2026-09-24T06:31:05.721Z
flywheel,89198cc4-43d4-44c4-a59e-56bc1617f53b,d519329c-81e7-4251-8a38-ebeb2e2a6cef,,2026-09-25T08:53:26.955Z,2026-09-25T11:27:13.821Z,
flywheel,23609450-2c80-4d50-b244-ee380bb7383f,d519329c-81e7-4251-8a38-ebeb2e2a6cef,,2026-09-25T08:54:25.835Z,,2026-09-25T08:54:55.188Z
flywheel,93313a1d-59da-43a1-b08e-a8bbc5a67c0c,d519329c-81e7-4251-8a38-ebeb2e2a6cef,,2026-09-25T09:34:26.294Z,,2026-09-25T09:34:35.464Z
flywheel,f4aa1fa2-7796-441d-8ad4-84c8ce1c6eaa,d519329c-81e7-4251-8a38-ebeb2e2a6cef,,2026-09-25T09:36:10.467Z,2026-09-25T11:27:13.821Z,
flywheel,5a23d05a-2859-4afa-b68d-af1bea41ca01,d519329c-81e7-4251-8a38-ebeb2e2a6cef,,2026-09-25T10:38:33.933Z,,2026-09-25T10:38:43.673Z
flywheel,14b6fc4e-3ff0-44aa-91d0-6e673779d759,d519329c-81e7-4251-8a38-ebeb2e2a6cef,,2026-09-25T10:51:15.954Z,,2026-09-25T10:53:08.023Z
flywheel,bd4ec7d5-8605-454c-aaa4-a6062f5f77b8,d519329c-81e7-4251-8a38-ebeb2e2a6cef,,2026-09-25T11:08:52.195Z,,2026-09-25T11:09:00.475Z
flywheel,0a8679e2-3c98-4a46-9774-8ebc4b5e55f3,d519329c-81e7-4251-8a38-ebeb2e2a6cef,,2026-09-25T11:10:10.183Z,,2026-09-25T11:10:35.930Z
flywheel,a66a3fc8-d3c2-4494-9ba6-e980717cee08,d519329c-81e7-4251-8a38-ebeb2e2a6cef,,2026-09-25T11:27:08.130Z,2026-09-25T11:57:27.568Z,
flywheel,1bb6e9f0-8583-4364-b8fa-367a0ade90a1,d524fd8f-b210-43a0-a735-ea543afc90ed,,2026-09-24T15:13:54.085Z,,2026-09-24T15:14:06.506Z
flywheel,4b437f8c-8c10-4079-9ab1-20ca8676e41f,d524fd8f-b210-43a0-a735-ea543afc90ed,,2026-09-24T15:51:51.837Z,,2026-09-24T15:57:23.459Z
flywheel,795f1468-84fe-4e14-b4cb-ee81fb6426e7,d524fd8f-b210-43a0-a735-ea543afc90ed,,2026-09-24T15:53:00.806Z,2026-09-24T17:32:16.125Z,
flywheel,f1854234-7069-46f4-91a2-ce1126a4f9d7,d69b68b8-a8bb-4a70-a23a-767ad63949dd,,2026-09-23T02:47:09.824Z,,2026-09-23T02:47:24.214Z
flywheel,49054f6a-0f71-40ef-9a87-877ab68efdeb,d69b68b8-a8bb-4a70-a23a-767ad63949dd,,2026-09-23T02:59:22.715Z,,2026-09-23T02:59:38.881Z
flywheel,7c1bbfc7-a6fb-4218-ad7b-52cb38f7f083,d69b68b8-a8bb-4a70-a23a-767ad63949dd,,2026-09-23T03:03:15.068Z,2026-09-23T03:28:55.331Z,
flywheel,workflow-gate:a3df50c8868b9a8fa6d6399b1bc5b2f71f6b54143fdb153e453aaeeb36c8035f,d69b68b8-a8bb-4a70-a23a-767ad63949dd,approve_to_ship,2026-09-23T03:21:14.012Z,,2026-09-23T03:26:15.472Z
flywheel,03ecaa9c-9573-41d5-adae-bdced73ac3d2,d69b68b8-a8bb-4a70-a23a-767ad63949dd,,2026-09-23T03:21:15.266Z,2026-09-23T03:55:08.873Z,
flywheel,b112cc50-9205-4b1a-a517-075727cfc6c4,d69b68b8-a8bb-4a70-a23a-767ad63949dd,,2026-09-23T03:26:57.611Z,2026-09-23T04:01:33.710Z,
flywheel,rstop-7466a8027055873c49c7815caf29cee1,d6aadc9a-d214-4218-a2a4-3f5f0a74c1a1,,2026-09-24T14:41:05.749Z,2026-09-24T14:53:47.365Z,
flywheel,9eff4355-daaa-4101-80c1-199263c75216,d6aadc9a-d214-4218-a2a4-3f5f0a74c1a1,review_code,2026-09-24T14:48:16.164Z,2026-09-24T15:21:41.804Z,
flywheel,87594ad3-d5ed-465e-a203-d2f268ee9abf,d6aadc9a-d214-4218-a2a4-3f5f0a74c1a1,,2026-09-24T15:14:44.785Z,,2026-09-24T15:15:04.042Z
flywheel,517c24f4-bd60-49e2-8fa1-fbd2bfaa2029,d6aadc9a-d214-4218-a2a4-3f5f0a74c1a1,,2026-09-24T15:21:31.916Z,2026-09-24T15:50:29.871Z,
flywheel,1c4263fd-6bdc-4ac0-b2df-9610aa849fe8,d6aadc9a-d214-4218-a2a4-3f5f0a74c1a1,review_code,2026-09-24T15:21:38.916Z,,2026-09-24T15:26:30.482Z
flywheel,2d351c42-ea4f-46b9-a8d1-0939b872ff1b,d6aadc9a-d214-4218-a2a4-3f5f0a74c1a1,review_code,2026-09-24T15:38:08.001Z,,2026-09-24T15:44:06.740Z
flywheel,f553f0b1-a963-4603-9061-5ed2387d33cb,d6aadc9a-d214-4218-a2a4-3f5f0a74c1a1,,2026-09-24T15:44:46.619Z,2026-09-24T16:18:35.038Z,
flywheel,e6526d94-9032-4115-b518-679e86a1c053,d6aadc9a-d214-4218-a2a4-3f5f0a74c1a1,,2026-09-24T15:46:57.493Z,2026-09-24T16:18:35.040Z,
flywheel,d22038ec-c55f-4d0e-82c6-060b011adad1,d8248d97-4ff6-4935-be37-397e543b42fc,,2026-09-23T19:34:20.925Z,2026-09-23T23:15:36.105Z,
flywheel,dc1a970a-196d-426c-b6e0-ba731601fa9c,d8248d97-4ff6-4935-be37-397e543b42fc,,2026-09-23T19:52:33.903Z,,2026-09-23T19:52:59.081Z
flywheel,19411ce0-55a3-4305-9694-19ff8388286c,d8248d97-4ff6-4935-be37-397e543b42fc,,2026-09-23T19:54:22.190Z,2026-09-23T23:15:36.105Z,
flywheel,workflow-gate:df9bfd09e9df7e6243e4bd7d92f8f6158ca3fc8fa52351b205a5a05e46ad2666,d8248d97-4ff6-4935-be37-397e543b42fc,approve_to_ship,2026-09-23T19:54:26.323Z,,2026-09-23T20:39:50.954Z
flywheel,fa9da9ee-0dcc-4f19-a141-8fd098b16e01,d92f4ca2-7b71-483a-b4ce-527c7479a3f1,,2026-09-23T04:54:37.651Z,,2026-09-23T04:55:40.514Z
flywheel,d40105f3-4142-4bfd-bfc5-c921ab2a061c,d92f4ca2-7b71-483a-b4ce-527c7479a3f1,,2026-09-23T04:55:13.664Z,,2026-09-23T04:55:40.759Z
flywheel,dea820eb-6d41-4d1b-abe4-30a3f20528af,d92f4ca2-7b71-483a-b4ce-527c7479a3f1,,2026-09-23T04:59:21.882Z,,2026-09-23T05:00:13.848Z
flywheel,workflow-gate:7fbc8698bf80ac97ab1767cd391bbd8b9f14cbe5a99be22269a7461f23557aa1,d92f4ca2-7b71-483a-b4ce-527c7479a3f1,approve_to_ship,2026-09-23T04:59:33.225Z,2026-09-23T06:05:44.588Z,
flywheel,b5cc81ec-ca87-49b2-9255-2114a6b252e0,d92f4ca2-7b71-483a-b4ce-527c7479a3f1,,2026-09-23T05:02:01.380Z,,2026-09-23T05:02:39.370Z
flywheel,ea7debc0-a3f3-43c2-b104-fa3a92213af4,d92f4ca2-7b71-483a-b4ce-527c7479a3f1,,2026-09-23T05:03:31.865Z,,2026-09-23T05:04:39.677Z
flywheel,341c86fc-95e3-4629-b6d1-e54ce894fc7c,d92f4ca2-7b71-483a-b4ce-527c7479a3f1,,2026-09-23T06:05:11.184Z,,2026-09-23T06:12:20.295Z
flywheel,workflow-gate:74cd77fb7dd6bc9b6f01bf52e3a5fec4a10d8b41eec5116897aee16a9a505750,d92f4ca2-7b71-483a-b4ce-527c7479a3f1,approve_to_ship,2026-09-23T06:05:24.779Z,,2026-09-23T06:19:45.322Z
flywheel,aab9a585-e2b2-4c77-a311-ef0e5029c5ef,d9ac81c4-d6fc-42da-a9c1-96e50b2885ea,review_code,2026-09-23T21:44:17.233Z,,2026-09-23T21:55:39.519Z
flywheel,c5380a03-c772-4154-823a-b76675765e0d,d9ac81c4-d6fc-42da-a9c1-96e50b2885ea,,2026-09-23T21:50:45.025Z,2026-09-23T22:35:57.122Z,
flywheel,f426189b-2548-4be3-a603-cbd6801c3b8b,d9ac81c4-d6fc-42da-a9c1-96e50b2885ea,,2026-09-23T21:50:45.255Z,2026-09-23T22:35:57.122Z,
flywheel,1c529737-f1ef-4788-84d0-10f08bfbd6dd,d9ac81c4-d6fc-42da-a9c1-96e50b2885ea,,2026-09-23T21:50:45.474Z,2026-09-23T22:35:57.122Z,
flywheel,6b27b309-c347-4bba-960f-33705daf8dae,d9ac81c4-d6fc-42da-a9c1-96e50b2885ea,,2026-09-23T21:56:50.910Z,2026-09-23T22:35:57.122Z,
flywheel,rstop-05282cfc5803e4beb433cc702cad4081,d9ac81c4-d6fc-42da-a9c1-96e50b2885ea,,2026-09-23T21:58:33.897Z,2026-09-23T21:59:04.923Z,
flywheel,rstop-c84282becde794c75cd918395a7a2125,d9ac81c4-d6fc-42da-a9c1-96e50b2885ea,,2026-09-23T21:59:20.412Z,2026-09-23T21:59:24.461Z,
flywheel,05127894-cc62-4be8-bfbe-92f5a2415924,db9a45e3-ca8b-4ef7-8028-3876c20d4ec7,,2026-09-23T16:40:30.298Z,,2026-09-23T16:40:45.423Z
flywheel,23e55a19-357b-4e23-ae88-e71dcef62b21,db9a45e3-ca8b-4ef7-8028-3876c20d4ec7,,2026-09-23T19:46:01.382Z,2026-09-23T21:00:10.094Z,
flywheel,56bf95cc-8f6b-4f06-a7a3-978968b1feb6,db9a45e3-ca8b-4ef7-8028-3876c20d4ec7,,2026-09-23T20:10:21.299Z,2026-09-23T21:00:10.094Z,
flywheel,0357fb93-0604-4436-9ca9-7d81e0e537eb,dc3111e5-6673-4a2c-86b9-0c89e5a2c841,,2026-09-24T17:34:59.485Z,,2026-09-24T17:38:18.646Z
flywheel,64d81da9-f344-49d6-9e0c-d489ad321881,dc3111e5-6673-4a2c-86b9-0c89e5a2c841,,2026-09-24T17:59:04.373Z,,2026-09-24T18:01:17.561Z
flywheel,aeff8bed-1519-462f-84c9-a7e1c7a20d4b,dc3111e5-6673-4a2c-86b9-0c89e5a2c841,,2026-09-24T18:11:32.597Z,2026-09-24T19:28:12.494Z,
flywheel,8f6f4e36-8367-4fcb-9bfe-bafeaeebd1dc,dce17f32-451c-4265-b3d0-801e624fc792,,2026-09-24T14:50:18.400Z,2026-09-24T16:04:43.137Z,
flywheel,rstop-301693d44ed29bd0f3032075e453eea2,dce17f32-451c-4265-b3d0-801e624fc792,,2026-09-24T14:51:06.032Z,2026-09-24T15:08:18.156Z,
flywheel,rstop-2d32c4525fce723d24ae8d3490d79fec,dce17f32-451c-4265-b3d0-801e624fc792,,2026-09-24T14:51:17.401Z,2026-09-24T15:08:18.156Z,
flywheel,rstop-e604f1e88ebdbe4c5e12ffc2e343e34c,dce17f32-451c-4265-b3d0-801e624fc792,,2026-09-24T15:24:24.720Z,2026-09-24T15:25:36.755Z,
flywheel,4cccf092-939e-4330-99a3-f1b50536645a,dce17f32-451c-4265-b3d0-801e624fc792,review_code,2026-09-24T15:33:16.114Z,,2026-09-24T15:54:07.801Z
flywheel,rstop-4a50016c6059d677112b2ff622646e46,dce17f32-451c-4265-b3d0-801e624fc792,,2026-09-24T15:36:56.095Z,2026-09-24T15:37:02.164Z,
flywheel,2c7cf67d-b328-44a1-9d64-30de51bc33a7,dce17f32-451c-4265-b3d0-801e624fc792,,2026-09-24T15:54:32.057Z,2026-09-24T16:26:53.941Z,
flywheel,db24dd9e-9591-49da-b816-019a39f38590,dce17f32-451c-4265-b3d0-801e624fc792,,2026-09-24T15:55:11.604Z,2026-09-24T16:26:53.942Z,
flywheel,rstop-267ecb963ca0b019b1b923ab5b35389e,dce17f32-451c-4265-b3d0-801e624fc792,,2026-09-24T15:55:21.756Z,2026-09-24T16:05:55.689Z,
flywheel,rstop-de874d01b12bd38f56a00495eb37a784,dce17f32-451c-4265-b3d0-801e624fc792,,2026-09-24T15:57:17.563Z,2026-09-24T16:05:55.690Z,
flywheel,2d8b7e8e-dcca-40d3-839e-05de90f8eb37,df3bec04-6c87-43dc-950a-c1b2e6af3059,,2026-09-23T04:05:04.298Z,,2026-09-23T04:05:28.671Z
flywheel,workflow-gate:a0e62c040a8fa3e05b2e11f6cef0deff8bc32380f6f69cd6228d693b07d3e6af,df3bec04-6c87-43dc-950a-c1b2e6af3059,approve_to_ship,2026-09-23T04:05:35.734Z,2026-09-23T04:10:31.286Z,
flywheel,eca6b6e2-b26a-412b-a8ba-5ed200c91add,df3bec04-6c87-43dc-950a-c1b2e6af3059,,2026-09-23T04:10:00.035Z,,2026-09-23T04:10:10.630Z
flywheel,workflow-gate:002ffb220e0dcd8b7db339025041d6d824f1a2dbe41681639f6101b0adb1b95c,df3bec04-6c87-43dc-950a-c1b2e6af3059,approve_to_ship,2026-09-23T04:10:10.326Z,,2026-09-23T05:35:23.200Z
flywheel,df92f055-254a-4e86-ad50-8e1620be24dc,df881039-228a-4a04-97c4-5c0c3d7d3e02,,2026-09-23T13:03:48.906Z,,2026-09-23T13:05:35.950Z
flywheel,5a3af376-3925-496e-9ee9-dda0236473de,e0c055e7-2e2a-4189-969a-d37d3109aed6,,2026-09-15T16:32:45.950Z,,
flywheel,0827fd29-f10b-4a30-92db-567711b55328,e0c055e7-2e2a-4189-969a-d37d3109aed6,,2026-09-15T16:47:16.220Z,,
flywheel,421db1b0-cef2-48cc-bd68-d956b4694057,e0c055e7-2e2a-4189-969a-d37d3109aed6,,2026-09-15T16:50:02.865Z,,
flywheel,7b4da320-1da0-4a76-bbd6-a22ee8aedf38,e0c055e7-2e2a-4189-969a-d37d3109aed6,,2026-09-15T16:52:24.178Z,,
flywheel,5bfe9e6d-946a-4236-b9ec-a96bad892ecd,e0c055e7-2e2a-4189-969a-d37d3109aed6,,2026-09-15T16:57:56.283Z,,
flywheel,95d71552-ea91-47d2-b72e-610a13f018aa,e0c055e7-2e2a-4189-969a-d37d3109aed6,,2026-09-15T17:06:52.342Z,,
flywheel,143d452e-6264-4f03-8a11-a8459b44af99,e0c055e7-2e2a-4189-969a-d37d3109aed6,,2026-09-15T17:22:52.575Z,,
flywheel,0caa3c9f-9445-45c9-8b42-175455f26a55,e0c055e7-2e2a-4189-969a-d37d3109aed6,,2026-09-15T17:26:24.454Z,,
flywheel,455ffb69-6777-4258-88c1-ac0eae1bb9b1,e0c055e7-2e2a-4189-969a-d37d3109aed6,,2026-09-15T17:47:20.871Z,,
flywheel,76b7e807-03e0-471f-8c80-f52c7e5fdaf7,e0c055e7-2e2a-4189-969a-d37d3109aed6,,2026-09-15T18:03:50.822Z,,
flywheel,7bd50c83-3168-4637-83b9-7a9e132262ac,e0c055e7-2e2a-4189-969a-d37d3109aed6,,2026-09-15T18:07:58.827Z,,
flywheel,88662998-c71a-4d7a-88bf-286107ff4d07,e0c055e7-2e2a-4189-969a-d37d3109aed6,,2026-09-15T18:16:03.081Z,,
flywheel,8f574f68-2d7f-4462-b258-bdc31fac2709,e0c055e7-2e2a-4189-969a-d37d3109aed6,,2026-09-15T18:26:32.536Z,,
flywheel,cca017ee-e3c2-488e-a683-60648bf8ba32,e0c055e7-2e2a-4189-969a-d37d3109aed6,,2026-09-15T18:36:42.909Z,,
flywheel,502fd390-219d-4d0d-b973-94a049fa05c3,e0c055e7-2e2a-4189-969a-d37d3109aed6,,2026-09-15T18:46:05.681Z,,
flywheel,3b294793-4cf2-48a1-bc5e-5b1e6f6debdc,e0c055e7-2e2a-4189-969a-d37d3109aed6,,2026-09-15T19:02:14.529Z,,
flywheel,8046016a-3ad3-443e-9fab-7825febb7af2,e0c055e7-2e2a-4189-969a-d37d3109aed6,,2026-09-15T19:12:36.719Z,,
flywheel,c6e86fc2-719c-4f06-aa1a-367f1f71bccc,e267e6ef-93db-4d0b-b4ce-4b15b17e02c9,review_design,2026-09-23T00:59:18.326Z,,2026-09-23T01:11:22.681Z
flywheel,09addcb4-534e-49e9-9783-8f7178609e0a,e267e6ef-93db-4d0b-b4ce-4b15b17e02c9,,2026-09-23T01:12:16.428Z,2026-09-23T06:18:39.643Z,
flywheel,7f07b04e-2992-423b-b53e-3323e5b72e72,e267e6ef-93db-4d0b-b4ce-4b15b17e02c9,review_code,2026-09-23T03:19:38.932Z,2026-09-23T03:26:34.279Z,
flywheel,fe070e1e-f21d-4663-8107-32223d1f68d7,e267e6ef-93db-4d0b-b4ce-4b15b17e02c9,review_code,2026-09-23T03:26:11.373Z,,2026-09-23T03:56:44.443Z
flywheel,6850addc-155f-404a-abb3-17f79835fc96,e267e6ef-93db-4d0b-b4ce-4b15b17e02c9,review_code,2026-09-23T04:32:46.582Z,,2026-09-23T04:45:31.607Z
flywheel,f11ed466-b024-4488-b6d2-ec50c7a7fbf2,e267e6ef-93db-4d0b-b4ce-4b15b17e02c9,,2026-09-23T04:46:31.399Z,,2026-09-23T04:51:08.377Z
flywheel,90ead08f-998a-43c9-b3e9-9ccd55ce62e2,e267e6ef-93db-4d0b-b4ce-4b15b17e02c9,review_code,2026-09-23T05:12:11.000Z,,2026-09-23T05:42:17.038Z
flywheel,e7f78484-14e9-4967-a4d7-9944a88fa261,e267e6ef-93db-4d0b-b4ce-4b15b17e02c9,,2026-09-23T05:43:23.613Z,,2026-09-23T05:47:35.695Z
flywheel,ff50429a-1174-4976-9cba-b2cc8242f543,e267e6ef-93db-4d0b-b4ce-4b15b17e02c9,,2026-09-23T05:51:37.544Z,,2026-09-23T05:53:54.142Z
flywheel,6c6a147b-6991-421e-a004-8c78b3e4d24d,e267e6ef-93db-4d0b-b4ce-4b15b17e02c9,question,2026-09-23T05:53:31.064Z,,2026-09-23T06:08:26.613Z
flywheel,ca6c3511-f86a-4d55-ab09-6813f6f5978d,e267e6ef-93db-4d0b-b4ce-4b15b17e02c9,,2026-09-23T06:09:39.782Z,,2026-09-23T06:15:06.850Z
flywheel,46a222bf-fbe5-4956-92e5-269f301b43a0,e267e6ef-93db-4d0b-b4ce-4b15b17e02c9,,2026-09-23T06:16:06.268Z,2026-09-23T06:46:48.496Z,
flywheel,41a41a92-923e-40d7-9f95-5ed579635faf,e5017f34-787e-424b-ae5d-65f25fec88e8,,2026-09-25T00:32:00.330Z,,2026-09-25T00:33:00.390Z
flywheel,362084ea-4c4a-406f-8d40-4ef6d7be40a0,e5017f34-787e-424b-ae5d-65f25fec88e8,review_code,2026-09-25T01:41:53.117Z,,2026-09-25T03:53:35.824Z
flywheel,2832cc09-2234-42b8-83f0-f421055e537a,e5017f34-787e-424b-ae5d-65f25fec88e8,,2026-09-25T03:55:06.704Z,2026-09-25T18:43:38.478Z,
flywheel,c9ff473a-3f21-48c0-8b1b-b43c3344443d,e56ecb1c-30a7-4cc1-bfd3-0c1ac85678d9,,2026-09-23T14:44:01.931Z,,2026-09-23T14:44:36.020Z
flywheel,ffa5824a-0a71-40d3-9a55-a3ad44c213a5,e56ecb1c-30a7-4cc1-bfd3-0c1ac85678d9,,2026-09-23T14:49:46.874Z,2026-09-23T15:33:00.409Z,
flywheel,5af5fba8-4055-4dd9-b9cf-8007e60bc776,e56ecb1c-30a7-4cc1-bfd3-0c1ac85678d9,,2026-09-23T14:50:54.732Z,2026-09-23T15:33:00.409Z,
flywheel,rstop-e7ed78bd083a233488c839710ff08ae6,e59dd6c2-7180-4ae4-82dd-c413f100d3b9,,2026-09-23T09:05:39.777Z,2026-09-23T09:09:25.866Z,
flywheel,rstop-57d483b2c914b462763aa3055f0399a9,e59dd6c2-7180-4ae4-82dd-c413f100d3b9,,2026-09-23T09:06:00.364Z,2026-09-23T09:09:52.203Z,
flywheel,rstop-54271cd95221e9f94c34f1f203a9b807,e59dd6c2-7180-4ae4-82dd-c413f100d3b9,,2026-09-23T09:36:02.399Z,2026-09-23T09:36:13.062Z,
flywheel,0c514c76-4bd6-4049-a475-e8e54cfb1d32,e66b67a7-50dd-4257-a6cf-ffadc8314f25,review_code,2026-09-23T09:32:30.059Z,2026-09-23T09:48:55.867Z,
flywheel,0afda40e-8a35-4302-bbb2-7e6687293f06,e66b67a7-50dd-4257-a6cf-ffadc8314f25,review_code,2026-09-23T09:48:52.202Z,,2026-09-23T10:00:40.101Z
flywheel,bd30e8a0-6d25-4758-919c-0d33db90297d,e66b67a7-50dd-4257-a6cf-ffadc8314f25,,2026-09-23T09:52:41.411Z,2026-09-23T15:17:49.944Z,
flywheel,rstop-91acb7ac617c5cdb7341669255716c25,e66b67a7-50dd-4257-a6cf-ffadc8314f25,,2026-09-23T09:53:32.122Z,2026-09-23T09:53:37.951Z,
flywheel,708aed62-6936-4f40-bb83-399bdf20e9d3,e66b67a7-50dd-4257-a6cf-ffadc8314f25,review_code,2026-09-23T11:23:46.689Z,,2026-09-23T11:30:44.418Z
flywheel,fd135a9e-4d86-4af3-97fb-c9f47852b0fc,e66b67a7-50dd-4257-a6cf-ffadc8314f25,review_code,2026-09-23T12:33:27.377Z,,2026-09-23T12:46:42.492Z
flywheel,c889a89a-d0e0-454a-ac50-5304d1867891,e66b67a7-50dd-4257-a6cf-ffadc8314f25,,2026-09-23T12:47:12.392Z,2026-09-23T15:17:49.944Z,
flywheel,rstop-91edc7a429003bd29c37c32fa07552ca,e66b67a7-50dd-4257-a6cf-ffadc8314f25,,2026-09-23T12:48:03.338Z,2026-09-23T12:52:44.513Z,
flywheel,rstop-990005834ba6d821fe9fdb0b18ec553c,e66b67a7-50dd-4257-a6cf-ffadc8314f25,,2026-09-23T12:48:31.429Z,2026-09-23T12:52:45.576Z,
flywheel,14b2c500-dc14-46e4-9207-826823ffa26f,e66b67a7-50dd-4257-a6cf-ffadc8314f25,review_code,2026-09-23T14:07:19.629Z,,2026-09-23T14:11:32.481Z
flywheel,44ea00bb-c21a-4e7d-a47f-f4234d899d4e,e66b67a7-50dd-4257-a6cf-ffadc8314f25,,2026-09-23T14:12:24.889Z,2026-09-23T15:17:49.944Z,
flywheel,20fc88aa-facc-417b-ae01-06d44a60e97f,e66b67a7-50dd-4257-a6cf-ffadc8314f25,,2026-09-23T14:14:30.901Z,2026-09-23T15:17:49.944Z,
flywheel,fb1e9263-bc4c-42aa-a2ec-94a773b6d6d6,e66b67a7-50dd-4257-a6cf-ffadc8314f25,review_code,2026-09-23T14:52:34.115Z,,2026-09-23T14:56:05.714Z
flywheel,66b11763-1b89-4021-ba9f-046fa360b134,e66b67a7-50dd-4257-a6cf-ffadc8314f25,,2026-09-23T15:00:04.180Z,2026-09-23T15:17:49.944Z,
flywheel,02a63e97-fba9-4a23-b090-1decb0660e20,e66b67a7-50dd-4257-a6cf-ffadc8314f25,review_code,2026-09-23T15:05:21.561Z,,2026-09-23T15:08:36.496Z
flywheel,009dc143-b7b6-4c22-a816-8d6e16278c9d,e66b67a7-50dd-4257-a6cf-ffadc8314f25,,2026-09-23T15:09:09.867Z,2026-09-23T15:42:53.363Z,
flywheel,02d40c72-2a32-420a-b326-c2664ffe8d8a,e66b67a7-50dd-4257-a6cf-ffadc8314f25,,2026-09-23T15:10:23.485Z,2026-09-23T15:42:53.364Z,
flywheel,31ec41ac-f21d-4b5a-b149-5d010595e280,e66b67a7-50dd-4257-a6cf-ffadc8314f25,,2026-09-23T15:10:23.495Z,2026-09-23T15:42:53.366Z,
flywheel,rstop-0b2dcc2ecd4e06c588e48ede9c82ed0d,e66b67a7-50dd-4257-a6cf-ffadc8314f25,,2026-09-23T15:15:07.368Z,2026-09-23T15:15:12.330Z,
flywheel,a181cb4e-bd90-49c8-8ea5-3f60942f28b5,e66b67a7-50dd-4257-a6cf-ffadc8314f25,question,2026-09-23T15:16:50.575Z,2026-09-23T15:17:49.944Z,
flywheel,8829c416-2016-4d7b-88cd-1d173a9b0f81,eae6b863-4eb6-42a2-91f5-c5a680638a1a,,2026-09-11T13:44:12.011Z,,
flywheel,af18ee5c-3f18-437a-8f62-486852df4672,eae6b863-4eb6-42a2-91f5-c5a680638a1a,,2026-09-11T13:45:58.285Z,,
flywheel,dae50ff0-b341-4f54-9932-b233dced9670,eae6b863-4eb6-42a2-91f5-c5a680638a1a,,2026-09-11T13:49:06.159Z,,
flywheel,a6540671-68bb-4200-b776-a1102ac05de8,eae6b863-4eb6-42a2-91f5-c5a680638a1a,,2026-09-11T13:52:42.622Z,,
flywheel,a3113969-af3d-46c9-be81-93c74de4e944,eae6b863-4eb6-42a2-91f5-c5a680638a1a,,2026-09-11T13:59:24.940Z,,
flywheel,0b0ad63f-6761-4cfb-910a-4bf77c9c71c6,eae6b863-4eb6-42a2-91f5-c5a680638a1a,,2026-09-11T14:02:53.329Z,,
flywheel,eb640d48-f92c-46f8-97c3-56629dc2b63f,eae6b863-4eb6-42a2-91f5-c5a680638a1a,,2026-09-11T14:06:50.156Z,,
flywheel,9d820f7a-a8c7-421b-bb94-7925ab5ea333,eae6b863-4eb6-42a2-91f5-c5a680638a1a,,2026-09-11T14:12:34.424Z,,
flywheel,7966ad2d-860f-4296-82f6-d27d1b9e4abb,eae6b863-4eb6-42a2-91f5-c5a680638a1a,,2026-09-11T14:29:25.604Z,,
flywheel,ae2ae43c-fd37-4966-a6f5-5f76ac575b2f,eae6b863-4eb6-42a2-91f5-c5a680638a1a,,2026-09-11T14:37:51.713Z,,
flywheel,a942949e-5cea-446d-85d4-1d990b8d0907,eae6b863-4eb6-42a2-91f5-c5a680638a1a,,2026-09-11T14:39:12.244Z,,
flywheel,1a0c54cf-115a-40a7-974f-5c3efcc34120,eae6b863-4eb6-42a2-91f5-c5a680638a1a,,2026-09-11T14:39:59.063Z,,
flywheel,645623e5-0e44-488d-aebd-2d0543337139,eae6b863-4eb6-42a2-91f5-c5a680638a1a,,2026-09-11T14:40:46.764Z,,
flywheel,623cd5e6-3dc6-451d-be8e-2525b06c2acc,eae6b863-4eb6-42a2-91f5-c5a680638a1a,,2026-09-11T15:12:12.967Z,,
flywheel,780885c0-889b-4f52-ac90-ced7e59b498d,eae6b863-4eb6-42a2-91f5-c5a680638a1a,,2026-09-11T15:12:13.102Z,,
flywheel,7bd371d5-e3ec-4e34-b336-85ae7758e2ac,eae6b863-4eb6-42a2-91f5-c5a680638a1a,,2026-09-11T15:21:41.057Z,,
flywheel,b59ad8c6-de0b-404d-b523-71c8267134ba,eae6b863-4eb6-42a2-91f5-c5a680638a1a,,2026-09-11T15:27:44.454Z,,
flywheel,b4bced6d-e36a-40d1-b01a-34f783217140,eae6b863-4eb6-42a2-91f5-c5a680638a1a,,2026-09-11T15:28:58.028Z,,
flywheel,3e72ca77-9224-4266-9078-5e8f3a012103,ec0fcf8a-4ef5-4290-9646-e90d724ed544,,2026-09-24T10:31:28.149Z,,2026-09-24T10:37:34.629Z
flywheel,7a5aa132-271d-49db-9f03-94142f27a8e2,ec0fcf8a-4ef5-4290-9646-e90d724ed544,,2026-09-24T10:37:48.973Z,,2026-09-24T10:39:14.769Z
flywheel,f3bc9256-9869-4a8c-b3c1-ae4f7d57d156,ec0fcf8a-4ef5-4290-9646-e90d724ed544,,2026-09-24T11:10:20.647Z,,2026-09-24T11:11:58.590Z
flywheel,41c8cea6-664a-4207-9fa1-c6270e58585f,ec0fcf8a-4ef5-4290-9646-e90d724ed544,,2026-09-24T11:18:28.337Z,,2026-09-24T11:19:19.639Z
flywheel,6c2e3977-f3d8-4218-9394-89d25b2e58c7,ec0fcf8a-4ef5-4290-9646-e90d724ed544,,2026-09-24T11:21:40.705Z,,2026-09-24T11:23:13.101Z
flywheel,72cace11-b354-4030-8920-54988eb82336,ec0fcf8a-4ef5-4290-9646-e90d724ed544,,2026-09-24T11:30:42.469Z,,2026-09-24T11:30:56.854Z
flywheel,ade3aa66-e136-4810-9934-62e3eb5d92b9,ec0fcf8a-4ef5-4290-9646-e90d724ed544,,2026-09-24T11:46:07.903Z,,2026-09-24T11:46:44.175Z
flywheel,e02befb0-527c-475e-9aec-dc1391cbe5a6,ec0fcf8a-4ef5-4290-9646-e90d724ed544,,2026-09-24T11:56:28.151Z,,2026-09-24T11:57:04.094Z
flywheel,e4e7a17a-83f4-4aff-b906-dea430dde342,ecfa5547-9e1a-4735-a250-2c1ec316b048,,2026-09-25T08:57:23.376Z,2026-09-25T10:49:52.848Z,
flywheel,5792db92-9949-44fb-91c4-b6f6f247bb4d,ecfa5547-9e1a-4735-a250-2c1ec316b048,,2026-09-25T10:07:01.148Z,,2026-09-25T10:07:18.578Z
flywheel,cfefdba9-9b72-4ad3-9d86-f0ef7e4521e1,ecfa5547-9e1a-4735-a250-2c1ec316b048,,2026-09-25T10:10:18.014Z,2026-09-25T10:49:52.848Z,
flywheel,eb71d327-c5f1-49c8-b791-e95f16bd6545,ed46aa1b-bce9-4f38-a160-b12c119d1f5e,,2026-09-24T17:32:26.736Z,,2026-09-24T17:35:47.027Z
flywheel,58340a26-99ac-4244-b729-254ff2bd83ee,ed46aa1b-bce9-4f38-a160-b12c119d1f5e,,2026-09-24T17:47:35.415Z,,2026-09-24T17:50:44.943Z
flywheel,a98c15b7-ebe0-410c-8149-d62cea1a210f,ed46aa1b-bce9-4f38-a160-b12c119d1f5e,,2026-09-24T18:06:26.854Z,2026-09-24T18:56:42.275Z,
flywheel,workflow-gate:34ffa2b44ec2e2aa1be03a30a24ee732d59683e7afb8be9239287710f5207bf7,ed46aa1b-bce9-4f38-a160-b12c119d1f5e,approve_to_ship,2026-09-24T18:06:28.621Z,,2026-09-24T18:54:38.572Z
flywheel,74106601-cb8b-4983-bfb9-fcf041e3e55d,f104fc28-c47a-4b76-8168-f7b02bfa7ebe,,2026-09-25T03:59:20.815Z,,2026-09-25T03:59:42.548Z
flywheel,aaa77767-71d8-4c92-b6d6-f565c0a4b8c7,f104fc28-c47a-4b76-8168-f7b02bfa7ebe,,2026-09-25T04:01:56.419Z,,2026-09-25T04:03:02.576Z
flywheel,rstop-91577b6191a3802f0a8930592bbeda5b,f3574edc-c43f-4f48-8b6c-7ea29e3a3ad2,,2026-09-24T18:11:45.534Z,2026-09-24T18:12:30.375Z,
flywheel,f1be1c3b-a09b-4b53-aac9-495b5f7ff8b1,f3574edc-c43f-4f48-8b6c-7ea29e3a3ad2,review_code,2026-09-24T18:41:43.864Z,2026-09-24T19:41:43.404Z,
flywheel,617fa507-e85b-4945-86da-5067bbcc64a5,f371e87f-260f-4f3f-9473-dfd974e26517,,2026-09-24T02:28:05.837Z,,2026-09-24T02:38:52.833Z
flywheel,1a06efd3-18a6-49ee-85bb-0d432fe08d66,f371e87f-260f-4f3f-9473-dfd974e26517,,2026-09-24T03:30:51.886Z,,2026-09-24T03:36:55.208Z
flywheel,cb99053e-4f6a-4aa3-a06b-448ca9ab28a1,f371e87f-260f-4f3f-9473-dfd974e26517,,2026-09-24T04:17:51.639Z,,2026-09-24T04:36:35.347Z
flywheel,2af30186-19c1-455e-ac60-d57d309294df,f371e87f-260f-4f3f-9473-dfd974e26517,,2026-09-24T05:04:39.743Z,,2026-09-24T05:04:48.116Z
flywheel,fe540263-baeb-445d-8119-9600cc4879c1,f371e87f-260f-4f3f-9473-dfd974e26517,,2026-09-24T05:19:39.230Z,,2026-09-24T05:22:41.424Z
flywheel,fbae9075-c9f6-4164-826f-2e092bfa785b,f371e87f-260f-4f3f-9473-dfd974e26517,,2026-09-24T05:19:50.075Z,,2026-09-24T05:23:26.342Z
flywheel,2db131ac-147f-480d-9aa5-7bc2d0a823a1,f371e87f-260f-4f3f-9473-dfd974e26517,,2026-09-24T05:31:22.650Z,2026-09-24T07:37:33.932Z,
flywheel,dfdd5fed-fa10-49d5-b696-c1a5eaeecf02,f371e87f-260f-4f3f-9473-dfd974e26517,,2026-09-24T05:31:24.453Z,2026-09-24T07:37:33.932Z,
flywheel,1b3965d3-f842-4dd1-b5b4-5ec1c1ba253c,f371e87f-260f-4f3f-9473-dfd974e26517,,2026-09-24T05:31:25.186Z,2026-09-24T07:37:33.932Z,
flywheel,3ec74cb7-ab58-4971-85c0-a78693c8fe74,f47244ad-a700-4807-b836-4287cfb2c4bd,,2026-09-25T20:57:22.939Z,,2026-09-25T20:57:37.029Z
flywheel,14f9cebd-d9b3-4869-b4ea-15ae650480ec,f4c9594c-f5e9-450b-b4d9-ead15adc1ba6,,2026-09-23T11:46:26.064Z,,2026-09-23T11:50:14.453Z
flywheel,rstop-61447b0d9367aab082c9cf4b061acde7,f4c9594c-f5e9-450b-b4d9-ead15adc1ba6,,2026-09-23T11:50:33.223Z,2026-09-23T11:50:37.902Z,
flywheel,cb5ada2d-0078-4049-8bc5-71b049a1ac3c,f560992f-5c61-4062-b6e4-392c0c5743dd,,2026-09-25T07:59:28.543Z,2026-09-25T09:07:07.308Z,
flywheel,c9337191-68d4-4cb4-96e3-5b9eba062f2b,f68b3e69-19a2-4a59-b183-5b2003680a4a,,2026-09-25T06:26:00.478Z,2026-09-25T06:56:48.396Z,
flywheel,33604de4-4cc0-4c27-a247-d33d19b67cdf,f81f3f9a-5356-4688-98e9-f9dbd1e5ed25,,2026-09-23T06:51:17.397Z,2026-09-23T13:13:00.813Z,
flywheel,866632bb-9b2a-44d7-a9f7-53bd638bf8ab,f81f3f9a-5356-4688-98e9-f9dbd1e5ed25,,2026-09-23T07:01:01.843Z,2026-09-23T13:13:00.813Z,
flywheel,f37fa122-d031-42dc-bad7-a62fd5e9395b,f81f3f9a-5356-4688-98e9-f9dbd1e5ed25,,2026-09-23T07:03:20.075Z,2026-09-23T13:13:00.813Z,
flywheel,workflow-gate:e29444c6481740270fd1aa6f6ea0ef8b3c163ac321975f9ad6335bb3d25b3946,f81f3f9a-5356-4688-98e9-f9dbd1e5ed25,approve_to_ship,2026-09-23T08:58:54.555Z,,2026-09-23T13:09:09.258Z
flywheel,315c28d0-122f-4db3-ac42-41437d98a815,f81f3f9a-5356-4688-98e9-f9dbd1e5ed25,,2026-09-23T08:59:10.461Z,2026-09-23T13:13:00.813Z,
flywheel,d91dabcb-27c6-45cb-b075-e5a07e688e76,f81f3f9a-5356-4688-98e9-f9dbd1e5ed25,,2026-09-23T13:10:48.984Z,2026-09-23T13:41:07.381Z,
flywheel,8ffce628-eddd-421c-8f26-845aa7c865df,f8d8eeab-b714-4efb-8095-67153d77efeb,,2026-09-23T13:57:19.031Z,2026-09-23T21:06:34.944Z,
flywheel,261afc66-9f27-4b3e-9eec-e65f6e376efb,f8d8eeab-b714-4efb-8095-67153d77efeb,,2026-09-23T15:44:57.139Z,,2026-09-23T15:45:47.363Z
flywheel,f6d071d5-84a2-4237-b409-9f98eee6e901,f8d8eeab-b714-4efb-8095-67153d77efeb,,2026-09-23T16:07:41.562Z,2026-09-23T21:06:34.944Z,
flywheel,workflow-gate:9d7ba87e1ebd9fc4c03cd1920f000a3cfb568a04e0e5231717a87c1cf1457332,f8d8eeab-b714-4efb-8095-67153d77efeb,approve_to_ship,2026-09-23T16:07:57.080Z,2026-09-23T21:06:34.944Z,
flywheel,4b2f3277-22fe-4a0e-87c7-8af28a98cf9d,f904eb30-07f0-423a-9569-0e41abc6e1f7,,2026-09-25T18:24:18.672Z,,2026-09-25T18:26:10.364Z
flywheel,3d39b221-b10b-4247-9a1a-f72727be1b9c,f904eb30-07f0-423a-9569-0e41abc6e1f7,,2026-09-25T18:33:29.767Z,,2026-09-25T18:34:31.217Z
flywheel,00f80146-1972-4888-b238-280ddc754e55,f904eb30-07f0-423a-9569-0e41abc6e1f7,,2026-09-25T18:36:31.297Z,,2026-09-25T18:37:50.667Z
flywheel,472c1a5f-118c-44e5-bbe8-130a62bd8fe1,f904eb30-07f0-423a-9569-0e41abc6e1f7,,2026-09-25T18:41:41.753Z,,2026-09-25T18:42:11.126Z
flywheel,8581d2a1-7bab-4e69-9c92-b44233c78b1f,f904eb30-07f0-423a-9569-0e41abc6e1f7,,2026-09-25T18:42:42.432Z,,2026-09-25T18:44:53.354Z
flywheel,workflow-gate:4d1a7611bea6c705b34f6fe6203d3701d7cadad0f242afc719c442cb66fd1610,f904eb30-07f0-423a-9569-0e41abc6e1f7,approve_to_ship,2026-09-25T18:42:47.789Z,2026-09-25T20:42:45.306Z,
flywheel,109d8867-819f-46b5-b08d-69634103b530,f904eb30-07f0-423a-9569-0e41abc6e1f7,,2026-09-25T19:07:43.948Z,,2026-09-25T19:07:50.963Z
flywheel,5a31d3f8-daa4-486b-b4ed-3383cfe43bd3,f904eb30-07f0-423a-9569-0e41abc6e1f7,,2026-09-25T19:17:00.580Z,,2026-09-25T19:24:07.142Z
flywheel,bc9e923d-7704-4b30-865a-6d4a6dced67e,f904eb30-07f0-423a-9569-0e41abc6e1f7,,2026-09-25T19:20:17.772Z,,2026-09-25T19:24:07.337Z
flywheel,bb515328-a9e8-46e9-be77-40b38a156f80,f904eb30-07f0-423a-9569-0e41abc6e1f7,,2026-09-25T19:33:50.430Z,,2026-09-25T19:33:54.431Z
flywheel,cf6ec25b-450a-49b7-971d-9d85c0263953,f904eb30-07f0-423a-9569-0e41abc6e1f7,,2026-09-25T19:41:10.883Z,,2026-09-25T19:41:49.790Z
flywheel,5dd6a493-dfe3-40ab-a692-cbcbb4261119,f904eb30-07f0-423a-9569-0e41abc6e1f7,,2026-09-25T19:55:24.322Z,,2026-09-25T19:56:01.486Z
flywheel,f617ccc8-69ab-4c2e-8659-45d62331926e,f904eb30-07f0-423a-9569-0e41abc6e1f7,,2026-09-25T20:02:50.250Z,,2026-09-25T20:04:54.064Z
flywheel,3deaedc7-6dd9-4da7-ac78-0bc341f164e7,f904eb30-07f0-423a-9569-0e41abc6e1f7,,2026-09-25T20:03:45.828Z,,2026-09-25T20:05:17.531Z
flywheel,6d6ea572-de27-45ce-bea7-0f270066bf54,f904eb30-07f0-423a-9569-0e41abc6e1f7,,2026-09-25T20:09:03.913Z,,2026-09-25T20:09:40.045Z
flywheel,f94898c4-c7fd-41ba-b034-e450b564af5c,f904eb30-07f0-423a-9569-0e41abc6e1f7,,2026-09-25T20:09:30.992Z,,2026-09-25T20:09:54.395Z
flywheel,b0411b04-b0dc-4b18-8241-322337201f24,f904eb30-07f0-423a-9569-0e41abc6e1f7,,2026-09-25T20:15:15.521Z,,2026-09-25T20:16:09.934Z
flywheel,091423c2-7de5-4ac6-b059-91a0e01f8fa7,f904eb30-07f0-423a-9569-0e41abc6e1f7,,2026-09-25T20:38:09.713Z,,2026-09-25T20:39:05.091Z
flywheel,b46c75b0-55ce-4bc8-bbe7-0850f36aa9bf,f904eb30-07f0-423a-9569-0e41abc6e1f7,,2026-09-25T20:39:38.928Z,,2026-09-25T20:40:23.749Z
flywheel,871e4af2-7771-45a9-a017-63de20d7589d,f904eb30-07f0-423a-9569-0e41abc6e1f7,,2026-09-25T20:41:16.572Z,,2026-09-25T20:41:47.610Z
flywheel,d4857c6e-760f-4565-b1f2-ae9be7aaa77d,f904eb30-07f0-423a-9569-0e41abc6e1f7,,2026-09-25T20:42:15.517Z,,
flywheel,workflow-gate:30d1517d1db6537f5b1351c03e2d6beaaa78089a0207b7e5e4cbf68a94a0c5e0,f904eb30-07f0-423a-9569-0e41abc6e1f7,approve_to_ship,2026-09-25T20:42:21.969Z,,2026-09-25T20:49:59.420Z
flywheel,6d3f4ffa-3d50-4bb7-a198-69b604fdf2bb,f904eb30-07f0-423a-9569-0e41abc6e1f7,,2026-09-25T20:51:47.580Z,,
flywheel,4ed4a69e-6dd1-4956-a394-4c1ed8d22aa1,fa22d94c-042b-420f-99f3-5b9518b99e46,,2026-09-16T03:22:52.148Z,,
flywheel,9610ac74-d970-4bb0-ba38-3e7bfdb90cf8,fa22d94c-042b-420f-99f3-5b9518b99e46,,2026-09-16T03:30:54.327Z,,
flywheel,571aefb6-0a5a-48be-8cc4-1aeeee7bc661,fa22d94c-042b-420f-99f3-5b9518b99e46,,2026-09-16T03:37:40.048Z,,
flywheel,fee1dc24-08f0-4847-83a7-f961935cdf63,fa22d94c-042b-420f-99f3-5b9518b99e46,,2026-09-16T03:45:26.488Z,,
flywheel,4315f0ab-1261-4364-9acf-f841f584f911,fa22d94c-042b-420f-99f3-5b9518b99e46,,2026-09-16T03:55:56.086Z,,
flywheel,98a36871-681f-41f4-8f68-eb1b131b5fd3,fa22d94c-042b-420f-99f3-5b9518b99e46,,2026-09-16T03:56:43.635Z,,
flywheel,a0177213-4c8c-4b59-9dbb-b8a631924161,fa22d94c-042b-420f-99f3-5b9518b99e46,,2026-09-16T03:59:21.053Z,,
flywheel,1fb18eb1-d23a-463e-94e1-4c0212cdad77,fa22d94c-042b-420f-99f3-5b9518b99e46,,2026-09-16T04:15:41.526Z,,
flywheel,f06f48aa-737a-40f6-b574-e02597a0e538,fa22d94c-042b-420f-99f3-5b9518b99e46,,2026-09-16T04:21:13.402Z,,
flywheel,bef84d59-5f22-425c-a954-e8de0f46ea58,fa22d94c-042b-420f-99f3-5b9518b99e46,,2026-09-16T04:25:50.581Z,,
flywheel,5c2d4642-452c-44e6-bc39-2a7c1d3657e4,fb1b9fdc-9c93-4686-a039-227abf36b52a,,2026-09-24T17:35:26.031Z,,2026-09-24T17:38:18.818Z
flywheel,fc4a102e-4320-4ee9-9cdc-13741ec7d928,fb1b9fdc-9c93-4686-a039-227abf36b52a,,2026-09-24T17:44:30.736Z,,2026-09-24T17:46:38.187Z
flywheel,d401c6c1-e194-4ab2-b1bc-84c4933044d5,fb1b9fdc-9c93-4686-a039-227abf36b52a,,2026-09-24T17:45:10.049Z,,2026-09-24T17:47:57.565Z
flywheel,012eec7e-40e8-4d01-b6c8-3a23960e3800,fb1b9fdc-9c93-4686-a039-227abf36b52a,,2026-09-24T17:53:25.088Z,2026-09-24T18:37:40.020Z,
flywheel,89601d18-2296-4248-9c08-25ff5083c962,fbd58510-73b2-414a-b786-5f03411a41ab,,2026-09-10T02:11:26.287Z,,
flywheel,c36b6220-727e-4d01-8d69-7c53719d00fe,fc816208-3193-4d3e-b048-a0e5fd69976e,,2026-09-23T21:09:40.943Z,2026-09-25T20:46:54.584Z,
flywheel,6bf47842-370b-4951-8d72-d3f2a65a5d72,fc816208-3193-4d3e-b048-a0e5fd69976e,review_code,2026-09-23T21:24:47.335Z,,2026-09-23T21:37:49.645Z
flywheel,rstop-1a4907843140b51d02a27a00c62cb220,fc816208-3193-4d3e-b048-a0e5fd69976e,,2026-09-23T21:25:57.951Z,2026-09-23T21:26:16.058Z,
flywheel,db10cdee-1da9-4d27-93d9-419272578e27,fc816208-3193-4d3e-b048-a0e5fd69976e,review_code,2026-09-23T21:51:54.586Z,,2026-09-23T21:57:00.398Z
flywheel,rstop-af4657ffcd0b68b3c4e6f498e7cb4626,fc816208-3193-4d3e-b048-a0e5fd69976e,,2026-09-23T21:52:24.350Z,2026-09-23T21:53:49.255Z,
flywheel,c71e70f4-0b9e-4c21-ab50-e416e824cf2f,fc816208-3193-4d3e-b048-a0e5fd69976e,,2026-09-23T22:01:30.525Z,2026-09-25T20:46:54.584Z,
flywheel,20c930b9-57b6-4b53-af89-2b9a51063e5b,fc816208-3193-4d3e-b048-a0e5fd69976e,,2026-09-23T22:01:30.758Z,2026-09-25T20:46:54.584Z,
flywheel,rstop-540cd0d3f4e2005929a30c4a34469b72,fc816208-3193-4d3e-b048-a0e5fd69976e,,2026-09-23T22:02:22.049Z,2026-09-23T22:02:26.171Z,
flywheel,rstop-56d743da3c2e9322f0719120ec323e05,fc816208-3193-4d3e-b048-a0e5fd69976e,,2026-09-23T22:03:58.839Z,2026-09-23T22:04:03.006Z,
flywheel,8ef0d605-9e4b-4751-a063-82b71d093c6c,fc816208-3193-4d3e-b048-a0e5fd69976e,review_code,2026-09-23T22:36:00.483Z,,2026-09-23T22:38:56.367Z
flywheel,857eec75-a02c-477c-b988-b3e5493cb459,fc816208-3193-4d3e-b048-a0e5fd69976e,review_code,2026-09-23T22:42:18.221Z,,2026-09-23T22:44:34.636Z
flywheel,d8306082-8093-4484-96a3-d61c9fb057e4,fc816208-3193-4d3e-b048-a0e5fd69976e,,2026-09-23T22:46:39.550Z,2026-09-25T20:46:54.584Z,
flywheel,e5e38f3a-bd9c-411a-8755-54d66cccacfb,fc816208-3193-4d3e-b048-a0e5fd69976e,review_code,2026-09-23T22:57:53.617Z,,2026-09-23T23:03:14.938Z
flywheel,dd238e21-a5a6-43e8-aaeb-c37518cd76cc,fc816208-3193-4d3e-b048-a0e5fd69976e,review_code,2026-09-23T23:09:50.637Z,,2026-09-23T23:13:24.432Z
flywheel,ab7224c1-4662-4967-a805-21bc3bc82a2a,fc816208-3193-4d3e-b048-a0e5fd69976e,,2026-09-23T23:14:47.396Z,2026-09-25T20:46:54.584Z,
flywheel,9ac53ae7-c12c-4838-bd92-7ffa9ca67841,fc816208-3193-4d3e-b048-a0e5fd69976e,,2026-09-23T23:15:32.267Z,2026-09-25T20:46:54.584Z,
flywheel,76af4349-9145-49ce-999c-f1c6232983f6,fc816208-3193-4d3e-b048-a0e5fd69976e,question,2026-09-23T23:20:35.559Z,2026-09-25T20:46:54.584Z,
flywheel,d7cba6c2-2a7b-4d03-a5ed-016d37ed532c,fda68c0b-4ad8-4e0f-8e6d-2ac788b460c2,,2026-09-23T13:51:47.193Z,2026-09-24T07:37:34.551Z,
flywheel,86dfa693-e04e-4f99-8597-62e33dd22af2,fda68c0b-4ad8-4e0f-8e6d-2ac788b460c2,,2026-09-23T13:52:41.501Z,2026-09-24T07:37:34.551Z,
flywheel,8d63ca84-a88e-471e-b4a2-aaf0d93eef1a,fda68c0b-4ad8-4e0f-8e6d-2ac788b460c2,review_design,2026-09-23T13:58:30.322Z,,2026-09-23T14:08:03.159Z
flywheel,rstop-bd11352baa848295167c5ca3c0284346,fda68c0b-4ad8-4e0f-8e6d-2ac788b460c2,,2026-09-23T14:07:38.474Z,2026-09-23T14:07:44.049Z,
flywheel,23080e8d-dc98-4bb4-825f-83dfac6eda86,fda68c0b-4ad8-4e0f-8e6d-2ac788b460c2,review_design,2026-09-23T14:11:12.993Z,,2026-09-23T14:16:39.991Z
flywheel,1c247da3-9fc5-40d9-8c14-797667739e15,fda68c0b-4ad8-4e0f-8e6d-2ac788b460c2,,2026-09-23T14:11:26.014Z,2026-09-24T07:37:34.551Z,
flywheel,rstop-3540004e519f0e439299856d48ca0ae7,fda68c0b-4ad8-4e0f-8e6d-2ac788b460c2,,2026-09-23T14:11:53.213Z,2026-09-23T14:13:24.740Z,
flywheel,fda2eb82-77ba-4fd1-9be2-43fe29284303,fda68c0b-4ad8-4e0f-8e6d-2ac788b460c2,,2026-09-23T14:17:52.713Z,2026-09-24T07:37:34.551Z,
flywheel,e2ced162-1daa-43af-806a-a80043b0435c,fda68c0b-4ad8-4e0f-8e6d-2ac788b460c2,,2026-09-23T14:18:43.954Z,2026-09-24T07:37:34.551Z,
flywheel,rstop-e2c116c02f0cff662bf584b00eb6d9d4,fda68c0b-4ad8-4e0f-8e6d-2ac788b460c2,,2026-09-23T14:19:21.396Z,2026-09-24T07:37:34.551Z,
flywheel,rstop-026bca50d8c6f2f1ad56fc758fde223d,fda68c0b-4ad8-4e0f-8e6d-2ac788b460c2,,2026-09-23T14:19:42.529Z,2026-09-24T07:37:34.551Z,
flywheel,bd18dcd3-9406-4315-bfb2-4c9dd5993a23,ff4cd646-a214-4c5f-98cb-6020426b5d70,,2026-09-25T00:00:29.745Z,,2026-09-25T00:00:39.607Z
flywheel,168efb31-5497-4721-a165-eb6160d3f96b,ff4cd646-a214-4c5f-98cb-6020426b5d70,,2026-09-25T00:24:08.351Z,2026-09-25T05:14:22.629Z,
