request_id,execution_id,review_type,round,status,verdict,author_family,same_family_sanction,created_at,responded_at
f634d1ad-8e15-4625-9f47-da3f191383b9,2faaa88c-1476-4c84-8e93-bc1e5512cae5,design,1,done,CHANGES_REQUESTED,codex,0,2026-09-08 19:29:18,2026-09-08 19:42:16
d6e417cd-c685-4782-8d8b-5e23fee7ef03,231ab6f1-8864-42da-b4e3-5b18aee69115,code,1,failed,,codex,0,2026-09-08 19:30:03,
9ba71167-1600-49a8-bc88-f3676e892748,3e276d6b-ccec-4e94-b56d-e45f4c9f163c,design,1,done,CHANGES_REQUESTED,codex,0,2026-09-08 19:33:59,2026-09-08 19:47:23
f64d999a-4fbe-4fb8-b741-f7ec972069d8,fd0ef836-a1f2-4243-8f9a-3c25823369c5,design,1,done,CHANGES_REQUESTED,codex,0,2026-09-08 19:36:11,2026-09-08 19:47:06
0d724a1b-8874-4fb1-bd2f-c86f4f2fc6a2,1492b1f6-6642-4588-9ce5-bedd4fdec106,design,1,done,CHANGES_REQUESTED,codex,0,2026-09-08 19:38:27,2026-09-08 19:47:59
4a20c631-d4c4-4cf3-a082-4d0b8e09bb7e,231ab6f1-8864-42da-b4e3-5b18aee69115,code,2,done,CHANGES_REQUESTED,codex,0,2026-09-08 19:42:29,2026-09-08 19:54:39
e867bdd6-eb14-44dd-a526-447247b65989,2faaa88c-1476-4c84-8e93-bc1e5512cae5,design,2,done,APPROVED,codex,0,2026-09-08 19:48:04,2026-09-08 19:52:49
d96dc07e-5e1b-45a3-b219-c9a7c017471b,1492b1f6-6642-4588-9ce5-bedd4fdec106,design,2,done,APPROVED,codex,0,2026-09-08 19:52:56,2026-09-08 20:00:05
263bdc7f-b9d2-4d55-a9f8-c13dd2246fe3,fd0ef836-a1f2-4243-8f9a-3c25823369c5,design,2,done,CHANGES_REQUESTED,codex,0,2026-09-08 19:54:53,2026-09-08 19:59:44
59742f81-634b-439f-88a2-1d2da10b7227,3e276d6b-ccec-4e94-b56d-e45f4c9f163c,design,2,done,APPROVED,codex,0,2026-09-08 19:56:01,2026-09-08 20:01:21
d86f15f6-b245-44c6-88c7-8ea36da91541,9ba2e5e6-58f0-4dc8-9793-2ec1685358f6,code,1,done,CHANGES_REQUESTED,codex,0,2026-09-08 20:00:55,2026-09-08 20:14:36
27594b63-f73b-456c-8cc2-dee7d2ac6b1b,fd0ef836-a1f2-4243-8f9a-3c25823369c5,design,3,done,APPROVED,codex,0,2026-09-08 20:06:16,2026-09-08 20:10:14
f81251c4-181a-4a9c-9116-17520ef05833,9ba2e5e6-58f0-4dc8-9793-2ec1685358f6,code,2,done,APPROVED,codex,0,2026-09-08 20:17:32,2026-09-08 20:22:29
d069009b-c269-412a-8d2d-74da3ccc233e,11901374-e9b0-4583-aee0-3dd93ba5a5c7,code,1,done,APPROVED,codex,0,2026-09-08 20:40:16,2026-09-08 21:27:51
491694fd-6ac7-4c70-ba67-e600b1bb0607,fd0ef836-a1f2-4243-8f9a-3c25823369c5,code,1,done,APPROVED,codex,0,2026-09-08 21:22:53,2026-09-08 21:36:25
5c1069c4-1443-4885-aae3-9c0f1548355a,11901374-e9b0-4583-aee0-3dd93ba5a5c7,code,2,done,APPROVED,codex,0,2026-09-08 21:32:57,2026-09-08 21:35:24
d413f307-37f3-4a20-aaad-934ad2365978,401ada63-2186-4436-a643-f58f2c6170bb,code,1,failed,,codex,0,2026-09-08 21:49:36,
de5ffca9-3a35-4bc8-96aa-65b95a9b3270,401ada63-2186-4436-a643-f58f2c6170bb,code,2,failed,,codex,0,2026-09-08 21:54:10,
72fbc63d-df41-4789-b82d-e9e78215d5f3,401ada63-2186-4436-a643-f58f2c6170bb,code,3,failed,,codex,0,2026-09-08 21:54:29,
fcd53e44-6a72-4fbf-9e0d-5d4b6494a316,401ada63-2186-4436-a643-f58f2c6170bb,code,4,failed,,codex,0,2026-09-08 22:01:12,
654310ce-f0c7-46db-bca0-8708ba6ee74c,a76614e7-fbc9-4a93-8553-e9653be79384,code,1,done,APPROVED,codex,0,2026-09-08 22:03:35,2026-09-09 01:49:13
58aba27f-c88f-4a3d-a944-60874e87e2dc,401ada63-2186-4436-a643-f58f2c6170bb,code,5,done,APPROVED,codex,0,2026-09-08 22:22:09,2026-09-09 02:04:11
6e5702e7-fe30-42b7-85d9-cc051ba21154,81f20993-2fd1-429f-98b7-a126ae5a00f5,code,1,done,APPROVED,codex,0,2026-09-08 22:23:53,2026-09-09 02:06:22
ec850683-eed9-481a-ac17-4e1ba0e32692,9ba2e5e6-58f0-4dc8-9793-2ec1685358f6,code,3,done,CHANGES_REQUESTED,codex,0,2026-09-08 22:38:58,2026-09-09 02:08:45
ca7e9bc3-e6f4-4206-a601-710742238b8f,77e4a46a-b1e1-4587-acb3-130b230d6754,code,1,failed,,codex,0,2026-09-08 23:06:12,
e497d397-f1d5-4f49-9b29-52a2c4b957f5,77e4a46a-b1e1-4587-acb3-130b230d6754,code,2,failed,,codex,0,2026-09-08 23:17:09,
059e7f3e-a948-4026-aed5-479c4f04c37b,77e4a46a-b1e1-4587-acb3-130b230d6754,code,3,failed,,codex,0,2026-09-08 23:32:40,
595d096d-e93a-47e0-a78c-73d933c921bc,77e4a46a-b1e1-4587-acb3-130b230d6754,code,4,failed,,codex,0,2026-09-08 23:36:14,
a14c0f02-70c1-4c86-a589-87fee982c54e,77e4a46a-b1e1-4587-acb3-130b230d6754,code,5,failed,,codex,0,2026-09-08 23:39:08,
9718806c-3ebd-4c21-b286-ad05c35df2dd,77e4a46a-b1e1-4587-acb3-130b230d6754,code,6,done,APPROVED,codex,0,2026-09-08 23:52:17,2026-09-09 01:47:23
219b344e-6908-4d88-85bf-ebe9879e7353,db6e2cf5-d7df-4b87-9feb-2def287d71e0,code,1,done,CHANGES_REQUESTED,codex,0,2026-09-08 23:55:10,2026-09-09 02:00:52
bc54f76c-b366-4fb0-8e68-bbefcdbca9dd,36ba61ae-82c2-4b1f-8b28-b9e043a5eb87,code,1,failed,,codex,0,2026-09-09 00:09:29,
9ce07b84-e4bd-4d32-b034-2965ee41f184,36ba61ae-82c2-4b1f-8b28-b9e043a5eb87,code,2,done,CHANGES_REQUESTED,codex,0,2026-09-09 01:33:40,2026-09-09 01:41:30
23ede863-3eaf-4785-8fbf-33af39f0930b,36ba61ae-82c2-4b1f-8b28-b9e043a5eb87,code,3,done,CHANGES_REQUESTED,codex,0,2026-09-09 01:55:06,2026-09-09 01:58:55
0b91a679-dc53-4769-a2f4-5a4b9f71e33a,36ba61ae-82c2-4b1f-8b28-b9e043a5eb87,code,4,done,APPROVED,codex,0,2026-09-09 02:04:02,2026-09-09 02:07:10
cae05733-0686-4c2c-a6f5-431308c5c2cb,81f20993-2fd1-429f-98b7-a126ae5a00f5,code,2,done,APPROVED,codex,0,2026-09-09 02:10:43,2026-09-09 02:20:11
2f504436-91c3-4122-88a3-3bc0f3365d6a,40f66a02-5abb-49a4-88d9-7347f4621fb9,code,1,failed,,codex,0,2026-09-09 02:23:43,
aebe9262-5948-4eb3-8523-d71358d980d6,401ada63-2186-4436-a643-f58f2c6170bb,code,6,done,APPROVED,codex,0,2026-09-09 02:24:50,2026-09-09 02:27:24
9c97e336-e897-43e8-a8a5-6c123e00c8c4,401ada63-2186-4436-a643-f58f2c6170bb,code,7,done,APPROVED,codex,0,2026-09-09 02:32:19,2026-09-09 02:35:05
34c4d2da-f89c-4862-baf9-c1c1f7d4223b,40f66a02-5abb-49a4-88d9-7347f4621fb9,code,2,done,CHANGES_REQUESTED,codex,0,2026-09-09 02:38:43,2026-09-09 02:47:47
6a4b9a12-c7cc-4046-b11d-1957f3df3655,81f20993-2fd1-429f-98b7-a126ae5a00f5,code,3,done,APPROVED,codex,0,2026-09-09 02:39:47,2026-09-09 02:48:44
82ecb3f8-5811-403b-b99f-07d94ca55dd2,401ada63-2186-4436-a643-f58f2c6170bb,code,8,done,APPROVED,codex,0,2026-09-09 02:45:23,2026-09-09 02:48:22
c7249e40-7bbb-4de9-a11b-b6e018ededa3,9ba2e5e6-58f0-4dc8-9793-2ec1685358f6,code,4,done,APPROVED,codex,0,2026-09-09 03:04:03,2026-09-09 03:11:08
6b0f4011-88dd-44d7-9890-47124cf3ea76,db6e2cf5-d7df-4b87-9feb-2def287d71e0,code,2,done,APPROVED,codex,0,2026-09-09 03:12:20,2026-09-09 03:17:33
b8d80933-9ec5-452b-9853-737cd8bc638f,3f5910c6-1065-4fce-aed0-c687336852c4,design,1,done,CHANGES_REQUESTED,codex,0,2026-09-09 03:13:06,2026-09-09 03:25:16
a6d540b2-7732-4bd4-bc98-882a758673de,1ac67591-5852-45f4-8322-f2a26b913327,design,1,done,CHANGES_REQUESTED,codex,0,2026-09-09 03:22:55,2026-09-09 03:31:36
1ba3756a-df58-4385-a55a-928904678989,3f5910c6-1065-4fce-aed0-c687336852c4,design,2,done,CHANGES_REQUESTED,codex,0,2026-09-09 03:31:30,2026-09-09 03:36:17
9851a352-783a-4161-87ca-ca89ea90b0bf,1ac67591-5852-45f4-8322-f2a26b913327,design,2,done,CHANGES_REQUESTED,codex,0,2026-09-09 03:35:22,2026-09-09 03:41:20
fdf2d72e-3e3a-48bb-9e05-ab32add89496,3f5910c6-1065-4fce-aed0-c687336852c4,design,3,done,APPROVED,codex,0,2026-09-09 03:41:08,2026-09-09 03:43:36
33c78f8a-aba4-42d7-a70d-f53079416d77,1ac67591-5852-45f4-8322-f2a26b913327,design,3,done,APPROVED,codex,0,2026-09-09 03:50:54,2026-09-09 03:54:14
c42ad431-61c9-4f18-b2c8-0e0b5d7ab0b7,29f1903e-786a-48c0-bd30-57f4b901a9ab,code,1,done,CHANGES_REQUESTED,codex,0,2026-09-09 05:23:48,2026-09-09 05:39:24
0d1b2066-8072-4051-a1d0-0b9206e8a93c,db6e2cf5-d7df-4b87-9feb-2def287d71e0,code,3,done,CHANGES_REQUESTED,codex,0,2026-09-09 05:49:46,2026-09-09 05:57:27
2c450b65-5d31-4221-9810-791750bd4db6,24b5b758-21ec-494b-bab9-8d3eacb6a0b2,code,1,done,APPROVED,codex,0,2026-09-09 06:09:52,2026-09-09 06:23:25
a2f31c9e-94e3-41e2-8ffa-7cac707721fd,29f1903e-786a-48c0-bd30-57f4b901a9ab,code,2,done,APPROVED,codex,0,2026-09-09 06:17:55,2026-09-09 06:23:45
37692030-aef6-43ea-9c9d-18801f149a70,24b5b758-21ec-494b-bab9-8d3eacb6a0b2,code,2,done,APPROVED,codex,0,2026-09-09 06:36:17,2026-09-09 06:41:19
b8f89856-5699-4a76-801d-a56335ad3a78,db6e2cf5-d7df-4b87-9feb-2def287d71e0,code,4,done,APPROVED,codex,0,2026-09-09 06:40:53,2026-09-09 06:45:02
58753207-4e71-434a-9ea5-46b48b670a56,fbe30dd8-a18d-4dc5-a43e-f0f9b9a7edf7,code,1,failed,,codex,0,2026-09-09 06:55:47,
8bf418db-120a-4fe6-9958-ba3f92556d1a,fa058bbf-1eb2-4567-95f0-8af2416e13fc,code,1,done,CHANGES_REQUESTED,codex,0,2026-09-09 07:11:20,2026-09-09 07:29:30
67871260-3621-46d7-a3ca-c078ff9d9bbe,db57dc9c-a8ca-4e27-b0ce-750d35d8e6a0,code,1,done,CHANGES_REQUESTED,codex,0,2026-09-09 07:19:28,2026-09-09 07:34:52
1a64c3fa-05e2-48d7-ba45-2fd8c5edc9f9,b5ed7567-0ab3-41ec-a399-5c907ba54547,code,1,done,CHANGES_REQUESTED,codex,0,2026-09-09 07:32:29,2026-09-09 07:47:24
df4028ea-6cfd-40a1-8f54-d0b5a15323cc,868f9368-234f-4061-829d-5b8c8b73bfe6,code,1,done,CHANGES_REQUESTED,codex,0,2026-09-09 07:38:47,2026-09-09 07:50:12
fc9da29f-2bc5-40ca-84f0-58c0505e0367,210e409c-2c70-40f6-91e3-7b8c886158b3,code,1,done,APPROVED,codex,0,2026-09-09 07:57:20,2026-09-09 08:10:36
6841fb0b-cee4-4a0d-bda4-ebc613726290,9605b495-4105-4f32-8c3b-39749140db18,code,1,done,APPROVED,codex,0,2026-09-09 07:59:25,2026-09-09 08:13:04
5d86f251-3d58-4ead-88c2-954be9278539,b5ed7567-0ab3-41ec-a399-5c907ba54547,code,2,done,CHANGES_REQUESTED,codex,0,2026-09-09 08:05:06,2026-09-09 08:13:35
b63fc0cd-dfb2-40a0-8605-07f2b16c4818,db57dc9c-a8ca-4e27-b0ce-750d35d8e6a0,code,2,done,CHANGES_REQUESTED,codex,0,2026-09-09 08:13:38,2026-09-09 08:20:03
2e2332fc-16be-4679-b592-30e9cc748dc2,b5ed7567-0ab3-41ec-a399-5c907ba54547,code,3,done,CHANGES_REQUESTED,codex,0,2026-09-09 08:25:52,2026-09-09 08:30:55
97f756ad-4dd2-424c-935a-64d9fd20aeee,d60cff23-cf25-4dbf-b920-a278a4583e70,code,1,failed,,codex,0,2026-09-09 08:38:06,
a71d0cd7-b2a9-4f26-b3ca-f8867d2c2e5c,d60cff23-cf25-4dbf-b920-a278a4583e70,code,2,done,CHANGES_REQUESTED,codex,0,2026-09-09 08:54:15,2026-09-09 08:57:53
41be28e9-e23c-457a-825d-df3fad13c2fc,9605b495-4105-4f32-8c3b-39749140db18,code,2,failed,,codex,0,2026-09-09 08:58:33,
6c65cf1c-e89c-4b4f-8b2a-4c92b4abb106,b5ed7567-0ab3-41ec-a399-5c907ba54547,code,4,done,APPROVED,codex,0,2026-09-09 09:00:54,2026-09-09 09:05:56
ee92dd58-bff3-44ab-8371-3cc963f56f2f,6d67f20f-66e7-4a84-9a84-414e9cd23075,code,1,done,APPROVED,codex,0,2026-09-09 09:01:00,2026-09-09 09:13:55
a915efe9-2e5b-44db-95dd-8df0aaaa0565,9605b495-4105-4f32-8c3b-39749140db18,code,3,done,APPROVED,codex,0,2026-09-09 09:02:40,2026-09-09 09:04:57
bdf8d591-61c4-4e74-8af4-961d02ea13cc,db57dc9c-a8ca-4e27-b0ce-750d35d8e6a0,code,3,done,APPROVED,codex,0,2026-09-09 09:04:25,2026-09-09 09:09:36
b819697a-453f-48f0-a111-4c2c32875231,b5ed7567-0ab3-41ec-a399-5c907ba54547,code,5,done,APPROVED,codex,0,2026-09-09 09:12:22,2026-09-09 09:15:53
e42a2825-8b8e-4a48-8e31-54a16b3e39a0,6d67f20f-66e7-4a84-9a84-414e9cd23075,code,2,done,APPROVED,codex,0,2026-09-09 09:21:02,2026-09-09 09:23:21
a141e003-8817-4c7a-9989-b00118e8d24d,d60cff23-cf25-4dbf-b920-a278a4583e70,code,3,done,APPROVED,codex,0,2026-09-09 09:35:29,2026-09-09 09:40:28
31372192-4ead-41cc-a219-a954b952a556,b5ed7567-0ab3-41ec-a399-5c907ba54547,code,6,done,APPROVED,codex,0,2026-09-09 09:37:12,2026-09-09 09:52:20
464e8deb-5423-4448-8fd8-08d22b28cb01,b956bb43-56b4-442c-b1aa-3dac7f845f34,code,1,done,APPROVED,codex,0,2026-09-09 17:33:30,2026-09-09 17:51:54
08718c49-463f-4b08-9460-91c7d8b7a519,28e1710e-db7e-4709-89d1-b104567de879,design,1,done,CHANGES_REQUESTED,codex,0,2026-09-09 17:47:25,2026-09-09 17:57:09
537446a1-7049-4216-a773-c5c019ef03eb,28e1710e-db7e-4709-89d1-b104567de879,design,2,done,APPROVED,codex,0,2026-09-09 17:58:58,2026-09-09 18:04:42
41f05733-2133-4347-a054-5eb28be70608,b88f99d6-8abd-44d2-a269-aa2b99b13748,code,1,failed,,codex,0,2026-09-09 18:20:15,
f746c099-787b-4edf-b068-e92f7435274b,b88f99d6-8abd-44d2-a269-aa2b99b13748,code,1,done,CHANGES_REQUESTED,codex,0,2026-09-09 18:20:45,2026-09-09 18:39:16
77b8102d-1ef7-4f1a-8de6-7e0e40678bac,2f7f549f-0c56-4fea-8aa1-3bbe96a77b95,code,1,done,APPROVED,codex,0,2026-09-09 18:38:24,2026-09-09 18:53:36
8fbc375c-b4f2-40e5-a7c5-576746545811,9838f4d4-5920-443a-ab1f-48dcf6a56a96,code,1,done,APPROVED,codex,0,2026-09-09 18:42:16,2026-09-09 18:52:45
68c50c5e-b705-4a11-89f6-4c7a0bf240a6,81980043-c840-4ac0-8c6f-9e1292ca16bf,code,1,failed,,codex,0,2026-09-09 18:43:49,
706d9028-43a6-44e8-8834-dce9ae892c8e,28e1710e-db7e-4709-89d1-b104567de879,code,1,done,APPROVED,codex,0,2026-09-09 18:50:11,2026-09-09 18:58:24
79bcf1a8-5c0b-4fa6-a2bb-0f8d69f0f6b6,8e14ae65-a08d-4b72-bf69-52a271342f2c,design,1,done,CHANGES_REQUESTED,codex,0,2026-09-09 18:53:01,2026-09-09 19:15:08
1034de73-cc71-459e-a805-f8a35cb23269,b88f99d6-8abd-44d2-a269-aa2b99b13748,code,2,failed,,codex,0,2026-09-09 18:59:44,
86edb63f-6ac9-49b2-8589-ca00df9db2b3,e5bb3293-783c-4209-a3e5-f26b9b7cb424,code,1,done,CHANGES_REQUESTED,codex,0,2026-09-09 19:14:40,2026-09-09 19:26:41
53408572-5dfe-45a2-a6c6-f0c9e9dba71a,7559c4ca-bcb5-4dab-be65-1f8982622299,code,1,done,CHANGES_REQUESTED,codex,0,2026-09-09 19:16:19,2026-09-09 19:31:26
4c7be99b-2c05-455d-b173-e7674db5d760,8e14ae65-a08d-4b72-bf69-52a271342f2c,design,2,done,APPROVED,codex,0,2026-09-09 19:27:06,2026-09-09 19:32:35
0e832198-206c-4eb6-99fb-0e7d0c82da6a,e5bb3293-783c-4209-a3e5-f26b9b7cb424,code,2,done,APPROVED,codex,0,2026-09-09 19:42:08,2026-09-09 19:47:31
849db785-004a-4f8e-baf1-c764381d46cc,28e1710e-db7e-4709-89d1-b104567de879,code,2,done,APPROVED,codex,0,2026-09-09 19:45:36,2026-09-09 19:51:14
2aecf4e3-ade2-42e1-b118-53a49316214d,168d0348-94ee-4b69-8f01-6c609d1a58f3,code,1,done,APPROVED,codex,0,2026-09-09 19:47:58,2026-09-09 19:53:28
fd33a407-1782-4878-bdd1-ea31bca6fe2f,e5bb3293-783c-4209-a3e5-f26b9b7cb424,code,1,done,CHANGES_REQUESTED,codex,0,2026-09-09 19:48:55,2026-09-09 19:55:53
1bec58a2-54c4-48aa-b3f4-fb1c81990716,e5bb3293-783c-4209-a3e5-f26b9b7cb424,code,2,done,APPROVED,codex,0,2026-09-09 20:05:33,2026-09-09 20:10:28
6932fdab-60a3-44c3-b7ce-deea2e93acbd,2f7f549f-0c56-4fea-8aa1-3bbe96a77b95,code,2,done,APPROVED,codex,0,2026-09-09 20:06:18,2026-09-09 20:10:44
19960e16-c066-426e-ab1a-f891fb65adf9,7559c4ca-bcb5-4dab-be65-1f8982622299,code,2,done,APPROVED,codex,0,2026-09-09 20:09:42,2026-09-09 20:20:54
f5777f48-4add-43b2-9600-273b0fd2a06b,7559c4ca-bcb5-4dab-be65-1f8982622299,code,3,done,APPROVED,codex,0,2026-09-09 20:34:37,2026-09-09 20:49:54
c3f1a591-22bc-4245-8dab-7864c5094469,1646b695-3bdc-4693-8a94-662b1d9bd69f,code,1,done,APPROVED,codex,0,2026-09-09 20:35:50,2026-09-09 20:50:01
24984c74-3a88-40ee-af51-2d7e5af0c4eb,d768fdc3-3d87-488f-9dfc-6aeada24481f,code,1,done,CHANGES_REQUESTED,codex,0,2026-09-09 20:37:25,2026-09-09 20:55:02
608c4050-4a76-48cd-b4fa-25c52655a9a5,adccbe9c-1f0e-492d-80d1-3a51dccbf1f6,code,1,done,APPROVED,codex,0,2026-09-09 20:44:40,2026-09-09 20:54:49
406c5da4-9785-44a3-bf9a-40babc4b67cd,d768fdc3-3d87-488f-9dfc-6aeada24481f,code,2,done,APPROVED,codex,0,2026-09-09 21:16:02,2026-09-09 21:26:04
90eaa506-a62c-400a-9d2a-133acbbd08e4,3d34afcf-cd9b-4530-ab4e-8fd79fc55d2f,code,1,done,CHANGES_REQUESTED,codex,0,2026-09-09 21:21:21,2026-09-09 21:35:23
9bc0adf1-f538-45d1-8548-a40b8d439bde,3d34afcf-cd9b-4530-ab4e-8fd79fc55d2f,code,2,done,CHANGES_REQUESTED,codex,0,2026-09-09 21:46:42,2026-09-09 21:54:50
5cf16729-dd90-4441-87f8-e47063330a6b,3d34afcf-cd9b-4530-ab4e-8fd79fc55d2f,code,3,done,APPROVED,codex,0,2026-09-09 22:14:29,2026-09-09 22:23:13
5789754f-b112-4ea5-ae02-39eb0015f58b,b8acb46e-d3c0-4588-8e7c-d0c56a1d8de7,code,1,done,APPROVED,codex,0,2026-09-09 22:27:30,2026-09-09 22:39:45
ffcf60ef-3e13-4f74-afcc-6883af201140,3d34afcf-cd9b-4530-ab4e-8fd79fc55d2f,code,4,done,APPROVED,codex,0,2026-09-09 22:30:50,2026-09-09 22:41:54
aa6b0af8-017c-4e53-bd67-d7304310a8a2,c506f12d-160a-40b5-8bae-bb2a0083a5d3,code,1,done,APPROVED,codex,0,2026-09-09 22:31:46,2026-09-09 22:43:47
156db11b-69fa-49d4-887b-84fc471e9282,781c7085-b649-4622-8d9b-0535269432be,code,1,done,APPROVED,codex,0,2026-09-09 22:44:14,2026-09-09 23:07:39
4a03f876-129a-454f-9d9e-7a2b7f8ef84a,781c7085-b649-4622-8d9b-0535269432be,code,2,done,APPROVED,codex,0,2026-09-09 23:41:55,2026-09-09 23:51:50
598e8c11-2f63-42f7-a848-c54ace10e3ab,cbcce2ec-6e82-473a-833f-399511e54264,code,1,done,CHANGES_REQUESTED,codex,0,2026-09-09 23:56:05,2026-09-10 00:11:25
604cdfd1-878d-4f9a-9506-80729cca1c1c,8cc1dc23-1659-4de1-9fa3-4682cdcdc998,code,1,done,CHANGES_REQUESTED,codex,0,2026-09-10 00:29:53,2026-09-10 00:45:00
a2828194-07df-43e7-b29e-69609d0b7029,cbcce2ec-6e82-473a-833f-399511e54264,code,2,done,APPROVED,codex,0,2026-09-10 00:38:15,2026-09-10 00:44:11
db271869-134f-4cf7-8888-2104e3e61df7,8cc1dc23-1659-4de1-9fa3-4682cdcdc998,code,2,done,CHANGES_REQUESTED,codex,0,2026-09-10 01:16:29,2026-09-10 01:26:49
4ad28576-a411-4e1c-b08e-67cee49863b6,8cc1dc23-1659-4de1-9fa3-4682cdcdc998,code,3,done,APPROVED,codex,0,2026-09-10 01:28:32,2026-09-10 01:34:18
3cb33a4b-bdeb-4128-bd81-878eec964634,fdb333fb-c9ba-46f2-9a3c-202494b3f983,design,1,done,APPROVED,codex,0,2026-09-10 01:41:11,2026-09-10 01:52:46
efe604e6-2a8e-49fe-922b-383f9f8921d7,781c7085-b649-4622-8d9b-0535269432be,code,3,done,APPROVED,codex,0,2026-09-10 02:22:48,2026-09-10 02:35:07
e101c223-07d3-45c7-9d89-29df44a5c696,085882bc-a8b2-4c6e-b06d-ee2986f51613,code,1,done,APPROVED,codex,0,2026-09-10 02:43:14,2026-09-10 03:02:13
9f69faf3-07aa-4046-8d23-bbe4ba740493,cea03559-25f6-469d-8aa3-f579bbe30429,design,1,done,CHANGES_REQUESTED,codex,0,2026-09-10 03:47:36,2026-09-10 03:56:57
d0ee3248-f8e2-4c81-82f8-67a7e737cc2e,cea03559-25f6-469d-8aa3-f579bbe30429,design,2,done,CHANGES_REQUESTED,codex,0,2026-09-10 04:02:53,2026-09-10 04:06:34
5d267e49-78e6-4eff-a3d8-3e00e01f0310,cea03559-25f6-469d-8aa3-f579bbe30429,design,3,done,APPROVED,codex,0,2026-09-10 04:12:33,2026-09-10 04:15:29
1517113b-aa8a-47ae-b196-a5579da154c7,f592a513-c2a9-4e8c-858b-ce236a93958e,code,1,done,APPROVED,codex,0,2026-09-10 05:02:29,2026-09-10 05:14:50
f40d1d08-c88d-4e53-891b-7afdb2b061d7,9e620c82-0507-4953-a434-476a4d978f78,design,1,done,CHANGES_REQUESTED,codex,0,2026-09-10 05:03:01,2026-09-10 05:16:31
b66518da-d055-4d10-895e-294e6e4aabda,66d71839-e774-411a-896e-1e68b493e42e,code,1,done,CHANGES_REQUESTED,codex,0,2026-09-10 05:05:39,2026-09-10 05:22:16
d5063c62-102b-4d2f-b378-6e0a9e593791,8cade830-9c1b-418e-8556-4a900d31514c,design,1,done,CHANGES_REQUESTED,codex,0,2026-09-10 05:06:50,2026-09-10 05:16:26
6a6d9c11-18bd-4eb4-97e2-5f5dfd681c9a,9e620c82-0507-4953-a434-476a4d978f78,design,2,done,APPROVED,codex,0,2026-09-10 05:21:10,2026-09-10 05:26:34
e172fabe-61e0-440a-ba1c-6c5158fbed9d,8cade830-9c1b-418e-8556-4a900d31514c,design,2,done,APPROVED,codex,0,2026-09-10 05:23:04,2026-09-10 05:26:42
61f1e5b7-9d40-4426-b9e3-c4784fb50b85,cea03559-25f6-469d-8aa3-f579bbe30429,code,1,done,CHANGES_REQUESTED,codex,0,2026-09-10 05:25:39,2026-09-10 05:48:26
8b2d8942-505b-427f-9d16-5078bc3bf48b,9e620c82-0507-4953-a434-476a4d978f78,design,3,done,APPROVED,codex,0,2026-09-10 05:30:13,2026-09-10 05:32:56
0739ff13-017d-47f4-aca1-c45437d73a42,66d71839-e774-411a-896e-1e68b493e42e,code,2,done,APPROVED,codex,0,2026-09-10 05:37:16,2026-09-10 05:41:46
378ae9e4-5e7e-4160-8e11-2332862d8e84,7d9c1ac5-36cc-46aa-9e72-50c3c6156260,design,1,done,APPROVED,codex,0,2026-09-10 05:42:07,2026-09-10 05:55:22
690c5693-f88b-40db-ad38-31e853736862,cea03559-25f6-469d-8aa3-f579bbe30429,code,2,done,APPROVED,codex,0,2026-09-10 06:12:05,2026-09-10 06:20:33
fcd9f469-9a1e-44c9-b0f4-53024d6241d4,c3d33b57-4106-4824-ac6e-5c140dfa4885,code,1,done,APPROVED,codex,0,2026-09-10 06:20:13,2026-09-10 06:31:47
03f83e5b-cc3d-4b54-8f98-d0d04d24096f,d96e61ab-9a15-47ad-8b8c-106a76f9a6c6,code,1,done,APPROVED,codex,0,2026-09-10 06:29:27,2026-09-10 06:46:43
1272ff8a-fac9-42f7-8d92-c3d1afc575e7,cea03559-25f6-469d-8aa3-f579bbe30429,code,3,done,APPROVED,codex,0,2026-09-10 06:33:14,2026-09-10 06:36:59
eae038ab-3ecf-46b8-b3d9-aa38b37ec5dd,51bee062-8288-40fb-ba56-1ebe6bd1382f,code,1,done,APPROVED,codex,0,2026-09-10 06:41:09,2026-09-10 06:55:08
99eef490-5eb4-4bc2-a463-7edeadead4cb,d96e61ab-9a15-47ad-8b8c-106a76f9a6c6,code,2,done,APPROVED,codex,0,2026-09-10 06:52:53,2026-09-10 06:58:05
20393d6a-d4f9-4557-a988-f5db3f3efb24,76269505-fcf6-444e-84b5-6cdf076252cb,code,1,done,APPROVED,codex,0,2026-09-10 07:07:07,2026-09-10 07:30:39
b522f336-3988-4064-98fc-b09e99229aab,c0694503-1f85-425c-83ae-d37d3552c806,code,1,done,APPROVED,codex,0,2026-09-10 08:19:11,2026-09-10 08:32:01
38e868bd-9bb2-41c0-9079-327416c37426,054db913-0874-4f0f-9539-40c933e162b6,code,1,done,CHANGES_REQUESTED,codex,0,2026-09-10 09:03:35,2026-09-10 09:21:03
56159ae2-ab06-4e51-8aec-88cffe213c20,62fd4a33-b152-4852-be4f-aa9ba03088b9,code,1,done,CHANGES_REQUESTED,codex,0,2026-09-10 09:38:55,2026-09-10 09:51:10
96ad07ad-b5e3-4dbd-96fa-a0b8fc1b6fb0,62fd4a33-b152-4852-be4f-aa9ba03088b9,code,2,done,APPROVED,codex,0,2026-09-10 10:01:06,2026-09-10 10:08:24
1ad3ea50-b38d-441d-91e8-434ed94e6132,62fd4a33-b152-4852-be4f-aa9ba03088b9,code,3,done,APPROVED,codex,0,2026-09-10 10:11:40,2026-09-10 10:16:12
a3212141-6778-4b4b-864d-a6bee74feae1,0e19dbd5-cf3d-48d7-94a8-0c71d7cfb254,code,1,done,CHANGES_REQUESTED,codex,0,2026-09-10 10:45:51,2026-09-10 10:56:39
25c8e665-2dfa-4179-afdc-7b78f2e41dd1,62fd4a33-b152-4852-be4f-aa9ba03088b9,code,4,done,CHANGES_REQUESTED,codex,0,2026-09-10 10:48:01,2026-09-10 10:53:17
b39f11ea-9793-4b80-8d13-fadf73dcaf26,62fd4a33-b152-4852-be4f-aa9ba03088b9,code,5,done,APPROVED,codex,0,2026-09-10 10:59:42,2026-09-10 11:04:43
d2650dac-b052-4443-b846-88b226261ec6,0e19dbd5-cf3d-48d7-94a8-0c71d7cfb254,code,2,done,APPROVED,codex,0,2026-09-10 11:00:56,2026-09-10 11:03:22
ea88cc5a-baa4-4459-bccc-9131175416dd,914a44d6-6b29-4384-bcc4-5bb371bef23d,code,1,done,APPROVED,codex,0,2026-09-10 12:11:58,2026-09-10 12:22:48
7cdb5891-ad33-4447-97da-c325a886a02e,18f486ce-206e-4737-b849-194ed43d441f,code,1,done,APPROVED,codex,0,2026-09-10 12:13:35,2026-09-10 12:25:44
95681a3b-a515-4863-9a83-044782edfb3d,fee1e17d-bf71-4b46-aba4-1491610adb76,code,1,done,CHANGES_REQUESTED,codex,0,2026-09-10 13:11:20,2026-09-10 13:28:15
5dd53e47-f510-427e-9beb-3094bc797b53,fee1e17d-bf71-4b46-aba4-1491610adb76,code,2,done,CHANGES_REQUESTED,codex,0,2026-09-10 13:44:18,2026-09-10 13:52:11
73154d29-e693-4cda-adaa-8f10f96f3c57,fee1e17d-bf71-4b46-aba4-1491610adb76,code,3,done,APPROVED,codex,0,2026-09-10 13:58:23,2026-09-10 14:01:44
21555cf4-cca3-4b5c-8c42-8195a2a01a92,4b976344-2061-475f-a970-e18e9c3bbf7e,code,1,done,CHANGES_REQUESTED,codex,0,2026-09-10 18:23:02,2026-09-10 18:33:58
a069b733-d2e1-46ed-8565-1be17e0b511e,4b976344-2061-475f-a970-e18e9c3bbf7e,code,2,done,APPROVED,codex,0,2026-09-10 18:39:49,2026-09-10 18:46:06
f1b51b7c-42f9-4a72-9092-78d33551ea05,32e42494-3606-4ab5-98cf-15e91b5b7fe2,code,1,done,APPROVED,codex,0,2026-09-10 19:46:49,2026-09-10 19:59:13
fe081049-1988-40b6-9f68-bf026d8e344c,63b9ede3-70a8-44c4-9f36-68a5a1a31caf,code,1,done,APPROVED,codex,0,2026-09-10 22:25:27,2026-09-10 22:42:05
d92c23c3-8735-4387-aeeb-394848fdf232,353a4e26-d1a5-4014-a45e-e86af1b71833,code,1,done,APPROVED,codex,0,2026-09-10 22:29:05,2026-09-10 22:40:02
dcd8c6c0-180e-4dcc-a340-e820c47e2f22,958bf78b-6e94-43a4-8626-1f74a6b03f91,code,1,done,CHANGES_REQUESTED,codex,0,2026-09-10 23:41:10,2026-09-10 23:59:38
a2d35a3f-6f80-4d03-85a6-4c7e38c9b245,958bf78b-6e94-43a4-8626-1f74a6b03f91,code,2,done,APPROVED,codex,0,2026-09-11 00:04:10,2026-09-11 00:07:35
89615cf9-2155-491f-a696-b73af4b00e92,57b4aeec-e46c-4090-86b7-74f6e4176590,design,1,done,CHANGES_REQUESTED,codex,0,2026-09-11 00:29:17,2026-09-11 00:43:45
20bb10b3-2aec-4647-8f24-4be32d733de8,57b4aeec-e46c-4090-86b7-74f6e4176590,design,2,done,CHANGES_REQUESTED,codex,0,2026-09-11 00:52:14,2026-09-11 00:58:14
81a5ee8e-3dd7-4231-9504-5aed3e0173e2,57b4aeec-e46c-4090-86b7-74f6e4176590,design,3,done,APPROVED,codex,0,2026-09-11 01:05:28,2026-09-11 01:09:34
04bcddcc-23e9-4edb-87d7-443635b35b24,a6d41085-b015-4945-8cc3-0f54ee6b7148,design,1,done,CHANGES_REQUESTED,codex,0,2026-09-11 01:46:34,2026-09-11 01:55:39
56d8b28c-a894-41da-830a-7625e113a467,5dfaef7d-739c-46fa-bb21-2ef518f134e2,design,1,done,APPROVED,codex,0,2026-09-11 01:47:00,2026-09-11 01:53:43
2d7bd4e2-36b4-42fa-818f-25f83b28b6ef,11496e33-a3f5-4ed0-8058-69196a209280,design,1,done,CHANGES_REQUESTED,codex,0,2026-09-11 01:49:29,2026-09-11 02:00:52
17ce1582-355b-45bd-b820-20756f4b0592,5b4fbd44-2dfe-4073-b7e8-f1fc501fea8f,design,1,done,CHANGES_REQUESTED,codex,0,2026-09-11 01:53:53,2026-09-11 02:05:00
7e0c42e7-b584-4134-92b3-02e6e88ca83e,a6d41085-b015-4945-8cc3-0f54ee6b7148,design,2,done,CHANGES_REQUESTED,codex,0,2026-09-11 01:57:55,2026-09-11 02:04:05
156fa55c-7365-4730-add9-0887607351d6,9e7f71d7-349b-42c8-bef1-9d2761a59c18,design,1,done,CHANGES_REQUESTED,codex,0,2026-09-11 01:58:15,2026-09-11 02:10:17
99cc923e-15af-49c6-b5bf-36efff2f593a,f073a538-f52a-41fe-9707-5a33fc4db167,design,1,done,CHANGES_REQUESTED,codex,0,2026-09-11 02:02:36,2026-09-11 02:17:00
098a7a65-8787-45cc-afdf-172aaae3ff78,11496e33-a3f5-4ed0-8058-69196a209280,design,2,done,APPROVED,codex,0,2026-09-11 02:03:00,2026-09-11 02:09:46
70f91fb4-2364-481c-a8a6-1b670e1aefba,a6d41085-b015-4945-8cc3-0f54ee6b7148,design,3,done,APPROVED,codex,0,2026-09-11 02:05:53,2026-09-11 02:08:35
f601ef68-271a-4ee1-8ce2-2ab132966329,5dfaef7d-739c-46fa-bb21-2ef518f134e2,code,1,done,APPROVED,codex,0,2026-09-11 02:09:55,2026-09-11 02:17:03
c86e61ee-5f4e-4257-a770-2e05edd49f23,11496e33-a3f5-4ed0-8058-69196a209280,design,3,done,CHANGES_REQUESTED,codex,0,2026-09-11 02:11:00,2026-09-11 02:17:02
97975305-bb76-435c-b0bb-100dd0484728,5b4fbd44-2dfe-4073-b7e8-f1fc501fea8f,design,2,done,APPROVED,codex,0,2026-09-11 02:12:44,2026-09-11 02:18:44
cd1accb0-b633-4867-be9c-cab0918b2e9a,9e7f71d7-349b-42c8-bef1-9d2761a59c18,design,2,done,APPROVED,codex,0,2026-09-11 02:18:13,2026-09-11 02:23:06
c242aa9a-3dc8-457d-8653-35ce61035056,f073a538-f52a-41fe-9707-5a33fc4db167,design,2,done,APPROVED,codex,0,2026-09-11 02:23:07,2026-09-11 02:27:56
9963f8a1-5047-467b-9722-be23fc9e3780,a6d41085-b015-4945-8cc3-0f54ee6b7148,code,1,done,APPROVED,codex,0,2026-09-11 02:35:18,2026-09-11 02:43:38
33b68b06-732a-4496-bf86-d3747a26fb57,43e9f960-4469-420b-b0aa-189a62ea7903,code,1,done,CHANGES_REQUESTED,codex,0,2026-09-11 02:44:09,2026-09-11 02:57:32
16ec6c83-68b7-460e-9100-6aba67b1b0f0,43e9f960-4469-420b-b0aa-189a62ea7903,code,2,done,APPROVED,codex,0,2026-09-11 03:02:41,2026-09-11 03:08:20
f9b08a94-8d0b-4899-8950-2f1aff004cb4,b154084d-1995-44ff-8bd7-d0ba6ef872ff,code,1,failed,,codex,0,2026-09-11 03:45:00,
426a4f76-27b8-414e-912c-63cd0c5f8ca3,b154084d-1995-44ff-8bd7-d0ba6ef872ff,code,2,done,CHANGES_REQUESTED,codex,0,2026-09-11 04:02:05,2026-09-11 04:07:19
2e5a479f-5cda-4da0-b990-3c444db905f8,b154084d-1995-44ff-8bd7-d0ba6ef872ff,code,3,done,CHANGES_REQUESTED,codex,0,2026-09-11 04:11:24,2026-09-11 04:15:54
726a76af-0a58-49b2-8ca9-7fdb368ebb9b,b154084d-1995-44ff-8bd7-d0ba6ef872ff,code,4,done,APPROVED,codex,0,2026-09-11 04:23:47,2026-09-11 04:27:43
529b448d-e31e-44b5-b31b-9ab9d90a8497,95c8eb87-1b28-4f50-a1fe-223fa76bd9d7,code,1,done,CHANGES_REQUESTED,codex,0,2026-09-11 04:57:42,2026-09-11 05:10:52
f87d4651-eda2-41f3-8043-6a4b006f514f,95c8eb87-1b28-4f50-a1fe-223fa76bd9d7,code,2,done,APPROVED,codex,0,2026-09-11 05:24:37,2026-09-11 05:31:39
acdc46f4-383f-4580-b706-8cd9c96c473e,95c8eb87-1b28-4f50-a1fe-223fa76bd9d7,code,3,failed,,codex,0,2026-09-11 05:45:05,
b2cabda2-8853-48f4-905a-cf948fdcf168,95c8eb87-1b28-4f50-a1fe-223fa76bd9d7,code,4,done,APPROVED,codex,0,2026-09-11 05:50:29,2026-09-11 05:56:27
97645898-7c21-477c-9700-ac568e2ab27b,5faad1ad-51fd-4d68-b291-dd1ecae984c5,design,1,done,CHANGES_REQUESTED,codex,0,2026-09-11 05:57:33,2026-09-11 06:04:54
3dc14fc3-cf84-4f4e-8b9f-ea62675c970b,7e239079-df22-402b-81e9-8f10086e81a6,design,1,done,APPROVED,codex,0,2026-09-11 06:03:19,2026-09-11 06:08:40
b7fbb1d4-2b39-4f12-88d9-5fb2d7b73b99,95c8eb87-1b28-4f50-a1fe-223fa76bd9d7,code,5,done,APPROVED,codex,0,2026-09-11 06:03:46,2026-09-11 06:06:42
0a7da0e2-8f69-4aae-959b-ceb84e944b1c,5faad1ad-51fd-4d68-b291-dd1ecae984c5,design,2,done,APPROVED,codex,0,2026-09-11 06:06:11,2026-09-11 06:09:55
35bc886a-c842-42a0-aaf8-2431d1a302da,95c8eb87-1b28-4f50-a1fe-223fa76bd9d7,code,6,done,APPROVED,codex,0,2026-09-11 06:10:37,2026-09-11 06:18:46
d6dad7fa-6b00-4a0c-8ef2-0ff2e808abbd,7e239079-df22-402b-81e9-8f10086e81a6,code,1,done,APPROVED,codex,0,2026-09-11 06:14:00,2026-09-11 06:23:21
e93948c8-17e1-418a-8769-9bf155ff2096,5faad1ad-51fd-4d68-b291-dd1ecae984c5,code,1,done,APPROVED,codex,0,2026-09-11 06:22:41,2026-09-11 06:41:55
598da911-f14b-418b-b993-19a27393e162,1d8888ad-6075-4a8a-a9f1-31597bd2930e,code,1,done,APPROVED,codex,0,2026-09-11 07:06:21,2026-09-11 07:19:23
deb99705-4c84-4b04-832b-d912dd4c62f3,ab8c8dc2-d6f0-4413-b54b-78d3efadb614,code,1,done,CHANGES_REQUESTED,codex,0,2026-09-11 07:18:27,2026-09-11 07:37:35
252423f8-2721-44ba-b4c0-fefca1fa588a,0649716e-d5ff-4942-8dc1-f3ae3c244061,code,1,done,CHANGES_REQUESTED,codex,0,2026-09-11 07:28:14,2026-09-11 07:42:35
600dff02-4c2b-47b5-89bf-5c590392c1a9,0649716e-d5ff-4942-8dc1-f3ae3c244061,code,2,done,APPROVED,codex,0,2026-09-11 07:46:54,2026-09-11 07:50:20
603f5123-5208-4a2d-9696-2dab31d1ef28,7d86fff1-5fe0-460e-8ddf-906871349c7e,code,1,done,APPROVED,codex,0,2026-09-11 07:54:47,2026-09-11 08:09:14
8dcea79c-6ccf-47a6-934b-8ab254647430,7d86fff1-5fe0-460e-8ddf-906871349c7e,code,2,done,APPROVED,codex,0,2026-09-11 08:34:06,2026-09-11 08:40:30
d5cc3e19-b88b-4c2f-816b-1ba270e2987c,22bfaf60-bdae-470c-8f88-35554d041bbc,code,1,failed,,codex,0,2026-09-11 08:46:11,
2ceae247-844e-490b-8328-cbc643247f0b,22bfaf60-bdae-470c-8f88-35554d041bbc,code,1,done,CHANGES_REQUESTED,codex,0,2026-09-11 08:46:12,2026-09-11 08:52:57
ff806721-b492-4fc9-bb6d-69cb0a592eef,22bfaf60-bdae-470c-8f88-35554d041bbc,code,2,done,APPROVED,codex,0,2026-09-11 09:03:01,2026-09-11 09:04:45
819f2fec-ae2e-4e76-be38-18472cae7bd8,22bfaf60-bdae-470c-8f88-35554d041bbc,code,2,done,CHANGES_REQUESTED,codex,0,2026-09-11 09:08:33,2026-09-11 09:25:47
30a4156d-09c6-464e-8348-756b9bcccb4b,22bfaf60-bdae-470c-8f88-35554d041bbc,code,3,done,CHANGES_REQUESTED,codex,0,2026-09-11 09:34:44,2026-09-11 09:40:47
2a69e2a4-dc57-4fe2-a4d2-0588a6ad1434,22bfaf60-bdae-470c-8f88-35554d041bbc,code,4,done,CHANGES_REQUESTED,codex,0,2026-09-11 09:50:27,2026-09-11 09:56:54
cc493749-01d8-48ca-ad88-d0d4dbb24f0e,22bfaf60-bdae-470c-8f88-35554d041bbc,code,5,done,APPROVED,codex,0,2026-09-11 10:03:52,2026-09-11 10:06:52
d66e7da3-04cc-4456-b785-0ddaca27fa42,941c997c-f266-4b1a-a739-4bfd3184eb1f,code,1,failed,,codex,0,2026-09-11 10:08:49,
3b4b7a15-650b-4784-82ea-fecc4024d189,cacc1cb4-bc53-425f-a416-99c6527f982a,code,1,done,CHANGES_REQUESTED,codex,0,2026-09-11 10:22:55,2026-09-11 10:36:13
074ec32e-0a60-48eb-8ddf-c7be2025f235,cacc1cb4-bc53-425f-a416-99c6527f982a,code,2,done,APPROVED,codex,0,2026-09-11 10:44:17,2026-09-11 10:49:38
404a2665-15b2-4fe8-982c-abfa9c80f45e,cacc1cb4-bc53-425f-a416-99c6527f982a,code,3,done,APPROVED,codex,0,2026-09-11 11:01:56,2026-09-11 11:05:09
48c3acb0-e5dc-4813-9e51-2077d379e17e,cacc1cb4-bc53-425f-a416-99c6527f982a,code,4,done,APPROVED,codex,0,2026-09-11 11:30:26,2026-09-11 11:34:59
28affe11-9424-468c-8d2f-64b9ae9c31a8,663668f4-c323-4d10-84af-a6eef3e94edf,code,1,done,APPROVED,codex,0,2026-09-11 11:31:51,2026-09-11 11:49:11
69d44b4e-99c8-4beb-aa4a-4a8cb57c36a2,fa007b05-e9b6-47f4-9c37-807a7fa69c80,code,1,failed,,codex,0,2026-09-11 11:54:43,
e77881e0-3617-406e-b8f8-a8a9e2e42e88,fa007b05-e9b6-47f4-9c37-807a7fa69c80,code,2,done,CHANGES_REQUESTED,codex,0,2026-09-11 12:05:32,2026-09-11 12:12:01
873bf736-3dc4-492b-8330-fca094aecec3,fa007b05-e9b6-47f4-9c37-807a7fa69c80,code,3,done,APPROVED,codex,0,2026-09-11 12:19:53,2026-09-11 12:25:20
171df6f0-98ec-4bec-9729-6dd1c1ae6e91,eae6b863-4eb6-42a2-91f5-c5a680638a1a,code,1,done,CHANGES_REQUESTED,codex,0,2026-09-11 13:45:56,2026-09-11 14:05:42
22235c04-1af4-4376-9d9f-1cf126dcdf39,eae6b863-4eb6-42a2-91f5-c5a680638a1a,code,2,done,APPROVED,codex,0,2026-09-11 14:12:34,2026-09-11 14:37:46
1930a3a6-80d3-4724-8c47-e6b29f7c6abb,eae6b863-4eb6-42a2-91f5-c5a680638a1a,code,3,done,APPROVED,codex,0,2026-09-11 15:12:20,2026-09-11 15:20:59
8f6cb042-1567-4256-8c25-9a40b369186d,b46346ed-6cd7-483a-8a07-be14e4c70340,code,1,done,APPROVED,codex,0,2026-09-11 17:53:25,2026-09-11 18:08:46
69325384-2fe5-4824-b66b-ca141036c6ed,08f426f9-3609-4ea2-a72d-3ea8047aec58,code,1,done,CHANGES_REQUESTED,codex,0,2026-09-11 17:59:42,2026-09-11 18:13:36
88a8aad0-5834-4fe6-bfb1-588994a910cf,116c8a8c-ce23-495a-b793-a4dc936ffd4f,design,1,done,CHANGES_REQUESTED,codex,0,2026-09-11 18:01:38,2026-09-11 18:10:09
2628e8ed-1f6f-4011-9e94-57749d8dc372,73355249-8496-4730-917e-8dfed5b47387,design,1,done,APPROVED,codex,0,2026-09-11 18:07:35,2026-09-11 18:18:14
0c9ccb18-2e89-4436-9a05-a8bf64939620,116c8a8c-ce23-495a-b793-a4dc936ffd4f,design,2,done,CHANGES_REQUESTED,codex,0,2026-09-11 18:13:26,2026-09-11 18:19:00
ec9a1c03-0476-4fc4-9282-2d91a77593cd,547eabfc-2083-4d26-a629-29cbc748ae95,design,1,done,CHANGES_REQUESTED,codex,0,2026-09-11 19:06:20,2026-09-11 19:16:59
32b8558e-104f-4562-ba71-46c0728c3b8e,0c9d626c-0633-45e1-bf2c-b130137a8504,code,1,done,CHANGES_REQUESTED,codex,0,2026-09-11 19:29:19,2026-09-11 19:44:29
fdfaee69-7b55-433a-b773-ea86eae4c511,a3798de4-31b4-4764-89f0-56b74f62c73c,design,1,done,APPROVED,codex,0,2026-09-11 19:32:32,2026-09-11 19:43:22
34324a31-9ad8-4c1a-b947-820e9e614abb,5ff97d5d-5839-4541-b978-4dfc6daaa3cb,code,1,failed,,codex,0,2026-09-11 19:37:15,
4b519b2e-193b-48fc-846d-1ad85d9e1ddf,e12f70d8-d594-46c7-af0e-70818e605d75,code,1,done,CHANGES_REQUESTED,codex,0,2026-09-11 19:38:31,2026-09-11 19:47:36
e9c1741b-f13e-48e0-a589-2a9921285426,0c9d626c-0633-45e1-bf2c-b130137a8504,code,2,done,APPROVED,codex,0,2026-09-11 19:49:36,2026-09-11 19:55:55
3c1df451-38c2-4eb0-a08e-47ed9669d6ee,e12f70d8-d594-46c7-af0e-70818e605d75,code,2,done,APPROVED,codex,0,2026-09-11 19:50:56,2026-09-11 19:55:52
42aefe6c-2fa8-485d-a109-5e6c58694549,5ff97d5d-5839-4541-b978-4dfc6daaa3cb,code,2,done,CHANGES_REQUESTED,codex,0,2026-09-11 19:53:32,2026-09-11 19:58:01
f17b5c75-f934-4dca-ba0c-67e39789d71f,a3798de4-31b4-4764-89f0-56b74f62c73c,code,1,done,APPROVED,codex,0,2026-09-11 19:59:18,2026-09-11 20:10:35
74c472ff-1411-48f1-98ce-41d2094a6273,c5169833-2016-4f69-8a65-464ed42caad0,code,1,done,CHANGES_REQUESTED,codex,0,2026-09-11 20:04:06,2026-09-11 20:27:58
20c0d1c0-5e9b-4fef-aef9-f9be78f1dbe6,ede9f695-4a50-4dd6-85c1-039e3e4cf85b,code,1,done,CHANGES_REQUESTED,codex,0,2026-09-11 20:36:34,2026-09-11 20:51:42
3eb3a355-3d4c-4a14-b44d-5877243f8369,27359e2d-5c6e-48ee-9ff5-c73d5f5bb11f,code,1,done,APPROVED,codex,0,2026-09-11 20:37:35,2026-09-11 20:52:48
adeedf33-3ad0-4c74-925b-d95c69957ae2,dc5d3e71-2c14-4edb-b1a4-cd20f1babe10,code,1,done,CHANGES_REQUESTED,codex,0,2026-09-11 20:40:53,2026-09-11 20:54:36
e3451426-a2ca-4f56-931c-90861ac55650,c5169833-2016-4f69-8a65-464ed42caad0,code,2,done,APPROVED,codex,0,2026-09-11 20:50:18,2026-09-11 20:56:26
cbc7a1c8-5f30-495f-a05b-54dce60bea66,ede9f695-4a50-4dd6-85c1-039e3e4cf85b,code,2,done,APPROVED,codex,0,2026-09-11 20:53:51,2026-09-11 20:58:46
44e7ef2b-8a56-4e3e-91fa-ad1d99e29a29,dc5d3e71-2c14-4edb-b1a4-cd20f1babe10,code,2,done,APPROVED,codex,0,2026-09-11 21:00:09,2026-09-11 21:05:12
cb1b6d24-c3d1-43a7-9254-b7cbaa3a588f,a70103de-89c4-4d2b-9d5d-c110e826477a,code,1,done,APPROVED,codex,0,2026-09-11 21:32:44,2026-09-11 21:49:25
d0c8a09a-e74a-4b02-996d-6998cb391f03,a70103de-89c4-4d2b-9d5d-c110e826477a,code,2,done,APPROVED,codex,0,2026-09-11 22:05:55,2026-09-11 22:29:05
5b006da0-4264-4e44-9b34-284e5f75dc0c,21f3edef-b9c5-45b4-8434-be0486566221,code,1,done,APPROVED,codex,0,2026-09-11 23:57:23,2026-09-12 00:08:36
155887a4-cddc-4e3c-b64d-108ccc2782bf,7e389387-5f27-4020-9f1b-fd2a3574095d,code,1,done,CHANGES_REQUESTED,codex,0,2026-09-12 17:57:47,2026-09-12 18:11:11
951747ce-7406-47b8-9dbb-7724d358fab8,7e389387-5f27-4020-9f1b-fd2a3574095d,code,2,done,APPROVED,codex,0,2026-09-12 18:16:42,2026-09-12 18:19:27
9f041768-47ff-48f7-8aae-e49ece507d89,cd5ac76c-14d9-46c6-881f-ca89d931a3dc,code,1,done,APPROVED,codex,0,2026-09-12 20:44:16,2026-09-12 20:54:54
72adf145-e359-4956-8035-7298641e4de2,60853b9b-8254-4565-abbc-fd36de5388c5,code,1,done,APPROVED,codex,0,2026-09-13 22:24:07,2026-09-13 22:32:33
8121e479-9b85-4f22-bb44-59b7141a3e33,46d62e41-97e1-4a1c-bdd3-418a0e7cd4d5,code,1,done,APPROVED,codex,0,2026-09-13 22:25:46,2026-09-13 22:33:42
5924287c-0efc-4664-9909-0a985035e5a0,aa11b10a-984e-4aea-9beb-cb297447d841,design,1,done,APPROVED,codex,0,2026-09-13 22:34:38,2026-09-13 22:38:41
2ad753ba-e1b4-4f1c-87ec-7c4a5f686536,9f167239-1266-45a6-aab2-e39fea820e72,design,1,done,CHANGES_REQUESTED,codex,0,2026-09-13 22:44:13,2026-09-13 22:50:24
450f708a-8b55-4b68-8910-3b3faf9a948b,aa11b10a-984e-4aea-9beb-cb297447d841,code,1,failed,,codex,0,2026-09-13 22:45:21,
a5bce9c5-cc3b-4664-b464-2d7c7f5e8d0a,42361efe-f452-42b3-9c03-dfe070ac5413,code,1,done,APPROVED,codex,0,2026-09-13 22:47:13,2026-09-13 22:48:44
b4481467-7f7a-49e4-8f06-0676543919cb,bd059dd0-9e6e-4dea-9411-4d987c6a8ed1,design,1,done,APPROVED,codex,0,2026-09-13 22:48:27,2026-09-13 22:55:36
69e53bd1-e2f8-4a8a-a32c-e7c1d2a52204,aa11b10a-984e-4aea-9beb-cb297447d841,code,2,done,APPROVED,codex,0,2026-09-13 22:48:27,2026-09-13 22:49:12
46ae6bf1-422c-4f61-9f7a-605adb16052a,aa11b10a-984e-4aea-9beb-cb297447d841,code,3,done,APPROVED,codex,0,2026-09-13 22:51:06,2026-09-13 22:51:45
81cb31fb-27a8-4201-ae93-ac3e8129b1fb,412485c1-93e3-4bbf-b228-b12410649347,design,1,done,CHANGES_REQUESTED,codex,0,2026-09-13 22:54:01,2026-09-13 23:00:56
6ca3d7f0-1d24-4600-85ac-98b3de629c90,dc9490b0-d51c-4bcd-ac33-cc1b32e9cd33,code,1,done,APPROVED,codex,0,2026-09-13 22:54:02,2026-09-13 22:58:34
fc0318b1-22dd-48d3-9791-9fb88e711155,4477b4c3-c5fe-40ed-a20f-d4d4a81f3248,code,1,done,CHANGES_REQUESTED,codex,0,2026-09-13 22:54:17,2026-09-13 23:01:44
2be30402-f92f-4f3d-95c2-188118168153,50a6cf26-a76f-47c7-8864-519a16871c53,design,1,done,APPROVED,codex,0,2026-09-13 22:56:53,2026-09-13 23:05:38
621796e1-102f-4e40-9129-5c11e27bb91a,2504fd7c-9319-469a-878e-ae950989485a,code,1,done,APPROVED,codex,0,2026-09-13 23:01:27,2026-09-13 23:06:07
7b31bcf1-9918-47e2-a44c-aa421c1f5d02,bd059dd0-9e6e-4dea-9411-4d987c6a8ed1,code,1,done,APPROVED,codex,0,2026-09-13 23:02:36,2026-09-13 23:05:06
5222670d-56a8-46e2-8a6a-396f3cc507e0,dc9490b0-d51c-4bcd-ac33-cc1b32e9cd33,code,2,done,APPROVED,codex,0,2026-09-13 23:03:22,2026-09-13 23:04:23
be7ddacd-6779-4d2d-a7ea-b5d8c5269b08,9f167239-1266-45a6-aab2-e39fea820e72,code,1,done,APPROVED,codex,0,2026-09-13 23:03:26,2026-09-13 23:07:50
03da9402-6dc7-48a2-b755-3fd58c17e4c8,412485c1-93e3-4bbf-b228-b12410649347,design,2,done,APPROVED,codex,0,2026-09-13 23:06:07,2026-09-13 23:08:57
df62a705-24ce-499d-aa53-344dee3f98e1,4477b4c3-c5fe-40ed-a20f-d4d4a81f3248,code,2,done,APPROVED,codex,0,2026-09-13 23:09:21,2026-09-13 23:10:21
ef413f33-b1e5-4dc2-b1f3-156c1db9cf17,a44510ad-3ed6-4505-992a-f7ace7c1beea,code,1,failed,,codex,0,2026-09-13 23:29:40,
35877707-9559-40e2-81f1-6206ec6b4bce,a44510ad-3ed6-4505-992a-f7ace7c1beea,code,2,done,APPROVED,codex,0,2026-09-13 23:35:38,2026-09-13 23:36:37
3ccad0fa-4170-474e-9cf0-11d761e0f0e4,a44510ad-3ed6-4505-992a-f7ace7c1beea,code,3,done,APPROVED,codex,0,2026-09-13 23:41:16,2026-09-13 23:43:12
6c6e0a3c-1781-4d22-8cda-9a7415f2473c,e0198689-c8a0-4eb5-8853-e7f7009c20e1,code,1,done,APPROVED,codex,0,2026-09-13 23:56:29,2026-09-14 00:01:46
d519f8aa-b987-495b-9b3a-fac50c36f377,a44510ad-3ed6-4505-992a-f7ace7c1beea,code,4,done,APPROVED,codex,0,2026-09-14 00:03:39,2026-09-14 00:05:32
16ab995b-5f76-4f48-b600-577e234ba0a1,1e02f10a-8e10-4f58-9790-dec0d6773375,code,1,failed,,codex,0,2026-09-14 01:37:09,
f0419111-dfae-454a-9f77-67b4dd6d326d,53be23fe-cd31-4c11-9d3d-0f2615bc1591,code,1,done,CHANGES_REQUESTED,codex,0,2026-09-14 01:50:14,2026-09-14 02:03:38
8302680b-8603-41c8-8638-0be360d3ddc2,1e02f10a-8e10-4f58-9790-dec0d6773375,code,2,done,APPROVED,codex,0,2026-09-14 01:56:12,2026-09-14 01:59:38
4cd023af-64d4-423e-a593-bd1e824cfaa0,40d9c289-a049-4f13-8ac8-87d20953f681,code,1,failed,,codex,0,2026-09-14 02:02:26,
62a57256-c907-4dc7-8bdd-f9222bdf25a8,1e02f10a-8e10-4f58-9790-dec0d6773375,code,3,done,APPROVED,codex,0,2026-09-14 02:04:53,2026-09-14 02:06:18
f666c8a1-e059-4a06-b3ac-d9de031b4260,40d9c289-a049-4f13-8ac8-87d20953f681,code,2,done,CHANGES_REQUESTED,codex,0,2026-09-14 02:11:54,2026-09-14 02:18:22
36c63c44-cfb0-457c-b339-82d2702a4159,58a92343-6399-4332-84f7-3091918832ae,code,1,done,APPROVED,codex,0,2026-09-14 02:22:20,2026-09-14 02:27:32
5f702ce1-1fd1-4b6f-8b07-692687cd78fa,53be23fe-cd31-4c11-9d3d-0f2615bc1591,code,2,done,APPROVED,codex,0,2026-09-14 02:23:38,2026-09-14 02:26:43
cbc19a65-2b25-4aa7-8098-1c18722669ef,060ba69c-7801-4ee5-8a5e-1d3a46b2780d,code,1,done,CHANGES_REQUESTED,codex,0,2026-09-14 02:26:17,2026-09-14 02:40:06
6def4f19-c2c6-4d06-a039-3322522a175c,40d9c289-a049-4f13-8ac8-87d20953f681,code,3,done,APPROVED,codex,0,2026-09-14 02:33:45,2026-09-14 02:37:30
7f214ae5-f417-441c-affd-4199b918c77f,40d9c289-a049-4f13-8ac8-87d20953f681,code,4,done,APPROVED,codex,0,2026-09-14 02:39:05,2026-09-14 02:39:59
5f27e504-0ace-4474-a80f-749f90dd41b6,db82230d-eb3c-4288-b916-7449d712484a,code,1,failed,,codex,0,2026-09-14 02:50:00,
4391a0b9-6490-4ba0-bc03-aea3d5bf8d58,060ba69c-7801-4ee5-8a5e-1d3a46b2780d,code,2,done,APPROVED,codex,0,2026-09-14 02:50:24,2026-09-14 02:53:01
9b28034d-367e-4635-86a6-a97c926981c5,8999b4f1-c9ea-4a61-aa6d-cbaece3df39a,code,1,done,APPROVED,codex,0,2026-09-14 02:55:00,2026-09-14 03:04:47
da85b46b-48fc-4687-8695-0ed6cde55393,db82230d-eb3c-4288-b916-7449d712484a,code,2,failed,,codex,0,2026-09-14 03:01:39,
7ae5b3b5-9272-4197-ac28-2df86ab1da7f,db82230d-eb3c-4288-b916-7449d712484a,code,3,done,CHANGES_REQUESTED,codex,0,2026-09-14 03:03:14,2026-09-14 03:03:52
0b74481c-2a54-4213-a85b-0f7da22152bc,3c3f3739-a0af-479e-9321-28286f884bc9,code,1,done,APPROVED,codex,0,2026-09-14 03:13:10,2026-09-14 03:19:17
16ffddaf-9f8f-432c-9d98-201b8aaf37de,db82230d-eb3c-4288-b916-7449d712484a,code,4,done,APPROVED,codex,0,2026-09-14 03:13:40,2026-09-14 03:15:51
50a82c03-b075-4dce-8445-4e85d09a99f2,8999b4f1-c9ea-4a61-aa6d-cbaece3df39a,code,2,done,APPROVED,codex,0,2026-09-14 03:22:55,2026-09-14 03:23:48
bb60d9b2-6f2f-47f0-8356-83143f960c6a,060ba69c-7801-4ee5-8a5e-1d3a46b2780d,code,3,done,APPROVED,codex,0,2026-09-14 03:32:19,2026-09-14 03:38:41
65273f2b-cc15-4f8c-a835-a5445fdf11a1,14673044-d64b-4020-97f6-08c7060a989c,design,1,done,APPROVED,codex,0,2026-09-14 04:41:08,2026-09-14 04:47:06
d2d3c51f-2c79-49ce-b515-a362ad120a01,fec18b2a-dc0c-41bf-b2fc-e3293935b655,code,1,done,CHANGES_REQUESTED,codex,0,2026-09-14 04:52:48,2026-09-14 05:12:36
f0104f8c-7f9a-4899-a8b3-734167cd5242,99ef435d-0e08-483a-8630-89f1819cfd31,code,1,done,APPROVED,codex,0,2026-09-14 04:56:51,2026-09-14 05:05:30
a805e062-4a74-43e1-b8d3-8296471698dd,14673044-d64b-4020-97f6-08c7060a989c,code,1,failed,,codex,0,2026-09-14 05:02:24,
648d9696-6dd1-4ba0-b8fe-99b636558e2c,fec18b2a-dc0c-41bf-b2fc-e3293935b655,code,2,done,CHANGES_REQUESTED,codex,0,2026-09-14 05:19:25,2026-09-14 05:22:57
60086b8b-4387-404a-9591-6467d7a176db,fec18b2a-dc0c-41bf-b2fc-e3293935b655,code,3,done,APPROVED,codex,0,2026-09-14 05:28:29,2026-09-14 05:30:11
d4ab6f6a-a152-4c6b-9a18-df04af2d2039,14673044-d64b-4020-97f6-08c7060a989c,code,2,failed,,codex,0,2026-09-14 05:33:37,
6942a4a7-4d1c-4fb2-876c-ac5fec236dc3,14673044-d64b-4020-97f6-08c7060a989c,code,3,done,CHANGES_REQUESTED,codex,0,2026-09-14 05:56:48,2026-09-14 05:57:42
0261acd0-3f3c-4c2c-a0cc-9c545cd39421,14673044-d64b-4020-97f6-08c7060a989c,code,4,done,CHANGES_REQUESTED,codex,0,2026-09-14 05:59:32,2026-09-14 06:07:00
328de69c-51ab-4052-95ff-20a658aa5f50,7c91b8b4-79e3-4f69-86f9-19e2ddbba845,design,1,done,APPROVED,codex,0,2026-09-14 07:45:37,2026-09-14 07:50:18
21e22631-d7d5-43df-a238-e3d192f4f682,5e010293-1281-42d7-9f17-44530bc003ea,code,1,done,APPROVED,codex,0,2026-09-14 07:47:58,2026-09-14 08:00:07
8b5bf1e0-5ace-4ee7-95e6-188a6f9eaa30,aceb4115-868c-48c1-9c58-76ca0783c3a2,design,1,done,APPROVED,codex,0,2026-09-14 07:48:33,2026-09-14 07:56:41
2d0873f0-947a-4f7e-8b20-900ca2cf3194,5b550282-9cd9-4d21-bdcd-e0e1ff959283,design,1,done,APPROVED,codex,0,2026-09-14 07:48:51,2026-09-14 07:55:14
0e45cfbe-cfc9-4c04-b896-c0c802be7137,808cc626-e5a9-4e6e-a5a3-c0ff3722de46,code,1,failed,,codex,0,2026-09-14 07:50:28,
83462469-6c8e-4fb7-b584-1009f276b7a5,b3ad6910-0961-461e-be16-39ad4ed7a3e5,design,1,done,CHANGES_REQUESTED,codex,0,2026-09-14 07:51:46,2026-09-14 07:58:30
2d282cfd-d213-446f-89fe-ebfb38b38bb5,4c428168-c403-4b03-b2b9-ffa47bf68433,design,1,done,CHANGES_REQUESTED,codex,0,2026-09-14 07:51:47,2026-09-14 07:57:40
27056698-b5db-43c6-bb3d-9ad2ebbbf416,808cc626-e5a9-4e6e-a5a3-c0ff3722de46,code,2,done,APPROVED,codex,0,2026-09-14 07:56:38,2026-09-14 08:12:54
a296c7e0-b6ba-4dfb-99de-cd1f1fe6c685,7c91b8b4-79e3-4f69-86f9-19e2ddbba845,code,1,failed,,codex,0,2026-09-14 07:58:06,
5133a0e3-24d1-4420-8105-20733456f637,b3ad6910-0961-461e-be16-39ad4ed7a3e5,design,2,done,APPROVED,codex,0,2026-09-14 08:00:01,2026-09-14 08:04:17
771af7bc-f052-40c8-aad4-45f4ddc28214,7c91b8b4-79e3-4f69-86f9-19e2ddbba845,code,2,failed,,codex,0,2026-09-14 08:00:33,
a548db1a-5d86-4bc7-90f2-d974df753129,7c91b8b4-79e3-4f69-86f9-19e2ddbba845,code,3,done,APPROVED,codex,0,2026-09-14 08:02:10,2026-09-14 08:02:50
59ed8352-c4c8-493a-9bc6-d082b8a6c901,5b550282-9cd9-4d21-bdcd-e0e1ff959283,code,1,done,APPROVED,codex,0,2026-09-14 08:03:43,2026-09-14 08:11:33
085a629f-5aa8-477a-a612-3238e4e08014,4c428168-c403-4b03-b2b9-ffa47bf68433,design,2,done,APPROVED,codex,0,2026-09-14 08:03:49,2026-09-14 08:06:23
cf2a1e69-787d-4fd5-b735-e95d5209fd0e,7c91b8b4-79e3-4f69-86f9-19e2ddbba845,code,4,done,APPROVED,codex,0,2026-09-14 08:03:57,2026-09-14 08:05:18
13015518-54ca-4758-aa65-7cd70f4e1296,a4bbf994-d90d-4700-8d1a-90d365eb1e83,code,1,done,CHANGES_REQUESTED,codex,0,2026-09-14 08:04:44,2026-09-14 08:16:43
485c08bd-35ca-4bda-938f-6fa4b70bd7a7,aceb4115-868c-48c1-9c58-76ca0783c3a2,code,1,done,APPROVED,codex,0,2026-09-14 08:08:39,2026-09-14 08:12:02
662e27fc-da23-40c2-94ab-7e43ff67412a,b3ad6910-0961-461e-be16-39ad4ed7a3e5,code,1,done,APPROVED,codex,0,2026-09-14 08:16:35,2026-09-14 08:20:43
a8c0fa82-d954-441d-8ae6-cc1a16bcd845,a4bbf994-d90d-4700-8d1a-90d365eb1e83,code,2,done,CHANGES_REQUESTED,codex,0,2026-09-14 08:22:37,2026-09-14 08:25:44
0231f5ed-8701-4f08-b51b-aa5a25a9c770,a4bbf994-d90d-4700-8d1a-90d365eb1e83,code,3,done,APPROVED,codex,0,2026-09-14 08:30:22,2026-09-14 08:31:30
f9cc6e0e-5876-499c-be9e-bb5d68d34745,084eb138-b641-472e-a045-c7019935957b,design,1,done,APPROVED,codex,0,2026-09-14 09:08:25,2026-09-14 09:11:49
c4b12b4e-2c0a-47bf-abdd-0b88a887550a,b23182bb-6ec8-4db5-8a5a-880b8c72373a,design,1,done,APPROVED,codex,0,2026-09-14 09:10:14,2026-09-14 09:20:41
503f0d10-9a94-47a8-a93b-df3dfce2cdac,81f5a693-218d-449e-bfa4-415badf4b6e2,design,1,done,APPROVED,codex,0,2026-09-14 09:16:48,2026-09-14 09:22:06
17cc1e49-06ef-4a0b-b7a8-e5bfc7ef42dc,084eb138-b641-472e-a045-c7019935957b,code,1,done,APPROVED,codex,0,2026-09-14 09:18:28,2026-09-14 09:20:15
0692607a-fe75-40fa-a934-149e42242991,b23182bb-6ec8-4db5-8a5a-880b8c72373a,code,1,done,APPROVED,codex,0,2026-09-14 09:27:11,2026-09-14 09:35:46
9d1fe32b-5258-4d05-970c-1edbdc15e004,81f5a693-218d-449e-bfa4-415badf4b6e2,code,1,failed,,codex,0,2026-09-14 09:32:37,
b378e116-b819-4202-86f6-72c3f75e2245,81f5a693-218d-449e-bfa4-415badf4b6e2,code,2,done,APPROVED,codex,0,2026-09-14 09:36:50,2026-09-14 09:39:35
c56198d2-10a7-471c-8a55-53ba9170ac84,b23182bb-6ec8-4db5-8a5a-880b8c72373a,code,2,done,APPROVED,codex,0,2026-09-14 09:38:54,2026-09-14 09:40:06
4d1e0e12-34ad-4477-90d6-329d2bc6e5e2,ed0040d2-b967-4079-b8ce-f8aa2b23cf02,code,1,done,APPROVED,codex,0,2026-09-14 17:20:44,2026-09-14 17:37:02
3fa2ae34-46ea-435a-99c4-97edaa4a1569,3e41382f-1047-428a-964f-15894a5f49d6,design,1,done,APPROVED,codex,0,2026-09-14 17:56:49,2026-09-14 18:03:03
3e6430e3-49e5-44c0-96ec-fdefe0a402e5,d9a5e9d2-d52b-40df-aa34-07bd6fe0b0b6,design,1,done,CHANGES_REQUESTED,codex,0,2026-09-14 18:01:13,2026-09-14 18:09:01
3cc8f926-c91f-49d1-9d43-25a5b4af2deb,172975a6-c095-4c75-91c8-52bbb1e98c59,design,1,done,CHANGES_REQUESTED,codex,0,2026-09-14 18:01:53,2026-09-14 18:06:37
d90c7fe5-0902-405d-9bfa-f11f7e2496fb,172975a6-c095-4c75-91c8-52bbb1e98c59,design,2,failed,,codex,0,2026-09-14 18:10:00,
9e3a0263-0124-4116-a2f2-3214bee26a5d,172975a6-c095-4c75-91c8-52bbb1e98c59,design,3,done,CHANGES_REQUESTED,codex,0,2026-09-14 18:11:46,2026-09-14 18:18:12
ab199e2a-d866-41a2-8427-45a8de4da492,d9a5e9d2-d52b-40df-aa34-07bd6fe0b0b6,design,2,done,APPROVED,codex,0,2026-09-14 18:12:35,2026-09-14 18:16:20
de50378e-41b3-4a85-a540-db1f93d16108,172975a6-c095-4c75-91c8-52bbb1e98c59,design,4,done,APPROVED,codex,0,2026-09-14 18:19:57,2026-09-14 18:21:58
a0482f6b-957d-48c2-ad04-aeda1dc1e251,26ed6f9a-32e7-47b5-a403-5167412977b7,design,1,done,APPROVED,codex,0,2026-09-14 18:20:14,2026-09-14 18:25:03
ffc4337e-0335-45cc-abbc-a4bc15cc7465,3e41382f-1047-428a-964f-15894a5f49d6,code,1,failed,,codex,0,2026-09-14 18:20:43,
0c2d960c-7fde-4844-8b76-5a2d4f16ec3c,3e41382f-1047-428a-964f-15894a5f49d6,code,2,done,APPROVED,codex,0,2026-09-14 18:27:11,2026-09-14 18:28:34
a8b529fe-2329-42ec-ac67-b8822cfe0b46,ed0040d2-b967-4079-b8ce-f8aa2b23cf02,code,2,done,CHANGES_REQUESTED,codex,0,2026-09-14 18:27:37,2026-09-14 18:33:20
68a9b2d1-0932-41cd-8e1a-84aeb0d14fc2,26ed6f9a-32e7-47b5-a403-5167412977b7,code,1,done,APPROVED,codex,0,2026-09-14 18:28:09,2026-09-14 18:29:39
768e668d-4480-4b35-a6d1-5c3f4604e111,172975a6-c095-4c75-91c8-52bbb1e98c59,code,1,failed,,codex,0,2026-09-14 18:37:47,
6ea49a27-e72a-4312-beae-b0c289f07552,d9a5e9d2-d52b-40df-aa34-07bd6fe0b0b6,code,1,done,APPROVED,codex,0,2026-09-14 18:40:17,2026-09-14 18:45:44
1901fe3a-b230-456d-bc64-ead611a5a816,ed0040d2-b967-4079-b8ce-f8aa2b23cf02,code,3,done,APPROVED,codex,0,2026-09-14 18:42:09,2026-09-14 18:43:25
cc67e3f8-5bdf-4b9e-b870-e7b1c2137a51,172975a6-c095-4c75-91c8-52bbb1e98c59,code,2,done,APPROVED,codex,0,2026-09-14 18:43:21,2026-09-14 18:44:25
7c1fea5f-7c8a-40ab-9114-166320c17b3d,d9a5e9d2-d52b-40df-aa34-07bd6fe0b0b6,code,2,done,APPROVED,codex,0,2026-09-14 18:47:46,2026-09-14 18:48:19
096be547-9456-454b-9c94-5da248154bd0,ed0040d2-b967-4079-b8ce-f8aa2b23cf02,code,4,done,APPROVED,codex,0,2026-09-14 18:49:25,2026-09-14 18:50:15
b2a81247-b03b-4a75-864d-ebb6ee668dc9,ed0040d2-b967-4079-b8ce-f8aa2b23cf02,code,5,done,APPROVED,codex,0,2026-09-14 19:01:55,2026-09-14 19:02:49
70a8a9e5-f184-4549-b231-3c228e12b82b,172975a6-c095-4c75-91c8-52bbb1e98c59,code,3,done,APPROVED,codex,0,2026-09-14 19:19:05,2026-09-14 19:20:00
e695a63d-dfac-4727-975e-fc22c169e28c,ebb55498-f820-4e7e-a291-34bd9a7edb17,code,1,done,CHANGES_REQUESTED,codex,0,2026-09-14 19:26:37,2026-09-14 19:50:17
8d20f6e6-fc1f-4975-b582-4043d5051c97,3e41382f-1047-428a-964f-15894a5f49d6,code,3,done,APPROVED,codex,0,2026-09-14 19:29:10,2026-09-14 19:30:52
32aea927-3f8c-4064-9b8c-e82ff0a0672e,3e41382f-1047-428a-964f-15894a5f49d6,code,4,done,APPROVED,codex,0,2026-09-14 19:32:29,2026-09-14 19:33:54
26294295-d942-4bd2-ae0c-78c7e2c077f6,6e76e8b9-4193-44c2-b3c0-4f385968403c,design,1,done,CHANGES_REQUESTED,codex,0,2026-09-14 19:43:21,2026-09-14 19:53:36
17fdf9d5-72fa-4b20-bfc3-ca6cf5b9c995,3e41382f-1047-428a-964f-15894a5f49d6,code,5,done,APPROVED,codex,0,2026-09-14 19:47:41,2026-09-14 19:48:36
a0ebb721-03d1-418d-8072-fadcad18e5a7,cb8e7302-020b-4c36-a02c-9c254ceb8702,code,1,failed,,codex,0,2026-09-14 19:50:16,
8f0733dc-e1de-4382-97cc-355372db484e,d0d22d50-ad29-4742-89fa-ec5deaba968c,code,1,failed,,codex,0,2026-09-14 19:57:14,
145985ab-60eb-499d-b286-ad62e4571bfe,d0d22d50-ad29-4742-89fa-ec5deaba968c,code,2,done,APPROVED,codex,0,2026-09-14 19:59:40,2026-09-14 20:10:21
eb7a3be3-2fb3-47b2-b25b-69c2dd6c2e14,cb8e7302-020b-4c36-a02c-9c254ceb8702,code,2,done,APPROVED,codex,0,2026-09-14 19:59:48,2026-09-14 20:01:32
71633106-0ead-40f4-84b2-20360d276493,6e76e8b9-4193-44c2-b3c0-4f385968403c,design,2,done,APPROVED,codex,0,2026-09-14 20:07:12,2026-09-14 20:11:14
9123cc11-314b-4d35-b3a8-bfb2e768a040,ebb55498-f820-4e7e-a291-34bd9a7edb17,code,2,done,APPROVED,codex,0,2026-09-14 20:13:15,2026-09-14 20:30:22
4b64116e-eb0b-46ad-922d-b93f8fc83dff,9720d945-c5d0-45e7-8617-af42e80377ac,design,1,done,CHANGES_REQUESTED,codex,0,2026-09-14 20:23:19,2026-09-14 20:36:46
08577d66-7acf-47a9-86a0-06213a2aa495,57fed70b-8c2e-4aef-9762-608633042ce9,design,1,done,APPROVED,codex,0,2026-09-14 20:23:25,2026-09-14 20:35:52
c51d966e-06c6-46ea-a747-6a647cca4b45,3f011ac5-8038-4be8-850e-0d04c022905a,design,1,done,CHANGES_REQUESTED,codex,0,2026-09-14 20:24:35,2026-09-14 20:34:37
973697f8-42b9-4da0-b202-f34dfc709e0e,261cd4cb-172d-45b8-9591-b4aac9df4761,design,1,done,APPROVED,codex,0,2026-09-14 20:25:36,2026-09-14 20:36:01
dd9e93c2-0044-4e2d-b8ce-42096bb180c6,826be6d1-86f1-42a7-82b8-e9722ecb8553,design,1,failed,,codex,0,2026-09-14 20:27:10,
9d472603-6a41-403b-951f-f737d42cfa06,ddec1a1e-08f6-4bbf-bc0d-71a7cd36d234,design,1,done,CHANGES_REQUESTED,codex,0,2026-09-14 20:29:22,2026-09-14 20:39:52
ebe15afb-0277-44d6-a99b-a16f60e1cd96,3f011ac5-8038-4be8-850e-0d04c022905a,design,2,done,APPROVED,codex,0,2026-09-14 20:38:20,2026-09-14 20:42:22
0b1081ec-0181-4eb4-9199-ef463cac2d47,9720d945-c5d0-45e7-8617-af42e80377ac,design,2,done,APPROVED,codex,0,2026-09-14 20:39:37,2026-09-14 20:44:28
e424e3d6-021d-4b2e-bace-eb7750393696,fb97eb44-4bed-45b4-9485-2ae7c70c84b7,design,1,done,CHANGES_REQUESTED,codex,0,2026-09-14 20:43:30,2026-09-14 20:51:56
a666065c-bd58-493d-8e45-de762d77ed30,ebb55498-f820-4e7e-a291-34bd9a7edb17,code,3,done,APPROVED,codex,0,2026-09-14 20:45:42,2026-09-14 20:47:17
6bad0ad5-e820-4459-98a9-79c7811c1686,826be6d1-86f1-42a7-82b8-e9722ecb8553,design,2,done,CHANGES_REQUESTED,codex,0,2026-09-14 20:46:38,2026-09-14 20:51:13
05b532ff-0000-440a-bc77-a5b0d5f73406,ddec1a1e-08f6-4bbf-bc0d-71a7cd36d234,design,2,done,APPROVED,codex,0,2026-09-14 20:48:49,2026-09-14 20:56:02
f194dbfb-c1fc-4910-b349-f00136c9c6f6,fb97eb44-4bed-45b4-9485-2ae7c70c84b7,design,2,done,CHANGES_REQUESTED,codex,0,2026-09-14 20:53:31,2026-09-14 21:02:26
0ec2ddd0-acf5-43fd-b278-68f29b5c57b6,c15d68d0-cf78-447b-a72b-1d7c8fc50b48,code,1,failed,,codex,0,2026-09-14 20:57:08,
83b9d97c-464a-4f01-8878-f00207d168dc,9720d945-c5d0-45e7-8617-af42e80377ac,code,1,done,APPROVED,codex,0,2026-09-14 21:00:42,2026-09-14 21:15:30
1e966c8d-75d2-4e74-9010-bd314e16da21,826be6d1-86f1-42a7-82b8-e9722ecb8553,design,3,done,APPROVED,codex,0,2026-09-14 21:00:58,2026-09-14 21:07:11
6f89d504-31ab-49bd-be7e-820c02b5c94c,fb97eb44-4bed-45b4-9485-2ae7c70c84b7,design,3,done,CHANGES_REQUESTED,codex,0,2026-09-14 21:03:41,2026-09-14 21:09:11
b35e69e5-b0b3-4f79-b554-feac71ed5eef,fb97eb44-4bed-45b4-9485-2ae7c70c84b7,design,4,done,APPROVED,codex,0,2026-09-14 21:10:30,2026-09-14 21:14:10
aab41fca-06e7-46df-beaf-fcff86282c20,44432ed1-8968-4cc8-a69d-fa35a468ff6f,code,1,done,CHANGES_REQUESTED,codex,0,2026-09-14 21:14:00,2026-09-14 21:30:58
a8c22e23-7eec-4fe7-a304-3af2e85891f4,c15d68d0-cf78-447b-a72b-1d7c8fc50b48,code,2,done,APPROVED,codex,0,2026-09-14 21:23:27,2026-09-14 21:27:47
c299face-2b05-450d-bf31-4cc12130dc73,9cb1f181-6216-4610-aea6-40f00750f8c5,code,1,done,APPROVED,codex,0,2026-09-14 22:49:54,2026-09-14 23:03:29
560eb906-e9dc-4cb0-bede-24d9448dec82,14b82a02-8b93-49b6-baaa-cce73d8a21c6,code,1,failed,,codex,0,2026-09-14 22:51:44,
5ff10dc4-d710-4590-886c-fbd685e1fdb2,40a55a85-3d6c-452f-8f1a-cb9c452feb38,design,1,done,CHANGES_REQUESTED,codex,0,2026-09-14 22:52:48,2026-09-14 23:09:41
af77e012-f690-4a75-8814-f8d2ec10a106,5fb96d02-dcb9-47ef-bddb-42aa24778e09,code,1,failed,,codex,0,2026-09-14 22:53:17,
ef1769b3-6b04-4781-9214-6263fb675f3b,14b82a02-8b93-49b6-baaa-cce73d8a21c6,code,2,done,APPROVED,codex,0,2026-09-14 22:58:54,2026-09-14 23:04:06
fcf62c22-0ca0-4a2b-b439-05e0b7aac975,40a55a85-3d6c-452f-8f1a-cb9c452feb38,design,2,done,APPROVED,codex,0,2026-09-14 23:13:31,2026-09-14 23:29:36
3db3bb4e-7435-435c-a3ae-94142e09d523,5fb96d02-dcb9-47ef-bddb-42aa24778e09,code,2,failed,,codex,0,2026-09-14 23:17:57,
9b920c06-8f0b-4b46-a2fd-382017176879,ff25fa7d-3047-4fe1-b6e3-93cbbde2be06,code,1,failed,,codex,0,2026-09-14 23:29:16,
720090e9-5cb8-4903-a9ef-43c36930d6fd,e70dc4e6-a421-4c2f-bc5b-37c80856a39d,code,1,failed,,codex,0,2026-09-14 23:30:29,
83fd3944-8976-47fb-a165-33eedd08471a,f80b61ca-bf3d-455e-8b7b-e6dd4f2b9585,design,1,done,CHANGES_REQUESTED,codex,0,2026-09-14 23:39:17,2026-09-14 23:52:39
4164d475-68c7-4ba2-ae44-45da8ab87747,ff25fa7d-3047-4fe1-b6e3-93cbbde2be06,code,2,done,CHANGES_REQUESTED,codex,0,2026-09-14 23:45:04,2026-09-14 23:58:57
123d984f-4380-4da3-b9d2-f47bb79f46ef,5fb96d02-dcb9-47ef-bddb-42aa24778e09,code,3,done,APPROVED,codex,0,2026-09-14 23:45:32,2026-09-15 00:45:38
ce34336c-c77f-48d4-bcfb-787392b9021b,f80b61ca-bf3d-455e-8b7b-e6dd4f2b9585,design,2,done,APPROVED,codex,0,2026-09-14 23:58:41,2026-09-15 00:04:08
bcc68b0f-c09b-4401-8ea6-0dfef76f8ddb,aa2c96b1-e308-406a-aba4-60ceb616f019,code,1,failed,,codex,0,2026-09-14 23:59:28,
71b4dbc6-7ae7-4be3-b396-a5905e7e7c28,40a55a85-3d6c-452f-8f1a-cb9c452feb38,code,1,failed,,codex,0,2026-09-15 00:01:07,
e886e3b9-cd68-4c9f-9057-7a97432339ce,e70dc4e6-a421-4c2f-bc5b-37c80856a39d,code,2,done,CHANGES_REQUESTED,codex,0,2026-09-15 00:01:10,2026-09-15 00:11:46
034f3e11-5d47-41df-b1cb-36c38ed91991,e15da150-720b-4e99-abae-5fb694631c7d,code,1,failed,,codex,0,2026-09-15 00:05:41,
91be6ebf-1107-469d-82da-5521d10dbaaa,aa2c96b1-e308-406a-aba4-60ceb616f019,code,2,failed,,codex,0,2026-09-15 00:17:38,
216b7c4c-2288-4262-ab2f-13494d4be112,aa2c96b1-e308-406a-aba4-60ceb616f019,code,3,done,CHANGES_REQUESTED,codex,0,2026-09-15 00:26:16,2026-09-15 00:33:02
a2715bc8-5525-46bc-96ed-79a2f871a3a0,40a55a85-3d6c-452f-8f1a-cb9c452feb38,code,2,failed,,codex,0,2026-09-15 00:28:55,
c11dde49-3042-471b-a14c-3b60c4c5186f,40a55a85-3d6c-452f-8f1a-cb9c452feb38,code,3,done,APPROVED,codex,0,2026-09-15 00:43:21,2026-09-15 00:54:12
4db38aaa-ccc6-4b47-b108-0669d09bb1a5,e15da150-720b-4e99-abae-5fb694631c7d,code,2,done,CHANGES_REQUESTED,codex,0,2026-09-15 00:43:22,2026-09-15 00:47:24
0163b1d1-fad2-494f-a0f2-085de9178b64,f80b61ca-bf3d-455e-8b7b-e6dd4f2b9585,code,1,done,APPROVED,codex,0,2026-09-15 00:44:42,2026-09-15 00:52:51
69634f2f-e1b9-4544-999c-50583e8ae728,aa2c96b1-e308-406a-aba4-60ceb616f019,code,4,done,APPROVED,codex,0,2026-09-15 00:44:43,2026-09-15 00:47:12
0cc872a6-c795-44b7-a707-f30d81e525bf,ff25fa7d-3047-4fe1-b6e3-93cbbde2be06,code,3,done,CHANGES_REQUESTED,codex,0,2026-09-15 00:45:45,2026-09-15 01:01:48
96761fe9-ff88-40d5-b3e1-bdae1e4010c3,1bd1c204-9034-4c16-80ef-3fb2c352d853,code,1,done,CHANGES_REQUESTED,codex,0,2026-09-15 01:00:48,2026-09-15 01:12:36
31ecc44d-d708-4eef-a8aa-a557f6263436,f80b61ca-bf3d-455e-8b7b-e6dd4f2b9585,code,2,done,APPROVED,codex,0,2026-09-15 01:20:10,2026-09-15 01:21:10
116f40d5-eb71-440a-85d8-785409dc4a14,2d543988-6387-477b-b0d9-655e2cbaaf76,code,1,done,CHANGES_REQUESTED,codex,0,2026-09-15 01:26:04,2026-09-15 01:39:40
eb699fb2-9ac0-404b-9cb9-edc7d1bbb665,34a07f73-7397-4263-95eb-efec7299ffe7,code,1,done,APPROVED,codex,0,2026-09-15 01:29:02,2026-09-15 01:42:48
af3f1eda-c92e-480c-954d-2c4975db8916,9c482989-3044-4672-9110-1ccdd6b92c65,code,1,done,APPROVED,codex,0,2026-09-15 01:30:14,2026-09-15 01:55:27
aec4ca61-1d09-4555-845c-8fcd597e4e70,4cde77ab-692a-4609-b8df-21a99e2609d0,design,1,done,CHANGES_REQUESTED,codex,0,2026-09-15 01:31:03,2026-09-15 01:47:07
c22a8307-7a78-49d4-8006-68880735a0be,34a07f73-7397-4263-95eb-efec7299ffe7,code,2,done,APPROVED,codex,0,2026-09-15 01:44:40,2026-09-15 01:45:51
bf64ba40-ac3e-4040-b027-1a4807639827,b29f2cf7-440b-4826-a3ff-64a5f2968fb1,design,1,done,CHANGES_REQUESTED,codex,0,2026-09-15 01:51:21,2026-09-15 02:03:00
2cc1db11-729a-46ca-8805-b436729a44cc,7c2fdad7-b445-48be-9bb5-d3d6881f2fb3,code,1,done,APPROVED,codex,0,2026-09-15 01:53:59,2026-09-15 02:12:44
22fb495d-2e5d-4987-a182-1c9aa153ff00,2d543988-6387-477b-b0d9-655e2cbaaf76,code,2,done,CHANGES_REQUESTED,codex,0,2026-09-15 01:56:27,2026-09-15 02:02:53
c755c5f6-2501-4038-8c6a-e61c6fdf2995,4cde77ab-692a-4609-b8df-21a99e2609d0,design,2,done,APPROVED,codex,0,2026-09-15 01:57:43,2026-09-15 02:01:22
171e01af-da77-480f-a4b5-6137a598bf68,b29f2cf7-440b-4826-a3ff-64a5f2968fb1,design,2,done,APPROVED,codex,0,2026-09-15 02:09:16,2026-09-15 02:13:17
185d6fc2-3540-475a-b34a-5a00cb5914cc,e15da150-720b-4e99-abae-5fb694631c7d,code,3,done,APPROVED,codex,0,2026-09-15 02:18:04,2026-09-15 02:23:21
d6155154-f639-4bb8-920c-e9eed9c9ab52,2d543988-6387-477b-b0d9-655e2cbaaf76,code,3,done,APPROVED,codex,0,2026-09-15 02:18:18,2026-09-15 02:24:41
b962b1a0-2246-45ba-b291-3c3d7829a844,7c2fdad7-b445-48be-9bb5-d3d6881f2fb3,code,2,done,APPROVED,codex,0,2026-09-15 02:24:52,2026-09-15 02:35:58
533c0ea9-b6f5-4c0b-9fab-479991b53082,9c482989-3044-4672-9110-1ccdd6b92c65,code,2,done,APPROVED,codex,0,2026-09-15 02:30:14,2026-09-15 02:38:47
ec76e9d9-9649-4d85-b9cc-311d5c6723dc,34a07f73-7397-4263-95eb-efec7299ffe7,code,3,done,APPROVED,codex,0,2026-09-15 02:44:29,2026-09-15 02:53:09
3494ceb4-3340-4d37-afec-f727a6111e79,f80b61ca-bf3d-455e-8b7b-e6dd4f2b9585,code,3,done,APPROVED,codex,0,2026-09-15 02:52:08,2026-09-15 02:55:16
73a8fdce-7838-4b97-b0d9-dc80a4ee8bb5,9c482989-3044-4672-9110-1ccdd6b92c65,code,3,done,APPROVED,codex,0,2026-09-15 03:09:44,2026-09-15 03:17:32
8e50edf6-87d4-4a64-9e1e-d4669784e730,9c482989-3044-4672-9110-1ccdd6b92c65,code,4,done,APPROVED,codex,0,2026-09-15 03:23:51,2026-09-15 03:26:24
270c43c6-5448-4664-ba39-8205aa31c71d,504a7e76-2613-4063-81e0-d30fddaa5b93,code,1,done,APPROVED,codex,0,2026-09-15 03:41:52,2026-09-15 04:07:53
7518d98e-4a7f-4f28-846b-084b7b6104aa,4ed9ec0d-3fc5-484a-a2aa-0dbd7f9d1f05,code,1,failed,,codex,0,2026-09-15 04:19:02,
be386671-b0ea-42d8-9cfd-bdea387578d8,10238c22-89fd-456f-a122-4d7d3b172a37,design,1,done,CHANGES_REQUESTED,codex,0,2026-09-15 04:22:26,2026-09-15 04:33:31
9a8e40bc-146e-4133-a7a4-4d7305d6ff06,b0b00296-0ff1-4b4a-9bac-d479633d08b5,design,1,done,APPROVED,codex,0,2026-09-15 04:27:13,2026-09-15 04:39:30
df725787-1817-4e82-a2de-2f326f71430b,9b7b7504-b43b-4943-8b71-a310a301d6c6,code,1,failed,,codex,0,2026-09-15 04:28:05,
7f7fd0de-2af1-49a6-bf5f-b83d604f14b8,10238c22-89fd-456f-a122-4d7d3b172a37,design,2,done,CHANGES_REQUESTED,codex,0,2026-09-15 04:35:24,2026-09-15 04:39:16
7eda261e-4c44-435e-a033-1e7f5cf97269,9b7b7504-b43b-4943-8b71-a310a301d6c6,code,2,failed,,codex,0,2026-09-15 04:38:31,
b13bff6a-1f95-45be-867b-58887dc97f5b,10238c22-89fd-456f-a122-4d7d3b172a37,design,3,done,APPROVED,codex,0,2026-09-15 04:40:43,2026-09-15 04:44:12
17656c77-ac66-43af-8d9e-8220413c9d07,4ed9ec0d-3fc5-484a-a2aa-0dbd7f9d1f05,code,2,failed,,codex,0,2026-09-15 04:40:55,
17dd1770-69da-43dd-bffc-c1121e2a8778,b0b00296-0ff1-4b4a-9bac-d479633d08b5,code,1,failed,,codex,0,2026-09-15 04:43:41,
a0d25d70-1b67-484a-8a27-54a0a7fa2d97,d3378115-c3f9-4133-b041-51c7119b498a,code,1,done,CHANGES_REQUESTED,codex,0,2026-09-15 04:45:38,2026-09-15 05:00:18
ce058425-c61b-44a4-989f-13e5b7193971,b0b00296-0ff1-4b4a-9bac-d479633d08b5,code,2,failed,,codex,0,2026-09-15 04:47:42,
7d12a1f3-f4c1-401e-8ff3-4b9537377e65,4ed9ec0d-3fc5-484a-a2aa-0dbd7f9d1f05,code,3,done,CHANGES_REQUESTED,codex,0,2026-09-15 04:49:55,2026-09-15 04:59:21
9d561cb2-a852-4a94-b796-98bce4b3a274,b0b00296-0ff1-4b4a-9bac-d479633d08b5,code,3,failed,,codex,0,2026-09-15 04:51:22,
6f4b7124-6cbc-4600-b087-a6afd6e5d477,9b7b7504-b43b-4943-8b71-a310a301d6c6,code,3,failed,,codex,0,2026-09-15 04:54:23,
a0a9825a-eacc-4aba-9540-cada8bf3c716,b0b00296-0ff1-4b4a-9bac-d479633d08b5,code,4,done,APPROVED,codex,0,2026-09-15 04:54:43,2026-09-15 05:00:52
4877fda1-f731-4ca2-b80a-884a65c71dd4,9b7b7504-b43b-4943-8b71-a310a301d6c6,code,4,done,APPROVED,codex,0,2026-09-15 05:02:14,2026-09-15 05:06:30
9fed7a63-1803-43dc-8d9f-3679000171f3,d3378115-c3f9-4133-b041-51c7119b498a,code,2,done,APPROVED,codex,0,2026-09-15 05:07:29,2026-09-15 05:13:33
bb31f9c7-5689-42bd-94d0-fa08202685ba,b0b00296-0ff1-4b4a-9bac-d479633d08b5,code,5,done,APPROVED,codex,0,2026-09-15 05:08:07,2026-09-15 05:16:05
7ccb23a7-1a9e-416e-8a9a-bee8b1548252,4ed9ec0d-3fc5-484a-a2aa-0dbd7f9d1f05,code,4,done,APPROVED,codex,0,2026-09-15 05:08:17,2026-09-15 05:15:54
47559556-e7b3-418a-b109-207cb5846ea5,9b7b7504-b43b-4943-8b71-a310a301d6c6,code,5,done,APPROVED,codex,0,2026-09-15 05:20:09,2026-09-15 05:24:45
285b0f23-8f33-4249-b58b-34db5837405f,4ed9ec0d-3fc5-484a-a2aa-0dbd7f9d1f05,code,5,failed,,codex,0,2026-09-15 05:23:12,
8204d338-fed7-4c78-9611-9ec4e12152d5,4ed9ec0d-3fc5-484a-a2aa-0dbd7f9d1f05,code,6,done,APPROVED,codex,0,2026-09-15 05:28:39,2026-09-15 05:31:48
0451e476-2672-49be-beda-281f871743ca,4ed9ec0d-3fc5-484a-a2aa-0dbd7f9d1f05,code,7,done,APPROVED,codex,0,2026-09-15 06:00:38,2026-09-15 06:10:00
a464246f-af20-403a-8137-8a11fcfd6c6d,1425d714-b549-4284-b0fe-116c5ff3e4a6,code,1,failed,,codex,0,2026-09-15 06:32:26,
5d185b9a-172c-48b0-9251-cc9565acee7d,1425d714-b549-4284-b0fe-116c5ff3e4a6,code,2,done,CHANGES_REQUESTED,codex,0,2026-09-15 06:40:00,2026-09-15 06:42:16
a0eaba30-d395-4976-8ba1-d3258d6f1fc6,4ed9ec0d-3fc5-484a-a2aa-0dbd7f9d1f05,code,8,done,CHANGES_REQUESTED,codex,0,2026-09-15 06:54:27,2026-09-15 07:00:21
4dbef81b-dadd-4313-8bb2-99bb02cd690d,4ed9ec0d-3fc5-484a-a2aa-0dbd7f9d1f05,code,9,done,APPROVED,codex,0,2026-09-15 07:16:59,2026-09-15 07:22:25
0d0e1ab0-7ef7-4474-af6f-f2ec1458b849,13366ff6-55db-441e-8777-ec7fd62bb1c5,code,1,failed,,codex,0,2026-09-15 07:21:13,
c60f3d3a-6db7-46e0-b550-7da0c93cbbe7,13366ff6-55db-441e-8777-ec7fd62bb1c5,code,1,failed,,codex,0,2026-09-15 07:25:31,
ccecb5b2-cfe9-461e-946c-cd62b44eb34f,3657f99b-5dfb-47d8-b30e-85c61e8587c1,code,1,done,CHANGES_REQUESTED,codex,0,2026-09-15 07:32:55,2026-09-15 07:56:05
08b28698-5235-4671-9762-0f1fe12899c2,d2ab41f3-6e52-46b4-8dce-a1f8b99d1028,design,1,done,CHANGES_REQUESTED,codex,0,2026-09-15 07:37:31,2026-09-15 07:51:44
b4ef2ef3-fcd9-4502-aa1f-5c2f489b659d,8ccefe69-9698-4ce6-902c-92bdbc0ade2a,code,1,failed,,codex,0,2026-09-15 07:37:38,
6242c59f-9a13-414d-9655-0a43b6293866,13366ff6-55db-441e-8777-ec7fd62bb1c5,code,2,failed,,codex,0,2026-09-15 07:38:33,
be451227-0793-4e1e-923e-eb001d4886bc,c7df5069-5a61-460d-a186-d9d6b6de4033,code,1,failed,,codex,0,2026-09-15 07:40:39,
1644605c-afb3-4a5d-ad74-ae741d742e72,c7df5069-5a61-460d-a186-d9d6b6de4033,code,2,failed,,codex,0,2026-09-15 07:41:00,
790d5a02-278a-4c15-9d58-cc78d6b1f807,d929ec70-51a2-48fb-8fb3-731483ee4964,code,1,failed,,codex,0,2026-09-15 07:45:31,
23d7ddbc-e62f-46db-8e9e-b39195a3b65f,d2ab41f3-6e52-46b4-8dce-a1f8b99d1028,design,2,done,APPROVED,codex,0,2026-09-15 07:53:40,2026-09-15 07:59:02
ada867b3-8b3e-4b82-ae5e-f76584514192,c7df5069-5a61-460d-a186-d9d6b6de4033,code,1,done,APPROVED,codex,0,2026-09-15 07:59:26,2026-09-15 08:11:26
283fb287-e4bd-4bc8-995e-3046d0fb2f0c,8ccefe69-9698-4ce6-902c-92bdbc0ade2a,code,2,done,CHANGES_REQUESTED,codex,0,2026-09-15 08:10:38,2026-09-15 08:16:47
f9cf0f26-c708-4a04-8023-7328b2112a9f,c7df5069-5a61-460d-a186-d9d6b6de4033,code,3,done,CHANGES_REQUESTED,codex,0,2026-09-15 08:12:17,2026-09-15 08:13:57
58f2fc4b-dcc0-44a9-b8ff-4b0462d3bea3,d929ec70-51a2-48fb-8fb3-731483ee4964,code,2,failed,,codex,0,2026-09-15 08:15:58,
8ef2253f-4ea0-4924-9d45-f153c4e7b371,3657f99b-5dfb-47d8-b30e-85c61e8587c1,code,2,done,APPROVED,codex,0,2026-09-15 08:16:07,2026-09-15 08:28:37
9f3e44a9-2826-4362-a736-dcc1b8fdff59,ef3f3d08-a1ac-4ea5-b065-6e10a6f30a4d,code,1,done,CHANGES_REQUESTED,codex,0,2026-09-15 08:17:06,2026-09-15 08:37:24
5c3eda71-40db-4bdc-a030-ac5c958a388d,c7df5069-5a61-460d-a186-d9d6b6de4033,code,4,done,CHANGES_REQUESTED,codex,0,2026-09-15 08:21:57,2026-09-15 08:28:28
800b8fbe-cb43-45d6-886b-c1426246753c,8ccefe69-9698-4ce6-902c-92bdbc0ade2a,code,3,done,APPROVED,codex,0,2026-09-15 08:28:08,2026-09-15 08:42:36
cdc05def-efa7-4a5f-9477-74ab6b5e1980,d2ab41f3-6e52-46b4-8dce-a1f8b99d1028,code,1,failed,,codex,0,2026-09-15 08:29:43,
322a4d0f-89d8-440f-b71c-e10fd342b207,c7df5069-5a61-460d-a186-d9d6b6de4033,code,5,done,APPROVED,codex,0,2026-09-15 08:31:40,2026-09-15 08:36:06
0af9c8d3-5893-4c67-b993-3f8f917b1a57,3657f99b-5dfb-47d8-b30e-85c61e8587c1,code,3,done,APPROVED,codex,0,2026-09-15 08:37:13,2026-09-15 08:42:07
442c2df9-4f7e-4b77-aa42-b897948d8bba,d2ab41f3-6e52-46b4-8dce-a1f8b99d1028,code,2,failed,,codex,0,2026-09-15 08:51:34,
55c3ee0b-0f60-4024-98ed-03084a9f4e02,ef3f3d08-a1ac-4ea5-b065-6e10a6f30a4d,code,2,done,APPROVED,codex,0,2026-09-15 08:55:17,2026-09-15 09:01:26
3234b64d-e11c-4f74-b71c-31e6d2cca4c3,d2ab41f3-6e52-46b4-8dce-a1f8b99d1028,code,3,done,APPROVED,codex,0,2026-09-15 09:07:00,2026-09-15 09:18:16
2d7c19cd-5c47-4547-b422-9c9bdd51137e,ef3f3d08-a1ac-4ea5-b065-6e10a6f30a4d,code,3,done,APPROVED,codex,0,2026-09-15 09:12:33,2026-09-15 09:17:39
3f19c064-1af0-46f9-9e94-ac9e7a8d1ed3,e6cae5c0-6c9a-448f-b5cc-eb3236dd7cae,code,1,failed,,codex,0,2026-09-15 09:50:18,
fa7fb16e-b70a-4ad9-b12b-a4bf50e15f16,cbe26903-778f-45b8-b321-ee7fdd7cf06c,code,1,failed,,codex,0,2026-09-15 10:08:59,
2e662521-3309-467e-b857-933bc1b4d293,cbe26903-778f-45b8-b321-ee7fdd7cf06c,code,2,done,CHANGES_REQUESTED,codex,0,2026-09-15 10:19:58,2026-09-15 10:40:45
b63caecf-06af-4162-b121-034db29ecc67,1425d714-b549-4284-b0fe-116c5ff3e4a6,code,3,failed,,codex,0,2026-09-15 10:25:58,
d294c8e3-1fa2-4bae-972e-0730854a77fd,1425d714-b549-4284-b0fe-116c5ff3e4a6,code,4,done,APPROVED,codex,0,2026-09-15 10:33:27,2026-09-15 10:36:47
aba63f1b-7333-4352-843c-f02ac23ba561,702333ea-3aac-481f-9791-09038dab5119,code,1,failed,,codex,0,2026-09-15 10:41:59,
b0e1ffe6-79b1-4a78-b50a-d34a1c480c5c,702333ea-3aac-481f-9791-09038dab5119,code,2,done,APPROVED,codex,0,2026-09-15 10:46:44,2026-09-15 11:01:46
9e9ea2e4-7b4c-4b1c-919e-95c89734a3e0,cbe26903-778f-45b8-b321-ee7fdd7cf06c,code,3,done,APPROVED,codex,0,2026-09-15 11:00:44,2026-09-15 11:11:46
653bceb0-c6f2-45ce-9c55-372b1d8f8a8a,cec3f253-ec78-4f11-8391-690669b76ab5,code,1,done,APPROVED,codex,0,2026-09-15 16:27:29,2026-09-15 16:46:46
fce3ac43-032d-4530-ab1c-779cb68c0173,e0c055e7-2e2a-4189-969a-d37d3109aed6,code,1,done,CHANGES_REQUESTED,codex,0,2026-09-15 16:32:42,2026-09-15 16:56:34
d48c46b9-fdc4-4090-a24a-411c885b2d16,bc8d9c0b-e70b-4c6e-b1d3-749d2a35c604,code,1,done,CHANGES_REQUESTED,codex,0,2026-09-15 16:34:34,2026-09-15 16:56:31
7c21abad-c7de-4a6f-9a0f-f5abab0ce0c3,b1c0563e-580f-4458-ad50-ff565e8f0227,code,1,done,APPROVED,codex,0,2026-09-15 16:38:12,2026-09-15 17:06:52
6181e56f-33d8-4310-b457-09ae4fae8499,b84033d0-9025-421a-9888-7e00ae73617c,code,1,failed,,codex,0,2026-09-15 16:41:28,
8531ebaf-489c-42e0-bcfa-08b4876bb40e,b84033d0-9025-421a-9888-7e00ae73617c,code,2,done,APPROVED,codex,0,2026-09-15 16:44:10,2026-09-15 17:00:50
99b37aa3-508c-4ef7-afcf-1c91e478f5be,cec3f253-ec78-4f11-8391-690669b76ab5,code,1,done,APPROVED,codex,0,2026-09-15 16:48:16,2026-09-15 17:04:32
4792d04e-af90-4744-bae6-5b9abf3e11c2,8f0094ab-833f-4bea-9588-3e9b35dd23f6,code,1,failed,,codex,0,2026-09-15 16:56:07,
bfacc0bc-609d-48a0-aeff-382c8525988f,8f0094ab-833f-4bea-9588-3e9b35dd23f6,code,2,done,CHANGES_REQUESTED,codex,0,2026-09-15 17:04:02,2026-09-15 17:16:09
e469bb23-7082-4523-bd80-64a718cb7d9d,bc8d9c0b-e70b-4c6e-b1d3-749d2a35c604,code,2,done,APPROVED,codex,0,2026-09-15 17:05:04,2026-09-15 17:11:08
6b6478c7-4689-48e4-a021-590d157e6899,e0c055e7-2e2a-4189-969a-d37d3109aed6,code,2,failed,,codex,0,2026-09-15 17:06:49,
6e6b9f02-9f09-4573-b209-a6eb152a095f,f335cac6-4eaf-49ea-b55c-d49f6f19a7eb,code,1,done,APPROVED,codex,0,2026-09-15 17:17:37,2026-09-15 17:41:41
5e4793ab-9d8f-465b-8007-c4924a72feb2,e0c055e7-2e2a-4189-969a-d37d3109aed6,code,3,failed,,codex,0,2026-09-15 17:24:33,
7c183829-bccf-48b0-9e17-dee793396ade,8f0094ab-833f-4bea-9588-3e9b35dd23f6,code,3,done,APPROVED,codex,0,2026-09-15 17:27:47,2026-09-15 17:31:22
95d7dea6-1c5a-4b16-8df6-1c2f52c9bb11,8f0094ab-833f-4bea-9588-3e9b35dd23f6,code,4,done,APPROVED,codex,0,2026-09-15 17:40:16,2026-09-15 17:45:55
935ec889-feb1-40e9-b444-18515fed6785,e0c055e7-2e2a-4189-969a-d37d3109aed6,code,4,done,CHANGES_REQUESTED,codex,0,2026-09-15 17:47:02,2026-09-15 18:10:24
a570c356-cb4d-4dc1-90b6-eef6f344363d,e0c055e7-2e2a-4189-969a-d37d3109aed6,code,5,done,APPROVED,codex,0,2026-09-15 18:25:47,2026-09-15 18:34:46
2ec5700c-23a0-41f1-9957-fd6a9c968e59,556ebb26-b073-4738-972e-49346f50031b,code,1,done,APPROVED,codex,0,2026-09-15 18:43:46,2026-09-15 18:58:56
199b3160-beba-40a3-9195-c421fd08a7e1,b1c0563e-580f-4458-ad50-ff565e8f0227,code,2,done,APPROVED,codex,0,2026-09-15 18:44:03,2026-09-15 18:56:37
dabf1a25-e057-4b45-98a7-be73a442804c,5a9bd5d0-17ad-4940-8a67-03ff9b67e092,code,1,done,APPROVED,codex,0,2026-09-15 18:45:14,2026-09-15 18:56:44
205554c7-f057-4740-a3f8-f6e46a48f7d6,f335cac6-4eaf-49ea-b55c-d49f6f19a7eb,code,2,done,APPROVED,codex,0,2026-09-15 18:45:24,2026-09-15 18:52:35
d7b534c2-05a8-4e5a-b9df-c18745ea7903,e0c055e7-2e2a-4189-969a-d37d3109aed6,code,6,done,APPROVED,codex,0,2026-09-15 18:45:25,2026-09-15 19:00:36
ab1c17bc-fa4c-4b2d-bfcf-fec4093f5e6c,067fa75a-3b94-4de5-a70a-f157147e9b45,design,1,done,APPROVED,codex,0,2026-09-15 19:11:53,2026-09-15 19:24:39
1c7f2c58-8408-4073-a4e1-7edbefd53e66,067fa75a-3b94-4de5-a70a-f157147e9b45,code,1,done,APPROVED,codex,0,2026-09-15 19:21:08,2026-09-15 19:34:08
0e7e0505-1e8c-43ef-b1db-716089abecfb,fc75c116-07f5-4138-9c4f-1bb379472d89,code,1,done,APPROVED,codex,0,2026-09-15 19:52:43,2026-09-15 20:08:07
1ef5bca7-e3e1-4da4-92d6-0a7477a942a7,a70a514f-5882-4bc0-aa0e-c4d5002f01df,code,1,done,CHANGES_REQUESTED,codex,0,2026-09-16 00:04:50,2026-09-16 00:38:58
b4c045b2-ca47-42c2-b2dc-72284ba2a4f4,bf21d6f3-e068-45d2-95aa-9c53153faf1a,design,1,done,CHANGES_REQUESTED,codex,0,2026-09-16 00:28:10,2026-09-16 00:44:11
42bb3722-6f77-4d16-91a4-dde02d77c1bc,93e1ef68-1afa-459a-a0d1-d52eb4ad7a2e,design,1,done,CHANGES_REQUESTED,codex,0,2026-09-16 00:34:29,2026-09-16 00:49:49
732b0131-4515-45d6-a1ff-7247f15b6969,e518e773-6bb0-47ab-b17c-500a44fe2775,design,1,failed,,codex,0,2026-09-16 00:41:22,
70ed6df7-f0ed-4509-b69b-c73da1528080,bf21d6f3-e068-45d2-95aa-9c53153faf1a,design,2,done,CHANGES_REQUESTED,codex,0,2026-09-16 00:46:16,2026-09-16 00:55:20
35c87fa4-aae8-4485-8b6f-20f6a103c803,a70a514f-5882-4bc0-aa0e-c4d5002f01df,code,2,done,APPROVED,codex,0,2026-09-16 00:46:48,2026-09-16 00:54:44
6f8929e3-97b7-48ec-8d28-aae6a4104eb2,e518e773-6bb0-47ab-b17c-500a44fe2775,design,2,done,CHANGES_REQUESTED,codex,0,2026-09-16 00:49:17,2026-09-16 00:58:09
aec0d147-ef68-464a-bcae-dd9291ee44cd,bf21d6f3-e068-45d2-95aa-9c53153faf1a,design,3,done,APPROVED,codex,0,2026-09-16 00:57:00,2026-09-16 01:01:19
ffa14e82-0f1f-4867-ab5f-56dacc4a681c,95281478-5f33-4772-8fd0-c3f98ed718bf,design,1,done,CHANGES_REQUESTED,codex,0,2026-09-16 00:58:56,2026-09-16 01:12:17
2185cf78-7adc-4fcc-9320-726f75cb71e6,e518e773-6bb0-47ab-b17c-500a44fe2775,design,3,done,APPROVED,codex,0,2026-09-16 01:00:33,2026-09-16 01:05:06
f609c547-10e0-4bd8-868c-62a4d41c934f,93e1ef68-1afa-459a-a0d1-d52eb4ad7a2e,design,2,done,APPROVED,codex,0,2026-09-16 01:01:43,2026-09-16 01:09:37
6b3efa6b-abb3-4195-9c6d-0cef16f334cb,95281478-5f33-4772-8fd0-c3f98ed718bf,code,1,done,CHANGES_REQUESTED,codex,0,2026-09-16 01:06:19,2026-09-16 01:30:29
3fa6a871-5137-461e-a2a1-b7b22d48d532,538b06e0-f103-4b68-ad84-96f38d677bbe,code,1,done,CHANGES_REQUESTED,codex,0,2026-09-16 01:08:35,2026-09-16 01:29:57
1761aed1-5233-4844-aac8-373f3dade7b5,dd57b466-0a26-4d51-b32f-726ae6e3d311,design,1,done,CHANGES_REQUESTED,codex,0,2026-09-16 01:15:11,2026-09-16 01:30:30
b4303257-286e-49ee-ad48-256e6ac9133c,e518e773-6bb0-47ab-b17c-500a44fe2775,code,1,failed,,codex,0,2026-09-16 01:17:54,
e54f7b6b-cd6b-4253-be19-0695c0cd05de,538b06e0-f103-4b68-ad84-96f38d677bbe,code,2,done,APPROVED,codex,0,2026-09-16 01:35:39,2026-09-16 01:45:47
602973dd-84d4-4334-9681-b551d7f38baa,95281478-5f33-4772-8fd0-c3f98ed718bf,code,2,done,CHANGES_REQUESTED,codex,0,2026-09-16 01:36:07,2026-09-16 01:44:11
df0c3196-b02b-4bfc-9e47-e970141fbbc2,e518e773-6bb0-47ab-b17c-500a44fe2775,code,2,done,APPROVED,codex,0,2026-09-16 01:37:28,2026-09-16 01:53:37
637f806c-e620-45ab-aa84-2d910d47f227,dd57b466-0a26-4d51-b32f-726ae6e3d311,design,2,done,APPROVED,codex,0,2026-09-16 01:40:00,2026-09-16 01:47:57
d6385be6-7723-4966-b11c-e9a3241c1724,95281478-5f33-4772-8fd0-c3f98ed718bf,code,3,done,APPROVED,codex,0,2026-09-16 01:45:58,2026-09-16 01:53:54
ae548c60-2541-41b7-9b61-1a88554af61e,95281478-5f33-4772-8fd0-c3f98ed718bf,code,4,done,APPROVED,codex,0,2026-09-16 02:22:05,2026-09-16 02:28:50
e6b4fa50-2b03-40db-ab49-b7869211d679,bf21d6f3-e068-45d2-95aa-9c53153faf1a,code,1,failed,,codex,0,2026-09-16 02:43:06,
2aa12f4b-9b8a-4b0d-99cb-435eaa00d287,03e9aa3e-96be-41ed-a1bb-7c6f2cf8f3de,code,1,done,APPROVED,codex,0,2026-09-16 03:07:41,2026-09-16 03:21:12
2f99516a-fb77-4c4e-8ebd-b32eadce2110,e1829cb5-a636-43d6-8e03-623eb54d4d57,code,1,done,CHANGES_REQUESTED,codex,0,2026-09-16 03:09:42,2026-09-16 03:38:06
852b0e8c-64e9-409a-911e-d6c2e0870a1f,fabd68a3-0b4c-4315-83b6-83a26d7a9046,code,1,failed,,codex,0,2026-09-16 03:11:52,
66587b6e-1f8d-4679-ae3c-49342e5f965c,fabd68a3-0b4c-4315-83b6-83a26d7a9046,code,1,failed,,codex,0,2026-09-16 03:12:17,
a51ab4a6-91b9-4899-9846-fe3cbe043e43,fabd68a3-0b4c-4315-83b6-83a26d7a9046,code,2,failed,,codex,0,2026-09-16 03:15:41,
c96e6098-91ed-4370-b1f9-692002fa55a4,fa22d94c-042b-420f-99f3-5b9518b99e46,design,1,done,CHANGES_REQUESTED,codex,0,2026-09-16 03:25:24,2026-09-16 03:40:59
e814f6e7-85d4-4150-8350-b1dfd63c3396,fabd68a3-0b4c-4315-83b6-83a26d7a9046,code,3,done,APPROVED,codex,0,2026-09-16 03:36:03,2026-09-16 03:52:25
fb52367e-0243-4b32-9e0b-45693df13066,76ffba1b-7d17-4e95-a0cc-5dfd7a06dbd3,design,1,done,APPROVED,codex,0,2026-09-16 03:39:31,2026-09-16 03:52:21
c38233ab-b61e-49d8-8037-7f2708d4f9e5,fa22d94c-042b-420f-99f3-5b9518b99e46,design,2,done,CHANGES_REQUESTED,codex,0,2026-09-16 03:45:36,2026-09-16 04:11:21
94d751fb-0a15-4692-a43b-28c47e93aea4,bd5809a1-0069-4e41-9571-914f80847be6,code,1,done,CHANGES_REQUESTED,codex,0,2026-09-16 03:56:21,2026-09-16 04:25:08
bb7b7b63-86a8-4d6b-aeda-3fd3c8471a8a,2f2f6441-598c-44ee-a057-33d77b0f5932,code,1,done,CHANGES_REQUESTED,codex,0,2026-09-16 04:06:14,2026-09-16 04:14:45
38ecb606-6f5e-49fe-8588-1e1507207c7b,5c2f5ba2-c87b-427b-8551-bc43c6687df4,design,1,done,CHANGES_REQUESTED,codex,0,2026-09-16 04:10:26,2026-09-16 04:23:52
81287df0-b382-4618-895d-e6ed528e19f4,76ffba1b-7d17-4e95-a0cc-5dfd7a06dbd3,code,1,done,APPROVED,codex,0,2026-09-16 04:14:01,2026-09-16 04:24:03
ca2bcba3-2862-4279-9d91-a679ee1ddd5b,fa22d94c-042b-420f-99f3-5b9518b99e46,design,3,done,APPROVED,codex,0,2026-09-16 04:15:41,2026-09-16 04:19:17
f05e76e2-8e71-4c49-8fd3-e61acc93c587,2f2f6441-598c-44ee-a057-33d77b0f5932,code,2,done,APPROVED,codex,0,2026-09-16 04:17:36,2026-09-16 04:19:55
94288b54-50a5-4ff2-a792-4436c9c88119,5c2f5ba2-c87b-427b-8551-bc43c6687df4,design,2,done,CHANGES_REQUESTED,codex,0,2026-09-16 04:27:56,2026-09-16 04:33:47
f4c103ea-b11a-417d-9266-af0e25e2dd1f,2f2f6441-598c-44ee-a057-33d77b0f5932,code,1,done,APPROVED,codex,0,2026-09-16 04:37:15,2026-09-16 04:51:51
cb64e870-0bbf-4652-9d74-22e4dece3994,5c2f5ba2-c87b-427b-8551-bc43c6687df4,design,3,done,CHANGES_REQUESTED,codex,0,2026-09-16 04:37:39,2026-09-16 04:41:10
409e6126-409b-4f32-a62b-30f52a1c4393,5c2f5ba2-c87b-427b-8551-bc43c6687df4,design,4,done,APPROVED,codex,0,2026-09-16 04:45:07,2026-09-16 04:48:27
cc1e450c-9ef0-427c-a15a-1404499544eb,e1829cb5-a636-43d6-8e03-623eb54d4d57,code,2,done,APPROVED,codex,0,2026-09-16 05:18:08,2026-09-16 05:25:24
12e81bf8-d684-4f41-b644-d07e6797a257,e1829cb5-a636-43d6-8e03-623eb54d4d57,code,3,done,APPROVED,codex,0,2026-09-16 05:41:51,2026-09-16 05:54:09
a54eaba1-0bbb-4b79-98fe-d6776e9bd51b,35b23197-342c-4f5f-b506-7cad0b175e93,design,1,done,CHANGES_REQUESTED,codex,0,2026-09-16 05:53:26,2026-09-16 06:07:49
254d885c-78d1-4e40-9657-3587a2c575ff,35b23197-342c-4f5f-b506-7cad0b175e93,design,2,done,CHANGES_REQUESTED,codex,0,2026-09-16 06:12:30,2026-09-16 06:17:18
e6df50c6-e482-4ba0-94b0-6ce36f3e2bba,35b23197-342c-4f5f-b506-7cad0b175e93,design,3,done,APPROVED,codex,0,2026-09-16 06:19:18,2026-09-16 06:22:42
4d0e54a3-9b62-4c73-b164-a01e219d8591,76ffba1b-7d17-4e95-a0cc-5dfd7a06dbd3,code,2,done,APPROVED,codex,0,2026-09-16 06:47:04,2026-09-16 06:54:11
64e5a2b3-36d2-4465-8b31-47b2edc3fa15,d54d7422-472a-4f48-882b-0ce4fb056027,code,1,done,APPROVED,codex,0,2026-09-16 06:55:07,2026-09-16 07:16:53
8ee60bda-1cf5-473c-9d4a-b6bd758705d6,7a4c9ce4-59b8-47ca-8231-9cade3ad0790,code,1,done,APPROVED,codex,0,2026-09-16 07:19:07,2026-09-16 07:30:23
ca52cc8b-2de6-49e3-a1c7-8d02c08a3c80,7a4c9ce4-59b8-47ca-8231-9cade3ad0790,code,2,done,CHANGES_REQUESTED,codex,0,2026-09-16 07:33:04,2026-09-16 07:38:43
6d6d0d18-a02f-468c-be00-15c130692d77,7a4c9ce4-59b8-47ca-8231-9cade3ad0790,code,3,done,APPROVED,codex,0,2026-09-16 07:43:31,2026-09-16 07:46:54
43937527-83fb-4856-b592-e1700f969002,bd5809a1-0069-4e41-9571-914f80847be6,code,2,failed,,codex,0,2026-09-16 07:47:03,
ad82e230-d7d0-455c-9808-9f65eb264e57,9ce407a3-d956-45c0-9abb-6d36b8fc56c2,code,1,failed,,codex,0,2026-09-16 08:13:49,
626d6eeb-8df9-456b-b36a-672e3c73bf47,9ce407a3-d956-45c0-9abb-6d36b8fc56c2,code,2,done,CHANGES_REQUESTED,codex,0,2026-09-16 08:47:17,2026-09-16 08:50:49
ad6764b5-c514-4622-84c5-5f9cf3c9824e,9ce407a3-d956-45c0-9abb-6d36b8fc56c2,code,3,done,APPROVED,codex,0,2026-09-16 08:53:01,2026-09-16 08:57:24
b7684e0d-d3f5-4bc5-abc7-de99af2a4d00,7a4c9ce4-59b8-47ca-8231-9cade3ad0790,code,4,done,APPROVED,codex,0,2026-09-16 09:11:28,2026-09-16 09:17:25
a340ecf1-5cae-430a-88b5-03c6a1754bbd,41b90fe5-6c8b-483a-b3d4-220e360577ba,code,1,failed,,codex,0,2026-09-16 10:02:05,
d28adbdc-72be-4f6b-a1d5-a9448baef854,823730c9-5476-4677-b2f1-634bb0192302,code,1,done,CHANGES_REQUESTED,codex,0,2026-09-16 10:17:41,2026-09-16 10:32:28
99a2ac93-a3b1-4ec7-bf61-7d201d32e085,823730c9-5476-4677-b2f1-634bb0192302,code,2,done,APPROVED,codex,0,2026-09-16 10:36:36,2026-09-16 10:43:15
af67332a-36c4-477b-bd89-a61a6743e165,813e97ef-8bdd-452c-85a5-0454e7452a0d,code,1,failed,,codex,0,2026-09-16 11:01:10,
fbc9fac3-1163-4654-aa86-79e085256bfb,e34f8d15-815a-496b-b696-7e1ee23b3247,code,1,failed,,codex,0,2026-09-16 11:04:40,
76dd9115-d4c1-4728-974c-8451a7e4aefa,e34f8d15-815a-496b-b696-7e1ee23b3247,code,1,done,CHANGES_REQUESTED,codex,0,2026-09-16 11:04:48,2026-09-16 11:23:47
a0b5f4f2-8856-4785-931c-ce095015b88f,ae550b58-2a04-4fc1-9811-3c31d9889ca2,code,1,done,CHANGES_REQUESTED,codex,0,2026-09-16 11:15:12,2026-09-16 11:31:43
0d0a0aca-8f14-475c-958c-a8a5a17af75e,09a3fba0-4f77-4d2b-8330-32b2f11222a6,code,1,done,CHANGES_REQUESTED,codex,0,2026-09-16 11:26:49,2026-09-16 11:36:09
a7d41c8c-22fe-4323-96b6-0a0e3533fd17,823730c9-5476-4677-b2f1-634bb0192302,code,3,done,APPROVED,codex,0,2026-09-16 11:28:39,2026-09-16 11:34:22
bbad4a6f-ba9a-441e-9f7b-ef3e94a2bd42,ae550b58-2a04-4fc1-9811-3c31d9889ca2,code,2,done,APPROVED,codex,0,2026-09-16 11:37:14,2026-09-16 11:42:52
05f55aff-f265-40fb-a781-648e88433e41,09a3fba0-4f77-4d2b-8330-32b2f11222a6,code,2,done,CHANGES_REQUESTED,codex,0,2026-09-16 11:40:42,2026-09-16 11:45:25
75e35212-70c2-4b6c-8e37-c79c75646099,09a3fba0-4f77-4d2b-8330-32b2f11222a6,code,3,done,APPROVED,codex,0,2026-09-16 11:48:13,2026-09-16 11:51:37
c4197cdf-da5c-4aea-9e5a-2b9e9fd9c1c4,09a3fba0-4f77-4d2b-8330-32b2f11222a6,code,1,done,CHANGES_REQUESTED,codex,0,2026-09-16 12:23:50,2026-09-16 12:35:10
142ca1c6-c070-4c11-b77c-07032344689f,09a3fba0-4f77-4d2b-8330-32b2f11222a6,code,2,done,CHANGES_REQUESTED,codex,0,2026-09-16 12:41:51,2026-09-16 12:49:59
29b31c33-ceec-4102-b52a-926331c05efc,09a3fba0-4f77-4d2b-8330-32b2f11222a6,code,3,done,APPROVED,codex,0,2026-09-16 12:54:30,2026-09-16 12:58:19
44e4cca1-0ea4-4000-bcd1-44d5301e1480,ae550b58-2a04-4fc1-9811-3c31d9889ca2,code,3,done,APPROVED,codex,0,2026-09-16 13:28:06,2026-09-16 13:35:03
7683a310-5450-4b51-bba9-c1627396cbe6,3e134b5a-8c1f-4e29-9fce-f222a42db889,design,1,failed,,codex,0,2026-09-16 16:44:24,
7ff0dd49-d9b4-4479-b91a-c7a62f504c96,3e134b5a-8c1f-4e29-9fce-f222a42db889,design,2,done,CHANGES_REQUESTED,codex,0,2026-09-16 16:50:01,2026-09-16 17:03:12
0dd1a883-aa05-4357-b501-db4bc307c418,23fa4549-7e22-400c-ad32-f32f34c60ffa,code,1,done,CHANGES_REQUESTED,codex,0,2026-09-16 17:00:34,2026-09-16 17:30:19
455d26e1-00c2-45c3-a5da-6f30e9b85889,3e134b5a-8c1f-4e29-9fce-f222a42db889,design,3,done,APPROVED,codex,0,2026-09-16 17:06:04,2026-09-16 17:13:21
61be7a61-d89a-41a4-a944-08ad7d253b56,23fa4549-7e22-400c-ad32-f32f34c60ffa,code,2,done,APPROVED,codex,0,2026-09-16 18:30:26,2026-09-16 18:43:31
77e29e37-199b-4559-a424-96f2bab81d6e,5bdb9764-2f0c-4c39-a1a1-6abd95d5a5dd,code,1,done,CHANGES_REQUESTED,codex,0,2026-09-16 19:21:00,2026-09-16 19:33:34
d1b37a31-c87f-4881-b107-23d9d878a53b,f6ad8105-be75-44f3-8444-832f460d4646,code,1,done,CHANGES_REQUESTED,codex,0,2026-09-16 19:21:21,2026-09-16 19:45:05
c35ad7f9-bb5e-464f-a21c-fcb332e3fce0,19863e2b-bfec-45b6-96b5-d69459efbffe,code,1,failed,,codex,0,2026-09-16 19:47:21,
a6138178-806c-4554-9bea-a5e4baa980d2,5bdb9764-2f0c-4c39-a1a1-6abd95d5a5dd,code,2,done,CHANGES_REQUESTED,codex,0,2026-09-16 19:48:41,2026-09-16 19:56:07
9851b8de-12be-490f-ba35-8d415d9558a6,6b4c1aba-74c5-4ad1-adca-8394204eed71,code,1,done,CHANGES_REQUESTED,codex,0,2026-09-16 20:03:28,2026-09-16 20:19:40
e0be1184-fe88-432e-99a3-a4e3606d58dd,f6ad8105-be75-44f3-8444-832f460d4646,code,2,done,CHANGES_REQUESTED,codex,0,2026-09-16 20:04:11,2026-09-16 20:07:23
0ea533b1-530d-4de3-91ea-e5bd7004de13,3061f1f5-f36f-4c1c-8d2a-488e25485613,design,1,done,APPROVED,codex,0,2026-09-16 20:11:42,2026-09-16 20:17:43
f50f2bcc-06b4-4cd0-a55f-afe6a205e34b,5bdb9764-2f0c-4c39-a1a1-6abd95d5a5dd,code,3,done,CHANGES_REQUESTED,codex,0,2026-09-16 20:14:32,2026-09-16 20:18:17
79e937ba-6ad8-4b6e-90d1-a606c62f175e,f6ad8105-be75-44f3-8444-832f460d4646,code,3,done,APPROVED,codex,0,2026-09-16 20:16:08,2026-09-16 20:17:50
1d89d26b-1b16-401b-8086-70636c6aaf64,670d35fe-9418-4c90-9aa5-08042d92fa3a,design,1,done,CHANGES_REQUESTED,codex,0,2026-09-16 20:19:32,2026-09-16 20:26:52
769248a2-09e7-491d-a9a4-837f56b04449,5bdb9764-2f0c-4c39-a1a1-6abd95d5a5dd,code,4,done,CHANGES_REQUESTED,codex,0,2026-09-16 20:24:52,2026-09-16 20:27:40
c16d9c67-c9f3-4883-ab92-97a9510e4f93,670d35fe-9418-4c90-9aa5-08042d92fa3a,design,2,done,APPROVED,codex,0,2026-09-16 20:31:08,2026-09-16 20:33:59
e7cc2be2-0b26-4851-a94e-6838a317d5b1,dd5960a4-7410-4214-be63-490af5b837d0,code,1,failed,,codex,0,2026-09-16 20:32:46,
f999dd4b-0a6c-4647-9135-2752f1320f3b,6b4c1aba-74c5-4ad1-adca-8394204eed71,code,2,done,APPROVED,codex,0,2026-09-16 20:33:43,2026-09-16 20:38:34
ab88dfaa-31b1-44fc-9186-2ae14a31efc8,5bdb9764-2f0c-4c39-a1a1-6abd95d5a5dd,code,5,done,APPROVED,codex,0,2026-09-16 20:35:05,2026-09-16 20:38:40
b1422851-f293-4829-8439-ba958f05f5b2,f6ad8105-be75-44f3-8444-832f460d4646,code,4,done,APPROVED,codex,0,2026-09-16 20:41:52,2026-09-16 20:46:39
4318609c-3500-44c5-ac4e-60d0f89115f2,3061f1f5-f36f-4c1c-8d2a-488e25485613,code,1,done,APPROVED,codex,0,2026-09-16 20:45:39,2026-09-16 20:48:16
e81fb017-4391-4303-99e1-36007af2e12b,7a75a595-3951-4b83-a009-b85e14cad2d1,code,1,done,APPROVED,codex,0,2026-09-16 20:48:09,2026-09-16 21:05:15
f12aec56-fbe2-4f41-a882-731933e9f227,ca1c8038-3a37-4e86-b132-839db0a4c157,code,1,done,CHANGES_REQUESTED,codex,0,2026-09-16 21:01:37,2026-09-16 21:19:53
23e22f9e-4de4-4600-923b-628e95ddae98,966274b3-2c4a-4302-a6e6-578f2b24da82,code,1,failed,,codex,0,2026-09-16 21:14:41,
d294e567-3833-48a5-ac96-a762ebec4cbd,0f7e51d4-a3ac-4bcd-aed9-3d93ea726470,code,1,failed,,codex,0,2026-09-16 21:14:57,
6e7d901b-77c7-4538-a085-ff363ac839d8,66d07235-a624-400c-8bce-fa53cb26bf3b,code,1,failed,,codex,0,2026-09-16 21:16:25,
da22baf7-37bd-4674-a16e-254692824550,89b3e092-8777-4ae5-a815-4a90970c1d02,code,1,failed,,codex,0,2026-09-16 21:35:42,
e7604714-0f7a-4f51-a045-18474700970a,966274b3-2c4a-4302-a6e6-578f2b24da82,code,2,done,APPROVED,codex,0,2026-09-16 22:27:05,2026-09-16 22:38:52
f8161b74-6ad2-4e06-b99c-a3dbfbbc6299,66d07235-a624-400c-8bce-fa53cb26bf3b,code,2,done,APPROVED,codex,0,2026-09-16 22:37:19,2026-09-16 22:39:13
95a4068e-bcb1-480d-b553-a785d6f26cf1,89b3e092-8777-4ae5-a815-4a90970c1d02,code,2,done,CHANGES_REQUESTED,codex,0,2026-09-16 22:37:56,2026-09-16 22:52:43
4aa89844-963a-42dc-8fcb-925a5ad76272,966274b3-2c4a-4302-a6e6-578f2b24da82,code,1,done,APPROVED,codex,0,2026-09-16 22:41:27,2026-09-16 22:55:51
fcf482e9-eeca-48ba-980a-81224847463d,0f7e51d4-a3ac-4bcd-aed9-3d93ea726470,code,2,done,APPROVED,codex,0,2026-09-16 22:59:18,2026-09-16 23:06:49
371fd2a1-aae7-45c8-b9c9-c4532b11e5b7,89b3e092-8777-4ae5-a815-4a90970c1d02,code,3,failed,,codex,0,2026-09-16 23:07:04,
5e84d299-01ef-4116-aec2-a5b99cdf00ff,0f7e51d4-a3ac-4bcd-aed9-3d93ea726470,code,3,done,APPROVED,codex,0,2026-09-16 23:17:33,2026-09-16 23:21:04
71a41fc5-d20f-4136-9110-41169888f09e,153dfa8a-d17a-484d-9d48-cbe00822414d,code,1,failed,,codex,0,2026-09-16 23:21:19,
30c3e19a-061e-4d22-a211-9c12c1632302,3bfdc6b2-5d9e-4bf1-9a37-05da309619ef,code,1,done,CHANGES_REQUESTED,codex,0,2026-09-16 23:24:01,2026-09-16 23:38:17
01bafae5-b9fc-44ba-a979-bdedf3f68b26,0f7e51d4-a3ac-4bcd-aed9-3d93ea726470,code,4,done,APPROVED,codex,0,2026-09-16 23:29:06,2026-09-16 23:32:01
284c3394-7729-4511-86ce-e176b8c845eb,6f880aac-46c4-4d2d-858d-7d6301f9ef5a,code,1,failed,,codex,0,2026-09-16 23:36:17,
c46b56bc-b545-49e3-8bb5-1f37abcc8c27,6f880aac-46c4-4d2d-858d-7d6301f9ef5a,code,2,done,APPROVED,codex,0,2026-09-17 00:06:32,2026-09-17 00:07:18
e4eb5a35-ec34-45ed-8484-b3aee84e3b41,6f880aac-46c4-4d2d-858d-7d6301f9ef5a,code,3,done,APPROVED,codex,0,2026-09-17 00:22:23,2026-09-17 00:24:58
72d59733-6481-4c77-861e-37dd53e51e2c,3bfdc6b2-5d9e-4bf1-9a37-05da309619ef,code,2,done,APPROVED,codex,0,2026-09-17 00:33:37,2026-09-17 00:37:39
d847c18c-c3f7-46a8-8881-a77d864c5109,0f7e51d4-a3ac-4bcd-aed9-3d93ea726470,code,5,done,APPROVED,codex,0,2026-09-17 02:10:29,2026-09-17 02:12:52
72638744-063f-4211-ab0d-af572cb7c713,0cd35ab1-062f-4f15-8d8f-51a684218e8b,code,1,done,CHANGES_REQUESTED,codex,0,2026-09-17 02:51:12,2026-09-17 03:11:06
157aaa4a-23ac-43ed-a9fb-b2367d6bbd79,92f20bef-28e5-4dfa-bf2f-1ee64ead6e68,design,1,done,APPROVED,codex,0,2026-09-17 03:40:02,2026-09-17 03:48:30
22f85edc-f23a-4840-84a5-47479aa96e64,d0a62886-1831-4402-b5b3-49173d43525e,design,1,done,CHANGES_REQUESTED,codex,0,2026-09-17 04:10:28,2026-09-17 04:20:18
0597b23b-0149-4083-ba88-03e2aaf1a76e,0cd35ab1-062f-4f15-8d8f-51a684218e8b,code,2,done,APPROVED,codex,0,2026-09-17 04:26:08,2026-09-17 04:31:27
18246b01-e9ca-40a4-93f0-44180633f82e,d0a62886-1831-4402-b5b3-49173d43525e,design,2,done,APPROVED,codex,0,2026-09-17 04:28:43,2026-09-17 04:34:46
b798758c-5685-422a-8304-fd29884b32ce,0cd35ab1-062f-4f15-8d8f-51a684218e8b,code,3,done,APPROVED,codex,0,2026-09-17 04:37:30,2026-09-17 04:38:48
d85402e7-026e-479d-ab43-70d138751f45,92f20bef-28e5-4dfa-bf2f-1ee64ead6e68,code,1,failed,,codex,0,2026-09-17 04:45:37,
4924334f-de76-4ab1-92ee-d9754bc2a9ef,92f20bef-28e5-4dfa-bf2f-1ee64ead6e68,code,2,failed,,codex,0,2026-09-17 04:52:02,
915a8214-3fe1-40f2-8aa3-8707e23762d7,92f20bef-28e5-4dfa-bf2f-1ee64ead6e68,code,3,done,APPROVED,codex,0,2026-09-17 04:52:29,2026-09-17 04:54:01
7c0e095b-4fe0-4651-8352-45819cf9ec67,d0a62886-1831-4402-b5b3-49173d43525e,code,1,done,APPROVED,codex,0,2026-09-17 05:39:41,2026-09-17 05:49:11
1572cf69-eb3b-43e4-a5e5-76f86887b53b,d0a62886-1831-4402-b5b3-49173d43525e,code,2,done,APPROVED,codex,0,2026-09-17 05:51:10,2026-09-17 05:51:43
5e68440f-b832-4c68-b6d8-849e060e2900,d0a62886-1831-4402-b5b3-49173d43525e,code,3,done,APPROVED,codex,0,2026-09-17 06:11:35,2026-09-17 06:12:24
59e1eff6-468a-4d9f-a4fc-979249a9be10,d0a62886-1831-4402-b5b3-49173d43525e,code,4,done,APPROVED,codex,0,2026-09-17 06:14:32,2026-09-17 06:15:05
6719e26e-ca96-49cf-8179-7ff380e499af,d0a62886-1831-4402-b5b3-49173d43525e,code,5,done,APPROVED,codex,0,2026-09-17 08:50:43,2026-09-17 08:54:02
c6d6819a-1055-4f9c-af33-e21ad334bc59,75a72def-9c6a-4f20-a3cc-318f5d4eff9c,code,1,done,APPROVED,codex,0,2026-09-17 12:16:55,2026-09-17 12:25:22
c5fb9bf8-88af-4d75-a9b1-89ed3c34f9c4,782d2801-9d09-462a-aee2-c2a4f400504f,design,1,failed,,codex,0,2026-09-17 19:16:53,
96fb4c28-4e69-4212-ae8d-daddd5f17e0a,f8e4af62-14ac-44af-9067-b75f944a54d1,design,1,done,APPROVED,codex,0,2026-09-17 19:19:08,2026-09-17 19:29:22
9d8b97fe-8210-47a8-8890-56b365e1e79a,782d2801-9d09-462a-aee2-c2a4f400504f,design,2,done,CHANGES_REQUESTED,codex,0,2026-09-17 19:19:22,2026-09-17 19:26:46
e059a71b-65c7-461a-9249-d3f8958dddea,34627a91-90da-4f99-a1c5-79149cc00848,design,1,done,CHANGES_REQUESTED,codex,0,2026-09-17 19:22:27,2026-09-17 19:35:56
2d286aa9-863c-4d60-a1bb-e8172c00fa95,0238f1f5-004f-4bf8-a93d-2eef9a7dc892,design,1,done,CHANGES_REQUESTED,codex,0,2026-09-17 19:24:49,2026-09-17 19:36:19
712d7cc5-9bca-46ce-bca0-35f6fb20aa51,8c0960c0-9423-42d9-8e82-1f3873cc0d6f,design,1,failed,,codex,0,2026-09-17 19:25:00,
ac5eb120-cb7c-44af-82bc-cf282c2c2c34,8c0960c0-9423-42d9-8e82-1f3873cc0d6f,design,2,done,CHANGES_REQUESTED,codex,0,2026-09-17 19:29:51,2026-09-17 19:36:35
390d3b9c-6f10-4f16-94ca-c7d2f01ccc10,782d2801-9d09-462a-aee2-c2a4f400504f,design,3,done,CHANGES_REQUESTED,codex,0,2026-09-17 19:30:03,2026-09-17 19:35:49
0c2bf186-c8ea-4aac-9b84-c9446c0bb76e,782d2801-9d09-462a-aee2-c2a4f400504f,design,4,done,APPROVED,codex,0,2026-09-17 19:38:36,2026-09-17 19:40:55
fad65bdf-99a2-4b66-931c-29376757c388,8c0960c0-9423-42d9-8e82-1f3873cc0d6f,design,3,done,APPROVED,codex,0,2026-09-17 19:40:54,2026-09-17 19:45:23
104498bf-bfd8-4f6b-b50b-b3c3c16a865a,0238f1f5-004f-4bf8-a93d-2eef9a7dc892,design,2,done,APPROVED,codex,0,2026-09-17 19:41:02,2026-09-17 19:46:01
6ebe355f-5633-4162-8e41-75b6e0db25a9,34627a91-90da-4f99-a1c5-79149cc00848,design,2,done,CHANGES_REQUESTED,codex,0,2026-09-17 19:41:16,2026-09-17 19:46:26
733c7186-4e3d-48b4-92c6-cf5c94e30374,5dfe3ccb-3e4e-49c2-8dcf-36d31705bc98,design,1,done,CHANGES_REQUESTED,codex,0,2026-09-17 19:53:53,2026-09-17 20:04:16
f0395d6d-3fc9-4177-bb5e-45197e3d742a,a3d9ec8a-9a15-4e16-ab12-d500f66d0292,design,1,done,CHANGES_REQUESTED,codex,0,2026-09-17 19:53:58,2026-09-17 20:03:26
5e8c836e-6a1e-4d8a-9d89-0b0952692872,0238f1f5-004f-4bf8-a93d-2eef9a7dc892,design,3,done,APPROVED,codex,0,2026-09-17 19:55:07,2026-09-17 20:01:02
fecadaaa-a49e-4b97-a9ed-6372aafd6419,1b9496f4-ed99-48d7-a664-5e89af0b5183,code,1,done,CHANGES_REQUESTED,codex,0,2026-09-17 19:56:10,2026-09-17 20:03:37
e99102a5-9f07-435d-97ff-db4a5849b1c2,34627a91-90da-4f99-a1c5-79149cc00848,design,3,done,APPROVED,codex,0,2026-09-17 19:57:09,2026-09-17 20:03:04
5dd78018-6c88-4afe-acdd-be33d313fc0d,0d4a33b8-c99f-4f0f-b9cc-8d240a33458f,design,1,done,CHANGES_REQUESTED,codex,0,2026-09-17 20:04:45,2026-09-17 20:14:27
168824e9-ddcd-48f4-8d5d-a9c276312483,fd1238b7-42da-4d48-845a-a239201455c0,design,1,done,CHANGES_REQUESTED,codex,0,2026-09-17 20:04:49,2026-09-17 20:13:39
45e1665b-3020-4c84-b47f-d17d14ccd2ce,5dfe3ccb-3e4e-49c2-8dcf-36d31705bc98,design,2,done,CHANGES_REQUESTED,codex,0,2026-09-17 20:07:07,2026-09-17 20:14:04
f21ab753-cde4-41c0-8f5e-dbe5223892ea,a3d9ec8a-9a15-4e16-ab12-d500f66d0292,design,2,done,APPROVED,codex,0,2026-09-17 20:08:30,2026-09-17 20:14:19
ce23a38e-6138-483e-8d59-70e87ef8ddda,1b9496f4-ed99-48d7-a664-5e89af0b5183,code,2,failed,,codex,0,2026-09-17 20:11:35,
573e3ee4-9c04-4648-a2f5-a6d14f787c7f,5dfe3ccb-3e4e-49c2-8dcf-36d31705bc98,design,3,done,APPROVED,codex,0,2026-09-17 20:16:42,2026-09-17 20:21:30
f1674d67-332d-49db-b0f4-3beaa829cbb4,fd1238b7-42da-4d48-845a-a239201455c0,design,2,done,APPROVED,codex,0,2026-09-17 20:18:16,2026-09-17 20:22:28
b8dfdb9c-66ff-4d7c-b0e6-0ed59146aeb7,0d4a33b8-c99f-4f0f-b9cc-8d240a33458f,design,2,done,CHANGES_REQUESTED,codex,0,2026-09-17 20:18:32,2026-09-17 20:26:27
8999a66c-f4a8-4ea4-b529-489f2af5ee89,1b9496f4-ed99-48d7-a664-5e89af0b5183,code,3,done,APPROVED,codex,0,2026-09-17 20:26:13,2026-09-17 20:30:36
23cc8d5f-1552-448d-abfd-d13a8d0ba77b,5dfe3ccb-3e4e-49c2-8dcf-36d31705bc98,design,4,done,APPROVED,codex,0,2026-09-17 20:29:19,2026-09-17 20:41:24
676d3568-ec07-4c06-bb60-11a915bd434e,0d4a33b8-c99f-4f0f-b9cc-8d240a33458f,design,3,done,APPROVED,codex,0,2026-09-17 20:29:51,2026-09-17 20:36:38
17038729-4a27-409e-888e-e077307a68f8,0d4a33b8-c99f-4f0f-b9cc-8d240a33458f,design,4,done,APPROVED,codex,0,2026-09-17 20:38:58,2026-09-17 20:44:48
4417fc13-5b03-4d4f-99f5-4375e5b8f744,3fa84202-a438-42d0-a9f2-4af8e9ea0be6,design,1,done,APPROVED,codex,0,2026-09-17 21:38:54,2026-09-17 21:50:32
214d1cce-6d7a-4a25-95a2-35ebbd1c21e0,b0402019-5e1f-4fa4-aba0-08b349dcac55,code,1,done,CHANGES_REQUESTED,codex,0,2026-09-17 21:42:00,2026-09-17 21:54:17
b1f06a62-cc89-4de5-be8e-8dc261f4d3db,b0402019-5e1f-4fa4-aba0-08b349dcac55,code,2,done,APPROVED,codex,0,2026-09-17 22:00:12,2026-09-17 22:04:20
bd393e37-932d-4b29-a542-1e996fc18dcb,fd1238b7-42da-4d48-845a-a239201455c0,code,1,done,APPROVED,codex,0,2026-09-17 22:01:05,2026-09-17 22:09:03
889dca92-2c26-4582-a2c0-ff2a9578918e,fe108a3c-6423-40c0-a69f-9aedc1691acf,design,1,done,APPROVED,codex,0,2026-09-17 22:33:29,2026-09-17 22:45:26
7dc73bd3-bf2f-476a-8ca0-df2388cab814,4db3d52d-0af0-4ea3-9a64-aa32fcb64b85,code,1,done,CHANGES_REQUESTED,codex,0,2026-09-17 22:53:07,2026-09-17 23:10:17
3083d00b-657b-4f26-b3f2-8d9a55d6512e,782d2801-9d09-462a-aee2-c2a4f400504f,code,1,done,CHANGES_REQUESTED,codex,0,2026-09-17 22:56:06,2026-09-17 23:10:30
0f4ea643-6bbc-4a44-9dc2-e2c502f78964,4db3d52d-0af0-4ea3-9a64-aa32fcb64b85,code,2,done,APPROVED,codex,0,2026-09-17 23:13:54,2026-09-17 23:19:13
b6ca0e76-55a7-4f49-982b-01549da261c6,782d2801-9d09-462a-aee2-c2a4f400504f,code,2,done,CHANGES_REQUESTED,codex,0,2026-09-17 23:16:44,2026-09-17 23:22:44
65efd0ec-6167-4c80-8f38-9a7e4080e9fa,36aa918b-29eb-4d0c-9c51-5f36bc28938f,design,1,done,CHANGES_REQUESTED,codex,0,2026-09-17 23:20:43,2026-09-17 23:34:08
04f94bde-7fe8-4d6c-878b-f5d40f120782,782d2801-9d09-462a-aee2-c2a4f400504f,code,3,done,APPROVED,codex,0,2026-09-17 23:29:54,2026-09-17 23:36:46
72f6f9bc-80ae-4a7f-bc22-806777aa5b7d,36aa918b-29eb-4d0c-9c51-5f36bc28938f,design,2,done,APPROVED,codex,0,2026-09-17 23:38:43,2026-09-17 23:45:45
94c7d167-cb8c-4c69-9ce5-716c9b719c7f,31d7e809-16a8-47ef-a62d-c65afdca7250,design,1,done,CHANGES_REQUESTED,codex,0,2026-09-17 23:40:06,2026-09-17 23:51:41
b32c581f-7c30-4dc3-bd05-8dafef6f1a1a,4db3d52d-0af0-4ea3-9a64-aa32fcb64b85,code,3,done,APPROVED,codex,0,2026-09-17 23:40:54,2026-09-17 23:57:55
2d36d872-a509-46a3-a1cc-962c5ca9433e,31d7e809-16a8-47ef-a62d-c65afdca7250,design,2,done,APPROVED,codex,0,2026-09-17 23:54:59,2026-09-18 00:02:00
e0383bdb-de1e-4a96-a7e4-20df96a85d25,f5d5cbf5-ad56-4cd6-89ab-e68f1de6dd5d,code,1,done,CHANGES_REQUESTED,codex,0,2026-09-18 00:09:47,2026-09-18 00:26:51
f8902e80-4aee-4ac3-a447-49937135160a,89611068-cd78-49c6-a2eb-2560ab098085,code,1,done,CHANGES_REQUESTED,codex,0,2026-09-18 00:24:58,2026-09-18 00:36:27
9ea5eb66-d043-43ff-b7a2-471f00e92f05,dc47ba20-d9f4-426e-9426-6feadc99c9a4,code,1,failed,,codex,0,2026-09-18 00:30:05,
ebc38c0c-d97f-4824-923c-4d22b05bfb5b,36564f5e-e336-40ca-a9e2-aec7fc95932a,code,1,done,CHANGES_REQUESTED,codex,0,2026-09-18 00:35:58,2026-09-18 00:49:39
656f6aff-2b89-4290-be4a-d91e5c19788b,89611068-cd78-49c6-a2eb-2560ab098085,code,2,done,APPROVED,codex,0,2026-09-18 00:39:26,2026-09-18 00:40:43
185e9d82-df8d-413c-9aaf-4f172aa5f48e,c62db952-d307-4042-83b2-f49fd7fb5621,code,1,failed,,codex,0,2026-09-18 00:40:38,
581c0747-b6cb-43af-bcab-060311ad894f,8f4da583-8cce-429b-9132-45002708d6d7,code,1,failed,,codex,0,2026-09-18 00:42:48,
961962ed-757b-4f88-9521-e34bcc3687b3,dc47ba20-d9f4-426e-9426-6feadc99c9a4,code,2,done,CHANGES_REQUESTED,codex,0,2026-09-18 00:44:37,2026-09-18 00:56:15
0ca7aaa3-3071-4924-b558-8ac62ef34205,08a7ebf8-2ee0-4a2d-96a1-69269df3508a,code,1,failed,,codex,0,2026-09-18 00:47:23,
db92ba87-b7b8-4db1-be07-1d275f3c0cea,4b8e150d-ef55-493a-87c6-9afcbea56c8a,design,1,done,CHANGES_REQUESTED,codex,0,2026-09-18 00:51:22,2026-09-18 01:00:15
9c062c71-fcd1-4391-b360-665fb664fac2,c62db952-d307-4042-83b2-f49fd7fb5621,code,2,failed,,codex,0,2026-09-18 00:51:56,
0d030c38-b4c6-49bd-ad59-5a788543927c,4db3d52d-0af0-4ea3-9a64-aa32fcb64b85,code,4,done,APPROVED,codex,0,2026-09-18 00:52:15,2026-09-18 00:55:43
4fe9dc6c-eb1b-43dd-ba8e-5a27cb48da92,8f4da583-8cce-429b-9132-45002708d6d7,code,2,done,CHANGES_REQUESTED,codex,0,2026-09-18 00:52:37,2026-09-18 00:56:06
44127948-8133-46c7-ae7b-d9160cf4ce4c,c62db952-d307-4042-83b2-f49fd7fb5621,code,3,done,CHANGES_REQUESTED,codex,0,2026-09-18 00:52:38,2026-09-18 01:05:08
640766da-a917-4489-8d7e-fa9a11e19a4b,f5d5cbf5-ad56-4cd6-89ab-e68f1de6dd5d,code,2,done,CHANGES_REQUESTED,codex,0,2026-09-18 00:56:40,2026-09-18 01:12:49
ac16432a-9679-48ae-8c50-de30846df8de,105f1938-10fb-4303-947f-1d8ad95f4fe4,design,1,failed,,codex,0,2026-09-18 00:57:34,
9ce11c62-10a3-4eb1-8561-c836bcd96213,08a7ebf8-2ee0-4a2d-96a1-69269df3508a,code,2,done,CHANGES_REQUESTED,codex,0,2026-09-18 00:58:13,2026-09-18 01:01:11
75c19236-b704-40a2-8a88-17078030aefa,196865ef-5793-4c95-8212-eb3ee7bc2f60,design,1,done,CHANGES_REQUESTED,codex,0,2026-09-18 01:02:42,2026-09-18 01:10:08
cfd02d48-39e3-4106-b0f8-ba4c2f549d08,8f4da583-8cce-429b-9132-45002708d6d7,code,3,done,APPROVED,codex,0,2026-09-18 01:03:19,2026-09-18 01:06:06
87415d51-084a-40ad-93d4-c1140d305411,105f1938-10fb-4303-947f-1d8ad95f4fe4,design,2,done,CHANGES_REQUESTED,codex,0,2026-09-18 01:03:46,2026-09-18 01:09:05
4e6021a5-c29f-482d-bd7d-ab28565b2a80,4b8e150d-ef55-493a-87c6-9afcbea56c8a,design,2,done,APPROVED,codex,0,2026-09-18 01:04:12,2026-09-18 01:07:41
251eb5a5-4fd9-4b2f-9dde-1b6d77853955,36564f5e-e336-40ca-a9e2-aec7fc95932a,code,2,done,CHANGES_REQUESTED,codex,0,2026-09-18 01:04:39,2026-09-18 01:07:16
41267f2c-c237-489d-92d6-6659b60c02d6,dc47ba20-d9f4-426e-9426-6feadc99c9a4,code,3,done,APPROVED,codex,0,2026-09-18 01:07:18,2026-09-18 01:11:43
b65ac5b4-0b21-48ed-a359-a62d97259810,08a7ebf8-2ee0-4a2d-96a1-69269df3508a,code,3,done,APPROVED,codex,0,2026-09-18 01:10:11,2026-09-18 01:12:22
5cc6efab-1234-4b00-aacb-7d5947a323b9,105f1938-10fb-4303-947f-1d8ad95f4fe4,design,3,done,APPROVED,codex,0,2026-09-18 01:13:20,2026-09-18 01:16:44
6de4f29e-29dc-4a93-bf55-70b9191f0878,8f4da583-8cce-429b-9132-45002708d6d7,code,4,done,APPROVED,codex,0,2026-09-18 01:14:26,2026-09-18 01:15:23
44778366-86b0-4b35-8b6c-f37b26c1498a,36564f5e-e336-40ca-a9e2-aec7fc95932a,code,3,done,APPROVED,codex,0,2026-09-18 01:16:52,2026-09-18 01:19:13
384bd7ed-b0e5-405c-b22a-574e3969d4f7,196865ef-5793-4c95-8212-eb3ee7bc2f60,design,2,done,APPROVED,codex,0,2026-09-18 01:18:16,2026-09-18 01:22:27
17d4814d-477a-4119-b5f5-f7b4f4ab8cb7,89611068-cd78-49c6-a2eb-2560ab098085,code,3,done,APPROVED,codex,0,2026-09-18 01:21:52,2026-09-18 01:24:22
e93dc49e-3f39-47b0-b95f-a878310570e8,4db3d52d-0af0-4ea3-9a64-aa32fcb64b85,code,5,done,APPROVED,codex,0,2026-09-18 01:24:06,2026-09-18 01:25:36
d32761e5-07a5-4212-8f6f-6dc715eb8ac1,c62db952-d307-4042-83b2-f49fd7fb5621,code,4,done,CHANGES_REQUESTED,codex,0,2026-09-18 01:27:01,2026-09-18 01:33:51
7c2b7454-4b2b-402c-a6b9-f59ab49b636d,89611068-cd78-49c6-a2eb-2560ab098085,code,4,done,APPROVED,codex,0,2026-09-18 01:27:11,2026-09-18 01:28:31
7f3018b2-936c-45ae-b11c-d353a3244137,c62db952-d307-4042-83b2-f49fd7fb5621,code,5,done,APPROVED,codex,0,2026-09-18 01:36:00,2026-09-18 01:37:17
dd1a2bd1-8ba7-4c26-b48e-ea7591e2ee6b,f5d5cbf5-ad56-4cd6-89ab-e68f1de6dd5d,code,3,done,CHANGES_REQUESTED,codex,0,2026-09-18 01:36:40,2026-09-18 01:57:58
16251bc9-650e-49b5-b746-77d47560e3cf,c62db952-d307-4042-83b2-f49fd7fb5621,code,6,done,APPROVED,codex,0,2026-09-18 01:47:29,2026-09-18 01:50:21
981f09c0-d5c5-4a83-8e34-ec3993b284cb,8f4da583-8cce-429b-9132-45002708d6d7,code,5,done,APPROVED,codex,0,2026-09-18 01:50:31,2026-09-18 01:51:35
f34da588-7a31-43c8-a33a-796dc401f716,fe108a3c-6423-40c0-a69f-9aedc1691acf,code,1,done,APPROVED,codex,0,2026-09-18 02:01:23,2026-09-18 02:07:52
44cb0537-e0a2-47e0-9d6b-6e482c941102,dc47ba20-d9f4-426e-9426-6feadc99c9a4,code,4,done,APPROVED,codex,0,2026-09-18 02:07:48,2026-09-18 02:10:07
f5634185-e52d-490c-9a10-975fb75ec7a3,4db3d52d-0af0-4ea3-9a64-aa32fcb64b85,code,6,done,APPROVED,codex,0,2026-09-18 02:19:23,2026-09-18 02:23:42
b39f38ec-19d9-4fa5-a02e-4618a99fbd51,f5d5cbf5-ad56-4cd6-89ab-e68f1de6dd5d,code,4,done,APPROVED,codex,0,2026-09-18 02:19:47,2026-09-18 02:50:16
3c4fbe31-ef31-4c17-aa99-d7c65c86fc1b,782d2801-9d09-462a-aee2-c2a4f400504f,code,4,done,APPROVED,codex,0,2026-09-18 02:26:39,2026-09-18 02:34:38
d88522b5-8904-4fb4-9e03-3e2b28fbda9a,f6274caf-1bb9-43b2-b8d9-74dd5014854b,code,1,done,CHANGES_REQUESTED,codex,0,2026-09-18 03:09:14,2026-09-18 03:26:55
f88830c5-dedb-438a-95c1-84ad6890f933,46fd3551-4dc5-4533-9702-14ddc64cec87,code,1,failed,,codex,0,2026-09-18 03:32:57,
77f1e3c0-cc5f-4359-94dd-c48589df27eb,46fd3551-4dc5-4533-9702-14ddc64cec87,code,2,failed,,codex,0,2026-09-18 03:42:19,
86b02c9c-4da5-44bd-ba03-21f9a242ea9c,46fd3551-4dc5-4533-9702-14ddc64cec87,code,3,done,CHANGES_REQUESTED,codex,0,2026-09-18 03:55:01,2026-09-18 04:11:33
7a916b41-687d-4478-a6be-d723b83dfedf,b309fb9c-493c-4893-81ba-7248bcde4d30,code,1,done,CHANGES_REQUESTED,codex,0,2026-09-18 04:06:27,2026-09-18 04:25:32
e9c3151b-9d70-4c0d-ba0c-0ddbbfb430f3,8885f2b0-87b1-4283-9897-984309d96787,design,1,done,CHANGES_REQUESTED,codex,0,2026-09-18 04:46:06,2026-09-18 04:54:11
5c3e93e6-8c9e-4e03-8bf8-4ef3d9f5ab4a,8885f2b0-87b1-4283-9897-984309d96787,design,2,done,APPROVED,codex,0,2026-09-18 04:59:35,2026-09-18 05:04:12
beb57951-9967-471c-9203-b08eab5de2a7,8885f2b0-87b1-4283-9897-984309d96787,design,3,failed,,codex,0,2026-09-18 05:05:32,
6eadbec6-187c-433b-9179-84ad495a9d65,8885f2b0-87b1-4283-9897-984309d96787,design,4,done,APPROVED,codex,0,2026-09-18 05:06:43,2026-09-18 05:11:36
b1da5534-07a3-46e6-a531-37264999e637,b309fb9c-493c-4893-81ba-7248bcde4d30,code,2,done,APPROVED,codex,0,2026-09-18 05:48:39,2026-09-18 05:54:58
abc567f7-ec13-445e-be71-4ce261bcf686,f6274caf-1bb9-43b2-b8d9-74dd5014854b,code,2,done,APPROVED,codex,0,2026-09-18 05:53:53,2026-09-18 06:01:25
38cc4dae-a8e2-4873-bb24-35417d957772,032b2026-c208-4b44-83aa-97d13250aae5,code,1,done,CHANGES_REQUESTED,codex,0,2026-09-18 05:55:23,2026-09-18 06:06:48
c76c2ab4-3988-41fc-b163-596b3e40327d,286a1527-4b51-46ec-b4f3-9279d5fecdfa,code,1,done,APPROVED,codex,0,2026-09-18 05:57:38,2026-09-18 06:19:18
017940d5-bd35-49b7-b497-90f39c4b3c60,c14f61dc-e8cb-4a08-9d9d-554ed58740c2,code,1,done,CHANGES_REQUESTED,codex,0,2026-09-18 05:58:10,2026-09-18 06:12:42
f02ef5ba-0402-4aad-8e54-60f9ef1552fc,46fd3551-4dc5-4533-9702-14ddc64cec87,code,4,done,CHANGES_REQUESTED,codex,0,2026-09-18 05:59:11,2026-09-18 06:17:01
403e9060-a1a4-46ff-831d-044e766f0f68,5458eb7c-e38b-46b5-95c4-2a5d5aa9c496,code,1,done,CHANGES_REQUESTED,codex,0,2026-09-18 06:02:17,2026-09-18 06:12:14
740497fd-33a9-46d7-b12b-59dbc7e4bab8,104a604c-2ac1-40f3-94b1-f78f7be924ef,code,1,done,APPROVED,codex,0,2026-09-18 06:04:40,2026-09-18 06:20:55
1fdbf5bf-8029-4d96-a439-ab102b70a32d,04cd13a3-1567-40f7-93c7-e6cded84609d,code,1,done,CHANGES_REQUESTED,codex,0,2026-09-18 06:06:30,2026-09-18 06:23:43
0677275a-3844-4f05-9dd3-004bf01f0286,18d7e3b1-7e70-4c55-93f2-1d580f71a78a,code,1,done,APPROVED,codex,0,2026-09-18 06:10:46,2026-09-18 06:24:42
d7ab6f48-fe2a-458b-9b31-95b9a1896a7e,8ca42b23-e25c-497e-b623-deaef413b86e,design,1,done,CHANGES_REQUESTED,codex,0,2026-09-18 06:14:12,2026-09-18 06:36:47
f1905b14-9f15-4cc9-b698-b3d477a19153,032b2026-c208-4b44-83aa-97d13250aae5,code,2,done,CHANGES_REQUESTED,codex,0,2026-09-18 06:16:42,2026-09-18 06:20:33
b5781237-abc3-458c-87e2-e6535ff96e1b,c14f61dc-e8cb-4a08-9d9d-554ed58740c2,code,2,done,CHANGES_REQUESTED,codex,0,2026-09-18 06:22:48,2026-09-18 06:28:25
3de6319e-1e71-41cd-a4dc-d42490056897,104a604c-2ac1-40f3-94b1-f78f7be924ef,code,2,done,APPROVED,codex,0,2026-09-18 06:24:18,2026-09-18 06:27:26
66537b28-a7f0-48f5-ae99-4fca75a658c7,032b2026-c208-4b44-83aa-97d13250aae5,code,3,done,APPROVED,codex,0,2026-09-18 06:26:19,2026-09-18 06:29:58
5580f6fb-672a-4b65-ae73-91531d9f1004,04cd13a3-1567-40f7-93c7-e6cded84609d,code,2,done,APPROVED,codex,0,2026-09-18 06:30:43,2026-09-18 06:37:07
f4eef7f4-7669-487e-a94f-af5a93915f8e,18d7e3b1-7e70-4c55-93f2-1d580f71a78a,code,2,done,APPROVED,codex,0,2026-09-18 06:33:48,2026-09-18 06:36:08
2519c07a-94fa-4deb-88c7-960b80eac0b7,c14f61dc-e8cb-4a08-9d9d-554ed58740c2,code,3,done,CHANGES_REQUESTED,codex,0,2026-09-18 06:36:41,2026-09-18 06:39:51
6f9b70ef-f19e-4a56-ac73-a6c048e1d090,46fd3551-4dc5-4533-9702-14ddc64cec87,code,5,failed,,codex,0,2026-09-18 06:38:15,
bfa3ff72-03f6-442c-ae72-fce927875202,c14f61dc-e8cb-4a08-9d9d-554ed58740c2,code,4,done,CHANGES_REQUESTED,codex,0,2026-09-18 06:44:07,2026-09-18 06:46:59
8cc80c2e-1db5-49d3-b7b9-5c13e4a1cedd,18d7e3b1-7e70-4c55-93f2-1d580f71a78a,code,3,done,APPROVED,codex,0,2026-09-18 06:44:39,2026-09-18 06:46:36
bd8d111e-b3e3-422e-8a22-5de82c8b4ac0,032b2026-c208-4b44-83aa-97d13250aae5,code,4,done,APPROVED,codex,0,2026-09-18 06:47:49,2026-09-18 06:50:14
7acd35c4-ed50-4201-8f8c-d491eda912cd,04cd13a3-1567-40f7-93c7-e6cded84609d,code,3,done,APPROVED,codex,0,2026-09-18 06:54:46,2026-09-18 06:56:42
3ff31337-b0d9-4358-8e70-17171abd79c7,c14f61dc-e8cb-4a08-9d9d-554ed58740c2,code,5,done,CHANGES_REQUESTED,codex,0,2026-09-18 06:55:49,2026-09-18 06:58:19
a9182ea3-c0bc-4bdc-aaba-dbaa27156262,8ca42b23-e25c-497e-b623-deaef413b86e,design,2,done,APPROVED,codex,0,2026-09-18 06:56:57,2026-09-18 07:04:18
d2b86754-1be6-4546-b40d-fad7adddeec3,42a93b0b-0cc1-447f-89af-39feecd610be,code,1,done,APPROVED,codex,0,2026-09-18 07:03:38,2026-09-18 07:10:33
18dce2d7-e3db-4f16-98ee-0fb5387a9c1d,c14f61dc-e8cb-4a08-9d9d-554ed58740c2,code,6,done,APPROVED,codex,0,2026-09-18 07:04:34,2026-09-18 07:07:35
a0ad67cb-462e-4406-8c07-7c515685d2bd,87b554b8-f83b-44c5-8f7d-bf560202e82f,code,1,done,APPROVED,codex,0,2026-09-18 07:06:54,2026-09-18 07:19:44
cc735c48-a4c3-4245-a011-d507bc98884c,bad152d9-b932-4c81-a063-6c66ee8e0187,design,1,done,CHANGES_REQUESTED,codex,0,2026-09-18 07:07:06,2026-09-18 07:16:33
ecd90636-2060-4c50-abad-d584467b60af,18d7e3b1-7e70-4c55-93f2-1d580f71a78a,code,4,done,APPROVED,codex,0,2026-09-18 07:12:33,2026-09-18 07:13:44
d4bf89b1-ed45-4349-acfe-87cd203590ae,87c83ac5-4e0e-42ac-a42a-e02c04acd2d3,code,1,failed,,codex,0,2026-09-18 07:20:02,
7af0a7e0-d626-45eb-b26e-a5daf3e8d3db,c14f61dc-e8cb-4a08-9d9d-554ed58740c2,code,7,done,APPROVED,codex,0,2026-09-18 07:23:37,2026-09-18 07:24:52
a45158c4-0312-403d-b23c-0a342b378eed,aac0a4ef-b44d-41d2-9c67-4e3ff597ad5c,design,1,done,CHANGES_REQUESTED,codex,0,2026-09-18 07:31:54,2026-09-18 07:42:12
7f47d660-9338-4b19-967e-9429ccec2545,aac0a4ef-b44d-41d2-9c67-4e3ff597ad5c,design,2,done,APPROVED,codex,0,2026-09-18 07:49:21,2026-09-18 07:51:32
b12995d4-7d03-4325-ba1f-65954146a0c3,8885f2b0-87b1-4283-9897-984309d96787,code,1,done,CHANGES_REQUESTED,codex,0,2026-09-18 07:54:20,2026-09-18 08:03:36
48cfd2bd-e3b8-4463-8633-c31b2a8bb48b,b309fb9c-493c-4893-81ba-7248bcde4d30,code,3,done,CHANGES_REQUESTED,codex,0,2026-09-18 07:58:50,2026-09-18 08:04:04
5b4aae98-845c-4f2c-8d6a-46b4dfe818a3,87c83ac5-4e0e-42ac-a42a-e02c04acd2d3,code,2,done,CHANGES_REQUESTED,codex,0,2026-09-18 08:02:59,2026-09-18 08:07:02
f5a71d81-5c71-417c-97be-6642df61dc41,892c5e36-46d0-4cae-a424-5e8a163fa898,code,1,done,APPROVED,codex,0,2026-09-18 08:04:22,2026-09-18 08:21:48
6468d8da-8c19-4a12-ae81-e1174f3d43dd,14ddd5a9-8090-416a-92f1-7202f5257fb6,code,1,done,CHANGES_REQUESTED,codex,0,2026-09-18 08:15:24,2026-09-18 08:27:44
76a6b150-84e5-42ad-b0e7-98961c7799ae,87c83ac5-4e0e-42ac-a42a-e02c04acd2d3,code,3,done,APPROVED,codex,0,2026-09-18 08:19:46,2026-09-18 08:25:57
2b134021-e6fd-4703-9b2d-6613f50cfd46,4c7af728-d618-4d03-a4ff-3c54f405f526,code,1,done,CHANGES_REQUESTED,codex,0,2026-09-18 08:27:02,2026-09-18 08:35:18
47dff446-26ad-4580-811b-49d63b8a8bb8,14ddd5a9-8090-416a-92f1-7202f5257fb6,code,2,done,APPROVED,codex,0,2026-09-18 08:33:26,2026-09-18 08:35:04
ac2adc30-2c1d-4ab8-9305-6bbf216c7d1d,a45db142-3b6b-4690-baa5-3e55803201c0,code,1,done,CHANGES_REQUESTED,codex,0,2026-09-18 08:39:14,2026-09-18 08:49:04
5e1a8771-6232-4520-b812-93e1a755c739,4c7af728-d618-4d03-a4ff-3c54f405f526,code,2,done,APPROVED,codex,0,2026-09-18 08:51:03,2026-09-18 08:55:22
53ad9c08-fae9-424a-a892-ee92afdc0d3f,a45db142-3b6b-4690-baa5-3e55803201c0,code,2,done,APPROVED,codex,0,2026-09-18 08:58:38,2026-09-18 09:02:57
c337bba5-f81a-4bb1-9672-e5fa14636ef1,a45db142-3b6b-4690-baa5-3e55803201c0,code,3,done,APPROVED,codex,0,2026-09-18 09:05:18,2026-09-18 09:07:15
b145d82e-46d6-4139-aa76-5e4608be607e,87c83ac5-4e0e-42ac-a42a-e02c04acd2d3,code,4,done,APPROVED,codex,0,2026-09-18 09:40:20,2026-09-18 09:44:13
640e368b-605a-4eac-8720-31a701b62791,87c83ac5-4e0e-42ac-a42a-e02c04acd2d3,code,5,done,APPROVED,codex,0,2026-09-18 09:55:23,2026-09-18 09:56:21
b12b5781-c9c0-4bcd-a419-f0e2f9e24f0d,9f1c4235-5e62-4837-8e73-5f581a7f2418,design,1,done,APPROVED,codex,0,2026-09-18 09:57:25,2026-09-18 10:06:40
96a7c9b0-c60d-428a-b5ab-ed036a570ba0,f4272216-99dc-4ea9-8432-2a405c987b2a,code,1,done,CHANGES_REQUESTED,codex,0,2026-09-18 10:08:32,2026-09-18 10:22:30
55febd3a-301c-4066-9754-0914d3592660,9f1c4235-5e62-4837-8e73-5f581a7f2418,code,1,done,CHANGES_REQUESTED,codex,0,2026-09-18 10:21:46,2026-09-18 10:27:49
b95d5e52-bde8-4836-baa9-cde7c1983cb3,9f1c4235-5e62-4837-8e73-5f581a7f2418,code,2,done,APPROVED,codex,0,2026-09-18 10:32:12,2026-09-18 10:34:50
83071dc9-af8f-4981-8fe4-c21cbd1b552b,f4272216-99dc-4ea9-8432-2a405c987b2a,code,2,done,APPROVED,codex,0,2026-09-18 10:49:36,2026-09-18 10:56:56
33223591-8569-4c56-9b20-cf420a7b80fd,e70f08b1-c461-4369-96e8-fc5a17280906,code,1,done,APPROVED,codex,0,2026-09-18 11:05:12,2026-09-18 11:25:59
a913b111-4402-4bfb-a9f8-7647912b2111,f4272216-99dc-4ea9-8432-2a405c987b2a,code,3,done,APPROVED,codex,0,2026-09-18 11:07:27,2026-09-18 11:13:39
554cf476-0907-4de9-9ae7-5cd79b30e066,f4272216-99dc-4ea9-8432-2a405c987b2a,code,4,done,APPROVED,codex,0,2026-09-18 11:21:37,2026-09-18 11:26:00
07deaece-c788-4856-90c6-1b3e839c7a12,f4272216-99dc-4ea9-8432-2a405c987b2a,code,5,done,APPROVED,codex,0,2026-09-18 11:53:04,2026-09-18 12:01:10
fd6a7bc6-3984-48b7-a83d-38e075f45450,f4272216-99dc-4ea9-8432-2a405c987b2a,code,6,done,APPROVED,codex,0,2026-09-18 12:13:12,2026-09-18 12:15:59
483175f7-567a-4a78-ba55-7f6e094c22c4,d9fb0d9a-6815-4b74-8cdc-d959fc08a493,design,1,done,CHANGES_REQUESTED,codex,0,2026-09-18 16:37:28,2026-09-18 16:51:20
3e7a6844-26c1-4acd-b503-a07b19025545,29871354-a261-4af5-9f63-cdbf0c59372e,design,1,done,APPROVED,codex,0,2026-09-18 16:40:13,2026-09-18 16:57:01
28fa9948-8e59-4159-9908-1078fcc80ad1,cb2f59e3-1bc6-489a-b7bb-de72c998648a,design,1,done,CHANGES_REQUESTED,codex,0,2026-09-18 16:46:05,2026-09-18 16:54:39
26f41ff3-b222-4ea5-9792-134f94808dc2,bd79d136-2e0d-448d-b0cc-b720ca94560d,code,1,failed,,codex,0,2026-09-18 16:46:29,
44d89b7c-b6d0-482a-be24-c5495b383a1d,251786df-19a7-4fba-bcd4-10fa649c6689,design,1,done,CHANGES_REQUESTED,codex,0,2026-09-18 16:49:55,2026-09-18 16:59:20
b15e77d5-4c50-4191-909f-ab84f5f49566,bd79d136-2e0d-448d-b0cc-b720ca94560d,code,2,done,APPROVED,codex,0,2026-09-18 16:50:18,2026-09-18 17:08:06
737ce074-66c3-46f3-8421-c4c5d7f61749,7dc3325a-e1b6-479a-b68d-26cf4e01f6f0,code,1,done,APPROVED,codex,0,2026-09-18 16:52:33,2026-09-18 17:03:05
f065b37e-cf90-4474-8a42-3537f5291cc4,cb2f59e3-1bc6-489a-b7bb-de72c998648a,design,2,done,APPROVED,codex,0,2026-09-18 16:57:05,2026-09-18 17:01:12
02f41b27-c719-4000-8e12-26ba4f6c5e9f,d9fb0d9a-6815-4b74-8cdc-d959fc08a493,design,2,done,APPROVED,codex,0,2026-09-18 16:58:31,2026-09-18 17:02:49
74f21e55-c446-4cf2-aa1e-8092f501f8cf,43ecb555-a7ab-49bf-a64e-8883d8a42e98,code,1,failed,,codex,0,2026-09-18 17:10:45,
60c2654e-0122-4de0-b2d6-ea3f51aca432,b3159b98-3a05-44f2-84dc-cb7a24b92b7c,design,1,done,CHANGES_REQUESTED,codex,0,2026-09-18 17:16:50,2026-09-18 17:28:50
266c2186-e63a-4c55-8d62-fbd25dd2e8aa,43ecb555-a7ab-49bf-a64e-8883d8a42e98,code,2,done,APPROVED,codex,0,2026-09-18 17:18:24,2026-09-18 17:59:48
d9e06e09-e194-4c6f-ad9d-9073294f3447,7dc3325a-e1b6-479a-b68d-26cf4e01f6f0,code,2,done,APPROVED,codex,0,2026-09-18 17:22:31,2026-09-18 17:26:19
30d6a327-e2bc-4017-9586-d6c56c394ac3,0292037a-7cb6-4e34-9f95-a9d936358828,code,1,failed,,codex,0,2026-09-18 17:27:19,
c77070e4-df84-43ba-a1da-35d2f106ca5c,2e922928-2f5c-41a9-881d-9d4101761c65,code,1,done,APPROVED,codex,0,2026-09-18 17:29:06,2026-09-18 17:44:50
822ddd7f-6e04-4237-bf1e-3f7f098d2cb3,b3159b98-3a05-44f2-84dc-cb7a24b92b7c,design,2,done,CHANGES_REQUESTED,codex,0,2026-09-18 17:32:00,2026-09-18 17:36:14
bb4435d7-a166-4b8d-b791-2f53215f77b3,cb2f59e3-1bc6-489a-b7bb-de72c998648a,code,1,failed,,codex,0,2026-09-18 17:34:11,
7d354432-5b03-4159-885e-35d989ec1d55,b3159b98-3a05-44f2-84dc-cb7a24b92b7c,design,3,done,APPROVED,codex,0,2026-09-18 17:41:46,2026-09-18 17:46:13
e3a02a13-4865-4817-a456-d1828604c25a,0292037a-7cb6-4e34-9f95-a9d936358828,code,2,done,APPROVED,codex,0,2026-09-18 17:41:50,2026-09-18 17:47:59
d7e128bb-e2fa-491c-baf4-7d25849fb9ce,c20aaba2-3eb2-4c7e-8577-da7c7110b23e,code,1,done,CHANGES_REQUESTED,codex,0,2026-09-18 17:42:42,2026-09-18 18:00:45
3fbd79ba-f6a7-4c6a-ab7f-b5251d6bb452,cb2f59e3-1bc6-489a-b7bb-de72c998648a,code,2,done,CHANGES_REQUESTED,codex,0,2026-09-18 17:46:00,2026-09-18 17:55:52
4138103f-d232-49b2-9c43-21ec9dd61f1d,bd79d136-2e0d-448d-b0cc-b720ca94560d,code,3,done,APPROVED,codex,0,2026-09-18 17:47:12,2026-09-18 17:52:41
9fd0eb8f-260b-46fc-840d-6d93eaaf0264,cb2f59e3-1bc6-489a-b7bb-de72c998648a,code,3,done,APPROVED,codex,0,2026-09-18 18:05:01,2026-09-18 18:12:24
e8e698eb-81c0-4679-83d3-88307ab50ad2,43ecb555-a7ab-49bf-a64e-8883d8a42e98,code,3,done,APPROVED,codex,0,2026-09-18 18:07:11,2026-09-18 18:10:22
fa71fa1a-1a33-4a91-9f03-e9a420734374,c20aaba2-3eb2-4c7e-8577-da7c7110b23e,code,2,done,APPROVED,codex,0,2026-09-18 18:19:31,2026-09-18 18:21:57
27939089-df2f-4ccc-90e4-ba7c26772fe3,3d5bb1e3-5d07-496e-8be8-67293c0cb6c2,code,1,done,APPROVED,codex,0,2026-09-18 18:29:13,2026-09-18 18:45:20
33a7afed-b305-4b9a-b716-fb9bf5d59727,bb229987-0c7c-4066-8f31-809e73661f1c,code,1,done,CHANGES_REQUESTED,codex,0,2026-09-18 18:31:46,2026-09-18 18:49:31
2b8a2790-be2c-4d89-a71d-706532260787,bb229987-0c7c-4066-8f31-809e73661f1c,code,2,done,APPROVED,codex,0,2026-09-18 19:12:51,2026-09-18 19:19:15
7db401a5-c336-4a13-86d4-1faba98fa22b,aee17e78-56a5-4c57-a947-98ad4539a29b,code,1,done,APPROVED,codex,0,2026-09-18 19:28:47,2026-09-18 19:43:10
06bed21f-73b6-4a18-a7cc-38d18fa3cf9d,bb229987-0c7c-4066-8f31-809e73661f1c,code,3,done,APPROVED,codex,0,2026-09-18 19:33:22,2026-09-18 19:42:02
3f5f0756-a946-4448-905c-c98812bd3941,bb229987-0c7c-4066-8f31-809e73661f1c,code,4,done,APPROVED,codex,0,2026-09-18 19:58:39,2026-09-18 20:02:01
be2083b5-d530-4762-9054-0485b580d72b,67cf0df6-1885-407f-80b1-ffc603d71eb9,code,1,done,CHANGES_REQUESTED,codex,0,2026-09-18 20:01:51,2026-09-18 20:19:52
e1b5a904-6700-4638-9995-20fff13f4734,ed07bf5a-047d-4cf8-86dd-230d8b4f6f54,design,1,done,APPROVED,codex,0,2026-09-18 20:10:41,2026-09-18 20:20:14
8e9b6370-1254-4f7e-b84f-5bebbdcf3a79,b0269c51-ae1a-4d34-a808-f71027532b46,design,1,done,CHANGES_REQUESTED,codex,0,2026-09-18 20:26:19,2026-09-18 20:36:28
dc1693a6-6177-48bc-a364-6ff347967953,82979ddc-810e-42c6-b9a4-2c681bb68375,design,1,done,CHANGES_REQUESTED,codex,0,2026-09-18 20:36:01,2026-09-18 20:40:53
feef2761-b67d-4bb2-850a-3f36abdd0679,6844038d-f8c7-4dc1-b849-a3a3032cd71b,design,1,done,CHANGES_REQUESTED,codex,0,2026-09-18 20:41:06,2026-09-18 20:46:59
e9ea5155-8e01-4e22-a4f7-98d9fe4d0c16,ed07bf5a-047d-4cf8-86dd-230d8b4f6f54,code,1,done,APPROVED,codex,0,2026-09-18 20:41:13,2026-09-18 20:49:15
743bb874-2bfd-4ace-902b-78b80501ebad,b0269c51-ae1a-4d34-a808-f71027532b46,design,2,done,CHANGES_REQUESTED,codex,0,2026-09-18 20:45:43,2026-09-18 20:48:59
75af398d-f8bb-428d-8bbc-f6c78b9a276a,67cf0df6-1885-407f-80b1-ffc603d71eb9,code,2,done,CHANGES_REQUESTED,codex,0,2026-09-18 20:46:25,2026-09-18 20:52:33
3b87bf50-42a7-4c68-a8b8-2693b0c6c969,82979ddc-810e-42c6-b9a4-2c681bb68375,design,2,done,APPROVED,codex,0,2026-09-18 20:46:39,2026-09-18 20:49:57
5218ddd6-192a-4895-ac98-dff161a02a0f,6844038d-f8c7-4dc1-b849-a3a3032cd71b,design,2,done,APPROVED,codex,0,2026-09-18 20:49:24,2026-09-18 20:50:35
9becb133-163f-4d6c-94f2-a865f944faf5,b0269c51-ae1a-4d34-a808-f71027532b46,design,3,done,APPROVED,codex,0,2026-09-18 20:51:07,2026-09-18 20:54:19
5743b3aa-4a5f-456a-bb74-7efaa20db2f3,ed07bf5a-047d-4cf8-86dd-230d8b4f6f54,code,2,failed,,codex,0,2026-09-18 20:57:03,
561b4b07-e971-4eb0-aebe-cc9f1f8dbf78,ed07bf5a-047d-4cf8-86dd-230d8b4f6f54,code,3,done,APPROVED,codex,0,2026-09-18 21:02:27,2026-09-18 21:11:19
2caf9a59-c99e-4e29-b7b0-2b3340807067,67cf0df6-1885-407f-80b1-ffc603d71eb9,code,3,done,CHANGES_REQUESTED,codex,0,2026-09-18 21:06:26,2026-09-18 21:10:19
45463f6f-39b5-4c9a-8cde-875e665ca2e3,d071659d-9740-4da0-97fd-b2fb0413284e,code,1,done,CHANGES_REQUESTED,codex,0,2026-09-18 21:12:16,2026-09-18 21:27:50
75389490-5212-4661-a5bf-3577dc3a724c,67cf0df6-1885-407f-80b1-ffc603d71eb9,code,4,done,CHANGES_REQUESTED,codex,0,2026-09-18 21:13:33,2026-09-18 21:15:08
be9c604b-dfe9-4314-98ba-82afb56c6833,a4d83a6e-6cf6-433c-b1c1-5d4755fb250b,design,1,failed,,codex,0,2026-09-18 21:14:26,
7e067a58-936e-4f50-b2d9-0f531a3a22d5,c20aaba2-3eb2-4c7e-8577-da7c7110b23e,code,3,done,APPROVED,codex,0,2026-09-18 21:14:30,2026-09-18 21:16:13
50bfd6f3-7c81-47ef-92de-304d04ae4109,a4d83a6e-6cf6-433c-b1c1-5d4755fb250b,design,2,done,CHANGES_REQUESTED,codex,0,2026-09-18 21:15:42,2026-09-18 21:27:30
c9400030-936a-4bd0-8de5-ca0dc50c8dc0,67cf0df6-1885-407f-80b1-ffc603d71eb9,code,5,failed,,codex,0,2026-09-18 21:18:56,
7c68df02-7141-46c0-9cfe-df39f7a2a63e,2e922928-2f5c-41a9-881d-9d4101761c65,code,2,done,APPROVED,codex,0,2026-09-18 21:21:49,2026-09-18 21:24:25
3b9a93e2-69dc-47de-aea6-1653208e1aff,a4d83a6e-6cf6-433c-b1c1-5d4755fb250b,design,3,done,APPROVED,codex,0,2026-09-18 21:28:55,2026-09-18 21:30:15
364429bd-62bb-4bbc-8b40-1cd408713466,67cf0df6-1885-407f-80b1-ffc603d71eb9,code,6,failed,,codex,0,2026-09-18 21:32:55,
ab90a5dd-e855-4495-a088-6023df363ce6,67cf0df6-1885-407f-80b1-ffc603d71eb9,code,7,done,APPROVED,codex,0,2026-09-18 21:33:43,2026-09-18 21:36:10
3d225102-9892-4eec-a77a-68851e4f24ce,39b3c1e5-3afb-408d-bf42-5e9bf294f081,design,1,done,APPROVED,codex,0,2026-09-18 21:36:30,2026-09-18 21:41:31
c6c482ed-dade-453d-acc7-13825179194e,925cf1d8-b95c-46e9-9de9-455f8c2d2dbd,design,1,done,APPROVED,codex,0,2026-09-18 21:42:14,2026-09-18 21:53:03
6ea79df4-c7a1-48d7-9db0-a0a701c2cf8b,7c77328d-3a37-4a25-96ec-e873d9e968f2,design,1,done,APPROVED,codex,0,2026-09-18 23:17:16,2026-09-18 23:33:55
652bc294-46ab-4af4-bd7b-efe8b8e1a050,e3499d48-6a81-48a9-b93e-1b720206036d,design,1,done,APPROVED,codex,0,2026-09-18 23:17:38,2026-09-18 23:27:50
9941da33-2bbe-4998-8c5d-bd880a0fc70b,3771e914-7dac-459e-a3bb-836776845903,design,1,done,APPROVED,codex,0,2026-09-18 23:22:29,2026-09-18 23:36:12
61d5f690-efb9-44f5-9629-a2a1fac7078d,258ace8f-235e-40e8-95c1-7715761f187d,design,1,done,APPROVED,codex,0,2026-09-18 23:25:26,2026-09-18 23:35:43
98f4182d-f026-4ff6-af87-a20df9e1876a,4ebdc4f9-0686-4dc7-b9a1-9d6c221c5c12,code,1,done,APPROVED,codex,0,2026-09-18 23:30:01,2026-09-18 23:38:55
563583ad-24ec-46d2-8125-8c832ab812f7,63cf7b09-7a3e-4ff1-a431-9f3b0b2600e2,code,1,failed,,codex,0,2026-09-18 23:36:13,
acb9ecf4-7704-4d71-91e1-7b4a1ceeb111,545e2d4a-0c32-499b-8745-d19fc04bc260,code,1,done,APPROVED,codex,0,2026-09-18 23:37:57,2026-09-19 00:04:17
e4a245e3-e068-4b87-a817-b27f19e06a1d,63cf7b09-7a3e-4ff1-a431-9f3b0b2600e2,code,2,done,APPROVED,codex,0,2026-09-18 23:41:59,2026-09-18 23:53:03
797f6b89-69af-4c1d-a234-7387cecb9cc0,77745b59-e0d3-410e-b3b5-b48af46e9623,design,1,done,CHANGES_REQUESTED,codex,0,2026-09-18 23:44:11,2026-09-18 23:54:17
05e76331-d068-4739-8728-b2888894b809,258ace8f-235e-40e8-95c1-7715761f187d,design,2,done,APPROVED,codex,0,2026-09-18 23:44:51,2026-09-18 23:48:35
20f99570-39fe-40a2-afa5-c8aceada632c,258ace8f-235e-40e8-95c1-7715761f187d,code,1,failed,,codex,0,2026-09-18 23:49:21,
c380ec0f-6e31-4f3b-afa7-b6f907f6734a,fee9dbad-bb8d-4bf1-b1d0-8eb4b7f631cc,code,1,done,CHANGES_REQUESTED,codex,0,2026-09-18 23:52:43,2026-09-19 00:24:15
c9e90429-7557-42f3-989b-da2f1d618b2c,4d91eeb9-a966-4cf1-879d-94fb0bbf5e8a,design,1,done,APPROVED,codex,0,2026-09-18 23:53:19,2026-09-19 00:03:46
0c4bd77e-0259-4ce9-a8ac-4532e1ebea84,258ace8f-235e-40e8-95c1-7715761f187d,code,2,done,APPROVED,codex,0,2026-09-18 23:56:52,2026-09-18 23:59:14
f764e690-72b6-478d-99ff-89aca7a9c310,77745b59-e0d3-410e-b3b5-b48af46e9623,design,2,done,CHANGES_REQUESTED,codex,0,2026-09-19 00:08:10,2026-09-19 00:16:09
c420c57a-bf33-4769-8693-e6c464ac4f26,4d91eeb9-a966-4cf1-879d-94fb0bbf5e8a,code,1,done,CHANGES_REQUESTED,codex,0,2026-09-19 00:08:11,2026-09-19 00:20:58
971b383d-a46c-4108-bb3a-3be42bd9b74e,622af2ee-5b22-4956-9e41-e323d4df1491,code,1,done,APPROVED,codex,0,2026-09-19 00:12:52,2026-09-19 00:32:50
5d4ccfce-fcb3-4c98-9f07-cefef3a8d0b2,9553b1db-d399-496e-9327-c087250395b7,code,1,failed,,codex,0,2026-09-19 00:15:34,
7bff2d34-da48-4367-9d71-d688e1b18530,d69d5eae-e69f-4c5f-af8a-3c82a82e2e8b,code,1,done,APPROVED,codex,0,2026-09-19 00:16:18,2026-09-19 00:43:20
f1b49cbf-7cca-4757-9de4-a0327b068f46,2ca96e73-335a-4ff1-83bc-ef10f16ed468,design,1,done,APPROVED,codex,0,2026-09-19 00:17:37,2026-09-19 00:30:17
9ed6f8ed-3085-4cfa-9377-02e2af9a4c30,77745b59-e0d3-410e-b3b5-b48af46e9623,design,3,done,APPROVED,codex,0,2026-09-19 00:18:56,2026-09-19 00:22:49
a27ffe74-6883-4f41-a75c-24b730c3b854,1e44d42c-ecc2-4032-a1bd-b419469c82cc,code,1,done,CHANGES_REQUESTED,codex,0,2026-09-19 00:22:54,2026-09-19 00:52:24
c583cae0-2385-41eb-847f-35cddbedcb1a,9553b1db-d399-496e-9327-c087250395b7,code,2,failed,,codex,0,2026-09-19 00:27:45,
c1518de7-6e73-4583-af62-494e0108d1fe,4d91eeb9-a966-4cf1-879d-94fb0bbf5e8a,code,2,done,APPROVED,codex,0,2026-09-19 00:36:30,2026-09-19 00:41:27
c8d17851-03ac-4ec9-840b-2294d99b1399,9553b1db-d399-496e-9327-c087250395b7,code,3,done,CHANGES_REQUESTED,codex,0,2026-09-19 00:39:33,2026-09-19 00:55:23
7165c710-af78-4628-bff6-c231848b752e,9553b1db-d399-496e-9327-c087250395b7,code,4,done,APPROVED,codex,0,2026-09-19 01:01:08,2026-09-19 01:11:13
ee6d745f-5877-4d2b-847b-47e6abd69328,1e44d42c-ecc2-4032-a1bd-b419469c82cc,code,2,done,APPROVED,codex,0,2026-09-19 01:25:09,2026-09-19 01:34:38
f56fa0f0-9512-4b5b-be5f-aa0ca7c4a696,fee9dbad-bb8d-4bf1-b1d0-8eb4b7f631cc,code,2,done,CHANGES_REQUESTED,codex,0,2026-09-19 01:26:58,2026-09-19 01:33:09
5e750c90-808f-4072-81b1-04150c112ff5,9553b1db-d399-496e-9327-c087250395b7,code,5,done,APPROVED,codex,0,2026-09-19 01:27:19,2026-09-19 01:34:07
6e513a9b-5329-4cff-b988-1ed35a842f34,da2efe0a-1121-4e5c-9a5b-0d698662105c,code,1,done,APPROVED,codex,0,2026-09-19 01:28:55,2026-09-19 01:36:53
262fe2a7-c218-4ed3-b207-07428f39d84f,235b48cb-0c9f-48f3-b481-0eb63bdc5a4c,code,1,failed,,codex,0,2026-09-19 04:11:00,
352308aa-3d27-45cc-b203-fa20c4e43e9f,9f360087-6397-4df6-ac10-01adbe6437ff,code,1,done,CHANGES_REQUESTED,codex,0,2026-09-19 04:14:46,2026-09-19 04:26:21
2214b521-ab9c-490a-95b1-23bdc5662670,8695f77b-bdc8-4b78-9447-5430910058f4,design,1,done,CHANGES_REQUESTED,codex,0,2026-09-19 04:18:11,2026-09-19 04:27:45
d1a21ac2-59cd-4d4e-94df-1ed79712b84c,235b48cb-0c9f-48f3-b481-0eb63bdc5a4c,code,2,done,CHANGES_REQUESTED,codex,0,2026-09-19 04:18:54,2026-09-19 04:24:39
72294bd2-1623-4bc5-8957-435ca465263a,f0de3427-ea88-415f-83cf-cefa333e06d1,code,1,done,APPROVED,codex,0,2026-09-19 04:22:36,2026-09-19 04:29:16
1aedd55f-80ab-4ad9-b8bc-379ad1268415,235b48cb-0c9f-48f3-b481-0eb63bdc5a4c,code,3,done,APPROVED,codex,0,2026-09-19 04:27:48,2026-09-19 04:28:30
99cef8ae-9df9-4fcd-aa09-1d9331336825,593305db-38b9-4c7d-bb63-6d0f91dc3bf6,code,1,done,APPROVED,codex,0,2026-09-19 04:31:04,2026-09-19 04:40:14
3f07e9ed-ecd0-4b11-b422-a9e7b3766091,8695f77b-bdc8-4b78-9447-5430910058f4,design,2,done,CHANGES_REQUESTED,codex,0,2026-09-19 04:35:20,2026-09-19 04:40:03
0292e244-c007-40c5-b156-49d2a4c1acba,9f360087-6397-4df6-ac10-01adbe6437ff,code,2,done,APPROVED,codex,0,2026-09-19 04:37:21,2026-09-19 04:39:12
72bd9e3e-4c5e-4df0-b66f-19b4501b99db,8695f77b-bdc8-4b78-9447-5430910058f4,design,3,done,APPROVED,codex,0,2026-09-19 04:42:24,2026-09-19 04:43:53
1356fc6e-6e7d-40e8-bcd0-7ef6a41e9e12,66d57aff-5ecc-401d-b1d6-821eee25bb18,design,1,done,CHANGES_REQUESTED,codex,0,2026-09-19 04:46:18,2026-09-19 04:55:45
104b388a-4781-4a79-aea1-70a287523c2a,02b50c77-b1ee-429b-aa74-a289a17f671d,code,1,done,APPROVED,codex,0,2026-09-19 04:51:38,2026-09-19 04:55:37
8c063144-720c-4903-85b2-749dd39a2a6b,8695f77b-bdc8-4b78-9447-5430910058f4,code,1,done,APPROVED,codex,0,2026-09-19 04:57:25,2026-09-19 05:03:39
eeacf28c-aac8-49c2-bf0a-13316c40dade,f0de3427-ea88-415f-83cf-cefa333e06d1,code,2,done,APPROVED,codex,0,2026-09-19 05:00:33,2026-09-19 05:05:09
f9af86b0-636f-404a-a2c1-6b232e78bcae,66d57aff-5ecc-401d-b1d6-821eee25bb18,design,2,done,APPROVED,codex,0,2026-09-19 05:00:40,2026-09-19 05:03:56
524bf4e4-21db-44c8-9ebc-b5eb2b674174,1bf97239-bc0a-4bfe-b2f8-cc623847aa56,code,1,failed,,codex,0,2026-09-19 05:01:50,
deaa8d7a-298e-4b91-93d6-fbf0cf6750cc,50e3b437-0618-4a9c-93b7-55b70e8ba6cd,code,1,failed,,codex,0,2026-09-19 05:02:50,
4d3aea16-1530-45ae-9ad4-af79dcca4802,878cb2cc-3782-4352-ac12-5dc408a35637,design,1,done,APPROVED,codex,0,2026-09-19 05:05:06,2026-09-19 05:14:55
97e59b7d-252e-401a-b751-84f005f2317f,b3f5a3a1-4991-4fb7-8ba7-db876559fb1b,code,1,done,APPROVED,codex,0,2026-09-19 05:08:23,2026-09-19 05:24:24
82f168f0-47da-4418-aa9a-b3a9d4800e22,79c2ea49-1031-41d5-b4a2-0f5ddf81af8c,code,1,done,APPROVED,codex,0,2026-09-19 05:12:54,2026-09-19 05:20:32
b9101446-9baa-435f-9d51-57696b79aeb9,50e3b437-0618-4a9c-93b7-55b70e8ba6cd,code,2,done,CHANGES_REQUESTED,codex,0,2026-09-19 05:16:16,2026-09-19 05:29:36
97cc466f-6c27-452f-bf7b-fe4729fcca1a,1bf97239-bc0a-4bfe-b2f8-cc623847aa56,code,2,done,CHANGES_REQUESTED,codex,0,2026-09-19 05:20:33,2026-09-19 05:34:03
a5910828-d111-4a5f-9b17-018339b10f0c,8aea8a08-79b5-4fa4-9e5a-5e7b35e7e091,code,1,done,CHANGES_REQUESTED,codex,0,2026-09-19 05:27:13,2026-09-19 05:37:00
0209f74a-10bd-4680-b3d4-14007103a772,79c2ea49-1031-41d5-b4a2-0f5ddf81af8c,code,2,done,APPROVED,codex,0,2026-09-19 05:31:42,2026-09-19 05:33:29
c9c4739d-f434-4124-bf9b-e22c34698354,50e3b437-0618-4a9c-93b7-55b70e8ba6cd,code,3,done,APPROVED,codex,0,2026-09-19 05:39:42,2026-09-19 05:43:26
9cc23990-f88e-4ade-820d-fdb89d025570,1bf97239-bc0a-4bfe-b2f8-cc623847aa56,code,3,done,APPROVED,codex,0,2026-09-19 05:40:46,2026-09-19 05:43:07
846a4043-3ac5-48d0-9987-4c18bb37fa49,f96cfae5-6d03-4eae-bbee-9efa14cc4885,code,1,done,APPROVED,codex,0,2026-09-19 05:42:00,2026-09-19 05:50:33
6a68e06d-8050-457c-acac-2fe1699aec1a,8aea8a08-79b5-4fa4-9e5a-5e7b35e7e091,code,2,done,CHANGES_REQUESTED,codex,0,2026-09-19 05:43:02,2026-09-19 05:45:16
b3483ddb-880a-4e23-aef6-9f58d1e3ec31,235b48cb-0c9f-48f3-b481-0eb63bdc5a4c,code,4,done,APPROVED,codex,0,2026-09-19 05:43:27,2026-09-19 05:45:19
59239931-ddd4-491b-868f-22a937e0adfe,1880ed71-0ac9-423d-9009-203f3b06ba35,code,1,done,APPROVED,codex,0,2026-09-19 05:50:13,2026-09-19 06:09:26
3453053e-420b-4e55-aa23-a3d05bd8ec77,8aea8a08-79b5-4fa4-9e5a-5e7b35e7e091,code,3,done,CHANGES_REQUESTED,codex,0,2026-09-19 05:50:38,2026-09-19 05:52:31
7a966ea0-7c1a-416c-8226-f516e9907f8c,8aea8a08-79b5-4fa4-9e5a-5e7b35e7e091,code,4,done,CHANGES_REQUESTED,codex,0,2026-09-19 06:01:42,2026-09-19 06:04:27
380e618a-0553-469d-8fa5-b56ddd8cdcf8,8aea8a08-79b5-4fa4-9e5a-5e7b35e7e091,code,5,done,APPROVED,codex,0,2026-09-19 06:16:04,2026-09-19 06:18:20
ec7e3cac-3147-4ce0-b5aa-c527a2299080,878cb2cc-3782-4352-ac12-5dc408a35637,code,1,done,CHANGES_REQUESTED,codex,0,2026-09-19 06:18:55,2026-09-19 06:27:51
001bf659-c22f-4be0-b8cb-dcf4623bb1bc,0ddf2a6e-7cdc-44c6-86c5-b56ad4918545,code,1,failed,,codex,0,2026-09-19 06:35:54,
9aa838e9-f0e0-4e27-a475-498fb4fa41d8,18113ed4-c675-49c0-8eea-64d1b9d615b3,code,1,failed,,codex,0,2026-09-19 06:44:33,
5852d764-fc1b-4aac-acd9-faf0d828ec48,18113ed4-c675-49c0-8eea-64d1b9d615b3,code,2,failed,,codex,0,2026-09-19 06:59:45,
8743db34-bb10-4e1c-b1f1-418871705db4,0ddf2a6e-7cdc-44c6-86c5-b56ad4918545,code,2,done,APPROVED,codex,0,2026-09-19 07:04:47,2026-09-19 07:17:24
e24efae6-52fc-461b-b5bc-71fb41f44a99,cb1ac6d6-1691-406c-b638-6a53c3d4e0ad,code,1,failed,,codex,0,2026-09-19 07:07:53,
b7029261-d60f-46d8-aeb6-6aa753853f2c,50e3b437-0618-4a9c-93b7-55b70e8ba6cd,code,4,done,APPROVED,codex,0,2026-09-19 07:12:07,2026-09-19 07:32:03
b8b9ee3a-32d7-49e7-a9f5-fb2b69f072c4,1880ed71-0ac9-423d-9009-203f3b06ba35,code,2,done,APPROVED,codex,0,2026-09-19 07:14:01,2026-09-19 07:25:08
e438b0b6-33a2-4c73-9aef-f4b05c0904b6,3c852082-962c-4701-a774-da28e429502e,code,1,done,APPROVED,codex,0,2026-09-19 07:20:04,2026-09-19 07:31:11
ec9e2858-b17d-4e31-95a1-ca4f2e4a783b,8aea8a08-79b5-4fa4-9e5a-5e7b35e7e091,code,6,done,APPROVED,codex,0,2026-09-19 07:21:32,2026-09-19 07:23:44
0933b5f8-1185-448e-b10a-1f2e11ccff72,1bf97239-bc0a-4bfe-b2f8-cc623847aa56,code,4,done,CHANGES_REQUESTED,codex,0,2026-09-19 07:22:37,2026-09-19 07:36:58
dff1c02a-4716-4009-9185-e7fbf112ad70,878cb2cc-3782-4352-ac12-5dc408a35637,code,2,done,APPROVED,codex,0,2026-09-19 07:26:28,2026-09-19 07:31:20
dca627a1-99e7-40cb-af1e-7b1d113db908,50e3b437-0618-4a9c-93b7-55b70e8ba6cd,code,5,done,APPROVED,codex,0,2026-09-19 07:38:05,2026-09-19 07:41:16
21f5753e-8bef-4d98-b61f-ed75c523ed65,2e12bf93-5498-4460-9861-9cbd5d016bfd,code,1,done,APPROVED,codex,0,2026-09-19 07:41:11,2026-09-19 07:55:49
7781524f-729f-4ecd-b96e-25cac27a84c1,6e856e2c-24d7-4bce-90e4-f7d7bc628289,code,1,done,APPROVED,codex,0,2026-09-19 07:46:49,2026-09-19 08:04:54
cf5fe030-425f-46e0-9732-71270e7982f2,191c26f5-1201-4403-aecb-eb9552a4bfa8,code,1,done,APPROVED,codex,0,2026-09-19 07:53:54,2026-09-19 08:20:31
ac9cecaa-42aa-4dcc-af4c-ecf16cd2040b,f15ad189-63a1-49e1-b2f4-a3b15cb4a64a,design,1,done,APPROVED,codex,0,2026-09-20 21:40:19,2026-09-20 21:48:24
da775f5b-44ce-4004-88a3-8fdb32b88f32,481af938-0103-46ae-a568-dc2acb457ea2,design,1,done,CHANGES_REQUESTED,codex,0,2026-09-20 21:46:37,2026-09-20 21:54:19
e96aaec1-7038-4a53-99e2-45fca321a709,87f166c8-c9c4-4043-bd4e-7130997fdccf,design,1,done,CHANGES_REQUESTED,codex,0,2026-09-20 21:53:06,2026-09-20 22:07:08
eb9aaaa3-d744-4b64-a3fa-2405c92d2fc7,481af938-0103-46ae-a568-dc2acb457ea2,design,2,done,CHANGES_REQUESTED,codex,0,2026-09-20 21:56:08,2026-09-20 22:00:14
e0743905-5348-4caf-aa9e-c7eda0d0ec5b,f15ad189-63a1-49e1-b2f4-a3b15cb4a64a,code,1,done,CHANGES_REQUESTED,codex,0,2026-09-20 21:56:58,2026-09-20 22:05:45
215f7fe9-ed40-4abd-aa2a-938548224a1f,3a6c603a-ae9e-4302-a397-52430829830d,code,1,done,CHANGES_REQUESTED,codex,0,2026-09-20 21:57:13,2026-09-20 22:11:18
5ae542d9-54c5-4b4b-9cee-67f39c1e6d95,14f73b84-ddd1-4ed6-af00-f22745edfd7d,code,1,done,APPROVED,codex,0,2026-09-20 22:00:12,2026-09-20 22:15:02
99bc9f51-729e-4dd5-8a74-2d5eda7772e9,481af938-0103-46ae-a568-dc2acb457ea2,design,3,done,APPROVED,codex,0,2026-09-20 22:03:10,2026-09-20 22:06:00
55f42cfa-542f-4b05-a340-a3dc5fa0bbc2,f15ad189-63a1-49e1-b2f4-a3b15cb4a64a,code,2,done,APPROVED,codex,0,2026-09-20 22:09:33,2026-09-20 22:11:33
fbe2d8fe-7c84-4a15-b338-4a1d61961ee1,87f166c8-c9c4-4043-bd4e-7130997fdccf,design,2,done,CHANGES_REQUESTED,codex,0,2026-09-20 22:15:43,2026-09-20 22:24:15
db429b2a-5a66-4431-b82b-4e8c82951d76,3a6c603a-ae9e-4302-a397-52430829830d,code,2,done,APPROVED,codex,0,2026-09-20 22:19:36,2026-09-20 22:24:27
b7b20769-d344-4db3-ab43-28064aede886,14f73b84-ddd1-4ed6-af00-f22745edfd7d,code,2,done,APPROVED,codex,0,2026-09-20 22:25:15,2026-09-20 22:31:42
508b90a8-5c0e-409f-b9fe-0a5f0818417f,87f166c8-c9c4-4043-bd4e-7130997fdccf,design,3,done,APPROVED,codex,0,2026-09-20 22:26:42,2026-09-20 22:31:27
72d79d84-5b4d-40b3-9e1a-373b68a7e74d,14f73b84-ddd1-4ed6-af00-f22745edfd7d,code,3,done,APPROVED,codex,0,2026-09-20 22:39:44,2026-09-20 22:44:10
622bf641-9cdf-48fc-8cdd-8b50e8edb1f5,93cf2eeb-2ce7-40d6-bf30-a787f1a44847,code,1,done,APPROVED,codex,0,2026-09-20 22:42:56,2026-09-20 22:55:12
874d934d-f51a-433c-b35e-ae46194fd288,3a6c603a-ae9e-4302-a397-52430829830d,code,3,done,APPROVED,codex,0,2026-09-20 22:49:06,2026-09-20 22:55:12
aded8b3c-c571-4658-95bb-232a4a3f088b,eb4837d6-21fe-4e41-9ef0-a5a146c973b9,code,1,done,CHANGES_REQUESTED,codex,0,2026-09-20 23:24:25,2026-09-20 23:43:58
07482e4b-eaf9-415c-a2fb-924c9ef85899,eb4837d6-21fe-4e41-9ef0-a5a146c973b9,code,2,done,APPROVED,codex,0,2026-09-21 00:04:37,2026-09-21 00:21:02
cdbcdd6d-5810-481c-89b9-e714f1d81856,cc274bce-9867-4f06-a7d5-94143939735e,code,1,done,CHANGES_REQUESTED,codex,0,2026-09-21 00:29:47,2026-09-21 00:47:18
57f3b37a-e87a-4df7-8c91-72e56627c92d,525c3f9d-226e-4ca1-b131-acad152166b7,code,1,done,CHANGES_REQUESTED,codex,0,2026-09-21 00:38:59,2026-09-21 00:59:10
52f85ed6-b030-4c39-aeb3-197cfddedbdf,eb4837d6-21fe-4e41-9ef0-a5a146c973b9,code,3,done,APPROVED,codex,0,2026-09-21 00:43:01,2026-09-21 00:52:56
4337186c-7612-46a2-9b87-3fac98add04f,cc274bce-9867-4f06-a7d5-94143939735e,code,2,done,APPROVED,codex,0,2026-09-21 00:52:06,2026-09-21 00:55:49
83450c0f-b426-4b27-a07d-4a12941e70e5,3cd9723d-dfbc-4485-998c-d70ba956bfd4,code,1,done,APPROVED,codex,0,2026-09-21 00:58:20,2026-09-21 01:13:59
6987d1d8-e0d4-4707-b5be-c39012485c77,525c3f9d-226e-4ca1-b131-acad152166b7,code,2,done,APPROVED,codex,0,2026-09-21 01:02:38,2026-09-21 01:06:22
607adbd3-eff3-496d-9659-4304abddea5e,3cd9723d-dfbc-4485-998c-d70ba956bfd4,code,2,done,APPROVED,codex,0,2026-09-21 01:21:07,2026-09-21 01:25:59
c9aff295-b4ed-4318-b551-256fb4b69ba1,cc274bce-9867-4f06-a7d5-94143939735e,code,3,done,CHANGES_REQUESTED,codex,0,2026-09-21 01:43:40,2026-09-21 01:50:40
1c6b84fd-039d-4e3a-9865-6ead17d0ab2a,3cd9723d-dfbc-4485-998c-d70ba956bfd4,code,3,done,APPROVED,codex,0,2026-09-21 01:45:40,2026-09-21 01:52:21
81e2642e-9ffe-4478-b798-59e7eae49f78,3cd9723d-dfbc-4485-998c-d70ba956bfd4,code,4,failed,,codex,0,2026-09-21 01:56:43,
ad6650a1-a36e-4e06-b99b-62631b79cf48,3cd9723d-dfbc-4485-998c-d70ba956bfd4,code,5,failed,,codex,0,2026-09-21 02:01:52,
312ffa91-60dd-43f8-af86-a816f8e51d02,3cd9723d-dfbc-4485-998c-d70ba956bfd4,code,6,done,APPROVED,codex,0,2026-09-21 02:08:18,2026-09-21 02:10:37
1d27dc6b-fad2-4fe5-ac3d-19fb7569006e,cc274bce-9867-4f06-a7d5-94143939735e,code,4,done,APPROVED,codex,0,2026-09-21 02:11:48,2026-09-21 02:14:28
3e5c57ce-e812-4f8e-8f4b-c94b01769d04,eb4837d6-21fe-4e41-9ef0-a5a146c973b9,code,4,done,APPROVED,codex,0,2026-09-21 02:17:06,2026-09-21 02:30:28
b5d75434-82d1-4138-b578-6d36fafc0131,cec909c2-b2ce-492a-9c7e-9228b5144be7,code,1,failed,,claude,1,2026-09-21 07:17:38,
a99db7a4-d181-4f69-87e3-ec637bf39006,cec909c2-b2ce-492a-9c7e-9228b5144be7,code,2,done,CHANGES_REQUESTED,claude,1,2026-09-21 07:21:14,2026-09-21 07:28:19
51f2b734-d6a1-4b60-b8ba-08a33c9a1e06,782efee4-b6c2-4065-ac0d-e4157aee886a,code,1,done,APPROVED,claude,1,2026-09-21 07:23:44,2026-09-21 07:38:07
fd378f52-bdb6-4110-b26b-bf6d22236ba9,256b630f-6bdb-4d07-9288-e390da275636,code,1,failed,,claude,1,2026-09-21 07:24:03,
f1f1f069-a818-449f-91bc-635e55c83f81,68ac8a30-5f45-419d-a928-d29a0f16a208,code,1,failed,,claude,1,2026-09-21 07:36:04,
ed1caf5e-6bfa-4df8-8cfe-cecfc6db89c7,68ac8a30-5f45-419d-a928-d29a0f16a208,code,2,failed,,claude,1,2026-09-21 07:37:51,
921ddf51-d780-4568-81b4-51ae4e474d66,4cbbecad-2f5b-4826-aedd-76785c69e75f,code,1,done,APPROVED,claude,1,2026-09-21 07:38:22,2026-09-21 07:49:17
0f2bb7a0-d764-4e9f-b89e-a96ed767243d,256b630f-6bdb-4d07-9288-e390da275636,code,2,failed,,claude,1,2026-09-21 07:40:39,
08674122-53b6-44a6-aee1-34f6eadb5f33,256b630f-6bdb-4d07-9288-e390da275636,code,3,failed,,claude,0,2026-09-21 07:42:57,
99f08397-2f3d-48a1-bceb-4b84c97bedba,053c4533-7820-424f-a56d-6c5026713c17,code,1,done,CHANGES_REQUESTED,claude,1,2026-09-21 07:44:26,2026-09-21 07:58:19
31bffc6f-b085-43a6-ad47-9c4d4a0180c4,256b630f-6bdb-4d07-9288-e390da275636,code,4,failed,,claude,1,2026-09-21 07:45:20,
563bd4e5-1dbe-42bd-8ff6-346f312a49f6,68ac8a30-5f45-419d-a928-d29a0f16a208,code,3,done,APPROVED,claude,1,2026-09-21 07:58:08,2026-09-21 08:01:49
d4608668-1322-40f6-a1ed-d0f964519ac5,256b630f-6bdb-4d07-9288-e390da275636,code,5,done,CHANGES_REQUESTED,claude,1,2026-09-21 08:05:21,2026-09-21 09:06:11
c08fa09b-ddf9-4bd6-ace7-4c8e393064fa,256b630f-6bdb-4d07-9288-e390da275636,code,5,failed,,claude,0,2026-09-21 08:20:57,
1487e12a-7e76-49c5-8af8-12e342c2fe79,053c4533-7820-424f-a56d-6c5026713c17,code,2,done,CHANGES_REQUESTED,claude,1,2026-09-21 09:15:54,2026-09-21 09:25:59
4e773e4c-3f4e-4ceb-b0d0-7d17d4c94e15,256b630f-6bdb-4d07-9288-e390da275636,code,7,done,APPROVED,claude,1,2026-09-21 09:33:38,2026-09-21 09:44:05
0c64d22e-1b22-4c3a-bc60-a2cc6093c239,053c4533-7820-424f-a56d-6c5026713c17,code,3,done,CHANGES_REQUESTED,claude,1,2026-09-21 09:41:09,2026-09-21 09:51:03
47b972ae-9f25-4c1d-8175-9234df6c8224,256b630f-6bdb-4d07-9288-e390da275636,code,8,done,APPROVED,claude,1,2026-09-21 09:51:23,2026-09-21 10:03:20
2c1a3c63-d0c3-47be-911b-9bf390ba31e3,053c4533-7820-424f-a56d-6c5026713c17,code,4,done,APPROVED,claude,1,2026-09-21 10:00:59,2026-09-21 10:07:44
d7ab40f9-7d54-4182-93e8-1ba8b6cb63e4,cec909c2-b2ce-492a-9c7e-9228b5144be7,code,3,done,APPROVED,claude,1,2026-09-21 10:03:35,2026-09-21 10:07:21
c55e9804-36eb-423d-8efc-3d98f9b48f85,6f31f6b5-dea4-4be4-8244-15fd26301bfa,code,1,done,APPROVED,claude,1,2026-09-22 03:43:01,2026-09-22 04:02:00
e2ab8940-acc3-4557-acd0-d6e789925b17,7c27b7ca-1383-41f5-88ec-4a7bf6f12bcf,code,1,done,CHANGES_REQUESTED,claude,1,2026-09-22 03:50:51,2026-09-22 04:09:56
f5c43b26-fa57-4f44-8400-53acf0b081f5,7e957f13-c0e3-45fa-ad74-a781ac8ee0a7,code,1,done,APPROVED,claude,1,2026-09-22 04:01:15,2026-09-22 04:12:54
ed1870ce-e97d-463f-a443-223aa0f3527c,6f31f6b5-dea4-4be4-8244-15fd26301bfa,code,2,done,APPROVED,claude,1,2026-09-22 04:08:09,2026-09-22 04:15:26
c4de99a5-4f8a-4e70-a907-c30dcb20b330,7c27b7ca-1383-41f5-88ec-4a7bf6f12bcf,code,2,done,CHANGES_REQUESTED,claude,1,2026-09-22 04:19:36,2026-09-22 04:26:21
be272d97-00db-4eef-8e6e-17ffca19235b,7c27b7ca-1383-41f5-88ec-4a7bf6f12bcf,code,3,done,APPROVED,claude,1,2026-09-22 04:33:58,2026-09-22 04:38:41
67137482-9380-4ff9-9502-e58d901f9630,6f31f6b5-dea4-4be4-8244-15fd26301bfa,code,3,done,APPROVED,claude,1,2026-09-22 04:51:49,2026-09-22 05:01:21
d171a816-1df6-4d95-a319-654ac3db9a19,cbca88b1-189d-4f11-81f1-fbc769d97ffb,code,1,done,CHANGES_REQUESTED,claude,1,2026-09-22 05:09:21,2026-09-22 05:27:16
71b9c38c-aadb-4b4a-8da1-a8fe79b1f634,7c27b7ca-1383-41f5-88ec-4a7bf6f12bcf,code,4,failed,,claude,1,2026-09-22 05:15:53,
93fad7a9-9e0a-4477-94b6-fcbe269f5622,7c27b7ca-1383-41f5-88ec-4a7bf6f12bcf,code,5,done,CHANGES_REQUESTED,claude,1,2026-09-22 05:30:31,2026-09-22 05:43:26
c6721229-0e5f-4210-912b-ea41f16ce828,7c27b7ca-1383-41f5-88ec-4a7bf6f12bcf,code,6,done,APPROVED,claude,1,2026-09-22 05:56:01,2026-09-22 06:06:33
fdd7d440-ae98-4f93-a09f-5f35843d39ae,cbca88b1-189d-4f11-81f1-fbc769d97ffb,code,2,done,APPROVED,claude,1,2026-09-22 06:48:19,2026-09-22 06:54:51
78bd4966-5a3c-43d4-b251-f03b4a36655e,691caca6-f623-4187-9ddf-e3483dc57ccf,code,1,failed,,claude,1,2026-09-22 07:49:06,
f18413b7-1479-4bff-9345-2a27beb365e6,691caca6-f623-4187-9ddf-e3483dc57ccf,code,2,failed,,claude,1,2026-09-22 07:54:11,
93f4c4e5-8aa3-4e1e-ab9b-8e9a308369ce,74b34e1c-f365-49d3-a583-ed04006d46a5,code,1,done,APPROVED,claude,1,2026-09-22 07:55:19,2026-09-22 08:04:54
f243e980-4856-4aac-aba9-e278018aeec6,691caca6-f623-4187-9ddf-e3483dc57ccf,code,3,done,CHANGES_REQUESTED,claude,1,2026-09-22 07:56:11,2026-09-22 08:09:03
459fe7d1-8310-48ca-a04c-983e1188489a,691caca6-f623-4187-9ddf-e3483dc57ccf,code,2,failed,,claude,0,2026-09-22 08:04:51,
edc988a3-0173-49b6-872b-2767dcbe4ae1,691caca6-f623-4187-9ddf-e3483dc57ccf,code,3,failed,,claude,0,2026-09-22 08:04:51,
0c281c4d-a95a-4683-a4f5-653c18614cd6,7c27b7ca-1383-41f5-88ec-4a7bf6f12bcf,code,7,done,APPROVED,claude,1,2026-09-22 08:08:41,2026-09-22 08:17:50
38322143-083c-47d7-b5dc-ceae1f14813d,74b34e1c-f365-49d3-a583-ed04006d46a5,code,2,done,APPROVED,claude,1,2026-09-22 08:10:09,2026-09-22 08:12:49
33138d5a-90f4-45f5-b508-6d3732a81a2b,74b34e1c-f365-49d3-a583-ed04006d46a5,code,3,done,APPROVED,claude,1,2026-09-22 08:16:04,2026-09-22 08:17:46
76846b84-b0d6-4f11-af24-27ea2e058985,74b34e1c-f365-49d3-a583-ed04006d46a5,code,4,done,APPROVED,claude,1,2026-09-22 08:19:30,2026-09-22 08:20:28
69ff72d1-fdfb-4da0-af88-318d0dcb95b1,691caca6-f623-4187-9ddf-e3483dc57ccf,code,6,failed,,claude,1,2026-09-22 08:21:00,
e881d869-c4f4-4e03-841f-c15e2743c7b6,691caca6-f623-4187-9ddf-e3483dc57ccf,code,7,done,APPROVED,claude,1,2026-09-22 08:24:12,2026-09-22 08:27:03
9275bf5c-fc5b-4409-9bfc-c977e48c39f3,691caca6-f623-4187-9ddf-e3483dc57ccf,code,7,failed,,claude,0,2026-09-22 08:26:10,
84b8065e-d937-489b-916c-0330f1f73e37,691caca6-f623-4187-9ddf-e3483dc57ccf,code,1,failed,,claude,1,2026-09-22 08:32:41,
08a14263-c9cc-4c9b-a972-c3dcbda76798,691caca6-f623-4187-9ddf-e3483dc57ccf,code,10,failed,,claude,1,2026-09-22 08:32:53,
75c539bc-f477-406c-a13f-db25d29b19ef,691caca6-f623-4187-9ddf-e3483dc57ccf,code,11,done,APPROVED,claude,1,2026-09-22 08:34:21,2026-09-22 08:37:36
1ad5400a-67a9-4816-a656-eac931560735,691caca6-f623-4187-9ddf-e3483dc57ccf,code,11,failed,,claude,0,2026-09-22 08:36:47,
9eb3c731-a8af-48c3-8ba5-919ed40807e5,74b34e1c-f365-49d3-a583-ed04006d46a5,code,5,done,APPROVED,claude,1,2026-09-22 08:55:34,2026-09-22 08:57:07
3459ece1-f187-471f-bc7d-b47515e33ce3,691caca6-f623-4187-9ddf-e3483dc57ccf,code,13,done,APPROVED,claude,1,2026-09-22 09:04:50,2026-09-22 09:07:15
9727f65c-50f0-49c7-8047-34dba8bd9451,a466cb95-fab3-4385-ab88-5d81c066dd2f,code,1,failed,,claude,1,2026-09-22 13:00:54,
c7711ddb-c668-438a-a185-788c9aed2598,a466cb95-fab3-4385-ab88-5d81c066dd2f,code,2,failed,,claude,1,2026-09-22 13:10:03,
546e7c35-b017-4521-bd17-b042bb9dced6,01f47121-a6ea-49ee-a8d8-dc5a472d1681,code,1,done,APPROVED,claude,1,2026-09-22 16:52:45,2026-09-22 16:55:18
abc3b930-bb37-4275-a1e1-981b88d31dbf,cf70ee17-21cd-48e5-a993-63f246ac2a48,design,1,done,CHANGES_REQUESTED,codex,0,2026-09-23 00:37:23,2026-09-23 00:46:41
8f5e1c17-367c-433e-9ddf-3dda4241e1e1,cf70ee17-21cd-48e5-a993-63f246ac2a48,design,2,done,CHANGES_REQUESTED,codex,0,2026-09-23 00:59:08,2026-09-23 01:05:22
21bb53bf-e5be-4fa9-83a5-9f3151c16936,e267e6ef-93db-4d0b-b4ce-4b15b17e02c9,design,1,done,APPROVED,codex,0,2026-09-23 00:59:24,2026-09-23 01:11:22
b4f35a35-80af-4334-866a-591da19bd778,cf70ee17-21cd-48e5-a993-63f246ac2a48,design,3,done,APPROVED,codex,0,2026-09-23 01:08:46,2026-09-23 01:13:12
81dd3d74-4bf2-4193-b291-e694c7ea3757,cf70ee17-21cd-48e5-a993-63f246ac2a48,code,1,done,APPROVED,codex,0,2026-09-23 01:58:07,2026-09-23 02:07:53
6de44467-b90d-4e7f-abdc-3d6c6d9d8187,cf70ee17-21cd-48e5-a993-63f246ac2a48,code,2,failed,,codex,0,2026-09-23 02:24:37,
f04088ab-d04f-446a-b811-f24fe3a408f6,cf70ee17-21cd-48e5-a993-63f246ac2a48,code,3,failed,,codex,0,2026-09-23 02:29:55,
4f26ca11-bb83-4b6d-ae99-163428aa5c92,cf70ee17-21cd-48e5-a993-63f246ac2a48,code,4,failed,,codex,0,2026-09-23 02:32:51,
835b47e4-90ae-4b4b-b840-0f9c3b09d5b8,cf70ee17-21cd-48e5-a993-63f246ac2a48,code,5,done,APPROVED,codex,0,2026-09-23 02:38:18,2026-09-23 02:46:15
d8a12cbb-ff65-4d9b-8078-ea28597fb9d6,cf70ee17-21cd-48e5-a993-63f246ac2a48,code,6,done,APPROVED,codex,0,2026-09-23 03:02:35,2026-09-23 03:07:40
33f4ef43-1123-48ba-8ca5-8f30f5b763af,cf70ee17-21cd-48e5-a993-63f246ac2a48,code,7,done,APPROVED,codex,0,2026-09-23 03:13:07,2026-09-23 03:15:32
c77ea627-8e2c-4aac-b592-f3eccef43d02,e267e6ef-93db-4d0b-b4ce-4b15b17e02c9,code,1,failed,,codex,0,2026-09-23 03:19:44,
6c391055-5745-492a-8571-8b956bf48b2e,cf70ee17-21cd-48e5-a993-63f246ac2a48,code,8,done,APPROVED,codex,0,2026-09-23 03:23:56,2026-09-23 03:26:51
06f41646-699e-4f1b-af25-0ab82fa16d8f,e267e6ef-93db-4d0b-b4ce-4b15b17e02c9,code,2,done,CHANGES_REQUESTED,codex,0,2026-09-23 03:26:17,2026-09-23 03:56:44
da696fe5-5496-47ef-8472-2a727e6d300e,8edaf8bb-ef9c-4a5c-b05a-27a4cd4d6aa6,design,1,done,CHANGES_REQUESTED,codex,0,2026-09-23 04:05:59,2026-09-23 04:14:38
6af73ec1-c896-4110-8bf8-b777b2f536c7,82860d32-327a-4fb0-b408-eaa5e50646e7,design,1,failed,,codex,0,2026-09-23 04:07:33,
1f32729f-c8c9-471c-b7cb-2b946f0b0f31,82860d32-327a-4fb0-b408-eaa5e50646e7,design,2,failed,,codex,0,2026-09-23 04:18:20,
f08d7b87-a4f4-46d9-b3c5-eb54d5feec71,8edaf8bb-ef9c-4a5c-b05a-27a4cd4d6aa6,design,2,done,CHANGES_REQUESTED,codex,0,2026-09-23 04:18:31,2026-09-23 04:23:52
7960a37d-b88a-4c47-8de3-790199861c02,82860d32-327a-4fb0-b408-eaa5e50646e7,design,3,done,CHANGES_REQUESTED,codex,0,2026-09-23 04:20:25,2026-09-23 04:30:40
6712cb1d-fcd4-4b11-ae26-bbcb3c45778d,8edaf8bb-ef9c-4a5c-b05a-27a4cd4d6aa6,design,3,done,APPROVED,codex,0,2026-09-23 04:31:31,2026-09-23 04:35:14
4126a4d8-e32d-4b0e-b9ea-646e354a96b2,e267e6ef-93db-4d0b-b4ce-4b15b17e02c9,code,3,done,APPROVED,codex,0,2026-09-23 04:32:52,2026-09-23 04:45:31
8a752399-b9c6-4e46-8264-4b73fcfcb3c8,82860d32-327a-4fb0-b408-eaa5e50646e7,design,4,failed,,codex,0,2026-09-23 04:36:50,
0f1b2387-23f2-477e-97cd-8c9b11130481,82860d32-327a-4fb0-b408-eaa5e50646e7,design,5,done,APPROVED,codex,0,2026-09-23 04:38:21,2026-09-23 04:43:50
064111b7-8587-41e5-87ea-f31975ebe80a,e267e6ef-93db-4d0b-b4ce-4b15b17e02c9,code,4,done,APPROVED,codex,0,2026-09-23 05:12:17,2026-09-23 05:42:17
71c83eea-12c7-4306-97b9-5a149a9301d8,2faf8eb5-afdb-46e6-aef6-44c1b126530d,code,1,failed,,codex,0,2026-09-23 05:16:06,
5cd5fdb8-7c49-4240-9ba9-3e947c836761,7497f142-e7d5-458c-b030-285b5fd08d66,code,1,done,APPROVED,codex,0,2026-09-23 05:26:58,2026-09-23 05:34:32
2359a5b8-e663-45ac-a74a-2acd71f35d11,2faf8eb5-afdb-46e6-aef6-44c1b126530d,code,2,done,APPROVED,codex,0,2026-09-23 05:29:00,2026-09-23 05:34:43
4a24a7dc-1662-447d-ac51-9c43c34d75e7,2faf8eb5-afdb-46e6-aef6-44c1b126530d,code,3,done,APPROVED,codex,0,2026-09-23 05:36:59,2026-09-23 05:43:46
3d19a5c7-6448-4a25-b73c-ab604d669b02,7497f142-e7d5-458c-b030-285b5fd08d66,code,2,done,APPROVED,codex,0,2026-09-23 05:40:05,2026-09-23 05:43:25
51a7d013-fb4f-45c8-bc44-d021488a40e5,5a0dbf51-2eb9-4d9f-9cfa-367d6bdbd49e,code,1,done,APPROVED,codex,0,2026-09-23 05:40:05,2026-09-23 05:48:40
250e5470-74d3-4e59-a41d-d8a1ea47acbf,49da92c8-f888-4efc-a8da-b82f20e11fd7,design,1,done,CHANGES_REQUESTED,codex,0,2026-09-23 05:40:57,2026-09-23 05:56:19
5d4f203f-657c-48f5-94f2-dfa51d3ad3fd,7497f142-e7d5-458c-b030-285b5fd08d66,code,3,done,APPROVED,codex,0,2026-09-23 05:46:57,2026-09-23 05:50:30
460e8036-ac1b-4029-9893-6bda991f0d39,4a7c8a8e-3d59-4194-b4a1-541006284408,design,1,failed,,codex,0,2026-09-23 05:47:56,
44e3e13e-3c22-467e-9b4b-57989571ff49,0984d9b4-fc8f-4ef1-8fe4-ff16fdc8f168,design,1,done,CHANGES_REQUESTED,codex,0,2026-09-23 05:49:01,2026-09-23 05:57:20
31a1a74e-6937-468a-9d53-9fe06303757d,77a74671-5e7d-4fc4-af8f-1e1ee886ec53,design,1,done,CHANGES_REQUESTED,codex,0,2026-09-23 05:52:53,2026-09-23 06:04:46
6ce8793e-edd6-4d44-9a9d-fb644d48bf1a,7497f142-e7d5-458c-b030-285b5fd08d66,code,4,done,APPROVED,codex,0,2026-09-23 05:54:15,2026-09-23 05:56:36
2555f087-caf8-4f9f-83c5-a3596d713d12,175d925e-f3ac-471a-82c5-46b7f9c6d615,design,1,done,CHANGES_REQUESTED,codex,0,2026-09-23 05:56:51,2026-09-23 06:06:05
1f35923f-ea52-4f3b-8e4b-53650e105e75,4a7c8a8e-3d59-4194-b4a1-541006284408,design,2,done,APPROVED,codex,0,2026-09-23 05:56:55,2026-09-23 05:59:43
8ac3ec1e-e662-481d-b66b-a697ea432f66,49da92c8-f888-4efc-a8da-b82f20e11fd7,design,2,done,APPROVED,codex,0,2026-09-23 06:00:29,2026-09-23 06:10:23
927a6536-3db9-49ea-bb85-64630040972a,5a0dbf51-2eb9-4d9f-9cfa-367d6bdbd49e,code,2,done,APPROVED,codex,0,2026-09-23 06:08:43,2026-09-23 06:11:18
04d41920-1390-4e7b-88d1-5844d6c2e3ef,175d925e-f3ac-471a-82c5-46b7f9c6d615,design,2,done,CHANGES_REQUESTED,codex,0,2026-09-23 06:09:09,2026-09-23 06:13:45
721cf57a-a15c-4080-b56d-381c21c68523,16daf9b1-099f-40b3-9f9d-74b198cf2512,code,1,failed,,codex,0,2026-09-23 06:11:14,
9c93deca-95f0-4505-9206-8f22dee6c0b4,175d925e-f3ac-471a-82c5-46b7f9c6d615,design,3,done,APPROVED,codex,0,2026-09-23 06:16:13,2026-09-23 06:18:34
f6618a5e-f5af-4506-8e6d-3f008a094d2b,16daf9b1-099f-40b3-9f9d-74b198cf2512,code,2,done,CHANGES_REQUESTED,codex,0,2026-09-23 06:19:14,2026-09-23 06:23:27
4329ea98-0122-4507-958b-a0eb03443320,59f40aa4-1709-44c2-af77-5adb972d784e,design,1,done,CHANGES_REQUESTED,codex,0,2026-09-23 06:39:08,2026-09-23 06:48:52
d2efcdaa-5768-445a-82f8-832728fc5b80,59f40aa4-1709-44c2-af77-5adb972d784e,design,2,done,APPROVED,codex,0,2026-09-23 06:57:33,2026-09-23 07:11:12
ef50b8a9-7637-4187-9c45-c0b8bef6b373,296e5376-6dba-452f-96b6-35d7a4c8e530,code,1,done,APPROVED,codex,0,2026-09-23 07:35:45,2026-09-23 07:48:50
ca943f40-b51a-46a8-bf01-a88109da6b0b,61b2368f-4200-46d0-8b21-a83f55e1cd81,code,1,done,APPROVED,codex,0,2026-09-23 07:44:50,2026-09-23 07:49:36
0c80a321-f439-4250-8aeb-6f822c4131d9,175d925e-f3ac-471a-82c5-46b7f9c6d615,code,1,done,APPROVED,codex,0,2026-09-23 07:59:11,2026-09-23 08:13:12
9a48b95e-f5d9-4c69-9fb4-62c3fbfbb02a,3606baaf-a8a2-40ed-bd27-b6983402653f,code,1,done,CHANGES_REQUESTED,codex,0,2026-09-23 08:16:48,2026-09-23 08:38:15
9e36f20c-f480-40db-8fbe-1a28117860eb,6b5615a3-985e-4eba-a52e-12ae55012e50,code,1,failed,,codex,0,2026-09-23 08:26:43,
60602a28-575f-48e5-8a2b-149f268bedc4,6a68c310-0609-4488-9947-d8b41abbb41e,code,1,done,CHANGES_REQUESTED,codex,0,2026-09-23 08:31:07,2026-09-23 08:44:29
5e9e2ca2-034d-4a13-9ef5-08ed2e651ae1,61b2368f-4200-46d0-8b21-a83f55e1cd81,code,2,done,CHANGES_REQUESTED,codex,0,2026-09-23 08:31:33,2026-09-23 08:38:46
26f6657e-beaf-4f03-b6b6-a158fa8cbee9,90adb2d1-9bd5-4113-bbe0-f25e829d5d09,code,1,done,CHANGES_REQUESTED,codex,0,2026-09-23 08:33:29,2026-09-23 08:46:41
1dea5ee2-c540-48ce-985d-d1b94f29daa9,95d1f43b-a724-45a5-8a81-5dc54463e15e,design,1,done,CHANGES_REQUESTED,codex,0,2026-09-23 08:35:03,2026-09-23 08:43:49
d75efd3e-5fc1-40ac-a954-68a0f7869d8f,9112b04e-9ec0-44f2-8d94-159a59d61f77,design,1,done,CHANGES_REQUESTED,codex,0,2026-09-23 08:38:52,2026-09-23 08:50:00
dd568358-b0fa-471c-822f-86225d9f8da5,61b2368f-4200-46d0-8b21-a83f55e1cd81,code,3,done,APPROVED,codex,0,2026-09-23 08:49:27,2026-09-23 08:53:12
450277ee-41fa-4835-8b80-892985f7b845,95d1f43b-a724-45a5-8a81-5dc54463e15e,design,2,done,CHANGES_REQUESTED,codex,0,2026-09-23 08:54:08,2026-09-23 08:59:20
125be1c1-72d4-4f03-b0f6-d30f31d42c14,6a68c310-0609-4488-9947-d8b41abbb41e,code,2,done,CHANGES_REQUESTED,codex,0,2026-09-23 08:56:39,2026-09-23 09:04:22
8627c264-3e69-4f55-bf40-8013bc12656b,9112b04e-9ec0-44f2-8d94-159a59d61f77,design,2,done,APPROVED,codex,0,2026-09-23 08:57:08,2026-09-23 09:02:37
3c0acb9d-891e-4f8c-8191-942786f35f51,95d1f43b-a724-45a5-8a81-5dc54463e15e,design,3,done,APPROVED,codex,0,2026-09-23 09:03:59,2026-09-23 09:07:06
7ae8ba51-e0e9-4bc5-9dae-b2eb49ffa846,3606baaf-a8a2-40ed-bd27-b6983402653f,code,2,done,APPROVED,codex,0,2026-09-23 09:10:23,2026-09-23 09:15:13
973ad1b7-3d3e-4bce-96a9-007ab5ba571d,6a68c310-0609-4488-9947-d8b41abbb41e,code,3,done,APPROVED,codex,0,2026-09-23 09:11:12,2026-09-23 09:16:23
cc5d200d-9e9b-438d-8a54-3d1e41ba1d17,90adb2d1-9bd5-4113-bbe0-f25e829d5d09,code,2,done,CHANGES_REQUESTED,codex,0,2026-09-23 09:22:18,2026-09-23 09:27:48
5f031f84-605b-4a36-8ba3-51d60ad6d2f3,16daf9b1-099f-40b3-9f9d-74b198cf2512,code,3,failed,,codex,0,2026-09-23 09:27:17,
8ec50a87-d4b9-4384-b6cd-f777f438c977,95d1f43b-a724-45a5-8a81-5dc54463e15e,code,1,done,CHANGES_REQUESTED,codex,0,2026-09-23 09:28:52,2026-09-23 09:38:16
8a6d7e2c-15aa-4675-9028-bc50b33f92ed,e66b67a7-50dd-4257-a6cf-ffadc8314f25,code,1,failed,,codex,0,2026-09-23 09:40:04,
eae29252-e0af-457d-b3f3-a1927a13055f,95d1f43b-a724-45a5-8a81-5dc54463e15e,code,2,done,APPROVED,codex,0,2026-09-23 09:52:43,2026-09-23 09:59:22
bf371691-74bf-44a0-b06f-fe763303e6c5,e66b67a7-50dd-4257-a6cf-ffadc8314f25,code,2,done,CHANGES_REQUESTED,codex,0,2026-09-23 09:57:25,2026-09-23 10:00:40
7d5ff2e2-fe29-45e1-b826-d751debc9fa0,95d1f43b-a724-45a5-8a81-5dc54463e15e,code,3,done,APPROVED,codex,0,2026-09-23 10:04:05,2026-09-23 10:18:58
fd185ba7-1a7a-4213-a055-03029f60650f,6a68c310-0609-4488-9947-d8b41abbb41e,code,4,failed,,codex,0,2026-09-23 10:05:37,
d7b68c9f-bb85-4cde-905d-3e26ef5a70ad,6a68c310-0609-4488-9947-d8b41abbb41e,code,5,failed,,codex,0,2026-09-23 10:11:24,
fdbdf447-7cd9-4880-b6fe-1a03049e1ac6,90adb2d1-9bd5-4113-bbe0-f25e829d5d09,code,3,done,CHANGES_REQUESTED,codex,0,2026-09-23 10:11:36,2026-09-23 10:17:16
f1f63b43-dae9-4f52-84d1-0a61526d30c6,6a68c310-0609-4488-9947-d8b41abbb41e,code,6,done,CHANGES_REQUESTED,codex,0,2026-09-23 10:14:25,2026-09-23 10:16:10
d09fd864-c21e-47ab-ad14-65047271c8fc,3606baaf-a8a2-40ed-bd27-b6983402653f,code,3,done,APPROVED,codex,0,2026-09-23 10:23:03,2026-09-23 10:27:30
899c5a6d-f3a8-4abf-a2ec-41e650121ecc,6a68c310-0609-4488-9947-d8b41abbb41e,code,7,done,APPROVED,codex,0,2026-09-23 10:24:42,2026-09-23 10:27:17
70cc6d70-e783-4fda-a618-8c73dc7ebf33,6a68c310-0609-4488-9947-d8b41abbb41e,code,8,done,APPROVED,codex,0,2026-09-23 10:36:20,2026-09-23 10:39:03
72441c00-3f35-4efd-a198-5244cb38bcca,59f40aa4-1709-44c2-af77-5adb972d784e,code,1,done,CHANGES_REQUESTED,codex,0,2026-09-23 10:36:42,2026-09-23 10:50:48
b773fc81-1809-4524-8b9f-3d4b7ed8b35d,90adb2d1-9bd5-4113-bbe0-f25e829d5d09,code,4,done,CHANGES_REQUESTED,codex,0,2026-09-23 10:47:45,2026-09-23 10:54:41
1458e9d5-db54-42b7-b766-6ce0d3ff6867,cee9becb-7da9-4eab-986d-18f2d27326ba,code,1,done,APPROVED,claude,1,2026-09-23 11:09:35,2026-09-23 11:23:20
50ee3dc2-7c6a-4f28-ac9a-9f62083884bc,59f40aa4-1709-44c2-af77-5adb972d784e,code,2,done,CHANGES_REQUESTED,codex,0,2026-09-23 11:13:52,2026-09-23 11:18:46
a3ccbcc2-729c-4e67-a521-4e236c2fd299,2e3191cf-2a2a-4a96-b19c-40dd46487b22,code,1,done,APPROVED,codex,0,2026-09-23 11:22:16,2026-09-23 11:31:40
f0b6a8ec-1dda-4dd7-acb2-dd7c1f91721e,e66b67a7-50dd-4257-a6cf-ffadc8314f25,code,3,done,CHANGES_REQUESTED,codex,0,2026-09-23 11:23:53,2026-09-23 11:30:44
58698d7e-52d8-4f9b-8b63-b4e84db97dc8,cee9becb-7da9-4eab-986d-18f2d27326ba,code,2,done,APPROVED,claude,1,2026-09-23 11:28:39,2026-09-23 11:32:35
2566eaa5-1151-4712-b0b7-876b381ccc1a,9a2aa63c-a8cc-4495-9081-b7af109a0977,code,1,done,CHANGES_REQUESTED,codex,0,2026-09-23 11:29:27,2026-09-23 11:41:04
50df2bba-123d-4468-b7e0-b4478a5f4fb3,90adb2d1-9bd5-4113-bbe0-f25e829d5d09,code,5,done,APPROVED,codex,0,2026-09-23 11:31:27,2026-09-23 11:36:03
79040803-1dc6-488f-818d-e8203b687b0e,cee9becb-7da9-4eab-986d-18f2d27326ba,code,3,done,APPROVED,claude,1,2026-09-23 11:35:03,2026-09-23 11:36:45
1fc33440-94b4-4a9e-ad2d-0068ae9dd403,9a2aa63c-a8cc-4495-9081-b7af109a0977,code,2,done,APPROVED,codex,0,2026-09-23 11:54:14,2026-09-23 11:58:03
5895db00-318a-45a9-a90e-4b715cf5d168,59f40aa4-1709-44c2-af77-5adb972d784e,code,3,done,CHANGES_REQUESTED,codex,0,2026-09-23 11:55:58,2026-09-23 12:02:39
dba8818f-68a8-486e-80dc-14b11fd8ab00,59f40aa4-1709-44c2-af77-5adb972d784e,code,4,done,APPROVED,codex,0,2026-09-23 12:10:04,2026-09-23 12:14:55
f536b41a-f324-41d8-aebc-9419d835533a,cee9becb-7da9-4eab-986d-18f2d27326ba,code,4,done,APPROVED,claude,1,2026-09-23 12:19:45,2026-09-23 12:25:45
508cc27e-a78d-44f2-b201-95c29bdbda26,e66b67a7-50dd-4257-a6cf-ffadc8314f25,code,4,done,APPROVED,codex,0,2026-09-23 12:33:37,2026-09-23 12:46:42
2f79b2d6-c954-426c-822a-59e05f342487,32c14149-2fa4-47e4-8534-eb8f68d72874,code,1,done,CHANGES_REQUESTED,codex,0,2026-09-23 12:46:32,2026-09-23 13:01:19
f1c9d821-a8cf-42df-bb24-dc0bca66334e,4f98262b-eb7a-49ee-a69b-d3b46d521ee2,code,1,done,APPROVED,codex,0,2026-09-23 13:10:53,2026-09-23 13:27:53
de70d6ce-5b5e-4288-b7d6-6ea68890b573,32c14149-2fa4-47e4-8534-eb8f68d72874,code,2,done,APPROVED,codex,0,2026-09-23 13:10:56,2026-09-23 13:13:30
6878417c-6aa5-4632-8b0a-f81f3c08d67c,90adb2d1-9bd5-4113-bbe0-f25e829d5d09,code,6,done,APPROVED,codex,0,2026-09-23 13:13:31,2026-09-23 13:21:48
08d2659a-74e4-4df6-af4e-66dea1ec32f2,4f98262b-eb7a-49ee-a69b-d3b46d521ee2,code,2,done,APPROVED,codex,0,2026-09-23 13:31:37,2026-09-23 13:35:58
7a91cd70-5d0c-4028-ac49-409dab830a5e,a263bc64-bddc-4654-b67d-e2cdfe921797,code,1,done,CHANGES_REQUESTED,codex,0,2026-09-23 13:47:35,2026-09-23 14:00:41
43cf79b8-04c3-4d50-9649-2d262739357c,fda68c0b-4ad8-4e0f-8e6d-2ac788b460c2,design,1,done,CHANGES_REQUESTED,codex,0,2026-09-23 13:58:34,2026-09-23 14:08:03
4480df89-00ae-4bab-aac8-aac34fd81bc5,e66b67a7-50dd-4257-a6cf-ffadc8314f25,code,5,done,APPROVED,codex,0,2026-09-23 14:07:25,2026-09-23 14:11:32
3e7e6438-2215-4523-aeeb-cf9d1d22eb45,fda68c0b-4ad8-4e0f-8e6d-2ac788b460c2,design,2,done,APPROVED,codex,0,2026-09-23 14:11:25,2026-09-23 14:16:40
94c85873-eb80-4eb4-a97f-f7d90fbf1652,32c14149-2fa4-47e4-8534-eb8f68d72874,code,3,done,APPROVED,codex,0,2026-09-23 14:13:59,2026-09-23 14:17:57
a01b9535-ed1b-46ee-bc34-2b878ae4c1e0,a263bc64-bddc-4654-b67d-e2cdfe921797,code,2,done,APPROVED,codex,0,2026-09-23 14:27:15,2026-09-23 14:31:19
d2e231e5-0c24-4863-9e8e-955fb2d24138,4f98262b-eb7a-49ee-a69b-d3b46d521ee2,code,3,done,CHANGES_REQUESTED,codex,0,2026-09-23 14:48:46,2026-09-23 14:58:07
bcc61be3-dff2-47a3-97a6-40dba3df2f70,e66b67a7-50dd-4257-a6cf-ffadc8314f25,code,6,done,APPROVED,codex,0,2026-09-23 14:52:40,2026-09-23 14:56:05
6dc51804-06fb-42f2-8da8-d7b56eaedafa,e66b67a7-50dd-4257-a6cf-ffadc8314f25,code,7,done,APPROVED,codex,0,2026-09-23 15:05:27,2026-09-23 15:08:36
23e5f1e3-1769-415b-a9c3-0920d0c86bd2,4f98262b-eb7a-49ee-a69b-d3b46d521ee2,code,4,done,APPROVED,codex,0,2026-09-23 15:05:42,2026-09-23 15:09:25
111cbf2c-5c4f-4c8e-a39d-cd832573e09e,72eacc06-8b9f-42d3-a3c7-8d6dbfcb9dd8,code,1,done,APPROVED,codex,0,2026-09-23 15:11:06,2026-09-23 15:27:55
131a0b4d-d343-43cf-a007-18069125e6cd,76b0f604-3d22-44f9-a846-a37056920e5e,code,1,done,APPROVED,codex,0,2026-09-23 15:30:17,2026-09-23 15:51:03
d517ae2f-6ad3-465e-8c70-249cd1087acc,76b0f604-3d22-44f9-a846-a37056920e5e,code,2,done,APPROVED,codex,0,2026-09-23 16:05:00,2026-09-23 16:09:03
d8103c82-2f61-4ef1-9fbc-74c3d72c5944,91f185a4-b436-4a38-b051-638d077e4558,code,1,done,APPROVED,codex,0,2026-09-23 17:18:29,2026-09-23 17:43:34
0481be31-451f-43dd-818b-fc8758717c74,91f185a4-b436-4a38-b051-638d077e4558,code,2,done,APPROVED,codex,0,2026-09-23 17:46:05,2026-09-23 18:15:25
16c48913-5c24-4820-b791-8e232e685f7f,412a1c7c-b033-474f-b2ee-45b5b5dbc4d3,design,1,done,CHANGES_REQUESTED,codex,0,2026-09-23 18:09:14,2026-09-23 18:17:20
3af3a235-2b23-423a-a758-242d847f898c,4461c3b9-2af5-47e1-b402-3a48c727f385,design,1,done,CHANGES_REQUESTED,codex,0,2026-09-23 18:09:25,2026-09-23 18:20:49
4d8297f7-3f79-4590-8d9a-6f4999f82db9,412a1c7c-b033-474f-b2ee-45b5b5dbc4d3,design,2,done,APPROVED,codex,0,2026-09-23 18:20:50,2026-09-23 18:25:33
ec688e80-8878-4e14-b61b-cc639c3a94cd,4461c3b9-2af5-47e1-b402-3a48c727f385,design,2,done,CHANGES_REQUESTED,codex,0,2026-09-23 18:24:21,2026-09-23 18:30:05
6d3956ba-c2a6-45d2-9590-9a433a693fd5,4461c3b9-2af5-47e1-b402-3a48c727f385,design,3,done,APPROVED,codex,0,2026-09-23 18:33:45,2026-09-23 19:31:47
8c3bf6f6-fd39-43d6-81d7-6980b87c0d18,a7a27b49-ee4c-42d6-b933-6e409fa7cc61,code,1,done,APPROVED,codex,0,2026-09-23 19:29:52,2026-09-23 19:39:30
bf62e85f-a87f-4a36-bdde-477f21e56e9c,fc816208-3193-4d3e-b048-a0e5fd69976e,code,1,done,CHANGES_REQUESTED,codex,0,2026-09-23 21:24:54,2026-09-23 21:37:49
b70422d5-4263-44f1-9b6c-c4b29a9550e3,8587067a-85c6-4f1a-9fbf-11852c5732a4,code,1,done,APPROVED,codex,0,2026-09-23 21:31:02,2026-09-23 21:42:38
815a2fce-af6d-47ca-bb5e-aa048fb50217,d9ac81c4-d6fc-42da-a9c1-96e50b2885ea,code,1,done,APPROVED,codex,0,2026-09-23 21:44:22,2026-09-23 21:55:39
b698c990-ac40-4ab5-ba49-cfe483e3ff7b,fc816208-3193-4d3e-b048-a0e5fd69976e,code,2,done,APPROVED,codex,0,2026-09-23 21:52:00,2026-09-23 21:57:00
f3f22268-95ab-4cf7-9697-1b7b1f890fa5,fc816208-3193-4d3e-b048-a0e5fd69976e,code,3,done,APPROVED,codex,0,2026-09-23 22:36:00,2026-09-23 22:38:56
ffe6cc32-165d-460c-8384-98489f5dac9a,fc816208-3193-4d3e-b048-a0e5fd69976e,code,4,done,APPROVED,codex,0,2026-09-23 22:42:18,2026-09-23 22:44:34
2c4c292b-1a6b-43e3-88ac-4a684e68dcf4,fc816208-3193-4d3e-b048-a0e5fd69976e,code,5,done,CHANGES_REQUESTED,codex,0,2026-09-23 22:58:01,2026-09-23 23:03:14
1519a0d0-6f93-4e2f-8f2a-e46888d4341d,fc816208-3193-4d3e-b048-a0e5fd69976e,code,6,done,APPROVED,codex,0,2026-09-23 23:09:59,2026-09-23 23:13:24
d0a4a468-dbdb-4ec9-bbee-7c9e245666de,3d542020-d359-4d1e-bfbf-0b0a7c39a11e,code,1,done,APPROVED,codex,0,2026-09-23 23:24:23,2026-09-23 23:35:41
df06e27c-5fb7-4307-ace8-771535cc5efe,9f016fc5-3781-4208-a4c0-7f680393aab0,code,1,done,CHANGES_REQUESTED,codex,0,2026-09-23 23:48:57,2026-09-24 00:12:29
79661c7d-7022-4add-9c69-8568c4b32480,9383060a-f410-404d-b725-f7919d50e9ff,code,1,done,APPROVED,codex,0,2026-09-23 23:50:06,2026-09-24 00:04:46
8b547dc0-4bd4-4c97-8f4a-fd20e080a38d,9383060a-f410-404d-b725-f7919d50e9ff,code,2,done,APPROVED,codex,0,2026-09-24 00:20:37,2026-09-24 00:24:48
6569f8af-c1b9-41da-a7ab-3b407c12cf03,9383060a-f410-404d-b725-f7919d50e9ff,code,3,done,APPROVED,codex,0,2026-09-24 01:06:23,2026-09-24 01:10:02
33bfba1d-b8b2-4aeb-8d9b-966f7039660f,9383060a-f410-404d-b725-f7919d50e9ff,code,4,done,APPROVED,codex,0,2026-09-24 01:11:20,2026-09-24 01:13:42
89bc7171-6a9d-4b97-b62c-0f640b101e1d,5da4c8de-3795-4edc-ad14-329c38e09ba6,code,1,done,APPROVED,claude,1,2026-09-24 01:35:19,2026-09-24 02:43:38
af07a79b-475b-4f24-b7f3-613353ff7c54,5ea9860c-0fb1-4cb2-b7b3-d5c06995746e,code,1,failed,,codex,0,2026-09-24 02:40:54,
fbec17a0-fd25-4dc3-bf55-ccdb0dc980bc,b8057761-300b-4764-b4da-8b8686ad653e,code,1,done,CHANGES_REQUESTED,codex,0,2026-09-24 02:45:16,2026-09-24 03:15:13
002aca7f-9bee-4335-b7ad-c2cc3b086fe8,4c124904-81ac-40e8-977a-f5dac79f0684,code,1,failed,,codex,0,2026-09-24 03:17:44,
1f008328-7b81-4dcd-b747-8966ed2f6826,b8057761-300b-4764-b4da-8b8686ad653e,code,2,done,APPROVED,codex,0,2026-09-24 03:25:24,2026-09-24 03:54:10
13719555-1ddb-4981-8748-0e002cad3168,50c8805e-d5bb-46b9-9598-d7e3b79967bd,code,1,done,CHANGES_REQUESTED,codex,0,2026-09-24 03:54:27,2026-09-24 04:40:27
efaf3a10-e31b-4d05-ac26-9acbabbadbdd,614fb3ea-e937-48a7-8d88-1e871dbb9161,code,1,done,CHANGES_REQUESTED,codex,0,2026-09-24 04:20:05,2026-09-24 05:08:50
ca5eaa6b-acea-48c3-9588-20de75cb54f0,50c8805e-d5bb-46b9-9598-d7e3b79967bd,code,2,done,CHANGES_REQUESTED,codex,0,2026-09-24 04:46:23,2026-09-24 05:01:32
391c8fba-f571-461c-a286-6a326b512349,50c8805e-d5bb-46b9-9598-d7e3b79967bd,code,3,done,CHANGES_REQUESTED,codex,0,2026-09-24 05:05:22,2026-09-24 05:09:10
4559628e-3f55-464a-bc2c-9627f601602a,50c8805e-d5bb-46b9-9598-d7e3b79967bd,code,4,done,APPROVED,codex,0,2026-09-24 05:16:26,2026-09-24 05:19:36
495f1888-d83c-48d4-a3fa-41cbba2f4964,8773168c-be01-4687-8813-68e4566a346e,code,1,done,APPROVED,codex,0,2026-09-24 05:21:11,2026-09-24 05:50:49
1e4fb3db-5174-479e-9d28-6abac16e3ad3,614fb3ea-e937-48a7-8d88-1e871dbb9161,code,2,done,CHANGES_REQUESTED,codex,0,2026-09-24 05:55:08,2026-09-24 06:08:42
743373a3-da8f-406b-801a-14ef2a75a812,50c8805e-d5bb-46b9-9598-d7e3b79967bd,code,5,done,APPROVED,codex,0,2026-09-24 05:59:40,2026-09-24 06:10:33
56b52229-50c4-4d56-bf71-a024bed774eb,614fb3ea-e937-48a7-8d88-1e871dbb9161,code,3,done,APPROVED,codex,0,2026-09-24 06:17:50,2026-09-24 06:24:30
30d66437-149b-4986-82a0-55fe634909cf,b224d252-30d2-4d13-b597-9663ea25de43,code,1,done,CHANGES_REQUESTED,codex,0,2026-09-24 08:13:25,2026-09-24 08:32:29
6f197635-0bb4-4155-b14b-d1fed92b88b3,6520c919-ded0-46e6-bfa5-76bba81770c6,code,1,done,CHANGES_REQUESTED,codex,0,2026-09-24 08:27:22,2026-09-24 08:42:47
5d3d678c-241e-409a-bec9-66a31fb64835,9565cabe-062b-43a9-bff4-0ca42b9e7eb6,code,1,done,CHANGES_REQUESTED,codex,0,2026-09-24 08:28:47,2026-09-24 09:14:43
67c367a7-e8b1-4157-ad6c-3f34f2efc184,9c5bc88c-d76f-46a9-b6eb-98efc217b31b,code,1,done,APPROVED,codex,0,2026-09-24 08:33:41,2026-09-24 08:53:19
09c72ba7-f3c8-4403-b41d-98f67bdd67ac,b224d252-30d2-4d13-b597-9663ea25de43,code,2,done,APPROVED,codex,0,2026-09-24 08:39:38,2026-09-24 08:44:09
60efd99f-0049-415c-a480-de06ac05fd11,6520c919-ded0-46e6-bfa5-76bba81770c6,code,2,done,APPROVED,codex,0,2026-09-24 08:48:40,2026-09-24 08:56:13
5943e413-81ef-47e1-9b77-5fa40b8a3237,9c5bc88c-d76f-46a9-b6eb-98efc217b31b,code,2,done,APPROVED,codex,0,2026-09-24 09:04:32,2026-09-24 09:10:50
4f4ec608-0d78-4622-8e28-0aa462a571bc,645a3383-2ccc-435d-90bf-ddeb5d6ac9eb,code,1,done,CHANGES_REQUESTED,codex,0,2026-09-24 09:05:32,2026-09-24 09:26:32
2cd2d4e3-7dfa-4ab4-9445-6031f7684ba1,9565cabe-062b-43a9-bff4-0ca42b9e7eb6,code,2,done,APPROVED,codex,0,2026-09-24 09:26:51,2026-09-24 09:42:27
b43a8e1a-25e6-45ee-9d00-2592a7d81cbc,837d6e85-f52b-4d23-93f7-67a9f15fcf44,code,1,failed,,codex,0,2026-09-24 09:30:52,
6569f951-7493-4e32-9705-256c2c89bf91,837d6e85-f52b-4d23-93f7-67a9f15fcf44,code,2,failed,,codex,0,2026-09-24 09:35:33,
2b7c7f20-b9aa-4925-83c7-a51b270e8c27,837d6e85-f52b-4d23-93f7-67a9f15fcf44,code,3,done,CHANGES_REQUESTED,codex,0,2026-09-24 09:36:35,2026-09-24 09:57:08
ea7cca75-4e1b-45db-937d-23a7fc4cadc2,645a3383-2ccc-435d-90bf-ddeb5d6ac9eb,code,2,done,APPROVED,codex,0,2026-09-24 09:58:50,2026-09-24 10:06:39
f902921f-cb49-4fef-915f-d1afdd24e946,b224d252-30d2-4d13-b597-9663ea25de43,code,3,done,CHANGES_REQUESTED,codex,0,2026-09-24 10:05:33,2026-09-24 10:12:48
4fc5e8e4-d38f-45f2-ba1c-e4b97a4a50e4,9c5bc88c-d76f-46a9-b6eb-98efc217b31b,code,3,done,APPROVED,codex,0,2026-09-24 10:07:33,2026-09-24 10:11:48
aee7abed-0d26-4048-948c-fed5199432d8,837d6e85-f52b-4d23-93f7-67a9f15fcf44,code,4,done,APPROVED,codex,0,2026-09-24 10:17:58,2026-09-24 10:26:52
cc5035c9-f430-41be-ae67-37ff8294d192,b224d252-30d2-4d13-b597-9663ea25de43,code,4,done,APPROVED,codex,0,2026-09-24 10:19:39,2026-09-24 10:26:28
82d43092-f947-458d-9d62-54434990f067,645a3383-2ccc-435d-90bf-ddeb5d6ac9eb,code,3,done,APPROVED,codex,0,2026-09-24 10:49:27,2026-09-24 10:56:16
90223932-486c-44ed-b37e-d268773590bb,837d6e85-f52b-4d23-93f7-67a9f15fcf44,code,5,done,APPROVED,codex,0,2026-09-24 11:10:10,2026-09-24 11:17:29
6c156b7d-1d69-4e33-9882-fd29975a24cf,6520c919-ded0-46e6-bfa5-76bba81770c6,code,3,done,APPROVED,codex,0,2026-09-24 11:32:47,2026-09-24 11:39:42
3bb70d7d-5865-42cf-96ec-2d1c7c0819ac,837d6e85-f52b-4d23-93f7-67a9f15fcf44,code,6,done,CHANGES_REQUESTED,codex,0,2026-09-24 11:47:52,2026-09-24 11:56:50
1055cd1f-1b8c-463c-8916-42c10ae97de6,b977f664-01a7-46b8-8ad9-0951adf06d6c,code,1,done,CHANGES_REQUESTED,codex,0,2026-09-24 11:54:08,2026-09-24 12:12:01
c8b3b465-b8be-4d99-ac9f-80fdc910d3fd,9565cabe-062b-43a9-bff4-0ca42b9e7eb6,code,3,done,CHANGES_REQUESTED,codex,0,2026-09-24 11:57:43,2026-09-24 12:37:50
741e3e3b-93b0-4847-806d-77d936ab5b7f,b977f664-01a7-46b8-8ad9-0951adf06d6c,code,2,done,APPROVED,codex,0,2026-09-24 12:15:26,2026-09-24 12:18:09
4fb028ad-f3d4-4e9b-a5cb-d483cb212cdf,837d6e85-f52b-4d23-93f7-67a9f15fcf44,code,7,done,APPROVED,codex,0,2026-09-24 12:15:56,2026-09-24 12:20:03
d7adc1bf-be93-4762-bb26-1faf9d43d51a,748f3c9e-91c6-4fcf-b9d0-075935fdb430,code,1,done,CHANGES_REQUESTED,codex,0,2026-09-24 12:50:18,2026-09-24 13:03:58
f15a301c-8f20-405e-a640-73fa7fce8d5d,c3ec4a52-f4b7-4f4b-a01f-0a6599652af3,code,1,done,CHANGES_REQUESTED,codex,0,2026-09-24 12:55:29,2026-09-24 13:14:02
33e549ad-2ca8-4a1f-8a01-d61d2d27712e,9565cabe-062b-43a9-bff4-0ca42b9e7eb6,code,4,done,CHANGES_REQUESTED,codex,0,2026-09-24 12:59:19,2026-09-24 13:42:43
fcf47244-3dcc-4fcf-81fd-aabe944b6c1c,748f3c9e-91c6-4fcf-b9d0-075935fdb430,code,2,done,CHANGES_REQUESTED,codex,0,2026-09-24 13:20:29,2026-09-24 13:26:02
611cf9db-cbf5-4c22-942e-741932d233eb,c3ec4a52-f4b7-4f4b-a01f-0a6599652af3,code,2,done,CHANGES_REQUESTED,codex,0,2026-09-24 13:43:48,2026-09-24 13:58:20
2bf1afef-8d5b-4180-977f-da7f1826e57b,748f3c9e-91c6-4fcf-b9d0-075935fdb430,code,3,done,APPROVED,codex,0,2026-09-24 13:54:53,2026-09-24 13:59:41
1b44cb84-358d-4668-b310-295a95903cd0,9565cabe-062b-43a9-bff4-0ca42b9e7eb6,code,5,done,APPROVED,codex,0,2026-09-24 14:00:10,2026-09-24 14:32:22
853cdf40-fc0e-413d-82b3-21289f5ca4e9,c3ec4a52-f4b7-4f4b-a01f-0a6599652af3,code,3,done,APPROVED,codex,0,2026-09-24 14:04:06,2026-09-24 14:11:40
d5770207-46b5-44da-9d47-00c0fc8ea649,45c8187a-0cee-43a3-8574-24c626a53a1e,code,1,done,CHANGES_REQUESTED,codex,0,2026-09-24 14:06:39,2026-09-24 14:27:00
9a6061b7-579b-4052-9d52-47c21bd0f746,85e04f61-9ec9-4a90-ac0d-650908d58e8e,code,1,done,CHANGES_REQUESTED,codex,0,2026-09-24 14:42:16,2026-09-24 15:03:08
491a5503-07de-4ab5-944f-becaa9ce4eb3,d6aadc9a-d214-4218-a2a4-3f5f0a74c1a1,code,1,failed,,codex,0,2026-09-24 14:48:21,
52b7e978-b0c1-4351-99c0-0af057f9a016,45c8187a-0cee-43a3-8574-24c626a53a1e,code,2,done,APPROVED,codex,0,2026-09-24 14:52:22,2026-09-24 15:01:14
4fc8dad4-de20-4e0c-b9ec-479c11cc4d8c,d6aadc9a-d214-4218-a2a4-3f5f0a74c1a1,code,2,failed,,codex,0,2026-09-24 15:07:26,
6cac9cd9-2527-4838-87de-8823ff55465f,85e04f61-9ec9-4a90-ac0d-650908d58e8e,code,2,done,APPROVED,codex,0,2026-09-24 15:08:12,2026-09-24 15:15:28
0e3bcc21-822c-4be4-aa42-bb1d3b4924d1,d6aadc9a-d214-4218-a2a4-3f5f0a74c1a1,code,3,failed,,codex,0,2026-09-24 15:15:18,
db17caff-d2b3-438d-8512-8c819e1cf8c8,d6aadc9a-d214-4218-a2a4-3f5f0a74c1a1,code,4,done,CHANGES_REQUESTED,codex,0,2026-09-24 15:21:44,2026-09-24 15:26:30
1479f158-f7f1-420b-bd5b-6e4d2e4e92f9,ce4206e6-0be1-45cd-98d8-3fb9c1804737,code,1,done,CHANGES_REQUESTED,codex,0,2026-09-24 15:26:10,2026-09-24 15:40:48
b0dc1d59-33e0-498c-9466-b517fdf8152a,dce17f32-451c-4265-b3d0-801e624fc792,code,1,done,APPROVED,codex,0,2026-09-24 15:33:21,2026-09-24 15:54:07
56b2473a-a6e6-40e9-8b88-ff42ff91ab50,d6aadc9a-d214-4218-a2a4-3f5f0a74c1a1,code,5,done,APPROVED,codex,0,2026-09-24 15:38:12,2026-09-24 15:44:06
01db3848-3f9f-4185-bd20-6626bb01d1f5,ce4206e6-0be1-45cd-98d8-3fb9c1804737,code,2,done,APPROVED,codex,0,2026-09-24 15:50:31,2026-09-24 15:57:23
6929978e-fb50-4d20-a8a0-0432403e680d,a43a6880-5207-41c9-a3c5-7523fb24d0f7,code,1,done,CHANGES_REQUESTED,codex,0,2026-09-24 16:23:54,2026-09-24 16:42:45
56d72113-0dd6-4885-b3e2-6cc560eee1aa,a43a6880-5207-41c9-a3c5-7523fb24d0f7,code,2,done,CHANGES_REQUESTED,codex,0,2026-09-24 16:51:42,2026-09-24 16:57:15
03bb4ad0-782d-4975-b180-f471fe8d290c,0b64f42a-7cb1-48b2-8e92-e53b935b951d,code,1,done,APPROVED,codex,0,2026-09-24 16:52:52,2026-09-24 17:08:12
d57fb004-b79e-4799-ac73-21a894958273,b15a5b84-2c76-43bb-a436-21fc4d0a9f24,code,1,done,CHANGES_REQUESTED,codex,0,2026-09-24 16:53:21,2026-09-24 17:07:16
7aa67b1c-8b74-4971-9ece-e7268c24e1b3,7c91f9fb-9720-45e5-b046-0b1162606cf7,code,1,done,CHANGES_REQUESTED,codex,0,2026-09-24 16:57:03,2026-09-24 17:10:21
47771602-dffb-436a-b6b4-f4a73b41d918,a43a6880-5207-41c9-a3c5-7523fb24d0f7,code,3,done,CHANGES_REQUESTED,codex,0,2026-09-24 17:04:21,2026-09-24 17:12:36
1e3b4249-a9b3-40ba-b24d-ec425306e6a5,7c91f9fb-9720-45e5-b046-0b1162606cf7,code,2,done,APPROVED,codex,0,2026-09-24 17:15:33,2026-09-24 17:18:46
a599de97-675c-4508-b569-88eee822305d,a43a6880-5207-41c9-a3c5-7523fb24d0f7,code,4,done,APPROVED,codex,0,2026-09-24 17:17:09,2026-09-24 17:19:50
852c7f62-4049-492b-854a-63d672f39660,0b64f42a-7cb1-48b2-8e92-e53b935b951d,code,2,done,APPROVED,codex,0,2026-09-24 17:23:53,2026-09-24 17:26:29
875ba8ca-eb6a-494c-8090-16986290ea99,00b1a84a-2e53-4523-a2c0-9d4f4f918070,code,1,done,CHANGES_REQUESTED,codex,0,2026-09-24 17:30:15,2026-09-24 18:12:40
b261adb2-d2c4-43f0-896d-056f7d7a42cf,b15a5b84-2c76-43bb-a436-21fc4d0a9f24,code,2,done,APPROVED,codex,0,2026-09-24 17:41:39,2026-09-24 17:44:21
87a37314-7b52-4f79-8918-23b39ff9fcef,a9df2a66-b0d9-4047-8c62-22c167721888,code,1,done,CHANGES_REQUESTED,codex,0,2026-09-24 18:15:47,2026-09-24 18:27:53
ec7e2e41-2b4a-4bb5-a8b1-5de07a745cb4,00b1a84a-2e53-4523-a2c0-9d4f4f918070,code,2,done,APPROVED,codex,0,2026-09-24 18:20:02,2026-09-24 18:45:50
45450b44-63f5-4d3f-85ff-211e59f46183,771d3bfa-cc7a-4292-bb0e-63d1fdc831d5,code,1,done,APPROVED,codex,0,2026-09-24 18:29:44,2026-09-24 18:50:06
d2cf7644-d0e4-4eaa-af9b-76764a89d4e4,a9df2a66-b0d9-4047-8c62-22c167721888,code,2,done,APPROVED,codex,0,2026-09-24 18:30:35,2026-09-24 18:32:51
815628d6-49e4-4312-b460-a1229e2ff51c,f3574edc-c43f-4f48-8b6c-7ea29e3a3ad2,code,1,failed,,codex,0,2026-09-24 18:41:48,
11355f5c-4461-4ab1-85f7-a5990643dbb3,18289cf2-0a22-4c55-af1a-f0cea112a9b8,code,1,failed,,codex,0,2026-09-24 18:58:42,
02b1c127-b2e1-45ea-a031-9b3631874371,0c7fb517-3464-4f6a-b48c-669385e70d1b,code,1,done,CHANGES_REQUESTED,codex,0,2026-09-24 19:27:22,2026-09-24 19:42:25
930b3f21-ace1-4bcd-a860-2f10c62f35df,6615017e-0ac1-4b05-a11a-4919f764fe0f,code,1,done,CHANGES_REQUESTED,claude,1,2026-09-24 19:41:45,2026-09-24 20:11:48
854a1143-3439-4fd2-b95d-8bf25d73164c,a29f0f6e-99e7-4754-a559-3f58c25c84ed,code,1,done,APPROVED,claude,1,2026-09-24 19:44:54,2026-09-24 19:55:38
f0f257c2-871f-4932-983f-484e5269cedb,0c7fb517-3464-4f6a-b48c-669385e70d1b,code,2,done,APPROVED,codex,0,2026-09-24 19:45:32,2026-09-24 19:46:02
0e5e3bcc-2ee7-48b3-9c51-e53e474f8eff,6615017e-0ac1-4b05-a11a-4919f764fe0f,code,2,done,APPROVED,claude,1,2026-09-24 20:31:18,2026-09-24 20:41:00
0484079a-0b5f-4dba-b5c9-c388e0d90ed8,0c7fb517-3464-4f6a-b48c-669385e70d1b,code,3,done,APPROVED,codex,0,2026-09-24 20:32:00,2026-09-24 20:35:17
87ae146a-d29d-45cb-8be4-43b5b45257bd,c1db8d2e-5c21-456c-8d35-1ae5bd884d8f,code,1,done,CHANGES_REQUESTED,codex,0,2026-09-24 22:20:32,2026-09-24 22:33:49
4dfc55b1-11ce-43d2-81fd-f525a9ca0963,0c7fb517-3464-4f6a-b48c-669385e70d1b,code,4,done,CHANGES_REQUESTED,codex,0,2026-09-24 22:33:07,2026-09-24 22:37:49
0e208c27-672c-47d3-b843-dec11cd2c600,0c7fb517-3464-4f6a-b48c-669385e70d1b,code,5,done,CHANGES_REQUESTED,codex,0,2026-09-24 22:43:03,2026-09-24 22:44:59
3bda423c-ef37-49d1-a243-d3ab4a17ee09,0c7fb517-3464-4f6a-b48c-669385e70d1b,code,6,done,APPROVED,codex,0,2026-09-24 22:50:51,2026-09-24 22:51:49
04e63abb-56af-410c-8ea4-59576d0a0066,c1db8d2e-5c21-456c-8d35-1ae5bd884d8f,code,2,done,APPROVED,codex,0,2026-09-24 23:08:36,2026-09-24 23:12:46
4480a1c5-81c6-465a-af96-19a4db53febe,5602a499-35d0-4a07-b7e4-c0f46c0b17ce,code,1,failed,,claude,1,2026-09-24 23:14:41,
0b3d4c41-238f-4559-a3b9-b013786c9fbc,5602a499-35d0-4a07-b7e4-c0f46c0b17ce,code,2,failed,,claude,0,2026-09-24 23:28:37,
d368eb3e-fedd-4db3-938a-827a5cd4e47a,5602a499-35d0-4a07-b7e4-c0f46c0b17ce,code,3,done,APPROVED,claude,0,2026-09-24 23:33:19,2026-09-24 23:33:50
4b6e8469-dcdb-4725-ab8e-5960299081a7,6615017e-0ac1-4b05-a11a-4919f764fe0f,code,3,done,APPROVED,claude,1,2026-09-24 23:36:10,2026-09-24 23:50:59
1fa6e05d-006d-4920-b42a-533b7efea784,25d8197c-5ab1-497e-b5d0-09b64389b45a,design,1,done,APPROVED,codex,0,2026-09-24 23:51:51,2026-09-24 23:58:56
b51cdbdb-775e-4e2e-884b-9ebdf40db753,5602a499-35d0-4a07-b7e4-c0f46c0b17ce,code,4,done,APPROVED,claude,1,2026-09-24 23:54:36,2026-09-25 00:00:24
422cb17a-02a6-40e6-b64f-82fc0711bb77,6615017e-0ac1-4b05-a11a-4919f764fe0f,code,4,done,APPROVED,claude,1,2026-09-24 23:57:36,2026-09-25 00:02:40
07b5eb77-ee11-42fe-ac5f-78583d1d7a5f,c1db8d2e-5c21-456c-8d35-1ae5bd884d8f,code,3,done,CHANGES_REQUESTED,codex,0,2026-09-24 23:58:51,2026-09-25 00:03:26
69ca9891-6c60-4ccf-b94e-5f18ce2318b5,151082ac-0f23-4444-9c9c-ac401b8fd8a9,code,1,done,CHANGES_REQUESTED,codex,0,2026-09-25 00:05:30,2026-09-25 00:32:39
0304be98-c0bd-44e1-9fa3-b51ab54af568,c1db8d2e-5c21-456c-8d35-1ae5bd884d8f,code,4,done,APPROVED,codex,0,2026-09-25 00:09:53,2026-09-25 00:12:22
1c89cbbc-a937-44fe-aec0-cd2090d658f3,25d8197c-5ab1-497e-b5d0-09b64389b45a,code,1,done,APPROVED,codex,0,2026-09-25 00:19:36,2026-09-25 00:22:32
193b82da-ad25-409d-bbab-b15683986a9a,66d85824-6da8-4be9-8efb-0652198442e8,code,1,done,APPROVED,claude,1,2026-09-25 00:54:19,2026-09-25 05:11:15
b3e8b0fc-f67a-42b1-870c-29e5f9fb7c2e,41ec9e44-a13b-4e9a-84ef-a4b4efbfbc4e,code,1,failed,,codex,0,2026-09-25 00:57:17,
3f0330d1-6a43-48c5-9b66-626503ef6624,41ec9e44-a13b-4e9a-84ef-a4b4efbfbc4e,code,1,done,APPROVED,codex,0,2026-09-25 00:57:17,2026-09-25 03:40:18
83613f0f-1198-4143-97c8-7e430c48a06b,6615017e-0ac1-4b05-a11a-4919f764fe0f,code,5,done,APPROVED,claude,1,2026-09-25 00:58:13,2026-09-25 03:36:55
472d166d-4fe6-40a7-9126-c57770654484,6e8742ea-95b3-45dc-822e-6c1458327478,code,1,done,APPROVED,codex,0,2026-09-25 01:13:37,2026-09-25 03:41:52
df3a0918-22e6-4d6e-9053-ff83c1d273c6,151082ac-0f23-4444-9c9c-ac401b8fd8a9,code,2,done,APPROVED,codex,0,2026-09-25 01:14:06,2026-09-25 03:46:24
6fff2a34-ac2c-4332-9df5-f9dcbbf54f56,e5017f34-787e-424b-ae5d-65f25fec88e8,code,1,done,APPROVED,claude,1,2026-09-25 01:41:58,2026-09-25 03:53:35
a675d870-89f3-4df2-9909-fa516a3ba86f,41ec9e44-a13b-4e9a-84ef-a4b4efbfbc4e,code,2,done,APPROVED,codex,0,2026-09-25 03:41:10,2026-09-25 03:45:53
df29d184-65eb-4967-bd4b-837b0f4bd764,8e48d32e-344a-48d0-8683-76ea77318d23,code,1,failed,,codex,0,2026-09-25 03:57:20,
aab7c69d-3414-4f9b-a3c4-7b86dec43f93,8e48d32e-344a-48d0-8683-76ea77318d23,code,2,done,CHANGES_REQUESTED,codex,0,2026-09-25 03:59:17,2026-09-25 04:12:08
f5f25465-0ac9-4247-82f8-c0cb0795b08f,7adbf914-1ac0-4e6e-aba5-07b9a7399dcb,design,1,done,APPROVED,claude,1,2026-09-25 04:08:32,2026-09-25 04:18:36
0cd5adaa-376e-432c-b9a3-5ab8f73b380f,46e91f56-77c1-41a5-801b-8bfab774428d,code,1,done,CHANGES_REQUESTED,codex,0,2026-09-25 04:15:38,2026-09-25 04:27:40
38a0d1b1-0d10-4c5e-a1f7-b4d2c0cc7c69,7adbf914-1ac0-4e6e-aba5-07b9a7399dcb,design,2,done,APPROVED,claude,1,2026-09-25 04:23:20,2026-09-25 04:29:04
9178d7d7-4d3f-447f-ba51-e854b926f6e1,46e91f56-77c1-41a5-801b-8bfab774428d,code,2,done,APPROVED,codex,0,2026-09-25 04:32:50,2026-09-25 04:35:16
599b505c-21b4-40f9-b910-1d382d9ae7e0,2fa01a56-3f35-4615-b022-0ab0294f6e45,code,1,done,APPROVED,codex,0,2026-09-25 04:38:59,2026-09-25 04:45:02
0a62c1d8-4b57-4361-8018-c2ee76cce7e6,7adbf914-1ac0-4e6e-aba5-07b9a7399dcb,code,1,done,APPROVED,claude,1,2026-09-25 04:56:41,2026-09-25 05:06:30
d223c55d-7fd1-450f-91d7-340823a59cc7,7adbf914-1ac0-4e6e-aba5-07b9a7399dcb,code,2,done,APPROVED,claude,1,2026-09-25 05:10:54,2026-09-25 05:15:32
44bfc5d6-04a5-4188-9da7-49726b530bdd,66d85824-6da8-4be9-8efb-0652198442e8,code,2,done,APPROVED,claude,1,2026-09-25 06:16:40,2026-09-25 06:24:46
1191a2fb-c429-468d-88f6-0fe9ee8cdd58,37624e3d-2f56-4ee3-afdc-944f2666c229,design,1,done,CHANGES_REQUESTED,codex,0,2026-09-25 06:43:12,2026-09-25 06:52:39
7ac60c2f-3082-49aa-82a0-8d77a00103d6,b6c738ca-d135-4cb7-9116-17267466406b,design,1,done,CHANGES_REQUESTED,codex,0,2026-09-25 06:51:21,2026-09-25 07:15:19
449b613d-839f-43b1-ba35-25926948b80e,37624e3d-2f56-4ee3-afdc-944f2666c229,design,2,done,APPROVED,codex,0,2026-09-25 06:56:54,2026-09-25 07:00:03
a49809b5-611e-4aa8-8e22-6c5b3b02e497,b6c738ca-d135-4cb7-9116-17267466406b,design,2,done,APPROVED,codex,0,2026-09-25 07:18:37,2026-09-25 07:21:07
df835a16-4500-4e4f-85c7-2b76ca584e2e,37624e3d-2f56-4ee3-afdc-944f2666c229,code,1,done,APPROVED,codex,0,2026-09-25 07:29:31,2026-09-25 07:52:08
ba8dc489-a672-4901-8829-9db4a430a822,7adbf914-1ac0-4e6e-aba5-07b9a7399dcb,code,3,done,APPROVED,claude,1,2026-09-25 08:16:16,2026-09-25 08:51:02
fb456cd2-6f36-4023-b239-e9850597607c,7adbf914-1ac0-4e6e-aba5-07b9a7399dcb,code,4,done,APPROVED,claude,1,2026-09-25 09:17:10,2026-09-25 09:23:13
bac3552f-88d1-4b0f-a415-e21a6147f0f5,5d168aef-e15b-4cab-9ee2-53c195a756f9,code,1,done,APPROVED,claude,1,2026-09-25 18:49:22,2026-09-25 18:56:57
8f7b598f-5515-4384-9f68-df67aa94f393,26a28bdf-2657-4f53-b5f8-9222c70d3aea,code,1,failed,,claude,1,2026-09-25 18:51:38,
11160721-c09c-4b82-90f3-5f834a3f86d2,26a28bdf-2657-4f53-b5f8-9222c70d3aea,code,2,done,APPROVED,claude,1,2026-09-25 19:03:17,2026-09-25 19:14:08
af600b20-8c38-4bcf-9b0f-c51eee610712,0233e98d-087f-454f-9551-c29233b57021,code,1,failed,,claude,1,2026-09-25 19:40:44,
88878ee1-9c8d-4096-97bf-6ca000a895ed,0233e98d-087f-454f-9551-c29233b57021,code,2,failed,,claude,0,2026-09-25 19:58:04,
c2d2f8bb-9210-469f-a80a-671a591ab8e3,0233e98d-087f-454f-9551-c29233b57021,code,3,done,APPROVED,claude,1,2026-09-25 20:05:36,2026-09-25 20:08:45
06f6b1bd-601f-4c42-a22d-c41fa742fc72,0233e98d-087f-454f-9551-c29233b57021,code,3,failed,,claude,0,2026-09-25 20:05:48,
fafd69b5-b84b-4e1b-9a79-6e271153d439,2d64aa78-0e92-430f-85f9-d865fbdba287,code,1,done,APPROVED,claude,1,2026-09-25 20:10:38,2026-09-25 20:24:19
