run_id,seq,kind,node_id,execution_id,at
c79a7386-bd54-4464-a031-3cb77583fc43,3,execution_admitted,eng_design,b31664ca-d8bf-4fcc-9d9c-49c33ce4e6d5,2026-09-08 07:55:01
c79a7386-bd54-4464-a031-3cb77583fc43,9,node_completed,eng_design,b31664ca-d8bf-4fcc-9d9c-49c33ce4e6d5,2026-09-08 09:52:49
c79a7386-bd54-4464-a031-3cb77583fc43,14,execution_admitted,implement,bdda9bbc-1fe8-486c-a37e-34e9a97ac386,2026-09-08 09:52:50
c79a7386-bd54-4464-a031-3cb77583fc43,19,node_completed,implement,bdda9bbc-1fe8-486c-a37e-34e9a97ac386,2026-09-08 14:47:27
c79a7386-bd54-4464-a031-3cb77583fc43,24,execution_admitted,qa,0948314e-a0a3-4071-bd9d-9cc210133f63,2026-09-08 14:47:28
c79a7386-bd54-4464-a031-3cb77583fc43,31,node_completed,qa,0948314e-a0a3-4071-bd9d-9cc210133f63,2026-09-08 15:03:43
c79a7386-bd54-4464-a031-3cb77583fc43,33,gate_opened,founder_gate,,2026-09-08 15:03:43
c79a7386-bd54-4464-a031-3cb77583fc43,52,rework_pane_loss_handoff,implement,bdda9bbc-1fe8-486c-a37e-34e9a97ac386,2026-09-08 17:48:21
c79a7386-bd54-4464-a031-3cb77583fc43,81,execution_dead_rolled_back,implement,bdda9bbc-1fe8-486c-a37e-34e9a97ac386,2026-09-08 18:10:52
c79a7386-bd54-4464-a031-3cb77583fc43,85,execution_admitted,implement,745cc215-1fe6-4c67-891e-e907a598c8df,2026-09-08 18:10:52
c79a7386-bd54-4464-a031-3cb77583fc43,90,rework_replacement_launched,implement,745cc215-1fe6-4c67-891e-e907a598c8df,2026-09-08 18:10:58
8b503475-e5a5-472f-baea-bda9e366b5c2,4,execution_admitted,eng_design,b2e7da96-c8b0-4262-9290-a3c8ef218efd,2026-09-08 19:18:20
e72f53b5-8195-48af-b4bb-a0d5c10b52e2,4,execution_admitted,eng_design,2faaa88c-1476-4c84-8e93-bc1e5512cae5,2026-09-08 19:18:31
1a6c34d0-bc99-4ec5-86bd-af1eb8b45d10,4,execution_admitted,eng_design,b7fc66a5-1c23-4a9b-aab8-25b95dc36276,2026-09-08 19:18:38
70ccd0dd-494d-4e95-bf93-4aa4820e7fc2,4,execution_admitted,eng_design,3214350b-7469-47eb-a126-dc38e9b752c7,2026-09-08 19:19:02
0046d93b-146c-4b78-8b3a-f9ed9eaaa205,4,execution_admitted,eng_design,1492b1f6-6642-4588-9ce5-bedd4fdec106,2026-09-08 19:19:19
a8b54a51-cb16-424e-95f8-3e44223acc15,4,execution_admitted,eng_design,f6bb8003-3466-4aa0-b908-0ccbe88cdae1,2026-09-08 19:19:31
bd256677-fab4-4d96-9fe6-7ef6c053c46f,3,execution_admitted,implement,fd0ef836-a1f2-4243-8f9a-3c25823369c5,2026-09-08 19:19:48
4e86edef-4b6c-4781-b9d6-70aaea3e0e1c,4,execution_admitted,eng_design,3e276d6b-ccec-4e94-b56d-e45f4c9f163c,2026-09-08 19:19:58
c79a7386-bd54-4464-a031-3cb77583fc43,147,writer_replacement,implement,231ab6f1-8864-42da-b4e3-5b18aee69115,2026-09-08 19:27:58
c79a7386-bd54-4464-a031-3cb77583fc43,148,resume_target_unrecoverable,implement,,2026-09-08 19:27:58
c79a7386-bd54-4464-a031-3cb77583fc43,149,execution_dead_rolled_back,implement,745cc215-1fe6-4c67-891e-e907a598c8df,2026-09-08 19:27:58
c79a7386-bd54-4464-a031-3cb77583fc43,150,repeated_dead_execution_pattern,implement,745cc215-1fe6-4c67-891e-e907a598c8df,2026-09-08 19:27:58
c79a7386-bd54-4464-a031-3cb77583fc43,153,execution_admitted,implement,231ab6f1-8864-42da-b4e3-5b18aee69115,2026-09-08 19:27:58
e72f53b5-8195-48af-b4bb-a0d5c10b52e2,10,node_completed,eng_design,2faaa88c-1476-4c84-8e93-bc1e5512cae5,2026-09-08 19:56:25
e72f53b5-8195-48af-b4bb-a0d5c10b52e2,15,execution_admitted,implement,401ada63-2186-4436-a643-f58f2c6170bb,2026-09-08 19:56:26
c79a7386-bd54-4464-a031-3cb77583fc43,164,writer_replacement,implement,9ba2e5e6-58f0-4dc8-9793-2ec1685358f6,2026-09-08 19:57:35
c79a7386-bd54-4464-a031-3cb77583fc43,165,resume_target_unrecoverable,implement,,2026-09-08 19:57:35
c79a7386-bd54-4464-a031-3cb77583fc43,166,execution_dead_rolled_back,implement,231ab6f1-8864-42da-b4e3-5b18aee69115,2026-09-08 19:57:35
c79a7386-bd54-4464-a031-3cb77583fc43,167,repeated_dead_execution_pattern,implement,231ab6f1-8864-42da-b4e3-5b18aee69115,2026-09-08 19:57:35
c79a7386-bd54-4464-a031-3cb77583fc43,169,execution_admitted,implement,9ba2e5e6-58f0-4dc8-9793-2ec1685358f6,2026-09-08 19:57:36
0046d93b-146c-4b78-8b3a-f9ed9eaaa205,11,node_completed,eng_design,1492b1f6-6642-4588-9ce5-bedd4fdec106,2026-09-08 20:04:06
0046d93b-146c-4b78-8b3a-f9ed9eaaa205,16,execution_admitted,implement,a76614e7-fbc9-4a93-8553-e9653be79384,2026-09-08 20:04:07
4e86edef-4b6c-4781-b9d6-70aaea3e0e1c,10,node_completed,eng_design,3e276d6b-ccec-4e94-b56d-e45f4c9f163c,2026-09-08 20:05:18
4e86edef-4b6c-4781-b9d6-70aaea3e0e1c,15,execution_admitted,implement,db6e2cf5-d7df-4b87-9feb-2def287d71e0,2026-09-08 20:05:18
a8b54a51-cb16-424e-95f8-3e44223acc15,10,node_completed,eng_design,f6bb8003-3466-4aa0-b908-0ccbe88cdae1,2026-09-08 20:06:45
a8b54a51-cb16-424e-95f8-3e44223acc15,15,execution_admitted,implement,11901374-e9b0-4583-aee0-3dd93ba5a5c7,2026-09-08 20:06:45
8b503475-e5a5-472f-baea-bda9e366b5c2,10,node_completed,eng_design,b2e7da96-c8b0-4262-9290-a3c8ef218efd,2026-09-08 20:16:27
8b503475-e5a5-472f-baea-bda9e366b5c2,15,execution_admitted,implement,36ba61ae-82c2-4b1f-8b28-b9e043a5eb87,2026-09-08 20:16:27
c79a7386-bd54-4464-a031-3cb77583fc43,193,node_completed,implement,9ba2e5e6-58f0-4dc8-9793-2ec1685358f6,2026-09-08 20:45:06
c79a7386-bd54-4464-a031-3cb77583fc43,201,execution_admitted,qa,0948314e-a0a3-4071-bd9d-9cc210133f63,2026-09-08 20:45:06
70ccd0dd-494d-4e95-bf93-4aa4820e7fc2,10,node_completed,eng_design,3214350b-7469-47eb-a126-dc38e9b752c7,2026-09-08 20:47:21
70ccd0dd-494d-4e95-bf93-4aa4820e7fc2,15,execution_admitted,implement,81f20993-2fd1-429f-98b7-a126ae5a00f5,2026-09-08 20:47:21
c79a7386-bd54-4464-a031-3cb77583fc43,214,node_completed,qa,0948314e-a0a3-4071-bd9d-9cc210133f63,2026-09-08 21:03:03
c79a7386-bd54-4464-a031-3cb77583fc43,216,gate_opened,founder_gate,,2026-09-08 21:03:03
c79a7386-bd54-4464-a031-3cb77583fc43,225,execution_admitted,implement,9ba2e5e6-58f0-4dc8-9793-2ec1685358f6,2026-09-08 21:09:48
1a6c34d0-bc99-4ec5-86bd-af1eb8b45d10,10,node_completed,eng_design,b7fc66a5-1c23-4a9b-aab8-25b95dc36276,2026-09-08 21:12:23
1a6c34d0-bc99-4ec5-86bd-af1eb8b45d10,15,execution_admitted,implement,77e4a46a-b1e1-4587-acb3-130b230d6754,2026-09-08 21:12:24
bd256677-fab4-4d96-9fe6-7ef6c053c46f,13,node_completed,implement,fd0ef836-a1f2-4243-8f9a-3c25823369c5,2026-09-08 21:50:15
bd256677-fab4-4d96-9fe6-7ef6c053c46f,18,execution_admitted,qa,49d648f7-011a-41c2-9e60-f634edd56f18,2026-09-08 21:50:16
a8b54a51-cb16-424e-95f8-3e44223acc15,25,node_completed,implement,11901374-e9b0-4583-aee0-3dd93ba5a5c7,2026-09-08 21:53:27
a8b54a51-cb16-424e-95f8-3e44223acc15,30,execution_admitted,qa,e29c4e33-6e98-4483-9d02-c496a444fa57,2026-09-08 21:53:27
0046d93b-146c-4b78-8b3a-f9ed9eaaa205,25,node_completed,implement,a76614e7-fbc9-4a93-8553-e9653be79384,2026-09-09 01:52:55
0046d93b-146c-4b78-8b3a-f9ed9eaaa205,30,execution_admitted,qa,703a3dc0-156d-4e32-a1e0-8eea84916a14,2026-09-09 01:52:55
1a6c34d0-bc99-4ec5-86bd-af1eb8b45d10,22,node_completed,implement,77e4a46a-b1e1-4587-acb3-130b230d6754,2026-09-09 01:54:05
1a6c34d0-bc99-4ec5-86bd-af1eb8b45d10,27,execution_admitted,qa,310a846e-d5f2-4a0b-b2f6-51d80b031907,2026-09-09 01:54:05
a8b54a51-cb16-424e-95f8-3e44223acc15,39,node_completed,qa,e29c4e33-6e98-4483-9d02-c496a444fa57,2026-09-09 01:57:26
a8b54a51-cb16-424e-95f8-3e44223acc15,41,gate_opened,founder_gate,,2026-09-09 01:57:26
1a6c34d0-bc99-4ec5-86bd-af1eb8b45d10,34,node_completed,qa,310a846e-d5f2-4a0b-b2f6-51d80b031907,2026-09-09 02:14:44
1a6c34d0-bc99-4ec5-86bd-af1eb8b45d10,36,gate_opened,founder_gate,,2026-09-09 02:14:44
bd256677-fab4-4d96-9fe6-7ef6c053c46f,26,node_completed,qa,49d648f7-011a-41c2-9e60-f634edd56f18,2026-09-09 02:16:58
bd256677-fab4-4d96-9fe6-7ef6c053c46f,28,gate_opened,founder_gate,,2026-09-09 02:16:58
8b503475-e5a5-472f-baea-bda9e366b5c2,23,writer_replacement,implement,40f66a02-5abb-49a4-88d9-7347f4621fb9,2026-09-09 02:20:05
8b503475-e5a5-472f-baea-bda9e366b5c2,24,resume_target_unrecoverable,implement,,2026-09-09 02:20:05
8b503475-e5a5-472f-baea-bda9e366b5c2,25,execution_dead_rolled_back,implement,36ba61ae-82c2-4b1f-8b28-b9e043a5eb87,2026-09-09 02:20:05
8b503475-e5a5-472f-baea-bda9e366b5c2,27,execution_admitted,implement,40f66a02-5abb-49a4-88d9-7347f4621fb9,2026-09-09 02:20:05
0046d93b-146c-4b78-8b3a-f9ed9eaaa205,36,node_completed,qa,703a3dc0-156d-4e32-a1e0-8eea84916a14,2026-09-09 02:22:35
0046d93b-146c-4b78-8b3a-f9ed9eaaa205,43,execution_admitted,implement,a76614e7-fbc9-4a93-8553-e9653be79384,2026-09-09 02:22:36
1a6c34d0-bc99-4ec5-86bd-af1eb8b45d10,41,node_completed,founder_gate,310a846e-d5f2-4a0b-b2f6-51d80b031907,2026-09-09 02:32:53
bd256677-fab4-4d96-9fe6-7ef6c053c46f,30,run_terminated_by_operator,,,2026-09-09 02:42:34
1a6c34d0-bc99-4ec5-86bd-af1eb8b45d10,50,run_completed,land,6c1775d0-b8e6-44d8-82e5-25877feb37fd,2026-09-09 02:44:06
c8b7c661-947a-4c0f-a41b-9accd8090afd,4,execution_admitted,eng_design,3f5910c6-1065-4fce-aed0-c687336852c4,2026-09-09 02:49:09
c3c393f1-2cd1-4ade-917c-84592cb1bbe7,4,execution_admitted,eng_design,92e3340f-1aec-454b-a5de-d61c3aa12035,2026-09-09 02:49:16
13d45e05-1931-405b-a09d-f1c6b7cccaff,4,execution_admitted,eng_design,2b5c4176-fceb-4663-92a1-239e93686bd4,2026-09-09 02:49:33
70ccd0dd-494d-4e95-bf93-4aa4820e7fc2,20,node_completed,implement,81f20993-2fd1-429f-98b7-a126ae5a00f5,2026-09-09 02:56:31
70ccd0dd-494d-4e95-bf93-4aa4820e7fc2,25,execution_admitted,qa,420aa437-9d96-412b-b9b2-7dfec6c66e6b,2026-09-09 02:56:31
2f904779-35a1-4754-aab4-7129dac264a1,4,execution_admitted,eng_design,29890a4a-7307-457f-9bc9-1881d49e6fff,2026-09-09 03:08:14
70ccd0dd-494d-4e95-bf93-4aa4820e7fc2,32,node_completed,qa,420aa437-9d96-412b-b9b2-7dfec6c66e6b,2026-09-09 03:08:16
70ccd0dd-494d-4e95-bf93-4aa4820e7fc2,34,gate_opened,founder_gate,,2026-09-09 03:08:16
7c625c64-0142-4626-8f14-677a6309e0d8,4,execution_admitted,eng_design,1ac67591-5852-45f4-8322-f2a26b913327,2026-09-09 03:08:31
8b503475-e5a5-472f-baea-bda9e366b5c2,35,writer_replacement,implement,fb7cc301-fca3-45cf-be05-e91efeac767d,2026-09-09 03:12:40
8b503475-e5a5-472f-baea-bda9e366b5c2,36,resume_target_unrecoverable,implement,,2026-09-09 03:12:40
8b503475-e5a5-472f-baea-bda9e366b5c2,37,execution_dead_rolled_back,implement,40f66a02-5abb-49a4-88d9-7347f4621fb9,2026-09-09 03:12:40
8b503475-e5a5-472f-baea-bda9e366b5c2,38,repeated_dead_execution_pattern,implement,40f66a02-5abb-49a4-88d9-7347f4621fb9,2026-09-09 03:12:40
8b503475-e5a5-472f-baea-bda9e366b5c2,40,execution_admitted,implement,fb7cc301-fca3-45cf-be05-e91efeac767d,2026-09-09 03:12:40
e72f53b5-8195-48af-b4bb-a0d5c10b52e2,22,node_completed,implement,401ada63-2186-4436-a643-f58f2c6170bb,2026-09-09 03:14:59
e72f53b5-8195-48af-b4bb-a0d5c10b52e2,27,execution_admitted,qa,e25ef68f-e765-4dd0-918a-e521f35ce083,2026-09-09 03:15:00
4e86edef-4b6c-4781-b9d6-70aaea3e0e1c,21,node_completed,implement,db6e2cf5-d7df-4b87-9feb-2def287d71e0,2026-09-09 03:20:18
4e86edef-4b6c-4781-b9d6-70aaea3e0e1c,26,execution_admitted,qa,773dec0e-076b-4f06-b196-72f0627ec604,2026-09-09 03:20:19
8b503475-e5a5-472f-baea-bda9e366b5c2,48,writer_replacement,implement,29f1903e-786a-48c0-bd30-57f4b901a9ab,2026-09-09 03:27:42
8b503475-e5a5-472f-baea-bda9e366b5c2,49,resume_target_unrecoverable,implement,,2026-09-09 03:27:42
8b503475-e5a5-472f-baea-bda9e366b5c2,50,execution_dead_rolled_back,implement,fb7cc301-fca3-45cf-be05-e91efeac767d,2026-09-09 03:27:42
8b503475-e5a5-472f-baea-bda9e366b5c2,51,repeated_dead_execution_pattern,implement,fb7cc301-fca3-45cf-be05-e91efeac767d,2026-09-09 03:27:42
8b503475-e5a5-472f-baea-bda9e366b5c2,53,execution_admitted,implement,29f1903e-786a-48c0-bd30-57f4b901a9ab,2026-09-09 03:27:42
ce54ec2a-6b8b-4c46-bcc6-6e698ba194ab,4,execution_admitted,eng_design,5c488344-e3cb-458d-99db-0bf817b84b35,2026-09-09 03:29:56
c79a7386-bd54-4464-a031-3cb77583fc43,363,node_completed,implement,9ba2e5e6-58f0-4dc8-9793-2ec1685358f6,2026-09-09 03:31:19
c79a7386-bd54-4464-a031-3cb77583fc43,371,execution_admitted,qa,0948314e-a0a3-4071-bd9d-9cc210133f63,2026-09-09 03:31:20
c79a7386-bd54-4464-a031-3cb77583fc43,383,node_completed,qa,0948314e-a0a3-4071-bd9d-9cc210133f63,2026-09-09 03:43:40
c79a7386-bd54-4464-a031-3cb77583fc43,385,gate_opened,founder_gate,,2026-09-09 03:43:40
4e86edef-4b6c-4781-b9d6-70aaea3e0e1c,32,node_completed,qa,773dec0e-076b-4f06-b196-72f0627ec604,2026-09-09 03:45:03
4e86edef-4b6c-4781-b9d6-70aaea3e0e1c,39,execution_admitted,implement,db6e2cf5-d7df-4b87-9feb-2def287d71e0,2026-09-09 03:45:03
c8b7c661-947a-4c0f-a41b-9accd8090afd,12,node_completed,eng_design,3f5910c6-1065-4fce-aed0-c687336852c4,2026-09-09 03:46:38
c8b7c661-947a-4c0f-a41b-9accd8090afd,17,execution_admitted,implement,fbe30dd8-a18d-4dc5-a43e-f0f9b9a7edf7,2026-09-09 03:46:38
e72f53b5-8195-48af-b4bb-a0d5c10b52e2,35,node_completed,qa,e25ef68f-e765-4dd0-918a-e521f35ce083,2026-09-09 03:54:07
e72f53b5-8195-48af-b4bb-a0d5c10b52e2,37,gate_opened,founder_gate,,2026-09-09 03:54:07
c3c393f1-2cd1-4ade-917c-84592cb1bbe7,10,node_completed,eng_design,92e3340f-1aec-454b-a5de-d61c3aa12035,2026-09-09 03:59:35
c3c393f1-2cd1-4ade-917c-84592cb1bbe7,15,execution_admitted,implement,24b5b758-21ec-494b-bab9-8d3eacb6a0b2,2026-09-09 03:59:35
7c625c64-0142-4626-8f14-677a6309e0d8,14,node_completed,eng_design,1ac67591-5852-45f4-8322-f2a26b913327,2026-09-09 04:04:45
7c625c64-0142-4626-8f14-677a6309e0d8,19,execution_admitted,implement,2bbf991f-3e0f-4a38-9a05-41a6ab10cb0d,2026-09-09 04:04:45
c79a7386-bd54-4464-a031-3cb77583fc43,391,node_completed,founder_gate,0948314e-a0a3-4071-bd9d-9cc210133f63,2026-09-09 04:22:43
70ccd0dd-494d-4e95-bf93-4aa4820e7fc2,38,node_completed,founder_gate,420aa437-9d96-412b-b9b2-7dfec6c66e6b,2026-09-09 04:25:08
2f904779-35a1-4754-aab4-7129dac264a1,10,node_completed,eng_design,29890a4a-7307-457f-9bc9-1881d49e6fff,2026-09-09 04:31:25
13d45e05-1931-405b-a09d-f1c6b7cccaff,10,node_completed,eng_design,2b5c4176-fceb-4663-92a1-239e93686bd4,2026-09-09 04:35:20
70ccd0dd-494d-4e95-bf93-4aa4820e7fc2,47,run_completed,land,86dbf995-335a-4b1f-a4e2-eb323e524826,2026-09-09 04:36:23
c79a7386-bd54-4464-a031-3cb77583fc43,402,run_completed,land,9fd39f1e-6dd3-46e1-b75a-3f6f935a4378,2026-09-09 04:37:13
2f904779-35a1-4754-aab4-7129dac264a1,15,execution_admitted,implement,fa058bbf-1eb2-4567-95f0-8af2416e13fc,2026-09-09 04:37:13
13d45e05-1931-405b-a09d-f1c6b7cccaff,15,execution_admitted,implement,71d0779e-627d-41c3-9a4e-a71ed1ba4c0c,2026-09-09 04:37:15
ce54ec2a-6b8b-4c46-bcc6-6e698ba194ab,10,node_completed,eng_design,5c488344-e3cb-458d-99db-0bf817b84b35,2026-09-09 05:00:11
ce54ec2a-6b8b-4c46-bcc6-6e698ba194ab,15,execution_admitted,implement,868f9368-234f-4061-829d-5b8c8b73bfe6,2026-09-09 05:00:12
8b503475-e5a5-472f-baea-bda9e366b5c2,63,node_completed,implement,29f1903e-786a-48c0-bd30-57f4b901a9ab,2026-09-09 06:28:47
8b503475-e5a5-472f-baea-bda9e366b5c2,68,execution_admitted,qa,cc067e8b-b85a-400c-9134-2809b2e508b1,2026-09-09 06:28:48
b611ce55-1ce4-46aa-a008-780efad435bd,4,execution_admitted,eng_design,b6ca97e4-687a-4fed-84cc-259544f10899,2026-09-09 06:37:03
8b503475-e5a5-472f-baea-bda9e366b5c2,74,node_completed,qa,cc067e8b-b85a-400c-9134-2809b2e508b1,2026-09-09 06:44:28
8b503475-e5a5-472f-baea-bda9e366b5c2,81,execution_admitted,implement,29f1903e-786a-48c0-bd30-57f4b901a9ab,2026-09-09 06:44:29
8b503475-e5a5-472f-baea-bda9e366b5c2,94,execution_dead_rolled_back,implement,29f1903e-786a-48c0-bd30-57f4b901a9ab,2026-09-09 07:02:38
8b503475-e5a5-472f-baea-bda9e366b5c2,98,execution_admitted,implement,210e409c-2c70-40f6-91e3-7b8c886158b3,2026-09-09 07:07:18
8b503475-e5a5-472f-baea-bda9e366b5c2,103,rework_replacement_launched,implement,210e409c-2c70-40f6-91e3-7b8c886158b3,2026-09-09 07:07:40
c8b7c661-947a-4c0f-a41b-9accd8090afd,27,writer_replacement,implement,db57dc9c-a8ca-4e27-b0ce-750d35d8e6a0,2026-09-09 07:17:40
c8b7c661-947a-4c0f-a41b-9accd8090afd,28,resume_target_unrecoverable,implement,,2026-09-09 07:17:40
c8b7c661-947a-4c0f-a41b-9accd8090afd,29,execution_dead_rolled_back,implement,fbe30dd8-a18d-4dc5-a43e-f0f9b9a7edf7,2026-09-09 07:17:40
c8b7c661-947a-4c0f-a41b-9accd8090afd,31,execution_admitted,implement,db57dc9c-a8ca-4e27-b0ce-750d35d8e6a0,2026-09-09 07:17:40
4e86edef-4b6c-4781-b9d6-70aaea3e0e1c,120,execution_dead_rolled_back,implement,db6e2cf5-d7df-4b87-9feb-2def287d71e0,2026-09-09 07:24:15
4e86edef-4b6c-4781-b9d6-70aaea3e0e1c,124,execution_admitted,implement,c070fce7-2b7e-44cb-9073-26b4e3200ede,2026-09-09 07:24:15
2f904779-35a1-4754-aab4-7129dac264a1,24,writer_replacement,implement,b5ed7567-0ab3-41ec-a399-5c907ba54547,2026-09-09 07:27:41
2f904779-35a1-4754-aab4-7129dac264a1,25,resume_target_unrecoverable,implement,,2026-09-09 07:27:41
2f904779-35a1-4754-aab4-7129dac264a1,26,execution_dead_rolled_back,implement,fa058bbf-1eb2-4567-95f0-8af2416e13fc,2026-09-09 07:27:41
2f904779-35a1-4754-aab4-7129dac264a1,28,execution_admitted,implement,b5ed7567-0ab3-41ec-a399-5c907ba54547,2026-09-09 07:27:41
4e86edef-4b6c-4781-b9d6-70aaea3e0e1c,131,unlaunched_admission_rolled_back,implement,c070fce7-2b7e-44cb-9073-26b4e3200ede,2026-09-09 07:34:16
4e86edef-4b6c-4781-b9d6-70aaea3e0e1c,135,run_terminated,qa,773dec0e-076b-4f06-b196-72f0627ec604,2026-09-09 07:39:31
f45a37e7-c681-4d3f-b899-1800afa590d5,3,execution_admitted,implement,5de3f966-c6e0-48a0-81f7-720ceecbddc2,2026-09-09 07:39:46
f45a37e7-c681-4d3f-b899-1800afa590d5,11,node_completed,implement,5de3f966-c6e0-48a0-81f7-720ceecbddc2,2026-09-09 07:42:21
f45a37e7-c681-4d3f-b899-1800afa590d5,16,execution_admitted,qa,5f5da780-bc02-4a5f-99e6-3b697dd637b4,2026-09-09 07:42:21
ce54ec2a-6b8b-4c46-bcc6-6e698ba194ab,24,writer_replacement,implement,9605b495-4105-4f32-8c3b-39749140db18,2026-09-09 07:57:41
ce54ec2a-6b8b-4c46-bcc6-6e698ba194ab,25,resume_target_unrecoverable,implement,,2026-09-09 07:57:41
ce54ec2a-6b8b-4c46-bcc6-6e698ba194ab,26,execution_dead_rolled_back,implement,868f9368-234f-4061-829d-5b8c8b73bfe6,2026-09-09 07:57:41
ce54ec2a-6b8b-4c46-bcc6-6e698ba194ab,28,execution_admitted,implement,9605b495-4105-4f32-8c3b-39749140db18,2026-09-09 07:57:41
b611ce55-1ce4-46aa-a008-780efad435bd,10,node_completed,eng_design,b6ca97e4-687a-4fed-84cc-259544f10899,2026-09-09 08:02:53
b611ce55-1ce4-46aa-a008-780efad435bd,15,execution_admitted,implement,d60cff23-cf25-4dbf-b920-a278a4583e70,2026-09-09 08:02:54
8b503475-e5a5-472f-baea-bda9e366b5c2,139,writer_replacement,implement,826a3457-dfc7-4e5e-8511-80dd01bc6e76,2026-09-09 08:16:03
8b503475-e5a5-472f-baea-bda9e366b5c2,140,resume_target_unrecoverable,implement,,2026-09-09 08:16:03
8b503475-e5a5-472f-baea-bda9e366b5c2,141,execution_dead_rolled_back,implement,210e409c-2c70-40f6-91e3-7b8c886158b3,2026-09-09 08:16:03
8b503475-e5a5-472f-baea-bda9e366b5c2,142,repeated_dead_execution_pattern,implement,210e409c-2c70-40f6-91e3-7b8c886158b3,2026-09-09 08:16:03
8b503475-e5a5-472f-baea-bda9e366b5c2,144,execution_admitted,implement,826a3457-dfc7-4e5e-8511-80dd01bc6e76,2026-09-09 08:16:03
c3c393f1-2cd1-4ade-917c-84592cb1bbe7,28,writer_replacement,implement,6d67f20f-66e7-4a84-9a84-414e9cd23075,2026-09-09 08:22:41
c3c393f1-2cd1-4ade-917c-84592cb1bbe7,29,resume_target_unrecoverable,implement,,2026-09-09 08:22:41
c3c393f1-2cd1-4ade-917c-84592cb1bbe7,30,execution_dead_rolled_back,implement,24b5b758-21ec-494b-bab9-8d3eacb6a0b2,2026-09-09 08:22:41
7c625c64-0142-4626-8f14-677a6309e0d8,26,writer_replacement,implement,4167da07-097c-42dc-8d6a-244198626bcc,2026-09-09 08:22:42
7c625c64-0142-4626-8f14-677a6309e0d8,27,resume_target_unrecoverable,implement,,2026-09-09 08:22:42
7c625c64-0142-4626-8f14-677a6309e0d8,28,execution_dead_rolled_back,implement,2bbf991f-3e0f-4a38-9a05-41a6ab10cb0d,2026-09-09 08:22:42
c3c393f1-2cd1-4ade-917c-84592cb1bbe7,32,execution_admitted,implement,6d67f20f-66e7-4a84-9a84-414e9cd23075,2026-09-09 08:22:42
7c625c64-0142-4626-8f14-677a6309e0d8,30,execution_admitted,implement,4167da07-097c-42dc-8d6a-244198626bcc,2026-09-09 08:22:46
8b503475-e5a5-472f-baea-bda9e366b5c2,166,node_completed,implement,826a3457-dfc7-4e5e-8511-80dd01bc6e76,2026-09-09 08:24:02
8b503475-e5a5-472f-baea-bda9e366b5c2,174,execution_admitted,qa,cc067e8b-b85a-400c-9134-2809b2e508b1,2026-09-09 08:24:05
c3c393f1-2cd1-4ade-917c-84592cb1bbe7,38,node_completed,implement,6d67f20f-66e7-4a84-9a84-414e9cd23075,2026-09-09 08:28:28
c3c393f1-2cd1-4ade-917c-84592cb1bbe7,43,execution_admitted,qa,3bb2977d-fac5-45e3-94b9-8555e7d5ad92,2026-09-09 08:28:29
f45a37e7-c681-4d3f-b899-1800afa590d5,23,node_completed,qa,5f5da780-bc02-4a5f-99e6-3b697dd637b4,2026-09-09 08:42:10
c3c393f1-2cd1-4ade-917c-84592cb1bbe7,49,node_completed,qa,3bb2977d-fac5-45e3-94b9-8555e7d5ad92,2026-09-09 08:44:57
c3c393f1-2cd1-4ade-917c-84592cb1bbe7,56,execution_admitted,implement,6d67f20f-66e7-4a84-9a84-414e9cd23075,2026-09-09 08:44:58
f45a37e7-c681-4d3f-b899-1800afa590d5,38,execution_dead_rolled_back,implement,5de3f966-c6e0-48a0-81f7-720ceecbddc2,2026-09-09 08:49:13
f45a37e7-c681-4d3f-b899-1800afa590d5,42,execution_admitted,implement,a430054d-07d2-4ca9-9e4f-3262e50ce786,2026-09-09 08:49:13
f45a37e7-c681-4d3f-b899-1800afa590d5,47,rework_replacement_launched,implement,a430054d-07d2-4ca9-9e4f-3262e50ce786,2026-09-09 08:49:17
8b503475-e5a5-472f-baea-bda9e366b5c2,190,node_completed,qa,cc067e8b-b85a-400c-9134-2809b2e508b1,2026-09-09 08:51:09
8b503475-e5a5-472f-baea-bda9e366b5c2,192,gate_opened,founder_gate,,2026-09-09 08:51:09
ce54ec2a-6b8b-4c46-bcc6-6e698ba194ab,33,node_completed,implement,9605b495-4105-4f32-8c3b-39749140db18,2026-09-09 09:08:02
ce54ec2a-6b8b-4c46-bcc6-6e698ba194ab,38,execution_admitted,qa,ab7fabaf-74d8-4b2f-a8c2-ebc9c99773b6,2026-09-09 09:08:03
c8b7c661-947a-4c0f-a41b-9accd8090afd,36,node_completed,implement,db57dc9c-a8ca-4e27-b0ce-750d35d8e6a0,2026-09-09 09:12:47
c8b7c661-947a-4c0f-a41b-9accd8090afd,41,execution_admitted,qa,0ee9759e-5a89-41ee-bbcd-71f108b2cb99,2026-09-09 09:12:50
c8b7c661-947a-4c0f-a41b-9accd8090afd,48,node_completed,qa,0ee9759e-5a89-41ee-bbcd-71f108b2cb99,2026-09-09 09:33:17
c8b7c661-947a-4c0f-a41b-9accd8090afd,55,execution_admitted,implement,db57dc9c-a8ca-4e27-b0ce-750d35d8e6a0,2026-09-09 09:33:18
ce54ec2a-6b8b-4c46-bcc6-6e698ba194ab,46,node_completed,qa,ab7fabaf-74d8-4b2f-a8c2-ebc9c99773b6,2026-09-09 09:35:54
ce54ec2a-6b8b-4c46-bcc6-6e698ba194ab,48,gate_opened,founder_gate,,2026-09-09 09:35:54
b611ce55-1ce4-46aa-a008-780efad435bd,20,node_completed,implement,d60cff23-cf25-4dbf-b920-a278a4583e70,2026-09-09 09:41:21
b611ce55-1ce4-46aa-a008-780efad435bd,25,execution_admitted,qa,f082fc65-b69e-4b2f-a99b-e27ee7d8e6cc,2026-09-09 09:41:21
13d45e05-1931-405b-a09d-f1c6b7cccaff,24,writer_replacement,implement,6e475dd2-26ac-41c8-ae1b-2db6f6594b95,2026-09-09 09:52:13
13d45e05-1931-405b-a09d-f1c6b7cccaff,25,resume_target_unrecoverable,implement,,2026-09-09 09:52:13
13d45e05-1931-405b-a09d-f1c6b7cccaff,26,execution_dead_rolled_back,implement,71d0779e-627d-41c3-9a4e-a71ed1ba4c0c,2026-09-09 09:52:13
13d45e05-1931-405b-a09d-f1c6b7cccaff,28,execution_admitted,implement,6e475dd2-26ac-41c8-ae1b-2db6f6594b95,2026-09-09 09:52:13
c8b7c661-947a-4c0f-a41b-9accd8090afd,73,execution_dead_rolled_back,implement,db57dc9c-a8ca-4e27-b0ce-750d35d8e6a0,2026-09-09 10:00:22
c8b7c661-947a-4c0f-a41b-9accd8090afd,77,execution_admitted,implement,cf7b4751-b632-402d-aa4b-a68697490214,2026-09-09 10:00:22
c8b7c661-947a-4c0f-a41b-9accd8090afd,82,rework_replacement_launched,implement,cf7b4751-b632-402d-aa4b-a68697490214,2026-09-09 10:00:26
c3c393f1-2cd1-4ade-917c-84592cb1bbe7,93,execution_dead_rolled_back,implement,6d67f20f-66e7-4a84-9a84-414e9cd23075,2026-09-09 10:00:29
c3c393f1-2cd1-4ade-917c-84592cb1bbe7,97,execution_admitted,implement,383d876a-3505-40be-b0cd-9bc870477b5f,2026-09-09 10:00:29
c3c393f1-2cd1-4ade-917c-84592cb1bbe7,103,rework_replacement_launched,implement,383d876a-3505-40be-b0cd-9bc870477b5f,2026-09-09 10:00:33
f45a37e7-c681-4d3f-b899-1800afa590d5,78,writer_replacement,implement,72ce2663-5fdf-4e1c-8f0e-31b63d4f82ff,2026-09-09 10:02:42
f45a37e7-c681-4d3f-b899-1800afa590d5,79,resume_target_unrecoverable,implement,,2026-09-09 10:02:42
f45a37e7-c681-4d3f-b899-1800afa590d5,80,execution_dead_rolled_back,implement,a430054d-07d2-4ca9-9e4f-3262e50ce786,2026-09-09 10:02:42
f45a37e7-c681-4d3f-b899-1800afa590d5,81,repeated_dead_execution_pattern,implement,a430054d-07d2-4ca9-9e4f-3262e50ce786,2026-09-09 10:02:42
13d45e05-1931-405b-a09d-f1c6b7cccaff,37,writer_replacement,implement,c35fd8c7-fb4d-41fe-81eb-bb9685c43e9b,2026-09-09 10:02:42
13d45e05-1931-405b-a09d-f1c6b7cccaff,38,resume_target_unrecoverable,implement,,2026-09-09 10:02:42
13d45e05-1931-405b-a09d-f1c6b7cccaff,39,execution_dead_rolled_back,implement,6e475dd2-26ac-41c8-ae1b-2db6f6594b95,2026-09-09 10:02:42
13d45e05-1931-405b-a09d-f1c6b7cccaff,40,repeated_dead_execution_pattern,implement,6e475dd2-26ac-41c8-ae1b-2db6f6594b95,2026-09-09 10:02:42
2f904779-35a1-4754-aab4-7129dac264a1,39,writer_replacement,implement,a85fb60c-badd-4992-a75d-854db05e6ce6,2026-09-09 10:02:42
2f904779-35a1-4754-aab4-7129dac264a1,40,resume_target_unrecoverable,implement,,2026-09-09 10:02:42
2f904779-35a1-4754-aab4-7129dac264a1,41,execution_dead_rolled_back,implement,b5ed7567-0ab3-41ec-a399-5c907ba54547,2026-09-09 10:02:42
2f904779-35a1-4754-aab4-7129dac264a1,42,repeated_dead_execution_pattern,implement,b5ed7567-0ab3-41ec-a399-5c907ba54547,2026-09-09 10:02:42
7c625c64-0142-4626-8f14-677a6309e0d8,38,writer_replacement,implement,3fda089a-f7a9-4290-a6c4-43fa1add52ec,2026-09-09 10:02:42
7c625c64-0142-4626-8f14-677a6309e0d8,39,resume_target_unrecoverable,implement,,2026-09-09 10:02:42
7c625c64-0142-4626-8f14-677a6309e0d8,40,execution_dead_rolled_back,implement,4167da07-097c-42dc-8d6a-244198626bcc,2026-09-09 10:02:42
7c625c64-0142-4626-8f14-677a6309e0d8,41,repeated_dead_execution_pattern,implement,4167da07-097c-42dc-8d6a-244198626bcc,2026-09-09 10:02:42
13d45e05-1931-405b-a09d-f1c6b7cccaff,42,execution_admitted,implement,c35fd8c7-fb4d-41fe-81eb-bb9685c43e9b,2026-09-09 10:02:42
2f904779-35a1-4754-aab4-7129dac264a1,44,execution_admitted,implement,a85fb60c-badd-4992-a75d-854db05e6ce6,2026-09-09 10:02:46
7c625c64-0142-4626-8f14-677a6309e0d8,43,execution_admitted,implement,3fda089a-f7a9-4290-a6c4-43fa1add52ec,2026-09-09 10:02:49
f45a37e7-c681-4d3f-b899-1800afa590d5,85,execution_admitted,implement,72ce2663-5fdf-4e1c-8f0e-31b63d4f82ff,2026-09-09 10:04:35
c3c393f1-2cd1-4ade-917c-84592cb1bbe7,112,writer_replacement,implement,fd88ba3d-b703-463e-8d8d-bba063465490,2026-09-09 10:12:42
c3c393f1-2cd1-4ade-917c-84592cb1bbe7,113,resume_target_unrecoverable,implement,,2026-09-09 10:12:42
c3c393f1-2cd1-4ade-917c-84592cb1bbe7,114,execution_dead_rolled_back,implement,383d876a-3505-40be-b0cd-9bc870477b5f,2026-09-09 10:12:42
c3c393f1-2cd1-4ade-917c-84592cb1bbe7,115,repeated_dead_execution_pattern,implement,383d876a-3505-40be-b0cd-9bc870477b5f,2026-09-09 10:12:42
c8b7c661-947a-4c0f-a41b-9accd8090afd,92,writer_replacement,implement,0f51173e-8a19-43ce-84cf-d75ac0dfe8f4,2026-09-09 10:12:42
c8b7c661-947a-4c0f-a41b-9accd8090afd,93,resume_target_unrecoverable,implement,,2026-09-09 10:12:42
c8b7c661-947a-4c0f-a41b-9accd8090afd,94,execution_dead_rolled_back,implement,cf7b4751-b632-402d-aa4b-a68697490214,2026-09-09 10:12:42
c8b7c661-947a-4c0f-a41b-9accd8090afd,95,repeated_dead_execution_pattern,implement,cf7b4751-b632-402d-aa4b-a68697490214,2026-09-09 10:12:42
c3c393f1-2cd1-4ade-917c-84592cb1bbe7,117,execution_admitted,implement,fd88ba3d-b703-463e-8d8d-bba063465490,2026-09-09 10:12:42
c8b7c661-947a-4c0f-a41b-9accd8090afd,97,execution_admitted,implement,0f51173e-8a19-43ce-84cf-d75ac0dfe8f4,2026-09-09 10:12:45
f45a37e7-c681-4d3f-b899-1800afa590d5,94,writer_replacement,implement,9e212338-2272-4758-b239-206e14281683,2026-09-09 10:17:41
f45a37e7-c681-4d3f-b899-1800afa590d5,95,resume_target_unrecoverable,implement,,2026-09-09 10:17:41
f45a37e7-c681-4d3f-b899-1800afa590d5,96,execution_dead_rolled_back,implement,72ce2663-5fdf-4e1c-8f0e-31b63d4f82ff,2026-09-09 10:17:41
f45a37e7-c681-4d3f-b899-1800afa590d5,97,repeated_dead_execution_pattern,implement,72ce2663-5fdf-4e1c-8f0e-31b63d4f82ff,2026-09-09 10:17:41
13d45e05-1931-405b-a09d-f1c6b7cccaff,50,writer_replacement,implement,83258646-6110-491b-806d-cd496d3e4f83,2026-09-09 10:17:42
13d45e05-1931-405b-a09d-f1c6b7cccaff,51,resume_target_unrecoverable,implement,,2026-09-09 10:17:42
13d45e05-1931-405b-a09d-f1c6b7cccaff,52,execution_dead_rolled_back,implement,c35fd8c7-fb4d-41fe-81eb-bb9685c43e9b,2026-09-09 10:17:42
13d45e05-1931-405b-a09d-f1c6b7cccaff,53,repeated_dead_execution_pattern,implement,c35fd8c7-fb4d-41fe-81eb-bb9685c43e9b,2026-09-09 10:17:42
2f904779-35a1-4754-aab4-7129dac264a1,53,writer_replacement,implement,7b9fb9cc-0a9c-4c08-a40f-16d03539e778,2026-09-09 10:17:42
2f904779-35a1-4754-aab4-7129dac264a1,54,resume_target_unrecoverable,implement,,2026-09-09 10:17:42
2f904779-35a1-4754-aab4-7129dac264a1,55,execution_dead_rolled_back,implement,a85fb60c-badd-4992-a75d-854db05e6ce6,2026-09-09 10:17:42
2f904779-35a1-4754-aab4-7129dac264a1,56,repeated_dead_execution_pattern,implement,a85fb60c-badd-4992-a75d-854db05e6ce6,2026-09-09 10:17:42
7c625c64-0142-4626-8f14-677a6309e0d8,52,writer_replacement,implement,24d54933-9407-40d8-89f4-e9609672286d,2026-09-09 10:17:42
7c625c64-0142-4626-8f14-677a6309e0d8,53,resume_target_unrecoverable,implement,,2026-09-09 10:17:42
7c625c64-0142-4626-8f14-677a6309e0d8,54,execution_dead_rolled_back,implement,3fda089a-f7a9-4290-a6c4-43fa1add52ec,2026-09-09 10:17:42
7c625c64-0142-4626-8f14-677a6309e0d8,55,repeated_dead_execution_pattern,implement,3fda089a-f7a9-4290-a6c4-43fa1add52ec,2026-09-09 10:17:42
13d45e05-1931-405b-a09d-f1c6b7cccaff,55,execution_admitted,implement,83258646-6110-491b-806d-cd496d3e4f83,2026-09-09 10:17:42
2f904779-35a1-4754-aab4-7129dac264a1,58,execution_admitted,implement,7b9fb9cc-0a9c-4c08-a40f-16d03539e778,2026-09-09 10:17:46
7c625c64-0142-4626-8f14-677a6309e0d8,57,execution_admitted,implement,24d54933-9407-40d8-89f4-e9609672286d,2026-09-09 10:17:50
c3c393f1-2cd1-4ade-917c-84592cb1bbe7,149,writer_replacement,implement,27b1d9a4-2564-4b3f-a0fa-9f3b187c2406,2026-09-09 10:27:41
c3c393f1-2cd1-4ade-917c-84592cb1bbe7,150,resume_target_unrecoverable,implement,,2026-09-09 10:27:41
c3c393f1-2cd1-4ade-917c-84592cb1bbe7,151,execution_dead_rolled_back,implement,fd88ba3d-b703-463e-8d8d-bba063465490,2026-09-09 10:27:41
c3c393f1-2cd1-4ade-917c-84592cb1bbe7,152,repeated_dead_execution_pattern,implement,fd88ba3d-b703-463e-8d8d-bba063465490,2026-09-09 10:27:41
c8b7c661-947a-4c0f-a41b-9accd8090afd,130,writer_replacement,implement,a03cee82-9ebd-48c8-9df7-669d966cea67,2026-09-09 10:27:41
c8b7c661-947a-4c0f-a41b-9accd8090afd,131,resume_target_unrecoverable,implement,,2026-09-09 10:27:41
c8b7c661-947a-4c0f-a41b-9accd8090afd,132,execution_dead_rolled_back,implement,0f51173e-8a19-43ce-84cf-d75ac0dfe8f4,2026-09-09 10:27:41
c8b7c661-947a-4c0f-a41b-9accd8090afd,133,repeated_dead_execution_pattern,implement,0f51173e-8a19-43ce-84cf-d75ac0dfe8f4,2026-09-09 10:27:41
c3c393f1-2cd1-4ade-917c-84592cb1bbe7,155,execution_admitted,implement,27b1d9a4-2564-4b3f-a0fa-9f3b187c2406,2026-09-09 10:27:41
c8b7c661-947a-4c0f-a41b-9accd8090afd,135,execution_admitted,implement,a03cee82-9ebd-48c8-9df7-669d966cea67,2026-09-09 10:27:45
c3c393f1-2cd1-4ade-917c-84592cb1bbe7,195,writer_replacement,implement,e1ca4f30-4858-4c3d-93fc-1a7339df2de3,2026-09-09 10:42:41
c3c393f1-2cd1-4ade-917c-84592cb1bbe7,196,resume_target_unrecoverable,implement,,2026-09-09 10:42:41
c3c393f1-2cd1-4ade-917c-84592cb1bbe7,197,execution_dead_rolled_back,implement,27b1d9a4-2564-4b3f-a0fa-9f3b187c2406,2026-09-09 10:42:41
c3c393f1-2cd1-4ade-917c-84592cb1bbe7,198,repeated_dead_execution_pattern,implement,27b1d9a4-2564-4b3f-a0fa-9f3b187c2406,2026-09-09 10:42:41
c8b7c661-947a-4c0f-a41b-9accd8090afd,176,writer_replacement,implement,58d86abf-0781-431d-8aa9-4ba1ac66955d,2026-09-09 10:42:41
c8b7c661-947a-4c0f-a41b-9accd8090afd,177,resume_target_unrecoverable,implement,,2026-09-09 10:42:41
c8b7c661-947a-4c0f-a41b-9accd8090afd,178,execution_dead_rolled_back,implement,a03cee82-9ebd-48c8-9df7-669d966cea67,2026-09-09 10:42:41
c8b7c661-947a-4c0f-a41b-9accd8090afd,179,repeated_dead_execution_pattern,implement,a03cee82-9ebd-48c8-9df7-669d966cea67,2026-09-09 10:42:41
c3c393f1-2cd1-4ade-917c-84592cb1bbe7,200,execution_admitted,implement,e1ca4f30-4858-4c3d-93fc-1a7339df2de3,2026-09-09 10:42:41
c8b7c661-947a-4c0f-a41b-9accd8090afd,181,execution_admitted,implement,58d86abf-0781-431d-8aa9-4ba1ac66955d,2026-09-09 10:42:45
b611ce55-1ce4-46aa-a008-780efad435bd,34,node_completed,qa,f082fc65-b69e-4b2f-a99b-e27ee7d8e6cc,2026-09-09 12:54:43
b611ce55-1ce4-46aa-a008-780efad435bd,51,rework_pane_loss_handoff,implement,d60cff23-cf25-4dbf-b920-a278a4583e70,2026-09-09 13:09:45
ce54ec2a-6b8b-4c46-bcc6-6e698ba194ab,54,node_completed,founder_gate,ab7fabaf-74d8-4b2f-a8c2-ebc9c99773b6,2026-09-09 17:14:33
e72f53b5-8195-48af-b4bb-a0d5c10b52e2,40,node_completed,founder_gate,e25ef68f-e765-4dd0-918a-e521f35ce083,2026-09-09 17:15:48
8b503475-e5a5-472f-baea-bda9e366b5c2,197,node_completed,founder_gate,cc067e8b-b85a-400c-9134-2809b2e508b1,2026-09-09 17:15:48
ce54ec2a-6b8b-4c46-bcc6-6e698ba194ab,62,run_completed,land,480a4b7e-52b4-4186-a32c-ac56023895ff,2026-09-09 17:15:53
e72f53b5-8195-48af-b4bb-a0d5c10b52e2,49,run_completed,land,ec9a63d5-c397-4c0d-a32f-82dfbcb0da83,2026-09-09 17:17:32
7c625c64-0142-4626-8f14-677a6309e0d8,68,run_terminated_by_operator,,,2026-09-09 17:23:16
16f6e49e-527c-47f6-9f1d-1465b14660bb,3,execution_admitted,implement,fdb333fb-c9ba-46f2-9a3c-202494b3f983,2026-09-09 17:23:33
c3c393f1-2cd1-4ade-917c-84592cb1bbe7,241,run_terminated_by_operator,,,2026-09-09 17:26:14
c8b7c661-947a-4c0f-a41b-9accd8090afd,222,run_terminated_by_operator,,,2026-09-09 17:26:15
2f904779-35a1-4754-aab4-7129dac264a1,72,run_terminated_by_operator,,,2026-09-09 17:26:15
13d45e05-1931-405b-a09d-f1c6b7cccaff,68,run_terminated_by_operator,,,2026-09-09 17:26:15
d6c4b403-a0c8-4339-8e2e-d36cf48d0cdf,3,execution_admitted,implement,4fc74385-2f80-45e9-bd16-6007c52066f9,2026-09-09 17:26:35
35ab9e12-2ce4-42ca-a15a-966682e289fb,3,execution_admitted,implement,b88f99d6-8abd-44d2-a269-aa2b99b13748,2026-09-09 17:27:14
a10f4de0-9b6d-4799-ba92-4ed98cc795ce,3,execution_admitted,implement,f7739fbd-fa00-4cc1-a714-3751217d6ff8,2026-09-09 17:28:46
15b4bd81-005f-4173-a3ea-d5a26906c607,3,execution_admitted,implement,2f7f549f-0c56-4fea-8aa1-3bbe96a77b95,2026-09-09 17:28:52
d6c4b403-a0c8-4339-8e2e-d36cf48d0cdf,11,writer_replacement,implement,81980043-c840-4ac0-8c6f-9e1292ca16bf,2026-09-09 17:30:30
d6c4b403-a0c8-4339-8e2e-d36cf48d0cdf,12,resume_target_unrecoverable,implement,,2026-09-09 17:30:30
d6c4b403-a0c8-4339-8e2e-d36cf48d0cdf,13,execution_dead_rolled_back,implement,4fc74385-2f80-45e9-bd16-6007c52066f9,2026-09-09 17:30:30
d6c4b403-a0c8-4339-8e2e-d36cf48d0cdf,15,execution_admitted,implement,81980043-c840-4ac0-8c6f-9e1292ca16bf,2026-09-09 17:30:30
f45a37e7-c681-4d3f-b899-1800afa590d5,103,run_terminated_by_operator,,,2026-09-09 17:30:32
b611ce55-1ce4-46aa-a008-780efad435bd,60,run_terminated_by_operator,,,2026-09-09 17:30:32
a10f4de0-9b6d-4799-ba92-4ed98cc795ce,9,node_completed,implement,f7739fbd-fa00-4cc1-a714-3751217d6ff8,2026-09-09 17:30:59
a10f4de0-9b6d-4799-ba92-4ed98cc795ce,14,execution_admitted,qa,a77846b6-9d83-4e83-91f4-14801b3ab56e,2026-09-09 17:31:00
99288dcf-1e6a-4577-ac8c-c339c041c078,3,execution_admitted,implement,b956bb43-56b4-442c-b1aa-3dac7f845f34,2026-09-09 17:31:09
3cddd8cb-89fd-4fc5-a5de-d1b57f8e5959,3,execution_admitted,implement,9838f4d4-5920-443a-ab1f-48dcf6a56a96,2026-09-09 17:31:13
d6c4b403-a0c8-4339-8e2e-d36cf48d0cdf,20,node_completed,implement,81980043-c840-4ac0-8c6f-9e1292ca16bf,2026-09-09 17:31:57
d6c4b403-a0c8-4339-8e2e-d36cf48d0cdf,25,execution_admitted,qa,f87a546f-4340-4a4c-a04d-efa889cc7bd9,2026-09-09 17:31:58
8b503475-e5a5-472f-baea-bda9e366b5c2,218,run_completed,land,df63ff55-47f0-467d-9044-c05f2596646a,2026-09-09 17:32:58
eb7ac1ef-73f1-4a2d-ba41-963d7147d8c1,3,execution_admitted,implement,28e1710e-db7e-4709-89d1-b104567de879,2026-09-09 17:42:19
a10f4de0-9b6d-4799-ba92-4ed98cc795ce,21,node_completed,qa,a77846b6-9d83-4e83-91f4-14801b3ab56e,2026-09-09 17:48:29
a10f4de0-9b6d-4799-ba92-4ed98cc795ce,23,gate_opened,founder_gate,,2026-09-09 17:48:29
99288dcf-1e6a-4577-ac8c-c339c041c078,9,node_completed,implement,b956bb43-56b4-442c-b1aa-3dac7f845f34,2026-09-09 17:53:03
99288dcf-1e6a-4577-ac8c-c339c041c078,14,execution_admitted,qa,f38c336e-7aa4-46bb-a4b6-26c4ba58e128,2026-09-09 17:53:03
d6c4b403-a0c8-4339-8e2e-d36cf48d0cdf,31,node_completed,qa,f87a546f-4340-4a4c-a04d-efa889cc7bd9,2026-09-09 17:57:59
d6c4b403-a0c8-4339-8e2e-d36cf48d0cdf,38,execution_admitted,implement,81980043-c840-4ac0-8c6f-9e1292ca16bf,2026-09-09 17:58:00
a10f4de0-9b6d-4799-ba92-4ed98cc795ce,29,node_completed,founder_gate,a77846b6-9d83-4e83-91f4-14801b3ab56e,2026-09-09 18:31:08
a10f4de0-9b6d-4799-ba92-4ed98cc795ce,37,run_completed,land,e370cba3-0318-47e7-919c-9c9245a910dd,2026-09-09 18:32:33
05f4aa96-4b2d-43cf-a593-3a1fc3668660,4,execution_admitted,eng_design,8e14ae65-a08d-4b72-bf69-52a271342f2c,2026-09-09 18:41:39
99288dcf-1e6a-4577-ac8c-c339c041c078,23,node_completed,qa,f38c336e-7aa4-46bb-a4b6-26c4ba58e128,2026-09-09 18:52:16
99288dcf-1e6a-4577-ac8c-c339c041c078,25,gate_opened,founder_gate,,2026-09-09 18:52:16
15b4bd81-005f-4173-a3ea-d5a26906c607,9,node_completed,implement,2f7f549f-0c56-4fea-8aa1-3bbe96a77b95,2026-09-09 18:54:45
15b4bd81-005f-4173-a3ea-d5a26906c607,14,execution_admitted,qa,3c1f1ff6-7407-4dc3-ad50-1192aa636560,2026-09-09 18:54:46
99288dcf-1e6a-4577-ac8c-c339c041c078,28,node_completed,founder_gate,f38c336e-7aa4-46bb-a4b6-26c4ba58e128,2026-09-09 18:59:33
15b4bd81-005f-4173-a3ea-d5a26906c607,21,node_completed,qa,3c1f1ff6-7407-4dc3-ad50-1192aa636560,2026-09-09 19:05:50
15b4bd81-005f-4173-a3ea-d5a26906c607,23,gate_opened,founder_gate,,2026-09-09 19:05:50
eb7ac1ef-73f1-4a2d-ba41-963d7147d8c1,9,node_completed,implement,28e1710e-db7e-4709-89d1-b104567de879,2026-09-09 19:05:59
eb7ac1ef-73f1-4a2d-ba41-963d7147d8c1,14,execution_admitted,qa,82c15cfa-8af4-4886-832c-659c25ba9fbb,2026-09-09 19:05:59
3cddd8cb-89fd-4fc5-a5de-d1b57f8e5959,9,node_completed,implement,9838f4d4-5920-443a-ab1f-48dcf6a56a96,2026-09-09 19:08:44
3cddd8cb-89fd-4fc5-a5de-d1b57f8e5959,14,execution_admitted,qa,29127313-22fe-4e27-9702-e8af6040f89f,2026-09-09 19:08:44
35ab9e12-2ce4-42ca-a15a-966682e289fb,14,writer_replacement,implement,e5bb3293-783c-4209-a3e5-f26b9b7cb424,2026-09-09 19:12:31
35ab9e12-2ce4-42ca-a15a-966682e289fb,15,resume_target_unrecoverable,implement,,2026-09-09 19:12:31
35ab9e12-2ce4-42ca-a15a-966682e289fb,16,execution_dead_rolled_back,implement,b88f99d6-8abd-44d2-a269-aa2b99b13748,2026-09-09 19:12:31
35ab9e12-2ce4-42ca-a15a-966682e289fb,18,execution_admitted,implement,e5bb3293-783c-4209-a3e5-f26b9b7cb424,2026-09-09 19:12:31
15b4bd81-005f-4173-a3ea-d5a26906c607,31,execution_admitted,implement,2f7f549f-0c56-4fea-8aa1-3bbe96a77b95,2026-09-09 19:13:22
d6c4b403-a0c8-4339-8e2e-d36cf48d0cdf,74,execution_dead_rolled_back,implement,81980043-c840-4ac0-8c6f-9e1292ca16bf,2026-09-09 19:14:43
d6c4b403-a0c8-4339-8e2e-d36cf48d0cdf,78,execution_admitted,implement,7559c4ca-bcb5-4dab-be65-1f8982622299,2026-09-09 19:14:43
d6c4b403-a0c8-4339-8e2e-d36cf48d0cdf,83,rework_replacement_launched,implement,7559c4ca-bcb5-4dab-be65-1f8982622299,2026-09-09 19:14:47
eb7ac1ef-73f1-4a2d-ba41-963d7147d8c1,21,node_completed,qa,82c15cfa-8af4-4886-832c-659c25ba9fbb,2026-09-09 19:17:53
eb7ac1ef-73f1-4a2d-ba41-963d7147d8c1,28,execution_admitted,implement,28e1710e-db7e-4709-89d1-b104567de879,2026-09-09 19:17:54
05f4aa96-4b2d-43cf-a593-3a1fc3668660,14,node_completed,eng_design,8e14ae65-a08d-4b72-bf69-52a271342f2c,2026-09-09 19:41:31
05f4aa96-4b2d-43cf-a593-3a1fc3668660,19,execution_admitted,implement,3d34afcf-cd9b-4530-ab4e-8fd79fc55d2f,2026-09-09 19:41:32
a0cefa61-e517-4898-9a2c-11d2f09aee9f,3,execution_admitted,implement,168d0348-94ee-4b69-8f01-6c609d1a58f3,2026-09-09 19:46:20
eb7ac1ef-73f1-4a2d-ba41-963d7147d8c1,51,execution_dead_rolled_back,implement,28e1710e-db7e-4709-89d1-b104567de879,2026-09-09 19:58:05
eb7ac1ef-73f1-4a2d-ba41-963d7147d8c1,55,execution_admitted,implement,e0fc5cbb-d194-4a41-85a1-d4687f25a728,2026-09-09 19:58:05
eb7ac1ef-73f1-4a2d-ba41-963d7147d8c1,60,rework_replacement_launched,implement,e0fc5cbb-d194-4a41-85a1-d4687f25a728,2026-09-09 19:58:10
eb7ac1ef-73f1-4a2d-ba41-963d7147d8c1,64,writer_replacement,implement,1158becc-b506-4c7a-9015-c54177331c3c,2026-09-09 20:01:42
eb7ac1ef-73f1-4a2d-ba41-963d7147d8c1,65,resume_target_unrecoverable,implement,,2026-09-09 20:01:42
eb7ac1ef-73f1-4a2d-ba41-963d7147d8c1,66,execution_dead_rolled_back,implement,e0fc5cbb-d194-4a41-85a1-d4687f25a728,2026-09-09 20:01:42
eb7ac1ef-73f1-4a2d-ba41-963d7147d8c1,67,repeated_dead_execution_pattern,implement,e0fc5cbb-d194-4a41-85a1-d4687f25a728,2026-09-09 20:01:42
a0cefa61-e517-4898-9a2c-11d2f09aee9f,9,node_completed,implement,168d0348-94ee-4b69-8f01-6c609d1a58f3,2026-09-09 20:03:32
a0cefa61-e517-4898-9a2c-11d2f09aee9f,14,execution_admitted,qa,2f857f28-9b71-495c-95a7-871282fe4ef4,2026-09-09 20:03:33
eb7ac1ef-73f1-4a2d-ba41-963d7147d8c1,73,execution_admitted,implement,1158becc-b506-4c7a-9015-c54177331c3c,2026-09-09 20:04:10
a0cefa61-e517-4898-9a2c-11d2f09aee9f,21,node_completed,qa,2f857f28-9b71-495c-95a7-871282fe4ef4,2026-09-09 20:09:13
a0cefa61-e517-4898-9a2c-11d2f09aee9f,23,gate_opened,founder_gate,,2026-09-09 20:09:13
15b4bd81-005f-4173-a3ea-d5a26906c607,64,execution_dead_rolled_back,implement,2f7f549f-0c56-4fea-8aa1-3bbe96a77b95,2026-09-09 20:17:30
15b4bd81-005f-4173-a3ea-d5a26906c607,68,execution_admitted,implement,6d78fd43-fb0d-451c-8754-57c3a27da8c9,2026-09-09 20:17:30
15b4bd81-005f-4173-a3ea-d5a26906c607,73,rework_replacement_launched,implement,6d78fd43-fb0d-451c-8754-57c3a27da8c9,2026-09-09 20:17:36
35ab9e12-2ce4-42ca-a15a-966682e289fb,24,writer_replacement,implement,964af7ae-4da1-4fdb-9b09-faf6be48f8c5,2026-09-09 20:19:43
35ab9e12-2ce4-42ca-a15a-966682e289fb,25,resume_target_unrecoverable,implement,,2026-09-09 20:19:43
35ab9e12-2ce4-42ca-a15a-966682e289fb,26,execution_dead_rolled_back,implement,e5bb3293-783c-4209-a3e5-f26b9b7cb424,2026-09-09 20:19:43
35ab9e12-2ce4-42ca-a15a-966682e289fb,27,repeated_dead_execution_pattern,implement,e5bb3293-783c-4209-a3e5-f26b9b7cb424,2026-09-09 20:19:43
35ab9e12-2ce4-42ca-a15a-966682e289fb,29,execution_admitted,implement,964af7ae-4da1-4fdb-9b09-faf6be48f8c5,2026-09-09 20:19:43
eb7ac1ef-73f1-4a2d-ba41-963d7147d8c1,84,writer_replacement,implement,8fe5643f-3344-42fa-9883-066403ffafb2,2026-09-09 20:22:30
eb7ac1ef-73f1-4a2d-ba41-963d7147d8c1,85,resume_target_unrecoverable,implement,,2026-09-09 20:22:30
eb7ac1ef-73f1-4a2d-ba41-963d7147d8c1,86,execution_dead_rolled_back,implement,1158becc-b506-4c7a-9015-c54177331c3c,2026-09-09 20:22:30
eb7ac1ef-73f1-4a2d-ba41-963d7147d8c1,87,repeated_dead_execution_pattern,implement,1158becc-b506-4c7a-9015-c54177331c3c,2026-09-09 20:22:30
a0cefa61-e517-4898-9a2c-11d2f09aee9f,26,node_completed,founder_gate,2f857f28-9b71-495c-95a7-871282fe4ef4,2026-09-09 20:28:56
a0cefa61-e517-4898-9a2c-11d2f09aee9f,34,run_completed,land,f9c7dfc5-bc69-4965-8eb5-5c226b8ce7ba,2026-09-09 20:30:46
15b4bd81-005f-4173-a3ea-d5a26906c607,83,writer_replacement,implement,1646b695-3bdc-4693-8a94-662b1d9bd69f,2026-09-09 20:32:30
15b4bd81-005f-4173-a3ea-d5a26906c607,84,resume_target_unrecoverable,implement,,2026-09-09 20:32:30
15b4bd81-005f-4173-a3ea-d5a26906c607,85,execution_dead_rolled_back,implement,6d78fd43-fb0d-451c-8754-57c3a27da8c9,2026-09-09 20:32:30
15b4bd81-005f-4173-a3ea-d5a26906c607,86,repeated_dead_execution_pattern,implement,6d78fd43-fb0d-451c-8754-57c3a27da8c9,2026-09-09 20:32:30
15b4bd81-005f-4173-a3ea-d5a26906c607,90,execution_admitted,implement,1646b695-3bdc-4693-8a94-662b1d9bd69f,2026-09-09 20:33:47
35ab9e12-2ce4-42ca-a15a-966682e289fb,37,writer_replacement,implement,d768fdc3-3d87-488f-9dfc-6aeada24481f,2026-09-09 20:34:44
35ab9e12-2ce4-42ca-a15a-966682e289fb,38,resume_target_unrecoverable,implement,,2026-09-09 20:34:44
35ab9e12-2ce4-42ca-a15a-966682e289fb,39,execution_dead_rolled_back,implement,964af7ae-4da1-4fdb-9b09-faf6be48f8c5,2026-09-09 20:34:44
35ab9e12-2ce4-42ca-a15a-966682e289fb,40,repeated_dead_execution_pattern,implement,964af7ae-4da1-4fdb-9b09-faf6be48f8c5,2026-09-09 20:34:44
35ab9e12-2ce4-42ca-a15a-966682e289fb,42,execution_admitted,implement,d768fdc3-3d87-488f-9dfc-6aeada24481f,2026-09-09 20:34:44
ffa8c441-b308-4043-bf4a-c27c6e6e5e0d,3,execution_admitted,implement,adccbe9c-1f0e-492d-80d1-3a51dccbf1f6,2026-09-09 20:42:52
d6c4b403-a0c8-4339-8e2e-d36cf48d0cdf,120,node_completed,implement,7559c4ca-bcb5-4dab-be65-1f8982622299,2026-09-09 20:51:24
d6c4b403-a0c8-4339-8e2e-d36cf48d0cdf,128,execution_admitted,qa,f87a546f-4340-4a4c-a04d-efa889cc7bd9,2026-09-09 20:51:25
15b4bd81-005f-4173-a3ea-d5a26906c607,104,writer_replacement,implement,9827085a-ff9d-41fb-9394-a884f37ba1de,2026-09-09 20:59:10
15b4bd81-005f-4173-a3ea-d5a26906c607,105,resume_target_unrecoverable,implement,,2026-09-09 20:59:10
15b4bd81-005f-4173-a3ea-d5a26906c607,106,execution_dead_rolled_back,implement,1646b695-3bdc-4693-8a94-662b1d9bd69f,2026-09-09 20:59:10
15b4bd81-005f-4173-a3ea-d5a26906c607,107,repeated_dead_execution_pattern,implement,1646b695-3bdc-4693-8a94-662b1d9bd69f,2026-09-09 20:59:10
ffa8c441-b308-4043-bf4a-c27c6e6e5e0d,9,node_completed,implement,adccbe9c-1f0e-492d-80d1-3a51dccbf1f6,2026-09-09 20:59:44
ffa8c441-b308-4043-bf4a-c27c6e6e5e0d,14,execution_admitted,qa,17f9cb7d-8926-4ede-b00d-d71b51d3111b,2026-09-09 20:59:45
ffa8c441-b308-4043-bf4a-c27c6e6e5e0d,22,node_completed,qa,17f9cb7d-8926-4ede-b00d-d71b51d3111b,2026-09-09 21:13:36
ffa8c441-b308-4043-bf4a-c27c6e6e5e0d,24,gate_opened,founder_gate,,2026-09-09 21:13:36
d6c4b403-a0c8-4339-8e2e-d36cf48d0cdf,146,node_completed,qa,f87a546f-4340-4a4c-a04d-efa889cc7bd9,2026-09-09 21:21:08
35ab9e12-2ce4-42ca-a15a-966682e289fb,50,node_completed,implement,d768fdc3-3d87-488f-9dfc-6aeada24481f,2026-09-09 21:32:19
35ab9e12-2ce4-42ca-a15a-966682e289fb,55,execution_admitted,qa,b1d817b1-3337-4cf7-877b-bed2c9bbf28f,2026-09-09 21:32:20
d6c4b403-a0c8-4339-8e2e-d36cf48d0cdf,164,rework_pane_loss_handoff,implement,7559c4ca-bcb5-4dab-be65-1f8982622299,2026-09-09 21:36:10
15b4bd81-005f-4173-a3ea-d5a26906c607,114,run_terminated_by_operator,,,2026-09-09 21:49:31
da756bf5-7f5e-43d8-a215-a323d172548d,3,execution_admitted,implement,781c7085-b649-4622-8d9b-0535269432be,2026-09-09 21:49:55
da756bf5-7f5e-43d8-a215-a323d172548d,9,node_completed,implement,781c7085-b649-4622-8d9b-0535269432be,2026-09-09 21:50:54
da756bf5-7f5e-43d8-a215-a323d172548d,14,execution_admitted,qa,c989695e-0293-425a-90a4-b3dd38a6e8ba,2026-09-09 21:50:54
d6c4b403-a0c8-4339-8e2e-d36cf48d0cdf,171,execution_dead_rolled_back,implement,7559c4ca-bcb5-4dab-be65-1f8982622299,2026-09-09 21:51:19
d6c4b403-a0c8-4339-8e2e-d36cf48d0cdf,175,execution_admitted,implement,c506f12d-160a-40b5-8bae-bb2a0083a5d3,2026-09-09 21:51:19
d6c4b403-a0c8-4339-8e2e-d36cf48d0cdf,181,rework_replacement_launched,implement,c506f12d-160a-40b5-8bae-bb2a0083a5d3,2026-09-09 21:51:24
d6c4b403-a0c8-4339-8e2e-d36cf48d0cdf,184,node_completed,implement,c506f12d-160a-40b5-8bae-bb2a0083a5d3,2026-09-09 21:52:37
d6c4b403-a0c8-4339-8e2e-d36cf48d0cdf,192,execution_admitted,qa,f87a546f-4340-4a4c-a04d-efa889cc7bd9,2026-09-09 21:52:38
d6c4b403-a0c8-4339-8e2e-d36cf48d0cdf,199,node_completed,qa,f87a546f-4340-4a4c-a04d-efa889cc7bd9,2026-09-09 21:55:42
d6c4b403-a0c8-4339-8e2e-d36cf48d0cdf,207,execution_admitted,implement,c506f12d-160a-40b5-8bae-bb2a0083a5d3,2026-09-09 21:55:43
da756bf5-7f5e-43d8-a215-a323d172548d,20,node_completed,qa,c989695e-0293-425a-90a4-b3dd38a6e8ba,2026-09-09 22:04:15
da756bf5-7f5e-43d8-a215-a323d172548d,27,execution_admitted,implement,781c7085-b649-4622-8d9b-0535269432be,2026-09-09 22:04:16
35ab9e12-2ce4-42ca-a15a-966682e289fb,62,node_completed,qa,b1d817b1-3337-4cf7-877b-bed2c9bbf28f,2026-09-09 22:07:13
35ab9e12-2ce4-42ca-a15a-966682e289fb,76,execution_dead_rolled_back,implement,d768fdc3-3d87-488f-9dfc-6aeada24481f,2026-09-09 22:10:15
35ab9e12-2ce4-42ca-a15a-966682e289fb,80,execution_admitted,implement,b8acb46e-d3c0-4588-8e7c-d0c56a1d8de7,2026-09-09 22:10:15
35ab9e12-2ce4-42ca-a15a-966682e289fb,85,rework_replacement_launched,implement,b8acb46e-d3c0-4588-8e7c-d0c56a1d8de7,2026-09-09 22:10:21
3cddd8cb-89fd-4fc5-a5de-d1b57f8e5959,29,run_terminated_by_operator,,,2026-09-09 22:31:27
2c97be57-c3e4-4c06-8f2c-09b447b3b747,3,execution_admitted,implement,707d7984-8332-4aa6-80cf-9bb52087bcba,2026-09-09 22:31:28
2c97be57-c3e4-4c06-8f2c-09b447b3b747,9,node_completed,implement,707d7984-8332-4aa6-80cf-9bb52087bcba,2026-09-09 22:32:45
2c97be57-c3e4-4c06-8f2c-09b447b3b747,14,execution_admitted,qa,d9af6449-789f-48f6-ac80-b9b8dd146612,2026-09-09 22:32:45
2c97be57-c3e4-4c06-8f2c-09b447b3b747,22,node_completed,qa,d9af6449-789f-48f6-ac80-b9b8dd146612,2026-09-09 22:35:05
2c97be57-c3e4-4c06-8f2c-09b447b3b747,24,gate_opened,founder_gate,,2026-09-09 22:35:05
35ab9e12-2ce4-42ca-a15a-966682e289fb,101,node_completed,implement,b8acb46e-d3c0-4588-8e7c-d0c56a1d8de7,2026-09-09 22:41:55
35ab9e12-2ce4-42ca-a15a-966682e289fb,109,execution_admitted,qa,b1d817b1-3337-4cf7-877b-bed2c9bbf28f,2026-09-09 22:41:56
05f4aa96-4b2d-43cf-a593-3a1fc3668660,29,node_completed,implement,3d34afcf-cd9b-4530-ab4e-8fd79fc55d2f,2026-09-09 22:47:39
05f4aa96-4b2d-43cf-a593-3a1fc3668660,34,execution_admitted,qa,88405c72-5840-4b34-b2d9-fd6c0cd4c1c3,2026-09-09 22:47:39
d6c4b403-a0c8-4339-8e2e-d36cf48d0cdf,238,execution_dead_rolled_back,implement,c506f12d-160a-40b5-8bae-bb2a0083a5d3,2026-09-09 22:49:54
d6c4b403-a0c8-4339-8e2e-d36cf48d0cdf,242,execution_admitted,implement,ba344804-0516-4ae3-a4f7-dea2362f3c74,2026-09-09 22:49:54
d6c4b403-a0c8-4339-8e2e-d36cf48d0cdf,248,rework_replacement_launched,implement,ba344804-0516-4ae3-a4f7-dea2362f3c74,2026-09-09 22:49:58
35ab9e12-2ce4-42ca-a15a-966682e289fb,119,node_completed,qa,b1d817b1-3337-4cf7-877b-bed2c9bbf28f,2026-09-09 22:50:41
35ab9e12-2ce4-42ca-a15a-966682e289fb,121,gate_opened,founder_gate,,2026-09-09 22:50:41
d6c4b403-a0c8-4339-8e2e-d36cf48d0cdf,249,node_completed,implement,ba344804-0516-4ae3-a4f7-dea2362f3c74,2026-09-09 22:50:42
d6c4b403-a0c8-4339-8e2e-d36cf48d0cdf,257,execution_admitted,qa,f87a546f-4340-4a4c-a04d-efa889cc7bd9,2026-09-09 22:50:44
0046d93b-146c-4b78-8b3a-f9ed9eaaa205,62,execution_dead_rolled_back,implement,a76614e7-fbc9-4a93-8553-e9653be79384,2026-09-09 23:27:32
0046d93b-146c-4b78-8b3a-f9ed9eaaa205,66,execution_admitted,implement,cbcce2ec-6e82-473a-833f-399511e54264,2026-09-09 23:27:32
0046d93b-146c-4b78-8b3a-f9ed9eaaa205,71,rework_replacement_launched,implement,cbcce2ec-6e82-473a-833f-399511e54264,2026-09-09 23:27:36
d6c4b403-a0c8-4339-8e2e-d36cf48d0cdf,279,node_completed,qa,f87a546f-4340-4a4c-a04d-efa889cc7bd9,2026-09-09 23:28:42
d6c4b403-a0c8-4339-8e2e-d36cf48d0cdf,281,gate_opened,founder_gate,,2026-09-09 23:28:42
05f4aa96-4b2d-43cf-a593-3a1fc3668660,43,node_completed,qa,88405c72-5840-4b34-b2d9-fd6c0cd4c1c3,2026-09-09 23:50:02
05f4aa96-4b2d-43cf-a593-3a1fc3668660,45,gate_opened,founder_gate,,2026-09-09 23:50:02
05f4aa96-4b2d-43cf-a593-3a1fc3668660,57,execution_dead_rolled_back,implement,3d34afcf-cd9b-4530-ab4e-8fd79fc55d2f,2026-09-09 23:54:07
05f4aa96-4b2d-43cf-a593-3a1fc3668660,61,execution_admitted,implement,8cc1dc23-1659-4de1-9fa3-4682cdcdc998,2026-09-09 23:54:07
05f4aa96-4b2d-43cf-a593-3a1fc3668660,67,rework_replacement_launched,implement,8cc1dc23-1659-4de1-9fa3-4682cdcdc998,2026-09-09 23:54:10
da756bf5-7f5e-43d8-a215-a323d172548d,75,node_completed,implement,781c7085-b649-4622-8d9b-0535269432be,2026-09-09 23:59:56
da756bf5-7f5e-43d8-a215-a323d172548d,83,execution_admitted,qa,c989695e-0293-425a-90a4-b3dd38a6e8ba,2026-09-09 23:59:57
da756bf5-7f5e-43d8-a215-a323d172548d,92,node_completed,qa,c989695e-0293-425a-90a4-b3dd38a6e8ba,2026-09-10 00:07:00
da756bf5-7f5e-43d8-a215-a323d172548d,100,execution_admitted,implement,781c7085-b649-4622-8d9b-0535269432be,2026-09-10 00:07:01
2c97be57-c3e4-4c06-8f2c-09b447b3b747,28,node_completed,founder_gate,d9af6449-789f-48f6-ac80-b9b8dd146612,2026-09-10 00:59:38
35ab9e12-2ce4-42ca-a15a-966682e289fb,126,node_completed,founder_gate,b1d817b1-3337-4cf7-877b-bed2c9bbf28f,2026-09-10 01:00:48
d6c4b403-a0c8-4339-8e2e-d36cf48d0cdf,287,node_completed,founder_gate,f87a546f-4340-4a4c-a04d-efa889cc7bd9,2026-09-10 01:00:48
2c97be57-c3e4-4c06-8f2c-09b447b3b747,36,run_completed,land,56e5af53-e21e-49af-a7b9-5f2dec2354de,2026-09-10 01:00:50
35ab9e12-2ce4-42ca-a15a-966682e289fb,134,run_completed,land,852aff24-5e8f-4aa0-ae6e-39fef2fe8bdd,2026-09-10 01:02:04
d6c4b403-a0c8-4339-8e2e-d36cf48d0cdf,298,run_completed,land,109bd23a-f2e8-40e8-84ec-24901fa12108,2026-09-10 01:03:31
0046d93b-146c-4b78-8b3a-f9ed9eaaa205,108,node_completed,implement,cbcce2ec-6e82-473a-833f-399511e54264,2026-09-10 01:04:23
0046d93b-146c-4b78-8b3a-f9ed9eaaa205,116,execution_admitted,qa,703a3dc0-156d-4e32-a1e0-8eea84916a14,2026-09-10 01:04:24
0046d93b-146c-4b78-8b3a-f9ed9eaaa205,127,node_completed,qa,703a3dc0-156d-4e32-a1e0-8eea84916a14,2026-09-10 01:15:08
0046d93b-146c-4b78-8b3a-f9ed9eaaa205,129,gate_opened,founder_gate,,2026-09-10 01:15:08
16f6e49e-527c-47f6-9f1d-1465b14660bb,16,writer_replacement,implement,085882bc-a8b2-4c6e-b06d-ee2986f51613,2026-09-10 01:52:32
16f6e49e-527c-47f6-9f1d-1465b14660bb,17,resume_target_unrecoverable,implement,,2026-09-10 01:52:32
16f6e49e-527c-47f6-9f1d-1465b14660bb,18,execution_dead_rolled_back,implement,fdb333fb-c9ba-46f2-9a3c-202494b3f983,2026-09-10 01:52:32
16f6e49e-527c-47f6-9f1d-1465b14660bb,20,execution_admitted,implement,085882bc-a8b2-4c6e-b06d-ee2986f51613,2026-09-10 01:52:33
05f4aa96-4b2d-43cf-a593-3a1fc3668660,115,writer_replacement,implement,0ccf6741-2f46-4c23-a104-1eff2933db86,2026-09-10 01:57:33
05f4aa96-4b2d-43cf-a593-3a1fc3668660,116,resume_target_unrecoverable,implement,,2026-09-10 01:57:33
05f4aa96-4b2d-43cf-a593-3a1fc3668660,117,execution_dead_rolled_back,implement,8cc1dc23-1659-4de1-9fa3-4682cdcdc998,2026-09-10 01:57:33
05f4aa96-4b2d-43cf-a593-3a1fc3668660,118,repeated_dead_execution_pattern,implement,8cc1dc23-1659-4de1-9fa3-4682cdcdc998,2026-09-10 01:57:33
05f4aa96-4b2d-43cf-a593-3a1fc3668660,120,execution_admitted,implement,0ccf6741-2f46-4c23-a104-1eff2933db86,2026-09-10 01:57:33
05f4aa96-4b2d-43cf-a593-3a1fc3668660,135,node_completed,implement,0ccf6741-2f46-4c23-a104-1eff2933db86,2026-09-10 02:02:01
05f4aa96-4b2d-43cf-a593-3a1fc3668660,143,execution_admitted,qa,88405c72-5840-4b34-b2d9-fd6c0cd4c1c3,2026-09-10 02:02:02
0046d93b-146c-4b78-8b3a-f9ed9eaaa205,143,execution_dead_rolled_back,implement,cbcce2ec-6e82-473a-833f-399511e54264,2026-09-10 02:09:21
0046d93b-146c-4b78-8b3a-f9ed9eaaa205,147,execution_admitted,implement,fbd58510-73b2-414a-b786-5f03411a41ab,2026-09-10 02:09:21
0046d93b-146c-4b78-8b3a-f9ed9eaaa205,152,rework_replacement_launched,implement,fbd58510-73b2-414a-b786-5f03411a41ab,2026-09-10 02:09:25
05f4aa96-4b2d-43cf-a593-3a1fc3668660,158,node_completed,qa,88405c72-5840-4b34-b2d9-fd6c0cd4c1c3,2026-09-10 02:18:13
05f4aa96-4b2d-43cf-a593-3a1fc3668660,160,gate_opened,founder_gate,,2026-09-10 02:18:13
da756bf5-7f5e-43d8-a215-a323d172548d,382,node_completed,implement,781c7085-b649-4622-8d9b-0535269432be,2026-09-10 02:51:55
da756bf5-7f5e-43d8-a215-a323d172548d,389,execution_admitted,qa,c989695e-0293-425a-90a4-b3dd38a6e8ba,2026-09-10 02:51:56
da756bf5-7f5e-43d8-a215-a323d172548d,431,node_completed,qa,c989695e-0293-425a-90a4-b3dd38a6e8ba,2026-09-10 03:06:50
da756bf5-7f5e-43d8-a215-a323d172548d,433,gate_opened,founder_gate,,2026-09-10 03:06:50
0046d93b-146c-4b78-8b3a-f9ed9eaaa205,179,writer_replacement,implement,2b32e223-75df-4fe5-8da4-b00f7564465f,2026-09-10 03:12:34
0046d93b-146c-4b78-8b3a-f9ed9eaaa205,180,resume_target_unrecoverable,implement,,2026-09-10 03:12:34
0046d93b-146c-4b78-8b3a-f9ed9eaaa205,181,execution_dead_rolled_back,implement,fbd58510-73b2-414a-b786-5f03411a41ab,2026-09-10 03:12:34
0046d93b-146c-4b78-8b3a-f9ed9eaaa205,182,repeated_dead_execution_pattern,implement,fbd58510-73b2-414a-b786-5f03411a41ab,2026-09-10 03:12:34
16f6e49e-527c-47f6-9f1d-1465b14660bb,26,writer_replacement,implement,804c18be-edfb-4d7b-b245-9ea40718e861,2026-09-10 03:12:34
16f6e49e-527c-47f6-9f1d-1465b14660bb,27,resume_target_unrecoverable,implement,,2026-09-10 03:12:34
16f6e49e-527c-47f6-9f1d-1465b14660bb,28,execution_dead_rolled_back,implement,085882bc-a8b2-4c6e-b06d-ee2986f51613,2026-09-10 03:12:34
16f6e49e-527c-47f6-9f1d-1465b14660bb,29,repeated_dead_execution_pattern,implement,085882bc-a8b2-4c6e-b06d-ee2986f51613,2026-09-10 03:12:34
0046d93b-146c-4b78-8b3a-f9ed9eaaa205,184,execution_admitted,implement,2b32e223-75df-4fe5-8da4-b00f7564465f,2026-09-10 03:12:34
16f6e49e-527c-47f6-9f1d-1465b14660bb,31,execution_admitted,implement,804c18be-edfb-4d7b-b245-9ea40718e861,2026-09-10 03:12:38
0046d93b-146c-4b78-8b3a-f9ed9eaaa205,222,writer_replacement,implement,a4287f48-f1a7-4645-ae5d-02869a7522bd,2026-09-10 03:27:34
0046d93b-146c-4b78-8b3a-f9ed9eaaa205,223,resume_target_unrecoverable,implement,,2026-09-10 03:27:34
0046d93b-146c-4b78-8b3a-f9ed9eaaa205,224,execution_dead_rolled_back,implement,2b32e223-75df-4fe5-8da4-b00f7564465f,2026-09-10 03:27:34
0046d93b-146c-4b78-8b3a-f9ed9eaaa205,225,repeated_dead_execution_pattern,implement,2b32e223-75df-4fe5-8da4-b00f7564465f,2026-09-10 03:27:34
0046d93b-146c-4b78-8b3a-f9ed9eaaa205,227,execution_admitted,implement,a4287f48-f1a7-4645-ae5d-02869a7522bd,2026-09-10 03:27:34
16f6e49e-527c-47f6-9f1d-1465b14660bb,37,writer_replacement,implement,886b61d1-4228-4644-a9d2-1cfbead6b621,2026-09-10 03:27:38
16f6e49e-527c-47f6-9f1d-1465b14660bb,38,resume_target_unrecoverable,implement,,2026-09-10 03:27:38
16f6e49e-527c-47f6-9f1d-1465b14660bb,39,execution_dead_rolled_back,implement,804c18be-edfb-4d7b-b245-9ea40718e861,2026-09-10 03:27:38
16f6e49e-527c-47f6-9f1d-1465b14660bb,40,repeated_dead_execution_pattern,implement,804c18be-edfb-4d7b-b245-9ea40718e861,2026-09-10 03:27:38
16f6e49e-527c-47f6-9f1d-1465b14660bb,42,execution_admitted,implement,886b61d1-4228-4644-a9d2-1cfbead6b621,2026-09-10 03:27:38
0046d93b-146c-4b78-8b3a-f9ed9eaaa205,265,writer_replacement,implement,cea03559-25f6-469d-8aa3-f579bbe30429,2026-09-10 03:42:37
0046d93b-146c-4b78-8b3a-f9ed9eaaa205,266,resume_target_unrecoverable,implement,,2026-09-10 03:42:37
0046d93b-146c-4b78-8b3a-f9ed9eaaa205,267,execution_dead_rolled_back,implement,a4287f48-f1a7-4645-ae5d-02869a7522bd,2026-09-10 03:42:37
0046d93b-146c-4b78-8b3a-f9ed9eaaa205,268,repeated_dead_execution_pattern,implement,a4287f48-f1a7-4645-ae5d-02869a7522bd,2026-09-10 03:42:37
0046d93b-146c-4b78-8b3a-f9ed9eaaa205,270,execution_admitted,implement,cea03559-25f6-469d-8aa3-f579bbe30429,2026-09-10 03:42:37
16f6e49e-527c-47f6-9f1d-1465b14660bb,55,run_terminated_by_operator,,,2026-09-10 04:00:52
b36fc025-ce12-42d5-a2b6-64e782cd379a,3,execution_admitted,implement,ffa85f31-5c21-4b24-a364-ae40542ee09b,2026-09-10 04:01:01
da756bf5-7f5e-43d8-a215-a323d172548d,573,node_completed,founder_gate,c989695e-0293-425a-90a4-b3dd38a6e8ba,2026-09-10 04:15:31
ffa8c441-b308-4043-bf4a-c27c6e6e5e0d,42,execution_dead_rolled_back,implement,adccbe9c-1f0e-492d-80d1-3a51dccbf1f6,2026-09-10 04:23:11
ffa8c441-b308-4043-bf4a-c27c6e6e5e0d,46,execution_admitted,implement,f592a513-c2a9-4e8c-858b-ce236a93958e,2026-09-10 04:23:11
ffa8c441-b308-4043-bf4a-c27c6e6e5e0d,50,rework_replacement_launched,implement,f592a513-c2a9-4e8c-858b-ce236a93958e,2026-09-10 04:23:15
b3353227-9670-4322-9ac1-182de1562dec,4,execution_admitted,eng_design,dff642b2-b4b5-49b4-8ae6-f48756230c3d,2026-09-10 04:38:51
b36fc025-ce12-42d5-a2b6-64e782cd379a,9,node_completed,implement,ffa85f31-5c21-4b24-a364-ae40542ee09b,2026-09-10 04:39:56
b36fc025-ce12-42d5-a2b6-64e782cd379a,14,execution_admitted,qa,39b266e8-0e7a-439f-a575-84f126415d6d,2026-09-10 04:39:56
05f4aa96-4b2d-43cf-a593-3a1fc3668660,180,execution_dead_rolled_back,implement,0ccf6741-2f46-4c23-a104-1eff2933db86,2026-09-10 04:43:00
05f4aa96-4b2d-43cf-a593-3a1fc3668660,184,execution_admitted,implement,66d71839-e774-411a-896e-1e68b493e42e,2026-09-10 04:43:00
05f4aa96-4b2d-43cf-a593-3a1fc3668660,190,rework_replacement_launched,implement,66d71839-e774-411a-896e-1e68b493e42e,2026-09-10 04:43:04
b6c1c16d-01b5-4313-a590-6954c4ece01f,4,execution_admitted,eng_design,51de46f6-5422-47ed-afeb-b0cb3a1e31f2,2026-09-10 04:48:18
82ffb3b0-23f6-40c4-be88-2c8848d06700,4,execution_admitted,eng_design,9e620c82-0507-4953-a434-476a4d978f78,2026-09-10 04:48:50
2aba1758-2a15-4adb-97cd-c8e5088b5f80,4,execution_admitted,eng_design,8cade830-9c1b-418e-8556-4a900d31514c,2026-09-10 04:49:00
ffa8c441-b308-4043-bf4a-c27c6e6e5e0d,72,node_completed,implement,f592a513-c2a9-4e8c-858b-ce236a93958e,2026-09-10 05:20:03
ffa8c441-b308-4043-bf4a-c27c6e6e5e0d,80,execution_admitted,qa,17f9cb7d-8926-4ede-b00d-d71b51d3111b,2026-09-10 05:20:03
477925df-2e6e-427c-b3eb-794f686302cc,4,execution_admitted,eng_design,7d9c1ac5-36cc-46aa-9e72-50c3c6156260,2026-09-10 05:25:17
2aba1758-2a15-4adb-97cd-c8e5088b5f80,11,node_completed,eng_design,8cade830-9c1b-418e-8556-4a900d31514c,2026-09-10 05:32:55
2aba1758-2a15-4adb-97cd-c8e5088b5f80,16,execution_admitted,implement,51bee062-8288-40fb-ba56-1ebe6bd1382f,2026-09-10 05:32:57
ffa8c441-b308-4043-bf4a-c27c6e6e5e0d,93,node_completed,qa,17f9cb7d-8926-4ede-b00d-d71b51d3111b,2026-09-10 05:35:55
ffa8c441-b308-4043-bf4a-c27c6e6e5e0d,95,gate_opened,founder_gate,,2026-09-10 05:35:55
82ffb3b0-23f6-40c4-be88-2c8848d06700,11,node_completed,eng_design,9e620c82-0507-4953-a434-476a4d978f78,2026-09-10 05:36:27
82ffb3b0-23f6-40c4-be88-2c8848d06700,16,execution_admitted,implement,d96e61ab-9a15-47ad-8b8c-106a76f9a6c6,2026-09-10 05:36:28
b36fc025-ce12-42d5-a2b6-64e782cd379a,23,node_completed,qa,39b266e8-0e7a-439f-a575-84f126415d6d,2026-09-10 05:40:22
b36fc025-ce12-42d5-a2b6-64e782cd379a,25,gate_opened,founder_gate,,2026-09-10 05:40:22
b6c1c16d-01b5-4313-a590-6954c4ece01f,10,node_completed,eng_design,51de46f6-5422-47ed-afeb-b0cb3a1e31f2,2026-09-10 05:48:03
b6c1c16d-01b5-4313-a590-6954c4ece01f,15,execution_admitted,implement,c3d33b57-4106-4824-ac6e-5c140dfa4885,2026-09-10 05:48:04
05f4aa96-4b2d-43cf-a593-3a1fc3668660,215,node_completed,implement,66d71839-e774-411a-896e-1e68b493e42e,2026-09-10 05:56:17
05f4aa96-4b2d-43cf-a593-3a1fc3668660,223,execution_admitted,qa,88405c72-5840-4b34-b2d9-fd6c0cd4c1c3,2026-09-10 05:56:19
477925df-2e6e-427c-b3eb-794f686302cc,11,node_completed,eng_design,7d9c1ac5-36cc-46aa-9e72-50c3c6156260,2026-09-10 05:59:52
477925df-2e6e-427c-b3eb-794f686302cc,16,execution_admitted,implement,76269505-fcf6-444e-84b5-6cdf076252cb,2026-09-10 05:59:52
da756bf5-7f5e-43d8-a215-a323d172548d,849,run_completed,land,9d35c47e-9ae0-4ebf-a386-1dea7c05c8bb,2026-09-10 06:16:39
b3353227-9670-4322-9ac1-182de1562dec,10,node_completed,eng_design,dff642b2-b4b5-49b4-8ae6-f48756230c3d,2026-09-10 06:23:05
b3353227-9670-4322-9ac1-182de1562dec,15,execution_admitted,implement,054db913-0874-4f0f-9539-40c933e162b6,2026-09-10 06:23:06
05f4aa96-4b2d-43cf-a593-3a1fc3668660,240,node_completed,qa,88405c72-5840-4b34-b2d9-fd6c0cd4c1c3,2026-09-10 06:25:54
05f4aa96-4b2d-43cf-a593-3a1fc3668660,242,gate_opened,founder_gate,,2026-09-10 06:25:54
b6c1c16d-01b5-4313-a590-6954c4ece01f,20,node_completed,implement,c3d33b57-4106-4824-ac6e-5c140dfa4885,2026-09-10 06:37:15
b6c1c16d-01b5-4313-a590-6954c4ece01f,25,execution_admitted,qa,291ac466-03c4-4209-9e62-7f6891431127,2026-09-10 06:37:16
0046d93b-146c-4b78-8b3a-f9ed9eaaa205,652,node_completed,implement,cea03559-25f6-469d-8aa3-f579bbe30429,2026-09-10 06:52:31
0046d93b-146c-4b78-8b3a-f9ed9eaaa205,660,execution_admitted,qa,703a3dc0-156d-4e32-a1e0-8eea84916a14,2026-09-10 06:52:32
2aba1758-2a15-4adb-97cd-c8e5088b5f80,23,node_completed,implement,51bee062-8288-40fb-ba56-1ebe6bd1382f,2026-09-10 06:58:03
2aba1758-2a15-4adb-97cd-c8e5088b5f80,28,execution_admitted,qa,db117c7e-599b-4ab3-9f9e-e2b4a94922c5,2026-09-10 06:58:04
b6c1c16d-01b5-4313-a590-6954c4ece01f,33,node_completed,qa,291ac466-03c4-4209-9e62-7f6891431127,2026-09-10 06:58:42
b6c1c16d-01b5-4313-a590-6954c4ece01f,35,gate_opened,founder_gate,,2026-09-10 06:58:42
82ffb3b0-23f6-40c4-be88-2c8848d06700,23,node_completed,implement,d96e61ab-9a15-47ad-8b8c-106a76f9a6c6,2026-09-10 07:07:36
0046d93b-146c-4b78-8b3a-f9ed9eaaa205,674,node_completed,qa,703a3dc0-156d-4e32-a1e0-8eea84916a14,2026-09-10 07:11:36
0046d93b-146c-4b78-8b3a-f9ed9eaaa205,676,gate_opened,founder_gate,,2026-09-10 07:11:36
82ffb3b0-23f6-40c4-be88-2c8848d06700,30,execution_admitted,qa,537bdf0d-519c-4ec9-915b-5dbd24689cf0,2026-09-10 07:20:23
2aba1758-2a15-4adb-97cd-c8e5088b5f80,36,node_completed,qa,db117c7e-599b-4ab3-9f9e-e2b4a94922c5,2026-09-10 07:33:18
2aba1758-2a15-4adb-97cd-c8e5088b5f80,38,gate_opened,founder_gate,,2026-09-10 07:33:18
477925df-2e6e-427c-b3eb-794f686302cc,27,node_completed,implement,76269505-fcf6-444e-84b5-6cdf076252cb,2026-09-10 07:33:47
477925df-2e6e-427c-b3eb-794f686302cc,32,execution_admitted,qa,11abf2ab-43e3-4e19-935f-df964ae08a98,2026-09-10 07:33:48
82ffb3b0-23f6-40c4-be88-2c8848d06700,40,node_completed,qa,537bdf0d-519c-4ec9-915b-5dbd24689cf0,2026-09-10 07:51:59
82ffb3b0-23f6-40c4-be88-2c8848d06700,42,gate_opened,founder_gate,,2026-09-10 07:51:59
477925df-2e6e-427c-b3eb-794f686302cc,42,node_completed,qa,11abf2ab-43e3-4e19-935f-df964ae08a98,2026-09-10 07:53:37
477925df-2e6e-427c-b3eb-794f686302cc,44,gate_opened,founder_gate,,2026-09-10 07:53:37
b6c1c16d-01b5-4313-a590-6954c4ece01f,40,node_completed,founder_gate,291ac466-03c4-4209-9e62-7f6891431127,2026-09-10 08:02:48
b6c1c16d-01b5-4313-a590-6954c4ece01f,47,run_completed,land,b5cae19e-189a-4f72-8548-604cdad2e0b7,2026-09-10 08:04:07
b36fc025-ce12-42d5-a2b6-64e782cd379a,28,node_completed,founder_gate,39b266e8-0e7a-439f-a575-84f126415d6d,2026-09-10 08:05:18
05f4aa96-4b2d-43cf-a593-3a1fc3668660,248,node_completed,founder_gate,88405c72-5840-4b34-b2d9-fd6c0cd4c1c3,2026-09-10 08:05:18
b36fc025-ce12-42d5-a2b6-64e782cd379a,35,run_completed,land,0075415d-afc8-431b-ae19-29034c370698,2026-09-10 08:06:38
d6db3bfe-d10e-4d2e-8cd1-ffdd2dd018ef,4,execution_admitted,eng_design,7805a170-3fbf-4316-b06f-907af984ab77,2026-09-10 08:07:27
ffa8c441-b308-4043-bf4a-c27c6e6e5e0d,101,node_completed,founder_gate,17f9cb7d-8926-4ede-b00d-d71b51d3111b,2026-09-10 08:07:43
05f4aa96-4b2d-43cf-a593-3a1fc3668660,258,run_completed,land,b7bea3df-9bc9-4346-952b-01b731ea69a1,2026-09-10 08:07:50
ffa8c441-b308-4043-bf4a-c27c6e6e5e0d,111,run_completed,land,9b864b81-050e-4c25-9b7f-e66aa8f5bcbf,2026-09-10 08:09:09
2aba1758-2a15-4adb-97cd-c8e5088b5f80,54,execution_dead_rolled_back,implement,51bee062-8288-40fb-ba56-1ebe6bd1382f,2026-09-10 08:11:09
2aba1758-2a15-4adb-97cd-c8e5088b5f80,58,execution_admitted,implement,c0694503-1f85-425c-83ae-d37d3552c806,2026-09-10 08:11:09
2aba1758-2a15-4adb-97cd-c8e5088b5f80,64,rework_replacement_launched,implement,c0694503-1f85-425c-83ae-d37d3552c806,2026-09-10 08:16:02
2aba1758-2a15-4adb-97cd-c8e5088b5f80,71,node_completed,implement,c0694503-1f85-425c-83ae-d37d3552c806,2026-09-10 08:36:02
2aba1758-2a15-4adb-97cd-c8e5088b5f80,79,execution_admitted,qa,db117c7e-599b-4ab3-9f9e-e2b4a94922c5,2026-09-10 08:36:02
2aba1758-2a15-4adb-97cd-c8e5088b5f80,89,node_completed,qa,db117c7e-599b-4ab3-9f9e-e2b4a94922c5,2026-09-10 08:44:32
2aba1758-2a15-4adb-97cd-c8e5088b5f80,91,gate_opened,founder_gate,,2026-09-10 08:44:32
b3353227-9670-4322-9ac1-182de1562dec,24,writer_replacement,implement,62fd4a33-b152-4852-be4f-aa9ba03088b9,2026-09-10 09:16:31
b3353227-9670-4322-9ac1-182de1562dec,25,resume_target_unrecoverable,implement,,2026-09-10 09:16:31
b3353227-9670-4322-9ac1-182de1562dec,26,execution_dead_rolled_back,implement,054db913-0874-4f0f-9539-40c933e162b6,2026-09-10 09:16:31
b3353227-9670-4322-9ac1-182de1562dec,28,execution_admitted,implement,62fd4a33-b152-4852-be4f-aa9ba03088b9,2026-09-10 09:16:31
d6db3bfe-d10e-4d2e-8cd1-ffdd2dd018ef,10,node_completed,eng_design,7805a170-3fbf-4316-b06f-907af984ab77,2026-09-10 09:33:55
d6db3bfe-d10e-4d2e-8cd1-ffdd2dd018ef,15,execution_admitted,implement,0e19dbd5-cf3d-48d7-94a8-0c71d7cfb254,2026-09-10 09:33:55
b3353227-9670-4322-9ac1-182de1562dec,34,node_completed,implement,62fd4a33-b152-4852-be4f-aa9ba03088b9,2026-09-10 10:27:26
b3353227-9670-4322-9ac1-182de1562dec,39,execution_admitted,qa,8ce5cf95-78e5-470e-a143-76a48f4e78de,2026-09-10 10:27:27
b3353227-9670-4322-9ac1-182de1562dec,46,node_completed,qa,8ce5cf95-78e5-470e-a143-76a48f4e78de,2026-09-10 10:43:08
b3353227-9670-4322-9ac1-182de1562dec,53,execution_admitted,implement,62fd4a33-b152-4852-be4f-aa9ba03088b9,2026-09-10 10:43:09
d6db3bfe-d10e-4d2e-8cd1-ffdd2dd018ef,21,node_completed,implement,0e19dbd5-cf3d-48d7-94a8-0c71d7cfb254,2026-09-10 11:19:11
d6db3bfe-d10e-4d2e-8cd1-ffdd2dd018ef,26,execution_admitted,qa,ef4ee5d2-4134-46e2-8002-e8a382967de7,2026-09-10 11:19:12
b3353227-9670-4322-9ac1-182de1562dec,82,execution_dead_rolled_back,implement,62fd4a33-b152-4852-be4f-aa9ba03088b9,2026-09-10 11:31:48
b3353227-9670-4322-9ac1-182de1562dec,86,execution_admitted,implement,18f486ce-206e-4737-b849-194ed43d441f,2026-09-10 11:31:48
b3353227-9670-4322-9ac1-182de1562dec,92,rework_replacement_launched,implement,18f486ce-206e-4737-b849-194ed43d441f,2026-09-10 11:33:08
b3353227-9670-4322-9ac1-182de1562dec,93,node_completed,implement,18f486ce-206e-4737-b849-194ed43d441f,2026-09-10 11:33:30
b3353227-9670-4322-9ac1-182de1562dec,101,execution_admitted,qa,8ce5cf95-78e5-470e-a143-76a48f4e78de,2026-09-10 11:33:31
d6db3bfe-d10e-4d2e-8cd1-ffdd2dd018ef,33,node_completed,qa,ef4ee5d2-4134-46e2-8002-e8a382967de7,2026-09-10 11:41:53
d6db3bfe-d10e-4d2e-8cd1-ffdd2dd018ef,40,execution_admitted,implement,0e19dbd5-cf3d-48d7-94a8-0c71d7cfb254,2026-09-10 11:41:54
b3353227-9670-4322-9ac1-182de1562dec,113,node_completed,qa,8ce5cf95-78e5-470e-a143-76a48f4e78de,2026-09-10 11:48:23
b3353227-9670-4322-9ac1-182de1562dec,115,gate_opened,founder_gate,,2026-09-10 11:48:23
d6db3bfe-d10e-4d2e-8cd1-ffdd2dd018ef,53,execution_dead_rolled_back,implement,0e19dbd5-cf3d-48d7-94a8-0c71d7cfb254,2026-09-10 11:58:14
d6db3bfe-d10e-4d2e-8cd1-ffdd2dd018ef,57,execution_admitted,implement,b0ea3638-10de-4f80-9e93-b27e0befb81c,2026-09-10 11:58:14
d6db3bfe-d10e-4d2e-8cd1-ffdd2dd018ef,63,rework_replacement_launched,implement,b0ea3638-10de-4f80-9e93-b27e0befb81c,2026-09-10 11:59:23
b3353227-9670-4322-9ac1-182de1562dec,125,execution_admitted,implement,18f486ce-206e-4737-b849-194ed43d441f,2026-09-10 12:02:00
d6db3bfe-d10e-4d2e-8cd1-ffdd2dd018ef,67,writer_replacement,implement,914a44d6-6b29-4384-bcc4-5bb371bef23d,2026-09-10 12:07:39
d6db3bfe-d10e-4d2e-8cd1-ffdd2dd018ef,68,resume_target_unrecoverable,implement,,2026-09-10 12:07:39
d6db3bfe-d10e-4d2e-8cd1-ffdd2dd018ef,69,execution_dead_rolled_back,implement,b0ea3638-10de-4f80-9e93-b27e0befb81c,2026-09-10 12:07:39
d6db3bfe-d10e-4d2e-8cd1-ffdd2dd018ef,70,repeated_dead_execution_pattern,implement,b0ea3638-10de-4f80-9e93-b27e0befb81c,2026-09-10 12:07:39
d6db3bfe-d10e-4d2e-8cd1-ffdd2dd018ef,72,execution_admitted,implement,914a44d6-6b29-4384-bcc4-5bb371bef23d,2026-09-10 12:07:39
d6db3bfe-d10e-4d2e-8cd1-ffdd2dd018ef,119,node_completed,implement,914a44d6-6b29-4384-bcc4-5bb371bef23d,2026-09-10 12:28:42
d6db3bfe-d10e-4d2e-8cd1-ffdd2dd018ef,127,execution_admitted,qa,ef4ee5d2-4134-46e2-8002-e8a382967de7,2026-09-10 12:28:43
d6db3bfe-d10e-4d2e-8cd1-ffdd2dd018ef,141,node_completed,qa,ef4ee5d2-4134-46e2-8002-e8a382967de7,2026-09-10 12:41:15
d6db3bfe-d10e-4d2e-8cd1-ffdd2dd018ef,143,gate_opened,founder_gate,,2026-09-10 12:41:15
b3353227-9670-4322-9ac1-182de1562dec,149,execution_dead_rolled_back,implement,18f486ce-206e-4737-b849-194ed43d441f,2026-09-10 12:45:21
b3353227-9670-4322-9ac1-182de1562dec,153,execution_admitted,implement,fee1e17d-bf71-4b46-aba4-1491610adb76,2026-09-10 12:45:21
b3353227-9670-4322-9ac1-182de1562dec,159,rework_replacement_launched,implement,fee1e17d-bf71-4b46-aba4-1491610adb76,2026-09-10 12:46:21
b3353227-9670-4322-9ac1-182de1562dec,160,node_completed,implement,fee1e17d-bf71-4b46-aba4-1491610adb76,2026-09-10 12:46:48
b3353227-9670-4322-9ac1-182de1562dec,168,execution_admitted,qa,8ce5cf95-78e5-470e-a143-76a48f4e78de,2026-09-10 12:46:48
b3353227-9670-4322-9ac1-182de1562dec,179,node_completed,qa,8ce5cf95-78e5-470e-a143-76a48f4e78de,2026-09-10 12:57:55
b3353227-9670-4322-9ac1-182de1562dec,181,gate_opened,founder_gate,,2026-09-10 12:57:55
b3353227-9670-4322-9ac1-182de1562dec,190,execution_admitted,implement,fee1e17d-bf71-4b46-aba4-1491610adb76,2026-09-10 12:58:09
b3353227-9670-4322-9ac1-182de1562dec,226,execution_dead_rolled_back,implement,fee1e17d-bf71-4b46-aba4-1491610adb76,2026-09-10 14:17:24
b3353227-9670-4322-9ac1-182de1562dec,230,execution_admitted,implement,370c90bf-25ed-413f-9543-6886f10c25bd,2026-09-10 14:17:24
b3353227-9670-4322-9ac1-182de1562dec,236,rework_replacement_launched,implement,370c90bf-25ed-413f-9543-6886f10c25bd,2026-09-10 14:22:29
b3353227-9670-4322-9ac1-182de1562dec,237,node_completed,implement,370c90bf-25ed-413f-9543-6886f10c25bd,2026-09-10 14:22:51
b3353227-9670-4322-9ac1-182de1562dec,245,execution_admitted,qa,8ce5cf95-78e5-470e-a143-76a48f4e78de,2026-09-10 14:22:52
b3353227-9670-4322-9ac1-182de1562dec,256,node_completed,qa,8ce5cf95-78e5-470e-a143-76a48f4e78de,2026-09-10 14:35:00
b3353227-9670-4322-9ac1-182de1562dec,258,gate_opened,founder_gate,,2026-09-10 14:35:00
b3353227-9670-4322-9ac1-182de1562dec,270,execution_dead_rolled_back,implement,370c90bf-25ed-413f-9543-6886f10c25bd,2026-09-10 18:01:50
b3353227-9670-4322-9ac1-182de1562dec,274,execution_admitted,implement,4b976344-2061-475f-a970-e18e9c3bbf7e,2026-09-10 18:01:51
b3353227-9670-4322-9ac1-182de1562dec,280,rework_replacement_launched,implement,4b976344-2061-475f-a970-e18e9c3bbf7e,2026-09-10 18:03:10
b3353227-9670-4322-9ac1-182de1562dec,303,writer_replacement,implement,31f0b13d-0020-4702-9601-55a9e55b140c,2026-09-10 18:58:17
b3353227-9670-4322-9ac1-182de1562dec,304,resume_target_unrecoverable,implement,,2026-09-10 18:58:17
b3353227-9670-4322-9ac1-182de1562dec,305,execution_dead_rolled_back,implement,4b976344-2061-475f-a970-e18e9c3bbf7e,2026-09-10 18:58:17
b3353227-9670-4322-9ac1-182de1562dec,306,repeated_dead_execution_pattern,implement,4b976344-2061-475f-a970-e18e9c3bbf7e,2026-09-10 18:58:17
b3353227-9670-4322-9ac1-182de1562dec,308,execution_admitted,implement,31f0b13d-0020-4702-9601-55a9e55b140c,2026-09-10 18:58:17
b3353227-9670-4322-9ac1-182de1562dec,315,node_completed,implement,31f0b13d-0020-4702-9601-55a9e55b140c,2026-09-10 19:00:51
b3353227-9670-4322-9ac1-182de1562dec,323,execution_admitted,qa,8ce5cf95-78e5-470e-a143-76a48f4e78de,2026-09-10 19:01:50
b3353227-9670-4322-9ac1-182de1562dec,335,node_completed,qa,8ce5cf95-78e5-470e-a143-76a48f4e78de,2026-09-10 19:11:53
b3353227-9670-4322-9ac1-182de1562dec,343,execution_admitted,implement,31f0b13d-0020-4702-9601-55a9e55b140c,2026-09-10 19:11:53
b3353227-9670-4322-9ac1-182de1562dec,357,execution_dead_rolled_back,implement,31f0b13d-0020-4702-9601-55a9e55b140c,2026-09-10 19:26:56
b3353227-9670-4322-9ac1-182de1562dec,361,execution_admitted,implement,32e42494-3606-4ab5-98cf-15e91b5b7fe2,2026-09-10 19:26:56
b3353227-9670-4322-9ac1-182de1562dec,367,rework_replacement_launched,implement,32e42494-3606-4ab5-98cf-15e91b5b7fe2,2026-09-10 19:28:01
b3353227-9670-4322-9ac1-182de1562dec,368,node_completed,implement,32e42494-3606-4ab5-98cf-15e91b5b7fe2,2026-09-10 19:29:17
b3353227-9670-4322-9ac1-182de1562dec,376,execution_admitted,qa,8ce5cf95-78e5-470e-a143-76a48f4e78de,2026-09-10 19:29:18
b3353227-9670-4322-9ac1-182de1562dec,386,node_completed,qa,8ce5cf95-78e5-470e-a143-76a48f4e78de,2026-09-10 19:31:57
b3353227-9670-4322-9ac1-182de1562dec,394,execution_admitted,implement,32e42494-3606-4ab5-98cf-15e91b5b7fe2,2026-09-10 19:31:59
b3353227-9670-4322-9ac1-182de1562dec,414,node_completed,implement,32e42494-3606-4ab5-98cf-15e91b5b7fe2,2026-09-10 20:06:00
b3353227-9670-4322-9ac1-182de1562dec,422,execution_admitted,qa,8ce5cf95-78e5-470e-a143-76a48f4e78de,2026-09-10 20:06:01
b3353227-9670-4322-9ac1-182de1562dec,432,node_completed,qa,8ce5cf95-78e5-470e-a143-76a48f4e78de,2026-09-10 20:12:39
b3353227-9670-4322-9ac1-182de1562dec,434,gate_opened,founder_gate,,2026-09-10 20:12:39
d6db3bfe-d10e-4d2e-8cd1-ffdd2dd018ef,148,node_completed,founder_gate,ef4ee5d2-4134-46e2-8002-e8a382967de7,2026-09-10 21:27:04
d6db3bfe-d10e-4d2e-8cd1-ffdd2dd018ef,155,run_completed,land,c596fa45-568b-4e55-b37e-2cabad0c627a,2026-09-10 21:28:11
2aba1758-2a15-4adb-97cd-c8e5088b5f80,97,node_completed,founder_gate,db117c7e-599b-4ab3-9f9e-e2b4a94922c5,2026-09-10 21:58:01
82ffb3b0-23f6-40c4-be88-2c8848d06700,47,node_completed,founder_gate,537bdf0d-519c-4ec9-915b-5dbd24689cf0,2026-09-10 22:01:41
b3353227-9670-4322-9ac1-182de1562dec,438,node_completed,founder_gate,8ce5cf95-78e5-470e-a143-76a48f4e78de,2026-09-10 22:04:07
b3353227-9670-4322-9ac1-182de1562dec,445,run_completed,land,53028547-7b0d-44c5-bcd7-290aefa53935,2026-09-10 22:05:20
0046d93b-146c-4b78-8b3a-f9ed9eaaa205,682,run_terminated_by_operator,,,2026-09-10 22:08:53
2aba1758-2a15-4adb-97cd-c8e5088b5f80,123,execution_dead_rolled_back,implement,c0694503-1f85-425c-83ae-d37d3552c806,2026-09-10 22:13:20
2aba1758-2a15-4adb-97cd-c8e5088b5f80,127,execution_admitted,implement,353a4e26-d1a5-4014-a45e-e86af1b71833,2026-09-10 22:13:20
2aba1758-2a15-4adb-97cd-c8e5088b5f80,133,rework_replacement_launched,implement,353a4e26-d1a5-4014-a45e-e86af1b71833,2026-09-10 22:17:42
82ffb3b0-23f6-40c4-be88-2c8848d06700,72,execution_dead_rolled_back,implement,d96e61ab-9a15-47ad-8b8c-106a76f9a6c6,2026-09-10 22:17:47
82ffb3b0-23f6-40c4-be88-2c8848d06700,76,execution_admitted,implement,63b9ede3-70a8-44c4-9f36-68a5a1a31caf,2026-09-10 22:17:47
82ffb3b0-23f6-40c4-be88-2c8848d06700,82,rework_replacement_launched,implement,63b9ede3-70a8-44c4-9f36-68a5a1a31caf,2026-09-10 22:18:44
82ffb3b0-23f6-40c4-be88-2c8848d06700,91,node_completed,implement,63b9ede3-70a8-44c4-9f36-68a5a1a31caf,2026-09-10 22:43:08
82ffb3b0-23f6-40c4-be88-2c8848d06700,99,execution_admitted,qa,537bdf0d-519c-4ec9-915b-5dbd24689cf0,2026-09-10 22:43:09
2aba1758-2a15-4adb-97cd-c8e5088b5f80,143,node_completed,implement,353a4e26-d1a5-4014-a45e-e86af1b71833,2026-09-10 22:44:23
2aba1758-2a15-4adb-97cd-c8e5088b5f80,151,execution_admitted,qa,db117c7e-599b-4ab3-9f9e-e2b4a94922c5,2026-09-10 22:44:24
2aba1758-2a15-4adb-97cd-c8e5088b5f80,163,node_completed,qa,db117c7e-599b-4ab3-9f9e-e2b4a94922c5,2026-09-10 22:58:00
2aba1758-2a15-4adb-97cd-c8e5088b5f80,165,gate_opened,founder_gate,,2026-09-10 22:58:00
82ffb3b0-23f6-40c4-be88-2c8848d06700,111,node_completed,qa,537bdf0d-519c-4ec9-915b-5dbd24689cf0,2026-09-10 22:58:06
82ffb3b0-23f6-40c4-be88-2c8848d06700,113,gate_opened,founder_gate,,2026-09-10 22:58:06
477925df-2e6e-427c-b3eb-794f686302cc,49,node_completed,founder_gate,11abf2ab-43e3-4e19-935f-df964ae08a98,2026-09-10 23:28:14
2aba1758-2a15-4adb-97cd-c8e5088b5f80,170,node_completed,founder_gate,db117c7e-599b-4ab3-9f9e-e2b4a94922c5,2026-09-10 23:28:19
82ffb3b0-23f6-40c4-be88-2c8848d06700,118,node_completed,founder_gate,537bdf0d-519c-4ec9-915b-5dbd24689cf0,2026-09-10 23:28:19
477925df-2e6e-427c-b3eb-794f686302cc,56,run_completed,land,b1c5745a-df39-4eba-bf59-6b2307185908,2026-09-10 23:29:26
2aba1758-2a15-4adb-97cd-c8e5088b5f80,184,run_completed,land,ea9da23b-3c0b-4e8f-9ed9-1d991219fec8,2026-09-10 23:30:36
a8b54a51-cb16-424e-95f8-3e44223acc15,44,node_completed,founder_gate,e29c4e33-6e98-4483-9d02-c496a444fa57,2026-09-10 23:33:00
a8b54a51-cb16-424e-95f8-3e44223acc15,51,run_completed,land,502a91bd-b644-4b4c-b9d5-774dbfceb833,2026-09-10 23:34:08
82ffb3b0-23f6-40c4-be88-2c8848d06700,142,execution_dead_rolled_back,implement,63b9ede3-70a8-44c4-9f36-68a5a1a31caf,2026-09-10 23:34:08
82ffb3b0-23f6-40c4-be88-2c8848d06700,146,execution_admitted,implement,958bf78b-6e94-43a4-8626-1f74a6b03f91,2026-09-10 23:34:08
82ffb3b0-23f6-40c4-be88-2c8848d06700,152,rework_replacement_launched,implement,958bf78b-6e94-43a4-8626-1f74a6b03f91,2026-09-10 23:35:00
efec07b6-0037-4693-bd98-a22d3f979b37,4,execution_admitted,eng_design,57b4aeec-e46c-4090-86b7-74f6e4176590,2026-09-11 00:13:10
82ffb3b0-23f6-40c4-be88-2c8848d06700,170,node_completed,implement,958bf78b-6e94-43a4-8626-1f74a6b03f91,2026-09-11 00:19:18
82ffb3b0-23f6-40c4-be88-2c8848d06700,178,execution_admitted,qa,537bdf0d-519c-4ec9-915b-5dbd24689cf0,2026-09-11 00:19:19
82ffb3b0-23f6-40c4-be88-2c8848d06700,188,node_completed,qa,537bdf0d-519c-4ec9-915b-5dbd24689cf0,2026-09-11 00:28:10
82ffb3b0-23f6-40c4-be88-2c8848d06700,190,gate_opened,founder_gate,,2026-09-11 00:28:10
82ffb3b0-23f6-40c4-be88-2c8848d06700,194,node_completed,founder_gate,537bdf0d-519c-4ec9-915b-5dbd24689cf0,2026-09-11 00:41:42
82ffb3b0-23f6-40c4-be88-2c8848d06700,206,run_completed,land,478e1837-cf8f-4b0e-8adf-b863dabe6eb5,2026-09-11 00:42:50
efec07b6-0037-4693-bd98-a22d3f979b37,12,node_completed,eng_design,57b4aeec-e46c-4090-86b7-74f6e4176590,2026-09-11 01:12:31
efec07b6-0037-4693-bd98-a22d3f979b37,17,execution_admitted,implement,25395f52-9007-4edd-af66-4aea594d2c19,2026-09-11 01:12:31
aea9ca70-7f28-4f80-b6e3-776c33b904b8,4,execution_admitted,eng_design,9e7f71d7-349b-42c8-bef1-9d2761a59c18,2026-09-11 01:39:44
1e427675-5de1-40d3-9e0f-2551ae0edd94,3,execution_admitted,implement,a6d41085-b015-4945-8cc3-0f54ee6b7148,2026-09-11 01:40:46
3cf1d115-e219-42d5-bcc2-f178b44d7727,4,execution_admitted,eng_design,648b7fee-a62e-4d91-8fcf-fdaa103e0f68,2026-09-11 01:41:43
a50a48ab-062a-42d4-8d4e-fb74e1d8d260,4,execution_admitted,eng_design,5b4fbd44-2dfe-4073-b7e8-f1fc501fea8f,2026-09-11 01:41:57
a1570b68-529a-4588-8097-e37bfdd22e55,4,execution_admitted,eng_design,de9040d3-adae-49af-bb77-ae7549c8afee,2026-09-11 01:42:59
9ae7bf38-39e7-4950-b61e-40d42be7bf9d,4,execution_admitted,eng_design,f073a538-f52a-41fe-9707-5a33fc4db167,2026-09-11 01:43:16
c7c97c86-870e-46bd-af87-935c79da1e7a,3,execution_admitted,implement,5dfaef7d-739c-46fa-bb21-2ef518f134e2,2026-09-11 01:44:12
20b86626-35fb-41f3-a64b-0fd4408b4e41,3,execution_admitted,implement,11496e33-a3f5-4ed0-8058-69196a209280,2026-09-11 01:45:23
a50a48ab-062a-42d4-8d4e-fb74e1d8d260,11,node_completed,eng_design,5b4fbd44-2dfe-4073-b7e8-f1fc501fea8f,2026-09-11 02:22:33
a50a48ab-062a-42d4-8d4e-fb74e1d8d260,16,execution_admitted,implement,50f52a13-9b96-4f47-91ba-972dfc96f2f2,2026-09-11 02:22:34
aea9ca70-7f28-4f80-b6e3-776c33b904b8,11,node_completed,eng_design,9e7f71d7-349b-42c8-bef1-9d2761a59c18,2026-09-11 02:26:38
aea9ca70-7f28-4f80-b6e3-776c33b904b8,16,execution_admitted,implement,a3826949-1f68-4c86-b4ef-a26275df9e14,2026-09-11 02:26:42
c7c97c86-870e-46bd-af87-935c79da1e7a,9,node_completed,implement,5dfaef7d-739c-46fa-bb21-2ef518f134e2,2026-09-11 02:26:50
c7c97c86-870e-46bd-af87-935c79da1e7a,14,execution_admitted,qa,4414164c-5861-43a8-871f-91f2e3a02875,2026-09-11 02:27:43
9ae7bf38-39e7-4950-b61e-40d42be7bf9d,10,node_completed,eng_design,f073a538-f52a-41fe-9707-5a33fc4db167,2026-09-11 02:30:34
9ae7bf38-39e7-4950-b61e-40d42be7bf9d,15,execution_admitted,implement,400c3e30-912e-4216-9677-402ddb77abef,2026-09-11 02:30:34
aea9ca70-7f28-4f80-b6e3-776c33b904b8,22,writer_replacement,implement,82c8f446-3ccc-41ad-91ed-bec6a20d3b44,2026-09-11 02:36:08
aea9ca70-7f28-4f80-b6e3-776c33b904b8,23,resume_target_unrecoverable,implement,,2026-09-11 02:36:08
aea9ca70-7f28-4f80-b6e3-776c33b904b8,24,execution_dead_rolled_back,implement,a3826949-1f68-4c86-b4ef-a26275df9e14,2026-09-11 02:36:08
aea9ca70-7f28-4f80-b6e3-776c33b904b8,26,execution_admitted,implement,82c8f446-3ccc-41ad-91ed-bec6a20d3b44,2026-09-11 02:36:08
20b86626-35fb-41f3-a64b-0fd4408b4e41,10,writer_replacement,implement,ffbfa6de-d4c9-4dc3-bcc0-68d5d3e52c7f,2026-09-11 02:36:12
20b86626-35fb-41f3-a64b-0fd4408b4e41,11,resume_target_unrecoverable,implement,,2026-09-11 02:36:12
20b86626-35fb-41f3-a64b-0fd4408b4e41,12,execution_dead_rolled_back,implement,11496e33-a3f5-4ed0-8058-69196a209280,2026-09-11 02:36:12
20b86626-35fb-41f3-a64b-0fd4408b4e41,14,execution_admitted,implement,ffbfa6de-d4c9-4dc3-bcc0-68d5d3e52c7f,2026-09-11 02:36:12
a50a48ab-062a-42d4-8d4e-fb74e1d8d260,22,writer_replacement,implement,43f3cc17-7e10-4a38-89ea-e89b32566ad7,2026-09-11 02:37:07
a50a48ab-062a-42d4-8d4e-fb74e1d8d260,23,resume_target_unrecoverable,implement,,2026-09-11 02:37:07
a50a48ab-062a-42d4-8d4e-fb74e1d8d260,24,execution_dead_rolled_back,implement,50f52a13-9b96-4f47-91ba-972dfc96f2f2,2026-09-11 02:37:07
efec07b6-0037-4693-bd98-a22d3f979b37,23,writer_replacement,implement,1523a885-7ed0-465f-ab9c-07260964d4d0,2026-09-11 02:37:07
efec07b6-0037-4693-bd98-a22d3f979b37,24,resume_target_unrecoverable,implement,,2026-09-11 02:37:07
efec07b6-0037-4693-bd98-a22d3f979b37,25,execution_dead_rolled_back,implement,25395f52-9007-4edd-af66-4aea594d2c19,2026-09-11 02:37:07
1e427675-5de1-40d3-9e0f-2551ae0edd94,10,writer_replacement,implement,270c2ed7-52ad-4ae5-b936-0446010f4f6f,2026-09-11 02:37:07
1e427675-5de1-40d3-9e0f-2551ae0edd94,11,resume_target_unrecoverable,implement,,2026-09-11 02:37:07
1e427675-5de1-40d3-9e0f-2551ae0edd94,12,execution_dead_rolled_back,implement,a6d41085-b015-4945-8cc3-0f54ee6b7148,2026-09-11 02:37:07
9ae7bf38-39e7-4950-b61e-40d42be7bf9d,21,writer_replacement,implement,78dc37fa-291b-4ab5-919a-3676944bf263,2026-09-11 02:37:07
9ae7bf38-39e7-4950-b61e-40d42be7bf9d,22,resume_target_unrecoverable,implement,,2026-09-11 02:37:07
9ae7bf38-39e7-4950-b61e-40d42be7bf9d,23,execution_dead_rolled_back,implement,400c3e30-912e-4216-9677-402ddb77abef,2026-09-11 02:37:07
a50a48ab-062a-42d4-8d4e-fb74e1d8d260,26,execution_admitted,implement,43f3cc17-7e10-4a38-89ea-e89b32566ad7,2026-09-11 02:37:07
efec07b6-0037-4693-bd98-a22d3f979b37,27,execution_admitted,implement,1523a885-7ed0-465f-ab9c-07260964d4d0,2026-09-11 02:37:11
1e427675-5de1-40d3-9e0f-2551ae0edd94,14,execution_admitted,implement,270c2ed7-52ad-4ae5-b936-0446010f4f6f,2026-09-11 02:37:14
9ae7bf38-39e7-4950-b61e-40d42be7bf9d,25,execution_admitted,implement,78dc37fa-291b-4ab5-919a-3676944bf263,2026-09-11 02:38:08
20b86626-35fb-41f3-a64b-0fd4408b4e41,18,writer_replacement,implement,43e9f960-4469-420b-b0aa-189a62ea7903,2026-09-11 02:41:12
20b86626-35fb-41f3-a64b-0fd4408b4e41,19,resume_target_unrecoverable,implement,,2026-09-11 02:41:12
20b86626-35fb-41f3-a64b-0fd4408b4e41,20,execution_dead_rolled_back,implement,ffbfa6de-d4c9-4dc3-bcc0-68d5d3e52c7f,2026-09-11 02:41:12
20b86626-35fb-41f3-a64b-0fd4408b4e41,21,repeated_dead_execution_pattern,implement,ffbfa6de-d4c9-4dc3-bcc0-68d5d3e52c7f,2026-09-11 02:41:12
20b86626-35fb-41f3-a64b-0fd4408b4e41,23,execution_admitted,implement,43e9f960-4469-420b-b0aa-189a62ea7903,2026-09-11 02:41:12
1e427675-5de1-40d3-9e0f-2551ae0edd94,18,writer_replacement,implement,d23463b3-41a7-46d3-8ae6-24dd0d061967,2026-09-11 02:42:22
1e427675-5de1-40d3-9e0f-2551ae0edd94,19,resume_target_unrecoverable,implement,,2026-09-11 02:42:22
1e427675-5de1-40d3-9e0f-2551ae0edd94,20,execution_dead_rolled_back,implement,270c2ed7-52ad-4ae5-b936-0446010f4f6f,2026-09-11 02:42:22
1e427675-5de1-40d3-9e0f-2551ae0edd94,21,repeated_dead_execution_pattern,implement,270c2ed7-52ad-4ae5-b936-0446010f4f6f,2026-09-11 02:42:22
1e427675-5de1-40d3-9e0f-2551ae0edd94,23,execution_admitted,implement,d23463b3-41a7-46d3-8ae6-24dd0d061967,2026-09-11 02:42:22
aea9ca70-7f28-4f80-b6e3-776c33b904b8,33,unlaunched_admission_rolled_back,implement,82c8f446-3ccc-41ad-91ed-bec6a20d3b44,2026-09-11 02:46:08
a50a48ab-062a-42d4-8d4e-fb74e1d8d260,33,unlaunched_admission_rolled_back,implement,43f3cc17-7e10-4a38-89ea-e89b32566ad7,2026-09-11 02:47:07
efec07b6-0037-4693-bd98-a22d3f979b37,34,unlaunched_admission_rolled_back,implement,1523a885-7ed0-465f-ab9c-07260964d4d0,2026-09-11 02:47:11
9ae7bf38-39e7-4950-b61e-40d42be7bf9d,32,unlaunched_admission_rolled_back,implement,78dc37fa-291b-4ab5-919a-3676944bf263,2026-09-11 02:48:09
c7c97c86-870e-46bd-af87-935c79da1e7a,21,node_completed,qa,4414164c-5861-43a8-871f-91f2e3a02875,2026-09-11 02:55:53
c7c97c86-870e-46bd-af87-935c79da1e7a,23,gate_opened,founder_gate,,2026-09-11 02:55:53
a1570b68-529a-4588-8097-e37bfdd22e55,10,node_completed,eng_design,de9040d3-adae-49af-bb77-ae7549c8afee,2026-09-11 03:00:21
a1570b68-529a-4588-8097-e37bfdd22e55,15,execution_admitted,implement,b154084d-1995-44ff-8bd7-d0ba6ef872ff,2026-09-11 03:00:22
1e427675-5de1-40d3-9e0f-2551ae0edd94,28,node_completed,implement,d23463b3-41a7-46d3-8ae6-24dd0d061967,2026-09-11 03:06:04
1e427675-5de1-40d3-9e0f-2551ae0edd94,33,execution_admitted,qa,729895b2-e9df-4fb5-afd3-2e0999d169d0,2026-09-11 03:06:04
3cf1d115-e219-42d5-bcc2-f178b44d7727,10,node_completed,eng_design,648b7fee-a62e-4d91-8fcf-fdaa103e0f68,2026-09-11 03:08:11
3cf1d115-e219-42d5-bcc2-f178b44d7727,15,execution_admitted,implement,95c8eb87-1b28-4f50-a1fe-223fa76bd9d7,2026-09-11 03:08:12
20b86626-35fb-41f3-a64b-0fd4408b4e41,27,node_completed,implement,43e9f960-4469-420b-b0aa-189a62ea7903,2026-09-11 03:19:16
20b86626-35fb-41f3-a64b-0fd4408b4e41,32,execution_admitted,qa,bab5926b-fd80-4443-a966-949f92e448a5,2026-09-11 03:19:16
1e427675-5de1-40d3-9e0f-2551ae0edd94,40,node_completed,qa,729895b2-e9df-4fb5-afd3-2e0999d169d0,2026-09-11 03:20:03
1e427675-5de1-40d3-9e0f-2551ae0edd94,42,gate_opened,founder_gate,,2026-09-11 03:20:03
20b86626-35fb-41f3-a64b-0fd4408b4e41,39,node_completed,qa,bab5926b-fd80-4443-a966-949f92e448a5,2026-09-11 03:50:31
20b86626-35fb-41f3-a64b-0fd4408b4e41,41,gate_opened,founder_gate,,2026-09-11 03:50:31
a1570b68-529a-4588-8097-e37bfdd22e55,20,node_completed,implement,b154084d-1995-44ff-8bd7-d0ba6ef872ff,2026-09-11 04:42:16
a1570b68-529a-4588-8097-e37bfdd22e55,25,execution_admitted,qa,8638f6f7-10cf-49e1-b29d-9af3b96836ba,2026-09-11 04:42:17
a1570b68-529a-4588-8097-e37bfdd22e55,33,node_completed,qa,8638f6f7-10cf-49e1-b29d-9af3b96836ba,2026-09-11 05:08:13
a1570b68-529a-4588-8097-e37bfdd22e55,35,gate_opened,founder_gate,,2026-09-11 05:08:13
1e427675-5de1-40d3-9e0f-2551ae0edd94,47,node_completed,founder_gate,729895b2-e9df-4fb5-afd3-2e0999d169d0,2026-09-11 05:47:31
c7c97c86-870e-46bd-af87-935c79da1e7a,27,node_completed,founder_gate,4414164c-5861-43a8-871f-91f2e3a02875,2026-09-11 05:48:41
20b86626-35fb-41f3-a64b-0fd4408b4e41,46,node_completed,founder_gate,bab5926b-fd80-4443-a966-949f92e448a5,2026-09-11 05:48:41
a1570b68-529a-4588-8097-e37bfdd22e55,39,node_completed,founder_gate,8638f6f7-10cf-49e1-b29d-9af3b96836ba,2026-09-11 05:48:41
1e427675-5de1-40d3-9e0f-2551ae0edd94,55,run_completed,land,2373e5c4-94b5-402d-b907-86673840184c,2026-09-11 05:48:45
c7c97c86-870e-46bd-af87-935c79da1e7a,35,run_completed,land,d193ec14-826d-42bf-b3bf-409743509896,2026-09-11 05:49:53
f782d5bd-c5c1-4700-b8d7-f8c38bd6ce2c,3,execution_admitted,implement,5faad1ad-51fd-4d68-b291-dd1ecae984c5,2026-09-11 05:50:53
20b86626-35fb-41f3-a64b-0fd4408b4e41,56,run_completed,land,e12b617e-0532-49ba-a41b-9225d13973f4,2026-09-11 05:51:01
a1570b68-529a-4588-8097-e37bfdd22e55,52,run_completed,land,10e12876-cb8f-471c-a6f7-146f7b94f452,2026-09-11 05:52:11
aea9ca70-7f28-4f80-b6e3-776c33b904b8,37,run_terminated,implement,82c8f446-3ccc-41ad-91ed-bec6a20d3b44,2026-09-11 05:55:28
efec07b6-0037-4693-bd98-a22d3f979b37,38,run_terminated,implement,1523a885-7ed0-465f-ab9c-07260964d4d0,2026-09-11 05:55:29
a50a48ab-062a-42d4-8d4e-fb74e1d8d260,37,run_terminated,implement,43f3cc17-7e10-4a38-89ea-e89b32566ad7,2026-09-11 05:55:29
9ae7bf38-39e7-4950-b61e-40d42be7bf9d,36,run_terminated,implement,78dc37fa-291b-4ab5-919a-3676944bf263,2026-09-11 05:55:29
db8d4d16-abb1-4b9f-bde2-d5a82259270f,3,execution_admitted,implement,ab8c8dc2-d6f0-4413-b54b-78d3efadb614,2026-09-11 05:55:54
05c31b97-fa36-49be-a9a9-104a92f58d1c,3,execution_admitted,implement,1d8888ad-6075-4a8a-a9f1-31597bd2930e,2026-09-11 05:55:54
5e55e17e-1005-4c8a-a514-80fa3e7c11d1,3,execution_admitted,implement,941c997c-f266-4b1a-a739-4bfd3184eb1f,2026-09-11 05:55:54
5a291283-f4b0-439e-b31b-e7852d4a0a28,3,execution_admitted,implement,663668f4-c323-4d10-84af-a6eef3e94edf,2026-09-11 05:55:55
0ff8b5aa-95e3-4144-8fa5-142bbfefcb9b,3,execution_admitted,implement,7e239079-df22-402b-81e9-8f10086e81a6,2026-09-11 05:56:46
000d209a-f8cc-4ae4-8e0a-291f655263ac,4,execution_admitted,eng_design,7b4efd03-d28a-4263-b8bd-eff580ce5ba0,2026-09-11 06:07:02
3cf1d115-e219-42d5-bcc2-f178b44d7727,24,node_completed,implement,95c8eb87-1b28-4f50-a1fe-223fa76bd9d7,2026-09-11 06:27:10
3cf1d115-e219-42d5-bcc2-f178b44d7727,29,execution_admitted,qa,636f0209-4eaa-40a2-ab32-52f0a317e0b5,2026-09-11 06:27:11
0ff8b5aa-95e3-4144-8fa5-142bbfefcb9b,9,node_completed,implement,7e239079-df22-402b-81e9-8f10086e81a6,2026-09-11 06:41:15
0ff8b5aa-95e3-4144-8fa5-142bbfefcb9b,14,execution_admitted,qa,a495e165-b688-4a3b-b99a-ea301d58ddee,2026-09-11 06:41:15
f782d5bd-c5c1-4700-b8d7-f8c38bd6ce2c,9,node_completed,implement,5faad1ad-51fd-4d68-b291-dd1ecae984c5,2026-09-11 06:43:31
f782d5bd-c5c1-4700-b8d7-f8c38bd6ce2c,14,execution_admitted,qa,f96964e9-77d3-4763-a164-eeec4a1d4d83,2026-09-11 06:43:31
0ff8b5aa-95e3-4144-8fa5-142bbfefcb9b,22,node_completed,qa,a495e165-b688-4a3b-b99a-ea301d58ddee,2026-09-11 07:05:00
0ff8b5aa-95e3-4144-8fa5-142bbfefcb9b,24,gate_opened,founder_gate,,2026-09-11 07:05:00
f782d5bd-c5c1-4700-b8d7-f8c38bd6ce2c,22,node_completed,qa,f96964e9-77d3-4763-a164-eeec4a1d4d83,2026-09-11 07:05:40
f782d5bd-c5c1-4700-b8d7-f8c38bd6ce2c,24,gate_opened,founder_gate,,2026-09-11 07:05:40
05c31b97-fa36-49be-a9a9-104a92f58d1c,11,writer_replacement,implement,0649716e-d5ff-4942-8dc1-f3ae3c244061,2026-09-11 07:22:14
05c31b97-fa36-49be-a9a9-104a92f58d1c,12,resume_target_unrecoverable,implement,,2026-09-11 07:22:14
05c31b97-fa36-49be-a9a9-104a92f58d1c,13,execution_dead_rolled_back,implement,1d8888ad-6075-4a8a-a9f1-31597bd2930e,2026-09-11 07:22:14
05c31b97-fa36-49be-a9a9-104a92f58d1c,15,execution_admitted,implement,0649716e-d5ff-4942-8dc1-f3ae3c244061,2026-09-11 07:22:15
db8d4d16-abb1-4b9f-bde2-d5a82259270f,12,writer_replacement,implement,7d86fff1-5fe0-460e-8ddf-906871349c7e,2026-09-11 07:29:42
db8d4d16-abb1-4b9f-bde2-d5a82259270f,13,resume_target_unrecoverable,implement,,2026-09-11 07:29:42
db8d4d16-abb1-4b9f-bde2-d5a82259270f,14,execution_dead_rolled_back,implement,ab8c8dc2-d6f0-4413-b54b-78d3efadb614,2026-09-11 07:29:42
db8d4d16-abb1-4b9f-bde2-d5a82259270f,16,execution_admitted,implement,7d86fff1-5fe0-460e-8ddf-906871349c7e,2026-09-11 07:29:43
3cf1d115-e219-42d5-bcc2-f178b44d7727,39,node_completed,qa,636f0209-4eaa-40a2-ab32-52f0a317e0b5,2026-09-11 07:31:24
3cf1d115-e219-42d5-bcc2-f178b44d7727,41,gate_opened,founder_gate,,2026-09-11 07:31:24
000d209a-f8cc-4ae4-8e0a-291f655263ac,10,node_completed,eng_design,7b4efd03-d28a-4263-b8bd-eff580ce5ba0,2026-09-11 07:42:26
000d209a-f8cc-4ae4-8e0a-291f655263ac,15,execution_admitted,implement,22bfaf60-bdae-470c-8f88-35554d041bbc,2026-09-11 07:42:27
05c31b97-fa36-49be-a9a9-104a92f58d1c,20,node_completed,implement,0649716e-d5ff-4942-8dc1-f3ae3c244061,2026-09-11 08:03:45
05c31b97-fa36-49be-a9a9-104a92f58d1c,25,execution_admitted,qa,3eb07d95-95de-46af-9d58-7e39f2ef1477,2026-09-11 08:03:46
05c31b97-fa36-49be-a9a9-104a92f58d1c,33,node_completed,qa,3eb07d95-95de-46af-9d58-7e39f2ef1477,2026-09-11 08:37:39
05c31b97-fa36-49be-a9a9-104a92f58d1c,35,gate_opened,founder_gate,,2026-09-11 08:37:39
db8d4d16-abb1-4b9f-bde2-d5a82259270f,22,node_completed,implement,7d86fff1-5fe0-460e-8ddf-906871349c7e,2026-09-11 08:50:16
db8d4d16-abb1-4b9f-bde2-d5a82259270f,27,execution_admitted,qa,ff2d2277-77e8-4b4e-b043-95e7d2f5e49c,2026-09-11 08:50:16
db8d4d16-abb1-4b9f-bde2-d5a82259270f,35,node_completed,qa,ff2d2277-77e8-4b4e-b043-95e7d2f5e49c,2026-09-11 09:20:29
db8d4d16-abb1-4b9f-bde2-d5a82259270f,37,gate_opened,founder_gate,,2026-09-11 09:20:29
5e55e17e-1005-4c8a-a514-80fa3e7c11d1,12,writer_replacement,implement,cacc1cb4-bc53-425f-a416-99c6527f982a,2026-09-11 10:19:42
5e55e17e-1005-4c8a-a514-80fa3e7c11d1,13,resume_target_unrecoverable,implement,,2026-09-11 10:19:42
5e55e17e-1005-4c8a-a514-80fa3e7c11d1,14,execution_dead_rolled_back,implement,941c997c-f266-4b1a-a739-4bfd3184eb1f,2026-09-11 10:19:42
5e55e17e-1005-4c8a-a514-80fa3e7c11d1,16,execution_admitted,implement,cacc1cb4-bc53-425f-a416-99c6527f982a,2026-09-11 10:19:42
000d209a-f8cc-4ae4-8e0a-291f655263ac,20,node_completed,implement,22bfaf60-bdae-470c-8f88-35554d041bbc,2026-09-11 10:20:55
000d209a-f8cc-4ae4-8e0a-291f655263ac,25,execution_admitted,qa,20b6582a-c6ff-42f6-9841-d171139c6c5b,2026-09-11 10:20:58
000d209a-f8cc-4ae4-8e0a-291f655263ac,33,node_completed,qa,20b6582a-c6ff-42f6-9841-d171139c6c5b,2026-09-11 10:53:48
000d209a-f8cc-4ae4-8e0a-291f655263ac,35,gate_opened,founder_gate,,2026-09-11 10:53:48
5a291283-f4b0-439e-b31b-e7852d4a0a28,12,writer_replacement,implement,fa007b05-e9b6-47f4-9c37-807a7fa69c80,2026-09-11 11:44:43
5a291283-f4b0-439e-b31b-e7852d4a0a28,13,resume_target_unrecoverable,implement,,2026-09-11 11:44:43
5a291283-f4b0-439e-b31b-e7852d4a0a28,14,execution_dead_rolled_back,implement,663668f4-c323-4d10-84af-a6eef3e94edf,2026-09-11 11:44:43
5a291283-f4b0-439e-b31b-e7852d4a0a28,16,execution_admitted,implement,fa007b05-e9b6-47f4-9c37-807a7fa69c80,2026-09-11 11:44:43
5e55e17e-1005-4c8a-a514-80fa3e7c11d1,19,node_completed,implement,cacc1cb4-bc53-425f-a416-99c6527f982a,2026-09-11 11:47:32
5e55e17e-1005-4c8a-a514-80fa3e7c11d1,24,execution_admitted,qa,75952ab7-fb47-4ed8-b11c-ae79f2f25072,2026-09-11 11:47:33
5e55e17e-1005-4c8a-a514-80fa3e7c11d1,32,node_completed,qa,75952ab7-fb47-4ed8-b11c-ae79f2f25072,2026-09-11 12:07:22
5e55e17e-1005-4c8a-a514-80fa3e7c11d1,34,gate_opened,founder_gate,,2026-09-11 12:07:22
5a291283-f4b0-439e-b31b-e7852d4a0a28,19,node_completed,implement,fa007b05-e9b6-47f4-9c37-807a7fa69c80,2026-09-11 12:36:39
5a291283-f4b0-439e-b31b-e7852d4a0a28,24,execution_admitted,qa,8f441633-1d26-432b-b8f9-b97de38c1e9c,2026-09-11 12:36:40
5a291283-f4b0-439e-b31b-e7852d4a0a28,33,node_completed,qa,8f441633-1d26-432b-b8f9-b97de38c1e9c,2026-09-11 13:17:01
5a291283-f4b0-439e-b31b-e7852d4a0a28,50,rework_pane_loss_handoff,implement,fa007b05-e9b6-47f4-9c37-807a7fa69c80,2026-09-11 13:32:03
5a291283-f4b0-439e-b31b-e7852d4a0a28,55,execution_dead_rolled_back,implement,fa007b05-e9b6-47f4-9c37-807a7fa69c80,2026-09-11 13:35:07
5a291283-f4b0-439e-b31b-e7852d4a0a28,59,execution_admitted,implement,eae6b863-4eb6-42a2-91f5-c5a680638a1a,2026-09-11 13:35:07
5a291283-f4b0-439e-b31b-e7852d4a0a28,65,rework_replacement_launched,implement,eae6b863-4eb6-42a2-91f5-c5a680638a1a,2026-09-11 13:36:02
5a291283-f4b0-439e-b31b-e7852d4a0a28,93,node_completed,implement,eae6b863-4eb6-42a2-91f5-c5a680638a1a,2026-09-11 14:39:48
5a291283-f4b0-439e-b31b-e7852d4a0a28,101,execution_admitted,qa,8f441633-1d26-432b-b8f9-b97de38c1e9c,2026-09-11 14:39:48
5a291283-f4b0-439e-b31b-e7852d4a0a28,114,node_completed,qa,8f441633-1d26-432b-b8f9-b97de38c1e9c,2026-09-11 14:58:53
5a291283-f4b0-439e-b31b-e7852d4a0a28,122,execution_admitted,implement,eae6b863-4eb6-42a2-91f5-c5a680638a1a,2026-09-11 14:58:54
5a291283-f4b0-439e-b31b-e7852d4a0a28,149,execution_dead_rolled_back,implement,eae6b863-4eb6-42a2-91f5-c5a680638a1a,2026-09-11 15:41:42
5a291283-f4b0-439e-b31b-e7852d4a0a28,153,execution_admitted,implement,5c52a4f5-3abe-454a-9161-0bb9bdce8a7c,2026-09-11 15:41:42
5a291283-f4b0-439e-b31b-e7852d4a0a28,159,rework_replacement_launched,implement,5c52a4f5-3abe-454a-9161-0bb9bdce8a7c,2026-09-11 15:42:54
5a291283-f4b0-439e-b31b-e7852d4a0a28,160,node_completed,implement,5c52a4f5-3abe-454a-9161-0bb9bdce8a7c,2026-09-11 15:43:37
5a291283-f4b0-439e-b31b-e7852d4a0a28,168,execution_admitted,qa,8f441633-1d26-432b-b8f9-b97de38c1e9c,2026-09-11 15:43:38
5a291283-f4b0-439e-b31b-e7852d4a0a28,180,node_completed,qa,8f441633-1d26-432b-b8f9-b97de38c1e9c,2026-09-11 16:08:09
5a291283-f4b0-439e-b31b-e7852d4a0a28,182,gate_opened,founder_gate,,2026-09-11 16:08:09
0ff8b5aa-95e3-4144-8fa5-142bbfefcb9b,29,node_completed,founder_gate,a495e165-b688-4a3b-b99a-ea301d58ddee,2026-09-11 17:43:51
000d209a-f8cc-4ae4-8e0a-291f655263ac,40,node_completed,founder_gate,20b6582a-c6ff-42f6-9841-d171139c6c5b,2026-09-11 17:43:51
f782d5bd-c5c1-4700-b8d7-f8c38bd6ce2c,29,node_completed,founder_gate,f96964e9-77d3-4763-a164-eeec4a1d4d83,2026-09-11 17:45:06
db8d4d16-abb1-4b9f-bde2-d5a82259270f,43,node_completed,founder_gate,ff2d2277-77e8-4b4e-b043-95e7d2f5e49c,2026-09-11 17:45:06
3cf1d115-e219-42d5-bcc2-f178b44d7727,44,node_completed,founder_gate,636f0209-4eaa-40a2-ab32-52f0a317e0b5,2026-09-11 17:46:16
0ff8b5aa-95e3-4144-8fa5-142bbfefcb9b,38,run_completed,land,59804e9a-cbb1-4e99-9c52-7ee412cfa255,2026-09-11 17:46:18
000d209a-f8cc-4ae4-8e0a-291f655263ac,50,run_completed,land,622db830-1a14-46bd-9df3-df52455de25c,2026-09-11 17:47:08
f782d5bd-c5c1-4700-b8d7-f8c38bd6ce2c,38,run_completed,land,b89e0338-ebb2-4019-b352-15c119afddd4,2026-09-11 17:48:46
db8d4d16-abb1-4b9f-bde2-d5a82259270f,62,execution_dead_rolled_back,implement,7d86fff1-5fe0-460e-8ddf-906871349c7e,2026-09-11 17:50:20
db8d4d16-abb1-4b9f-bde2-d5a82259270f,66,execution_admitted,implement,b46346ed-6cd7-483a-8a07-be14e4c70340,2026-09-11 17:50:20
db8d4d16-abb1-4b9f-bde2-d5a82259270f,72,rework_replacement_launched,implement,b46346ed-6cd7-483a-8a07-be14e4c70340,2026-09-11 17:51:14
dcfc781a-615c-400f-b64a-eaf0417a85fc,4,execution_admitted,eng_design,5f043b76-010c-47f1-a260-7b29899d6d33,2026-09-11 17:53:38
9d20fedd-f7dd-4a2c-a1d3-27f76deb4114,4,execution_admitted,eng_design,ba65d004-4dfc-44ed-b1b9-cbb7b6379898,2026-09-11 17:53:52
15188b39-c4f3-4a48-a14a-db25dd9997aa,4,execution_admitted,eng_design,73355249-8496-4730-917e-8dfed5b47387,2026-09-11 17:54:07
3cf1d115-e219-42d5-bcc2-f178b44d7727,66,execution_dead_rolled_back,implement,95c8eb87-1b28-4f50-a1fe-223fa76bd9d7,2026-09-11 17:55:15
3cf1d115-e219-42d5-bcc2-f178b44d7727,70,execution_admitted,implement,08f426f9-3609-4ea2-a72d-3ea8047aec58,2026-09-11 17:55:15
2776f5f7-60ab-41be-b13e-2759a908d70c,4,execution_admitted,eng_design,6fac6511-72f5-4c06-81ab-0869fe9b098d,2026-09-11 17:55:50
3cf1d115-e219-42d5-bcc2-f178b44d7727,76,rework_replacement_launched,implement,08f426f9-3609-4ea2-a72d-3ea8047aec58,2026-09-11 17:56:19
91fb5b92-d68a-4ae5-9560-d67f6ac8018f,3,execution_admitted,implement,116c8a8c-ce23-495a-b793-a4dc936ffd4f,2026-09-11 17:58:27
db8d4d16-abb1-4b9f-bde2-d5a82259270f,81,node_completed,implement,b46346ed-6cd7-483a-8a07-be14e4c70340,2026-09-11 18:09:26
db8d4d16-abb1-4b9f-bde2-d5a82259270f,89,execution_admitted,qa,ff2d2277-77e8-4b4e-b043-95e7d2f5e49c,2026-09-11 18:09:27
3cf1d115-e219-42d5-bcc2-f178b44d7727,86,writer_replacement,implement,31fd9d4e-82bc-47dc-bd7c-1ca17288a8c7,2026-09-11 18:18:07
3cf1d115-e219-42d5-bcc2-f178b44d7727,87,resume_target_unrecoverable,implement,,2026-09-11 18:18:07
3cf1d115-e219-42d5-bcc2-f178b44d7727,88,execution_dead_rolled_back,implement,08f426f9-3609-4ea2-a72d-3ea8047aec58,2026-09-11 18:18:07
3cf1d115-e219-42d5-bcc2-f178b44d7727,89,repeated_dead_execution_pattern,implement,08f426f9-3609-4ea2-a72d-3ea8047aec58,2026-09-11 18:18:07
91fb5b92-d68a-4ae5-9560-d67f6ac8018f,10,writer_replacement,implement,547eabfc-2083-4d26-a629-29cbc748ae95,2026-09-11 18:18:52
91fb5b92-d68a-4ae5-9560-d67f6ac8018f,11,resume_target_unrecoverable,implement,,2026-09-11 18:18:52
91fb5b92-d68a-4ae5-9560-d67f6ac8018f,12,execution_dead_rolled_back,implement,116c8a8c-ce23-495a-b793-a4dc936ffd4f,2026-09-11 18:18:52
db8d4d16-abb1-4b9f-bde2-d5a82259270f,102,node_completed,qa,ff2d2277-77e8-4b4e-b043-95e7d2f5e49c,2026-09-11 18:19:23
db8d4d16-abb1-4b9f-bde2-d5a82259270f,104,gate_opened,founder_gate,,2026-09-11 18:19:23
2776f5f7-60ab-41be-b13e-2759a908d70c,10,node_completed,eng_design,6fac6511-72f5-4c06-81ab-0869fe9b098d,2026-09-11 18:39:28
9d20fedd-f7dd-4a2c-a1d3-27f76deb4114,10,node_completed,eng_design,ba65d004-4dfc-44ed-b1b9-cbb7b6379898,2026-09-11 18:45:17
91fb5b92-d68a-4ae5-9560-d67f6ac8018f,16,execution_admitted,implement,547eabfc-2083-4d26-a629-29cbc748ae95,2026-09-11 18:54:05
2776f5f7-60ab-41be-b13e-2759a908d70c,16,execution_admitted,implement,5ff97d5d-5839-4541-b978-4dfc6daaa3cb,2026-09-11 18:59:07
9d20fedd-f7dd-4a2c-a1d3-27f76deb4114,15,execution_admitted,implement,81b34473-74e5-44c9-9cde-3862733e190c,2026-09-11 19:00:10
3cf1d115-e219-42d5-bcc2-f178b44d7727,97,execution_admitted,implement,31fd9d4e-82bc-47dc-bd7c-1ca17288a8c7,2026-09-11 19:06:28
3cf1d115-e219-42d5-bcc2-f178b44d7727,104,unlaunched_admission_rolled_back,implement,31fd9d4e-82bc-47dc-bd7c-1ca17288a8c7,2026-09-11 19:16:28
9d20fedd-f7dd-4a2c-a1d3-27f76deb4114,20,writer_replacement,implement,e12f70d8-d594-46c7-af0e-70818e605d75,2026-09-11 19:22:41
9d20fedd-f7dd-4a2c-a1d3-27f76deb4114,21,resume_target_unrecoverable,implement,,2026-09-11 19:22:41
9d20fedd-f7dd-4a2c-a1d3-27f76deb4114,22,execution_dead_rolled_back,implement,81b34473-74e5-44c9-9cde-3862733e190c,2026-09-11 19:22:41
91fb5b92-d68a-4ae5-9560-d67f6ac8018f,25,writer_replacement,implement,a3798de4-31b4-4764-89f0-56b74f62c73c,2026-09-11 19:22:42
91fb5b92-d68a-4ae5-9560-d67f6ac8018f,26,resume_target_unrecoverable,implement,,2026-09-11 19:22:42
91fb5b92-d68a-4ae5-9560-d67f6ac8018f,27,execution_dead_rolled_back,implement,547eabfc-2083-4d26-a629-29cbc748ae95,2026-09-11 19:22:42
91fb5b92-d68a-4ae5-9560-d67f6ac8018f,28,repeated_dead_execution_pattern,implement,547eabfc-2083-4d26-a629-29cbc748ae95,2026-09-11 19:22:42
9d20fedd-f7dd-4a2c-a1d3-27f76deb4114,24,execution_admitted,implement,e12f70d8-d594-46c7-af0e-70818e605d75,2026-09-11 19:22:42
91fb5b92-d68a-4ae5-9560-d67f6ac8018f,30,execution_admitted,implement,a3798de4-31b4-4764-89f0-56b74f62c73c,2026-09-11 19:23:56
3cf1d115-e219-42d5-bcc2-f178b44d7727,114,execution_dead_rolled_back,implement,31fd9d4e-82bc-47dc-bd7c-1ca17288a8c7,2026-09-11 19:25:05
3cf1d115-e219-42d5-bcc2-f178b44d7727,118,execution_admitted,implement,0c9d626c-0633-45e1-bf2c-b130137a8504,2026-09-11 19:25:05
3cf1d115-e219-42d5-bcc2-f178b44d7727,124,rework_replacement_launched,implement,0c9d626c-0633-45e1-bf2c-b130137a8504,2026-09-11 19:26:23
2776f5f7-60ab-41be-b13e-2759a908d70c,27,writer_replacement,implement,c5169833-2016-4f69-8a65-464ed42caad0,2026-09-11 19:47:43
2776f5f7-60ab-41be-b13e-2759a908d70c,28,resume_target_unrecoverable,implement,,2026-09-11 19:47:43
2776f5f7-60ab-41be-b13e-2759a908d70c,29,execution_dead_rolled_back,implement,5ff97d5d-5839-4541-b978-4dfc6daaa3cb,2026-09-11 19:47:43
2776f5f7-60ab-41be-b13e-2759a908d70c,31,execution_admitted,implement,c5169833-2016-4f69-8a65-464ed42caad0,2026-09-11 19:47:44
15188b39-c4f3-4a48-a14a-db25dd9997aa,12,writer_replacement,eng_design,6f0390f6-2279-40dc-b5d8-127cf5665385,2026-09-11 19:59:43
15188b39-c4f3-4a48-a14a-db25dd9997aa,13,resume_target_unrecoverable,eng_design,,2026-09-11 19:59:43
15188b39-c4f3-4a48-a14a-db25dd9997aa,14,execution_dead_rolled_back,eng_design,73355249-8496-4730-917e-8dfed5b47387,2026-09-11 19:59:43
15188b39-c4f3-4a48-a14a-db25dd9997aa,16,execution_admitted,eng_design,6f0390f6-2279-40dc-b5d8-127cf5665385,2026-09-11 19:59:43
9d20fedd-f7dd-4a2c-a1d3-27f76deb4114,30,node_completed,implement,e12f70d8-d594-46c7-af0e-70818e605d75,2026-09-11 20:00:45
9d20fedd-f7dd-4a2c-a1d3-27f76deb4114,35,execution_admitted,qa,4e2631b4-2c92-4a82-b0c1-71c9cb0b4d2b,2026-09-11 20:04:49
3cf1d115-e219-42d5-bcc2-f178b44d7727,137,node_completed,implement,0c9d626c-0633-45e1-bf2c-b130137a8504,2026-09-11 20:06:54
3cf1d115-e219-42d5-bcc2-f178b44d7727,145,execution_admitted,qa,636f0209-4eaa-40a2-ab32-52f0a317e0b5,2026-09-11 20:06:54
dcfc781a-615c-400f-b64a-eaf0417a85fc,10,node_completed,eng_design,5f043b76-010c-47f1-a260-7b29899d6d33,2026-09-11 20:12:20
dcfc781a-615c-400f-b64a-eaf0417a85fc,15,execution_admitted,implement,ede9f695-4a50-4dd6-85c1-039e3e4cf85b,2026-09-11 20:12:20
91fb5b92-d68a-4ae5-9560-d67f6ac8018f,35,node_completed,implement,a3798de4-31b4-4764-89f0-56b74f62c73c,2026-09-11 20:16:51
91fb5b92-d68a-4ae5-9560-d67f6ac8018f,40,execution_admitted,qa,394a5661-3813-4f9f-b5c9-4fe9e69a29e9,2026-09-11 20:16:52
05c31b97-fa36-49be-a9a9-104a92f58d1c,40,node_completed,founder_gate,3eb07d95-95de-46af-9d58-7e39f2ef1477,2026-09-11 20:17:35
5e55e17e-1005-4c8a-a514-80fa3e7c11d1,39,node_completed,founder_gate,75952ab7-fb47-4ed8-b11c-ae79f2f25072,2026-09-11 20:17:35
15188b39-c4f3-4a48-a14a-db25dd9997aa,25,node_completed,eng_design,6f0390f6-2279-40dc-b5d8-127cf5665385,2026-09-11 20:17:49
15188b39-c4f3-4a48-a14a-db25dd9997aa,30,execution_admitted,implement,a70103de-89c4-4d2b-9d5d-c110e826477a,2026-09-11 20:17:50
3cf1d115-e219-42d5-bcc2-f178b44d7727,159,execution_dead_rolled_back,qa,636f0209-4eaa-40a2-ab32-52f0a317e0b5,2026-09-11 20:25:36
3cf1d115-e219-42d5-bcc2-f178b44d7727,163,execution_admitted,qa,60a40268-7daa-4d69-bee5-ba7087a80485,2026-09-11 20:25:36
3cf1d115-e219-42d5-bcc2-f178b44d7727,169,rework_replacement_launched,qa,60a40268-7daa-4d69-bee5-ba7087a80485,2026-09-11 20:26:06
05c31b97-fa36-49be-a9a9-104a92f58d1c,67,execution_dead_rolled_back,implement,0649716e-d5ff-4942-8dc1-f3ae3c244061,2026-09-11 20:33:00
5e55e17e-1005-4c8a-a514-80fa3e7c11d1,66,execution_dead_rolled_back,implement,cacc1cb4-bc53-425f-a416-99c6527f982a,2026-09-11 20:33:00
05c31b97-fa36-49be-a9a9-104a92f58d1c,71,execution_admitted,implement,27359e2d-5c6e-48ee-9ff5-c73d5f5bb11f,2026-09-11 20:33:00
05c31b97-fa36-49be-a9a9-104a92f58d1c,77,rework_replacement_launched,implement,27359e2d-5c6e-48ee-9ff5-c73d5f5bb11f,2026-09-11 20:34:12
5e55e17e-1005-4c8a-a514-80fa3e7c11d1,70,execution_admitted,implement,dc5d3e71-2c14-4edb-b1a4-cd20f1babe10,2026-09-11 20:34:12
5e55e17e-1005-4c8a-a514-80fa3e7c11d1,76,rework_replacement_launched,implement,dc5d3e71-2c14-4edb-b1a4-cd20f1babe10,2026-09-11 20:35:28
9d20fedd-f7dd-4a2c-a1d3-27f76deb4114,44,writer_replacement,qa,88183928-98b0-41b2-a110-2be36d53eed0,2026-09-11 20:35:38
9d20fedd-f7dd-4a2c-a1d3-27f76deb4114,45,resume_target_unrecoverable,qa,,2026-09-11 20:35:38
9d20fedd-f7dd-4a2c-a1d3-27f76deb4114,46,execution_dead_rolled_back,qa,4e2631b4-2c92-4a82-b0c1-71c9cb0b4d2b,2026-09-11 20:35:38
9d20fedd-f7dd-4a2c-a1d3-27f76deb4114,48,execution_admitted,qa,88183928-98b0-41b2-a110-2be36d53eed0,2026-09-11 20:35:43
91fb5b92-d68a-4ae5-9560-d67f6ac8018f,48,node_completed,qa,394a5661-3813-4f9f-b5c9-4fe9e69a29e9,2026-09-11 20:38:23
91fb5b92-d68a-4ae5-9560-d67f6ac8018f,50,gate_opened,founder_gate,,2026-09-11 20:38:23
3cf1d115-e219-42d5-bcc2-f178b44d7727,182,node_completed,qa,60a40268-7daa-4d69-bee5-ba7087a80485,2026-09-11 20:52:59
3cf1d115-e219-42d5-bcc2-f178b44d7727,184,gate_opened,founder_gate,,2026-09-11 20:52:59
05c31b97-fa36-49be-a9a9-104a92f58d1c,84,node_completed,implement,27359e2d-5c6e-48ee-9ff5-c73d5f5bb11f,2026-09-11 20:54:58
05c31b97-fa36-49be-a9a9-104a92f58d1c,94,execution_dead_rolled_back,qa,3eb07d95-95de-46af-9d58-7e39f2ef1477,2026-09-11 20:54:59
05c31b97-fa36-49be-a9a9-104a92f58d1c,98,execution_admitted,qa,86ddfa6f-cb01-47b2-9698-2bf01637b605,2026-09-11 20:54:59
05c31b97-fa36-49be-a9a9-104a92f58d1c,104,rework_replacement_launched,qa,86ddfa6f-cb01-47b2-9698-2bf01637b605,2026-09-11 20:55:18
dcfc781a-615c-400f-b64a-eaf0417a85fc,21,node_completed,implement,ede9f695-4a50-4dd6-85c1-039e3e4cf85b,2026-09-11 21:10:44
dcfc781a-615c-400f-b64a-eaf0417a85fc,26,execution_admitted,qa,7567ec71-69df-4d83-88ff-9eecaeb7bebd,2026-09-11 21:10:44
9d20fedd-f7dd-4a2c-a1d3-27f76deb4114,56,node_completed,qa,88183928-98b0-41b2-a110-2be36d53eed0,2026-09-11 21:15:48
9d20fedd-f7dd-4a2c-a1d3-27f76deb4114,58,gate_opened,founder_gate,,2026-09-11 21:15:48
2776f5f7-60ab-41be-b13e-2759a908d70c,36,node_completed,implement,c5169833-2016-4f69-8a65-464ed42caad0,2026-09-11 21:18:52
2776f5f7-60ab-41be-b13e-2759a908d70c,41,execution_admitted,qa,97f610a2-cd87-4f70-9bb6-4ad9b41f4bb2,2026-09-11 21:18:53
05c31b97-fa36-49be-a9a9-104a92f58d1c,115,node_completed,qa,86ddfa6f-cb01-47b2-9698-2bf01637b605,2026-09-11 21:21:10
05c31b97-fa36-49be-a9a9-104a92f58d1c,117,gate_opened,founder_gate,,2026-09-11 21:21:10
dcfc781a-615c-400f-b64a-eaf0417a85fc,33,node_completed,qa,7567ec71-69df-4d83-88ff-9eecaeb7bebd,2026-09-11 21:25:28
dcfc781a-615c-400f-b64a-eaf0417a85fc,40,execution_admitted,implement,ede9f695-4a50-4dd6-85c1-039e3e4cf85b,2026-09-11 21:25:28
5e55e17e-1005-4c8a-a514-80fa3e7c11d1,94,node_completed,implement,dc5d3e71-2c14-4edb-b1a4-cd20f1babe10,2026-09-11 21:26:41
5e55e17e-1005-4c8a-a514-80fa3e7c11d1,104,execution_dead_rolled_back,qa,75952ab7-fb47-4ed8-b11c-ae79f2f25072,2026-09-11 21:26:42
5e55e17e-1005-4c8a-a514-80fa3e7c11d1,108,execution_admitted,qa,5dd14d3e-176a-4cb8-906e-49bd6e6f4000,2026-09-11 21:26:42
5e55e17e-1005-4c8a-a514-80fa3e7c11d1,114,rework_replacement_launched,qa,5dd14d3e-176a-4cb8-906e-49bd6e6f4000,2026-09-11 21:26:51
2776f5f7-60ab-41be-b13e-2759a908d70c,48,node_completed,qa,97f610a2-cd87-4f70-9bb6-4ad9b41f4bb2,2026-09-11 21:38:32
2776f5f7-60ab-41be-b13e-2759a908d70c,50,gate_opened,founder_gate,,2026-09-11 21:38:32
5e55e17e-1005-4c8a-a514-80fa3e7c11d1,126,node_completed,qa,5dd14d3e-176a-4cb8-906e-49bd6e6f4000,2026-09-11 21:55:31
5e55e17e-1005-4c8a-a514-80fa3e7c11d1,128,gate_opened,founder_gate,,2026-09-11 21:55:31
15188b39-c4f3-4a48-a14a-db25dd9997aa,35,node_completed,implement,a70103de-89c4-4d2b-9d5d-c110e826477a,2026-09-11 22:30:30
15188b39-c4f3-4a48-a14a-db25dd9997aa,40,execution_admitted,qa,7678be37-2c1a-46ee-bc19-ba7f7e3356c0,2026-09-11 22:30:31
dcfc781a-615c-400f-b64a-eaf0417a85fc,100,execution_dead_rolled_back,implement,ede9f695-4a50-4dd6-85c1-039e3e4cf85b,2026-09-11 23:53:04
dcfc781a-615c-400f-b64a-eaf0417a85fc,104,execution_admitted,implement,21f3edef-b9c5-45b4-8434-be0486566221,2026-09-11 23:53:04
dcfc781a-615c-400f-b64a-eaf0417a85fc,110,rework_replacement_launched,implement,21f3edef-b9c5-45b4-8434-be0486566221,2026-09-11 23:54:03
dcfc781a-615c-400f-b64a-eaf0417a85fc,117,node_completed,implement,21f3edef-b9c5-45b4-8434-be0486566221,2026-09-12 00:13:38
dcfc781a-615c-400f-b64a-eaf0417a85fc,125,execution_admitted,qa,7567ec71-69df-4d83-88ff-9eecaeb7bebd,2026-09-12 00:13:39
dcfc781a-615c-400f-b64a-eaf0417a85fc,135,node_completed,qa,7567ec71-69df-4d83-88ff-9eecaeb7bebd,2026-09-12 00:20:11
dcfc781a-615c-400f-b64a-eaf0417a85fc,137,gate_opened,founder_gate,,2026-09-12 00:20:11
15188b39-c4f3-4a48-a14a-db25dd9997aa,48,node_completed,qa,7678be37-2c1a-46ee-bc19-ba7f7e3356c0,2026-09-12 17:23:00
15188b39-c4f3-4a48-a14a-db25dd9997aa,50,gate_opened,founder_gate,,2026-09-12 17:23:00
91fb5b92-d68a-4ae5-9560-d67f6ac8018f,69,execution_dead_rolled_back,implement,a3798de4-31b4-4764-89f0-56b74f62c73c,2026-09-12 17:42:38
91fb5b92-d68a-4ae5-9560-d67f6ac8018f,73,execution_admitted,implement,7e389387-5f27-4020-9f1b-fd2a3574095d,2026-09-12 17:42:38
91fb5b92-d68a-4ae5-9560-d67f6ac8018f,79,rework_replacement_launched,implement,7e389387-5f27-4020-9f1b-fd2a3574095d,2026-09-12 17:47:41
91fb5b92-d68a-4ae5-9560-d67f6ac8018f,96,node_completed,implement,7e389387-5f27-4020-9f1b-fd2a3574095d,2026-09-12 18:33:07
91fb5b92-d68a-4ae5-9560-d67f6ac8018f,104,execution_admitted,qa,394a5661-3813-4f9f-b5c9-4fe9e69a29e9,2026-09-12 18:33:08
91fb5b92-d68a-4ae5-9560-d67f6ac8018f,115,node_completed,qa,394a5661-3813-4f9f-b5c9-4fe9e69a29e9,2026-09-12 18:42:49
91fb5b92-d68a-4ae5-9560-d67f6ac8018f,117,gate_opened,founder_gate,,2026-09-12 18:42:49
91fb5b92-d68a-4ae5-9560-d67f6ac8018f,123,node_completed,founder_gate,394a5661-3813-4f9f-b5c9-4fe9e69a29e9,2026-09-12 19:51:47
9d20fedd-f7dd-4a2c-a1d3-27f76deb4114,61,node_completed,founder_gate,88183928-98b0-41b2-a110-2be36d53eed0,2026-09-12 19:53:02
91fb5b92-d68a-4ae5-9560-d67f6ac8018f,131,run_completed,land,36033e02-d53c-4279-bd3e-9896f528e1fd,2026-09-12 19:53:02
05c31b97-fa36-49be-a9a9-104a92f58d1c,122,node_completed,founder_gate,86ddfa6f-cb01-47b2-9698-2bf01637b605,2026-09-12 19:53:07
15188b39-c4f3-4a48-a14a-db25dd9997aa,53,node_completed,founder_gate,7678be37-2c1a-46ee-bc19-ba7f7e3356c0,2026-09-12 19:53:07
9d20fedd-f7dd-4a2c-a1d3-27f76deb4114,69,run_completed,land,77fbb7f6-3e38-4f7f-8fcf-1fa92b5010a0,2026-09-12 20:04:09
05c31b97-fa36-49be-a9a9-104a92f58d1c,139,run_completed,land,75def44c-9e3d-4ac3-becb-d11beb0fd043,2026-09-12 20:05:19
15188b39-c4f3-4a48-a14a-db25dd9997aa,82,rework_pane_loss_handoff,implement,a70103de-89c4-4d2b-9d5d-c110e826477a,2026-09-12 20:20:27
15188b39-c4f3-4a48-a14a-db25dd9997aa,91,execution_dead_rolled_back,implement,a70103de-89c4-4d2b-9d5d-c110e826477a,2026-09-12 20:40:29
15188b39-c4f3-4a48-a14a-db25dd9997aa,95,execution_admitted,implement,cd5ac76c-14d9-46c6-881f-ca89d931a3dc,2026-09-12 20:40:29
15188b39-c4f3-4a48-a14a-db25dd9997aa,100,rework_replacement_launched,implement,cd5ac76c-14d9-46c6-881f-ca89d931a3dc,2026-09-12 20:41:42
15188b39-c4f3-4a48-a14a-db25dd9997aa,116,node_completed,implement,cd5ac76c-14d9-46c6-881f-ca89d931a3dc,2026-09-12 21:17:52
15188b39-c4f3-4a48-a14a-db25dd9997aa,123,execution_admitted,qa,7678be37-2c1a-46ee-bc19-ba7f7e3356c0,2026-09-12 21:17:52
15188b39-c4f3-4a48-a14a-db25dd9997aa,150,node_completed,qa,7678be37-2c1a-46ee-bc19-ba7f7e3356c0,2026-09-12 21:28:34
15188b39-c4f3-4a48-a14a-db25dd9997aa,152,gate_opened,founder_gate,,2026-09-12 21:28:34
2776f5f7-60ab-41be-b13e-2759a908d70c,57,node_completed,founder_gate,97f610a2-cd87-4f70-9bb6-4ad9b41f4bb2,2026-09-13 22:12:36
15188b39-c4f3-4a48-a14a-db25dd9997aa,3113,node_completed,founder_gate,7678be37-2c1a-46ee-bc19-ba7f7e3356c0,2026-09-13 22:12:36
15188b39-c4f3-4a48-a14a-db25dd9997aa,3123,run_completed,land,99370d54-d4c0-4bff-845d-96578e2b930b,2026-09-13 22:13:45
5a291283-f4b0-439e-b31b-e7852d4a0a28,192,node_completed,founder_gate,8f441633-1d26-432b-b8f9-b97de38c1e9c,2026-09-13 22:13:46
db8d4d16-abb1-4b9f-bde2-d5a82259270f,112,node_completed,founder_gate,ff2d2277-77e8-4b4e-b043-95e7d2f5e49c,2026-09-13 22:13:46
3cf1d115-e219-42d5-bcc2-f178b44d7727,188,node_completed,founder_gate,60a40268-7daa-4d69-bee5-ba7087a80485,2026-09-13 22:13:46
5e55e17e-1005-4c8a-a514-80fa3e7c11d1,133,node_completed,founder_gate,5dd14d3e-176a-4cb8-906e-49bd6e6f4000,2026-09-13 22:13:51
dcfc781a-615c-400f-b64a-eaf0417a85fc,143,node_completed,founder_gate,7567ec71-69df-4d83-88ff-9eecaeb7bebd,2026-09-13 22:13:51
db8d4d16-abb1-4b9f-bde2-d5a82259270f,127,execution_dead_rolled_back,implement,b46346ed-6cd7-483a-8a07-be14e4c70340,2026-09-13 22:14:05
3cf1d115-e219-42d5-bcc2-f178b44d7727,202,execution_dead_rolled_back,implement,0c9d626c-0633-45e1-bf2c-b130137a8504,2026-09-13 22:14:05
db8d4d16-abb1-4b9f-bde2-d5a82259270f,131,execution_admitted,implement,60853b9b-8254-4565-abbc-fd36de5388c5,2026-09-13 22:14:13
db8d4d16-abb1-4b9f-bde2-d5a82259270f,137,rework_replacement_launched,implement,60853b9b-8254-4565-abbc-fd36de5388c5,2026-09-13 22:19:02
3cf1d115-e219-42d5-bcc2-f178b44d7727,206,execution_admitted,implement,46d62e41-97e1-4a1c-bdd3-418a0e7cd4d5,2026-09-13 22:19:02
3cf1d115-e219-42d5-bcc2-f178b44d7727,212,rework_replacement_launched,implement,46d62e41-97e1-4a1c-bdd3-418a0e7cd4d5,2026-09-13 22:20:10
5e55e17e-1005-4c8a-a514-80fa3e7c11d1,142,run_completed,land,05a47af4-c466-4e74-b19c-2772ab3e415a,2026-09-13 22:20:13
2776f5f7-60ab-41be-b13e-2759a908d70c,66,run_completed,land,95569541-073c-46e0-8e60-8eecc45f0984,2026-09-13 22:20:13
50274a0c-6b85-4673-ba0c-9bbe1e04f253,3,execution_admitted,implement,aa11b10a-984e-4aea-9beb-cb297447d841,2026-09-13 22:30:31
379fa52f-6e81-4d38-af81-498ff432def1,4,execution_admitted,eng_design,52f76cca-a3e1-4660-a509-99e6ab4fcf14,2026-09-13 22:31:54
30b4f2a4-62fa-4adf-ae37-4088ae98a212,4,execution_admitted,eng_design,423050f0-163a-422d-b1fb-898ad08aa1c0,2026-09-13 22:32:13
025a9989-1023-48c7-8176-98184cd2b937,4,execution_admitted,eng_design,412485c1-93e3-4bbf-b228-b12410649347,2026-09-13 22:32:36
5a291283-f4b0-439e-b31b-e7852d4a0a28,219,rework_pane_loss_handoff,implement,5c52a4f5-3abe-454a-9161-0bb9bdce8a7c,2026-09-13 22:34:28
dcfc781a-615c-400f-b64a-eaf0417a85fc,169,rework_pane_loss_handoff,implement,21f3edef-b9c5-45b4-8434-be0486566221,2026-09-13 22:35:15
cf8be4ae-95d6-4bf1-b623-737fe827f4d3,4,execution_admitted,eng_design,83998340-8beb-4ac9-9e8c-74890983cc7a,2026-09-13 22:36:08
55ed03ff-956d-4854-a644-bc2daad252c5,3,execution_admitted,implement,42361efe-f452-42b3-9c03-dfe070ac5413,2026-09-13 22:36:28
a9ea4f26-8ab0-4830-a1f7-0f074196e363,4,execution_admitted,eng_design,50a6cf26-a76f-47c7-8864-519a16871c53,2026-09-13 22:37:01
c04bce2b-23b9-4005-97ab-cf3e44e8edd5,4,execution_admitted,eng_design,a020e0f0-0ba1-402c-a0c4-e90aef085cd2,2026-09-13 22:37:46
b4022d94-3882-4b63-a33e-7ef496db59cb,3,execution_admitted,implement,9f167239-1266-45a6-aab2-e39fea820e72,2026-09-13 22:38:58
db8d4d16-abb1-4b9f-bde2-d5a82259270f,146,node_completed,implement,60853b9b-8254-4565-abbc-fd36de5388c5,2026-09-13 22:39:12
db8d4d16-abb1-4b9f-bde2-d5a82259270f,156,execution_dead_rolled_back,qa,ff2d2277-77e8-4b4e-b043-95e7d2f5e49c,2026-09-13 22:39:13
db8d4d16-abb1-4b9f-bde2-d5a82259270f,160,execution_admitted,qa,5462869c-8d38-456f-b3aa-64ca9470a1d0,2026-09-13 22:39:13
db8d4d16-abb1-4b9f-bde2-d5a82259270f,166,rework_replacement_launched,qa,5462869c-8d38-456f-b3aa-64ca9470a1d0,2026-09-13 22:39:47
b7a9ee1d-9dbe-43e2-811f-9cdd502749f8,3,execution_admitted,implement,4477b4c3-c5fe-40ed-a20f-d4d4a81f3248,2026-09-13 22:40:11
f6850fe8-3415-40f8-9121-f380f49e5b88,3,execution_admitted,implement,bd059dd0-9e6e-4dea-9411-4d987c6a8ed1,2026-09-13 22:41:26
7ebc03c5-bd2d-404e-8381-9f85af03d26e,3,execution_admitted,implement,dc9490b0-d51c-4bcd-ac33-cc1b32e9cd33,2026-09-13 22:42:35
3607dac5-86b0-43bf-9bb9-e2afb55a76f5,4,execution_admitted,eng_design,a2caaf83-3892-4316-aab4-fe38de9df80b,2026-09-13 22:43:57
db8d4d16-abb1-4b9f-bde2-d5a82259270f,172,node_completed,qa,5462869c-8d38-456f-b3aa-64ca9470a1d0,2026-09-13 22:49:51
db8d4d16-abb1-4b9f-bde2-d5a82259270f,174,gate_opened,founder_gate,,2026-09-13 22:49:51
55ed03ff-956d-4854-a644-bc2daad252c5,9,node_completed,implement,42361efe-f452-42b3-9c03-dfe070ac5413,2026-09-13 22:52:14
55ed03ff-956d-4854-a644-bc2daad252c5,14,execution_admitted,qa,c241738a-053d-49bf-a702-d328508cd28a,2026-09-13 22:52:17
dcfc781a-615c-400f-b64a-eaf0417a85fc,186,execution_dead_rolled_back,implement,21f3edef-b9c5-45b4-8434-be0486566221,2026-09-13 22:53:25
dcfc781a-615c-400f-b64a-eaf0417a85fc,190,execution_admitted,implement,2504fd7c-9319-469a-878e-ae950989485a,2026-09-13 22:53:25
dcfc781a-615c-400f-b64a-eaf0417a85fc,196,rework_replacement_launched,implement,2504fd7c-9319-469a-878e-ae950989485a,2026-09-13 22:55:36
55ed03ff-956d-4854-a644-bc2daad252c5,21,node_completed,qa,c241738a-053d-49bf-a702-d328508cd28a,2026-09-13 22:58:42
55ed03ff-956d-4854-a644-bc2daad252c5,23,gate_opened,founder_gate,,2026-09-13 22:58:42
3cf1d115-e219-42d5-bcc2-f178b44d7727,229,node_completed,implement,46d62e41-97e1-4a1c-bdd3-418a0e7cd4d5,2026-09-13 23:04:44
3cf1d115-e219-42d5-bcc2-f178b44d7727,237,execution_admitted,qa,60a40268-7daa-4d69-bee5-ba7087a80485,2026-09-13 23:04:45
379fa52f-6e81-4d38-af81-498ff432def1,10,node_completed,eng_design,52f76cca-a3e1-4660-a509-99e6ab4fcf14,2026-09-13 23:07:12
379fa52f-6e81-4d38-af81-498ff432def1,15,execution_admitted,implement,09d77f2a-eaac-4802-b6a2-fbc2c4d8d5a3,2026-09-13 23:07:13
50274a0c-6b85-4673-ba0c-9bbe1e04f253,9,node_completed,implement,aa11b10a-984e-4aea-9beb-cb297447d841,2026-09-13 23:08:35
50274a0c-6b85-4673-ba0c-9bbe1e04f253,14,execution_admitted,qa,43ccf597-ec67-4b85-acf2-4bbdf20b5005,2026-09-13 23:08:35
a9ea4f26-8ab0-4830-a1f7-0f074196e363,11,node_completed,eng_design,50a6cf26-a76f-47c7-8864-519a16871c53,2026-09-13 23:09:32
a9ea4f26-8ab0-4830-a1f7-0f074196e363,16,execution_admitted,implement,a44510ad-3ed6-4505-992a-f7ace7c1beea,2026-09-13 23:09:32
025a9989-1023-48c7-8176-98184cd2b937,13,node_completed,eng_design,412485c1-93e3-4bbf-b228-b12410649347,2026-09-13 23:13:01
025a9989-1023-48c7-8176-98184cd2b937,18,execution_admitted,implement,eb9fb39b-2fea-49bd-9fba-6d497a5ef678,2026-09-13 23:13:02
50274a0c-6b85-4673-ba0c-9bbe1e04f253,21,node_completed,qa,43ccf597-ec67-4b85-acf2-4bbdf20b5005,2026-09-13 23:13:48
50274a0c-6b85-4673-ba0c-9bbe1e04f253,23,gate_opened,founder_gate,,2026-09-13 23:13:48
b7a9ee1d-9dbe-43e2-811f-9cdd502749f8,9,node_completed,implement,4477b4c3-c5fe-40ed-a20f-d4d4a81f3248,2026-09-13 23:14:36
b7a9ee1d-9dbe-43e2-811f-9cdd502749f8,14,execution_admitted,qa,760e0d27-38aa-49a3-ba1e-c7b2562435b6,2026-09-13 23:14:37
dcfc781a-615c-400f-b64a-eaf0417a85fc,206,node_completed,implement,2504fd7c-9319-469a-878e-ae950989485a,2026-09-13 23:18:06
dcfc781a-615c-400f-b64a-eaf0417a85fc,214,execution_admitted,qa,7567ec71-69df-4d83-88ff-9eecaeb7bebd,2026-09-13 23:18:07
b7a9ee1d-9dbe-43e2-811f-9cdd502749f8,21,node_completed,qa,760e0d27-38aa-49a3-ba1e-c7b2562435b6,2026-09-13 23:19:30
b7a9ee1d-9dbe-43e2-811f-9cdd502749f8,23,gate_opened,founder_gate,,2026-09-13 23:19:30
3cf1d115-e219-42d5-bcc2-f178b44d7727,249,node_completed,qa,60a40268-7daa-4d69-bee5-ba7087a80485,2026-09-13 23:20:04
3cf1d115-e219-42d5-bcc2-f178b44d7727,251,gate_opened,founder_gate,,2026-09-13 23:20:04
b4022d94-3882-4b63-a33e-7ef496db59cb,9,node_completed,implement,9f167239-1266-45a6-aab2-e39fea820e72,2026-09-13 23:22:27
b4022d94-3882-4b63-a33e-7ef496db59cb,14,execution_admitted,qa,bbf09e4a-8607-411a-aef8-7ea648b536dc,2026-09-13 23:22:32
7ebc03c5-bd2d-404e-8381-9f85af03d26e,9,node_completed,implement,dc9490b0-d51c-4bcd-ac33-cc1b32e9cd33,2026-09-13 23:23:35
7ebc03c5-bd2d-404e-8381-9f85af03d26e,14,execution_admitted,qa,676e4f36-b395-49b0-acd3-bc8ed18ef9ad,2026-09-13 23:23:36
7ebc03c5-bd2d-404e-8381-9f85af03d26e,21,node_completed,qa,676e4f36-b395-49b0-acd3-bc8ed18ef9ad,2026-09-13 23:30:17
7ebc03c5-bd2d-404e-8381-9f85af03d26e,23,gate_opened,founder_gate,,2026-09-13 23:30:17
f6850fe8-3415-40f8-9121-f380f49e5b88,9,node_completed,implement,bd059dd0-9e6e-4dea-9411-4d987c6a8ed1,2026-09-13 23:31:06
f6850fe8-3415-40f8-9121-f380f49e5b88,14,execution_admitted,qa,e94e97d9-9d99-4496-8c56-e441b7e3966e,2026-09-13 23:31:07
b4022d94-3882-4b63-a33e-7ef496db59cb,21,unlaunched_admission_rolled_back,qa,bbf09e4a-8607-411a-aef8-7ea648b536dc,2026-09-13 23:32:32
f6850fe8-3415-40f8-9121-f380f49e5b88,21,node_completed,qa,e94e97d9-9d99-4496-8c56-e441b7e3966e,2026-09-13 23:36:03
f6850fe8-3415-40f8-9121-f380f49e5b88,23,gate_opened,founder_gate,,2026-09-13 23:36:03
379fa52f-6e81-4d38-af81-498ff432def1,23,writer_replacement,implement,e0198689-c8a0-4eb5-8853-e7f7009c20e1,2026-09-13 23:47:01
379fa52f-6e81-4d38-af81-498ff432def1,24,resume_target_unrecoverable,implement,,2026-09-13 23:47:01
379fa52f-6e81-4d38-af81-498ff432def1,25,execution_dead_rolled_back,implement,09d77f2a-eaac-4802-b6a2-fbc2c4d8d5a3,2026-09-13 23:47:01
379fa52f-6e81-4d38-af81-498ff432def1,27,execution_admitted,implement,e0198689-c8a0-4eb5-8853-e7f7009c20e1,2026-09-13 23:47:01
dcfc781a-615c-400f-b64a-eaf0417a85fc,231,node_completed,qa,7567ec71-69df-4d83-88ff-9eecaeb7bebd,2026-09-13 23:47:12
dcfc781a-615c-400f-b64a-eaf0417a85fc,233,gate_opened,founder_gate,,2026-09-13 23:47:12
cf8be4ae-95d6-4bf1-b623-737fe827f4d3,10,node_completed,eng_design,83998340-8beb-4ac9-9e8c-74890983cc7a,2026-09-14 00:09:36
30b4f2a4-62fa-4adf-ae37-4088ae98a212,10,node_completed,eng_design,423050f0-163a-422d-b1fb-898ad08aa1c0,2026-09-14 00:11:24
3607dac5-86b0-43bf-9bb9-e2afb55a76f5,10,node_completed,eng_design,a2caaf83-3892-4316-aab4-fe38de9df80b,2026-09-14 00:12:26
379fa52f-6e81-4d38-af81-498ff432def1,36,node_completed,implement,e0198689-c8a0-4eb5-8853-e7f7009c20e1,2026-09-14 00:14:28
30b4f2a4-62fa-4adf-ae37-4088ae98a212,15,execution_admitted,implement,1e02f10a-8e10-4f58-9790-dec0d6773375,2026-09-14 00:16:16
3607dac5-86b0-43bf-9bb9-e2afb55a76f5,15,execution_admitted,implement,53be23fe-cd31-4c11-9d3d-0f2615bc1591,2026-09-14 00:17:19
379fa52f-6e81-4d38-af81-498ff432def1,43,execution_admitted,qa,f01fa466-5851-4069-baf1-0588e48db2d0,2026-09-14 00:18:06
cf8be4ae-95d6-4bf1-b623-737fe827f4d3,16,execution_admitted,implement,40d9c289-a049-4f13-8ac8-87d20953f681,2026-09-14 00:18:25
a9ea4f26-8ab0-4830-a1f7-0f074196e363,25,node_completed,implement,a44510ad-3ed6-4505-992a-f7ace7c1beea,2026-09-14 00:20:21
a9ea4f26-8ab0-4830-a1f7-0f074196e363,30,execution_admitted,qa,d77ced29-2d3e-4e81-ab59-d0d23a3f13cc,2026-09-14 00:20:21
c04bce2b-23b9-4005-97ab-cf3e44e8edd5,10,node_completed,eng_design,a020e0f0-0ba1-402c-a0c4-e90aef085cd2,2026-09-14 00:22:55
c04bce2b-23b9-4005-97ab-cf3e44e8edd5,15,execution_admitted,implement,39a0cec4-33cc-43e0-b631-29009e43234d,2026-09-14 00:22:55
379fa52f-6e81-4d38-af81-498ff432def1,53,node_completed,qa,f01fa466-5851-4069-baf1-0588e48db2d0,2026-09-14 00:33:50
379fa52f-6e81-4d38-af81-498ff432def1,55,gate_opened,founder_gate,,2026-09-14 00:33:50
a9ea4f26-8ab0-4830-a1f7-0f074196e363,39,node_completed,qa,d77ced29-2d3e-4e81-ab59-d0d23a3f13cc,2026-09-14 01:08:30
a9ea4f26-8ab0-4830-a1f7-0f074196e363,41,gate_opened,founder_gate,,2026-09-14 01:08:30
b7a9ee1d-9dbe-43e2-811f-9cdd502749f8,27,node_completed,founder_gate,760e0d27-38aa-49a3-ba1e-c7b2562435b6,2026-09-14 02:09:11
f6850fe8-3415-40f8-9121-f380f49e5b88,27,node_completed,founder_gate,e94e97d9-9d99-4496-8c56-e441b7e3966e,2026-09-14 02:09:11
b7a9ee1d-9dbe-43e2-811f-9cdd502749f8,35,run_completed,land,c9f4ab28-b928-4a76-a8c4-d33390f2653f,2026-09-14 02:10:25
55ed03ff-956d-4854-a644-bc2daad252c5,27,node_completed,founder_gate,c241738a-053d-49bf-a702-d328508cd28a,2026-09-14 02:10:32
a9ea4f26-8ab0-4830-a1f7-0f074196e363,44,node_completed,founder_gate,d77ced29-2d3e-4e81-ab59-d0d23a3f13cc,2026-09-14 02:10:32
f6850fe8-3415-40f8-9121-f380f49e5b88,39,run_completed,land,ca9e5952-3f12-4553-9d67-1edec62c4799,2026-09-14 02:11:38
db8d4d16-abb1-4b9f-bde2-d5a82259270f,179,node_completed,founder_gate,5462869c-8d38-456f-b3aa-64ca9470a1d0,2026-09-14 02:11:47
3cf1d115-e219-42d5-bcc2-f178b44d7727,256,node_completed,founder_gate,60a40268-7daa-4d69-bee5-ba7087a80485,2026-09-14 02:11:52
379fa52f-6e81-4d38-af81-498ff432def1,58,node_completed,founder_gate,f01fa466-5851-4069-baf1-0588e48db2d0,2026-09-14 02:13:08
55ed03ff-956d-4854-a644-bc2daad252c5,39,run_completed,land,c31fe677-d4c0-416b-b955-60d1c4c959c3,2026-09-14 02:13:09
db8d4d16-abb1-4b9f-bde2-d5a82259270f,197,run_completed,land,ce4289a6-d59c-4b59-b901-4d1cb18ccce2,2026-09-14 02:14:27
b4022d94-3882-4b63-a33e-7ef496db59cb,26,run_terminated,implement,9f167239-1266-45a6-aab2-e39fea820e72,2026-09-14 02:16:03
ab757039-5e5e-4da2-9dda-ff4d8e3abbce,3,execution_admitted,implement,58a92343-6399-4332-84f7-3091918832ae,2026-09-14 02:16:14
f7f0c257-c2e5-49b1-a3d4-f09d432919fc,3,execution_admitted,implement,060ba69c-7801-4ee5-8a5e-1d3a46b2780d,2026-09-14 02:19:33
30b4f2a4-62fa-4adf-ae37-4088ae98a212,20,node_completed,implement,1e02f10a-8e10-4f58-9790-dec0d6773375,2026-09-14 02:22:28
a9ea4f26-8ab0-4830-a1f7-0f074196e363,57,run_completed,land,e0b591f4-d2b9-4c06-bcc8-237150dbdf71,2026-09-14 02:26:05
30b4f2a4-62fa-4adf-ae37-4088ae98a212,25,execution_admitted,qa,232ae276-94a9-4e37-9832-ff2504d6df48,2026-09-14 02:26:17
c04bce2b-23b9-4005-97ab-cf3e44e8edd5,21,writer_replacement,implement,db82230d-eb3c-4288-b916-7449d712484a,2026-09-14 02:30:19
c04bce2b-23b9-4005-97ab-cf3e44e8edd5,22,resume_target_unrecoverable,implement,,2026-09-14 02:30:19
c04bce2b-23b9-4005-97ab-cf3e44e8edd5,23,execution_dead_rolled_back,implement,39a0cec4-33cc-43e0-b631-29009e43234d,2026-09-14 02:30:19
c04bce2b-23b9-4005-97ab-cf3e44e8edd5,25,execution_admitted,implement,db82230d-eb3c-4288-b916-7449d712484a,2026-09-14 02:30:19
30b4f2a4-62fa-4adf-ae37-4088ae98a212,33,node_completed,qa,232ae276-94a9-4e37-9832-ff2504d6df48,2026-09-14 02:32:15
30b4f2a4-62fa-4adf-ae37-4088ae98a212,35,gate_opened,founder_gate,,2026-09-14 02:32:15
3607dac5-86b0-43bf-9bb9-e2afb55a76f5,20,node_completed,implement,53be23fe-cd31-4c11-9d3d-0f2615bc1591,2026-09-14 02:39:37
3607dac5-86b0-43bf-9bb9-e2afb55a76f5,25,execution_admitted,qa,991e7054-6be0-4d78-b38a-deafafb3ae2c,2026-09-14 02:39:37
3cf1d115-e219-42d5-bcc2-f178b44d7727,291,rework_pane_loss_handoff,implement,46d62e41-97e1-4a1c-bdd3-418a0e7cd4d5,2026-09-14 02:40:16
3cf1d115-e219-42d5-bcc2-f178b44d7727,298,execution_dead_rolled_back,implement,46d62e41-97e1-4a1c-bdd3-418a0e7cd4d5,2026-09-14 02:47:21
3cf1d115-e219-42d5-bcc2-f178b44d7727,302,execution_admitted,implement,8999b4f1-c9ea-4a61-aa6d-cbaece3df39a,2026-09-14 02:47:21
3cf1d115-e219-42d5-bcc2-f178b44d7727,308,rework_replacement_launched,implement,8999b4f1-c9ea-4a61-aa6d-cbaece3df39a,2026-09-14 02:48:31
ab757039-5e5e-4da2-9dda-ff4d8e3abbce,10,node_completed,implement,58a92343-6399-4332-84f7-3091918832ae,2026-09-14 02:51:12
ab757039-5e5e-4da2-9dda-ff4d8e3abbce,15,execution_admitted,qa,b9021d4b-2a1d-4ea7-8251-148c01431b0c,2026-09-14 02:51:14
3607dac5-86b0-43bf-9bb9-e2afb55a76f5,33,node_completed,qa,991e7054-6be0-4d78-b38a-deafafb3ae2c,2026-09-14 02:55:16
3607dac5-86b0-43bf-9bb9-e2afb55a76f5,35,gate_opened,founder_gate,,2026-09-14 02:55:16
cf8be4ae-95d6-4bf1-b623-737fe827f4d3,21,node_completed,implement,40d9c289-a049-4f13-8ac8-87d20953f681,2026-09-14 02:56:18
cf8be4ae-95d6-4bf1-b623-737fe827f4d3,26,execution_admitted,qa,62ccc0c6-e83a-4b20-9433-2030f4d6ca08,2026-09-14 02:56:19
ab757039-5e5e-4da2-9dda-ff4d8e3abbce,23,node_completed,qa,b9021d4b-2a1d-4ea7-8251-148c01431b0c,2026-09-14 02:57:01
ab757039-5e5e-4da2-9dda-ff4d8e3abbce,25,gate_opened,founder_gate,,2026-09-14 02:57:01
50274a0c-6b85-4673-ba0c-9bbe1e04f253,27,node_completed,founder_gate,43ccf597-ec67-4b85-acf2-4bbdf20b5005,2026-09-14 03:03:34
7ebc03c5-bd2d-404e-8381-9f85af03d26e,27,node_completed,founder_gate,676e4f36-b395-49b0-acd3-bc8ed18ef9ad,2026-09-14 03:03:34
dcfc781a-615c-400f-b64a-eaf0417a85fc,239,node_completed,founder_gate,7567ec71-69df-4d83-88ff-9eecaeb7bebd,2026-09-14 03:04:44
30b4f2a4-62fa-4adf-ae37-4088ae98a212,39,node_completed,founder_gate,232ae276-94a9-4e37-9832-ff2504d6df48,2026-09-14 03:04:44
50274a0c-6b85-4673-ba0c-9bbe1e04f253,35,run_completed,land,c24c817a-c8ff-416b-905f-3c5a67dc8ae5,2026-09-14 03:04:44
7ebc03c5-bd2d-404e-8381-9f85af03d26e,39,run_completed,land,9a6b2c2f-4da7-486b-8c75-c5cf6ef375a0,2026-09-14 03:06:06
cf8be4ae-95d6-4bf1-b623-737fe827f4d3,34,node_completed,qa,62ccc0c6-e83a-4b20-9433-2030f4d6ca08,2026-09-14 03:07:12
cf8be4ae-95d6-4bf1-b623-737fe827f4d3,36,gate_opened,founder_gate,,2026-09-14 03:07:12
30b4f2a4-62fa-4adf-ae37-4088ae98a212,52,run_completed,land,2a3e51d3-ddb8-4ffb-8583-096421faa723,2026-09-14 03:07:35
dcfc781a-615c-400f-b64a-eaf0417a85fc,259,execution_dead_rolled_back,implement,2504fd7c-9319-469a-878e-ae950989485a,2026-09-14 03:08:11
dcfc781a-615c-400f-b64a-eaf0417a85fc,263,execution_admitted,implement,3c3f3739-a0af-479e-9321-28286f884bc9,2026-09-14 03:08:12
f7f0c257-c2e5-49b1-a3d4-f09d432919fc,9,node_completed,implement,060ba69c-7801-4ee5-8a5e-1d3a46b2780d,2026-09-14 03:08:38
dcfc781a-615c-400f-b64a-eaf0417a85fc,269,rework_replacement_launched,implement,3c3f3739-a0af-479e-9321-28286f884bc9,2026-09-14 03:09:23
f7f0c257-c2e5-49b1-a3d4-f09d432919fc,14,execution_admitted,qa,5efac172-89ab-49c4-b533-7192008c6eb7,2026-09-14 03:09:23
f7f0c257-c2e5-49b1-a3d4-f09d432919fc,21,node_completed,qa,5efac172-89ab-49c4-b533-7192008c6eb7,2026-09-14 03:20:28
f7f0c257-c2e5-49b1-a3d4-f09d432919fc,28,execution_admitted,implement,060ba69c-7801-4ee5-8a5e-1d3a46b2780d,2026-09-14 03:20:28
dcfc781a-615c-400f-b64a-eaf0417a85fc,278,node_completed,implement,3c3f3739-a0af-479e-9321-28286f884bc9,2026-09-14 03:30:37
dcfc781a-615c-400f-b64a-eaf0417a85fc,286,execution_admitted,qa,7567ec71-69df-4d83-88ff-9eecaeb7bebd,2026-09-14 03:30:38
dcfc781a-615c-400f-b64a-eaf0417a85fc,295,node_completed,qa,7567ec71-69df-4d83-88ff-9eecaeb7bebd,2026-09-14 03:35:04
dcfc781a-615c-400f-b64a-eaf0417a85fc,297,gate_opened,founder_gate,,2026-09-14 03:35:04
3cf1d115-e219-42d5-bcc2-f178b44d7727,332,node_completed,implement,8999b4f1-c9ea-4a61-aa6d-cbaece3df39a,2026-09-14 03:54:55
3cf1d115-e219-42d5-bcc2-f178b44d7727,340,execution_admitted,qa,60a40268-7daa-4d69-bee5-ba7087a80485,2026-09-14 03:54:56
c04bce2b-23b9-4005-97ab-cf3e44e8edd5,30,node_completed,implement,db82230d-eb3c-4288-b916-7449d712484a,2026-09-14 03:55:42
c04bce2b-23b9-4005-97ab-cf3e44e8edd5,35,execution_admitted,qa,c68863c8-4684-42a4-81c6-2685fba77c90,2026-09-14 03:55:43
c04bce2b-23b9-4005-97ab-cf3e44e8edd5,43,node_completed,qa,c68863c8-4684-42a4-81c6-2685fba77c90,2026-09-14 04:02:10
c04bce2b-23b9-4005-97ab-cf3e44e8edd5,45,gate_opened,founder_gate,,2026-09-14 04:02:10
3cf1d115-e219-42d5-bcc2-f178b44d7727,350,node_completed,qa,60a40268-7daa-4d69-bee5-ba7087a80485,2026-09-14 04:03:33
3cf1d115-e219-42d5-bcc2-f178b44d7727,352,gate_opened,founder_gate,,2026-09-14 04:03:33
f7f0c257-c2e5-49b1-a3d4-f09d432919fc,55,node_completed,implement,060ba69c-7801-4ee5-8a5e-1d3a46b2780d,2026-09-14 04:14:19
f7f0c257-c2e5-49b1-a3d4-f09d432919fc,63,execution_admitted,qa,5efac172-89ab-49c4-b533-7192008c6eb7,2026-09-14 04:14:20
f7f0c257-c2e5-49b1-a3d4-f09d432919fc,73,node_completed,qa,5efac172-89ab-49c4-b533-7192008c6eb7,2026-09-14 04:21:57
f7f0c257-c2e5-49b1-a3d4-f09d432919fc,75,gate_opened,founder_gate,,2026-09-14 04:21:57
3607dac5-86b0-43bf-9bb9-e2afb55a76f5,40,node_completed,founder_gate,991e7054-6be0-4d78-b38a-deafafb3ae2c,2026-09-14 04:34:50
ab757039-5e5e-4da2-9dda-ff4d8e3abbce,29,node_completed,founder_gate,b9021d4b-2a1d-4ea7-8251-148c01431b0c,2026-09-14 04:34:50
dcfc781a-615c-400f-b64a-eaf0417a85fc,303,node_completed,founder_gate,7567ec71-69df-4d83-88ff-9eecaeb7bebd,2026-09-14 04:34:55
cf8be4ae-95d6-4bf1-b623-737fe827f4d3,41,node_completed,founder_gate,62ccc0c6-e83a-4b20-9433-2030f4d6ca08,2026-09-14 04:36:05
3cf1d115-e219-42d5-bcc2-f178b44d7727,357,node_completed,founder_gate,60a40268-7daa-4d69-bee5-ba7087a80485,2026-09-14 04:36:05
3607dac5-86b0-43bf-9bb9-e2afb55a76f5,49,run_completed,land,f5c842ce-be2e-43c6-acb8-c343f7087035,2026-09-14 04:36:06
dcfc781a-615c-400f-b64a-eaf0417a85fc,323,run_completed,land,a22326f0-c969-4e4f-93c0-4d1de608120b,2026-09-14 04:37:27
5dface53-8d35-4574-8464-280c6a6eab8f,3,execution_admitted,implement,14673044-d64b-4020-97f6-08c7060a989c,2026-09-14 04:37:48
ab757039-5e5e-4da2-9dda-ff4d8e3abbce,41,run_completed,land,67ace2f7-ab68-4cf6-8710-04960a015e91,2026-09-14 04:48:42
cf8be4ae-95d6-4bf1-b623-737fe827f4d3,63,execution_dead_rolled_back,implement,40d9c289-a049-4f13-8ac8-87d20953f681,2026-09-14 04:48:47
cf8be4ae-95d6-4bf1-b623-737fe827f4d3,67,execution_admitted,implement,fec18b2a-dc0c-41bf-b2fc-e3293935b655,2026-09-14 04:48:47
cf8be4ae-95d6-4bf1-b623-737fe827f4d3,73,rework_replacement_launched,implement,fec18b2a-dc0c-41bf-b2fc-e3293935b655,2026-09-14 04:49:44
3cf1d115-e219-42d5-bcc2-f178b44d7727,389,execution_dead_rolled_back,implement,8999b4f1-c9ea-4a61-aa6d-cbaece3df39a,2026-09-14 04:53:30
3cf1d115-e219-42d5-bcc2-f178b44d7727,393,execution_admitted,implement,99ef435d-0e08-483a-8630-89f1819cfd31,2026-09-14 04:53:30
3cf1d115-e219-42d5-bcc2-f178b44d7727,399,rework_replacement_launched,implement,99ef435d-0e08-483a-8630-89f1819cfd31,2026-09-14 04:54:22
3cf1d115-e219-42d5-bcc2-f178b44d7727,411,node_completed,implement,99ef435d-0e08-483a-8630-89f1819cfd31,2026-09-14 05:30:23
3cf1d115-e219-42d5-bcc2-f178b44d7727,419,execution_admitted,qa,60a40268-7daa-4d69-bee5-ba7087a80485,2026-09-14 05:30:23
3cf1d115-e219-42d5-bcc2-f178b44d7727,429,node_completed,qa,60a40268-7daa-4d69-bee5-ba7087a80485,2026-09-14 05:36:02
3cf1d115-e219-42d5-bcc2-f178b44d7727,431,gate_opened,founder_gate,,2026-09-14 05:36:02
5dface53-8d35-4574-8464-280c6a6eab8f,10,writer_replacement,implement,c5c755a3-c9e1-4bd4-a259-0dfd0dab197b,2026-09-14 06:08:01
5dface53-8d35-4574-8464-280c6a6eab8f,11,resume_target_unrecoverable,implement,,2026-09-14 06:08:01
5dface53-8d35-4574-8464-280c6a6eab8f,12,execution_dead_rolled_back,implement,14673044-d64b-4020-97f6-08c7060a989c,2026-09-14 06:08:01
5dface53-8d35-4574-8464-280c6a6eab8f,14,execution_admitted,implement,c5c755a3-c9e1-4bd4-a259-0dfd0dab197b,2026-09-14 06:08:01
025a9989-1023-48c7-8176-98184cd2b937,25,writer_replacement,implement,7f333430-7c96-405d-9f43-0117d69811f7,2026-09-14 06:08:08
025a9989-1023-48c7-8176-98184cd2b937,26,resume_target_unrecoverable,implement,,2026-09-14 06:08:08
025a9989-1023-48c7-8176-98184cd2b937,27,execution_dead_rolled_back,implement,eb9fb39b-2fea-49bd-9fba-6d497a5ef678,2026-09-14 06:08:08
025a9989-1023-48c7-8176-98184cd2b937,29,execution_admitted,implement,7f333430-7c96-405d-9f43-0117d69811f7,2026-09-14 06:08:08
cf8be4ae-95d6-4bf1-b623-737fe827f4d3,102,writer_replacement,implement,235a8c4b-ba35-424b-8f1f-2614c9d87d8d,2026-09-14 06:08:16
cf8be4ae-95d6-4bf1-b623-737fe827f4d3,103,resume_target_unrecoverable,implement,,2026-09-14 06:08:16
cf8be4ae-95d6-4bf1-b623-737fe827f4d3,104,execution_dead_rolled_back,implement,fec18b2a-dc0c-41bf-b2fc-e3293935b655,2026-09-14 06:08:16
cf8be4ae-95d6-4bf1-b623-737fe827f4d3,105,repeated_dead_execution_pattern,implement,fec18b2a-dc0c-41bf-b2fc-e3293935b655,2026-09-14 06:08:16
cf8be4ae-95d6-4bf1-b623-737fe827f4d3,109,execution_admitted,implement,235a8c4b-ba35-424b-8f1f-2614c9d87d8d,2026-09-14 06:10:59
cf8be4ae-95d6-4bf1-b623-737fe827f4d3,114,rework_replacement_launched,implement,235a8c4b-ba35-424b-8f1f-2614c9d87d8d,2026-09-14 06:11:52
cf8be4ae-95d6-4bf1-b623-737fe827f4d3,116,writer_replacement,implement,80243686-a66a-4bb9-a418-242490331a21,2026-09-14 06:13:17
cf8be4ae-95d6-4bf1-b623-737fe827f4d3,117,resume_target_unrecoverable,implement,,2026-09-14 06:13:17
cf8be4ae-95d6-4bf1-b623-737fe827f4d3,118,execution_dead_rolled_back,implement,235a8c4b-ba35-424b-8f1f-2614c9d87d8d,2026-09-14 06:13:17
cf8be4ae-95d6-4bf1-b623-737fe827f4d3,119,repeated_dead_execution_pattern,implement,235a8c4b-ba35-424b-8f1f-2614c9d87d8d,2026-09-14 06:13:17
cf8be4ae-95d6-4bf1-b623-737fe827f4d3,123,execution_admitted,implement,80243686-a66a-4bb9-a418-242490331a21,2026-09-14 06:14:53
cf8be4ae-95d6-4bf1-b623-737fe827f4d3,128,rework_replacement_launched,implement,80243686-a66a-4bb9-a418-242490331a21,2026-09-14 06:15:46
5dface53-8d35-4574-8464-280c6a6eab8f,21,unlaunched_admission_rolled_back,implement,c5c755a3-c9e1-4bd4-a259-0dfd0dab197b,2026-09-14 06:18:01
025a9989-1023-48c7-8176-98184cd2b937,36,unlaunched_admission_rolled_back,implement,7f333430-7c96-405d-9f43-0117d69811f7,2026-09-14 06:18:08
cf8be4ae-95d6-4bf1-b623-737fe827f4d3,149,writer_replacement,implement,78c54cd9-bf5d-4046-840c-648f9b50d3a9,2026-09-14 06:28:17
cf8be4ae-95d6-4bf1-b623-737fe827f4d3,150,resume_target_unrecoverable,implement,,2026-09-14 06:28:17
cf8be4ae-95d6-4bf1-b623-737fe827f4d3,151,execution_dead_rolled_back,implement,80243686-a66a-4bb9-a418-242490331a21,2026-09-14 06:28:17
cf8be4ae-95d6-4bf1-b623-737fe827f4d3,152,repeated_dead_execution_pattern,implement,80243686-a66a-4bb9-a418-242490331a21,2026-09-14 06:28:17
cf8be4ae-95d6-4bf1-b623-737fe827f4d3,155,execution_admitted,implement,78c54cd9-bf5d-4046-840c-648f9b50d3a9,2026-09-14 06:28:17
cf8be4ae-95d6-4bf1-b623-737fe827f4d3,160,rework_replacement_launched,implement,78c54cd9-bf5d-4046-840c-648f9b50d3a9,2026-09-14 06:29:11
3cf1d115-e219-42d5-bcc2-f178b44d7727,437,node_completed,founder_gate,60a40268-7daa-4d69-bee5-ba7087a80485,2026-09-14 07:23:05
f7f0c257-c2e5-49b1-a3d4-f09d432919fc,79,node_completed,founder_gate,5efac172-89ab-49c4-b533-7192008c6eb7,2026-09-14 07:24:15
f7f0c257-c2e5-49b1-a3d4-f09d432919fc,93,execution_admitted,implement,060ba69c-7801-4ee5-8a5e-1d3a46b2780d,2026-09-14 07:24:20
f7f0c257-c2e5-49b1-a3d4-f09d432919fc,94,resume_target_unrecoverable,implement,,2026-09-14 07:24:20
c04bce2b-23b9-4005-97ab-cf3e44e8edd5,50,node_completed,founder_gate,c68863c8-4684-42a4-81c6-2685fba77c90,2026-09-14 07:25:20
c04bce2b-23b9-4005-97ab-cf3e44e8edd5,59,run_completed,land,220f7d2e-5637-4a61-84b6-a8c3c63c76a8,2026-09-14 07:26:29
f7f0c257-c2e5-49b1-a3d4-f09d432919fc,105,execution_dead_rolled_back,implement,060ba69c-7801-4ee5-8a5e-1d3a46b2780d,2026-09-14 07:31:22
f7f0c257-c2e5-49b1-a3d4-f09d432919fc,109,execution_admitted,implement,808cc626-e5a9-4e6e-a5a3-c0ff3722de46,2026-09-14 07:31:22
f7f0c257-c2e5-49b1-a3d4-f09d432919fc,115,rework_replacement_launched,implement,808cc626-e5a9-4e6e-a5a3-c0ff3722de46,2026-09-14 07:36:26
5dface53-8d35-4574-8464-280c6a6eab8f,25,run_terminated,implement,c5c755a3-c9e1-4bd4-a259-0dfd0dab197b,2026-09-14 07:38:20
025a9989-1023-48c7-8176-98184cd2b937,40,run_terminated,implement,7f333430-7c96-405d-9f43-0117d69811f7,2026-09-14 07:38:21
0f419a93-84c8-4d05-8d6f-b8566dc68a43,3,execution_admitted,implement,5e010293-1281-42d7-9f17-44530bc003ea,2026-09-14 07:39:05
c176229a-5fe3-4d4d-886b-e1e7527ec9e2,4,execution_admitted,eng_design,4c428168-c403-4b03-b2b9-ffa47bf68433,2026-09-14 07:40:13
ef75e4c5-d7c1-4f05-9fae-926c4621372a,3,execution_admitted,implement,7c91b8b4-79e3-4f69-86f9-19e2ddbba845,2026-09-14 07:41:35
60ec91c7-c35a-4644-a15a-f4fca84f4725,3,execution_admitted,implement,aceb4115-868c-48c1-9c58-76ca0783c3a2,2026-09-14 07:44:00
644fb67f-17e8-4800-8498-05896ce35005,3,execution_admitted,implement,5b550282-9cd9-4d21-bdcd-e0e1ff959283,2026-09-14 07:44:59
f17d783d-9f4d-4134-a016-a9a7402e9b12,3,execution_admitted,implement,b3ad6910-0961-461e-be16-39ad4ed7a3e5,2026-09-14 07:48:09
cf8be4ae-95d6-4bf1-b623-737fe827f4d3,203,run_terminated_by_operator,,,2026-09-14 07:54:31
4f12e13a-8807-466b-87f6-b6e317f721e9,3,execution_admitted,implement,a4bbf994-d90d-4700-8d1a-90d365eb1e83,2026-09-14 07:55:13
c176229a-5fe3-4d4d-886b-e1e7527ec9e2,13,node_completed,eng_design,4c428168-c403-4b03-b2b9-ffa47bf68433,2026-09-14 08:12:25
c176229a-5fe3-4d4d-886b-e1e7527ec9e2,18,execution_admitted,implement,ed0040d2-b967-4079-b8ce-f8aa2b23cf02,2026-09-14 08:12:26
f7f0c257-c2e5-49b1-a3d4-f09d432919fc,131,node_completed,implement,808cc626-e5a9-4e6e-a5a3-c0ff3722de46,2026-09-14 08:15:20
f7f0c257-c2e5-49b1-a3d4-f09d432919fc,139,execution_admitted,qa,5efac172-89ab-49c4-b533-7192008c6eb7,2026-09-14 08:15:21
ef75e4c5-d7c1-4f05-9fae-926c4621372a,9,node_completed,implement,7c91b8b4-79e3-4f69-86f9-19e2ddbba845,2026-09-14 08:22:03
ef75e4c5-d7c1-4f05-9fae-926c4621372a,14,execution_admitted,qa,510a959d-3e38-428d-b9c4-872f82256482,2026-09-14 08:22:04
f7f0c257-c2e5-49b1-a3d4-f09d432919fc,149,node_completed,qa,5efac172-89ab-49c4-b533-7192008c6eb7,2026-09-14 08:22:44
f7f0c257-c2e5-49b1-a3d4-f09d432919fc,151,gate_opened,founder_gate,,2026-09-14 08:22:44
ef75e4c5-d7c1-4f05-9fae-926c4621372a,21,node_completed,qa,510a959d-3e38-428d-b9c4-872f82256482,2026-09-14 08:28:53
ef75e4c5-d7c1-4f05-9fae-926c4621372a,23,gate_opened,founder_gate,,2026-09-14 08:28:53
644fb67f-17e8-4800-8498-05896ce35005,9,node_completed,implement,5b550282-9cd9-4d21-bdcd-e0e1ff959283,2026-09-14 08:34:42
644fb67f-17e8-4800-8498-05896ce35005,14,execution_admitted,qa,5e94780c-a1df-47fc-b0cf-c9a890fd1e33,2026-09-14 08:34:42
f17d783d-9f4d-4134-a016-a9a7402e9b12,9,node_completed,implement,b3ad6910-0961-461e-be16-39ad4ed7a3e5,2026-09-14 08:34:49
f17d783d-9f4d-4134-a016-a9a7402e9b12,14,execution_admitted,qa,457898ca-54b0-4884-b289-2379c3accf37,2026-09-14 08:34:56
60ec91c7-c35a-4644-a15a-f4fca84f4725,9,node_completed,implement,aceb4115-868c-48c1-9c58-76ca0783c3a2,2026-09-14 08:39:56
60ec91c7-c35a-4644-a15a-f4fca84f4725,14,execution_admitted,qa,d95c3013-53f3-4219-a50c-b303f3da07e1,2026-09-14 08:39:56
f17d783d-9f4d-4134-a016-a9a7402e9b12,22,node_completed,qa,457898ca-54b0-4884-b289-2379c3accf37,2026-09-14 08:40:32
f17d783d-9f4d-4134-a016-a9a7402e9b12,24,gate_opened,founder_gate,,2026-09-14 08:40:32
60ec91c7-c35a-4644-a15a-f4fca84f4725,21,node_completed,qa,d95c3013-53f3-4219-a50c-b303f3da07e1,2026-09-14 08:46:09
60ec91c7-c35a-4644-a15a-f4fca84f4725,23,gate_opened,founder_gate,,2026-09-14 08:46:09
4f12e13a-8807-466b-87f6-b6e317f721e9,9,node_completed,implement,a4bbf994-d90d-4700-8d1a-90d365eb1e83,2026-09-14 08:48:11
4f12e13a-8807-466b-87f6-b6e317f721e9,14,execution_admitted,qa,eb7b6274-622b-43ba-999b-3c74e5fd9a8e,2026-09-14 08:48:12
4f12e13a-8807-466b-87f6-b6e317f721e9,21,node_completed,qa,eb7b6274-622b-43ba-999b-3c74e5fd9a8e,2026-09-14 08:54:25
4f12e13a-8807-466b-87f6-b6e317f721e9,23,gate_opened,founder_gate,,2026-09-14 08:54:25
0f419a93-84c8-4d05-8d6f-b8566dc68a43,9,node_completed,implement,5e010293-1281-42d7-9f17-44530bc003ea,2026-09-14 08:59:16
0f419a93-84c8-4d05-8d6f-b8566dc68a43,14,execution_admitted,qa,80bd173f-d9fd-418c-9e77-09c337e5db6b,2026-09-14 08:59:17
644fb67f-17e8-4800-8498-05896ce35005,21,node_completed,qa,5e94780c-a1df-47fc-b0cf-c9a890fd1e33,2026-09-14 09:04:30
644fb67f-17e8-4800-8498-05896ce35005,23,gate_opened,founder_gate,,2026-09-14 09:04:30
cfcc96cf-03d0-45e8-981f-0e351db1c152,3,execution_admitted,implement,084eb138-b641-472e-a045-c7019935957b,2026-09-14 09:05:39
1712bfed-9d9f-4148-8b32-ac5361136ea1,3,execution_admitted,implement,b23182bb-6ec8-4db5-8a5a-880b8c72373a,2026-09-14 09:06:53
ee8e5ae8-9625-46b7-903c-be9e5545d47d,3,execution_admitted,implement,81f5a693-218d-449e-bfa4-415badf4b6e2,2026-09-14 09:08:03
0f419a93-84c8-4d05-8d6f-b8566dc68a43,22,node_completed,qa,80bd173f-d9fd-418c-9e77-09c337e5db6b,2026-09-14 09:08:14
0f419a93-84c8-4d05-8d6f-b8566dc68a43,24,gate_opened,founder_gate,,2026-09-14 09:08:14
9a570623-dfe8-4d19-9016-f1dd8dfccdbc,3,execution_admitted,general,165ad609-1d99-4795-81d6-d975f20c5b88,2026-09-14 09:09:33
9a570623-dfe8-4d19-9016-f1dd8dfccdbc,9,node_completed,general,165ad609-1d99-4795-81d6-d975f20c5b88,2026-09-14 09:19:01
9a570623-dfe8-4d19-9016-f1dd8dfccdbc,11,gate_opened,founder_gate,,2026-09-14 09:19:01
cfcc96cf-03d0-45e8-981f-0e351db1c152,9,node_completed,implement,084eb138-b641-472e-a045-c7019935957b,2026-09-14 09:47:47
cfcc96cf-03d0-45e8-981f-0e351db1c152,14,execution_admitted,qa,c06913eb-bc4e-48b1-ac6b-050b4fe75186,2026-09-14 09:47:48
cfcc96cf-03d0-45e8-981f-0e351db1c152,21,node_completed,qa,c06913eb-bc4e-48b1-ac6b-050b4fe75186,2026-09-14 09:52:07
cfcc96cf-03d0-45e8-981f-0e351db1c152,23,gate_opened,founder_gate,,2026-09-14 09:52:07
ee8e5ae8-9625-46b7-903c-be9e5545d47d,9,node_completed,implement,81f5a693-218d-449e-bfa4-415badf4b6e2,2026-09-14 10:07:19
ee8e5ae8-9625-46b7-903c-be9e5545d47d,14,execution_admitted,qa,e5577948-0029-4b2c-b71c-837e32d195f5,2026-09-14 10:07:20
ee8e5ae8-9625-46b7-903c-be9e5545d47d,22,node_completed,qa,e5577948-0029-4b2c-b71c-837e32d195f5,2026-09-14 10:14:24
ee8e5ae8-9625-46b7-903c-be9e5545d47d,24,gate_opened,founder_gate,,2026-09-14 10:14:24
1712bfed-9d9f-4148-8b32-ac5361136ea1,9,node_completed,implement,b23182bb-6ec8-4db5-8a5a-880b8c72373a,2026-09-14 10:15:09
1712bfed-9d9f-4148-8b32-ac5361136ea1,14,execution_admitted,qa,b39d60b3-6e25-413b-a78f-26539acd6201,2026-09-14 10:15:10
1712bfed-9d9f-4148-8b32-ac5361136ea1,21,node_completed,qa,b39d60b3-6e25-413b-a78f-26539acd6201,2026-09-14 10:25:26
1712bfed-9d9f-4148-8b32-ac5361136ea1,23,gate_opened,founder_gate,,2026-09-14 10:25:26
cfcc96cf-03d0-45e8-981f-0e351db1c152,27,node_completed,founder_gate,c06913eb-bc4e-48b1-ac6b-050b4fe75186,2026-09-14 17:00:18
f17d783d-9f4d-4134-a016-a9a7402e9b12,28,node_completed,founder_gate,457898ca-54b0-4884-b289-2379c3accf37,2026-09-14 17:01:38
644fb67f-17e8-4800-8498-05896ce35005,27,node_completed,founder_gate,5e94780c-a1df-47fc-b0cf-c9a890fd1e33,2026-09-14 17:01:38
9a570623-dfe8-4d19-9016-f1dd8dfccdbc,15,node_completed,founder_gate,165ad609-1d99-4795-81d6-d975f20c5b88,2026-09-14 17:01:38
cfcc96cf-03d0-45e8-981f-0e351db1c152,35,run_completed,land,33e85b7d-da0c-4395-a089-9d7b06c921d0,2026-09-14 17:12:06
f17d783d-9f4d-4134-a016-a9a7402e9b12,39,run_completed,land,4b917587-41e5-414d-81bc-6cf7398c4ff9,2026-09-14 17:13:34
644fb67f-17e8-4800-8498-05896ce35005,40,run_completed,land,8707ebb3-872a-4cb2-992d-8d5d9211d7ca,2026-09-14 17:14:44
9a570623-dfe8-4d19-9016-f1dd8dfccdbc,27,run_completed,land,1f5106e3-aa21-4120-8834-182d41779bea,2026-09-14 17:16:24
60ec91c7-c35a-4644-a15a-f4fca84f4725,27,node_completed,founder_gate,d95c3013-53f3-4219-a50c-b303f3da07e1,2026-09-14 17:37:46
60ec91c7-c35a-4644-a15a-f4fca84f4725,35,run_completed,land,94d12774-8687-482f-8f2b-18da7e4196fe,2026-09-14 17:38:54
ef75e4c5-d7c1-4f05-9fae-926c4621372a,27,node_completed,founder_gate,510a959d-3e38-428d-b9c4-872f82256482,2026-09-14 17:39:01
0f419a93-84c8-4d05-8d6f-b8566dc68a43,28,node_completed,founder_gate,80bd173f-d9fd-418c-9e77-09c337e5db6b,2026-09-14 17:39:01
f7f0c257-c2e5-49b1-a3d4-f09d432919fc,157,node_completed,founder_gate,5efac172-89ab-49c4-b533-7192008c6eb7,2026-09-14 17:40:16
4f12e13a-8807-466b-87f6-b6e317f721e9,27,node_completed,founder_gate,eb7b6274-622b-43ba-999b-3c74e5fd9a8e,2026-09-14 17:40:16
ee8e5ae8-9625-46b7-903c-be9e5545d47d,28,node_completed,founder_gate,e5577948-0029-4b2c-b71c-837e32d195f5,2026-09-14 17:40:16
1712bfed-9d9f-4148-8b32-ac5361136ea1,27,node_completed,founder_gate,b39d60b3-6e25-413b-a78f-26539acd6201,2026-09-14 17:40:16
ef75e4c5-d7c1-4f05-9fae-926c4621372a,35,run_completed,land,9bbe9cdd-a561-4db0-98d8-4ceb58a7a1e1,2026-09-14 17:40:16
0f419a93-84c8-4d05-8d6f-b8566dc68a43,40,run_completed,land,4890f82e-2791-430c-8556-4ae8a2319511,2026-09-14 17:41:28
4f12e13a-8807-466b-87f6-b6e317f721e9,39,run_completed,land,b02ba562-71a9-432f-a910-9c254917bbdd,2026-09-14 17:43:50
ee8e5ae8-9625-46b7-903c-be9e5545d47d,40,run_completed,land,bd4699b9-ea37-4825-926a-3ea3dc07da0d,2026-09-14 17:45:03
1712bfed-9d9f-4148-8b32-ac5361136ea1,39,run_completed,land,9a30497e-d405-4b58-a015-fc24bcb3b398,2026-09-14 17:46:19
6f79c0d0-d1c3-4117-acd9-21cbef332048,3,execution_admitted,implement,3e41382f-1047-428a-964f-15894a5f49d6,2026-09-14 17:48:56
fff384ea-14de-45b3-a671-3cf1fa328f13,3,execution_admitted,implement,d9a5e9d2-d52b-40df-aa34-07bd6fe0b0b6,2026-09-14 17:57:22
1bb66b99-910f-40e0-a454-972646e337df,3,execution_admitted,implement,172975a6-c095-4c75-91c8-52bbb1e98c59,2026-09-14 17:58:22
7d9be41f-9755-4a83-bee2-fb1ebc8b3ae3,3,execution_admitted,implement,26ed6f9a-32e7-47b5-a403-5167412977b7,2026-09-14 18:16:32
7d9be41f-9755-4a83-bee2-fb1ebc8b3ae3,9,node_completed,implement,26ed6f9a-32e7-47b5-a403-5167412977b7,2026-09-14 18:45:52
7d9be41f-9755-4a83-bee2-fb1ebc8b3ae3,14,execution_admitted,qa,8b475206-ee86-4010-a54b-499b65cdac0d,2026-09-14 18:45:52
7d9be41f-9755-4a83-bee2-fb1ebc8b3ae3,21,node_completed,qa,8b475206-ee86-4010-a54b-499b65cdac0d,2026-09-14 18:49:38
7d9be41f-9755-4a83-bee2-fb1ebc8b3ae3,23,gate_opened,founder_gate,,2026-09-14 18:49:38
fff384ea-14de-45b3-a671-3cf1fa328f13,9,node_completed,implement,d9a5e9d2-d52b-40df-aa34-07bd6fe0b0b6,2026-09-14 19:01:33
fff384ea-14de-45b3-a671-3cf1fa328f13,15,execution_admitted,qa,7821abed-48c0-42d4-b1a1-fc2330b05373,2026-09-14 19:08:02
99288dcf-1e6a-4577-ac8c-c339c041c078,64,run_completed,land,8c76f21f-ff68-4e67-a3e6-43a9554576d0,2026-09-14 19:13:43
c176229a-5fe3-4d4d-886b-e1e7527ec9e2,25,writer_replacement,implement,ebb55498-f820-4e7e-a291-34bd9a7edb17,2026-09-14 19:19:23
c176229a-5fe3-4d4d-886b-e1e7527ec9e2,26,resume_target_unrecoverable,implement,,2026-09-14 19:19:23
c176229a-5fe3-4d4d-886b-e1e7527ec9e2,27,execution_dead_rolled_back,implement,ed0040d2-b967-4079-b8ce-f8aa2b23cf02,2026-09-14 19:19:23
c176229a-5fe3-4d4d-886b-e1e7527ec9e2,29,execution_admitted,implement,ebb55498-f820-4e7e-a291-34bd9a7edb17,2026-09-14 19:19:23
f7b658b8-74cb-4566-952f-65ffea1e6563,4,execution_admitted,eng_design,6e76e8b9-4193-44c2-b3c0-4f385968403c,2026-09-14 19:26:12
7d9be41f-9755-4a83-bee2-fb1ebc8b3ae3,29,node_completed,founder_gate,8b475206-ee86-4010-a54b-499b65cdac0d,2026-09-14 19:44:55
7d9be41f-9755-4a83-bee2-fb1ebc8b3ae3,38,run_completed,land,dcafbd5e-1970-4295-b760-7aa6f5e0e104,2026-09-14 19:46:45
1bb66b99-910f-40e0-a454-972646e337df,13,writer_replacement,implement,cb8e7302-020b-4c36-a02c-9c254ceb8702,2026-09-14 19:48:14
1bb66b99-910f-40e0-a454-972646e337df,14,resume_target_unrecoverable,implement,,2026-09-14 19:48:14
1bb66b99-910f-40e0-a454-972646e337df,15,execution_dead_rolled_back,implement,172975a6-c095-4c75-91c8-52bbb1e98c59,2026-09-14 19:48:14
1bb66b99-910f-40e0-a454-972646e337df,17,execution_admitted,implement,cb8e7302-020b-4c36-a02c-9c254ceb8702,2026-09-14 19:48:14
fff384ea-14de-45b3-a671-3cf1fa328f13,22,node_completed,qa,7821abed-48c0-42d4-b1a1-fc2330b05373,2026-09-14 19:52:40
fff384ea-14de-45b3-a671-3cf1fa328f13,30,execution_dead_rolled_back,implement,d9a5e9d2-d52b-40df-aa34-07bd6fe0b0b6,2026-09-14 19:52:40
fff384ea-14de-45b3-a671-3cf1fa328f13,34,execution_admitted,implement,d0d22d50-ad29-4742-89fa-ec5deaba968c,2026-09-14 19:52:40
fff384ea-14de-45b3-a671-3cf1fa328f13,39,rework_replacement_launched,implement,d0d22d50-ad29-4742-89fa-ec5deaba968c,2026-09-14 19:53:48
6f79c0d0-d1c3-4117-acd9-21cbef332048,10,node_completed,implement,3e41382f-1047-428a-964f-15894a5f49d6,2026-09-14 20:06:12
6f79c0d0-d1c3-4117-acd9-21cbef332048,15,execution_admitted,qa,248f073d-d4f5-4604-b6f4-adf7f6bd1730,2026-09-14 20:06:13
da6b7743-891e-424f-a121-1bf7ffdb0c44,4,execution_admitted,eng_design,57fed70b-8c2e-4aef-9762-608633042ce9,2026-09-14 20:08:44
d5c6e020-4711-416d-8acb-54e140eefe90,4,execution_admitted,eng_design,3f011ac5-8038-4be8-850e-0d04c022905a,2026-09-14 20:10:10
1bb66b99-910f-40e0-a454-972646e337df,21,node_completed,implement,cb8e7302-020b-4c36-a02c-9c254ceb8702,2026-09-14 20:11:32
1bb66b99-910f-40e0-a454-972646e337df,26,execution_admitted,qa,2808a4e8-3a86-439c-92ed-14d8fff60e2d,2026-09-14 20:11:33
c5b74da7-12d8-4ec9-9e1d-d70296971372,4,execution_admitted,eng_design,bc207d35-86a6-43ee-bae7-81a84b9b2322,2026-09-14 20:11:43
5ea4805e-1e01-47d1-8be1-26641097104a,4,execution_admitted,eng_design,43afc4c4-273c-4d1e-881e-4db0c0a62e82,2026-09-14 20:12:14
664c071a-81eb-46d2-8705-37c248cd57ff,4,execution_admitted,eng_design,826be6d1-86f1-42a7-82b8-e9722ecb8553,2026-09-14 20:12:45
c3d6e76c-306c-463d-9c51-a24e55de0113,4,execution_admitted,eng_design,ddec1a1e-08f6-4bbf-bc0d-71a7cd36d234,2026-09-14 20:14:03
f7b658b8-74cb-4566-952f-65ffea1e6563,10,node_completed,eng_design,6e76e8b9-4193-44c2-b3c0-4f385968403c,2026-09-14 20:14:26
f7b658b8-74cb-4566-952f-65ffea1e6563,15,execution_admitted,implement,32f3bfa0-9e48-4d08-9a41-1957688f69fc,2026-09-14 20:14:27
5c7fc4fa-b252-4532-97bb-ad8482b0edbf,4,execution_admitted,eng_design,f9853998-68f5-411d-8509-924e36fbf775,2026-09-14 20:16:09
98b8c935-f76c-45fb-a8b5-6e9439bcf332,4,execution_admitted,eng_design,261cd4cb-172d-45b8-9591-b4aac9df4761,2026-09-14 20:16:47
6f79c0d0-d1c3-4117-acd9-21cbef332048,23,node_completed,qa,248f073d-d4f5-4604-b6f4-adf7f6bd1730,2026-09-14 20:19:46
6f79c0d0-d1c3-4117-acd9-21cbef332048,26,gate_opened,founder_gate,,2026-09-14 20:19:46
d87ffd86-03a4-4975-bdd2-1b4c8e857dcc,3,execution_admitted,implement,9720d945-c5d0-45e7-8617-af42e80377ac,2026-09-14 20:20:12
12c21830-67fb-4eda-8cf7-d64516fc2060,4,execution_admitted,eng_design,4b67caf9-bfef-49f9-a0ef-8985c0b57510,2026-09-14 20:28:09
1bb66b99-910f-40e0-a454-972646e337df,34,node_completed,qa,2808a4e8-3a86-439c-92ed-14d8fff60e2d,2026-09-14 20:28:34
1bb66b99-910f-40e0-a454-972646e337df,37,gate_opened,founder_gate,,2026-09-14 20:28:34
fff384ea-14de-45b3-a671-3cf1fa328f13,51,node_completed,implement,d0d22d50-ad29-4742-89fa-ec5deaba968c,2026-09-14 20:30:43
fff384ea-14de-45b3-a671-3cf1fa328f13,59,execution_admitted,qa,7821abed-48c0-42d4-b1a1-fc2330b05373,2026-09-14 20:30:44
628d9aa1-2616-4351-90e8-b954dccf2a03,3,execution_admitted,implement,fb97eb44-4bed-45b4-9485-2ae7c70c84b7,2026-09-14 20:35:36
fff384ea-14de-45b3-a671-3cf1fa328f13,68,node_completed,qa,7821abed-48c0-42d4-b1a1-fc2330b05373,2026-09-14 20:36:07
fff384ea-14de-45b3-a671-3cf1fa328f13,71,gate_opened,founder_gate,,2026-09-14 20:36:07
da6b7743-891e-424f-a121-1bf7ffdb0c44,11,node_completed,eng_design,57fed70b-8c2e-4aef-9762-608633042ce9,2026-09-14 20:39:43
da6b7743-891e-424f-a121-1bf7ffdb0c44,16,execution_admitted,implement,aea5195f-7ea6-4ee6-bf74-5e9f8e80ecb5,2026-09-14 20:39:43
98b8c935-f76c-45fb-a8b5-6e9439bcf332,11,node_completed,eng_design,261cd4cb-172d-45b8-9591-b4aac9df4761,2026-09-14 20:42:17
98b8c935-f76c-45fb-a8b5-6e9439bcf332,16,execution_admitted,implement,c15d68d0-cf78-447b-a72b-1d7c8fc50b48,2026-09-14 20:42:17
d5c6e020-4711-416d-8acb-54e140eefe90,10,node_completed,eng_design,3f011ac5-8038-4be8-850e-0d04c022905a,2026-09-14 20:45:16
d5c6e020-4711-416d-8acb-54e140eefe90,15,execution_admitted,implement,44432ed1-8968-4cc8-a69d-fa35a468ff6f,2026-09-14 20:45:17
1bb66b99-910f-40e0-a454-972646e337df,42,node_completed,founder_gate,2808a4e8-3a86-439c-92ed-14d8fff60e2d,2026-09-14 20:48:53
fff384ea-14de-45b3-a671-3cf1fa328f13,77,node_completed,founder_gate,7821abed-48c0-42d4-b1a1-fc2330b05373,2026-09-14 20:50:08
1bb66b99-910f-40e0-a454-972646e337df,50,run_completed,land,ae95e878-a119-4048-aad1-80b3747eabb7,2026-09-14 20:50:08
fff384ea-14de-45b3-a671-3cf1fa328f13,85,run_completed,land,2a8db8db-a6ae-4743-a1e1-3efcb478b080,2026-09-14 20:51:32
c3d6e76c-306c-463d-9c51-a24e55de0113,12,node_completed,eng_design,ddec1a1e-08f6-4bbf-bc0d-71a7cd36d234,2026-09-14 21:02:41
c3d6e76c-306c-463d-9c51-a24e55de0113,17,execution_admitted,implement,2650c18a-f1df-42ad-a3e9-febc7d41db6e,2026-09-14 21:02:41
2aac8f18-9ede-477d-8336-042be615c439,4,execution_admitted,eng_design,9634227f-9dcc-4f2d-a856-0e35f2354b27,2026-09-14 21:05:41
c176229a-5fe3-4d4d-886b-e1e7527ec9e2,35,node_completed,implement,ebb55498-f820-4e7e-a291-34bd9a7edb17,2026-09-14 21:08:04
c176229a-5fe3-4d4d-886b-e1e7527ec9e2,40,execution_admitted,qa,8b2e28ea-325a-47d3-807c-deda7711bd5d,2026-09-14 21:08:06
664c071a-81eb-46d2-8705-37c248cd57ff,10,node_completed,eng_design,826be6d1-86f1-42a7-82b8-e9722ecb8553,2026-09-14 21:11:54
664c071a-81eb-46d2-8705-37c248cd57ff,15,execution_admitted,implement,deee84fc-829c-4bce-b805-4e86745c528f,2026-09-14 21:12:17
2aac8f18-9ede-477d-8336-042be615c439,11,writer_replacement,eng_design,ff8689fb-52e5-4d4c-9b0b-6559e3925c7a,2026-09-14 21:16:39
2aac8f18-9ede-477d-8336-042be615c439,12,resume_target_unrecoverable,eng_design,,2026-09-14 21:16:39
2aac8f18-9ede-477d-8336-042be615c439,13,execution_dead_rolled_back,eng_design,9634227f-9dcc-4f2d-a856-0e35f2354b27,2026-09-14 21:16:39
2aac8f18-9ede-477d-8336-042be615c439,15,execution_admitted,eng_design,ff8689fb-52e5-4d4c-9b0b-6559e3925c7a,2026-09-14 21:16:39
d5c6e020-4711-416d-8acb-54e140eefe90,21,writer_replacement,implement,6fa79f8f-8a80-4c05-9044-3afdbdecfa07,2026-09-14 21:17:34
d5c6e020-4711-416d-8acb-54e140eefe90,22,resume_target_unrecoverable,implement,,2026-09-14 21:17:34
d5c6e020-4711-416d-8acb-54e140eefe90,23,execution_dead_rolled_back,implement,44432ed1-8968-4cc8-a69d-fa35a468ff6f,2026-09-14 21:17:34
98b8c935-f76c-45fb-a8b5-6e9439bcf332,22,writer_replacement,implement,00c6a8e7-f99b-4c98-af58-6922fa8c59af,2026-09-14 21:17:34
98b8c935-f76c-45fb-a8b5-6e9439bcf332,23,resume_target_unrecoverable,implement,,2026-09-14 21:17:34
98b8c935-f76c-45fb-a8b5-6e9439bcf332,24,execution_dead_rolled_back,implement,c15d68d0-cf78-447b-a72b-1d7c8fc50b48,2026-09-14 21:17:34
664c071a-81eb-46d2-8705-37c248cd57ff,21,writer_replacement,implement,1c0ff713-dd62-4915-bd11-eb9fbeef046d,2026-09-14 21:17:35
664c071a-81eb-46d2-8705-37c248cd57ff,22,resume_target_unrecoverable,implement,,2026-09-14 21:17:35
664c071a-81eb-46d2-8705-37c248cd57ff,23,execution_dead_rolled_back,implement,deee84fc-829c-4bce-b805-4e86745c528f,2026-09-14 21:17:35
c3d6e76c-306c-463d-9c51-a24e55de0113,23,writer_replacement,implement,8393d435-f614-4bbb-968a-2049707dde67,2026-09-14 21:17:35
c3d6e76c-306c-463d-9c51-a24e55de0113,24,resume_target_unrecoverable,implement,,2026-09-14 21:17:35
c3d6e76c-306c-463d-9c51-a24e55de0113,25,execution_dead_rolled_back,implement,2650c18a-f1df-42ad-a3e9-febc7d41db6e,2026-09-14 21:17:35
f7b658b8-74cb-4566-952f-65ffea1e6563,21,writer_replacement,implement,1b628ee9-6526-4378-acb1-6739d2479172,2026-09-14 21:17:35
f7b658b8-74cb-4566-952f-65ffea1e6563,22,resume_target_unrecoverable,implement,,2026-09-14 21:17:35
f7b658b8-74cb-4566-952f-65ffea1e6563,23,execution_dead_rolled_back,implement,32f3bfa0-9e48-4d08-9a41-1957688f69fc,2026-09-14 21:17:35
d87ffd86-03a4-4975-bdd2-1b4c8e857dcc,10,writer_replacement,implement,b951a6d9-16a1-478c-aafc-5550b7687beb,2026-09-14 21:17:35
d87ffd86-03a4-4975-bdd2-1b4c8e857dcc,11,resume_target_unrecoverable,implement,,2026-09-14 21:17:35
d87ffd86-03a4-4975-bdd2-1b4c8e857dcc,12,execution_dead_rolled_back,implement,9720d945-c5d0-45e7-8617-af42e80377ac,2026-09-14 21:17:35
628d9aa1-2616-4351-90e8-b954dccf2a03,11,writer_replacement,implement,a65c8e5a-718f-4420-9ea5-738b8bdc69d1,2026-09-14 21:17:35
628d9aa1-2616-4351-90e8-b954dccf2a03,12,resume_target_unrecoverable,implement,,2026-09-14 21:17:35
628d9aa1-2616-4351-90e8-b954dccf2a03,13,execution_dead_rolled_back,implement,fb97eb44-4bed-45b4-9485-2ae7c70c84b7,2026-09-14 21:17:35
d5c6e020-4711-416d-8acb-54e140eefe90,25,execution_admitted,implement,6fa79f8f-8a80-4c05-9044-3afdbdecfa07,2026-09-14 21:17:35
98b8c935-f76c-45fb-a8b5-6e9439bcf332,26,execution_admitted,implement,00c6a8e7-f99b-4c98-af58-6922fa8c59af,2026-09-14 21:17:46
664c071a-81eb-46d2-8705-37c248cd57ff,25,execution_admitted,implement,1c0ff713-dd62-4915-bd11-eb9fbeef046d,2026-09-14 21:19:04
c3d6e76c-306c-463d-9c51-a24e55de0113,27,execution_admitted,implement,8393d435-f614-4bbb-968a-2049707dde67,2026-09-14 21:19:26
f7b658b8-74cb-4566-952f-65ffea1e6563,25,execution_admitted,implement,1b628ee9-6526-4378-acb1-6739d2479172,2026-09-14 21:19:34
d87ffd86-03a4-4975-bdd2-1b4c8e857dcc,14,execution_admitted,implement,b951a6d9-16a1-478c-aafc-5550b7687beb,2026-09-14 21:19:38
628d9aa1-2616-4351-90e8-b954dccf2a03,15,execution_admitted,implement,a65c8e5a-718f-4420-9ea5-738b8bdc69d1,2026-09-14 21:20:37
2aac8f18-9ede-477d-8336-042be615c439,19,writer_replacement,eng_design,7bd2b0bf-18e6-4b4f-b5bb-533138c0d4d3,2026-09-14 21:21:41
2aac8f18-9ede-477d-8336-042be615c439,20,resume_target_unrecoverable,eng_design,,2026-09-14 21:21:41
2aac8f18-9ede-477d-8336-042be615c439,21,execution_dead_rolled_back,eng_design,ff8689fb-52e5-4d4c-9b0b-6559e3925c7a,2026-09-14 21:21:41
2aac8f18-9ede-477d-8336-042be615c439,22,repeated_dead_execution_pattern,eng_design,ff8689fb-52e5-4d4c-9b0b-6559e3925c7a,2026-09-14 21:21:41
da6b7743-891e-424f-a121-1bf7ffdb0c44,22,writer_replacement,implement,7c3fe21c-753f-491e-a237-e1b20b2b6837,2026-09-14 21:21:41
da6b7743-891e-424f-a121-1bf7ffdb0c44,23,resume_target_unrecoverable,implement,,2026-09-14 21:21:41
da6b7743-891e-424f-a121-1bf7ffdb0c44,24,execution_dead_rolled_back,implement,aea5195f-7ea6-4ee6-bf74-5e9f8e80ecb5,2026-09-14 21:21:41
2aac8f18-9ede-477d-8336-042be615c439,24,execution_admitted,eng_design,7bd2b0bf-18e6-4b4f-b5bb-533138c0d4d3,2026-09-14 21:21:41
da6b7743-891e-424f-a121-1bf7ffdb0c44,26,execution_admitted,implement,7c3fe21c-753f-491e-a237-e1b20b2b6837,2026-09-14 21:22:45
98b8c935-f76c-45fb-a8b5-6e9439bcf332,33,writer_replacement,implement,f2e17b6f-375e-4ab1-9d77-4365aee15c68,2026-09-14 21:23:46
98b8c935-f76c-45fb-a8b5-6e9439bcf332,34,resume_target_unrecoverable,implement,,2026-09-14 21:23:46
98b8c935-f76c-45fb-a8b5-6e9439bcf332,35,execution_dead_rolled_back,implement,00c6a8e7-f99b-4c98-af58-6922fa8c59af,2026-09-14 21:23:46
98b8c935-f76c-45fb-a8b5-6e9439bcf332,36,repeated_dead_execution_pattern,implement,00c6a8e7-f99b-4c98-af58-6922fa8c59af,2026-09-14 21:23:46
d87ffd86-03a4-4975-bdd2-1b4c8e857dcc,18,writer_replacement,implement,4a9a3115-fa0f-4372-b35e-5a42cd167c1a,2026-09-14 21:23:46
d87ffd86-03a4-4975-bdd2-1b4c8e857dcc,19,resume_target_unrecoverable,implement,,2026-09-14 21:23:46
d87ffd86-03a4-4975-bdd2-1b4c8e857dcc,20,execution_dead_rolled_back,implement,b951a6d9-16a1-478c-aafc-5550b7687beb,2026-09-14 21:23:46
d87ffd86-03a4-4975-bdd2-1b4c8e857dcc,21,repeated_dead_execution_pattern,implement,b951a6d9-16a1-478c-aafc-5550b7687beb,2026-09-14 21:23:46
628d9aa1-2616-4351-90e8-b954dccf2a03,19,writer_replacement,implement,d6271569-7d52-47f7-8664-7493dfce8581,2026-09-14 21:23:46
628d9aa1-2616-4351-90e8-b954dccf2a03,20,resume_target_unrecoverable,implement,,2026-09-14 21:23:46
628d9aa1-2616-4351-90e8-b954dccf2a03,21,execution_dead_rolled_back,implement,a65c8e5a-718f-4420-9ea5-738b8bdc69d1,2026-09-14 21:23:46
628d9aa1-2616-4351-90e8-b954dccf2a03,22,repeated_dead_execution_pattern,implement,a65c8e5a-718f-4420-9ea5-738b8bdc69d1,2026-09-14 21:23:46
98b8c935-f76c-45fb-a8b5-6e9439bcf332,38,execution_admitted,implement,f2e17b6f-375e-4ab1-9d77-4365aee15c68,2026-09-14 21:23:46
d87ffd86-03a4-4975-bdd2-1b4c8e857dcc,23,execution_admitted,implement,4a9a3115-fa0f-4372-b35e-5a42cd167c1a,2026-09-14 21:24:52
628d9aa1-2616-4351-90e8-b954dccf2a03,24,execution_admitted,implement,d6271569-7d52-47f7-8664-7493dfce8581,2026-09-14 21:25:56
da6b7743-891e-424f-a121-1bf7ffdb0c44,32,writer_replacement,implement,ba8ff4f9-9b46-4fe2-9b01-cd09960cc60e,2026-09-14 21:26:56
da6b7743-891e-424f-a121-1bf7ffdb0c44,33,resume_target_unrecoverable,implement,,2026-09-14 21:26:56
da6b7743-891e-424f-a121-1bf7ffdb0c44,34,execution_dead_rolled_back,implement,7c3fe21c-753f-491e-a237-e1b20b2b6837,2026-09-14 21:26:56
da6b7743-891e-424f-a121-1bf7ffdb0c44,35,repeated_dead_execution_pattern,implement,7c3fe21c-753f-491e-a237-e1b20b2b6837,2026-09-14 21:26:56
da6b7743-891e-424f-a121-1bf7ffdb0c44,37,execution_admitted,implement,ba8ff4f9-9b46-4fe2-9b01-cd09960cc60e,2026-09-14 21:26:56
5c7fc4fa-b252-4532-97bb-ad8482b0edbf,10,node_completed,eng_design,f9853998-68f5-411d-8509-924e36fbf775,2026-09-14 21:27:15
5c7fc4fa-b252-4532-97bb-ad8482b0edbf,15,execution_admitted,implement,74c33121-d488-4ac2-b42e-3956862edec3,2026-09-14 21:27:15
d5c6e020-4711-416d-8acb-54e140eefe90,32,unlaunched_admission_rolled_back,implement,6fa79f8f-8a80-4c05-9044-3afdbdecfa07,2026-09-14 21:27:36
6f79c0d0-d1c3-4117-acd9-21cbef332048,37,execution_admitted,implement,3e41382f-1047-428a-964f-15894a5f49d6,2026-09-14 21:29:09
6f79c0d0-d1c3-4117-acd9-21cbef332048,41,execution_dead_rolled_back,implement,3e41382f-1047-428a-964f-15894a5f49d6,2026-09-14 21:29:09
664c071a-81eb-46d2-8705-37c248cd57ff,32,unlaunched_admission_rolled_back,implement,1c0ff713-dd62-4915-bd11-eb9fbeef046d,2026-09-14 21:29:09
6f79c0d0-d1c3-4117-acd9-21cbef332048,45,execution_admitted,implement,ed5ab970-743a-4e46-b8aa-efd5bd69a917,2026-09-14 21:29:09
c3d6e76c-306c-463d-9c51-a24e55de0113,34,unlaunched_admission_rolled_back,implement,8393d435-f614-4bbb-968a-2049707dde67,2026-09-14 21:29:26
f7b658b8-74cb-4566-952f-65ffea1e6563,32,unlaunched_admission_rolled_back,implement,1b628ee9-6526-4378-acb1-6739d2479172,2026-09-14 21:29:35
12c21830-67fb-4eda-8cf7-d64516fc2060,10,node_completed,eng_design,4b67caf9-bfef-49f9-a0ef-8985c0b57510,2026-09-14 21:31:56
12c21830-67fb-4eda-8cf7-d64516fc2060,15,execution_admitted,implement,d91176c8-6e54-4cea-9a13-6c25ab86c69c,2026-09-14 21:31:57
c5b74da7-12d8-4ec9-9e1d-d70296971372,10,node_completed,eng_design,bc207d35-86a6-43ee-bae7-81a84b9b2322,2026-09-14 21:34:12
c5b74da7-12d8-4ec9-9e1d-d70296971372,15,execution_admitted,implement,66198ccd-d2f4-4b08-8b7b-bac995f6c633,2026-09-14 21:34:13
2aac8f18-9ede-477d-8336-042be615c439,28,writer_replacement,eng_design,c3efcace-0a5c-4d0e-b87a-84a9d8553fd8,2026-09-14 21:36:41
2aac8f18-9ede-477d-8336-042be615c439,29,resume_target_unrecoverable,eng_design,,2026-09-14 21:36:41
2aac8f18-9ede-477d-8336-042be615c439,30,execution_dead_rolled_back,eng_design,7bd2b0bf-18e6-4b4f-b5bb-533138c0d4d3,2026-09-14 21:36:41
2aac8f18-9ede-477d-8336-042be615c439,31,repeated_dead_execution_pattern,eng_design,7bd2b0bf-18e6-4b4f-b5bb-533138c0d4d3,2026-09-14 21:36:41
2aac8f18-9ede-477d-8336-042be615c439,33,execution_admitted,eng_design,c3efcace-0a5c-4d0e-b87a-84a9d8553fd8,2026-09-14 21:36:41
da6b7743-891e-424f-a121-1bf7ffdb0c44,45,unlaunched_admission_rolled_back,implement,ba8ff4f9-9b46-4fe2-9b01-cd09960cc60e,2026-09-14 21:36:58
5c7fc4fa-b252-4532-97bb-ad8482b0edbf,23,unlaunched_admission_rolled_back,implement,74c33121-d488-4ac2-b42e-3956862edec3,2026-09-14 21:37:15
98b8c935-f76c-45fb-a8b5-6e9439bcf332,46,writer_replacement,implement,b249e7ba-a5c3-4654-b610-557d4909e43c,2026-09-14 21:38:46
98b8c935-f76c-45fb-a8b5-6e9439bcf332,47,resume_target_unrecoverable,implement,,2026-09-14 21:38:46
98b8c935-f76c-45fb-a8b5-6e9439bcf332,48,execution_dead_rolled_back,implement,f2e17b6f-375e-4ab1-9d77-4365aee15c68,2026-09-14 21:38:46
98b8c935-f76c-45fb-a8b5-6e9439bcf332,49,repeated_dead_execution_pattern,implement,f2e17b6f-375e-4ab1-9d77-4365aee15c68,2026-09-14 21:38:46
d87ffd86-03a4-4975-bdd2-1b4c8e857dcc,27,writer_replacement,implement,5427d0f8-95e8-4884-9416-a6425cd260a0,2026-09-14 21:38:47
d87ffd86-03a4-4975-bdd2-1b4c8e857dcc,28,resume_target_unrecoverable,implement,,2026-09-14 21:38:47
d87ffd86-03a4-4975-bdd2-1b4c8e857dcc,29,execution_dead_rolled_back,implement,4a9a3115-fa0f-4372-b35e-5a42cd167c1a,2026-09-14 21:38:47
d87ffd86-03a4-4975-bdd2-1b4c8e857dcc,30,repeated_dead_execution_pattern,implement,4a9a3115-fa0f-4372-b35e-5a42cd167c1a,2026-09-14 21:38:47
628d9aa1-2616-4351-90e8-b954dccf2a03,28,writer_replacement,implement,1a2f5e36-837b-45c0-a5ae-0b0e543420cd,2026-09-14 21:38:47
628d9aa1-2616-4351-90e8-b954dccf2a03,29,resume_target_unrecoverable,implement,,2026-09-14 21:38:47
628d9aa1-2616-4351-90e8-b954dccf2a03,30,execution_dead_rolled_back,implement,d6271569-7d52-47f7-8664-7493dfce8581,2026-09-14 21:38:47
628d9aa1-2616-4351-90e8-b954dccf2a03,31,repeated_dead_execution_pattern,implement,d6271569-7d52-47f7-8664-7493dfce8581,2026-09-14 21:38:47
98b8c935-f76c-45fb-a8b5-6e9439bcf332,51,execution_admitted,implement,b249e7ba-a5c3-4654-b610-557d4909e43c,2026-09-14 21:38:47
d87ffd86-03a4-4975-bdd2-1b4c8e857dcc,32,execution_admitted,implement,5427d0f8-95e8-4884-9416-a6425cd260a0,2026-09-14 21:38:52
628d9aa1-2616-4351-90e8-b954dccf2a03,33,execution_admitted,implement,1a2f5e36-837b-45c0-a5ae-0b0e543420cd,2026-09-14 21:38:56
6f79c0d0-d1c3-4117-acd9-21cbef332048,55,unlaunched_admission_rolled_back,implement,ed5ab970-743a-4e46-b8aa-efd5bd69a917,2026-09-14 21:39:09
12c21830-67fb-4eda-8cf7-d64516fc2060,23,unlaunched_admission_rolled_back,implement,d91176c8-6e54-4cea-9a13-6c25ab86c69c,2026-09-14 21:41:58
c5b74da7-12d8-4ec9-9e1d-d70296971372,23,unlaunched_admission_rolled_back,implement,66198ccd-d2f4-4b08-8b7b-bac995f6c633,2026-09-14 21:44:15
2aac8f18-9ede-477d-8336-042be615c439,40,unlaunched_admission_rolled_back,eng_design,c3efcace-0a5c-4d0e-b87a-84a9d8553fd8,2026-09-14 21:46:43
98b8c935-f76c-45fb-a8b5-6e9439bcf332,59,unlaunched_admission_rolled_back,implement,b249e7ba-a5c3-4654-b610-557d4909e43c,2026-09-14 21:48:47
d87ffd86-03a4-4975-bdd2-1b4c8e857dcc,39,unlaunched_admission_rolled_back,implement,5427d0f8-95e8-4884-9416-a6425cd260a0,2026-09-14 21:48:52
628d9aa1-2616-4351-90e8-b954dccf2a03,40,unlaunched_admission_rolled_back,implement,1a2f5e36-837b-45c0-a5ae-0b0e543420cd,2026-09-14 21:48:56
c176229a-5fe3-4d4d-886b-e1e7527ec9e2,49,node_completed,qa,8b2e28ea-325a-47d3-807c-deda7711bd5d,2026-09-14 21:54:00
c176229a-5fe3-4d4d-886b-e1e7527ec9e2,57,execution_dead_rolled_back,implement,ebb55498-f820-4e7e-a291-34bd9a7edb17,2026-09-14 21:54:01
c176229a-5fe3-4d4d-886b-e1e7527ec9e2,61,execution_admitted,implement,ddbd5df0-8ffa-44ff-aac7-fb6cb6ac329c,2026-09-14 21:54:01
c176229a-5fe3-4d4d-886b-e1e7527ec9e2,69,unlaunched_admission_rolled_back,implement,ddbd5df0-8ffa-44ff-aac7-fb6cb6ac329c,2026-09-14 22:04:01
d87ffd86-03a4-4975-bdd2-1b4c8e857dcc,43,run_terminated,implement,4a9a3115-fa0f-4372-b35e-5a42cd167c1a,2026-09-14 22:38:45
79572768-a7d7-48bf-a8f5-0932ace0732b,3,execution_admitted,implement,b3bbecc6-b14e-4b80-a87f-f939849afcee,2026-09-14 22:39:01
79572768-a7d7-48bf-a8f5-0932ace0732b,9,node_completed,implement,b3bbecc6-b14e-4b80-a87f-f939849afcee,2026-09-14 22:41:25
79572768-a7d7-48bf-a8f5-0932ace0732b,14,execution_admitted,qa,11030fc1-1f69-4917-ac0e-568717f07b90,2026-09-14 22:41:26
da6b7743-891e-424f-a121-1bf7ffdb0c44,49,run_terminated,implement,7c3fe21c-753f-491e-a237-e1b20b2b6837,2026-09-14 22:42:31
98b8c935-f76c-45fb-a8b5-6e9439bcf332,63,run_terminated,implement,f2e17b6f-375e-4ab1-9d77-4365aee15c68,2026-09-14 22:42:31
664c071a-81eb-46d2-8705-37c248cd57ff,36,run_terminated,implement,deee84fc-829c-4bce-b805-4e86745c528f,2026-09-14 22:42:32
628d9aa1-2616-4351-90e8-b954dccf2a03,44,run_terminated,implement,d6271569-7d52-47f7-8664-7493dfce8581,2026-09-14 22:42:32
f56dba39-8fdb-4c64-ae3f-4e8b48d1346a,3,execution_admitted,implement,aa2c96b1-e308-406a-aba4-60ceb616f019,2026-09-14 22:43:24
3df20410-38d4-4305-a02e-6471e0bab6aa,3,execution_admitted,implement,9cb1f181-6216-4610-aea6-40f00750f8c5,2026-09-14 22:44:16
4a8f20e6-fe6a-4735-b4b8-5ee1f90c1e4b,3,execution_admitted,implement,14b82a02-8b93-49b6-baaa-cce73d8a21c6,2026-09-14 22:46:52
f7b658b8-74cb-4566-952f-65ffea1e6563,36,run_terminated,implement,32f3bfa0-9e48-4d08-9a41-1957688f69fc,2026-09-14 22:48:06
d5c6e020-4711-416d-8acb-54e140eefe90,36,run_terminated,implement,44432ed1-8968-4cc8-a69d-fa35a468ff6f,2026-09-14 22:48:07
c3d6e76c-306c-463d-9c51-a24e55de0113,38,run_terminated,implement,2650c18a-f1df-42ad-a3e9-febc7d41db6e,2026-09-14 22:48:07
12c21830-67fb-4eda-8cf7-d64516fc2060,27,run_terminated,implement,d91176c8-6e54-4cea-9a13-6c25ab86c69c,2026-09-14 22:48:08
c5b74da7-12d8-4ec9-9e1d-d70296971372,27,run_terminated,implement,66198ccd-d2f4-4b08-8b7b-bac995f6c633,2026-09-14 22:48:08
62282d97-d6c2-4d1a-a471-db9f1e047e10,3,execution_admitted,implement,5fb96d02-dcb9-47ef-bddb-42aa24778e09,2026-09-14 22:49:01
3887813b-263b-46db-8bb6-6d2771a87e99,3,execution_admitted,implement,40a55a85-3d6c-452f-8f1a-cb9c452feb38,2026-09-14 22:50:19
710f860e-d8e5-45e6-9232-c4b8c65da7fd,3,execution_admitted,implement,d7945bab-3e73-440b-8226-8dcb34eef770,2026-09-14 22:51:46
bc1af28d-3371-472b-8955-eaf948f0b9f4,3,execution_admitted,implement,4f6322e6-d736-4620-9e54-2d1b713f7e03,2026-09-14 22:53:03
dbdb0656-79f8-4360-aa09-d304f40f88a6,3,execution_admitted,implement,1bd1c204-9034-4c16-80ef-3fb2c352d853,2026-09-14 22:54:43
50014f14-6450-4dc0-998e-79b89359cddd,3,execution_admitted,implement,0e907b0b-1c13-4ce9-80e2-aedb0511fab4,2026-09-14 22:56:30
c176229a-5fe3-4d4d-886b-e1e7527ec9e2,77,run_terminated,qa,8b2e28ea-325a-47d3-807c-deda7711bd5d,2026-09-14 22:58:43
50014f14-6450-4dc0-998e-79b89359cddd,7,writer_replacement,implement,9b57197a-a369-49c4-8c05-c8a616efa29a,2026-09-14 22:58:53
50014f14-6450-4dc0-998e-79b89359cddd,8,resume_target_unrecoverable,implement,,2026-09-14 22:58:53
50014f14-6450-4dc0-998e-79b89359cddd,9,execution_dead_rolled_back,implement,0e907b0b-1c13-4ce9-80e2-aedb0511fab4,2026-09-14 22:58:53
6f79c0d0-d1c3-4117-acd9-21cbef332048,61,run_terminated,qa,248f073d-d4f5-4604-b6f4-adf7f6bd1730,2026-09-14 22:58:56
2ee4747d-ff26-4c92-9dce-fa08a6c69dd9,3,execution_admitted,implement,ff25fa7d-3047-4fe1-b6e3-93cbbde2be06,2026-09-14 23:00:19
8b78b4fc-24d1-4a67-a30c-84032fcd556e,3,execution_admitted,implement,e15da150-720b-4e99-abae-5fb694631c7d,2026-09-14 23:01:41
79572768-a7d7-48bf-a8f5-0932ace0732b,21,node_completed,qa,11030fc1-1f69-4917-ac0e-568717f07b90,2026-09-14 23:04:18
79572768-a7d7-48bf-a8f5-0932ace0732b,24,gate_opened,founder_gate,,2026-09-14 23:04:18
bc1af28d-3371-472b-8955-eaf948f0b9f4,13,writer_replacement,implement,e70dc4e6-a421-4c2f-bc5b-37c80856a39d,2026-09-14 23:09:12
bc1af28d-3371-472b-8955-eaf948f0b9f4,14,resume_target_unrecoverable,implement,,2026-09-14 23:09:12
bc1af28d-3371-472b-8955-eaf948f0b9f4,15,execution_dead_rolled_back,implement,4f6322e6-d736-4620-9e54-2d1b713f7e03,2026-09-14 23:09:12
bc1af28d-3371-472b-8955-eaf948f0b9f4,17,execution_admitted,implement,e70dc4e6-a421-4c2f-bc5b-37c80856a39d,2026-09-14 23:09:12
3df20410-38d4-4305-a02e-6471e0bab6aa,9,node_completed,implement,9cb1f181-6216-4610-aea6-40f00750f8c5,2026-09-14 23:18:45
3df20410-38d4-4305-a02e-6471e0bab6aa,15,execution_admitted,qa,90ffdd81-5308-4a34-aadb-8f7aea8e214d,2026-09-14 23:23:11
50014f14-6450-4dc0-998e-79b89359cddd,14,execution_admitted,implement,9b57197a-a369-49c4-8c05-c8a616efa29a,2026-09-14 23:28:36
b0b36ef0-816a-4b77-b8ef-10ce14469919,3,execution_admitted,implement,cbf822ad-dae7-4e68-9fa1-f2d6ec522df9,2026-09-14 23:33:49
b0b36ef0-816a-4b77-b8ef-10ce14469919,9,writer_replacement,implement,f80b61ca-bf3d-455e-8b7b-e6dd4f2b9585,2026-09-14 23:34:52
b0b36ef0-816a-4b77-b8ef-10ce14469919,10,resume_target_unrecoverable,implement,,2026-09-14 23:34:52
b0b36ef0-816a-4b77-b8ef-10ce14469919,11,execution_dead_rolled_back,implement,cbf822ad-dae7-4e68-9fa1-f2d6ec522df9,2026-09-14 23:34:52
b0b36ef0-816a-4b77-b8ef-10ce14469919,13,execution_admitted,implement,f80b61ca-bf3d-455e-8b7b-e6dd4f2b9585,2026-09-14 23:34:52
4a8f20e6-fe6a-4735-b4b8-5ee1f90c1e4b,9,node_completed,implement,14b82a02-8b93-49b6-baaa-cce73d8a21c6,2026-09-14 23:36:54
4a8f20e6-fe6a-4735-b4b8-5ee1f90c1e4b,14,execution_admitted,qa,e4dc4bd8-1479-4036-9c66-ba636cc7edab,2026-09-14 23:36:58
50014f14-6450-4dc0-998e-79b89359cddd,21,unlaunched_admission_rolled_back,implement,9b57197a-a369-49c4-8c05-c8a616efa29a,2026-09-14 23:38:36
3df20410-38d4-4305-a02e-6471e0bab6aa,23,node_completed,qa,90ffdd81-5308-4a34-aadb-8f7aea8e214d,2026-09-14 23:57:07
3df20410-38d4-4305-a02e-6471e0bab6aa,26,gate_opened,founder_gate,,2026-09-14 23:57:07
bc1af28d-3371-472b-8955-eaf948f0b9f4,26,writer_replacement,implement,2d543988-6387-477b-b0d9-655e2cbaaf76,2026-09-15 00:20:18
bc1af28d-3371-472b-8955-eaf948f0b9f4,27,resume_target_unrecoverable,implement,,2026-09-15 00:20:18
bc1af28d-3371-472b-8955-eaf948f0b9f4,28,execution_dead_rolled_back,implement,e70dc4e6-a421-4c2f-bc5b-37c80856a39d,2026-09-15 00:20:18
bc1af28d-3371-472b-8955-eaf948f0b9f4,29,repeated_dead_execution_pattern,implement,e70dc4e6-a421-4c2f-bc5b-37c80856a39d,2026-09-15 00:20:18
4a8f20e6-fe6a-4735-b4b8-5ee1f90c1e4b,21,node_completed,qa,e4dc4bd8-1479-4036-9c66-ba636cc7edab,2026-09-15 00:41:39
4a8f20e6-fe6a-4735-b4b8-5ee1f90c1e4b,24,gate_opened,founder_gate,,2026-09-15 00:41:39
2ee4747d-ff26-4c92-9dce-fa08a6c69dd9,13,writer_replacement,implement,9c482989-3044-4672-9110-1ccdd6b92c65,2026-09-15 00:57:02
2ee4747d-ff26-4c92-9dce-fa08a6c69dd9,14,resume_target_unrecoverable,implement,,2026-09-15 00:57:02
2ee4747d-ff26-4c92-9dce-fa08a6c69dd9,15,execution_dead_rolled_back,implement,ff25fa7d-3047-4fe1-b6e3-93cbbde2be06,2026-09-15 00:57:02
5ea4805e-1e01-47d1-8be1-26641097104a,10,node_completed,eng_design,43afc4c4-273c-4d1e-881e-4db0c0a62e82,2026-09-15 01:08:01
dbdb0656-79f8-4360-aa09-d304f40f88a6,13,writer_replacement,implement,34a07f73-7397-4263-95eb-efec7299ffe7,2026-09-15 01:12:09
dbdb0656-79f8-4360-aa09-d304f40f88a6,14,resume_target_unrecoverable,implement,,2026-09-15 01:12:10
dbdb0656-79f8-4360-aa09-d304f40f88a6,15,execution_dead_rolled_back,implement,1bd1c204-9034-4c16-80ef-3fb2c352d853,2026-09-15 01:12:10
4a8f20e6-fe6a-4735-b4b8-5ee1f90c1e4b,30,node_completed,founder_gate,e4dc4bd8-1479-4036-9c66-ba636cc7edab,2026-09-15 01:13:15
bc1af28d-3371-472b-8955-eaf948f0b9f4,33,execution_admitted,implement,2d543988-6387-477b-b0d9-655e2cbaaf76,2026-09-15 01:14:26
f4796b69-48b6-4006-a132-b4aedb1e4895,4,execution_admitted,eng_design,4cde77ab-692a-4609-b8df-21a99e2609d0,2026-09-15 01:15:17
2ee4747d-ff26-4c92-9dce-fa08a6c69dd9,19,execution_admitted,implement,9c482989-3044-4672-9110-1ccdd6b92c65,2026-09-15 01:20:55
5ea4805e-1e01-47d1-8be1-26641097104a,15,execution_admitted,implement,7c2fdad7-b445-48be-9bb5-d3d6881f2fb3,2026-09-15 01:22:13
dbdb0656-79f8-4360-aa09-d304f40f88a6,17,execution_admitted,implement,34a07f73-7397-4263-95eb-efec7299ffe7,2026-09-15 01:23:16
50014f14-6450-4dc0-998e-79b89359cddd,25,run_terminated_by_operator,,,2026-09-15 01:26:23
600ed59b-92bf-4634-8756-3c8169530231,3,execution_admitted,implement,a78ea35d-ce17-4a49-a265-ac3ba6be4863,2026-09-15 01:26:41
60a6b491-5770-4297-a95d-dfd1424b1e7b,4,execution_admitted,eng_design,b29f2cf7-440b-4826-a3ff-64a5f2968fb1,2026-09-15 01:29:44
600ed59b-92bf-4634-8756-3c8169530231,10,unlaunched_admission_rolled_back,implement,a78ea35d-ce17-4a49-a265-ac3ba6be4863,2026-09-15 01:36:41
600ed59b-92bf-4634-8756-3c8169530231,14,run_terminated_by_operator,,,2026-09-15 01:42:09
b80f56a0-e90d-4059-a709-5db25acb6a81,3,execution_admitted,implement,490674ab-fca3-4199-9621-d7f7ad718b7f,2026-09-15 01:42:18
62282d97-d6c2-4d1a-a471-db9f1e047e10,15,writer_replacement,implement,97463d7c-0d3f-4208-8df6-e693a00cdbeb,2026-09-15 01:50:42
62282d97-d6c2-4d1a-a471-db9f1e047e10,16,resume_target_unrecoverable,implement,,2026-09-15 01:50:42
62282d97-d6c2-4d1a-a471-db9f1e047e10,17,execution_dead_rolled_back,implement,5fb96d02-dcb9-47ef-bddb-42aa24778e09,2026-09-15 01:50:42
62282d97-d6c2-4d1a-a471-db9f1e047e10,19,execution_admitted,implement,97463d7c-0d3f-4208-8df6-e693a00cdbeb,2026-09-15 01:50:42
3887813b-263b-46db-8bb6-6d2771a87e99,15,writer_replacement,implement,618ac3be-4d44-4ab2-8bb0-4183d32533b0,2026-09-15 01:52:07
3887813b-263b-46db-8bb6-6d2771a87e99,16,resume_target_unrecoverable,implement,,2026-09-15 01:52:07
3887813b-263b-46db-8bb6-6d2771a87e99,17,execution_dead_rolled_back,implement,40a55a85-3d6c-452f-8f1a-cb9c452feb38,2026-09-15 01:52:07
f56dba39-8fdb-4c64-ae3f-4e8b48d1346a,15,writer_replacement,implement,677c2df1-56be-483c-9b27-9887a5ba37ff,2026-09-15 01:52:09
f56dba39-8fdb-4c64-ae3f-4e8b48d1346a,16,resume_target_unrecoverable,implement,,2026-09-15 01:52:09
f56dba39-8fdb-4c64-ae3f-4e8b48d1346a,17,execution_dead_rolled_back,implement,aa2c96b1-e308-406a-aba4-60ceb616f019,2026-09-15 01:52:09
3887813b-263b-46db-8bb6-6d2771a87e99,19,execution_admitted,implement,618ac3be-4d44-4ab2-8bb0-4183d32533b0,2026-09-15 01:52:09
f56dba39-8fdb-4c64-ae3f-4e8b48d1346a,19,execution_admitted,implement,677c2df1-56be-483c-9b27-9887a5ba37ff,2026-09-15 01:53:27
2ee4747d-ff26-4c92-9dce-fa08a6c69dd9,24,node_completed,implement,9c482989-3044-4672-9110-1ccdd6b92c65,2026-09-15 01:57:09
2ee4747d-ff26-4c92-9dce-fa08a6c69dd9,29,execution_admitted,qa,b40aeee0-1bdb-4a5f-b3c9-82e9d2a536a1,2026-09-15 01:57:11
dbdb0656-79f8-4360-aa09-d304f40f88a6,23,node_completed,implement,34a07f73-7397-4263-95eb-efec7299ffe7,2026-09-15 02:03:13
dbdb0656-79f8-4360-aa09-d304f40f88a6,28,execution_admitted,qa,c8f05c25-f596-414b-b765-fe746ef08d91,2026-09-15 02:03:13
f4796b69-48b6-4006-a132-b4aedb1e4895,11,node_completed,eng_design,4cde77ab-692a-4609-b8df-21a99e2609d0,2026-09-15 02:09:03
f4796b69-48b6-4006-a132-b4aedb1e4895,16,execution_admitted,implement,1588d67f-d09e-4e1d-b37a-2307491117ed,2026-09-15 02:09:07
62282d97-d6c2-4d1a-a471-db9f1e047e10,24,node_completed,implement,97463d7c-0d3f-4208-8df6-e693a00cdbeb,2026-09-15 02:14:21
4a8f20e6-fe6a-4735-b4b8-5ee1f90c1e4b,46,run_completed,land,1d436829-bb32-4834-b535-8f9e26cefda4,2026-09-15 02:14:23
62282d97-d6c2-4d1a-a471-db9f1e047e10,29,execution_admitted,qa,a46726c7-e5f9-4f92-ba6c-ecfdad628632,2026-09-15 02:14:24
2ee4747d-ff26-4c92-9dce-fa08a6c69dd9,36,node_completed,qa,b40aeee0-1bdb-4a5f-b3c9-82e9d2a536a1,2026-09-15 02:15:49
2ee4747d-ff26-4c92-9dce-fa08a6c69dd9,43,execution_admitted,implement,9c482989-3044-4672-9110-1ccdd6b92c65,2026-09-15 02:15:51
dbdb0656-79f8-4360-aa09-d304f40f88a6,34,node_completed,qa,c8f05c25-f596-414b-b765-fe746ef08d91,2026-09-15 02:22:19
dbdb0656-79f8-4360-aa09-d304f40f88a6,41,execution_admitted,implement,34a07f73-7397-4263-95eb-efec7299ffe7,2026-09-15 02:22:27
60a6b491-5770-4297-a95d-dfd1424b1e7b,13,node_completed,eng_design,b29f2cf7-440b-4826-a3ff-64a5f2968fb1,2026-09-15 02:23:07
60a6b491-5770-4297-a95d-dfd1424b1e7b,18,execution_admitted,implement,504a7e76-2613-4063-81e0-d30fddaa5b93,2026-09-15 02:23:08
3887813b-263b-46db-8bb6-6d2771a87e99,24,node_completed,implement,618ac3be-4d44-4ab2-8bb0-4183d32533b0,2026-09-15 02:31:44
8b78b4fc-24d1-4a67-a30c-84032fcd556e,19,writer_replacement,implement,d490ae84-f848-408d-bfb4-fcad6b9ff64c,2026-09-15 02:32:15
8b78b4fc-24d1-4a67-a30c-84032fcd556e,20,resume_target_unrecoverable,implement,,2026-09-15 02:32:15
8b78b4fc-24d1-4a67-a30c-84032fcd556e,21,execution_dead_rolled_back,implement,e15da150-720b-4e99-abae-5fb694631c7d,2026-09-15 02:32:15
62282d97-d6c2-4d1a-a471-db9f1e047e10,36,node_completed,qa,a46726c7-e5f9-4f92-ba6c-ecfdad628632,2026-09-15 02:34:20
62282d97-d6c2-4d1a-a471-db9f1e047e10,39,gate_opened,founder_gate,,2026-09-15 02:34:20
bc1af28d-3371-472b-8955-eaf948f0b9f4,36,node_completed,implement,2d543988-6387-477b-b0d9-655e2cbaaf76,2026-09-15 02:35:21
2ee4747d-ff26-4c92-9dce-fa08a6c69dd9,64,node_completed,implement,9c482989-3044-4672-9110-1ccdd6b92c65,2026-09-15 02:51:15
2ee4747d-ff26-4c92-9dce-fa08a6c69dd9,72,execution_admitted,qa,b40aeee0-1bdb-4a5f-b3c9-82e9d2a536a1,2026-09-15 02:51:15
3887813b-263b-46db-8bb6-6d2771a87e99,31,execution_admitted,qa,ea79a0eb-26f4-4eba-b7e4-3fb741a10994,2026-09-15 02:54:47
8b78b4fc-24d1-4a67-a30c-84032fcd556e,25,execution_admitted,implement,d490ae84-f848-408d-bfb4-fcad6b9ff64c,2026-09-15 02:55:08
bc1af28d-3371-472b-8955-eaf948f0b9f4,43,execution_admitted,qa,f1084188-795a-4668-a230-0132b09f38c4,2026-09-15 02:56:17
2ee4747d-ff26-4c92-9dce-fa08a6c69dd9,81,node_completed,qa,b40aeee0-1bdb-4a5f-b3c9-82e9d2a536a1,2026-09-15 02:58:29
2ee4747d-ff26-4c92-9dce-fa08a6c69dd9,91,execution_admitted,implement,9c482989-3044-4672-9110-1ccdd6b92c65,2026-09-15 02:59:30
8b78b4fc-24d1-4a67-a30c-84032fcd556e,30,node_completed,implement,d490ae84-f848-408d-bfb4-fcad6b9ff64c,2026-09-15 03:00:29
8b78b4fc-24d1-4a67-a30c-84032fcd556e,35,execution_admitted,qa,55d674b5-d09c-485a-8989-6b2e8edaf153,2026-09-15 03:00:29
5ea4805e-1e01-47d1-8be1-26641097104a,21,node_completed,implement,7c2fdad7-b445-48be-9bb5-d3d6881f2fb3,2026-09-15 03:00:30
5ea4805e-1e01-47d1-8be1-26641097104a,26,execution_admitted,qa,9e1f70b8-8f48-403a-a878-1b6c5660b695,2026-09-15 03:00:50
dbdb0656-79f8-4360-aa09-d304f40f88a6,63,node_completed,implement,34a07f73-7397-4263-95eb-efec7299ffe7,2026-09-15 03:02:09
dbdb0656-79f8-4360-aa09-d304f40f88a6,71,execution_admitted,qa,c8f05c25-f596-414b-b765-fe746ef08d91,2026-09-15 03:02:12
b0b36ef0-816a-4b77-b8ef-10ce14469919,19,node_completed,implement,f80b61ca-bf3d-455e-8b7b-e6dd4f2b9585,2026-09-15 03:09:16
b0b36ef0-816a-4b77-b8ef-10ce14469919,24,execution_admitted,qa,a537fa79-b9cd-4d1c-ba21-660894c63d3a,2026-09-15 03:09:16
dbdb0656-79f8-4360-aa09-d304f40f88a6,87,node_completed,qa,c8f05c25-f596-414b-b765-fe746ef08d91,2026-09-15 03:21:45
dbdb0656-79f8-4360-aa09-d304f40f88a6,89,gate_opened,founder_gate,,2026-09-15 03:21:45
b0b36ef0-816a-4b77-b8ef-10ce14469919,31,node_completed,qa,a537fa79-b9cd-4d1c-ba21-660894c63d3a,2026-09-15 03:32:12
b0b36ef0-816a-4b77-b8ef-10ce14469919,34,gate_opened,founder_gate,,2026-09-15 03:32:12
79572768-a7d7-48bf-a8f5-0932ace0732b,29,node_completed,founder_gate,11030fc1-1f69-4917-ac0e-568717f07b90,2026-09-15 03:36:00
62282d97-d6c2-4d1a-a471-db9f1e047e10,44,node_completed,founder_gate,a46726c7-e5f9-4f92-ba6c-ecfdad628632,2026-09-15 03:36:34
e6c036d4-1cf1-45bf-86e2-0488ac789cf7,3,execution_admitted,implement,24ac93cb-2fed-4727-a663-984ae50c707f,2026-09-15 03:41:38
2ee4747d-ff26-4c92-9dce-fa08a6c69dd9,117,node_completed,implement,9c482989-3044-4672-9110-1ccdd6b92c65,2026-09-15 03:43:21
5ea4805e-1e01-47d1-8be1-26641097104a,34,node_completed,qa,9e1f70b8-8f48-403a-a878-1b6c5660b695,2026-09-15 03:45:03
5ea4805e-1e01-47d1-8be1-26641097104a,37,gate_opened,founder_gate,,2026-09-15 03:45:03
62282d97-d6c2-4d1a-a471-db9f1e047e10,54,run_completed,land,088d86dc-5241-4f4f-9a59-09f0e3bcfa47,2026-09-15 03:45:51
2ee4747d-ff26-4c92-9dce-fa08a6c69dd9,125,execution_admitted,qa,b40aeee0-1bdb-4a5f-b3c9-82e9d2a536a1,2026-09-15 03:46:07
f4796b69-48b6-4006-a132-b4aedb1e4895,22,writer_replacement,implement,4ee72bfe-e4a4-44d7-aa19-bcf5c0acd249,2026-09-15 03:48:44
f4796b69-48b6-4006-a132-b4aedb1e4895,23,resume_target_unrecoverable,implement,,2026-09-15 03:48:44
f4796b69-48b6-4006-a132-b4aedb1e4895,24,execution_dead_rolled_back,implement,1588d67f-d09e-4e1d-b37a-2307491117ed,2026-09-15 03:48:44
f4796b69-48b6-4006-a132-b4aedb1e4895,26,execution_admitted,implement,4ee72bfe-e4a4-44d7-aa19-bcf5c0acd249,2026-09-15 03:48:45
f56dba39-8fdb-4c64-ae3f-4e8b48d1346a,25,writer_replacement,implement,70453c73-c423-4119-b5d9-314ba7ffd536,2026-09-15 03:51:14
f56dba39-8fdb-4c64-ae3f-4e8b48d1346a,26,resume_target_unrecoverable,implement,,2026-09-15 03:51:14
f56dba39-8fdb-4c64-ae3f-4e8b48d1346a,27,execution_dead_rolled_back,implement,677c2df1-56be-483c-9b27-9887a5ba37ff,2026-09-15 03:51:14
f56dba39-8fdb-4c64-ae3f-4e8b48d1346a,28,repeated_dead_execution_pattern,implement,677c2df1-56be-483c-9b27-9887a5ba37ff,2026-09-15 03:51:14
b80f56a0-e90d-4059-a709-5db25acb6a81,12,writer_replacement,implement,3865c1fa-d6ac-4617-8f35-072d937b851a,2026-09-15 03:51:15
b80f56a0-e90d-4059-a709-5db25acb6a81,13,resume_target_unrecoverable,implement,,2026-09-15 03:51:15
b80f56a0-e90d-4059-a709-5db25acb6a81,14,execution_dead_rolled_back,implement,490674ab-fca3-4199-9621-d7f7ad718b7f,2026-09-15 03:51:15
60a6b491-5770-4297-a95d-dfd1424b1e7b,24,writer_replacement,implement,a3329052-7202-4316-beec-80cb0066fc5b,2026-09-15 03:51:15
60a6b491-5770-4297-a95d-dfd1424b1e7b,25,resume_target_unrecoverable,implement,,2026-09-15 03:51:15
60a6b491-5770-4297-a95d-dfd1424b1e7b,26,execution_dead_rolled_back,implement,504a7e76-2613-4063-81e0-d30fddaa5b93,2026-09-15 03:51:15
e6c036d4-1cf1-45bf-86e2-0488ac789cf7,9,writer_replacement,implement,f5769e00-2210-4f37-aa8e-53a34da6fc67,2026-09-15 03:51:15
e6c036d4-1cf1-45bf-86e2-0488ac789cf7,10,resume_target_unrecoverable,implement,,2026-09-15 03:51:15
e6c036d4-1cf1-45bf-86e2-0488ac789cf7,11,execution_dead_rolled_back,implement,24ac93cb-2fed-4727-a663-984ae50c707f,2026-09-15 03:51:15
f56dba39-8fdb-4c64-ae3f-4e8b48d1346a,30,execution_admitted,implement,70453c73-c423-4119-b5d9-314ba7ffd536,2026-09-15 03:51:17
b80f56a0-e90d-4059-a709-5db25acb6a81,16,execution_admitted,implement,3865c1fa-d6ac-4617-8f35-072d937b851a,2026-09-15 03:54:14
60a6b491-5770-4297-a95d-dfd1424b1e7b,28,execution_admitted,implement,a3329052-7202-4316-beec-80cb0066fc5b,2026-09-15 03:55:54
8b78b4fc-24d1-4a67-a30c-84032fcd556e,44,node_completed,qa,55d674b5-d09c-485a-8989-6b2e8edaf153,2026-09-15 03:56:57
8b78b4fc-24d1-4a67-a30c-84032fcd556e,47,gate_opened,founder_gate,,2026-09-15 03:56:57
e6c036d4-1cf1-45bf-86e2-0488ac789cf7,13,execution_admitted,implement,f5769e00-2210-4f37-aa8e-53a34da6fc67,2026-09-15 03:57:07
b80f56a0-e90d-4059-a709-5db25acb6a81,20,writer_replacement,implement,f3aa1e50-5441-4ce1-b424-a92b75e5aa12,2026-09-15 03:58:28
b80f56a0-e90d-4059-a709-5db25acb6a81,21,resume_target_unrecoverable,implement,,2026-09-15 03:58:28
b80f56a0-e90d-4059-a709-5db25acb6a81,22,execution_dead_rolled_back,implement,3865c1fa-d6ac-4617-8f35-072d937b851a,2026-09-15 03:58:28
b80f56a0-e90d-4059-a709-5db25acb6a81,23,repeated_dead_execution_pattern,implement,3865c1fa-d6ac-4617-8f35-072d937b851a,2026-09-15 03:58:28
60a6b491-5770-4297-a95d-dfd1424b1e7b,34,writer_replacement,implement,cb691c0d-eb6e-43f2-b343-106204466ade,2026-09-15 03:58:28
60a6b491-5770-4297-a95d-dfd1424b1e7b,35,resume_target_unrecoverable,implement,,2026-09-15 03:58:28
60a6b491-5770-4297-a95d-dfd1424b1e7b,36,execution_dead_rolled_back,implement,a3329052-7202-4316-beec-80cb0066fc5b,2026-09-15 03:58:28
60a6b491-5770-4297-a95d-dfd1424b1e7b,37,repeated_dead_execution_pattern,implement,a3329052-7202-4316-beec-80cb0066fc5b,2026-09-15 03:58:28
b80f56a0-e90d-4059-a709-5db25acb6a81,25,execution_admitted,implement,f3aa1e50-5441-4ce1-b424-a92b75e5aa12,2026-09-15 03:58:31
60a6b491-5770-4297-a95d-dfd1424b1e7b,39,execution_admitted,implement,cb691c0d-eb6e-43f2-b343-106204466ade,2026-09-15 03:59:48
e6c036d4-1cf1-45bf-86e2-0488ac789cf7,20,writer_replacement,implement,fccf7d28-df10-415b-b77a-bf1a528a6a05,2026-09-15 04:01:14
e6c036d4-1cf1-45bf-86e2-0488ac789cf7,21,resume_target_unrecoverable,implement,,2026-09-15 04:01:14
e6c036d4-1cf1-45bf-86e2-0488ac789cf7,22,execution_dead_rolled_back,implement,f5769e00-2210-4f37-aa8e-53a34da6fc67,2026-09-15 04:01:14
e6c036d4-1cf1-45bf-86e2-0488ac789cf7,23,repeated_dead_execution_pattern,implement,f5769e00-2210-4f37-aa8e-53a34da6fc67,2026-09-15 04:01:14
f4796b69-48b6-4006-a132-b4aedb1e4895,33,unlaunched_admission_rolled_back,implement,4ee72bfe-e4a4-44d7-aa19-bcf5c0acd249,2026-09-15 04:01:14
e6c036d4-1cf1-45bf-86e2-0488ac789cf7,25,execution_admitted,implement,fccf7d28-df10-415b-b77a-bf1a528a6a05,2026-09-15 04:01:14
f56dba39-8fdb-4c64-ae3f-4e8b48d1346a,37,unlaunched_admission_rolled_back,implement,70453c73-c423-4119-b5d9-314ba7ffd536,2026-09-15 04:02:18
3887813b-263b-46db-8bb6-6d2771a87e99,40,node_completed,qa,ea79a0eb-26f4-4eba-b7e4-3fb741a10994,2026-09-15 04:03:12
3887813b-263b-46db-8bb6-6d2771a87e99,43,gate_opened,founder_gate,,2026-09-15 04:03:12
2ee4747d-ff26-4c92-9dce-fa08a6c69dd9,136,node_completed,qa,b40aeee0-1bdb-4a5f-b3c9-82e9d2a536a1,2026-09-15 04:05:48
2ee4747d-ff26-4c92-9dce-fa08a6c69dd9,144,execution_admitted,implement,9c482989-3044-4672-9110-1ccdd6b92c65,2026-09-15 04:05:50
2ee4747d-ff26-4c92-9dce-fa08a6c69dd9,154,execution_dead_rolled_back,implement,9c482989-3044-4672-9110-1ccdd6b92c65,2026-09-15 04:08:50
2ee4747d-ff26-4c92-9dce-fa08a6c69dd9,160,execution_admitted,implement,6bd95652-bb85-4197-9387-1102fea07b2a,2026-09-15 04:08:50
2ee4747d-ff26-4c92-9dce-fa08a6c69dd9,166,rework_replacement_launched,implement,6bd95652-bb85-4197-9387-1102fea07b2a,2026-09-15 04:09:46
2ee4747d-ff26-4c92-9dce-fa08a6c69dd9,168,writer_replacement,implement,4ed9ec0d-3fc5-484a-a2aa-0dbd7f9d1f05,2026-09-15 04:10:06
2ee4747d-ff26-4c92-9dce-fa08a6c69dd9,169,resume_target_unrecoverable,implement,,2026-09-15 04:10:06
2ee4747d-ff26-4c92-9dce-fa08a6c69dd9,170,execution_dead_rolled_back,implement,6bd95652-bb85-4197-9387-1102fea07b2a,2026-09-15 04:10:06
2ee4747d-ff26-4c92-9dce-fa08a6c69dd9,171,repeated_dead_execution_pattern,implement,6bd95652-bb85-4197-9387-1102fea07b2a,2026-09-15 04:10:06
2ee4747d-ff26-4c92-9dce-fa08a6c69dd9,175,execution_admitted,implement,4ed9ec0d-3fc5-484a-a2aa-0dbd7f9d1f05,2026-09-15 04:12:48
2ee4747d-ff26-4c92-9dce-fa08a6c69dd9,180,rework_replacement_launched,implement,4ed9ec0d-3fc5-484a-a2aa-0dbd7f9d1f05,2026-09-15 04:14:02
b80f56a0-e90d-4059-a709-5db25acb6a81,29,writer_replacement,implement,13366ff6-55db-441e-8777-ec7fd62bb1c5,2026-09-15 04:14:05
b80f56a0-e90d-4059-a709-5db25acb6a81,30,resume_target_unrecoverable,implement,,2026-09-15 04:14:05
b80f56a0-e90d-4059-a709-5db25acb6a81,31,execution_dead_rolled_back,implement,f3aa1e50-5441-4ce1-b424-a92b75e5aa12,2026-09-15 04:14:05
b80f56a0-e90d-4059-a709-5db25acb6a81,32,repeated_dead_execution_pattern,implement,f3aa1e50-5441-4ce1-b424-a92b75e5aa12,2026-09-15 04:14:05
60a6b491-5770-4297-a95d-dfd1424b1e7b,47,writer_replacement,implement,9b7b7504-b43b-4943-8b71-a310a301d6c6,2026-09-15 04:14:05
60a6b491-5770-4297-a95d-dfd1424b1e7b,48,resume_target_unrecoverable,implement,,2026-09-15 04:14:05
60a6b491-5770-4297-a95d-dfd1424b1e7b,49,execution_dead_rolled_back,implement,cb691c0d-eb6e-43f2-b343-106204466ade,2026-09-15 04:14:05
60a6b491-5770-4297-a95d-dfd1424b1e7b,50,repeated_dead_execution_pattern,implement,cb691c0d-eb6e-43f2-b343-106204466ade,2026-09-15 04:14:05
b80f56a0-e90d-4059-a709-5db25acb6a81,34,execution_admitted,implement,13366ff6-55db-441e-8777-ec7fd62bb1c5,2026-09-15 04:14:05
60a6b491-5770-4297-a95d-dfd1424b1e7b,52,execution_admitted,implement,9b7b7504-b43b-4943-8b71-a310a301d6c6,2026-09-15 04:15:36
e6c036d4-1cf1-45bf-86e2-0488ac789cf7,31,writer_replacement,implement,10238c22-89fd-456f-a122-4d7d3b172a37,2026-09-15 04:16:53
e6c036d4-1cf1-45bf-86e2-0488ac789cf7,32,resume_target_unrecoverable,implement,,2026-09-15 04:16:53
e6c036d4-1cf1-45bf-86e2-0488ac789cf7,33,execution_dead_rolled_back,implement,fccf7d28-df10-415b-b77a-bf1a528a6a05,2026-09-15 04:16:53
e6c036d4-1cf1-45bf-86e2-0488ac789cf7,34,repeated_dead_execution_pattern,implement,fccf7d28-df10-415b-b77a-bf1a528a6a05,2026-09-15 04:16:53
e6c036d4-1cf1-45bf-86e2-0488ac789cf7,36,execution_admitted,implement,10238c22-89fd-456f-a122-4d7d3b172a37,2026-09-15 04:16:53
d33a452a-8820-489e-b69d-a19ff2686836,3,execution_admitted,implement,b0b00296-0ff1-4b4a-9bac-d479633d08b5,2026-09-15 04:23:50
dbdb0656-79f8-4360-aa09-d304f40f88a6,100,execution_admitted,implement,34a07f73-7397-4263-95eb-efec7299ffe7,2026-09-15 04:39:21
dbdb0656-79f8-4360-aa09-d304f40f88a6,109,execution_dead_rolled_back,implement,34a07f73-7397-4263-95eb-efec7299ffe7,2026-09-15 04:42:23
dbdb0656-79f8-4360-aa09-d304f40f88a6,113,execution_admitted,implement,d3378115-c3f9-4133-b041-51c7119b498a,2026-09-15 04:42:23
dbdb0656-79f8-4360-aa09-d304f40f88a6,120,rework_replacement_launched,implement,d3378115-c3f9-4133-b041-51c7119b498a,2026-09-15 04:43:33
710f860e-d8e5-45e6-9232-c4b8c65da7fd,11,node_completed,implement,d7945bab-3e73-440b-8226-8dcb34eef770,2026-09-15 04:46:51
710f860e-d8e5-45e6-9232-c4b8c65da7fd,16,execution_admitted,qa,c39505e0-286c-4763-93d5-afd8046fb7b9,2026-09-15 04:46:51
710f860e-d8e5-45e6-9232-c4b8c65da7fd,23,unlaunched_admission_rolled_back,qa,c39505e0-286c-4763-93d5-afd8046fb7b9,2026-09-15 04:56:52
d33a452a-8820-489e-b69d-a19ff2686836,9,node_completed,implement,b0b00296-0ff1-4b4a-9bac-d479633d08b5,2026-09-15 05:28:26
d33a452a-8820-489e-b69d-a19ff2686836,14,execution_admitted,qa,4b1aca13-45ba-497a-a46d-c0747b62f56a,2026-09-15 05:28:26
dbdb0656-79f8-4360-aa09-d304f40f88a6,136,node_completed,implement,d3378115-c3f9-4133-b041-51c7119b498a,2026-09-15 05:29:52
dbdb0656-79f8-4360-aa09-d304f40f88a6,144,execution_admitted,qa,c8f05c25-f596-414b-b765-fe746ef08d91,2026-09-15 05:29:53
bc1af28d-3371-472b-8955-eaf948f0b9f4,52,node_completed,qa,f1084188-795a-4668-a230-0132b09f38c4,2026-09-15 05:33:20
bc1af28d-3371-472b-8955-eaf948f0b9f4,55,gate_opened,founder_gate,,2026-09-15 05:33:20
dbdb0656-79f8-4360-aa09-d304f40f88a6,154,node_completed,qa,c8f05c25-f596-414b-b765-fe746ef08d91,2026-09-15 05:36:49
dbdb0656-79f8-4360-aa09-d304f40f88a6,157,gate_opened,founder_gate,,2026-09-15 05:36:49
60a6b491-5770-4297-a95d-dfd1424b1e7b,57,node_completed,implement,9b7b7504-b43b-4943-8b71-a310a301d6c6,2026-09-15 05:37:15
60a6b491-5770-4297-a95d-dfd1424b1e7b,62,execution_admitted,qa,ecbac3ed-84ac-4a8f-8cde-592ebbaf1ae9,2026-09-15 05:37:16
5ea4805e-1e01-47d1-8be1-26641097104a,42,node_completed,founder_gate,9e1f70b8-8f48-403a-a878-1b6c5660b695,2026-09-15 05:37:38
5ea4805e-1e01-47d1-8be1-26641097104a,50,run_completed,land,d51b5b08-f3ab-4e06-b841-56c7945975ab,2026-09-15 05:39:04
d33a452a-8820-489e-b69d-a19ff2686836,21,node_completed,qa,4b1aca13-45ba-497a-a46d-c0747b62f56a,2026-09-15 05:41:19
d33a452a-8820-489e-b69d-a19ff2686836,24,gate_opened,founder_gate,,2026-09-15 05:41:19
b0b36ef0-816a-4b77-b8ef-10ce14469919,39,node_completed,founder_gate,a537fa79-b9cd-4d1c-ba21-660894c63d3a,2026-09-15 05:41:31
e6c036d4-1cf1-45bf-86e2-0488ac789cf7,45,run_terminated_by_operator,,,2026-09-15 06:11:49
0a068569-3d21-4a04-9796-6565d78c555f,3,execution_admitted,implement,1425d714-b549-4284-b0fe-116c5ff3e4a6,2026-09-15 06:12:10
b0b36ef0-816a-4b77-b8ef-10ce14469919,52,run_completed,land,a4f947ad-d978-4cab-8a24-c80b7378f8fd,2026-09-15 06:12:11
2ee4747d-ff26-4c92-9dce-fa08a6c69dd9,221,node_completed,implement,4ed9ec0d-3fc5-484a-a2aa-0dbd7f9d1f05,2026-09-15 06:16:25
2ee4747d-ff26-4c92-9dce-fa08a6c69dd9,229,execution_admitted,qa,b40aeee0-1bdb-4a5f-b3c9-82e9d2a536a1,2026-09-15 06:16:26
710f860e-d8e5-45e6-9232-c4b8c65da7fd,27,run_terminated_by_operator,,,2026-09-15 06:21:40
02a683a4-9cd6-4314-b433-0d8c8c5c97ed,3,execution_admitted,implement,394213e2-0101-4c15-ab9f-cec71cb42cc7,2026-09-15 06:21:49
60a6b491-5770-4297-a95d-dfd1424b1e7b,69,node_completed,qa,ecbac3ed-84ac-4a8f-8cde-592ebbaf1ae9,2026-09-15 06:39:43
60a6b491-5770-4297-a95d-dfd1424b1e7b,72,gate_opened,founder_gate,,2026-09-15 06:39:43
2ee4747d-ff26-4c92-9dce-fa08a6c69dd9,245,node_completed,qa,b40aeee0-1bdb-4a5f-b3c9-82e9d2a536a1,2026-09-15 06:44:30
2ee4747d-ff26-4c92-9dce-fa08a6c69dd9,253,execution_admitted,implement,4ed9ec0d-3fc5-484a-a2aa-0dbd7f9d1f05,2026-09-15 06:44:31
f56dba39-8fdb-4c64-ae3f-4e8b48d1346a,40,run_terminated_by_operator,,,2026-09-15 06:49:53
452fb1aa-4dd9-4cf8-8f40-e0f17f4ffdf6,3,execution_admitted,implement,39a7eb39-9fae-4990-a788-c0311d3074f2,2026-09-15 06:50:05
452fb1aa-4dd9-4cf8-8f40-e0f17f4ffdf6,7,run_terminated_by_operator,,,2026-09-15 06:51:43
e9611d9c-8dc3-4c5e-b826-443544e7d730,3,execution_admitted,implement,e6cae5c0-6c9a-448f-b5cc-eb3236dd7cae,2026-09-15 06:51:46
f4796b69-48b6-4006-a132-b4aedb1e4895,37,run_terminated_by_operator,,,2026-09-15 06:53:56
6180db8f-986f-491e-99d3-1447c0ff2653,3,execution_admitted,implement,d929ec70-51a2-48fb-8fb3-731483ee4964,2026-09-15 06:53:59
5c7fc4fa-b252-4532-97bb-ad8482b0edbf,27,run_terminated_by_operator,,,2026-09-15 06:55:08
1588d54f-3266-42e3-97f1-7641e64a4fb4,3,execution_admitted,implement,51fed434-5760-4549-beb9-8462cca35165,2026-09-15 06:55:11
1588d54f-3266-42e3-97f1-7641e64a4fb4,13,writer_replacement,implement,8ccefe69-9698-4ce6-902c-92bdbc0ade2a,2026-09-15 07:10:00
1588d54f-3266-42e3-97f1-7641e64a4fb4,14,resume_target_unrecoverable,implement,,2026-09-15 07:10:00
1588d54f-3266-42e3-97f1-7641e64a4fb4,15,execution_dead_rolled_back,implement,51fed434-5760-4549-beb9-8462cca35165,2026-09-15 07:10:00
1588d54f-3266-42e3-97f1-7641e64a4fb4,17,execution_admitted,implement,8ccefe69-9698-4ce6-902c-92bdbc0ade2a,2026-09-15 07:14:21
2ee4747d-ff26-4c92-9dce-fa08a6c69dd9,277,execution_dead_rolled_back,implement,4ed9ec0d-3fc5-484a-a2aa-0dbd7f9d1f05,2026-09-15 07:22:07
2ee4747d-ff26-4c92-9dce-fa08a6c69dd9,283,execution_admitted,implement,3657f99b-5dfb-47d8-b30e-85c61e8587c1,2026-09-15 07:22:08
dbdb0656-79f8-4360-aa09-d304f40f88a6,163,node_completed,founder_gate,c8f05c25-f596-414b-b765-fe746ef08d91,2026-09-15 07:22:35
2ee4747d-ff26-4c92-9dce-fa08a6c69dd9,289,rework_replacement_launched,implement,3657f99b-5dfb-47d8-b30e-85c61e8587c1,2026-09-15 07:27:21
60a6b491-5770-4297-a95d-dfd1424b1e7b,83,execution_dead_rolled_back,implement,9b7b7504-b43b-4943-8b71-a310a301d6c6,2026-09-15 07:27:26
60a6b491-5770-4297-a95d-dfd1424b1e7b,87,execution_admitted,implement,d2ab41f3-6e52-46b4-8dce-a1f8b99d1028,2026-09-15 07:27:30
60a6b491-5770-4297-a95d-dfd1424b1e7b,92,rework_replacement_launched,implement,d2ab41f3-6e52-46b4-8dce-a1f8b99d1028,2026-09-15 07:28:54
dbdb0656-79f8-4360-aa09-d304f40f88a6,170,run_completed,land,1edb73ad-824f-413f-b224-e673d79e050e,2026-09-15 07:29:48
b80f56a0-e90d-4059-a709-5db25acb6a81,41,run_terminated_by_operator,,,2026-09-15 07:30:45
30621512-1c3e-486c-b0d6-cc73fc578bb9,3,execution_admitted,implement,c7df5069-5a61-460d-a186-d9d6b6de4033,2026-09-15 07:30:49
d33a452a-8820-489e-b69d-a19ff2686836,29,node_completed,founder_gate,4b1aca13-45ba-497a-a46d-c0747b62f56a,2026-09-15 07:41:07
d33a452a-8820-489e-b69d-a19ff2686836,36,run_completed,land,2916ead3-cde4-4ad9-af0f-25f644084058,2026-09-15 07:43:18
6180db8f-986f-491e-99d3-1447c0ff2653,15,writer_replacement,implement,ef3f3d08-a1ac-4ea5-b065-6e10a6f30a4d,2026-09-15 07:55:10
6180db8f-986f-491e-99d3-1447c0ff2653,16,resume_target_unrecoverable,implement,,2026-09-15 07:55:10
6180db8f-986f-491e-99d3-1447c0ff2653,17,execution_dead_rolled_back,implement,d929ec70-51a2-48fb-8fb3-731483ee4964,2026-09-15 07:55:10
6180db8f-986f-491e-99d3-1447c0ff2653,19,execution_admitted,implement,ef3f3d08-a1ac-4ea5-b065-6e10a6f30a4d,2026-09-15 07:55:10
1588d54f-3266-42e3-97f1-7641e64a4fb4,20,node_completed,implement,8ccefe69-9698-4ce6-902c-92bdbc0ade2a,2026-09-15 08:47:55
2aac8f18-9ede-477d-8336-042be615c439,44,run_terminated_by_operator,,,2026-09-15 08:50:16
2ee4747d-ff26-4c92-9dce-fa08a6c69dd9,320,node_completed,implement,3657f99b-5dfb-47d8-b30e-85c61e8587c1,2026-09-15 08:53:52
2ee4747d-ff26-4c92-9dce-fa08a6c69dd9,328,execution_admitted,qa,b40aeee0-1bdb-4a5f-b3c9-82e9d2a536a1,2026-09-15 08:53:53
30621512-1c3e-486c-b0d6-cc73fc578bb9,9,node_completed,implement,c7df5069-5a61-460d-a186-d9d6b6de4033,2026-09-15 08:57:25
1588d54f-3266-42e3-97f1-7641e64a4fb4,26,execution_admitted,qa,73bf6a1c-b3c8-4e98-acd0-203af23538ce,2026-09-15 08:59:47
30621512-1c3e-486c-b0d6-cc73fc578bb9,14,execution_admitted,qa,399860e7-1a63-41c8-a2a3-a421ca765c85,2026-09-15 08:59:48
2a3aba49-82af-40d1-aa1f-d29680d125b8,4,execution_admitted,eng_design,c01e162d-8175-4de4-8aa6-9a4dedefd7dc,2026-09-15 09:01:27
2a3aba49-82af-40d1-aa1f-d29680d125b8,10,writer_replacement,eng_design,7136d48e-1954-4c4d-9e7f-b5cd5ddd98fe,2026-09-15 09:02:29
2a3aba49-82af-40d1-aa1f-d29680d125b8,11,resume_target_unrecoverable,eng_design,,2026-09-15 09:02:29
2a3aba49-82af-40d1-aa1f-d29680d125b8,12,execution_dead_rolled_back,eng_design,c01e162d-8175-4de4-8aa6-9a4dedefd7dc,2026-09-15 09:02:29
2a3aba49-82af-40d1-aa1f-d29680d125b8,14,execution_admitted,eng_design,7136d48e-1954-4c4d-9e7f-b5cd5ddd98fe,2026-09-15 09:02:30
1588d54f-3266-42e3-97f1-7641e64a4fb4,33,unlaunched_admission_rolled_back,qa,73bf6a1c-b3c8-4e98-acd0-203af23538ce,2026-09-15 09:09:50
2ee4747d-ff26-4c92-9dce-fa08a6c69dd9,340,node_completed,qa,b40aeee0-1bdb-4a5f-b3c9-82e9d2a536a1,2026-09-15 09:12:17
2ee4747d-ff26-4c92-9dce-fa08a6c69dd9,343,gate_opened,founder_gate,,2026-09-15 09:12:17
1588d54f-3266-42e3-97f1-7641e64a4fb4,44,execution_admitted,implement,8ccefe69-9698-4ce6-902c-92bdbc0ade2a,2026-09-15 09:16:44
60a6b491-5770-4297-a95d-dfd1424b1e7b,128,node_completed,implement,d2ab41f3-6e52-46b4-8dce-a1f8b99d1028,2026-09-15 09:18:54
60a6b491-5770-4297-a95d-dfd1424b1e7b,136,execution_admitted,qa,ecbac3ed-84ac-4a8f-8cde-592ebbaf1ae9,2026-09-15 09:18:58
1588d54f-3266-42e3-97f1-7641e64a4fb4,54,execution_dead_rolled_back,implement,8ccefe69-9698-4ce6-902c-92bdbc0ade2a,2026-09-15 09:28:48
1588d54f-3266-42e3-97f1-7641e64a4fb4,61,execution_admitted,implement,5dde386b-c560-4cd9-a0a6-8cf26ed28948,2026-09-15 09:28:48
1588d54f-3266-42e3-97f1-7641e64a4fb4,67,rework_replacement_launched,implement,5dde386b-c560-4cd9-a0a6-8cf26ed28948,2026-09-15 09:30:01
6180db8f-986f-491e-99d3-1447c0ff2653,22,node_completed,implement,ef3f3d08-a1ac-4ea5-b065-6e10a6f30a4d,2026-09-15 09:30:33
6180db8f-986f-491e-99d3-1447c0ff2653,27,execution_admitted,qa,e7078945-0319-45d9-b448-fd1d449cb06d,2026-09-15 09:30:33
30621512-1c3e-486c-b0d6-cc73fc578bb9,22,node_completed,qa,399860e7-1a63-41c8-a2a3-a421ca765c85,2026-09-15 09:30:35
30621512-1c3e-486c-b0d6-cc73fc578bb9,25,gate_opened,founder_gate,,2026-09-15 09:30:35
1588d54f-3266-42e3-97f1-7641e64a4fb4,68,node_completed,implement,5dde386b-c560-4cd9-a0a6-8cf26ed28948,2026-09-15 09:30:54
1588d54f-3266-42e3-97f1-7641e64a4fb4,74,execution_admitted,qa,ed10e862-368e-4e06-aae5-ef86e6f6178d,2026-09-15 09:31:36
60a6b491-5770-4297-a95d-dfd1424b1e7b,150,node_completed,qa,ecbac3ed-84ac-4a8f-8cde-592ebbaf1ae9,2026-09-15 09:40:29
60a6b491-5770-4297-a95d-dfd1424b1e7b,153,gate_opened,founder_gate,,2026-09-15 09:40:29
1588d54f-3266-42e3-97f1-7641e64a4fb4,124,node_completed,qa,ed10e862-368e-4e06-aae5-ef86e6f6178d,2026-09-15 09:53:42
1588d54f-3266-42e3-97f1-7641e64a4fb4,127,gate_opened,founder_gate,,2026-09-15 09:53:42
e9611d9c-8dc3-4c5e-b826-443544e7d730,13,writer_replacement,implement,cbe26903-778f-45b8-b321-ee7fdd7cf06c,2026-09-15 10:00:21
e9611d9c-8dc3-4c5e-b826-443544e7d730,14,resume_target_unrecoverable,implement,,2026-09-15 10:00:21
e9611d9c-8dc3-4c5e-b826-443544e7d730,15,execution_dead_rolled_back,implement,e6cae5c0-6c9a-448f-b5cc-eb3236dd7cae,2026-09-15 10:00:21
e9611d9c-8dc3-4c5e-b826-443544e7d730,17,execution_admitted,implement,cbe26903-778f-45b8-b321-ee7fdd7cf06c,2026-09-15 10:00:21
6180db8f-986f-491e-99d3-1447c0ff2653,35,node_completed,qa,e7078945-0319-45d9-b448-fd1d449cb06d,2026-09-15 10:07:19
6180db8f-986f-491e-99d3-1447c0ff2653,38,gate_opened,founder_gate,,2026-09-15 10:07:19
0a068569-3d21-4a04-9796-6565d78c555f,14,writer_replacement,implement,702333ea-3aac-481f-9791-09038dab5119,2026-09-15 10:40:10
0a068569-3d21-4a04-9796-6565d78c555f,15,resume_target_unrecoverable,implement,,2026-09-15 10:40:10
0a068569-3d21-4a04-9796-6565d78c555f,16,execution_dead_rolled_back,implement,1425d714-b549-4284-b0fe-116c5ff3e4a6,2026-09-15 10:40:10
0a068569-3d21-4a04-9796-6565d78c555f,18,execution_admitted,implement,702333ea-3aac-481f-9791-09038dab5119,2026-09-15 10:40:10
0a068569-3d21-4a04-9796-6565d78c555f,21,node_completed,implement,702333ea-3aac-481f-9791-09038dab5119,2026-09-15 11:04:09
0a068569-3d21-4a04-9796-6565d78c555f,26,execution_admitted,qa,f1be2420-6ad8-4df6-a2a1-d0b089de8b67,2026-09-15 11:04:09
e9611d9c-8dc3-4c5e-b826-443544e7d730,20,node_completed,implement,cbe26903-778f-45b8-b321-ee7fdd7cf06c,2026-09-15 11:17:12
e9611d9c-8dc3-4c5e-b826-443544e7d730,25,execution_admitted,qa,4a5e82c4-ce0d-4ea0-8788-a0891524165b,2026-09-15 11:17:13
0a068569-3d21-4a04-9796-6565d78c555f,34,node_completed,qa,f1be2420-6ad8-4df6-a2a1-d0b089de8b67,2026-09-15 11:28:35
0a068569-3d21-4a04-9796-6565d78c555f,37,gate_opened,founder_gate,,2026-09-15 11:28:35
e9611d9c-8dc3-4c5e-b826-443544e7d730,33,node_completed,qa,4a5e82c4-ce0d-4ea0-8788-a0891524165b,2026-09-15 11:41:02
e9611d9c-8dc3-4c5e-b826-443544e7d730,36,gate_opened,founder_gate,,2026-09-15 11:41:02
2a3aba49-82af-40d1-aa1f-d29680d125b8,20,writer_replacement,eng_design,a98037b7-82aa-4512-abdf-0e7894602431,2026-09-15 14:51:38
2a3aba49-82af-40d1-aa1f-d29680d125b8,21,resume_target_unrecoverable,eng_design,,2026-09-15 14:51:38
2a3aba49-82af-40d1-aa1f-d29680d125b8,22,execution_dead_rolled_back,eng_design,7136d48e-1954-4c4d-9e7f-b5cd5ddd98fe,2026-09-15 14:51:38
2a3aba49-82af-40d1-aa1f-d29680d125b8,23,repeated_dead_execution_pattern,eng_design,7136d48e-1954-4c4d-9e7f-b5cd5ddd98fe,2026-09-15 14:51:38
2a3aba49-82af-40d1-aa1f-d29680d125b8,25,execution_admitted,eng_design,a98037b7-82aa-4512-abdf-0e7894602431,2026-09-15 14:51:38
2a3aba49-82af-40d1-aa1f-d29680d125b8,29,writer_replacement,eng_design,3212f965-e60f-4d80-b406-5d90eee1c761,2026-09-15 15:06:38
2a3aba49-82af-40d1-aa1f-d29680d125b8,30,resume_target_unrecoverable,eng_design,,2026-09-15 15:06:38
2a3aba49-82af-40d1-aa1f-d29680d125b8,31,execution_dead_rolled_back,eng_design,a98037b7-82aa-4512-abdf-0e7894602431,2026-09-15 15:06:38
2a3aba49-82af-40d1-aa1f-d29680d125b8,32,repeated_dead_execution_pattern,eng_design,a98037b7-82aa-4512-abdf-0e7894602431,2026-09-15 15:06:38
2a3aba49-82af-40d1-aa1f-d29680d125b8,34,execution_admitted,eng_design,3212f965-e60f-4d80-b406-5d90eee1c761,2026-09-15 15:06:38
2a3aba49-82af-40d1-aa1f-d29680d125b8,41,run_terminated_by_operator,,,2026-09-15 15:22:11
5f877965-fe75-4bf1-9456-995a106417e7,4,execution_admitted,eng_design,652ca661-9bd2-4c23-8381-8b7df17ad3c2,2026-09-15 15:22:28
02a683a4-9cd6-4314-b433-0d8c8c5c97ed,12,node_completed,implement,394213e2-0101-4c15-ab9f-cec71cb42cc7,2026-09-15 15:27:32
02a683a4-9cd6-4314-b433-0d8c8c5c97ed,17,execution_admitted,qa,23cca886-9113-4d5b-870a-25be85a91c93,2026-09-15 15:27:32
02a683a4-9cd6-4314-b433-0d8c8c5c97ed,22,run_terminated_by_operator,,,2026-09-15 15:28:07
097bb435-78b0-4d42-b6e3-3143fe4b6684,3,execution_admitted,implement,dd5960a4-7410-4214-be63-490af5b837d0,2026-09-15 15:28:17
5f877965-fe75-4bf1-9456-995a106417e7,11,writer_replacement,eng_design,3436436b-2c43-445b-9f70-46fc0e060297,2026-09-15 15:33:18
5f877965-fe75-4bf1-9456-995a106417e7,12,resume_target_unrecoverable,eng_design,,2026-09-15 15:33:18
5f877965-fe75-4bf1-9456-995a106417e7,13,execution_dead_rolled_back,eng_design,652ca661-9bd2-4c23-8381-8b7df17ad3c2,2026-09-15 15:33:18
5f877965-fe75-4bf1-9456-995a106417e7,15,execution_admitted,eng_design,3436436b-2c43-445b-9f70-46fc0e060297,2026-09-15 15:33:18
5f877965-fe75-4bf1-9456-995a106417e7,19,writer_replacement,eng_design,9467f713-775d-4861-bddf-797d78811efa,2026-09-15 15:53:17
5f877965-fe75-4bf1-9456-995a106417e7,20,resume_target_unrecoverable,eng_design,,2026-09-15 15:53:17
5f877965-fe75-4bf1-9456-995a106417e7,21,execution_dead_rolled_back,eng_design,3436436b-2c43-445b-9f70-46fc0e060297,2026-09-15 15:53:17
5f877965-fe75-4bf1-9456-995a106417e7,22,repeated_dead_execution_pattern,eng_design,3436436b-2c43-445b-9f70-46fc0e060297,2026-09-15 15:53:17
5f877965-fe75-4bf1-9456-995a106417e7,24,execution_admitted,eng_design,9467f713-775d-4861-bddf-797d78811efa,2026-09-15 15:53:17
5f877965-fe75-4bf1-9456-995a106417e7,27,run_terminated_by_operator,,,2026-09-15 15:56:04
6180db8f-986f-491e-99d3-1447c0ff2653,43,node_completed,founder_gate,e7078945-0319-45d9-b448-fd1d449cb06d,2026-09-15 16:21:13
6180db8f-986f-491e-99d3-1447c0ff2653,51,run_completed,land,a099b278-fb8b-435a-b5c1-6c4fd98a8ad3,2026-09-15 16:22:32
30621512-1c3e-486c-b0d6-cc73fc578bb9,30,node_completed,founder_gate,399860e7-1a63-41c8-a2a3-a421ca765c85,2026-09-15 16:22:45
30621512-1c3e-486c-b0d6-cc73fc578bb9,44,execution_dead_rolled_back,implement,c7df5069-5a61-460d-a186-d9d6b6de4033,2026-09-15 16:22:52
30621512-1c3e-486c-b0d6-cc73fc578bb9,48,execution_admitted,implement,cec3f253-ec78-4f11-8391-690669b76ab5,2026-09-15 16:22:52
2ee4747d-ff26-4c92-9dce-fa08a6c69dd9,349,node_completed,founder_gate,b40aeee0-1bdb-4a5f-b3c9-82e9d2a536a1,2026-09-15 16:24:07
e9611d9c-8dc3-4c5e-b826-443544e7d730,41,node_completed,founder_gate,4a5e82c4-ce0d-4ea0-8788-a0891524165b,2026-09-15 16:24:07
30621512-1c3e-486c-b0d6-cc73fc578bb9,54,rework_replacement_launched,implement,cec3f253-ec78-4f11-8391-690669b76ab5,2026-09-15 16:24:19
2ee4747d-ff26-4c92-9dce-fa08a6c69dd9,367,execution_dead_rolled_back,implement,3657f99b-5dfb-47d8-b30e-85c61e8587c1,2026-09-15 16:24:32
e9611d9c-8dc3-4c5e-b826-443544e7d730,55,execution_dead_rolled_back,implement,cbe26903-778f-45b8-b321-ee7fdd7cf06c,2026-09-15 16:24:32
2ee4747d-ff26-4c92-9dce-fa08a6c69dd9,371,execution_admitted,implement,e0c055e7-2e2a-4189-969a-d37d3109aed6,2026-09-15 16:24:32
3df20410-38d4-4305-a02e-6471e0bab6aa,37,node_completed,founder_gate,90ffdd81-5308-4a34-aadb-8f7aea8e214d,2026-09-15 16:26:59
8b78b4fc-24d1-4a67-a30c-84032fcd556e,54,node_completed,founder_gate,55d674b5-d09c-485a-8989-6b2e8edaf153,2026-09-15 16:26:59
3887813b-263b-46db-8bb6-6d2771a87e99,48,node_completed,founder_gate,ea79a0eb-26f4-4eba-b7e4-3fb741a10994,2026-09-15 16:27:04
bc1af28d-3371-472b-8955-eaf948f0b9f4,60,node_completed,founder_gate,f1084188-795a-4668-a230-0132b09f38c4,2026-09-15 16:27:04
60a6b491-5770-4297-a95d-dfd1424b1e7b,159,node_completed,founder_gate,ecbac3ed-84ac-4a8f-8cde-592ebbaf1ae9,2026-09-15 16:29:35
2ee4747d-ff26-4c92-9dce-fa08a6c69dd9,377,rework_replacement_launched,implement,e0c055e7-2e2a-4189-969a-d37d3109aed6,2026-09-15 16:29:38
e9611d9c-8dc3-4c5e-b826-443544e7d730,59,execution_admitted,implement,bc8d9c0b-e70b-4c6e-b1d3-749d2a35c604,2026-09-15 16:29:38
e9611d9c-8dc3-4c5e-b826-443544e7d730,65,rework_replacement_launched,implement,bc8d9c0b-e70b-4c6e-b1d3-749d2a35c604,2026-09-15 16:30:56
3df20410-38d4-4305-a02e-6471e0bab6aa,51,execution_dead_rolled_back,implement,9cb1f181-6216-4610-aea6-40f00750f8c5,2026-09-15 16:31:53
3887813b-263b-46db-8bb6-6d2771a87e99,62,execution_dead_rolled_back,implement,618ac3be-4d44-4ab2-8bb0-4183d32533b0,2026-09-15 16:31:53
bc1af28d-3371-472b-8955-eaf948f0b9f4,74,execution_dead_rolled_back,implement,2d543988-6387-477b-b0d9-655e2cbaaf76,2026-09-15 16:31:53
3df20410-38d4-4305-a02e-6471e0bab6aa,55,execution_admitted,implement,b84033d0-9025-421a-9888-7e00ae73617c,2026-09-15 16:31:57
0a068569-3d21-4a04-9796-6565d78c555f,44,node_completed,founder_gate,f1be2420-6ad8-4df6-a2a1-d0b089de8b67,2026-09-15 16:33:02
3df20410-38d4-4305-a02e-6471e0bab6aa,60,rework_replacement_launched,implement,b84033d0-9025-421a-9888-7e00ae73617c,2026-09-15 16:33:04
3887813b-263b-46db-8bb6-6d2771a87e99,66,execution_admitted,implement,b1c0563e-580f-4458-ad50-ff565e8f0227,2026-09-15 16:33:04
e74e3168-d005-4288-b2c2-b9bb1e0638cd,3,execution_admitted,implement,75c8f7dc-b318-415e-a6e5-6a6fa78bd169,2026-09-15 16:33:52
3887813b-263b-46db-8bb6-6d2771a87e99,71,rework_replacement_launched,implement,b1c0563e-580f-4458-ad50-ff565e8f0227,2026-09-15 16:34:35
bc1af28d-3371-472b-8955-eaf948f0b9f4,78,execution_admitted,implement,8f0094ab-833f-4bea-9588-3e9b35dd23f6,2026-09-15 16:34:35
bc1af28d-3371-472b-8955-eaf948f0b9f4,83,rework_replacement_launched,implement,8f0094ab-833f-4bea-9588-3e9b35dd23f6,2026-09-15 16:36:13
8b78b4fc-24d1-4a67-a30c-84032fcd556e,62,run_completed,land,dc1b557e-7984-499b-9370-454eaab8d2c9,2026-09-15 16:37:21
1588d54f-3266-42e3-97f1-7641e64a4fb4,134,run_terminated_by_operator,,,2026-09-15 16:38:10
60a6b491-5770-4297-a95d-dfd1424b1e7b,168,run_completed,land,8ba1693e-7953-40df-86c7-035bbef6dddf,2026-09-15 16:39:46
e74e3168-d005-4288-b2c2-b9bb1e0638cd,10,run_terminated_by_operator,,,2026-09-15 16:40:22
95fe32ee-3965-42e8-9e20-6425a2499452,3,execution_admitted,implement,65fc7378-071e-4ad2-ba38-a100a5377f9e,2026-09-15 16:40:36
95fe32ee-3965-42e8-9e20-6425a2499452,7,writer_replacement,implement,6bae3c01-aaf9-4408-817e-9185c9648e72,2026-09-15 16:42:03
95fe32ee-3965-42e8-9e20-6425a2499452,8,resume_target_unrecoverable,implement,,2026-09-15 16:42:03
95fe32ee-3965-42e8-9e20-6425a2499452,9,execution_dead_rolled_back,implement,65fc7378-071e-4ad2-ba38-a100a5377f9e,2026-09-15 16:42:03
95fe32ee-3965-42e8-9e20-6425a2499452,10,run_terminated_by_operator,,,2026-09-15 16:42:46
0a068569-3d21-4a04-9796-6565d78c555f,53,run_completed,land,1cf8c18b-1c53-4cee-9985-8167cee09919,2026-09-15 16:43:41
c65a8d52-5f17-4a0d-81b6-37922bbceb2d,3,execution_admitted,general,5a5dcbc9-e8cc-4f02-91a7-e188e70bdef4,2026-09-15 16:54:30
627d7544-1989-479f-839e-d68e0df33183,3,execution_admitted,implement,f335cac6-4eaf-49ea-b55c-d49f6f19a7eb,2026-09-15 16:58:11
30621512-1c3e-486c-b0d6-cc73fc578bb9,69,node_completed,implement,cec3f253-ec78-4f11-8391-690669b76ab5,2026-09-15 17:06:02
30621512-1c3e-486c-b0d6-cc73fc578bb9,77,execution_admitted,qa,399860e7-1a63-41c8-a2a3-a421ca765c85,2026-09-15 17:06:03
30621512-1c3e-486c-b0d6-cc73fc578bb9,88,node_completed,qa,399860e7-1a63-41c8-a2a3-a421ca765c85,2026-09-15 17:17:38
30621512-1c3e-486c-b0d6-cc73fc578bb9,91,gate_opened,founder_gate,,2026-09-15 17:17:38
3df20410-38d4-4305-a02e-6471e0bab6aa,80,writer_replacement,implement,416c3ad6-a5d4-4f92-9d6b-f6da1267d1eb,2026-09-15 17:20:59
3df20410-38d4-4305-a02e-6471e0bab6aa,81,resume_target_unrecoverable,implement,,2026-09-15 17:20:59
3df20410-38d4-4305-a02e-6471e0bab6aa,82,execution_dead_rolled_back,implement,b84033d0-9025-421a-9888-7e00ae73617c,2026-09-15 17:20:59
3df20410-38d4-4305-a02e-6471e0bab6aa,83,repeated_dead_execution_pattern,implement,b84033d0-9025-421a-9888-7e00ae73617c,2026-09-15 17:20:59
30621512-1c3e-486c-b0d6-cc73fc578bb9,100,node_completed,founder_gate,399860e7-1a63-41c8-a2a3-a421ca765c85,2026-09-15 17:21:21
30621512-1c3e-486c-b0d6-cc73fc578bb9,110,run_completed,land,34a04124-4828-40d2-bc3b-9074f4381397,2026-09-15 17:28:38
3df20410-38d4-4305-a02e-6471e0bab6aa,87,execution_admitted,implement,416c3ad6-a5d4-4f92-9d6b-f6da1267d1eb,2026-09-15 17:28:40
e9611d9c-8dc3-4c5e-b826-443544e7d730,85,writer_replacement,implement,468cb81a-45ec-4b4c-9750-54619e4c5a5f,2026-09-15 17:34:19
e9611d9c-8dc3-4c5e-b826-443544e7d730,86,resume_target_unrecoverable,implement,,2026-09-15 17:34:19
e9611d9c-8dc3-4c5e-b826-443544e7d730,87,execution_dead_rolled_back,implement,bc8d9c0b-e70b-4c6e-b1d3-749d2a35c604,2026-09-15 17:34:19
e9611d9c-8dc3-4c5e-b826-443544e7d730,88,repeated_dead_execution_pattern,implement,bc8d9c0b-e70b-4c6e-b1d3-749d2a35c604,2026-09-15 17:34:19
e9611d9c-8dc3-4c5e-b826-443544e7d730,92,execution_admitted,implement,468cb81a-45ec-4b4c-9750-54619e4c5a5f,2026-09-15 17:34:44
e9611d9c-8dc3-4c5e-b826-443544e7d730,97,rework_replacement_launched,implement,468cb81a-45ec-4b4c-9750-54619e4c5a5f,2026-09-15 17:35:27
3df20410-38d4-4305-a02e-6471e0bab6aa,94,unlaunched_admission_rolled_back,implement,416c3ad6-a5d4-4f92-9d6b-f6da1267d1eb,2026-09-15 17:38:41
3df20410-38d4-4305-a02e-6471e0bab6aa,103,run_terminated_by_operator,,,2026-09-15 17:51:17
23f4da11-42bd-4482-8dec-d24fd7463300,3,execution_admitted,implement,5a9bd5d0-17ad-4940-8a67-03ff9b67e092,2026-09-15 17:51:26
bc1af28d-3371-472b-8955-eaf948f0b9f4,109,node_completed,implement,8f0094ab-833f-4bea-9588-3e9b35dd23f6,2026-09-15 17:55:15
bc1af28d-3371-472b-8955-eaf948f0b9f4,117,execution_admitted,qa,f1084188-795a-4668-a230-0132b09f38c4,2026-09-15 17:55:16
bc1af28d-3371-472b-8955-eaf948f0b9f4,128,node_completed,qa,f1084188-795a-4668-a230-0132b09f38c4,2026-09-15 18:05:57
bc1af28d-3371-472b-8955-eaf948f0b9f4,131,gate_opened,founder_gate,,2026-09-15 18:05:57
e9611d9c-8dc3-4c5e-b826-443544e7d730,110,writer_replacement,implement,556ebb26-b073-4738-972e-49346f50031b,2026-09-15 18:10:24
e9611d9c-8dc3-4c5e-b826-443544e7d730,111,resume_target_unrecoverable,implement,,2026-09-15 18:10:24
e9611d9c-8dc3-4c5e-b826-443544e7d730,112,execution_dead_rolled_back,implement,468cb81a-45ec-4b4c-9750-54619e4c5a5f,2026-09-15 18:10:24
e9611d9c-8dc3-4c5e-b826-443544e7d730,113,repeated_dead_execution_pattern,implement,468cb81a-45ec-4b4c-9750-54619e4c5a5f,2026-09-15 18:10:24
e9611d9c-8dc3-4c5e-b826-443544e7d730,117,execution_admitted,implement,556ebb26-b073-4738-972e-49346f50031b,2026-09-15 18:11:33
e9611d9c-8dc3-4c5e-b826-443544e7d730,122,rework_replacement_launched,implement,556ebb26-b073-4738-972e-49346f50031b,2026-09-15 18:12:43
c65a8d52-5f17-4a0d-81b6-37922bbceb2d,9,node_completed,general,5a5dcbc9-e8cc-4f02-91a7-e188e70bdef4,2026-09-15 18:14:18
c65a8d52-5f17-4a0d-81b6-37922bbceb2d,11,gate_opened,founder_gate,,2026-09-15 18:14:18
c65a8d52-5f17-4a0d-81b6-37922bbceb2d,16,node_completed,founder_gate,5a5dcbc9-e8cc-4f02-91a7-e188e70bdef4,2026-09-15 18:19:54
c65a8d52-5f17-4a0d-81b6-37922bbceb2d,26,run_completed,land,181d8c09-dafa-4f02-a4e3-48b216514e2e,2026-09-15 18:27:19
bc1af28d-3371-472b-8955-eaf948f0b9f4,137,node_completed,founder_gate,f1084188-795a-4668-a230-0132b09f38c4,2026-09-15 18:37:22
bc1af28d-3371-472b-8955-eaf948f0b9f4,147,run_completed,land,dd6cd485-c9e7-44a1-bba0-1aa0b50448a7,2026-09-15 18:38:34
3887813b-263b-46db-8bb6-6d2771a87e99,123,writer_replacement,implement,fc75c116-07f5-4138-9c4f-1bb379472d89,2026-09-15 19:02:37
3887813b-263b-46db-8bb6-6d2771a87e99,124,resume_target_unrecoverable,implement,,2026-09-15 19:02:37
3887813b-263b-46db-8bb6-6d2771a87e99,125,execution_dead_rolled_back,implement,b1c0563e-580f-4458-ad50-ff565e8f0227,2026-09-15 19:02:37
3887813b-263b-46db-8bb6-6d2771a87e99,126,repeated_dead_execution_pattern,implement,b1c0563e-580f-4458-ad50-ff565e8f0227,2026-09-15 19:02:37
e9611d9c-8dc3-4c5e-b826-443544e7d730,140,node_completed,implement,556ebb26-b073-4738-972e-49346f50031b,2026-09-15 19:05:04
e9611d9c-8dc3-4c5e-b826-443544e7d730,148,execution_admitted,qa,4a5e82c4-ce0d-4ea0-8788-a0891524165b,2026-09-15 19:05:04
3887813b-263b-46db-8bb6-6d2771a87e99,130,execution_admitted,implement,fc75c116-07f5-4138-9c4f-1bb379472d89,2026-09-15 19:06:17
3887813b-263b-46db-8bb6-6d2771a87e99,135,rework_replacement_launched,implement,fc75c116-07f5-4138-9c4f-1bb379472d89,2026-09-15 19:07:30
23f4da11-42bd-4482-8dec-d24fd7463300,9,node_completed,implement,5a9bd5d0-17ad-4940-8a67-03ff9b67e092,2026-09-15 19:07:32
23f4da11-42bd-4482-8dec-d24fd7463300,14,execution_admitted,qa,e1c312a9-450b-454c-8d08-38c43b5042a9,2026-09-15 19:07:34
e55081f9-b2d8-4311-98e4-0911133b5cf1,3,execution_admitted,implement,067fa75a-3b94-4de5-a70a-f157147e9b45,2026-09-15 19:07:59
2ee4747d-ff26-4c92-9dce-fa08a6c69dd9,431,node_completed,implement,e0c055e7-2e2a-4189-969a-d37d3109aed6,2026-09-15 19:12:37
2ee4747d-ff26-4c92-9dce-fa08a6c69dd9,439,execution_admitted,qa,b40aeee0-1bdb-4a5f-b3c9-82e9d2a536a1,2026-09-15 19:12:38
3887813b-263b-46db-8bb6-6d2771a87e99,138,node_completed,implement,fc75c116-07f5-4138-9c4f-1bb379472d89,2026-09-15 19:13:48
3887813b-263b-46db-8bb6-6d2771a87e99,146,execution_admitted,qa,ea79a0eb-26f4-4eba-b7e4-3fb741a10994,2026-09-15 19:13:48
e9611d9c-8dc3-4c5e-b826-443544e7d730,159,node_completed,qa,4a5e82c4-ce0d-4ea0-8788-a0891524165b,2026-09-15 19:16:37
e9611d9c-8dc3-4c5e-b826-443544e7d730,162,gate_opened,founder_gate,,2026-09-15 19:16:37
627d7544-1989-479f-839e-d68e0df33183,9,node_completed,implement,f335cac6-4eaf-49ea-b55c-d49f6f19a7eb,2026-09-15 19:17:05
627d7544-1989-479f-839e-d68e0df33183,14,execution_admitted,qa,dd06029c-72fb-4fc9-8835-bd7dc63aeaff,2026-09-15 19:17:06
2ee4747d-ff26-4c92-9dce-fa08a6c69dd9,450,node_completed,qa,b40aeee0-1bdb-4a5f-b3c9-82e9d2a536a1,2026-09-15 19:24:00
2ee4747d-ff26-4c92-9dce-fa08a6c69dd9,453,gate_opened,founder_gate,,2026-09-15 19:24:01
23f4da11-42bd-4482-8dec-d24fd7463300,21,node_completed,qa,e1c312a9-450b-454c-8d08-38c43b5042a9,2026-09-15 19:25:59
23f4da11-42bd-4482-8dec-d24fd7463300,24,gate_opened,founder_gate,,2026-09-15 19:25:59
627d7544-1989-479f-839e-d68e0df33183,21,node_completed,qa,dd06029c-72fb-4fc9-8835-bd7dc63aeaff,2026-09-15 19:43:12
627d7544-1989-479f-839e-d68e0df33183,24,gate_opened,founder_gate,,2026-09-15 19:43:12
3887813b-263b-46db-8bb6-6d2771a87e99,164,node_completed,qa,ea79a0eb-26f4-4eba-b7e4-3fb741a10994,2026-09-15 19:49:07
3887813b-263b-46db-8bb6-6d2771a87e99,172,execution_admitted,implement,fc75c116-07f5-4138-9c4f-1bb379472d89,2026-09-15 19:49:08
e55081f9-b2d8-4311-98e4-0911133b5cf1,11,node_completed,implement,067fa75a-3b94-4de5-a70a-f157147e9b45,2026-09-15 19:51:48
3887813b-263b-46db-8bb6-6d2771a87e99,184,node_completed,implement,fc75c116-07f5-4138-9c4f-1bb379472d89,2026-09-15 20:09:03
3887813b-263b-46db-8bb6-6d2771a87e99,192,execution_admitted,qa,ea79a0eb-26f4-4eba-b7e4-3fb741a10994,2026-09-15 20:09:03
3887813b-263b-46db-8bb6-6d2771a87e99,203,node_completed,qa,ea79a0eb-26f4-4eba-b7e4-3fb741a10994,2026-09-15 20:19:09
3887813b-263b-46db-8bb6-6d2771a87e99,205,gate_opened,founder_gate,,2026-09-15 20:19:09
e55081f9-b2d8-4311-98e4-0911133b5cf1,19,execution_admitted,qa,9717d3d2-2b4d-4010-af6f-09be6211079a,2026-09-15 20:28:40
e55081f9-b2d8-4311-98e4-0911133b5cf1,27,node_completed,qa,9717d3d2-2b4d-4010-af6f-09be6211079a,2026-09-15 20:46:29
e55081f9-b2d8-4311-98e4-0911133b5cf1,30,gate_opened,founder_gate,,2026-09-15 20:46:29
e55081f9-b2d8-4311-98e4-0911133b5cf1,40,node_completed,founder_gate,9717d3d2-2b4d-4010-af6f-09be6211079a,2026-09-15 22:01:55
e55081f9-b2d8-4311-98e4-0911133b5cf1,48,run_completed,land,090fbd34-4ffa-489d-8709-62795bf2f6bf,2026-09-15 22:03:09
627d7544-1989-479f-839e-d68e0df33183,41,node_completed,founder_gate,dd06029c-72fb-4fc9-8835-bd7dc63aeaff,2026-09-15 22:03:10
23f4da11-42bd-4482-8dec-d24fd7463300,44,node_completed,founder_gate,e1c312a9-450b-454c-8d08-38c43b5042a9,2026-09-15 22:06:59
4b9af037-9d36-45ff-ad0b-b8d1a3cced34,4,execution_admitted,eng_design,318d4b63-ade4-4dc5-86cc-0721d89b42a2,2026-09-15 22:41:37
e9611d9c-8dc3-4c5e-b826-443544e7d730,186,node_completed,founder_gate,4a5e82c4-ce0d-4ea0-8788-a0891524165b,2026-09-15 22:43:38
2ee4747d-ff26-4c92-9dce-fa08a6c69dd9,476,node_completed,founder_gate,b40aeee0-1bdb-4a5f-b3c9-82e9d2a536a1,2026-09-15 22:43:43
3887813b-263b-46db-8bb6-6d2771a87e99,223,node_completed,founder_gate,ea79a0eb-26f4-4eba-b7e4-3fb741a10994,2026-09-15 22:43:43
e9611d9c-8dc3-4c5e-b826-443544e7d730,199,execution_admitted,implement,556ebb26-b073-4738-972e-49346f50031b,2026-09-15 22:43:43
e9611d9c-8dc3-4c5e-b826-443544e7d730,200,resume_target_unrecoverable,implement,,2026-09-15 22:43:43
e9611d9c-8dc3-4c5e-b826-443544e7d730,205,execution_dead_rolled_back,implement,556ebb26-b073-4738-972e-49346f50031b,2026-09-15 22:43:43
e9611d9c-8dc3-4c5e-b826-443544e7d730,210,execution_admitted,implement,ebcec2a7-d8c7-4bac-9235-7b249fa67426,2026-09-15 22:43:53
e9611d9c-8dc3-4c5e-b826-443544e7d730,216,rework_replacement_launched,implement,ebcec2a7-d8c7-4bac-9235-7b249fa67426,2026-09-15 22:44:53
e9611d9c-8dc3-4c5e-b826-443544e7d730,219,writer_replacement,implement,1ad1f5f8-8ce8-4941-8279-875e86f96680,2026-09-15 22:45:14
e9611d9c-8dc3-4c5e-b826-443544e7d730,220,resume_target_unrecoverable,implement,,2026-09-15 22:45:14
e9611d9c-8dc3-4c5e-b826-443544e7d730,221,execution_dead_rolled_back,implement,ebcec2a7-d8c7-4bac-9235-7b249fa67426,2026-09-15 22:45:14
e9611d9c-8dc3-4c5e-b826-443544e7d730,222,repeated_dead_execution_pattern,implement,ebcec2a7-d8c7-4bac-9235-7b249fa67426,2026-09-15 22:45:14
3887813b-263b-46db-8bb6-6d2771a87e99,233,run_completed,land,df14f61b-8342-4b6f-bff2-0fc32be91983,2026-09-15 22:45:29
e9611d9c-8dc3-4c5e-b826-443544e7d730,226,execution_admitted,implement,1ad1f5f8-8ce8-4941-8279-875e86f96680,2026-09-15 22:47:54
e9611d9c-8dc3-4c5e-b826-443544e7d730,231,rework_replacement_launched,implement,1ad1f5f8-8ce8-4941-8279-875e86f96680,2026-09-15 22:48:50
e9611d9c-8dc3-4c5e-b826-443544e7d730,233,writer_replacement,implement,f876035f-11b7-4f8d-9bdc-78583470a929,2026-09-15 22:50:15
e9611d9c-8dc3-4c5e-b826-443544e7d730,234,resume_target_unrecoverable,implement,,2026-09-15 22:50:15
e9611d9c-8dc3-4c5e-b826-443544e7d730,235,execution_dead_rolled_back,implement,1ad1f5f8-8ce8-4941-8279-875e86f96680,2026-09-15 22:50:15
e9611d9c-8dc3-4c5e-b826-443544e7d730,236,repeated_dead_execution_pattern,implement,1ad1f5f8-8ce8-4941-8279-875e86f96680,2026-09-15 22:50:15
e9611d9c-8dc3-4c5e-b826-443544e7d730,240,execution_admitted,implement,f876035f-11b7-4f8d-9bdc-78583470a929,2026-09-15 22:51:51
e9611d9c-8dc3-4c5e-b826-443544e7d730,245,rework_replacement_launched,implement,f876035f-11b7-4f8d-9bdc-78583470a929,2026-09-15 22:52:46
2ee4747d-ff26-4c92-9dce-fa08a6c69dd9,500,rework_pane_loss_handoff,implement,e0c055e7-2e2a-4189-969a-d37d3109aed6,2026-09-15 23:00:52
e9611d9c-8dc3-4c5e-b826-443544e7d730,268,writer_replacement,implement,01da7149-4a30-4df6-a0e5-da007ecbcd32,2026-09-15 23:05:16
e9611d9c-8dc3-4c5e-b826-443544e7d730,269,resume_target_unrecoverable,implement,,2026-09-15 23:05:16
e9611d9c-8dc3-4c5e-b826-443544e7d730,270,execution_dead_rolled_back,implement,f876035f-11b7-4f8d-9bdc-78583470a929,2026-09-15 23:05:16
e9611d9c-8dc3-4c5e-b826-443544e7d730,271,repeated_dead_execution_pattern,implement,f876035f-11b7-4f8d-9bdc-78583470a929,2026-09-15 23:05:16
e9611d9c-8dc3-4c5e-b826-443544e7d730,274,execution_admitted,implement,01da7149-4a30-4df6-a0e5-da007ecbcd32,2026-09-15 23:05:53
e9611d9c-8dc3-4c5e-b826-443544e7d730,279,rework_replacement_launched,implement,01da7149-4a30-4df6-a0e5-da007ecbcd32,2026-09-15 23:06:51
4b9af037-9d36-45ff-ad0b-b8d1a3cced34,10,node_completed,eng_design,318d4b63-ade4-4dc5-86cc-0721d89b42a2,2026-09-15 23:09:49
4b9af037-9d36-45ff-ad0b-b8d1a3cced34,15,execution_admitted,implement,9af3eba7-5085-499f-a5c0-6bf6d1f76632,2026-09-15 23:12:57
4b9af037-9d36-45ff-ad0b-b8d1a3cced34,22,writer_replacement,implement,d1d441e4-3da9-46c2-b38e-2d79dabd6068,2026-09-15 23:14:25
4b9af037-9d36-45ff-ad0b-b8d1a3cced34,23,resume_target_unrecoverable,implement,,2026-09-15 23:14:25
4b9af037-9d36-45ff-ad0b-b8d1a3cced34,24,execution_dead_rolled_back,implement,9af3eba7-5085-499f-a5c0-6bf6d1f76632,2026-09-15 23:14:25
4b9af037-9d36-45ff-ad0b-b8d1a3cced34,26,execution_admitted,implement,d1d441e4-3da9-46c2-b38e-2d79dabd6068,2026-09-15 23:14:25
4b9af037-9d36-45ff-ad0b-b8d1a3cced34,32,writer_replacement,implement,c85050f4-c3c6-45fd-a0e5-3734684ecff8,2026-09-15 23:19:26
4b9af037-9d36-45ff-ad0b-b8d1a3cced34,33,resume_target_unrecoverable,implement,,2026-09-15 23:19:26
4b9af037-9d36-45ff-ad0b-b8d1a3cced34,34,execution_dead_rolled_back,implement,d1d441e4-3da9-46c2-b38e-2d79dabd6068,2026-09-15 23:19:26
4b9af037-9d36-45ff-ad0b-b8d1a3cced34,35,repeated_dead_execution_pattern,implement,d1d441e4-3da9-46c2-b38e-2d79dabd6068,2026-09-15 23:19:26
4b9af037-9d36-45ff-ad0b-b8d1a3cced34,37,execution_admitted,implement,c85050f4-c3c6-45fd-a0e5-3734684ecff8,2026-09-15 23:19:26
4b9af037-9d36-45ff-ad0b-b8d1a3cced34,43,writer_replacement,implement,f1f8d8cb-483c-477f-9b3d-07e2071de991,2026-09-15 23:34:26
4b9af037-9d36-45ff-ad0b-b8d1a3cced34,44,resume_target_unrecoverable,implement,,2026-09-15 23:34:26
4b9af037-9d36-45ff-ad0b-b8d1a3cced34,45,execution_dead_rolled_back,implement,c85050f4-c3c6-45fd-a0e5-3734684ecff8,2026-09-15 23:34:26
4b9af037-9d36-45ff-ad0b-b8d1a3cced34,46,repeated_dead_execution_pattern,implement,c85050f4-c3c6-45fd-a0e5-3734684ecff8,2026-09-15 23:34:26
4b9af037-9d36-45ff-ad0b-b8d1a3cced34,48,execution_admitted,implement,f1f8d8cb-483c-477f-9b3d-07e2071de991,2026-09-15 23:34:26
2ee4747d-ff26-4c92-9dce-fa08a6c69dd9,506,execution_dead_rolled_back,implement,e0c055e7-2e2a-4189-969a-d37d3109aed6,2026-09-15 23:56:29
2ee4747d-ff26-4c92-9dce-fa08a6c69dd9,510,execution_admitted,implement,a70a514f-5882-4bc0-aa0e-c4d5002f01df,2026-09-15 23:56:29
2ee4747d-ff26-4c92-9dce-fa08a6c69dd9,516,rework_replacement_launched,implement,a70a514f-5882-4bc0-aa0e-c4d5002f01df,2026-09-16 00:01:36
cffda7d2-1c69-4ea3-8b48-6177304295e6,4,execution_admitted,eng_design,93e1ef68-1afa-459a-a0d1-d52eb4ad7a2e,2026-09-16 00:11:58
e9611d9c-8dc3-4c5e-b826-443544e7d730,345,run_terminated_by_operator,,,2026-09-16 00:24:32
4b9af037-9d36-45ff-ad0b-b8d1a3cced34,57,run_terminated_by_operator,,,2026-09-16 00:24:33
4545e991-5f7f-478c-ab9f-013d40bb9e36,3,execution_admitted,implement,538b06e0-f103-4b68-ad84-96f38d677bbe,2026-09-16 00:24:40
0585ac28-c435-4720-a239-1c74b39bb8cc,3,execution_admitted,implement,bf21d6f3-e068-45d2-95aa-9c53153faf1a,2026-09-16 00:25:35
4545e991-5f7f-478c-ab9f-013d40bb9e36,9,node_completed,implement,538b06e0-f103-4b68-ad84-96f38d677bbe,2026-09-16 00:26:27
4545e991-5f7f-478c-ab9f-013d40bb9e36,14,execution_admitted,qa,6b816bed-feff-4b05-994a-3b959391840a,2026-09-16 00:26:28
54eb7a77-65fc-4251-bb9a-56885764a455,3,execution_admitted,implement,e518e773-6bb0-47ab-b17c-500a44fe2775,2026-09-16 00:33:33
15612058-44f0-4414-a02b-7c58c191c53e,3,execution_admitted,implement,95281478-5f33-4772-8fd0-c3f98ed718bf,2026-09-16 00:53:11
4a585d8b-0454-4f51-8a83-c0a1b81cc2a4,4,execution_admitted,eng_design,dd57b466-0a26-4d51-b32f-726ae6e3d311,2026-09-16 00:58:57
4545e991-5f7f-478c-ab9f-013d40bb9e36,22,node_completed,qa,6b816bed-feff-4b05-994a-3b959391840a,2026-09-16 01:04:13
4545e991-5f7f-478c-ab9f-013d40bb9e36,29,execution_admitted,implement,538b06e0-f103-4b68-ad84-96f38d677bbe,2026-09-16 01:04:14
2ee4747d-ff26-4c92-9dce-fa08a6c69dd9,542,node_completed,implement,a70a514f-5882-4bc0-aa0e-c4d5002f01df,2026-09-16 01:08:03
2ee4747d-ff26-4c92-9dce-fa08a6c69dd9,550,execution_admitted,qa,b40aeee0-1bdb-4a5f-b3c9-82e9d2a536a1,2026-09-16 01:08:05
cffda7d2-1c69-4ea3-8b48-6177304295e6,11,node_completed,eng_design,93e1ef68-1afa-459a-a0d1-d52eb4ad7a2e,2026-09-16 01:11:47
cffda7d2-1c69-4ea3-8b48-6177304295e6,16,execution_admitted,implement,fabd68a3-0b4c-4315-83b6-83a26d7a9046,2026-09-16 01:11:48
2ee4747d-ff26-4c92-9dce-fa08a6c69dd9,565,node_completed,qa,b40aeee0-1bdb-4a5f-b3c9-82e9d2a536a1,2026-09-16 01:32:26
2ee4747d-ff26-4c92-9dce-fa08a6c69dd9,568,gate_opened,founder_gate,,2026-09-16 01:32:26
4a585d8b-0454-4f51-8a83-c0a1b81cc2a4,11,node_completed,eng_design,dd57b466-0a26-4d51-b32f-726ae6e3d311,2026-09-16 01:55:16
4a585d8b-0454-4f51-8a83-c0a1b81cc2a4,16,execution_admitted,implement,e059729e-9960-4b78-80c1-70b28214852f,2026-09-16 01:55:16
4545e991-5f7f-478c-ab9f-013d40bb9e36,62,node_completed,implement,538b06e0-f103-4b68-ad84-96f38d677bbe,2026-09-16 02:13:06
4545e991-5f7f-478c-ab9f-013d40bb9e36,70,execution_admitted,qa,6b816bed-feff-4b05-994a-3b959391840a,2026-09-16 02:13:07
54eb7a77-65fc-4251-bb9a-56885764a455,9,node_completed,implement,e518e773-6bb0-47ab-b17c-500a44fe2775,2026-09-16 02:18:17
54eb7a77-65fc-4251-bb9a-56885764a455,14,execution_admitted,qa,d68a606f-b7d1-496e-8183-bbe3c27f1e48,2026-09-16 02:18:18
4545e991-5f7f-478c-ab9f-013d40bb9e36,81,node_completed,qa,6b816bed-feff-4b05-994a-3b959391840a,2026-09-16 02:24:54
4545e991-5f7f-478c-ab9f-013d40bb9e36,83,gate_opened,founder_gate,,2026-09-16 02:24:54
4545e991-5f7f-478c-ab9f-013d40bb9e36,89,node_completed,founder_gate,6b816bed-feff-4b05-994a-3b959391840a,2026-09-16 02:35:39
4bb2ed50-72b9-42b0-b695-644d9f7d47b2,4,execution_admitted,eng_design,14d1a745-a11b-4428-a1ec-50dc4bcd93c7,2026-09-16 02:37:55
15612058-44f0-4414-a02b-7c58c191c53e,10,node_completed,implement,95281478-5f33-4772-8fd0-c3f98ed718bf,2026-09-16 02:38:14
15612058-44f0-4414-a02b-7c58c191c53e,15,execution_admitted,qa,056f45db-f535-4eda-98e1-e4f7e39588c0,2026-09-16 02:38:16
54eb7a77-65fc-4251-bb9a-56885764a455,22,node_completed,qa,d68a606f-b7d1-496e-8183-bbe3c27f1e48,2026-09-16 02:39:00
54eb7a77-65fc-4251-bb9a-56885764a455,25,gate_opened,founder_gate,,2026-09-16 02:39:00
4bb2ed50-72b9-42b0-b695-644d9f7d47b2,8,writer_replacement,eng_design,736d133e-4462-479f-a0d6-bafc6bfe2afd,2026-09-16 02:39:22
4bb2ed50-72b9-42b0-b695-644d9f7d47b2,9,resume_target_unrecoverable,eng_design,,2026-09-16 02:39:22
4bb2ed50-72b9-42b0-b695-644d9f7d47b2,10,execution_dead_rolled_back,eng_design,14d1a745-a11b-4428-a1ec-50dc4bcd93c7,2026-09-16 02:39:22
f2cd955c-bfc2-4ad5-a31a-4e9fcbb950e1,3,execution_admitted,implement,03e9aa3e-96be-41ed-a1bb-7c6f2cf8f3de,2026-09-16 02:39:31
4bb2ed50-72b9-42b0-b695-644d9f7d47b2,11,run_terminated_by_operator,,,2026-09-16 02:41:23
54eb7a77-65fc-4251-bb9a-56885764a455,30,node_completed,founder_gate,d68a606f-b7d1-496e-8183-bbe3c27f1e48,2026-09-16 02:45:52
2ee4747d-ff26-4c92-9dce-fa08a6c69dd9,581,node_completed,founder_gate,b40aeee0-1bdb-4a5f-b3c9-82e9d2a536a1,2026-09-16 02:49:21
2ee4747d-ff26-4c92-9dce-fa08a6c69dd9,595,execution_dead_rolled_back,implement,a70a514f-5882-4bc0-aa0e-c4d5002f01df,2026-09-16 02:51:54
2ee4747d-ff26-4c92-9dce-fa08a6c69dd9,600,execution_admitted,implement,dc0d2010-e9b2-4d9d-ba35-66d22c00c912,2026-09-16 03:01:17
0585ac28-c435-4720-a239-1c74b39bb8cc,13,writer_replacement,implement,e1829cb5-a636-43d6-8e03-623eb54d4d57,2026-09-16 03:03:34
0585ac28-c435-4720-a239-1c74b39bb8cc,14,resume_target_unrecoverable,implement,,2026-09-16 03:03:34
0585ac28-c435-4720-a239-1c74b39bb8cc,15,execution_dead_rolled_back,implement,bf21d6f3-e068-45d2-95aa-9c53153faf1a,2026-09-16 03:03:34
0585ac28-c435-4720-a239-1c74b39bb8cc,17,execution_admitted,implement,e1829cb5-a636-43d6-8e03-623eb54d4d57,2026-09-16 03:03:35
15612058-44f0-4414-a02b-7c58c191c53e,22,node_completed,qa,056f45db-f535-4eda-98e1-e4f7e39588c0,2026-09-16 03:05:03
15612058-44f0-4414-a02b-7c58c191c53e,25,gate_opened,founder_gate,,2026-09-16 03:05:03
2ee4747d-ff26-4c92-9dce-fa08a6c69dd9,609,unlaunched_admission_rolled_back,implement,dc0d2010-e9b2-4d9d-ba35-66d22c00c912,2026-09-16 03:11:23
a4ae6bae-1ac5-4c5a-8693-b72ec90370dd,4,execution_admitted,eng_design,fa22d94c-042b-420f-99f3-5b9518b99e46,2026-09-16 03:13:10
f2cd955c-bfc2-4ad5-a31a-4e9fcbb950e1,13,writer_replacement,implement,b9b78aa2-997a-470c-aa55-418235e05bf1,2026-09-16 03:21:49
f2cd955c-bfc2-4ad5-a31a-4e9fcbb950e1,14,resume_target_unrecoverable,implement,,2026-09-16 03:21:49
f2cd955c-bfc2-4ad5-a31a-4e9fcbb950e1,15,execution_dead_rolled_back,implement,03e9aa3e-96be-41ed-a1bb-7c6f2cf8f3de,2026-09-16 03:21:49
f2cd955c-bfc2-4ad5-a31a-4e9fcbb950e1,17,execution_admitted,implement,b9b78aa2-997a-470c-aa55-418235e05bf1,2026-09-16 03:21:49
f2cd955c-bfc2-4ad5-a31a-4e9fcbb950e1,24,run_terminated_by_operator,,,2026-09-16 03:28:53
eeab64a3-dfa9-4aad-b8e3-bd19e6d124eb,3,execution_admitted,implement,c4138e92-aadf-416c-a1b0-d5b384d06f57,2026-09-16 03:29:15
eeab64a3-dfa9-4aad-b8e3-bd19e6d124eb,8,run_terminated_by_operator,,,2026-09-16 03:30:07
15612058-44f0-4414-a02b-7c58c191c53e,33,node_completed,founder_gate,056f45db-f535-4eda-98e1-e4f7e39588c0,2026-09-16 03:31:07
cc184e77-a1f0-44b2-994a-f3edfd5ca7ee,3,execution_admitted,implement,76ffba1b-7d17-4e95-a0cc-5dfd7a06dbd3,2026-09-16 03:34:54
2ee4747d-ff26-4c92-9dce-fa08a6c69dd9,613,run_terminated_by_operator,,,2026-09-16 03:38:17
4837366b-72d1-4873-aacd-077fb5cf9ed7,3,execution_admitted,implement,bd5809a1-0069-4e41-9571-914f80847be6,2026-09-16 03:38:39
cffda7d2-1c69-4ea3-8b48-6177304295e6,25,writer_replacement,implement,17829ab7-7067-4c1b-8c79-34b51757e96f,2026-09-16 03:41:17
cffda7d2-1c69-4ea3-8b48-6177304295e6,26,resume_target_unrecoverable,implement,,2026-09-16 03:41:17
cffda7d2-1c69-4ea3-8b48-6177304295e6,27,execution_dead_rolled_back,implement,fabd68a3-0b4c-4315-83b6-83a26d7a9046,2026-09-16 03:41:17
cffda7d2-1c69-4ea3-8b48-6177304295e6,29,execution_admitted,implement,17829ab7-7067-4c1b-8c79-34b51757e96f,2026-09-16 03:41:17
ec1c51e1-dcc2-46c0-ae60-c29c40dd75ff,4,execution_admitted,eng_design,ba143787-b612-40e6-9b9c-86ce31c70062,2026-09-16 03:44:23
ec1c51e1-dcc2-46c0-ae60-c29c40dd75ff,8,writer_replacement,eng_design,f85def3c-f9b6-4f56-b3a4-7f3979c715bd,2026-09-16 03:45:26
ec1c51e1-dcc2-46c0-ae60-c29c40dd75ff,9,resume_target_unrecoverable,eng_design,,2026-09-16 03:45:26
ec1c51e1-dcc2-46c0-ae60-c29c40dd75ff,10,execution_dead_rolled_back,eng_design,ba143787-b612-40e6-9b9c-86ce31c70062,2026-09-16 03:45:26
ec1c51e1-dcc2-46c0-ae60-c29c40dd75ff,11,run_terminated_by_operator,,,2026-09-16 03:45:32
733e67fa-036e-4017-a5a6-06e0ee377f84,4,execution_admitted,eng_design,53863018-a864-4190-b45d-bac15c630a4e,2026-09-16 03:45:45
733e67fa-036e-4017-a5a6-06e0ee377f84,8,run_terminated_by_operator,,,2026-09-16 03:46:35
54eb7a77-65fc-4251-bb9a-56885764a455,42,run_completed,land,38d1989b-3ad7-427c-b9c1-82a41004e5a4,2026-09-16 03:51:56
cffda7d2-1c69-4ea3-8b48-6177304295e6,36,unlaunched_admission_rolled_back,implement,17829ab7-7067-4c1b-8c79-34b51757e96f,2026-09-16 03:52:10
15612058-44f0-4414-a02b-7c58c191c53e,45,run_completed,land,55972c19-88d5-4867-af0e-59c6acc8438f,2026-09-16 03:54:12
d0e72d2d-e8b3-469d-af0c-abc4b2036bce,3,execution_admitted,implement,2f2f6441-598c-44ee-a057-33d77b0f5932,2026-09-16 03:57:34
cd8ca652-00d7-4594-839a-e0f9f3bad594,4,execution_admitted,eng_design,5c2f5ba2-c87b-427b-8551-bc43c6687df4,2026-09-16 03:59:06
a4ae6bae-1ac5-4c5a-8693-b72ec90370dd,11,node_completed,eng_design,fa22d94c-042b-420f-99f3-5b9518b99e46,2026-09-16 04:26:26
a4ae6bae-1ac5-4c5a-8693-b72ec90370dd,16,execution_admitted,implement,d54d7422-472a-4f48-882b-0ce4fb056027,2026-09-16 04:26:27
d0e72d2d-e8b3-469d-af0c-abc4b2036bce,9,node_completed,implement,2f2f6441-598c-44ee-a057-33d77b0f5932,2026-09-16 04:54:20
cd8ca652-00d7-4594-839a-e0f9f3bad594,12,node_completed,eng_design,5c2f5ba2-c87b-427b-8551-bc43c6687df4,2026-09-16 04:56:20
cd8ca652-00d7-4594-839a-e0f9f3bad594,17,execution_admitted,implement,813e97ef-8bdd-452c-85a5-0454e7452a0d,2026-09-16 05:00:14
d0e72d2d-e8b3-469d-af0c-abc4b2036bce,15,execution_admitted,qa,8575b98f-ea64-4ae1-b0e0-8f6fcc9a3c36,2026-09-16 05:01:26
fce48843-eb28-44a3-8256-0b5193e6c1e1,4,execution_admitted,eng_design,35b23197-342c-4f5f-b506-7cad0b175e93,2026-09-16 05:43:52
4a585d8b-0454-4f51-8a83-c0a1b81cc2a4,23,writer_replacement,implement,219d2ef5-d60b-4b76-b66e-a4a066463fdf,2026-09-16 05:57:02
4a585d8b-0454-4f51-8a83-c0a1b81cc2a4,24,resume_target_unrecoverable,implement,,2026-09-16 05:57:02
4a585d8b-0454-4f51-8a83-c0a1b81cc2a4,25,execution_dead_rolled_back,implement,e059729e-9960-4b78-80c1-70b28214852f,2026-09-16 05:57:02
4a585d8b-0454-4f51-8a83-c0a1b81cc2a4,27,execution_admitted,implement,219d2ef5-d60b-4b76-b66e-a4a066463fdf,2026-09-16 05:57:03
0585ac28-c435-4720-a239-1c74b39bb8cc,21,node_completed,implement,e1829cb5-a636-43d6-8e03-623eb54d4d57,2026-09-16 05:58:45
0585ac28-c435-4720-a239-1c74b39bb8cc,26,execution_admitted,qa,08539139-5a21-4f32-a59e-e0bc3a54e944,2026-09-16 05:58:49
4a585d8b-0454-4f51-8a83-c0a1b81cc2a4,34,run_terminated_by_operator,,,2026-09-16 06:06:16
bb499265-5245-42e6-afd9-de79c0165fc2,3,execution_admitted,implement,0b2356d0-2de7-4d63-ac87-3b648177f8cd,2026-09-16 06:06:24
bb499265-5245-42e6-afd9-de79c0165fc2,8,run_terminated_by_operator,,,2026-09-16 06:10:35
443b2f98-0e6e-4fe0-8e55-6562a7253046,3,execution_admitted,implement,41b90fe5-6c8b-483a-b3d4-220e360577ba,2026-09-16 06:10:39
0585ac28-c435-4720-a239-1c74b39bb8cc,33,node_completed,qa,08539139-5a21-4f32-a59e-e0bc3a54e944,2026-09-16 06:22:18
0585ac28-c435-4720-a239-1c74b39bb8cc,36,gate_opened,founder_gate,,2026-09-16 06:22:18
fce48843-eb28-44a3-8256-0b5193e6c1e1,10,node_completed,eng_design,35b23197-342c-4f5f-b506-7cad0b175e93,2026-09-16 06:25:52
fce48843-eb28-44a3-8256-0b5193e6c1e1,15,execution_admitted,implement,e34f8d15-815a-496b-b696-7e1ee23b3247,2026-09-16 06:25:53
0585ac28-c435-4720-a239-1c74b39bb8cc,42,node_completed,founder_gate,08539139-5a21-4f32-a59e-e0bc3a54e944,2026-09-16 06:35:26
0585ac28-c435-4720-a239-1c74b39bb8cc,50,run_completed,land,b032f4b2-0c28-4eb5-951f-5f4adfd717d4,2026-09-16 06:37:34
a4ae6bae-1ac5-4c5a-8693-b72ec90370dd,24,writer_replacement,implement,e2e6ac15-e29b-480c-b372-09a9f9851ef5,2026-09-16 07:04:37
a4ae6bae-1ac5-4c5a-8693-b72ec90370dd,25,resume_target_unrecoverable,implement,,2026-09-16 07:04:37
a4ae6bae-1ac5-4c5a-8693-b72ec90370dd,26,execution_dead_rolled_back,implement,d54d7422-472a-4f48-882b-0ce4fb056027,2026-09-16 07:04:37
d0e72d2d-e8b3-469d-af0c-abc4b2036bce,22,node_completed,qa,8575b98f-ea64-4ae1-b0e0-8f6fcc9a3c36,2026-09-16 07:06:30
d0e72d2d-e8b3-469d-af0c-abc4b2036bce,25,gate_opened,founder_gate,,2026-09-16 07:06:30
a4ae6bae-1ac5-4c5a-8693-b72ec90370dd,28,execution_admitted,implement,e2e6ac15-e29b-480c-b372-09a9f9851ef5,2026-09-16 07:09:05
a4ae6bae-1ac5-4c5a-8693-b72ec90370dd,35,run_terminated_by_operator,,,2026-09-16 07:15:01
0079c0da-2d36-4c12-8dc1-a14f4ef04517,3,execution_admitted,implement,7a4c9ce4-59b8-47ca-8231-9cade3ad0790,2026-09-16 07:15:33
4837366b-72d1-4873-aacd-077fb5cf9ed7,19,writer_replacement,implement,8bfd37f2-7fb3-442c-9e4b-ea777757a207,2026-09-16 07:59:16
4837366b-72d1-4873-aacd-077fb5cf9ed7,20,resume_target_unrecoverable,implement,,2026-09-16 07:59:16
4837366b-72d1-4873-aacd-077fb5cf9ed7,21,execution_dead_rolled_back,implement,bd5809a1-0069-4e41-9571-914f80847be6,2026-09-16 07:59:16
4837366b-72d1-4873-aacd-077fb5cf9ed7,23,execution_admitted,implement,8bfd37f2-7fb3-442c-9e4b-ea777757a207,2026-09-16 07:59:16
4837366b-72d1-4873-aacd-077fb5cf9ed7,26,run_terminated_by_operator,,,2026-09-16 08:04:24
cc184e77-a1f0-44b2-994a-f3edfd5ca7ee,20,run_terminated_by_operator,,,2026-09-16 08:04:35
d726a117-1b05-4090-8e84-041def77f860,3,execution_admitted,implement,05cc03de-2398-4204-b765-c13fb9e47e75,2026-09-16 08:04:48
0079c0da-2d36-4c12-8dc1-a14f4ef04517,12,node_completed,implement,7a4c9ce4-59b8-47ca-8231-9cade3ad0790,2026-09-16 08:06:08
685d117d-8eeb-489b-9f44-9abd313b3ab4,3,execution_admitted,implement,9ce407a3-d956-45c0-9abb-6d36b8fc56c2,2026-09-16 08:07:27
0079c0da-2d36-4c12-8dc1-a14f4ef04517,17,execution_admitted,qa,cbdae0bc-2819-4300-98ee-0197c0cbbd8e,2026-09-16 08:07:28
d726a117-1b05-4090-8e84-041def77f860,9,node_completed,implement,05cc03de-2398-4204-b765-c13fb9e47e75,2026-09-16 08:10:08
d726a117-1b05-4090-8e84-041def77f860,14,execution_admitted,qa,4969a1b7-7374-4d31-ab10-d2a6ae63376e,2026-09-16 08:10:09
d726a117-1b05-4090-8e84-041def77f860,21,node_completed,qa,4969a1b7-7374-4d31-ab10-d2a6ae63376e,2026-09-16 08:32:35
d726a117-1b05-4090-8e84-041def77f860,24,gate_opened,founder_gate,,2026-09-16 08:32:35
0079c0da-2d36-4c12-8dc1-a14f4ef04517,23,node_completed,qa,cbdae0bc-2819-4300-98ee-0197c0cbbd8e,2026-09-16 08:56:26
0079c0da-2d36-4c12-8dc1-a14f4ef04517,30,execution_admitted,implement,7a4c9ce4-59b8-47ca-8231-9cade3ad0790,2026-09-16 08:56:26
685d117d-8eeb-489b-9f44-9abd313b3ab4,11,node_completed,implement,9ce407a3-d956-45c0-9abb-6d36b8fc56c2,2026-09-16 09:00:22
685d117d-8eeb-489b-9f44-9abd313b3ab4,16,execution_admitted,qa,af2ed011-5d6b-40b7-bdcf-1ecbeb3e3a65,2026-09-16 09:00:26
0079c0da-2d36-4c12-8dc1-a14f4ef04517,47,node_completed,implement,7a4c9ce4-59b8-47ca-8231-9cade3ad0790,2026-09-16 09:30:03
0079c0da-2d36-4c12-8dc1-a14f4ef04517,55,execution_admitted,qa,cbdae0bc-2819-4300-98ee-0197c0cbbd8e,2026-09-16 09:30:06
685d117d-8eeb-489b-9f44-9abd313b3ab4,23,node_completed,qa,af2ed011-5d6b-40b7-bdcf-1ecbeb3e3a65,2026-09-16 09:32:21
685d117d-8eeb-489b-9f44-9abd313b3ab4,26,gate_opened,founder_gate,,2026-09-16 09:32:21
0079c0da-2d36-4c12-8dc1-a14f4ef04517,66,node_completed,qa,cbdae0bc-2819-4300-98ee-0197c0cbbd8e,2026-09-16 09:41:49
0079c0da-2d36-4c12-8dc1-a14f4ef04517,68,gate_opened,founder_gate,,2026-09-16 09:41:49
443b2f98-0e6e-4fe0-8e55-6562a7253046,13,writer_replacement,implement,823730c9-5476-4677-b2f1-634bb0192302,2026-09-16 10:14:38
443b2f98-0e6e-4fe0-8e55-6562a7253046,14,resume_target_unrecoverable,implement,,2026-09-16 10:14:38
443b2f98-0e6e-4fe0-8e55-6562a7253046,15,execution_dead_rolled_back,implement,41b90fe5-6c8b-483a-b3d4-220e360577ba,2026-09-16 10:14:38
443b2f98-0e6e-4fe0-8e55-6562a7253046,17,execution_admitted,implement,823730c9-5476-4677-b2f1-634bb0192302,2026-09-16 10:14:38
443b2f98-0e6e-4fe0-8e55-6562a7253046,22,node_completed,implement,823730c9-5476-4677-b2f1-634bb0192302,2026-09-16 10:58:05
443b2f98-0e6e-4fe0-8e55-6562a7253046,27,execution_admitted,qa,56cd8c01-fa9b-4265-aaa1-b62b1ed00c1c,2026-09-16 10:58:05
cd8ca652-00d7-4594-839a-e0f9f3bad594,24,writer_replacement,implement,ae550b58-2a04-4fc1-9811-3c31d9889ca2,2026-09-16 11:05:01
cd8ca652-00d7-4594-839a-e0f9f3bad594,25,resume_target_unrecoverable,implement,,2026-09-16 11:05:01
cd8ca652-00d7-4594-839a-e0f9f3bad594,26,execution_dead_rolled_back,implement,813e97ef-8bdd-452c-85a5-0454e7452a0d,2026-09-16 11:05:01
cd8ca652-00d7-4594-839a-e0f9f3bad594,28,execution_admitted,implement,ae550b58-2a04-4fc1-9811-3c31d9889ca2,2026-09-16 11:05:01
443b2f98-0e6e-4fe0-8e55-6562a7253046,34,node_completed,qa,56cd8c01-fa9b-4265-aaa1-b62b1ed00c1c,2026-09-16 11:18:53
443b2f98-0e6e-4fe0-8e55-6562a7253046,41,execution_admitted,implement,823730c9-5476-4677-b2f1-634bb0192302,2026-09-16 11:18:54
fce48843-eb28-44a3-8256-0b5193e6c1e1,24,writer_replacement,implement,09a3fba0-4f77-4d2b-8330-32b2f11222a6,2026-09-16 11:24:07
fce48843-eb28-44a3-8256-0b5193e6c1e1,25,resume_target_unrecoverable,implement,,2026-09-16 11:24:07
fce48843-eb28-44a3-8256-0b5193e6c1e1,26,execution_dead_rolled_back,implement,e34f8d15-815a-496b-b696-7e1ee23b3247,2026-09-16 11:24:07
fce48843-eb28-44a3-8256-0b5193e6c1e1,28,execution_admitted,implement,09a3fba0-4f77-4d2b-8330-32b2f11222a6,2026-09-16 11:24:07
443b2f98-0e6e-4fe0-8e55-6562a7253046,58,node_completed,implement,823730c9-5476-4677-b2f1-634bb0192302,2026-09-16 11:48:02
443b2f98-0e6e-4fe0-8e55-6562a7253046,66,execution_admitted,qa,56cd8c01-fa9b-4265-aaa1-b62b1ed00c1c,2026-09-16 11:48:03
443b2f98-0e6e-4fe0-8e55-6562a7253046,75,node_completed,qa,56cd8c01-fa9b-4265-aaa1-b62b1ed00c1c,2026-09-16 11:54:09
443b2f98-0e6e-4fe0-8e55-6562a7253046,77,gate_opened,founder_gate,,2026-09-16 11:54:09
cd8ca652-00d7-4594-839a-e0f9f3bad594,34,node_completed,implement,ae550b58-2a04-4fc1-9811-3c31d9889ca2,2026-09-16 12:10:02
cd8ca652-00d7-4594-839a-e0f9f3bad594,39,execution_admitted,qa,6962d5f9-c206-449e-bedd-4e0415405a94,2026-09-16 12:10:03
cd8ca652-00d7-4594-839a-e0f9f3bad594,45,node_completed,qa,6962d5f9-c206-449e-bedd-4e0415405a94,2026-09-16 12:36:18
cd8ca652-00d7-4594-839a-e0f9f3bad594,52,execution_admitted,implement,ae550b58-2a04-4fc1-9811-3c31d9889ca2,2026-09-16 12:36:19
fce48843-eb28-44a3-8256-0b5193e6c1e1,37,writer_replacement,implement,39d9b1ba-b170-44cc-95c3-222dd6821c6e,2026-09-16 13:02:41
fce48843-eb28-44a3-8256-0b5193e6c1e1,38,resume_target_unrecoverable,implement,,2026-09-16 13:02:41
fce48843-eb28-44a3-8256-0b5193e6c1e1,39,execution_dead_rolled_back,implement,09a3fba0-4f77-4d2b-8330-32b2f11222a6,2026-09-16 13:02:41
fce48843-eb28-44a3-8256-0b5193e6c1e1,40,repeated_dead_execution_pattern,implement,09a3fba0-4f77-4d2b-8330-32b2f11222a6,2026-09-16 13:02:41
fce48843-eb28-44a3-8256-0b5193e6c1e1,42,execution_admitted,implement,39d9b1ba-b170-44cc-95c3-222dd6821c6e,2026-09-16 13:02:42
fce48843-eb28-44a3-8256-0b5193e6c1e1,47,node_completed,implement,39d9b1ba-b170-44cc-95c3-222dd6821c6e,2026-09-16 13:07:04
fce48843-eb28-44a3-8256-0b5193e6c1e1,52,execution_admitted,qa,414bf9c9-4789-4752-bbe2-ac0f8d19c7b2,2026-09-16 13:07:04
fce48843-eb28-44a3-8256-0b5193e6c1e1,59,node_completed,qa,414bf9c9-4789-4752-bbe2-ac0f8d19c7b2,2026-09-16 13:28:27
fce48843-eb28-44a3-8256-0b5193e6c1e1,62,gate_opened,founder_gate,,2026-09-16 13:28:27
cd8ca652-00d7-4594-839a-e0f9f3bad594,84,execution_dead_rolled_back,implement,ae550b58-2a04-4fc1-9811-3c31d9889ca2,2026-09-16 13:52:11
cd8ca652-00d7-4594-839a-e0f9f3bad594,88,execution_admitted,implement,872afadc-bee7-4cc8-8ebf-4f0fb48f709c,2026-09-16 13:52:11
cd8ca652-00d7-4594-839a-e0f9f3bad594,93,rework_replacement_launched,implement,872afadc-bee7-4cc8-8ebf-4f0fb48f709c,2026-09-16 13:56:03
cd8ca652-00d7-4594-839a-e0f9f3bad594,96,node_completed,implement,872afadc-bee7-4cc8-8ebf-4f0fb48f709c,2026-09-16 14:01:26
cd8ca652-00d7-4594-839a-e0f9f3bad594,104,execution_admitted,qa,6962d5f9-c206-449e-bedd-4e0415405a94,2026-09-16 14:01:27
cd8ca652-00d7-4594-839a-e0f9f3bad594,112,node_completed,qa,6962d5f9-c206-449e-bedd-4e0415405a94,2026-09-16 14:04:54
cd8ca652-00d7-4594-839a-e0f9f3bad594,115,gate_opened,founder_gate,,2026-09-16 14:04:54
fce48843-eb28-44a3-8256-0b5193e6c1e1,79,node_completed,founder_gate,414bf9c9-4789-4752-bbe2-ac0f8d19c7b2,2026-09-16 16:13:04
d726a117-1b05-4090-8e84-041def77f860,64,node_completed,founder_gate,4969a1b7-7374-4d31-ab10-d2a6ae63376e,2026-09-16 16:16:39
443b2f98-0e6e-4fe0-8e55-6562a7253046,601,node_completed,founder_gate,56cd8c01-fa9b-4265-aaa1-b62b1ed00c1c,2026-09-16 16:19:05
685d117d-8eeb-489b-9f44-9abd313b3ab4,65,node_completed,founder_gate,af2ed011-5d6b-40b7-bdcf-1ecbeb3e3a65,2026-09-16 16:20:15
685d117d-8eeb-489b-9f44-9abd313b3ab4,81,execution_dead_rolled_back,implement,9ce407a3-d956-45c0-9abb-6d36b8fc56c2,2026-09-16 16:20:24
685d117d-8eeb-489b-9f44-9abd313b3ab4,85,execution_admitted,implement,23fa4549-7e22-400c-ad32-f32f34c60ffa,2026-09-16 16:20:24
685d117d-8eeb-489b-9f44-9abd313b3ab4,91,rework_replacement_launched,implement,23fa4549-7e22-400c-ad32-f32f34c60ffa,2026-09-16 16:21:24
cd8ca652-00d7-4594-839a-e0f9f3bad594,395,node_completed,founder_gate,6962d5f9-c206-449e-bedd-4e0415405a94,2026-09-16 16:25:10
d0e72d2d-e8b3-469d-af0c-abc4b2036bce,63,node_completed,founder_gate,8575b98f-ea64-4ae1-b0e0-8f6fcc9a3c36,2026-09-16 16:31:03
0079c0da-2d36-4c12-8dc1-a14f4ef04517,100,node_completed,founder_gate,cbdae0bc-2819-4300-98ee-0197c0cbbd8e,2026-09-16 16:34:34
571bfa52-2826-45e1-a8d9-7b894d1987df,4,execution_admitted,eng_design,3e134b5a-8c1f-4e29-9fce-f222a42db889,2026-09-16 16:35:51
09e6ad01-5d51-48d6-9a8c-3f3cd8427c6d,4,execution_admitted,eng_design,60f9708f-a419-4e4b-b674-fadc817d84ae,2026-09-16 16:48:49
571bfa52-2826-45e1-a8d9-7b894d1987df,10,node_completed,eng_design,3e134b5a-8c1f-4e29-9fce-f222a42db889,2026-09-16 17:16:10
571bfa52-2826-45e1-a8d9-7b894d1987df,15,execution_admitted,implement,19863e2b-bfec-45b6-96b5-d69459efbffe,2026-09-16 17:16:11
09e6ad01-5d51-48d6-9a8c-3f3cd8427c6d,10,run_terminated_by_operator,,,2026-09-16 17:30:20
d3708e46-50ff-4d09-a705-c99d1b5452da,4,execution_admitted,eng_design,4e337348-c7f6-459a-8446-4eacf75077b2,2026-09-16 17:30:37
d3708e46-50ff-4d09-a705-c99d1b5452da,10,node_completed,eng_design,4e337348-c7f6-459a-8446-4eacf75077b2,2026-09-16 19:02:53
d3708e46-50ff-4d09-a705-c99d1b5452da,15,execution_admitted,implement,8d6ce1b0-7336-4ef8-9b3f-f8160197b5fb,2026-09-16 19:08:54
cd8ca652-00d7-4594-839a-e0f9f3bad594,702,execution_dead_rolled_back,implement,872afadc-bee7-4cc8-8ebf-4f0fb48f709c,2026-09-16 19:14:07
cd8ca652-00d7-4594-839a-e0f9f3bad594,706,execution_admitted,implement,5bdb9764-2f0c-4c39-a1a1-6abd95d5a5dd,2026-09-16 19:14:07
443b2f98-0e6e-4fe0-8e55-6562a7253046,919,execution_dead_rolled_back,implement,823730c9-5476-4677-b2f1-634bb0192302,2026-09-16 19:14:18
443b2f98-0e6e-4fe0-8e55-6562a7253046,923,execution_admitted,implement,f6ad8105-be75-44f3-8444-832f460d4646,2026-09-16 19:14:22
443b2f98-0e6e-4fe0-8e55-6562a7253046,929,rework_replacement_launched,implement,f6ad8105-be75-44f3-8444-832f460d4646,2026-09-16 19:15:59
cd8ca652-00d7-4594-839a-e0f9f3bad594,711,rework_replacement_launched,implement,5bdb9764-2f0c-4c39-a1a1-6abd95d5a5dd,2026-09-16 19:17:08
685d117d-8eeb-489b-9f44-9abd313b3ab4,156,node_completed,implement,23fa4549-7e22-400c-ad32-f32f34c60ffa,2026-09-16 19:24:10
685d117d-8eeb-489b-9f44-9abd313b3ab4,164,execution_admitted,qa,af2ed011-5d6b-40b7-bdcf-1ecbeb3e3a65,2026-09-16 19:24:52
571bfa52-2826-45e1-a8d9-7b894d1987df,22,writer_replacement,implement,6b4c1aba-74c5-4ad1-adca-8394204eed71,2026-09-16 19:49:16
571bfa52-2826-45e1-a8d9-7b894d1987df,23,resume_target_unrecoverable,implement,,2026-09-16 19:49:16
571bfa52-2826-45e1-a8d9-7b894d1987df,24,execution_dead_rolled_back,implement,19863e2b-bfec-45b6-96b5-d69459efbffe,2026-09-16 19:49:16
571bfa52-2826-45e1-a8d9-7b894d1987df,26,execution_admitted,implement,6b4c1aba-74c5-4ad1-adca-8394204eed71,2026-09-16 19:59:16
bd60cabb-aeb2-4be1-9900-68cf1b1f43e5,3,execution_admitted,implement,3061f1f5-f36f-4c1c-8d2a-488e25485613,2026-09-16 20:06:06
bfa96978-cd75-46fc-b016-9ab8039f239b,3,execution_admitted,implement,670d35fe-9418-4c90-9aa5-08042d92fa3a,2026-09-16 20:07:13
685d117d-8eeb-489b-9f44-9abd313b3ab4,185,node_completed,qa,af2ed011-5d6b-40b7-bdcf-1ecbeb3e3a65,2026-09-16 20:11:12
685d117d-8eeb-489b-9f44-9abd313b3ab4,187,gate_opened,founder_gate,,2026-09-16 20:11:12
685d117d-8eeb-489b-9f44-9abd313b3ab4,192,node_completed,founder_gate,af2ed011-5d6b-40b7-bdcf-1ecbeb3e3a65,2026-09-16 20:16:50
097bb435-78b0-4d42-b6e3-3143fe4b6684,17,writer_replacement,implement,7a75a595-3951-4b83-a009-b85e14cad2d1,2026-09-16 20:44:02
097bb435-78b0-4d42-b6e3-3143fe4b6684,18,resume_target_unrecoverable,implement,,2026-09-16 20:44:02
097bb435-78b0-4d42-b6e3-3143fe4b6684,19,execution_dead_rolled_back,implement,dd5960a4-7410-4214-be63-490af5b837d0,2026-09-16 20:44:02
097bb435-78b0-4d42-b6e3-3143fe4b6684,21,execution_admitted,implement,7a75a595-3951-4b83-a009-b85e14cad2d1,2026-09-16 20:44:03
571bfa52-2826-45e1-a8d9-7b894d1987df,33,node_completed,implement,6b4c1aba-74c5-4ad1-adca-8394204eed71,2026-09-16 20:54:13
571bfa52-2826-45e1-a8d9-7b894d1987df,38,execution_admitted,qa,3c8f5b67-1cb2-49a7-a764-e2e0ee2d038b,2026-09-16 20:54:14
bfa96978-cd75-46fc-b016-9ab8039f239b,10,writer_replacement,implement,6ff758bb-288a-4516-b297-664e111a9b63,2026-09-16 20:55:56
bfa96978-cd75-46fc-b016-9ab8039f239b,11,resume_target_unrecoverable,implement,,2026-09-16 20:55:56
bfa96978-cd75-46fc-b016-9ab8039f239b,12,execution_dead_rolled_back,implement,670d35fe-9418-4c90-9aa5-08042d92fa3a,2026-09-16 20:55:56
bfa96978-cd75-46fc-b016-9ab8039f239b,14,execution_admitted,implement,6ff758bb-288a-4516-b297-664e111a9b63,2026-09-16 20:55:56
443b2f98-0e6e-4fe0-8e55-6562a7253046,962,writer_replacement,implement,ca1c8038-3a37-4e86-b132-839db0a4c157,2026-09-16 20:56:00
443b2f98-0e6e-4fe0-8e55-6562a7253046,963,resume_target_unrecoverable,implement,,2026-09-16 20:56:00
443b2f98-0e6e-4fe0-8e55-6562a7253046,964,execution_dead_rolled_back,implement,f6ad8105-be75-44f3-8444-832f460d4646,2026-09-16 20:56:00
443b2f98-0e6e-4fe0-8e55-6562a7253046,965,repeated_dead_execution_pattern,implement,f6ad8105-be75-44f3-8444-832f460d4646,2026-09-16 20:56:00
cd8ca652-00d7-4594-839a-e0f9f3bad594,744,writer_replacement,implement,153dfa8a-d17a-484d-9d48-cbe00822414d,2026-09-16 20:56:00
cd8ca652-00d7-4594-839a-e0f9f3bad594,745,resume_target_unrecoverable,implement,,2026-09-16 20:56:00
cd8ca652-00d7-4594-839a-e0f9f3bad594,746,execution_dead_rolled_back,implement,5bdb9764-2f0c-4c39-a1a1-6abd95d5a5dd,2026-09-16 20:56:00
cd8ca652-00d7-4594-839a-e0f9f3bad594,747,repeated_dead_execution_pattern,implement,5bdb9764-2f0c-4c39-a1a1-6abd95d5a5dd,2026-09-16 20:56:00
d3708e46-50ff-4d09-a705-c99d1b5452da,21,writer_replacement,implement,8d656f51-ec84-4bd4-b591-701da40930f9,2026-09-16 20:56:00
d3708e46-50ff-4d09-a705-c99d1b5452da,22,resume_target_unrecoverable,implement,,2026-09-16 20:56:00
d3708e46-50ff-4d09-a705-c99d1b5452da,23,execution_dead_rolled_back,implement,8d6ce1b0-7336-4ef8-9b3f-f8160197b5fb,2026-09-16 20:56:00
bd60cabb-aeb2-4be1-9900-68cf1b1f43e5,10,writer_replacement,implement,fd4710db-0204-40d8-8855-2f9f4aa95744,2026-09-16 20:56:00
bd60cabb-aeb2-4be1-9900-68cf1b1f43e5,11,resume_target_unrecoverable,implement,,2026-09-16 20:56:00
bd60cabb-aeb2-4be1-9900-68cf1b1f43e5,12,execution_dead_rolled_back,implement,3061f1f5-f36f-4c1c-8d2a-488e25485613,2026-09-16 20:56:00
d3708e46-50ff-4d09-a705-c99d1b5452da,25,execution_admitted,implement,8d656f51-ec84-4bd4-b591-701da40930f9,2026-09-16 20:56:00
bd60cabb-aeb2-4be1-9900-68cf1b1f43e5,14,execution_admitted,implement,fd4710db-0204-40d8-8855-2f9f4aa95744,2026-09-16 20:56:57
097bb435-78b0-4d42-b6e3-3143fe4b6684,25,writer_replacement,implement,966274b3-2c4a-4302-a6e6-578f2b24da82,2026-09-16 20:58:12
097bb435-78b0-4d42-b6e3-3143fe4b6684,26,resume_target_unrecoverable,implement,,2026-09-16 20:58:12
097bb435-78b0-4d42-b6e3-3143fe4b6684,27,execution_dead_rolled_back,implement,7a75a595-3951-4b83-a009-b85e14cad2d1,2026-09-16 20:58:12
097bb435-78b0-4d42-b6e3-3143fe4b6684,28,repeated_dead_execution_pattern,implement,7a75a595-3951-4b83-a009-b85e14cad2d1,2026-09-16 20:58:12
443b2f98-0e6e-4fe0-8e55-6562a7253046,969,execution_admitted,implement,ca1c8038-3a37-4e86-b132-839db0a4c157,2026-09-16 20:58:12
443b2f98-0e6e-4fe0-8e55-6562a7253046,974,rework_replacement_launched,implement,ca1c8038-3a37-4e86-b132-839db0a4c157,2026-09-16 20:59:09
cd8ca652-00d7-4594-839a-e0f9f3bad594,751,execution_admitted,implement,153dfa8a-d17a-484d-9d48-cbe00822414d,2026-09-16 20:59:09
cd8ca652-00d7-4594-839a-e0f9f3bad594,756,rework_replacement_launched,implement,153dfa8a-d17a-484d-9d48-cbe00822414d,2026-09-16 21:04:16
097bb435-78b0-4d42-b6e3-3143fe4b6684,30,execution_admitted,implement,966274b3-2c4a-4302-a6e6-578f2b24da82,2026-09-16 21:04:16
d3708e46-50ff-4d09-a705-c99d1b5452da,31,writer_replacement,implement,0f7e51d4-a3ac-4bcd-aed9-3d93ea726470,2026-09-16 21:05:14
d3708e46-50ff-4d09-a705-c99d1b5452da,32,resume_target_unrecoverable,implement,,2026-09-16 21:05:14
d3708e46-50ff-4d09-a705-c99d1b5452da,33,execution_dead_rolled_back,implement,8d656f51-ec84-4bd4-b591-701da40930f9,2026-09-16 21:05:14
d3708e46-50ff-4d09-a705-c99d1b5452da,34,repeated_dead_execution_pattern,implement,8d656f51-ec84-4bd4-b591-701da40930f9,2026-09-16 21:05:14
bd60cabb-aeb2-4be1-9900-68cf1b1f43e5,18,writer_replacement,implement,71e56883-2b38-45a8-9f2d-4dd9b6b6f80b,2026-09-16 21:05:14
bd60cabb-aeb2-4be1-9900-68cf1b1f43e5,19,resume_target_unrecoverable,implement,,2026-09-16 21:05:14
bd60cabb-aeb2-4be1-9900-68cf1b1f43e5,20,execution_dead_rolled_back,implement,fd4710db-0204-40d8-8855-2f9f4aa95744,2026-09-16 21:05:14
bd60cabb-aeb2-4be1-9900-68cf1b1f43e5,21,repeated_dead_execution_pattern,implement,fd4710db-0204-40d8-8855-2f9f4aa95744,2026-09-16 21:05:14
d3708e46-50ff-4d09-a705-c99d1b5452da,36,execution_admitted,implement,0f7e51d4-a3ac-4bcd-aed9-3d93ea726470,2026-09-16 21:05:14
cd8ca652-00d7-4594-839a-e0f9f3bad594,757,node_completed,implement,153dfa8a-d17a-484d-9d48-cbe00822414d,2026-09-16 21:05:37
bd60cabb-aeb2-4be1-9900-68cf1b1f43e5,23,execution_admitted,implement,71e56883-2b38-45a8-9f2d-4dd9b6b6f80b,2026-09-16 21:06:20
bfa96978-cd75-46fc-b016-9ab8039f239b,20,run_terminated_by_operator,,,2026-09-16 21:07:09
54f5dd24-fe9d-49e7-a3dd-2119858e520c,3,execution_admitted,implement,66d07235-a624-400c-8bce-fa53cb26bf3b,2026-09-16 21:07:23
cd8ca652-00d7-4594-839a-e0f9f3bad594,765,execution_admitted,qa,6962d5f9-c206-449e-bedd-4e0415405a94,2026-09-16 21:07:30
443b2f98-0e6e-4fe0-8e55-6562a7253046,979,node_completed,implement,ca1c8038-3a37-4e86-b132-839db0a4c157,2026-09-16 21:09:00
443b2f98-0e6e-4fe0-8e55-6562a7253046,987,execution_admitted,qa,56cd8c01-fa9b-4265-aaa1-b62b1ed00c1c,2026-09-16 21:09:04
bd60cabb-aeb2-4be1-9900-68cf1b1f43e5,26,node_completed,implement,71e56883-2b38-45a8-9f2d-4dd9b6b6f80b,2026-09-16 21:09:31
bd60cabb-aeb2-4be1-9900-68cf1b1f43e5,31,execution_admitted,qa,322ec984-e5d4-459d-99f2-25d70f3fbe29,2026-09-16 21:09:32
571bfa52-2826-45e1-a8d9-7b894d1987df,44,node_completed,qa,3c8f5b67-1cb2-49a7-a764-e2e0ee2d038b,2026-09-16 21:10:21
571bfa52-2826-45e1-a8d9-7b894d1987df,51,execution_admitted,implement,6b4c1aba-74c5-4ad1-adca-8394204eed71,2026-09-16 21:10:23
571bfa52-2826-45e1-a8d9-7b894d1987df,59,execution_dead_rolled_back,implement,6b4c1aba-74c5-4ad1-adca-8394204eed71,2026-09-16 21:13:25
571bfa52-2826-45e1-a8d9-7b894d1987df,63,execution_admitted,implement,89b3e092-8777-4ae5-a815-4a90970c1d02,2026-09-16 21:13:25
571bfa52-2826-45e1-a8d9-7b894d1987df,68,rework_replacement_launched,implement,89b3e092-8777-4ae5-a815-4a90970c1d02,2026-09-16 21:14:56
bd60cabb-aeb2-4be1-9900-68cf1b1f43e5,39,node_completed,qa,322ec984-e5d4-459d-99f2-25d70f3fbe29,2026-09-16 21:17:52
bd60cabb-aeb2-4be1-9900-68cf1b1f43e5,42,gate_opened,founder_gate,,2026-09-16 21:17:52
bd60cabb-aeb2-4be1-9900-68cf1b1f43e5,54,node_completed,founder_gate,322ec984-e5d4-459d-99f2-25d70f3fbe29,2026-09-16 22:33:47
bd60cabb-aeb2-4be1-9900-68cf1b1f43e5,62,run_completed,land,6979679c-2df3-4176-90d1-b4492f8b9e57,2026-09-16 22:34:55
097bb435-78b0-4d42-b6e3-3143fe4b6684,33,node_completed,implement,966274b3-2c4a-4302-a6e6-578f2b24da82,2026-09-16 22:57:59
097bb435-78b0-4d42-b6e3-3143fe4b6684,38,execution_admitted,qa,b019c240-a6e5-4c1d-b7c5-cd7562f892d9,2026-09-16 22:58:00
cd8ca652-00d7-4594-839a-e0f9f3bad594,808,node_completed,qa,6962d5f9-c206-449e-bedd-4e0415405a94,2026-09-16 22:59:05
cd8ca652-00d7-4594-839a-e0f9f3bad594,816,execution_admitted,implement,153dfa8a-d17a-484d-9d48-cbe00822414d,2026-09-16 23:00:18
443b2f98-0e6e-4fe0-8e55-6562a7253046,1032,node_completed,qa,56cd8c01-fa9b-4265-aaa1-b62b1ed00c1c,2026-09-16 23:02:13
443b2f98-0e6e-4fe0-8e55-6562a7253046,1035,gate_opened,founder_gate,,2026-09-16 23:02:13
443b2f98-0e6e-4fe0-8e55-6562a7253046,1042,node_completed,founder_gate,56cd8c01-fa9b-4265-aaa1-b62b1ed00c1c,2026-09-16 23:15:36
571bfa52-2826-45e1-a8d9-7b894d1987df,114,writer_replacement,implement,3bfdc6b2-5d9e-4bf1-9a37-05da309619ef,2026-09-16 23:19:06
571bfa52-2826-45e1-a8d9-7b894d1987df,115,resume_target_unrecoverable,implement,,2026-09-16 23:19:06
571bfa52-2826-45e1-a8d9-7b894d1987df,116,execution_dead_rolled_back,implement,89b3e092-8777-4ae5-a815-4a90970c1d02,2026-09-16 23:19:06
571bfa52-2826-45e1-a8d9-7b894d1987df,117,repeated_dead_execution_pattern,implement,89b3e092-8777-4ae5-a815-4a90970c1d02,2026-09-16 23:19:06
571bfa52-2826-45e1-a8d9-7b894d1987df,122,execution_admitted,implement,3bfdc6b2-5d9e-4bf1-9a37-05da309619ef,2026-09-16 23:21:39
571bfa52-2826-45e1-a8d9-7b894d1987df,127,rework_replacement_launched,implement,3bfdc6b2-5d9e-4bf1-9a37-05da309619ef,2026-09-16 23:22:54
cd8ca652-00d7-4594-839a-e0f9f3bad594,834,execution_dead_rolled_back,implement,153dfa8a-d17a-484d-9d48-cbe00822414d,2026-09-16 23:26:42
cd8ca652-00d7-4594-839a-e0f9f3bad594,838,execution_admitted,implement,6f880aac-46c4-4d2d-858d-7d6301f9ef5a,2026-09-16 23:26:42
cd8ca652-00d7-4594-839a-e0f9f3bad594,843,rework_replacement_launched,implement,6f880aac-46c4-4d2d-858d-7d6301f9ef5a,2026-09-16 23:28:01
d3708e46-50ff-4d09-a705-c99d1b5452da,42,node_completed,implement,0f7e51d4-a3ac-4bcd-aed9-3d93ea726470,2026-09-16 23:46:58
d3708e46-50ff-4d09-a705-c99d1b5452da,47,execution_admitted,qa,ec2739f2-2e67-48bd-a4f1-b94ba6b37d6f,2026-09-16 23:46:58
cd8ca652-00d7-4594-839a-e0f9f3bad594,856,node_completed,implement,6f880aac-46c4-4d2d-858d-7d6301f9ef5a,2026-09-17 00:09:33
cd8ca652-00d7-4594-839a-e0f9f3bad594,864,execution_admitted,qa,6962d5f9-c206-449e-bedd-4e0415405a94,2026-09-17 00:09:33
cd8ca652-00d7-4594-839a-e0f9f3bad594,873,node_completed,qa,6962d5f9-c206-449e-bedd-4e0415405a94,2026-09-17 00:16:06
cd8ca652-00d7-4594-839a-e0f9f3bad594,881,execution_admitted,implement,6f880aac-46c4-4d2d-858d-7d6301f9ef5a,2026-09-17 00:16:08
54f5dd24-fe9d-49e7-a3dd-2119858e520c,12,node_completed,implement,66d07235-a624-400c-8bce-fa53cb26bf3b,2026-09-17 00:48:43
54f5dd24-fe9d-49e7-a3dd-2119858e520c,17,execution_admitted,qa,e84a9b57-fa8a-4077-91dc-e0885577de76,2026-09-17 00:48:43
571bfa52-2826-45e1-a8d9-7b894d1987df,156,node_completed,implement,3bfdc6b2-5d9e-4bf1-9a37-05da309619ef,2026-09-17 00:51:15
571bfa52-2826-45e1-a8d9-7b894d1987df,164,execution_admitted,qa,3c8f5b67-1cb2-49a7-a764-e2e0ee2d038b,2026-09-17 00:51:16
cd8ca652-00d7-4594-839a-e0f9f3bad594,904,execution_dead_rolled_back,implement,6f880aac-46c4-4d2d-858d-7d6301f9ef5a,2026-09-17 00:55:17
cd8ca652-00d7-4594-839a-e0f9f3bad594,908,execution_admitted,implement,ecd3c21f-2a83-4be3-928d-541dcf0d03de,2026-09-17 00:55:17
cd8ca652-00d7-4594-839a-e0f9f3bad594,913,rework_replacement_launched,implement,ecd3c21f-2a83-4be3-928d-541dcf0d03de,2026-09-17 00:56:24
cd8ca652-00d7-4594-839a-e0f9f3bad594,914,node_completed,implement,ecd3c21f-2a83-4be3-928d-541dcf0d03de,2026-09-17 00:57:06
cd8ca652-00d7-4594-839a-e0f9f3bad594,922,execution_admitted,qa,6962d5f9-c206-449e-bedd-4e0415405a94,2026-09-17 00:57:09
571bfa52-2826-45e1-a8d9-7b894d1987df,175,node_completed,qa,3c8f5b67-1cb2-49a7-a764-e2e0ee2d038b,2026-09-17 01:03:24
571bfa52-2826-45e1-a8d9-7b894d1987df,178,gate_opened,founder_gate,,2026-09-17 01:03:24
cd8ca652-00d7-4594-839a-e0f9f3bad594,932,node_completed,qa,6962d5f9-c206-449e-bedd-4e0415405a94,2026-09-17 01:04:25
cd8ca652-00d7-4594-839a-e0f9f3bad594,935,gate_opened,founder_gate,,2026-09-17 01:04:25
54f5dd24-fe9d-49e7-a3dd-2119858e520c,24,node_completed,qa,e84a9b57-fa8a-4077-91dc-e0885577de76,2026-09-17 01:13:06
54f5dd24-fe9d-49e7-a3dd-2119858e520c,26,gate_opened,founder_gate,,2026-09-17 01:13:06
54f5dd24-fe9d-49e7-a3dd-2119858e520c,30,node_completed,founder_gate,e84a9b57-fa8a-4077-91dc-e0885577de76,2026-09-17 01:18:10
571bfa52-2826-45e1-a8d9-7b894d1987df,185,node_completed,founder_gate,3c8f5b67-1cb2-49a7-a764-e2e0ee2d038b,2026-09-17 01:19:21
cd8ca652-00d7-4594-839a-e0f9f3bad594,942,node_completed,founder_gate,6962d5f9-c206-449e-bedd-4e0415405a94,2026-09-17 01:19:21
097bb435-78b0-4d42-b6e3-3143fe4b6684,46,node_completed,qa,b019c240-a6e5-4c1d-b7c5-cd7562f892d9,2026-09-17 01:22:20
097bb435-78b0-4d42-b6e3-3143fe4b6684,49,gate_opened,founder_gate,,2026-09-17 01:22:20
571bfa52-2826-45e1-a8d9-7b894d1987df,192,run_completed,land,e011f880-3887-49bf-a03a-96296a7065a3,2026-09-17 01:23:04
d3708e46-50ff-4d09-a705-c99d1b5452da,53,node_completed,qa,ec2739f2-2e67-48bd-a4f1-b94ba6b37d6f,2026-09-17 02:00:04
d3708e46-50ff-4d09-a705-c99d1b5452da,60,execution_admitted,implement,0f7e51d4-a3ac-4bcd-aed9-3d93ea726470,2026-09-17 02:00:05
54f5dd24-fe9d-49e7-a3dd-2119858e520c,41,run_completed,land,3a5426fd-a239-44f6-a54c-937316453ee8,2026-09-17 02:20:59
cd8ca652-00d7-4594-839a-e0f9f3bad594,960,execution_dead_rolled_back,implement,ecd3c21f-2a83-4be3-928d-541dcf0d03de,2026-09-17 02:43:06
cd8ca652-00d7-4594-839a-e0f9f3bad594,964,execution_admitted,implement,0cd35ab1-062f-4f15-8d8f-51a684218e8b,2026-09-17 02:43:06
cd8ca652-00d7-4594-839a-e0f9f3bad594,969,rework_replacement_launched,implement,0cd35ab1-062f-4f15-8d8f-51a684218e8b,2026-09-17 02:44:07
d3708e46-50ff-4d09-a705-c99d1b5452da,85,execution_dead_rolled_back,implement,0f7e51d4-a3ac-4bcd-aed9-3d93ea726470,2026-09-17 02:48:29
d3708e46-50ff-4d09-a705-c99d1b5452da,89,execution_admitted,implement,aa84ac09-75fa-433a-8633-0f9c4fe10172,2026-09-17 02:48:29
d3708e46-50ff-4d09-a705-c99d1b5452da,94,rework_replacement_launched,implement,aa84ac09-75fa-433a-8633-0f9c4fe10172,2026-09-17 02:50:51
d3708e46-50ff-4d09-a705-c99d1b5452da,95,node_completed,implement,aa84ac09-75fa-433a-8633-0f9c4fe10172,2026-09-17 02:51:40
d3708e46-50ff-4d09-a705-c99d1b5452da,103,execution_admitted,qa,ec2739f2-2e67-48bd-a4f1-b94ba6b37d6f,2026-09-17 02:51:40
9cf7f7ca-37bd-4acd-9155-a0e9a9735e8e,3,execution_admitted,implement,92f20bef-28e5-4dfa-bf2f-1ee64ead6e68,2026-09-17 03:23:48
d3708e46-50ff-4d09-a705-c99d1b5452da,121,node_completed,qa,ec2739f2-2e67-48bd-a4f1-b94ba6b37d6f,2026-09-17 03:23:54
d3708e46-50ff-4d09-a705-c99d1b5452da,124,gate_opened,founder_gate,,2026-09-17 03:23:54
097bb435-78b0-4d42-b6e3-3143fe4b6684,67,node_completed,founder_gate,b019c240-a6e5-4c1d-b7c5-cd7562f892d9,2026-09-17 03:56:12
d3708e46-50ff-4d09-a705-c99d1b5452da,133,node_completed,founder_gate,ec2739f2-2e67-48bd-a4f1-b94ba6b37d6f,2026-09-17 03:56:12
097bb435-78b0-4d42-b6e3-3143fe4b6684,76,run_completed,land,76d41f92-7509-484b-9f03-2288601a10a5,2026-09-17 03:59:00
d3708e46-50ff-4d09-a705-c99d1b5452da,144,run_completed,land,c1426d27-c26c-4fe7-aba8-04b252950fbf,2026-09-17 03:59:52
a03da996-f0dc-4506-beb7-d7254ba32b40,3,execution_admitted,implement,d0a62886-1831-4402-b5b3-49173d43525e,2026-09-17 04:00:48
9cf7f7ca-37bd-4acd-9155-a0e9a9735e8e,11,node_completed,implement,92f20bef-28e5-4dfa-bf2f-1ee64ead6e68,2026-09-17 05:12:08
9cf7f7ca-37bd-4acd-9155-a0e9a9735e8e,16,execution_admitted,qa,daa21150-7eb5-43b5-83bb-f646bef2b7b4,2026-09-17 05:12:08
cd8ca652-00d7-4594-839a-e0f9f3bad594,1022,node_completed,implement,0cd35ab1-062f-4f15-8d8f-51a684218e8b,2026-09-17 05:14:17
cd8ca652-00d7-4594-839a-e0f9f3bad594,1030,execution_admitted,qa,6962d5f9-c206-449e-bedd-4e0415405a94,2026-09-17 05:14:18
9cf7f7ca-37bd-4acd-9155-a0e9a9735e8e,23,node_completed,qa,daa21150-7eb5-43b5-83bb-f646bef2b7b4,2026-09-17 05:18:43
9cf7f7ca-37bd-4acd-9155-a0e9a9735e8e,26,gate_opened,founder_gate,,2026-09-17 05:18:43
9cf7f7ca-37bd-4acd-9155-a0e9a9735e8e,31,node_completed,founder_gate,daa21150-7eb5-43b5-83bb-f646bef2b7b4,2026-09-17 05:24:30
9cf7f7ca-37bd-4acd-9155-a0e9a9735e8e,39,run_completed,land,124b13ef-5d80-4600-bbba-0ced0341f65c,2026-09-17 05:25:53
cd8ca652-00d7-4594-839a-e0f9f3bad594,1042,node_completed,qa,6962d5f9-c206-449e-bedd-4e0415405a94,2026-09-17 05:29:36
cd8ca652-00d7-4594-839a-e0f9f3bad594,1045,gate_opened,founder_gate,,2026-09-17 05:29:36
cd8ca652-00d7-4594-839a-e0f9f3bad594,1051,node_completed,founder_gate,6962d5f9-c206-449e-bedd-4e0415405a94,2026-09-17 05:38:27
a03da996-f0dc-4506-beb7-d7254ba32b40,9,node_completed,implement,d0a62886-1831-4402-b5b3-49173d43525e,2026-09-17 07:59:22
a03da996-f0dc-4506-beb7-d7254ba32b40,14,execution_admitted,qa,bccfbee3-2b91-4ea8-9743-a204b0fe442e,2026-09-17 07:59:23
a03da996-f0dc-4506-beb7-d7254ba32b40,20,node_completed,qa,bccfbee3-2b91-4ea8-9743-a204b0fe442e,2026-09-17 08:10:29
a03da996-f0dc-4506-beb7-d7254ba32b40,27,execution_admitted,implement,d0a62886-1831-4402-b5b3-49173d43525e,2026-09-17 08:10:30
a03da996-f0dc-4506-beb7-d7254ba32b40,55,execution_dead_rolled_back,implement,d0a62886-1831-4402-b5b3-49173d43525e,2026-09-17 09:02:38
a03da996-f0dc-4506-beb7-d7254ba32b40,59,execution_admitted,implement,75a72def-9c6a-4f20-a3cc-318f5d4eff9c,2026-09-17 09:02:39
a03da996-f0dc-4506-beb7-d7254ba32b40,65,rework_replacement_launched,implement,75a72def-9c6a-4f20-a3cc-318f5d4eff9c,2026-09-17 09:03:39
a03da996-f0dc-4506-beb7-d7254ba32b40,88,node_completed,implement,75a72def-9c6a-4f20-a3cc-318f5d4eff9c,2026-09-17 10:11:37
a03da996-f0dc-4506-beb7-d7254ba32b40,96,execution_admitted,qa,bccfbee3-2b91-4ea8-9743-a204b0fe442e,2026-09-17 10:11:38
a03da996-f0dc-4506-beb7-d7254ba32b40,132,node_completed,qa,bccfbee3-2b91-4ea8-9743-a204b0fe442e,2026-09-17 11:39:36
a03da996-f0dc-4506-beb7-d7254ba32b40,140,execution_admitted,implement,75a72def-9c6a-4f20-a3cc-318f5d4eff9c,2026-09-17 11:39:36
a03da996-f0dc-4506-beb7-d7254ba32b40,167,execution_dead_rolled_back,implement,75a72def-9c6a-4f20-a3cc-318f5d4eff9c,2026-09-17 12:36:55
a03da996-f0dc-4506-beb7-d7254ba32b40,171,execution_admitted,implement,fd767919-239d-4f08-beb1-ec55e6e4aa20,2026-09-17 12:36:55
a03da996-f0dc-4506-beb7-d7254ba32b40,177,rework_replacement_launched,implement,fd767919-239d-4f08-beb1-ec55e6e4aa20,2026-09-17 12:40:40
a03da996-f0dc-4506-beb7-d7254ba32b40,178,node_completed,implement,fd767919-239d-4f08-beb1-ec55e6e4aa20,2026-09-17 12:42:06
a03da996-f0dc-4506-beb7-d7254ba32b40,186,execution_admitted,qa,bccfbee3-2b91-4ea8-9743-a204b0fe442e,2026-09-17 12:42:07
a03da996-f0dc-4506-beb7-d7254ba32b40,194,node_completed,qa,bccfbee3-2b91-4ea8-9743-a204b0fe442e,2026-09-17 12:43:16
a03da996-f0dc-4506-beb7-d7254ba32b40,197,gate_opened,founder_gate,,2026-09-17 12:43:16
a03da996-f0dc-4506-beb7-d7254ba32b40,220,node_completed,founder_gate,bccfbee3-2b91-4ea8-9743-a204b0fe442e,2026-09-17 15:51:21
a03da996-f0dc-4506-beb7-d7254ba32b40,227,run_completed,land,5e8b6740-2121-4261-aa14-699bd04d9fb5,2026-09-17 15:52:52
d4be0283-628d-464c-9728-e9938e2d579b,3,execution_admitted,general,f2a635d7-700c-48bd-97aa-8cde8eeb55c0,2026-09-17 18:58:31
6f9daeec-8ab2-40cd-b492-17b386f3e5ad,4,execution_admitted,eng_design,0238f1f5-004f-4bf8-a93d-2eef9a7dc892,2026-09-17 19:07:44
a6ed8551-8c88-4822-8089-5caa396b64fd,3,execution_admitted,implement,782d2801-9d09-462a-aee2-c2a4f400504f,2026-09-17 19:09:14
070bd942-cce0-46ca-88a3-5215886fb107,4,execution_admitted,eng_design,34627a91-90da-4f99-a1c5-79149cc00848,2026-09-17 19:10:44
9645f6b0-5047-464c-8ecd-be7fcabd988f,4,execution_admitted,eng_design,f8e4af62-14ac-44af-9067-b75f944a54d1,2026-09-17 19:11:54
3f9a62c4-7986-4429-a5e3-82f42aefe5a9,4,execution_admitted,eng_design,8c0960c0-9423-42d9-8e82-1f3873cc0d6f,2026-09-17 19:11:59
986c9c22-a588-4cf4-a21e-fa3b90a3c2de,3,execution_admitted,implement,1b9496f4-ed99-48d7-a664-5e89af0b5183,2026-09-17 19:12:04
d4be0283-628d-464c-9728-e9938e2d579b,9,node_completed,general,f2a635d7-700c-48bd-97aa-8cde8eeb55c0,2026-09-17 19:20:19
d4be0283-628d-464c-9728-e9938e2d579b,11,gate_opened,founder_gate,,2026-09-17 19:20:19
9645f6b0-5047-464c-8ecd-be7fcabd988f,11,node_completed,eng_design,f8e4af62-14ac-44af-9067-b75f944a54d1,2026-09-17 19:36:19
9645f6b0-5047-464c-8ecd-be7fcabd988f,16,execution_admitted,implement,b0402019-5e1f-4fa4-aba0-08b349dcac55,2026-09-17 19:36:19
8bc20a0d-345f-431a-b686-eeb058d4dd6e,4,execution_admitted,eng_design,5dfe3ccb-3e4e-49c2-8dcf-36d31705bc98,2026-09-17 19:44:57
b5cf7875-c661-449f-84cb-16dcde4e3997,4,execution_admitted,eng_design,3de59666-126c-4bbf-8e04-b3714a01c0ef,2026-09-17 19:45:08
b5cf7875-c661-449f-84cb-16dcde4e3997,10,writer_replacement,eng_design,a3d9ec8a-9a15-4e16-ab12-d500f66d0292,2026-09-17 19:46:09
b5cf7875-c661-449f-84cb-16dcde4e3997,11,resume_target_unrecoverable,eng_design,,2026-09-17 19:46:09
b5cf7875-c661-449f-84cb-16dcde4e3997,12,execution_dead_rolled_back,eng_design,3de59666-126c-4bbf-8e04-b3714a01c0ef,2026-09-17 19:46:09
b5cf7875-c661-449f-84cb-16dcde4e3997,14,execution_admitted,eng_design,a3d9ec8a-9a15-4e16-ab12-d500f66d0292,2026-09-17 19:46:09
3f9a62c4-7986-4429-a5e3-82f42aefe5a9,10,node_completed,eng_design,8c0960c0-9423-42d9-8e82-1f3873cc0d6f,2026-09-17 19:47:37
3f9a62c4-7986-4429-a5e3-82f42aefe5a9,15,execution_admitted,implement,62a79193-8aba-4091-81ad-7d665ab7b78f,2026-09-17 19:47:38
116cc58c-7324-4fc5-abfa-0a7b035cd557,3,execution_admitted,implement,fd1238b7-42da-4d48-845a-a239201455c0,2026-09-17 19:57:52
8ac2f0be-5754-4c55-a05d-2c389ba56b54,4,execution_admitted,eng_design,0d4a33b8-c99f-4f0f-b9cc-8d240a33458f,2026-09-17 19:58:02
6f9daeec-8ab2-40cd-b492-17b386f3e5ad,10,node_completed,eng_design,0238f1f5-004f-4bf8-a93d-2eef9a7dc892,2026-09-17 20:04:02
6f9daeec-8ab2-40cd-b492-17b386f3e5ad,15,execution_admitted,implement,4db3d52d-0af0-4ea3-9a64-aa32fcb64b85,2026-09-17 20:04:03
070bd942-cce0-46ca-88a3-5215886fb107,11,node_completed,eng_design,34627a91-90da-4f99-a1c5-79149cc00848,2026-09-17 20:09:30
070bd942-cce0-46ca-88a3-5215886fb107,16,execution_admitted,implement,dc47ba20-d9f4-426e-9426-6feadc99c9a4,2026-09-17 20:09:30
d4be0283-628d-464c-9728-e9938e2d579b,21,node_completed,founder_gate,f2a635d7-700c-48bd-97aa-8cde8eeb55c0,2026-09-17 20:18:15
b5cf7875-c661-449f-84cb-16dcde4e3997,22,node_completed,eng_design,a3d9ec8a-9a15-4e16-ab12-d500f66d0292,2026-09-17 20:18:45
b5cf7875-c661-449f-84cb-16dcde4e3997,27,execution_admitted,implement,8f4da583-8cce-429b-9132-45002708d6d7,2026-09-17 20:18:48
d4be0283-628d-464c-9728-e9938e2d579b,28,run_completed,land,4f7707e8-037a-4fd9-a1c6-90ab9e3cbd2d,2026-09-17 20:19:37
8b3933da-4fa2-4a8d-bd9d-ec6392870310,3,execution_admitted,general,09514e4c-a0dd-4f3e-9650-5c648dfc04c8,2026-09-17 20:30:39
8ac2f0be-5754-4c55-a05d-2c389ba56b54,10,node_completed,eng_design,0d4a33b8-c99f-4f0f-b9cc-8d240a33458f,2026-09-17 20:48:02
8ac2f0be-5754-4c55-a05d-2c389ba56b54,15,execution_admitted,implement,36564f5e-e336-40ca-a9e2-aec7fc95932a,2026-09-17 20:48:03
8bc20a0d-345f-431a-b686-eeb058d4dd6e,11,node_completed,eng_design,5dfe3ccb-3e4e-49c2-8dcf-36d31705bc98,2026-09-17 20:48:14
8bc20a0d-345f-431a-b686-eeb058d4dd6e,16,execution_admitted,implement,3467cd1d-3cb4-4901-b25c-ffd93486c42e,2026-09-17 20:48:15
fa725571-5d90-47ed-9ea2-f6d99ee23f82,4,execution_admitted,eng_design,faa6b7d5-252f-49d3-a025-4f971fdb7dd0,2026-09-17 20:50:01
e078231d-afd4-42e6-990a-bc2b00fcdab8,3,execution_admitted,general,50c052e8-6420-4509-97a3-7be822fb2e2c,2026-09-17 20:54:24
986c9c22-a588-4cf4-a21e-fa3b90a3c2de,10,node_completed,implement,1b9496f4-ed99-48d7-a664-5e89af0b5183,2026-09-17 21:08:55
986c9c22-a588-4cf4-a21e-fa3b90a3c2de,15,execution_admitted,qa,7f2ca393-f0c3-491d-99e2-bba77d6afbb4,2026-09-17 21:08:55
e078231d-afd4-42e6-990a-bc2b00fcdab8,9,node_completed,general,50c052e8-6420-4509-97a3-7be822fb2e2c,2026-09-17 21:12:10
e078231d-afd4-42e6-990a-bc2b00fcdab8,11,gate_opened,founder_gate,,2026-09-17 21:12:10
676c00c1-59bb-4aa4-9464-421b4b0b02b5,4,execution_admitted,eng_design,3fa84202-a438-42d0-a9f2-4af8e9ea0be6,2026-09-17 21:27:47
986c9c22-a588-4cf4-a21e-fa3b90a3c2de,22,node_completed,qa,7f2ca393-f0c3-491d-99e2-bba77d6afbb4,2026-09-17 21:31:39
986c9c22-a588-4cf4-a21e-fa3b90a3c2de,25,gate_opened,founder_gate,,2026-09-17 21:31:39
8b3933da-4fa2-4a8d-bd9d-ec6392870310,9,node_completed,general,09514e4c-a0dd-4f3e-9650-5c648dfc04c8,2026-09-17 21:43:16
8b3933da-4fa2-4a8d-bd9d-ec6392870310,11,gate_opened,founder_gate,,2026-09-17 21:43:16
e078231d-afd4-42e6-990a-bc2b00fcdab8,19,node_completed,founder_gate,50c052e8-6420-4509-97a3-7be822fb2e2c,2026-09-17 21:48:16
e078231d-afd4-42e6-990a-bc2b00fcdab8,26,run_completed,land,500288d5-d233-4ff0-9241-f33b919b586f,2026-09-17 21:50:08
676c00c1-59bb-4aa4-9464-421b4b0b02b5,10,node_completed,eng_design,3fa84202-a438-42d0-a9f2-4af8e9ea0be6,2026-09-17 21:53:57
676c00c1-59bb-4aa4-9464-421b4b0b02b5,15,execution_admitted,implement,1e8df3e7-bd8b-4fa6-b81f-32639c853e66,2026-09-17 21:53:57
8bc20a0d-345f-431a-b686-eeb058d4dd6e,23,writer_replacement,implement,c62db952-d307-4042-83b2-f49fd7fb5621,2026-09-17 22:00:37
8bc20a0d-345f-431a-b686-eeb058d4dd6e,24,resume_target_unrecoverable,implement,,2026-09-17 22:00:37
8bc20a0d-345f-431a-b686-eeb058d4dd6e,25,execution_dead_rolled_back,implement,3467cd1d-3cb4-4901-b25c-ffd93486c42e,2026-09-17 22:00:37
8bc20a0d-345f-431a-b686-eeb058d4dd6e,27,execution_admitted,implement,c62db952-d307-4042-83b2-f49fd7fb5621,2026-09-17 22:00:37
8b3933da-4fa2-4a8d-bd9d-ec6392870310,17,node_completed,founder_gate,09514e4c-a0dd-4f3e-9650-5c648dfc04c8,2026-09-17 22:04:00
8b3933da-4fa2-4a8d-bd9d-ec6392870310,26,run_completed,land,2e1f35d1-add4-44fa-ba1c-bbcfd5de76b4,2026-09-17 22:05:58
676c00c1-59bb-4aa4-9464-421b4b0b02b5,21,writer_replacement,implement,56f2831e-84ca-400d-b279-6349c5756623,2026-09-17 22:05:58
676c00c1-59bb-4aa4-9464-421b4b0b02b5,22,resume_target_unrecoverable,implement,,2026-09-17 22:05:58
676c00c1-59bb-4aa4-9464-421b4b0b02b5,23,execution_dead_rolled_back,implement,1e8df3e7-bd8b-4fa6-b81f-32639c853e66,2026-09-17 22:05:58
676c00c1-59bb-4aa4-9464-421b4b0b02b5,25,execution_admitted,implement,56f2831e-84ca-400d-b279-6349c5756623,2026-09-17 22:05:58
fa725571-5d90-47ed-9ea2-f6d99ee23f82,10,node_completed,eng_design,faa6b7d5-252f-49d3-a025-4f971fdb7dd0,2026-09-17 22:15:04
fa725571-5d90-47ed-9ea2-f6d99ee23f82,15,execution_admitted,implement,08a7ebf8-2ee0-4a2d-96a1-69269df3508a,2026-09-17 22:15:04
676c00c1-59bb-4aa4-9464-421b4b0b02b5,32,unlaunched_admission_rolled_back,implement,56f2831e-84ca-400d-b279-6349c5756623,2026-09-17 22:16:05
9645f6b0-5047-464c-8ecd-be7fcabd988f,22,node_completed,implement,b0402019-5e1f-4fa4-aba0-08b349dcac55,2026-09-17 22:21:20
9645f6b0-5047-464c-8ecd-be7fcabd988f,27,execution_admitted,qa,cbeb7bd9-171f-4f25-94fb-0f812edc7cac,2026-09-17 22:21:21
676c00c1-59bb-4aa4-9464-421b4b0b02b5,35,run_terminated_by_operator,,,2026-09-17 22:24:43
9b4fe698-d3b3-43b7-820d-beb3ce3e948a,3,execution_admitted,implement,709c463b-3643-4f60-aa79-4a1ccf445514,2026-09-17 22:24:50
116cc58c-7324-4fc5-abfa-0a7b035cd557,11,node_completed,implement,fd1238b7-42da-4d48-845a-a239201455c0,2026-09-17 22:25:19
116cc58c-7324-4fc5-abfa-0a7b035cd557,16,execution_admitted,qa,c78ebfb8-8a70-4697-b0ad-03615cf220c6,2026-09-17 22:25:19
9b4fe698-d3b3-43b7-820d-beb3ce3e948a,9,writer_replacement,implement,89611068-cd78-49c6-a2eb-2560ab098085,2026-09-17 22:25:52
9b4fe698-d3b3-43b7-820d-beb3ce3e948a,10,resume_target_unrecoverable,implement,,2026-09-17 22:25:52
9b4fe698-d3b3-43b7-820d-beb3ce3e948a,11,execution_dead_rolled_back,implement,709c463b-3643-4f60-aa79-4a1ccf445514,2026-09-17 22:25:52
9b4fe698-d3b3-43b7-820d-beb3ce3e948a,13,execution_admitted,implement,89611068-cd78-49c6-a2eb-2560ab098085,2026-09-17 22:25:52
986c9c22-a588-4cf4-a21e-fa3b90a3c2de,40,execution_dead_rolled_back,implement,1b9496f4-ed99-48d7-a664-5e89af0b5183,2026-09-17 22:29:00
986c9c22-a588-4cf4-a21e-fa3b90a3c2de,44,execution_admitted,implement,fe108a3c-6423-40c0-a69f-9aedc1691acf,2026-09-17 22:29:00
986c9c22-a588-4cf4-a21e-fa3b90a3c2de,49,rework_replacement_launched,implement,fe108a3c-6423-40c0-a69f-9aedc1691acf,2026-09-17 22:29:04
116cc58c-7324-4fc5-abfa-0a7b035cd557,24,node_completed,qa,c78ebfb8-8a70-4697-b0ad-03615cf220c6,2026-09-17 22:43:25
116cc58c-7324-4fc5-abfa-0a7b035cd557,27,gate_opened,founder_gate,,2026-09-17 22:43:25
9645f6b0-5047-464c-8ecd-be7fcabd988f,35,node_completed,qa,cbeb7bd9-171f-4f25-94fb-0f812edc7cac,2026-09-17 22:46:42
9645f6b0-5047-464c-8ecd-be7fcabd988f,38,gate_opened,founder_gate,,2026-09-17 22:46:42
9645f6b0-5047-464c-8ecd-be7fcabd988f,43,node_completed,founder_gate,cbeb7bd9-171f-4f25-94fb-0f812edc7cac,2026-09-17 22:55:47
116cc58c-7324-4fc5-abfa-0a7b035cd557,33,node_completed,founder_gate,c78ebfb8-8a70-4697-b0ad-03615cf220c6,2026-09-17 22:59:10
9645f6b0-5047-464c-8ecd-be7fcabd988f,54,run_completed,land,827c92ae-99de-474f-b05f-5813a225a673,2026-09-17 23:00:30
116cc58c-7324-4fc5-abfa-0a7b035cd557,43,run_completed,land,efe611f1-d543-46b5-8337-55148bd3db13,2026-09-17 23:04:13
91d4dd0a-85f2-4366-9cbb-3bbf3ea403de,4,execution_admitted,eng_design,36aa918b-29eb-4d0c-9c51-5f36bc28938f,2026-09-17 23:08:32
9ff0c45a-d397-4a0f-b1fb-050d21351446,4,execution_admitted,eng_design,31d7e809-16a8-47ef-a62d-c65afdca7250,2026-09-17 23:28:10
91d4dd0a-85f2-4366-9cbb-3bbf3ea403de,10,node_completed,eng_design,36aa918b-29eb-4d0c-9c51-5f36bc28938f,2026-09-17 23:49:04
91d4dd0a-85f2-4366-9cbb-3bbf3ea403de,15,execution_admitted,implement,62c160f4-3a41-4b0b-8248-dd796a9d4d28,2026-09-17 23:49:06
3f9a62c4-7986-4429-a5e3-82f42aefe5a9,21,writer_replacement,implement,f5d5cbf5-ad56-4cd6-89ab-e68f1de6dd5d,2026-09-18 00:02:07
3f9a62c4-7986-4429-a5e3-82f42aefe5a9,22,resume_target_unrecoverable,implement,,2026-09-18 00:02:07
3f9a62c4-7986-4429-a5e3-82f42aefe5a9,23,execution_dead_rolled_back,implement,62a79193-8aba-4091-81ad-7d665ab7b78f,2026-09-18 00:02:07
3f9a62c4-7986-4429-a5e3-82f42aefe5a9,25,execution_admitted,implement,f5d5cbf5-ad56-4cd6-89ab-e68f1de6dd5d,2026-09-18 00:02:07
9ff0c45a-d397-4a0f-b1fb-050d21351446,10,node_completed,eng_design,31d7e809-16a8-47ef-a62d-c65afdca7250,2026-09-18 00:04:46
9ff0c45a-d397-4a0f-b1fb-050d21351446,15,execution_admitted,implement,36d4718f-0bae-4f9f-aa69-f77c70cb7465,2026-09-18 00:04:46
6f9daeec-8ab2-40cd-b492-17b386f3e5ad,23,node_completed,implement,4db3d52d-0af0-4ea3-9a64-aa32fcb64b85,2026-09-18 00:24:21
6f9daeec-8ab2-40cd-b492-17b386f3e5ad,28,execution_admitted,qa,ef3015a7-5f1e-4134-ab13-3d3697177805,2026-09-18 00:24:21
dabc18e4-e29d-493e-8bde-64c72cdb140c,3,execution_admitted,implement,1c73dd31-03dc-4c7f-bce5-76b466f0c7eb,2026-09-18 00:35:15
6f9daeec-8ab2-40cd-b492-17b386f3e5ad,35,node_completed,qa,ef3015a7-5f1e-4134-ab13-3d3697177805,2026-09-18 00:37:42
6f9daeec-8ab2-40cd-b492-17b386f3e5ad,42,execution_admitted,implement,4db3d52d-0af0-4ea3-9a64-aa32fcb64b85,2026-09-18 00:37:43
b4b09ab2-f811-4707-b06a-24236f127518,3,execution_admitted,implement,4b8e150d-ef55-493a-87c6-9afcbea56c8a,2026-09-18 00:40:31
dc0c18ed-b1a9-472b-a2e3-51a093be0f26,4,execution_admitted,eng_design,4935629b-b080-4a29-8c18-d185cd687dcb,2026-09-18 00:41:46
005878fc-ae1b-487a-b872-ebf4ac0a9666,4,execution_admitted,eng_design,105f1938-10fb-4303-947f-1d8ad95f4fe4,2026-09-18 00:42:17
666701c5-d6fb-41c0-b256-0f44ce3a94bb,4,execution_admitted,eng_design,2bb3cddc-adc6-4e18-9e0d-ffffa2a68a14,2026-09-18 00:44:48
7d76b428-4b84-422a-a7fa-62b73f4f2b93,4,execution_admitted,eng_design,196865ef-5793-4c95-8212-eb3ee7bc2f60,2026-09-18 00:53:01
9b4fe698-d3b3-43b7-820d-beb3ce3e948a,20,node_completed,implement,89611068-cd78-49c6-a2eb-2560ab098085,2026-09-18 01:02:55
9b4fe698-d3b3-43b7-820d-beb3ce3e948a,25,execution_admitted,qa,e5888c98-5073-4c27-8d47-b64d358dec82,2026-09-18 01:02:55
9b4fe698-d3b3-43b7-820d-beb3ce3e948a,32,node_completed,qa,e5888c98-5073-4c27-8d47-b64d358dec82,2026-09-18 01:09:11
9b4fe698-d3b3-43b7-820d-beb3ce3e948a,39,execution_admitted,implement,89611068-cd78-49c6-a2eb-2560ab098085,2026-09-18 01:09:13
6f9daeec-8ab2-40cd-b492-17b386f3e5ad,61,node_completed,implement,4db3d52d-0af0-4ea3-9a64-aa32fcb64b85,2026-09-18 01:12:16
6f9daeec-8ab2-40cd-b492-17b386f3e5ad,69,execution_admitted,qa,ef3015a7-5f1e-4134-ab13-3d3697177805,2026-09-18 01:12:17
6f9daeec-8ab2-40cd-b492-17b386f3e5ad,77,node_completed,qa,ef3015a7-5f1e-4134-ab13-3d3697177805,2026-09-18 01:18:23
6f9daeec-8ab2-40cd-b492-17b386f3e5ad,85,execution_admitted,implement,4db3d52d-0af0-4ea3-9a64-aa32fcb64b85,2026-09-18 01:18:24
005878fc-ae1b-487a-b872-ebf4ac0a9666,12,node_completed,eng_design,105f1938-10fb-4303-947f-1d8ad95f4fe4,2026-09-18 01:21:33
005878fc-ae1b-487a-b872-ebf4ac0a9666,17,execution_admitted,implement,690c9038-0366-452b-9974-e200d65cc372,2026-09-18 01:21:34
7d76b428-4b84-422a-a7fa-62b73f4f2b93,11,node_completed,eng_design,196865ef-5793-4c95-8212-eb3ee7bc2f60,2026-09-18 01:27:36
7d76b428-4b84-422a-a7fa-62b73f4f2b93,16,execution_admitted,implement,0859acee-26e4-4814-ae59-9e6d08045648,2026-09-18 01:27:37
fa725571-5d90-47ed-9ea2-f6d99ee23f82,21,node_completed,implement,08a7ebf8-2ee0-4a2d-96a1-69269df3508a,2026-09-18 01:32:45
fa725571-5d90-47ed-9ea2-f6d99ee23f82,26,execution_admitted,qa,ac97f760-0d07-4351-b721-90cb347ea9e4,2026-09-18 01:32:46
070bd942-cce0-46ca-88a3-5215886fb107,25,node_completed,implement,dc47ba20-d9f4-426e-9426-6feadc99c9a4,2026-09-18 01:33:01
070bd942-cce0-46ca-88a3-5215886fb107,30,execution_admitted,qa,a119279a-1a0e-48ea-b792-d85b8ad1d1eb,2026-09-18 01:33:13
dc0c18ed-b1a9-472b-a2e3-51a093be0f26,10,node_completed,eng_design,4935629b-b080-4a29-8c18-d185cd687dcb,2026-09-18 01:34:10
dc0c18ed-b1a9-472b-a2e3-51a093be0f26,15,execution_admitted,implement,95960969-f1e6-42b0-ab65-43ef9cf38c7d,2026-09-18 01:34:11
b5cf7875-c661-449f-84cb-16dcde4e3997,35,node_completed,implement,8f4da583-8cce-429b-9132-45002708d6d7,2026-09-18 01:35:07
b5cf7875-c661-449f-84cb-16dcde4e3997,40,execution_admitted,qa,46e69c06-0026-423d-b6b9-e241b2e6fb72,2026-09-18 01:35:36
6f9daeec-8ab2-40cd-b492-17b386f3e5ad,100,node_completed,implement,4db3d52d-0af0-4ea3-9a64-aa32fcb64b85,2026-09-18 01:45:26
6f9daeec-8ab2-40cd-b492-17b386f3e5ad,108,execution_admitted,qa,ef3015a7-5f1e-4134-ab13-3d3697177805,2026-09-18 01:45:27
b5cf7875-c661-449f-84cb-16dcde4e3997,47,node_completed,qa,46e69c06-0026-423d-b6b9-e241b2e6fb72,2026-09-18 01:47:11
b5cf7875-c661-449f-84cb-16dcde4e3997,54,execution_admitted,implement,8f4da583-8cce-429b-9132-45002708d6d7,2026-09-18 01:47:16
070bd942-cce0-46ca-88a3-5215886fb107,36,node_completed,qa,a119279a-1a0e-48ea-b792-d85b8ad1d1eb,2026-09-18 01:54:54
070bd942-cce0-46ca-88a3-5215886fb107,43,execution_admitted,implement,dc47ba20-d9f4-426e-9426-6feadc99c9a4,2026-09-18 01:54:55
6f9daeec-8ab2-40cd-b492-17b386f3e5ad,120,node_completed,qa,ef3015a7-5f1e-4134-ab13-3d3697177805,2026-09-18 02:03:14
6f9daeec-8ab2-40cd-b492-17b386f3e5ad,128,execution_admitted,implement,4db3d52d-0af0-4ea3-9a64-aa32fcb64b85,2026-09-18 02:03:16
8bc20a0d-345f-431a-b686-eeb058d4dd6e,34,node_completed,implement,c62db952-d307-4042-83b2-f49fd7fb5621,2026-09-18 02:07:06
666701c5-d6fb-41c0-b256-0f44ce3a94bb,10,node_completed,eng_design,2bb3cddc-adc6-4e18-9e0d-ffffa2a68a14,2026-09-18 02:07:07
8bc20a0d-345f-431a-b686-eeb058d4dd6e,39,execution_admitted,qa,33b0dfec-fc84-4a02-9cb0-8475d3b85e01,2026-09-18 02:07:10
666701c5-d6fb-41c0-b256-0f44ce3a94bb,15,execution_admitted,implement,eef8a73c-c361-4538-b743-5bfde30e4d90,2026-09-18 02:07:32
9b4fe698-d3b3-43b7-820d-beb3ce3e948a,65,execution_dead_rolled_back,implement,89611068-cd78-49c6-a2eb-2560ab098085,2026-09-18 02:11:03
9b4fe698-d3b3-43b7-820d-beb3ce3e948a,69,execution_admitted,implement,f2a1f1fe-ed33-4d2f-9b86-2d3fec6941e2,2026-09-18 02:11:03
9b4fe698-d3b3-43b7-820d-beb3ce3e948a,75,rework_replacement_launched,implement,f2a1f1fe-ed33-4d2f-9b86-2d3fec6941e2,2026-09-18 02:12:19
9b4fe698-d3b3-43b7-820d-beb3ce3e948a,79,node_completed,implement,f2a1f1fe-ed33-4d2f-9b86-2d3fec6941e2,2026-09-18 02:16:17
fa725571-5d90-47ed-9ea2-f6d99ee23f82,33,node_completed,qa,ac97f760-0d07-4351-b721-90cb347ea9e4,2026-09-18 02:16:17
9b4fe698-d3b3-43b7-820d-beb3ce3e948a,87,execution_admitted,qa,e5888c98-5073-4c27-8d47-b64d358dec82,2026-09-18 02:16:18
fa725571-5d90-47ed-9ea2-f6d99ee23f82,40,execution_admitted,implement,08a7ebf8-2ee0-4a2d-96a1-69269df3508a,2026-09-18 02:16:20
8bc20a0d-345f-431a-b686-eeb058d4dd6e,46,node_completed,qa,33b0dfec-fc84-4a02-9cb0-8475d3b85e01,2026-09-18 02:18:28
8bc20a0d-345f-431a-b686-eeb058d4dd6e,53,execution_admitted,implement,c62db952-d307-4042-83b2-f49fd7fb5621,2026-09-18 02:18:30
9b4fe698-d3b3-43b7-820d-beb3ce3e948a,96,node_completed,qa,e5888c98-5073-4c27-8d47-b64d358dec82,2026-09-18 02:21:21
9b4fe698-d3b3-43b7-820d-beb3ce3e948a,99,gate_opened,founder_gate,,2026-09-18 02:21:21
986c9c22-a588-4cf4-a21e-fa3b90a3c2de,130,node_completed,implement,fe108a3c-6423-40c0-a69f-9aedc1691acf,2026-09-18 02:36:13
986c9c22-a588-4cf4-a21e-fa3b90a3c2de,138,execution_admitted,qa,7f2ca393-f0c3-491d-99e2-bba77d6afbb4,2026-09-18 02:36:14
070bd942-cce0-46ca-88a3-5215886fb107,65,execution_dead_rolled_back,implement,dc47ba20-d9f4-426e-9426-6feadc99c9a4,2026-09-18 02:38:14
070bd942-cce0-46ca-88a3-5215886fb107,69,execution_admitted,implement,fa274517-9f07-42a8-9a27-61b57c8ee4e0,2026-09-18 02:38:16
070bd942-cce0-46ca-88a3-5215886fb107,74,rework_replacement_launched,implement,fa274517-9f07-42a8-9a27-61b57c8ee4e0,2026-09-18 02:39:24
3f9a62c4-7986-4429-a5e3-82f42aefe5a9,32,writer_replacement,implement,e9ffa784-0619-42b9-a566-dc210f8983bc,2026-09-18 02:39:24
3f9a62c4-7986-4429-a5e3-82f42aefe5a9,33,resume_target_unrecoverable,implement,,2026-09-18 02:39:24
3f9a62c4-7986-4429-a5e3-82f42aefe5a9,34,execution_dead_rolled_back,implement,f5d5cbf5-ad56-4cd6-89ab-e68f1de6dd5d,2026-09-18 02:39:24
3f9a62c4-7986-4429-a5e3-82f42aefe5a9,35,repeated_dead_execution_pattern,implement,f5d5cbf5-ad56-4cd6-89ab-e68f1de6dd5d,2026-09-18 02:39:24
a6ed8551-8c88-4822-8089-5caa396b64fd,10,writer_replacement,implement,b735f148-f10d-45fb-87fa-91bfddf2359f,2026-09-18 02:39:24
a6ed8551-8c88-4822-8089-5caa396b64fd,11,resume_target_unrecoverable,implement,,2026-09-18 02:39:24
a6ed8551-8c88-4822-8089-5caa396b64fd,12,execution_dead_rolled_back,implement,782d2801-9d09-462a-aee2-c2a4f400504f,2026-09-18 02:39:24
dabc18e4-e29d-493e-8bde-64c72cdb140c,10,writer_replacement,implement,2d58c10a-30a6-4a7c-8753-e47ec2f23197,2026-09-18 02:39:24
dabc18e4-e29d-493e-8bde-64c72cdb140c,11,resume_target_unrecoverable,implement,,2026-09-18 02:39:24
dabc18e4-e29d-493e-8bde-64c72cdb140c,12,execution_dead_rolled_back,implement,1c73dd31-03dc-4c7f-bce5-76b466f0c7eb,2026-09-18 02:39:24
b4b09ab2-f811-4707-b06a-24236f127518,10,writer_replacement,implement,9de3909a-24b2-4d54-a5e3-14036c72ca12,2026-09-18 02:39:24
b4b09ab2-f811-4707-b06a-24236f127518,11,resume_target_unrecoverable,implement,,2026-09-18 02:39:24
b4b09ab2-f811-4707-b06a-24236f127518,12,execution_dead_rolled_back,implement,4b8e150d-ef55-493a-87c6-9afcbea56c8a,2026-09-18 02:39:24
dc0c18ed-b1a9-472b-a2e3-51a093be0f26,21,writer_replacement,implement,fac504fa-148f-4b6c-80bf-e7b5a042e6a5,2026-09-18 02:39:24
dc0c18ed-b1a9-472b-a2e3-51a093be0f26,22,resume_target_unrecoverable,implement,,2026-09-18 02:39:24
dc0c18ed-b1a9-472b-a2e3-51a093be0f26,23,execution_dead_rolled_back,implement,95960969-f1e6-42b0-ab65-43ef9cf38c7d,2026-09-18 02:39:24
005878fc-ae1b-487a-b872-ebf4ac0a9666,23,writer_replacement,implement,830c09f6-fc62-4e7d-aafc-0c6d7e48adfd,2026-09-18 02:39:24
005878fc-ae1b-487a-b872-ebf4ac0a9666,24,resume_target_unrecoverable,implement,,2026-09-18 02:39:24
005878fc-ae1b-487a-b872-ebf4ac0a9666,25,execution_dead_rolled_back,implement,690c9038-0366-452b-9974-e200d65cc372,2026-09-18 02:39:24
666701c5-d6fb-41c0-b256-0f44ce3a94bb,21,writer_replacement,implement,46afdd2e-8021-478c-8e15-f874066155af,2026-09-18 02:39:24
666701c5-d6fb-41c0-b256-0f44ce3a94bb,22,resume_target_unrecoverable,implement,,2026-09-18 02:39:24
666701c5-d6fb-41c0-b256-0f44ce3a94bb,23,execution_dead_rolled_back,implement,eef8a73c-c361-4538-b743-5bfde30e4d90,2026-09-18 02:39:24
7d76b428-4b84-422a-a7fa-62b73f4f2b93,22,writer_replacement,implement,18a74711-5b8a-4368-b03c-390e7c4ad30b,2026-09-18 02:39:24
7d76b428-4b84-422a-a7fa-62b73f4f2b93,23,resume_target_unrecoverable,implement,,2026-09-18 02:39:24
7d76b428-4b84-422a-a7fa-62b73f4f2b93,24,execution_dead_rolled_back,implement,0859acee-26e4-4814-ae59-9e6d08045648,2026-09-18 02:39:24
3f9a62c4-7986-4429-a5e3-82f42aefe5a9,37,execution_admitted,implement,e9ffa784-0619-42b9-a566-dc210f8983bc,2026-09-18 02:39:24
a6ed8551-8c88-4822-8089-5caa396b64fd,14,execution_admitted,implement,b735f148-f10d-45fb-87fa-91bfddf2359f,2026-09-18 02:40:19
dabc18e4-e29d-493e-8bde-64c72cdb140c,14,execution_admitted,implement,2d58c10a-30a6-4a7c-8753-e47ec2f23197,2026-09-18 02:41:13
b4b09ab2-f811-4707-b06a-24236f127518,14,execution_admitted,implement,9de3909a-24b2-4d54-a5e3-14036c72ca12,2026-09-18 02:41:16
dc0c18ed-b1a9-472b-a2e3-51a093be0f26,25,execution_admitted,implement,fac504fa-148f-4b6c-80bf-e7b5a042e6a5,2026-09-18 02:42:10
005878fc-ae1b-487a-b872-ebf4ac0a9666,27,execution_admitted,implement,830c09f6-fc62-4e7d-aafc-0c6d7e48adfd,2026-09-18 02:43:05
666701c5-d6fb-41c0-b256-0f44ce3a94bb,25,execution_admitted,implement,46afdd2e-8021-478c-8e15-f874066155af,2026-09-18 02:44:00
7d76b428-4b84-422a-a7fa-62b73f4f2b93,26,execution_admitted,implement,18a74711-5b8a-4368-b03c-390e7c4ad30b,2026-09-18 02:44:04
a6ed8551-8c88-4822-8089-5caa396b64fd,18,writer_replacement,implement,ff8e7fb9-79e1-4b89-814e-6f0cf52c57cc,2026-09-18 02:45:00
a6ed8551-8c88-4822-8089-5caa396b64fd,19,resume_target_unrecoverable,implement,,2026-09-18 02:45:00
a6ed8551-8c88-4822-8089-5caa396b64fd,20,execution_dead_rolled_back,implement,b735f148-f10d-45fb-87fa-91bfddf2359f,2026-09-18 02:45:00
a6ed8551-8c88-4822-8089-5caa396b64fd,21,repeated_dead_execution_pattern,implement,b735f148-f10d-45fb-87fa-91bfddf2359f,2026-09-18 02:45:00
070bd942-cce0-46ca-88a3-5215886fb107,76,writer_replacement,implement,b9617d6d-41d0-4a0e-bc79-264c28ed81e3,2026-09-18 02:45:00
070bd942-cce0-46ca-88a3-5215886fb107,77,resume_target_unrecoverable,implement,,2026-09-18 02:45:00
070bd942-cce0-46ca-88a3-5215886fb107,78,execution_dead_rolled_back,implement,fa274517-9f07-42a8-9a27-61b57c8ee4e0,2026-09-18 02:45:00
070bd942-cce0-46ca-88a3-5215886fb107,79,repeated_dead_execution_pattern,implement,fa274517-9f07-42a8-9a27-61b57c8ee4e0,2026-09-18 02:45:00
8ac2f0be-5754-4c55-a05d-2c389ba56b54,29,writer_replacement,implement,ecacec3f-12aa-45c1-acb5-757a0fbc0967,2026-09-18 02:45:00
8ac2f0be-5754-4c55-a05d-2c389ba56b54,30,resume_target_unrecoverable,implement,,2026-09-18 02:45:00
8ac2f0be-5754-4c55-a05d-2c389ba56b54,31,execution_dead_rolled_back,implement,36564f5e-e336-40ca-a9e2-aec7fc95932a,2026-09-18 02:45:00
b4b09ab2-f811-4707-b06a-24236f127518,18,writer_replacement,implement,63ad329b-75a1-4d81-b30b-6263c48f2df2,2026-09-18 02:45:00
b4b09ab2-f811-4707-b06a-24236f127518,19,resume_target_unrecoverable,implement,,2026-09-18 02:45:00
b4b09ab2-f811-4707-b06a-24236f127518,20,execution_dead_rolled_back,implement,9de3909a-24b2-4d54-a5e3-14036c72ca12,2026-09-18 02:45:00
b4b09ab2-f811-4707-b06a-24236f127518,21,repeated_dead_execution_pattern,implement,9de3909a-24b2-4d54-a5e3-14036c72ca12,2026-09-18 02:45:00
dc0c18ed-b1a9-472b-a2e3-51a093be0f26,31,writer_replacement,implement,7de51d8b-8be9-4abb-979c-7f3222e22cfd,2026-09-18 02:45:00
dc0c18ed-b1a9-472b-a2e3-51a093be0f26,32,resume_target_unrecoverable,implement,,2026-09-18 02:45:00
dc0c18ed-b1a9-472b-a2e3-51a093be0f26,33,execution_dead_rolled_back,implement,fac504fa-148f-4b6c-80bf-e7b5a042e6a5,2026-09-18 02:45:00
dc0c18ed-b1a9-472b-a2e3-51a093be0f26,34,repeated_dead_execution_pattern,implement,fac504fa-148f-4b6c-80bf-e7b5a042e6a5,2026-09-18 02:45:00
005878fc-ae1b-487a-b872-ebf4ac0a9666,33,writer_replacement,implement,0675c666-df02-4bbe-86e0-685d29687e2e,2026-09-18 02:45:00
005878fc-ae1b-487a-b872-ebf4ac0a9666,34,resume_target_unrecoverable,implement,,2026-09-18 02:45:00
005878fc-ae1b-487a-b872-ebf4ac0a9666,35,execution_dead_rolled_back,implement,830c09f6-fc62-4e7d-aafc-0c6d7e48adfd,2026-09-18 02:45:00
005878fc-ae1b-487a-b872-ebf4ac0a9666,36,repeated_dead_execution_pattern,implement,830c09f6-fc62-4e7d-aafc-0c6d7e48adfd,2026-09-18 02:45:00
b5cf7875-c661-449f-84cb-16dcde4e3997,79,execution_dead_rolled_back,implement,8f4da583-8cce-429b-9132-45002708d6d7,2026-09-18 02:45:00
6f9daeec-8ab2-40cd-b492-17b386f3e5ad,151,execution_dead_rolled_back,implement,4db3d52d-0af0-4ea3-9a64-aa32fcb64b85,2026-09-18 02:45:00
fa725571-5d90-47ed-9ea2-f6d99ee23f82,56,execution_dead_rolled_back,implement,08a7ebf8-2ee0-4a2d-96a1-69269df3508a,2026-09-18 02:45:00
8bc20a0d-345f-431a-b686-eeb058d4dd6e,68,execution_dead_rolled_back,implement,c62db952-d307-4042-83b2-f49fd7fb5621,2026-09-18 02:45:00
a6ed8551-8c88-4822-8089-5caa396b64fd,23,execution_admitted,implement,ff8e7fb9-79e1-4b89-814e-6f0cf52c57cc,2026-09-18 02:45:00
070bd942-cce0-46ca-88a3-5215886fb107,83,execution_admitted,implement,b9617d6d-41d0-4a0e-bc79-264c28ed81e3,2026-09-18 02:45:54
070bd942-cce0-46ca-88a3-5215886fb107,88,rework_replacement_launched,implement,b9617d6d-41d0-4a0e-bc79-264c28ed81e3,2026-09-18 02:46:48
8ac2f0be-5754-4c55-a05d-2c389ba56b54,33,execution_admitted,implement,ecacec3f-12aa-45c1-acb5-757a0fbc0967,2026-09-18 02:46:48
b4b09ab2-f811-4707-b06a-24236f127518,23,execution_admitted,implement,63ad329b-75a1-4d81-b30b-6263c48f2df2,2026-09-18 02:47:42
dc0c18ed-b1a9-472b-a2e3-51a093be0f26,36,execution_admitted,implement,7de51d8b-8be9-4abb-979c-7f3222e22cfd,2026-09-18 02:48:35
005878fc-ae1b-487a-b872-ebf4ac0a9666,38,execution_admitted,implement,0675c666-df02-4bbe-86e0-685d29687e2e,2026-09-18 02:49:29
986c9c22-a588-4cf4-a21e-fa3b90a3c2de,147,node_completed,qa,7f2ca393-f0c3-491d-99e2-bba77d6afbb4,2026-09-18 02:49:34
986c9c22-a588-4cf4-a21e-fa3b90a3c2de,150,gate_opened,founder_gate,,2026-09-18 02:49:34
b5cf7875-c661-449f-84cb-16dcde4e3997,83,execution_admitted,implement,6a7f58f9-138f-47e8-b9ae-8540137ccca4,2026-09-18 02:50:23
b5cf7875-c661-449f-84cb-16dcde4e3997,89,rework_replacement_launched,implement,6a7f58f9-138f-47e8-b9ae-8540137ccca4,2026-09-18 02:51:18
6f9daeec-8ab2-40cd-b492-17b386f3e5ad,155,execution_admitted,implement,f57fd153-a062-45e8-b86b-207d699be2ff,2026-09-18 02:51:18
6f9daeec-8ab2-40cd-b492-17b386f3e5ad,161,rework_replacement_launched,implement,f57fd153-a062-45e8-b86b-207d699be2ff,2026-09-18 02:52:12
fa725571-5d90-47ed-9ea2-f6d99ee23f82,60,execution_admitted,implement,33d42052-aa31-442b-b82b-eb05837350f9,2026-09-18 02:52:12
fa725571-5d90-47ed-9ea2-f6d99ee23f82,66,rework_replacement_launched,implement,33d42052-aa31-442b-b82b-eb05837350f9,2026-09-18 02:53:08
8bc20a0d-345f-431a-b686-eeb058d4dd6e,72,execution_admitted,implement,f07dea27-9fc5-437c-91fb-7869b6989e32,2026-09-18 02:53:08
8bc20a0d-345f-431a-b686-eeb058d4dd6e,78,rework_replacement_launched,implement,f07dea27-9fc5-437c-91fb-7869b6989e32,2026-09-18 02:54:01
6f9daeec-8ab2-40cd-b492-17b386f3e5ad,163,writer_replacement,implement,5ef0f770-67a6-46d9-bed0-933e3ef8ddc0,2026-09-18 02:54:02
6f9daeec-8ab2-40cd-b492-17b386f3e5ad,164,resume_target_unrecoverable,implement,,2026-09-18 02:54:02
6f9daeec-8ab2-40cd-b492-17b386f3e5ad,165,execution_dead_rolled_back,implement,f57fd153-a062-45e8-b86b-207d699be2ff,2026-09-18 02:54:02
6f9daeec-8ab2-40cd-b492-17b386f3e5ad,166,repeated_dead_execution_pattern,implement,f57fd153-a062-45e8-b86b-207d699be2ff,2026-09-18 02:54:02
070bd942-cce0-46ca-88a3-5215886fb107,90,writer_replacement,implement,12451b00-c1c3-4836-bbe9-1fec89759af5,2026-09-18 02:54:02
070bd942-cce0-46ca-88a3-5215886fb107,91,resume_target_unrecoverable,implement,,2026-09-18 02:54:02
070bd942-cce0-46ca-88a3-5215886fb107,92,execution_dead_rolled_back,implement,b9617d6d-41d0-4a0e-bc79-264c28ed81e3,2026-09-18 02:54:02
070bd942-cce0-46ca-88a3-5215886fb107,93,repeated_dead_execution_pattern,implement,b9617d6d-41d0-4a0e-bc79-264c28ed81e3,2026-09-18 02:54:02
b5cf7875-c661-449f-84cb-16dcde4e3997,91,writer_replacement,implement,dd375653-5bf1-40fb-bd03-2f620915db73,2026-09-18 02:54:02
b5cf7875-c661-449f-84cb-16dcde4e3997,92,resume_target_unrecoverable,implement,,2026-09-18 02:54:02
b5cf7875-c661-449f-84cb-16dcde4e3997,93,execution_dead_rolled_back,implement,6a7f58f9-138f-47e8-b9ae-8540137ccca4,2026-09-18 02:54:02
b5cf7875-c661-449f-84cb-16dcde4e3997,94,repeated_dead_execution_pattern,implement,6a7f58f9-138f-47e8-b9ae-8540137ccca4,2026-09-18 02:54:02
8ac2f0be-5754-4c55-a05d-2c389ba56b54,39,writer_replacement,implement,152a44e6-1c1d-4e9c-b478-8cf5026d216e,2026-09-18 02:54:02
8ac2f0be-5754-4c55-a05d-2c389ba56b54,40,resume_target_unrecoverable,implement,,2026-09-18 02:54:02
8ac2f0be-5754-4c55-a05d-2c389ba56b54,41,execution_dead_rolled_back,implement,ecacec3f-12aa-45c1-acb5-757a0fbc0967,2026-09-18 02:54:02
8ac2f0be-5754-4c55-a05d-2c389ba56b54,42,repeated_dead_execution_pattern,implement,ecacec3f-12aa-45c1-acb5-757a0fbc0967,2026-09-18 02:54:02
fa725571-5d90-47ed-9ea2-f6d99ee23f82,68,writer_replacement,implement,3d5e3ad9-62c2-4581-a9b9-863761d5d276,2026-09-18 02:54:02
fa725571-5d90-47ed-9ea2-f6d99ee23f82,69,resume_target_unrecoverable,implement,,2026-09-18 02:54:02
fa725571-5d90-47ed-9ea2-f6d99ee23f82,70,execution_dead_rolled_back,implement,33d42052-aa31-442b-b82b-eb05837350f9,2026-09-18 02:54:02
fa725571-5d90-47ed-9ea2-f6d99ee23f82,71,repeated_dead_execution_pattern,implement,33d42052-aa31-442b-b82b-eb05837350f9,2026-09-18 02:54:02
7d76b428-4b84-422a-a7fa-62b73f4f2b93,32,writer_replacement,implement,3f7b3165-c939-4d17-a555-cc4095b4c08f,2026-09-18 02:54:02
7d76b428-4b84-422a-a7fa-62b73f4f2b93,33,resume_target_unrecoverable,implement,,2026-09-18 02:54:02
7d76b428-4b84-422a-a7fa-62b73f4f2b93,34,execution_dead_rolled_back,implement,18a74711-5b8a-4368-b03c-390e7c4ad30b,2026-09-18 02:54:02
7d76b428-4b84-422a-a7fa-62b73f4f2b93,35,repeated_dead_execution_pattern,implement,18a74711-5b8a-4368-b03c-390e7c4ad30b,2026-09-18 02:54:02
dabc18e4-e29d-493e-8bde-64c72cdb140c,20,unlaunched_admission_rolled_back,implement,2d58c10a-30a6-4a7c-8753-e47ec2f23197,2026-09-18 02:54:02
666701c5-d6fb-41c0-b256-0f44ce3a94bb,31,unlaunched_admission_rolled_back,implement,46afdd2e-8021-478c-8e15-f874066155af,2026-09-18 02:54:02
070bd942-cce0-46ca-88a3-5215886fb107,97,execution_admitted,implement,12451b00-c1c3-4836-bbe9-1fec89759af5,2026-09-18 02:54:02
070bd942-cce0-46ca-88a3-5215886fb107,102,rework_replacement_launched,implement,12451b00-c1c3-4836-bbe9-1fec89759af5,2026-09-18 02:54:56
8ac2f0be-5754-4c55-a05d-2c389ba56b54,44,execution_admitted,implement,152a44e6-1c1d-4e9c-b478-8cf5026d216e,2026-09-18 02:54:56
7d76b428-4b84-422a-a7fa-62b73f4f2b93,37,execution_admitted,implement,3f7b3165-c939-4d17-a555-cc4095b4c08f,2026-09-18 02:55:50
3f9a62c4-7986-4429-a5e3-82f42aefe5a9,43,writer_replacement,implement,7d7e55e1-5813-4988-8e87-2dc68e532d0f,2026-09-18 02:56:49
3f9a62c4-7986-4429-a5e3-82f42aefe5a9,44,resume_target_unrecoverable,implement,,2026-09-18 02:56:49
3f9a62c4-7986-4429-a5e3-82f42aefe5a9,45,execution_dead_rolled_back,implement,e9ffa784-0619-42b9-a566-dc210f8983bc,2026-09-18 02:56:49
3f9a62c4-7986-4429-a5e3-82f42aefe5a9,46,repeated_dead_execution_pattern,implement,e9ffa784-0619-42b9-a566-dc210f8983bc,2026-09-18 02:56:49
8bc20a0d-345f-431a-b686-eeb058d4dd6e,80,writer_replacement,implement,52f0814e-5525-4ffb-9f29-04d7e7cd27ba,2026-09-18 02:56:49
8bc20a0d-345f-431a-b686-eeb058d4dd6e,81,resume_target_unrecoverable,implement,,2026-09-18 02:56:49
8bc20a0d-345f-431a-b686-eeb058d4dd6e,82,execution_dead_rolled_back,implement,f07dea27-9fc5-437c-91fb-7869b6989e32,2026-09-18 02:56:49
8bc20a0d-345f-431a-b686-eeb058d4dd6e,83,repeated_dead_execution_pattern,implement,f07dea27-9fc5-437c-91fb-7869b6989e32,2026-09-18 02:56:49
6f9daeec-8ab2-40cd-b492-17b386f3e5ad,170,execution_admitted,implement,5ef0f770-67a6-46d9-bed0-933e3ef8ddc0,2026-09-18 02:56:49
6f9daeec-8ab2-40cd-b492-17b386f3e5ad,175,rework_replacement_launched,implement,5ef0f770-67a6-46d9-bed0-933e3ef8ddc0,2026-09-18 02:57:43
b5cf7875-c661-449f-84cb-16dcde4e3997,98,execution_admitted,implement,dd375653-5bf1-40fb-bd03-2f620915db73,2026-09-18 02:57:43
b5cf7875-c661-449f-84cb-16dcde4e3997,103,rework_replacement_launched,implement,dd375653-5bf1-40fb-bd03-2f620915db73,2026-09-18 02:58:37
fa725571-5d90-47ed-9ea2-f6d99ee23f82,75,execution_admitted,implement,3d5e3ad9-62c2-4581-a9b9-863761d5d276,2026-09-18 02:58:37
fa725571-5d90-47ed-9ea2-f6d99ee23f82,80,rework_replacement_launched,implement,3d5e3ad9-62c2-4581-a9b9-863761d5d276,2026-09-18 02:59:31
3f9a62c4-7986-4429-a5e3-82f42aefe5a9,48,execution_admitted,implement,7d7e55e1-5813-4988-8e87-2dc68e532d0f,2026-09-18 02:59:31
6f9daeec-8ab2-40cd-b492-17b386f3e5ad,177,writer_replacement,implement,f6274caf-1bb9-43b2-b8d9-74dd5014854b,2026-09-18 03:00:25
6f9daeec-8ab2-40cd-b492-17b386f3e5ad,178,resume_target_unrecoverable,implement,,2026-09-18 03:00:25
6f9daeec-8ab2-40cd-b492-17b386f3e5ad,179,execution_dead_rolled_back,implement,5ef0f770-67a6-46d9-bed0-933e3ef8ddc0,2026-09-18 03:00:25
6f9daeec-8ab2-40cd-b492-17b386f3e5ad,180,repeated_dead_execution_pattern,implement,5ef0f770-67a6-46d9-bed0-933e3ef8ddc0,2026-09-18 03:00:25
a6ed8551-8c88-4822-8089-5caa396b64fd,27,writer_replacement,implement,1c15f611-dbfc-4f79-a45e-ede632bc70d0,2026-09-18 03:00:25
a6ed8551-8c88-4822-8089-5caa396b64fd,28,resume_target_unrecoverable,implement,,2026-09-18 03:00:25
a6ed8551-8c88-4822-8089-5caa396b64fd,29,execution_dead_rolled_back,implement,ff8e7fb9-79e1-4b89-814e-6f0cf52c57cc,2026-09-18 03:00:25
a6ed8551-8c88-4822-8089-5caa396b64fd,30,repeated_dead_execution_pattern,implement,ff8e7fb9-79e1-4b89-814e-6f0cf52c57cc,2026-09-18 03:00:25
b5cf7875-c661-449f-84cb-16dcde4e3997,105,writer_replacement,implement,c1ab5587-a8fc-4c19-9724-83a161b55ab8,2026-09-18 03:00:25
b5cf7875-c661-449f-84cb-16dcde4e3997,106,resume_target_unrecoverable,implement,,2026-09-18 03:00:25
b5cf7875-c661-449f-84cb-16dcde4e3997,107,execution_dead_rolled_back,implement,dd375653-5bf1-40fb-bd03-2f620915db73,2026-09-18 03:00:25
b5cf7875-c661-449f-84cb-16dcde4e3997,108,repeated_dead_execution_pattern,implement,dd375653-5bf1-40fb-bd03-2f620915db73,2026-09-18 03:00:25
fa725571-5d90-47ed-9ea2-f6d99ee23f82,82,writer_replacement,implement,104a604c-2ac1-40f3-94b1-f78f7be924ef,2026-09-18 03:00:25
fa725571-5d90-47ed-9ea2-f6d99ee23f82,83,resume_target_unrecoverable,implement,,2026-09-18 03:00:25
fa725571-5d90-47ed-9ea2-f6d99ee23f82,84,execution_dead_rolled_back,implement,3d5e3ad9-62c2-4581-a9b9-863761d5d276,2026-09-18 03:00:25
fa725571-5d90-47ed-9ea2-f6d99ee23f82,85,repeated_dead_execution_pattern,implement,3d5e3ad9-62c2-4581-a9b9-863761d5d276,2026-09-18 03:00:25
b4b09ab2-f811-4707-b06a-24236f127518,27,writer_replacement,implement,c7dd69dc-5ef9-4232-ac64-7bdb91a2c8a3,2026-09-18 03:00:25
b4b09ab2-f811-4707-b06a-24236f127518,28,resume_target_unrecoverable,implement,,2026-09-18 03:00:25
b4b09ab2-f811-4707-b06a-24236f127518,29,execution_dead_rolled_back,implement,63ad329b-75a1-4d81-b30b-6263c48f2df2,2026-09-18 03:00:25
b4b09ab2-f811-4707-b06a-24236f127518,30,repeated_dead_execution_pattern,implement,63ad329b-75a1-4d81-b30b-6263c48f2df2,2026-09-18 03:00:25
dc0c18ed-b1a9-472b-a2e3-51a093be0f26,42,writer_replacement,implement,7553c3bd-adbf-4432-b86c-31c4f73eb7bb,2026-09-18 03:00:25
dc0c18ed-b1a9-472b-a2e3-51a093be0f26,43,resume_target_unrecoverable,implement,,2026-09-18 03:00:25
dc0c18ed-b1a9-472b-a2e3-51a093be0f26,44,execution_dead_rolled_back,implement,7de51d8b-8be9-4abb-979c-7f3222e22cfd,2026-09-18 03:00:25
dc0c18ed-b1a9-472b-a2e3-51a093be0f26,45,repeated_dead_execution_pattern,implement,7de51d8b-8be9-4abb-979c-7f3222e22cfd,2026-09-18 03:00:25
005878fc-ae1b-487a-b872-ebf4ac0a9666,44,writer_replacement,implement,051aa43b-ef0c-412f-8130-c6a231798263,2026-09-18 03:00:25
005878fc-ae1b-487a-b872-ebf4ac0a9666,45,resume_target_unrecoverable,implement,,2026-09-18 03:00:25
005878fc-ae1b-487a-b872-ebf4ac0a9666,46,execution_dead_rolled_back,implement,0675c666-df02-4bbe-86e0-685d29687e2e,2026-09-18 03:00:25
005878fc-ae1b-487a-b872-ebf4ac0a9666,47,repeated_dead_execution_pattern,implement,0675c666-df02-4bbe-86e0-685d29687e2e,2026-09-18 03:00:25
8bc20a0d-345f-431a-b686-eeb058d4dd6e,87,execution_admitted,implement,52f0814e-5525-4ffb-9f29-04d7e7cd27ba,2026-09-18 03:00:25
8bc20a0d-345f-431a-b686-eeb058d4dd6e,92,rework_replacement_launched,implement,52f0814e-5525-4ffb-9f29-04d7e7cd27ba,2026-09-18 03:01:20
a6ed8551-8c88-4822-8089-5caa396b64fd,32,execution_admitted,implement,1c15f611-dbfc-4f79-a45e-ede632bc70d0,2026-09-18 03:01:21
b4b09ab2-f811-4707-b06a-24236f127518,32,execution_admitted,implement,c7dd69dc-5ef9-4232-ac64-7bdb91a2c8a3,2026-09-18 03:02:17
dc0c18ed-b1a9-472b-a2e3-51a093be0f26,47,execution_admitted,implement,7553c3bd-adbf-4432-b86c-31c4f73eb7bb,2026-09-18 03:03:10
005878fc-ae1b-487a-b872-ebf4ac0a9666,49,execution_admitted,implement,051aa43b-ef0c-412f-8130-c6a231798263,2026-09-18 03:04:04
8bc20a0d-345f-431a-b686-eeb058d4dd6e,94,writer_replacement,implement,c14f61dc-e8cb-4a08-9d9d-554ed58740c2,2026-09-18 03:04:59
8bc20a0d-345f-431a-b686-eeb058d4dd6e,95,resume_target_unrecoverable,implement,,2026-09-18 03:04:59
8bc20a0d-345f-431a-b686-eeb058d4dd6e,96,execution_dead_rolled_back,implement,52f0814e-5525-4ffb-9f29-04d7e7cd27ba,2026-09-18 03:04:59
8bc20a0d-345f-431a-b686-eeb058d4dd6e,97,repeated_dead_execution_pattern,implement,52f0814e-5525-4ffb-9f29-04d7e7cd27ba,2026-09-18 03:04:59
6f9daeec-8ab2-40cd-b492-17b386f3e5ad,184,execution_admitted,implement,f6274caf-1bb9-43b2-b8d9-74dd5014854b,2026-09-18 03:04:59
6f9daeec-8ab2-40cd-b492-17b386f3e5ad,189,rework_replacement_launched,implement,f6274caf-1bb9-43b2-b8d9-74dd5014854b,2026-09-18 03:05:55
b5cf7875-c661-449f-84cb-16dcde4e3997,112,execution_admitted,implement,c1ab5587-a8fc-4c19-9724-83a161b55ab8,2026-09-18 03:05:55
986c9c22-a588-4cf4-a21e-fa3b90a3c2de,156,node_completed,founder_gate,7f2ca393-f0c3-491d-99e2-bba77d6afbb4,2026-09-18 03:08:56
dabc18e4-e29d-493e-8bde-64c72cdb140c,24,run_terminated_by_operator,,,2026-09-18 03:08:58
666701c5-d6fb-41c0-b256-0f44ce3a94bb,35,run_terminated_by_operator,,,2026-09-18 03:08:58
1fde72e3-0379-4a79-8f6d-f001fe84b63f,3,execution_admitted,implement,5458eb7c-e38b-46b5-95c4-2a5d5aa9c496,2026-09-18 03:09:08
caeba1cb-cfd7-427b-ab3b-78293cd493a3,3,execution_admitted,implement,032b2026-c208-4b44-83aa-97d13250aae5,2026-09-18 03:10:08
b5cf7875-c661-449f-84cb-16dcde4e3997,117,rework_replacement_launched,implement,c1ab5587-a8fc-4c19-9724-83a161b55ab8,2026-09-18 03:10:58
fa725571-5d90-47ed-9ea2-f6d99ee23f82,89,execution_admitted,implement,104a604c-2ac1-40f3-94b1-f78f7be924ef,2026-09-18 03:10:58
fa725571-5d90-47ed-9ea2-f6d99ee23f82,94,rework_replacement_launched,implement,104a604c-2ac1-40f3-94b1-f78f7be924ef,2026-09-18 03:11:03
8bc20a0d-345f-431a-b686-eeb058d4dd6e,101,execution_admitted,implement,c14f61dc-e8cb-4a08-9d9d-554ed58740c2,2026-09-18 03:11:03
8bc20a0d-345f-431a-b686-eeb058d4dd6e,106,rework_replacement_launched,implement,c14f61dc-e8cb-4a08-9d9d-554ed58740c2,2026-09-18 03:11:07
070bd942-cce0-46ca-88a3-5215886fb107,106,writer_replacement,implement,5ca36a85-fba6-4a2c-958f-f3a5653a4bd2,2026-09-18 03:11:14
070bd942-cce0-46ca-88a3-5215886fb107,107,resume_target_unrecoverable,implement,,2026-09-18 03:11:14
070bd942-cce0-46ca-88a3-5215886fb107,108,execution_dead_rolled_back,implement,12451b00-c1c3-4836-bbe9-1fec89759af5,2026-09-18 03:11:14
070bd942-cce0-46ca-88a3-5215886fb107,109,repeated_dead_execution_pattern,implement,12451b00-c1c3-4836-bbe9-1fec89759af5,2026-09-18 03:11:14
8ac2f0be-5754-4c55-a05d-2c389ba56b54,50,writer_replacement,implement,7b131c44-49cd-405e-bd96-0d4a6b4089c8,2026-09-18 03:11:14
8ac2f0be-5754-4c55-a05d-2c389ba56b54,51,resume_target_unrecoverable,implement,,2026-09-18 03:11:14
8ac2f0be-5754-4c55-a05d-2c389ba56b54,52,execution_dead_rolled_back,implement,152a44e6-1c1d-4e9c-b478-8cf5026d216e,2026-09-18 03:11:14
8ac2f0be-5754-4c55-a05d-2c389ba56b54,53,repeated_dead_execution_pattern,implement,152a44e6-1c1d-4e9c-b478-8cf5026d216e,2026-09-18 03:11:14
7d76b428-4b84-422a-a7fa-62b73f4f2b93,43,writer_replacement,implement,04cd13a3-1567-40f7-93c7-e6cded84609d,2026-09-18 03:11:14
7d76b428-4b84-422a-a7fa-62b73f4f2b93,44,resume_target_unrecoverable,implement,,2026-09-18 03:11:14
7d76b428-4b84-422a-a7fa-62b73f4f2b93,45,execution_dead_rolled_back,implement,3f7b3165-c939-4d17-a555-cc4095b4c08f,2026-09-18 03:11:14
7d76b428-4b84-422a-a7fa-62b73f4f2b93,46,repeated_dead_execution_pattern,implement,3f7b3165-c939-4d17-a555-cc4095b4c08f,2026-09-18 03:11:14
070bd942-cce0-46ca-88a3-5215886fb107,113,execution_admitted,implement,5ca36a85-fba6-4a2c-958f-f3a5653a4bd2,2026-09-18 03:11:29
070bd942-cce0-46ca-88a3-5215886fb107,117,rework_replacement_launched,implement,5ca36a85-fba6-4a2c-958f-f3a5653a4bd2,2026-09-18 03:11:34
8ac2f0be-5754-4c55-a05d-2c389ba56b54,55,execution_admitted,implement,7b131c44-49cd-405e-bd96-0d4a6b4089c8,2026-09-18 03:11:34
7d76b428-4b84-422a-a7fa-62b73f4f2b93,48,execution_admitted,implement,04cd13a3-1567-40f7-93c7-e6cded84609d,2026-09-18 03:11:38
070bd942-cce0-46ca-88a3-5215886fb107,119,node_completed,implement,5ca36a85-fba6-4a2c-958f-f3a5653a4bd2,2026-09-18 03:13:34
070bd942-cce0-46ca-88a3-5215886fb107,127,execution_admitted,qa,a119279a-1a0e-48ea-b792-d85b8ad1d1eb,2026-09-18 03:13:35
a6ed8551-8c88-4822-8089-5caa396b64fd,39,run_terminated_by_operator,,,2026-09-18 03:13:53
3f9a62c4-7986-4429-a5e3-82f42aefe5a9,57,run_terminated_by_operator,,,2026-09-18 03:13:53
b4b09ab2-f811-4707-b06a-24236f127518,39,run_terminated_by_operator,,,2026-09-18 03:13:53
dc0c18ed-b1a9-472b-a2e3-51a093be0f26,56,run_terminated_by_operator,,,2026-09-18 03:13:53
005878fc-ae1b-487a-b872-ebf4ac0a9666,58,run_terminated_by_operator,,,2026-09-18 03:13:53
137b8ea4-68ae-4384-8e48-d7571dd3e8c7,3,execution_admitted,implement,b309fb9c-493c-4893-81ba-7248bcde4d30,2026-09-18 03:14:01
8fa62c6a-63aa-499a-911a-41b6e4b3ab8b,3,execution_admitted,implement,46fd3551-4dc5-4533-9702-14ddc64cec87,2026-09-18 03:14:06
f426b8bc-b7aa-4202-9db9-ded05db69e13,3,execution_admitted,implement,286a1527-4b51-46ec-b4f3-9279d5fecdfa,2026-09-18 03:14:15
16a5f2d3-654e-4596-a822-d9829ec7e0e1,3,execution_admitted,implement,87b554b8-f83b-44c5-8f7d-bf560202e82f,2026-09-18 03:14:21
d4e0de1f-8d3d-45ca-8426-574befa44aa7,3,execution_admitted,implement,18d7e3b1-7e70-4c55-93f2-1d580f71a78a,2026-09-18 03:14:25
986c9c22-a588-4cf4-a21e-fa3b90a3c2de,166,run_completed,land,16df9cdd-5af9-40f3-81d9-459ea6556ad5,2026-09-18 03:15:00
91d4dd0a-85f2-4366-9cbb-3bbf3ea403de,25,writer_replacement,implement,65f86cca-b3f7-4cbd-a9c2-2a16b2c8ebdd,2026-09-18 03:17:15
91d4dd0a-85f2-4366-9cbb-3bbf3ea403de,26,resume_target_unrecoverable,implement,,2026-09-18 03:17:15
91d4dd0a-85f2-4366-9cbb-3bbf3ea403de,27,execution_dead_rolled_back,implement,62c160f4-3a41-4b0b-8248-dd796a9d4d28,2026-09-18 03:17:15
91d4dd0a-85f2-4366-9cbb-3bbf3ea403de,29,execution_admitted,implement,65f86cca-b3f7-4cbd-a9c2-2a16b2c8ebdd,2026-09-18 03:17:20
6f9daeec-8ab2-40cd-b492-17b386f3e5ad,195,node_completed,implement,f6274caf-1bb9-43b2-b8d9-74dd5014854b,2026-09-18 03:18:55
6f9daeec-8ab2-40cd-b492-17b386f3e5ad,203,execution_admitted,qa,ef3015a7-5f1e-4134-ab13-3d3697177805,2026-09-18 03:18:59
8ac2f0be-5754-4c55-a05d-2c389ba56b54,61,node_completed,implement,7b131c44-49cd-405e-bd96-0d4a6b4089c8,2026-09-18 03:19:52
8ac2f0be-5754-4c55-a05d-2c389ba56b54,66,execution_admitted,qa,17d55d2c-a126-44b4-a9f4-4c09a44a1ff9,2026-09-18 03:19:59
6f9daeec-8ab2-40cd-b492-17b386f3e5ad,212,node_completed,qa,ef3015a7-5f1e-4134-ab13-3d3697177805,2026-09-18 03:26:44
6f9daeec-8ab2-40cd-b492-17b386f3e5ad,220,execution_admitted,implement,f6274caf-1bb9-43b2-b8d9-74dd5014854b,2026-09-18 03:26:48
070bd942-cce0-46ca-88a3-5215886fb107,139,node_completed,qa,a119279a-1a0e-48ea-b792-d85b8ad1d1eb,2026-09-18 03:27:16
070bd942-cce0-46ca-88a3-5215886fb107,142,gate_opened,founder_gate,,2026-09-18 03:27:16
9ff0c45a-d397-4a0f-b1fb-050d21351446,25,writer_replacement,implement,4cad96ff-be62-4167-b096-33eada46b7ef,2026-09-18 03:27:24
9ff0c45a-d397-4a0f-b1fb-050d21351446,26,resume_target_unrecoverable,implement,,2026-09-18 03:27:24
9ff0c45a-d397-4a0f-b1fb-050d21351446,27,execution_dead_rolled_back,implement,36d4718f-0bae-4f9f-aa69-f77c70cb7465,2026-09-18 03:27:24
9ff0c45a-d397-4a0f-b1fb-050d21351446,29,execution_admitted,implement,4cad96ff-be62-4167-b096-33eada46b7ef,2026-09-18 03:27:29
070bd942-cce0-46ca-88a3-5215886fb107,148,node_completed,founder_gate,a119279a-1a0e-48ea-b792-d85b8ad1d1eb,2026-09-18 03:33:58
070bd942-cce0-46ca-88a3-5215886fb107,156,run_completed,land,544e1bce-fe36-4ee2-a3c1-9634c26aab98,2026-09-18 03:38:55
4f46e773-3ca9-475e-aead-c2c240558dd4,3,execution_admitted,general,6eacd20b-d780-467c-9da9-b9c7163099e7,2026-09-18 03:39:32
8ac2f0be-5754-4c55-a05d-2c389ba56b54,73,node_completed,qa,17d55d2c-a126-44b4-a9f4-4c09a44a1ff9,2026-09-18 03:40:17
8ac2f0be-5754-4c55-a05d-2c389ba56b54,76,gate_opened,founder_gate,,2026-09-18 03:40:17
5b79da42-6cd8-48b9-af9a-c505e2c7c390,3,execution_admitted,general,e3cbf673-22b6-421a-9cb8-0e271f351a46,2026-09-18 03:44:18
719b260f-55bb-44cc-b552-433a98a3ada9,3,execution_admitted,implement,c013852c-d0df-4522-a21a-a28672973551,2026-09-18 04:06:48
719b260f-55bb-44cc-b552-433a98a3ada9,7,writer_replacement,implement,4ae61045-ffba-492d-bde9-575b799660d3,2026-09-18 04:07:56
719b260f-55bb-44cc-b552-433a98a3ada9,8,resume_target_unrecoverable,implement,,2026-09-18 04:07:56
719b260f-55bb-44cc-b552-433a98a3ada9,9,execution_dead_rolled_back,implement,c013852c-d0df-4522-a21a-a28672973551,2026-09-18 04:07:56
5b79da42-6cd8-48b9-af9a-c505e2c7c390,9,node_completed,general,e3cbf673-22b6-421a-9cb8-0e271f351a46,2026-09-18 04:26:37
5b79da42-6cd8-48b9-af9a-c505e2c7c390,11,gate_opened,founder_gate,,2026-09-18 04:26:37
43614e3d-22cb-44e3-b835-05c2d81dca9a,3,execution_admitted,implement,8885f2b0-87b1-4283-9897-984309d96787,2026-09-18 04:35:53
5b79da42-6cd8-48b9-af9a-c505e2c7c390,23,node_completed,founder_gate,e3cbf673-22b6-421a-9cb8-0e271f351a46,2026-09-18 05:50:58
5b79da42-6cd8-48b9-af9a-c505e2c7c390,30,run_completed,land,9f1eaa28-1ff5-4831-bf94-f9fe68ec0acd,2026-09-18 05:52:41
719b260f-55bb-44cc-b552-433a98a3ada9,10,run_terminated_by_operator,,,2026-09-18 05:54:41
932e6b08-ae81-4b1b-b0f7-2488da22913f,3,execution_admitted,implement,401aae58-189b-4366-9713-6ad75abee8ec,2026-09-18 05:54:46
5fe45c92-4cc1-40ff-b0e3-85978d0e484a,4,execution_admitted,eng_design,8ca42b23-e25c-497e-b623-deaef413b86e,2026-09-18 05:57:33
b5cf7875-c661-449f-84cb-16dcde4e3997,173,writer_replacement,implement,5fa1243d-0a7a-4f86-9fd6-44406326bced,2026-09-18 06:02:12
b5cf7875-c661-449f-84cb-16dcde4e3997,174,resume_target_unrecoverable,implement,,2026-09-18 06:02:12
b5cf7875-c661-449f-84cb-16dcde4e3997,175,execution_dead_rolled_back,implement,c1ab5587-a8fc-4c19-9724-83a161b55ab8,2026-09-18 06:02:12
b5cf7875-c661-449f-84cb-16dcde4e3997,176,repeated_dead_execution_pattern,implement,c1ab5587-a8fc-4c19-9724-83a161b55ab8,2026-09-18 06:02:12
b5cf7875-c661-449f-84cb-16dcde4e3997,180,execution_admitted,implement,5fa1243d-0a7a-4f86-9fd6-44406326bced,2026-09-18 06:02:19
932e6b08-ae81-4b1b-b0f7-2488da22913f,10,writer_replacement,implement,9255e3a6-0733-41e4-b3fc-bceb30d607e5,2026-09-18 06:09:35
932e6b08-ae81-4b1b-b0f7-2488da22913f,11,resume_target_unrecoverable,implement,,2026-09-18 06:09:35
932e6b08-ae81-4b1b-b0f7-2488da22913f,12,execution_dead_rolled_back,implement,401aae58-189b-4366-9713-6ad75abee8ec,2026-09-18 06:09:35
932e6b08-ae81-4b1b-b0f7-2488da22913f,14,execution_admitted,implement,9255e3a6-0733-41e4-b3fc-bceb30d607e5,2026-09-18 06:09:35
137b8ea4-68ae-4384-8e48-d7571dd3e8c7,11,node_completed,implement,b309fb9c-493c-4893-81ba-7248bcde4d30,2026-09-18 06:09:43
137b8ea4-68ae-4384-8e48-d7571dd3e8c7,16,execution_admitted,qa,470bc384-92dc-4a27-8417-f759062451c2,2026-09-18 06:09:44
b5cf7875-c661-449f-84cb-16dcde4e3997,187,unlaunched_admission_rolled_back,implement,5fa1243d-0a7a-4f86-9fd6-44406326bced,2026-09-18 06:12:20
1fde72e3-0379-4a79-8f6d-f001fe84b63f,10,writer_replacement,implement,2ab6bb28-a99a-4ca9-95e9-bc10a3f0443f,2026-09-18 06:14:07
1fde72e3-0379-4a79-8f6d-f001fe84b63f,11,resume_target_unrecoverable,implement,,2026-09-18 06:14:07
1fde72e3-0379-4a79-8f6d-f001fe84b63f,12,execution_dead_rolled_back,implement,5458eb7c-e38b-46b5-95c4-2a5d5aa9c496,2026-09-18 06:14:07
1fde72e3-0379-4a79-8f6d-f001fe84b63f,14,execution_admitted,implement,2ab6bb28-a99a-4ca9-95e9-bc10a3f0443f,2026-09-18 06:14:07
6f9daeec-8ab2-40cd-b492-17b386f3e5ad,283,node_completed,implement,f6274caf-1bb9-43b2-b8d9-74dd5014854b,2026-09-18 06:19:07
6f9daeec-8ab2-40cd-b492-17b386f3e5ad,291,execution_admitted,qa,ef3015a7-5f1e-4134-ab13-3d3697177805,2026-09-18 06:19:07
932e6b08-ae81-4b1b-b0f7-2488da22913f,21,unlaunched_admission_rolled_back,implement,9255e3a6-0733-41e4-b3fc-bceb30d607e5,2026-09-18 06:19:41
1fde72e3-0379-4a79-8f6d-f001fe84b63f,21,unlaunched_admission_rolled_back,implement,2ab6bb28-a99a-4ca9-95e9-bc10a3f0443f,2026-09-18 06:24:13
6f9daeec-8ab2-40cd-b492-17b386f3e5ad,299,node_completed,qa,ef3015a7-5f1e-4134-ab13-3d3697177805,2026-09-18 06:24:52
6f9daeec-8ab2-40cd-b492-17b386f3e5ad,307,execution_admitted,implement,f6274caf-1bb9-43b2-b8d9-74dd5014854b,2026-09-18 06:24:53
137b8ea4-68ae-4384-8e48-d7571dd3e8c7,22,node_completed,qa,470bc384-92dc-4a27-8417-f759062451c2,2026-09-18 06:29:04
137b8ea4-68ae-4384-8e48-d7571dd3e8c7,29,execution_admitted,implement,b309fb9c-493c-4893-81ba-7248bcde4d30,2026-09-18 06:29:06
9b4fe698-d3b3-43b7-820d-beb3ce3e948a,127,node_completed,founder_gate,e5888c98-5073-4c27-8d47-b64d358dec82,2026-09-18 06:31:00
8ac2f0be-5754-4c55-a05d-2c389ba56b54,96,node_completed,founder_gate,17d55d2c-a126-44b4-a9f4-4c09a44a1ff9,2026-09-18 06:31:00
f426b8bc-b7aa-4202-9db9-ded05db69e13,10,node_completed,implement,286a1527-4b51-46ec-b4f3-9279d5fecdfa,2026-09-18 06:42:13
f426b8bc-b7aa-4202-9db9-ded05db69e13,15,execution_admitted,qa,1aa872fe-73c8-4073-80b6-297ecdedb462,2026-09-18 06:42:28
b5cf7875-c661-449f-84cb-16dcde4e3997,191,run_terminated_by_operator,,,2026-09-18 06:43:44
1fde72e3-0379-4a79-8f6d-f001fe84b63f,24,run_terminated_by_operator,,,2026-09-18 06:43:45
932e6b08-ae81-4b1b-b0f7-2488da22913f,24,run_terminated_by_operator,,,2026-09-18 06:43:45
48978a54-29c5-44b4-89d6-0f4c858925a8,3,execution_admitted,implement,892c5e36-46d0-4cae-a424-5e8a163fa898,2026-09-18 06:43:52
6f9daeec-8ab2-40cd-b492-17b386f3e5ad,322,execution_dead_rolled_back,implement,f6274caf-1bb9-43b2-b8d9-74dd5014854b,2026-09-18 06:45:31
6f9daeec-8ab2-40cd-b492-17b386f3e5ad,326,execution_admitted,implement,7a2ef123-f948-4ab1-a062-3745a356b44c,2026-09-18 06:45:41
91d4dd0a-85f2-4366-9cbb-3bbf3ea403de,39,writer_replacement,implement,cda4eadc-514b-419b-a760-6cce8371c2de,2026-09-18 06:47:27
91d4dd0a-85f2-4366-9cbb-3bbf3ea403de,40,resume_target_unrecoverable,implement,,2026-09-18 06:47:27
91d4dd0a-85f2-4366-9cbb-3bbf3ea403de,41,execution_dead_rolled_back,implement,65f86cca-b3f7-4cbd-a9c2-2a16b2c8ebdd,2026-09-18 06:47:27
91d4dd0a-85f2-4366-9cbb-3bbf3ea403de,42,repeated_dead_execution_pattern,implement,65f86cca-b3f7-4cbd-a9c2-2a16b2c8ebdd,2026-09-18 06:47:27
91d4dd0a-85f2-4366-9cbb-3bbf3ea403de,44,execution_admitted,implement,cda4eadc-514b-419b-a760-6cce8371c2de,2026-09-18 06:47:31
9a9c1584-23cc-4813-bb04-90f74ee112b1,3,execution_admitted,implement,42a93b0b-0cc1-447f-89af-39feecd610be,2026-09-18 06:48:16
c1126f2a-15ac-4882-83e5-1edec5a51eea,3,execution_admitted,implement,bad152d9-b932-4c81-a063-6c66ee8e0187,2026-09-18 06:49:13
6f9daeec-8ab2-40cd-b492-17b386f3e5ad,333,unlaunched_admission_rolled_back,implement,7a2ef123-f948-4ab1-a062-3745a356b44c,2026-09-18 06:55:44
f426b8bc-b7aa-4202-9db9-ded05db69e13,22,node_completed,qa,1aa872fe-73c8-4073-80b6-297ecdedb462,2026-09-18 06:56:46
f426b8bc-b7aa-4202-9db9-ded05db69e13,25,gate_opened,founder_gate,,2026-09-18 06:56:46
5fe45c92-4cc1-40ff-b0e3-85978d0e484a,11,node_completed,eng_design,8ca42b23-e25c-497e-b623-deaef413b86e,2026-09-18 07:07:20
5fe45c92-4cc1-40ff-b0e3-85978d0e484a,16,execution_admitted,implement,f4272216-99dc-4ea9-8432-2a405c987b2a,2026-09-18 07:08:09
f426b8bc-b7aa-4202-9db9-ded05db69e13,31,node_completed,founder_gate,1aa872fe-73c8-4073-80b6-297ecdedb462,2026-09-18 07:11:53
8fa62c6a-63aa-499a-911a-41b6e4b3ab8b,13,writer_replacement,implement,87c83ac5-4e0e-42ac-a42a-e02c04acd2d3,2026-09-18 07:13:30
8fa62c6a-63aa-499a-911a-41b6e4b3ab8b,14,resume_target_unrecoverable,implement,,2026-09-18 07:13:30
8fa62c6a-63aa-499a-911a-41b6e4b3ab8b,15,execution_dead_rolled_back,implement,46fd3551-4dc5-4533-9702-14ddc64cec87,2026-09-18 07:13:30
8fa62c6a-63aa-499a-911a-41b6e4b3ab8b,17,execution_admitted,implement,87c83ac5-4e0e-42ac-a42a-e02c04acd2d3,2026-09-18 07:13:38
9a9c1584-23cc-4813-bb04-90f74ee112b1,13,writer_replacement,implement,3fcc8fab-ccd5-4cf1-99b1-8310d3d222d5,2026-09-18 07:18:39
9a9c1584-23cc-4813-bb04-90f74ee112b1,14,resume_target_unrecoverable,implement,,2026-09-18 07:18:39
9a9c1584-23cc-4813-bb04-90f74ee112b1,15,execution_dead_rolled_back,implement,42a93b0b-0cc1-447f-89af-39feecd610be,2026-09-18 07:18:39
16a5f2d3-654e-4596-a822-d9829ec7e0e1,13,writer_replacement,implement,bd940246-9628-473c-9fd9-570d3a2748a4,2026-09-18 07:18:39
16a5f2d3-654e-4596-a822-d9829ec7e0e1,14,resume_target_unrecoverable,implement,,2026-09-18 07:18:39
16a5f2d3-654e-4596-a822-d9829ec7e0e1,15,execution_dead_rolled_back,implement,87b554b8-f83b-44c5-8f7d-bf560202e82f,2026-09-18 07:18:39
c1126f2a-15ac-4882-83e5-1edec5a51eea,13,writer_replacement,implement,aac0a4ef-b44d-41d2-9c67-4e3ff597ad5c,2026-09-18 07:18:39
c1126f2a-15ac-4882-83e5-1edec5a51eea,14,resume_target_unrecoverable,implement,,2026-09-18 07:18:39
c1126f2a-15ac-4882-83e5-1edec5a51eea,15,execution_dead_rolled_back,implement,bad152d9-b932-4c81-a063-6c66ee8e0187,2026-09-18 07:18:39
9a9c1584-23cc-4813-bb04-90f74ee112b1,17,execution_admitted,implement,3fcc8fab-ccd5-4cf1-99b1-8310d3d222d5,2026-09-18 07:18:45
16a5f2d3-654e-4596-a822-d9829ec7e0e1,17,execution_admitted,implement,bd940246-9628-473c-9fd9-570d3a2748a4,2026-09-18 07:19:46
c1126f2a-15ac-4882-83e5-1edec5a51eea,17,execution_admitted,implement,aac0a4ef-b44d-41d2-9c67-4e3ff597ad5c,2026-09-18 07:20:44
d4e0de1f-8d3d-45ca-8426-574befa44aa7,12,writer_replacement,implement,14ddd5a9-8090-416a-92f1-7202f5257fb6,2026-09-18 07:23:36
d4e0de1f-8d3d-45ca-8426-574befa44aa7,13,resume_target_unrecoverable,implement,,2026-09-18 07:23:36
d4e0de1f-8d3d-45ca-8426-574befa44aa7,14,execution_dead_rolled_back,implement,18d7e3b1-7e70-4c55-93f2-1d580f71a78a,2026-09-18 07:23:36
d4e0de1f-8d3d-45ca-8426-574befa44aa7,16,execution_admitted,implement,14ddd5a9-8090-416a-92f1-7202f5257fb6,2026-09-18 07:23:40
16a5f2d3-654e-4596-a822-d9829ec7e0e1,21,node_completed,implement,bd940246-9628-473c-9fd9-570d3a2748a4,2026-09-18 07:28:35
16a5f2d3-654e-4596-a822-d9829ec7e0e1,26,execution_admitted,qa,db150348-2eac-4501-8efe-027391b51e2b,2026-09-18 07:28:43
9a9c1584-23cc-4813-bb04-90f74ee112b1,22,node_completed,implement,3fcc8fab-ccd5-4cf1-99b1-8310d3d222d5,2026-09-18 07:31:26
9a9c1584-23cc-4813-bb04-90f74ee112b1,27,execution_admitted,qa,4387b01f-5656-4d4e-9e40-87c94336aef6,2026-09-18 07:31:32
d4e0de1f-8d3d-45ca-8426-574befa44aa7,21,node_completed,implement,14ddd5a9-8090-416a-92f1-7202f5257fb6,2026-09-18 07:34:33
d4e0de1f-8d3d-45ca-8426-574befa44aa7,26,execution_admitted,qa,5234fa1c-cba7-46c3-8ed9-049f391ce72a,2026-09-18 07:34:41
16a5f2d3-654e-4596-a822-d9829ec7e0e1,34,node_completed,qa,db150348-2eac-4501-8efe-027391b51e2b,2026-09-18 07:44:35
16a5f2d3-654e-4596-a822-d9829ec7e0e1,37,gate_opened,founder_gate,,2026-09-18 07:44:35
8bc20a0d-345f-431a-b686-eeb058d4dd6e,200,node_completed,implement,c14f61dc-e8cb-4a08-9d9d-554ed58740c2,2026-09-18 07:46:24
8bc20a0d-345f-431a-b686-eeb058d4dd6e,208,execution_admitted,qa,33b0dfec-fc84-4a02-9cb0-8475d3b85e01,2026-09-18 07:46:25
fa725571-5d90-47ed-9ea2-f6d99ee23f82,188,node_completed,implement,104a604c-2ac1-40f3-94b1-f78f7be924ef,2026-09-18 07:47:30
caeba1cb-cfd7-427b-ab3b-78293cd493a3,12,node_completed,implement,032b2026-c208-4b44-83aa-97d13250aae5,2026-09-18 07:47:30
fa725571-5d90-47ed-9ea2-f6d99ee23f82,196,execution_admitted,qa,ac97f760-0d07-4351-b721-90cb347ea9e4,2026-09-18 07:47:36
caeba1cb-cfd7-427b-ab3b-78293cd493a3,17,execution_admitted,qa,8830a05f-403a-4c37-aa80-947f0ecfe950,2026-09-18 07:47:40
d4e0de1f-8d3d-45ca-8426-574befa44aa7,32,node_completed,qa,5234fa1c-cba7-46c3-8ed9-049f391ce72a,2026-09-18 07:51:32
d4e0de1f-8d3d-45ca-8426-574befa44aa7,39,execution_admitted,implement,14ddd5a9-8090-416a-92f1-7202f5257fb6,2026-09-18 07:51:36
9a9c1584-23cc-4813-bb04-90f74ee112b1,35,node_completed,qa,4387b01f-5656-4d4e-9e40-87c94336aef6,2026-09-18 07:54:15
9a9c1584-23cc-4813-bb04-90f74ee112b1,38,gate_opened,founder_gate,,2026-09-18 07:54:15
43614e3d-22cb-44e3-b835-05c2d81dca9a,13,writer_replacement,implement,684c944f-f2a0-41a4-95f3-3ac06adb9ec0,2026-09-18 08:08:28
43614e3d-22cb-44e3-b835-05c2d81dca9a,14,resume_target_unrecoverable,implement,,2026-09-18 08:08:28
43614e3d-22cb-44e3-b835-05c2d81dca9a,15,execution_dead_rolled_back,implement,8885f2b0-87b1-4283-9897-984309d96787,2026-09-18 08:08:28
43614e3d-22cb-44e3-b835-05c2d81dca9a,17,execution_admitted,implement,684c944f-f2a0-41a4-95f3-3ac06adb9ec0,2026-09-18 08:08:30
137b8ea4-68ae-4384-8e48-d7571dd3e8c7,73,execution_dead_rolled_back,implement,b309fb9c-493c-4893-81ba-7248bcde4d30,2026-09-18 08:14:04
137b8ea4-68ae-4384-8e48-d7571dd3e8c7,77,execution_admitted,implement,4c7af728-d618-4d03-a4ff-3c54f405f526,2026-09-18 08:14:06
137b8ea4-68ae-4384-8e48-d7571dd3e8c7,82,rework_replacement_launched,implement,4c7af728-d618-4d03-a4ff-3c54f405f526,2026-09-18 08:15:05
48978a54-29c5-44b4-89d6-0f4c858925a8,13,writer_replacement,implement,a45db142-3b6b-4690-baa5-3e55803201c0,2026-09-18 08:18:31
48978a54-29c5-44b4-89d6-0f4c858925a8,14,resume_target_unrecoverable,implement,,2026-09-18 08:18:31
48978a54-29c5-44b4-89d6-0f4c858925a8,15,execution_dead_rolled_back,implement,892c5e36-46d0-4cae-a424-5e8a163fa898,2026-09-18 08:18:31
43614e3d-22cb-44e3-b835-05c2d81dca9a,24,unlaunched_admission_rolled_back,implement,684c944f-f2a0-41a4-95f3-3ac06adb9ec0,2026-09-18 08:18:31
48978a54-29c5-44b4-89d6-0f4c858925a8,17,execution_admitted,implement,a45db142-3b6b-4690-baa5-3e55803201c0,2026-09-18 08:18:34
8fa62c6a-63aa-499a-911a-41b6e4b3ab8b,21,node_completed,implement,87c83ac5-4e0e-42ac-a42a-e02c04acd2d3,2026-09-18 08:39:30
8fa62c6a-63aa-499a-911a-41b6e4b3ab8b,26,execution_admitted,qa,ae8e78b3-8e59-444e-83bd-f003e2b2608f,2026-09-18 08:39:34
f426b8bc-b7aa-4202-9db9-ded05db69e13,48,run_completed,land,89080571-3056-41d1-9d40-d91c7eeabf5c,2026-09-18 08:53:03
d4e0de1f-8d3d-45ca-8426-574befa44aa7,66,node_completed,implement,14ddd5a9-8090-416a-92f1-7202f5257fb6,2026-09-18 08:53:32
d4e0de1f-8d3d-45ca-8426-574befa44aa7,74,execution_admitted,qa,5234fa1c-cba7-46c3-8ed9-049f391ce72a,2026-09-18 08:53:33
d4e0de1f-8d3d-45ca-8426-574befa44aa7,85,node_completed,qa,5234fa1c-cba7-46c3-8ed9-049f391ce72a,2026-09-18 09:03:17
d4e0de1f-8d3d-45ca-8426-574befa44aa7,87,gate_opened,founder_gate,,2026-09-18 09:03:17
8fa62c6a-63aa-499a-911a-41b6e4b3ab8b,32,node_completed,qa,ae8e78b3-8e59-444e-83bd-f003e2b2608f,2026-09-18 09:08:41
8fa62c6a-63aa-499a-911a-41b6e4b3ab8b,39,execution_admitted,implement,87c83ac5-4e0e-42ac-a42a-e02c04acd2d3,2026-09-18 09:08:42
137b8ea4-68ae-4384-8e48-d7571dd3e8c7,100,node_completed,implement,4c7af728-d618-4d03-a4ff-3c54f405f526,2026-09-18 09:09:01
137b8ea4-68ae-4384-8e48-d7571dd3e8c7,108,execution_admitted,qa,470bc384-92dc-4a27-8417-f759062451c2,2026-09-18 09:09:02
137b8ea4-68ae-4384-8e48-d7571dd3e8c7,119,node_completed,qa,470bc384-92dc-4a27-8417-f759062451c2,2026-09-18 09:18:43
137b8ea4-68ae-4384-8e48-d7571dd3e8c7,122,gate_opened,founder_gate,,2026-09-18 09:18:43
48978a54-29c5-44b4-89d6-0f4c858925a8,22,node_completed,implement,a45db142-3b6b-4690-baa5-3e55803201c0,2026-09-18 09:38:13
48978a54-29c5-44b4-89d6-0f4c858925a8,27,execution_admitted,qa,62b719ac-f44c-4077-af3b-7a80d188e993,2026-09-18 09:38:14
3d553a29-40f4-4a92-974b-f0a9b565d30e,3,execution_admitted,implement,9f1c4235-5e62-4837-8e73-5f581a7f2418,2026-09-18 09:45:13
48978a54-29c5-44b4-89d6-0f4c858925a8,36,node_completed,qa,62b719ac-f44c-4077-af3b-7a80d188e993,2026-09-18 09:47:16
48978a54-29c5-44b4-89d6-0f4c858925a8,39,gate_opened,founder_gate,,2026-09-18 09:47:16
8fa62c6a-63aa-499a-911a-41b6e4b3ab8b,79,execution_dead_rolled_back,implement,87c83ac5-4e0e-42ac-a42a-e02c04acd2d3,2026-09-18 10:19:15
8fa62c6a-63aa-499a-911a-41b6e4b3ab8b,85,execution_admitted,implement,e70f08b1-c461-4369-96e8-fc5a17280906,2026-09-18 10:19:15
8fa62c6a-63aa-499a-911a-41b6e4b3ab8b,91,rework_replacement_launched,implement,e70f08b1-c461-4369-96e8-fc5a17280906,2026-09-18 10:20:15
8fa62c6a-63aa-499a-911a-41b6e4b3ab8b,92,node_completed,implement,e70f08b1-c461-4369-96e8-fc5a17280906,2026-09-18 10:21:49
8fa62c6a-63aa-499a-911a-41b6e4b3ab8b,100,execution_admitted,qa,ae8e78b3-8e59-444e-83bd-f003e2b2608f,2026-09-18 10:21:50
8fa62c6a-63aa-499a-911a-41b6e4b3ab8b,113,node_completed,qa,ae8e78b3-8e59-444e-83bd-f003e2b2608f,2026-09-18 10:41:23
8fa62c6a-63aa-499a-911a-41b6e4b3ab8b,121,execution_admitted,implement,e70f08b1-c461-4369-96e8-fc5a17280906,2026-09-18 10:41:23
3d553a29-40f4-4a92-974b-f0a9b565d30e,9,node_completed,implement,9f1c4235-5e62-4837-8e73-5f581a7f2418,2026-09-18 10:50:01
3d553a29-40f4-4a92-974b-f0a9b565d30e,14,execution_admitted,qa,f11dd4ff-b8c0-40a0-8cca-74780852a504,2026-09-18 10:50:02
3d553a29-40f4-4a92-974b-f0a9b565d30e,22,node_completed,qa,f11dd4ff-b8c0-40a0-8cca-74780852a504,2026-09-18 11:03:36
3d553a29-40f4-4a92-974b-f0a9b565d30e,25,gate_opened,founder_gate,,2026-09-18 11:03:36
8fa62c6a-63aa-499a-911a-41b6e4b3ab8b,149,node_completed,implement,e70f08b1-c461-4369-96e8-fc5a17280906,2026-09-18 11:38:28
8fa62c6a-63aa-499a-911a-41b6e4b3ab8b,157,execution_admitted,qa,ae8e78b3-8e59-444e-83bd-f003e2b2608f,2026-09-18 11:38:28
8fa62c6a-63aa-499a-911a-41b6e4b3ab8b,167,node_completed,qa,ae8e78b3-8e59-444e-83bd-f003e2b2608f,2026-09-18 11:50:20
8fa62c6a-63aa-499a-911a-41b6e4b3ab8b,175,execution_admitted,implement,e70f08b1-c461-4369-96e8-fc5a17280906,2026-09-18 11:50:20
c1126f2a-15ac-4882-83e5-1edec5a51eea,29,writer_replacement,implement,c20aaba2-3eb2-4c7e-8577-da7c7110b23e,2026-09-18 11:50:59
c1126f2a-15ac-4882-83e5-1edec5a51eea,30,resume_target_unrecoverable,implement,,2026-09-18 11:50:59
c1126f2a-15ac-4882-83e5-1edec5a51eea,31,execution_dead_rolled_back,implement,aac0a4ef-b44d-41d2-9c67-4e3ff597ad5c,2026-09-18 11:50:59
c1126f2a-15ac-4882-83e5-1edec5a51eea,32,repeated_dead_execution_pattern,implement,aac0a4ef-b44d-41d2-9c67-4e3ff597ad5c,2026-09-18 11:50:59
c1126f2a-15ac-4882-83e5-1edec5a51eea,34,execution_admitted,implement,c20aaba2-3eb2-4c7e-8577-da7c7110b23e,2026-09-18 11:50:59
8fa62c6a-63aa-499a-911a-41b6e4b3ab8b,189,execution_dead_rolled_back,implement,e70f08b1-c461-4369-96e8-fc5a17280906,2026-09-18 12:05:52
8fa62c6a-63aa-499a-911a-41b6e4b3ab8b,195,execution_admitted,implement,4ac00f3d-43b6-4325-9478-6ba8374c455a,2026-09-18 12:05:52
8fa62c6a-63aa-499a-911a-41b6e4b3ab8b,202,unlaunched_admission_rolled_back,implement,4ac00f3d-43b6-4325-9478-6ba8374c455a,2026-09-18 12:15:52
5fe45c92-4cc1-40ff-b0e3-85978d0e484a,25,node_completed,implement,f4272216-99dc-4ea9-8432-2a405c987b2a,2026-09-18 12:35:50
5fe45c92-4cc1-40ff-b0e3-85978d0e484a,30,execution_admitted,qa,e2080506-f6a6-413b-8b7d-82c51d1de118,2026-09-18 12:35:50
5fe45c92-4cc1-40ff-b0e3-85978d0e484a,38,node_completed,qa,e2080506-f6a6-413b-8b7d-82c51d1de118,2026-09-18 12:54:45
5fe45c92-4cc1-40ff-b0e3-85978d0e484a,41,gate_opened,founder_gate,,2026-09-18 12:54:45
3d553a29-40f4-4a92-974b-f0a9b565d30e,29,node_completed,founder_gate,f11dd4ff-b8c0-40a0-8cca-74780852a504,2026-09-18 16:21:28
d4e0de1f-8d3d-45ca-8426-574befa44aa7,94,node_completed,founder_gate,5234fa1c-cba7-46c3-8ed9-049f391ce72a,2026-09-18 16:23:58
16a5f2d3-654e-4596-a822-d9829ec7e0e1,43,node_completed,founder_gate,db150348-2eac-4501-8efe-027391b51e2b,2026-09-18 16:25:13
caeba1cb-cfd7-427b-ab3b-78293cd493a3,30,node_completed,qa,8830a05f-403a-4c37-aa80-947f0ecfe950,2026-09-18 16:25:44
caeba1cb-cfd7-427b-ab3b-78293cd493a3,32,gate_opened,founder_gate,,2026-09-18 16:25:44
48978a54-29c5-44b4-89d6-0f4c858925a8,45,node_completed,founder_gate,62b719ac-f44c-4077-af3b-7a80d188e993,2026-09-18 16:26:34
137b8ea4-68ae-4384-8e48-d7571dd3e8c7,135,node_completed,founder_gate,470bc384-92dc-4a27-8417-f759062451c2,2026-09-18 16:27:54
3d553a29-40f4-4a92-974b-f0a9b565d30e,37,run_completed,land,11f03274-2414-4e8f-b9f4-5e263453c7b5,2026-09-18 16:31:43
5fe45c92-4cc1-40ff-b0e3-85978d0e484a,51,execution_dead_rolled_back,implement,f4272216-99dc-4ea9-8432-2a405c987b2a,2026-09-18 16:31:45
7d76b428-4b84-422a-a7fa-62b73f4f2b93,58,run_terminated_by_operator,,,2026-09-18 16:32:15
6f9daeec-8ab2-40cd-b492-17b386f3e5ad,340,run_terminated_by_operator,,,2026-09-18 16:32:15
43614e3d-22cb-44e3-b835-05c2d81dca9a,27,run_terminated_by_operator,,,2026-09-18 16:32:16
8fa62c6a-63aa-499a-911a-41b6e4b3ab8b,205,run_terminated_by_operator,,,2026-09-18 16:32:16
fa725571-5d90-47ed-9ea2-f6d99ee23f82,381,node_completed,qa,ac97f760-0d07-4351-b721-90cb347ea9e4,2026-09-18 16:32:28
fa725571-5d90-47ed-9ea2-f6d99ee23f82,383,gate_opened,founder_gate,,2026-09-18 16:32:28
27ca0f42-a513-4531-bf61-5123fe7fa610,4,execution_admitted,eng_design,d9fb0d9a-6815-4b74-8cdc-d959fc08a493,2026-09-18 16:32:50
5fe45c92-4cc1-40ff-b0e3-85978d0e484a,55,execution_admitted,implement,cb2f59e3-1bc6-489a-b7bb-de72c998648a,2026-09-18 16:32:59
19f65593-cb7e-40cd-aa12-5158532475ce,4,execution_admitted,eng_design,29871354-a261-4af5-9f63-cdbf0c59372e,2026-09-18 16:36:01
3e26508b-51b8-41b1-b11c-9a805ee715af,3,execution_admitted,implement,bd79d136-2e0d-448d-b0cc-b720ca94560d,2026-09-18 16:37:14
5fe45c92-4cc1-40ff-b0e3-85978d0e484a,61,rework_replacement_launched,implement,cb2f59e3-1bc6-489a-b7bb-de72c998648a,2026-09-18 16:38:01
16a5f2d3-654e-4596-a822-d9829ec7e0e1,52,run_completed,land,baf79d2e-34c2-41a2-94ab-49dbeb339744,2026-09-18 16:38:17
137b8ea4-68ae-4384-8e48-d7571dd3e8c7,143,run_completed,land,8802e51c-dbab-4d9c-82a8-9065bcd597cd,2026-09-18 16:38:17
f03a0125-21c8-4c8d-9048-32f4271dcc68,3,execution_admitted,implement,43ecb555-a7ab-49bf-a64e-8883d8a42e98,2026-09-18 16:38:32
ad663cc9-0302-416c-8774-132eab294859,4,execution_admitted,eng_design,251786df-19a7-4fba-bcd4-10fa649c6689,2026-09-18 16:40:02
9a9c1584-23cc-4813-bb04-90f74ee112b1,50,execution_dead_rolled_back,implement,3fcc8fab-ccd5-4cf1-99b1-8310d3d222d5,2026-09-18 16:41:16
9a9c1584-23cc-4813-bb04-90f74ee112b1,54,execution_admitted,implement,7dc3325a-e1b6-479a-b68d-26cf4e01f6f0,2026-09-18 16:41:16
9a9c1584-23cc-4813-bb04-90f74ee112b1,60,rework_replacement_launched,implement,7dc3325a-e1b6-479a-b68d-26cf4e01f6f0,2026-09-18 16:42:26
fa725571-5d90-47ed-9ea2-f6d99ee23f82,387,node_completed,founder_gate,ac97f760-0d07-4351-b721-90cb347ea9e4,2026-09-18 16:47:38
19f65593-cb7e-40cd-aa12-5158532475ce,10,node_completed,eng_design,29871354-a261-4af5-9f63-cdbf0c59372e,2026-09-18 17:00:05
19f65593-cb7e-40cd-aa12-5158532475ce,15,execution_admitted,implement,2e922928-2f5c-41a9-881d-9d4101761c65,2026-09-18 17:00:06
ad663cc9-0302-416c-8774-132eab294859,12,writer_replacement,eng_design,740b8167-9692-4d0b-a6bb-3c5bb95d00d5,2026-09-18 17:01:20
ad663cc9-0302-416c-8774-132eab294859,13,resume_target_unrecoverable,eng_design,,2026-09-18 17:01:20
ad663cc9-0302-416c-8774-132eab294859,14,execution_dead_rolled_back,eng_design,251786df-19a7-4fba-bcd4-10fa649c6689,2026-09-18 17:01:20
ad663cc9-0302-416c-8774-132eab294859,16,execution_admitted,eng_design,740b8167-9692-4d0b-a6bb-3c5bb95d00d5,2026-09-18 17:01:20
fa725571-5d90-47ed-9ea2-f6d99ee23f82,397,run_completed,land,55bcc221-9444-4cd1-9d35-de85ed2353f4,2026-09-18 17:03:48
d4e0de1f-8d3d-45ca-8426-574befa44aa7,106,run_completed,land,7d951c80-a75b-4c8f-a5d2-a3d97dee9ec6,2026-09-18 17:04:20
27ca0f42-a513-4531-bf61-5123fe7fa610,10,node_completed,eng_design,d9fb0d9a-6815-4b74-8cdc-d959fc08a493,2026-09-18 17:04:36
27ca0f42-a513-4531-bf61-5123fe7fa610,15,execution_admitted,implement,0292037a-7cb6-4e34-9f95-a9d936358828,2026-09-18 17:04:37
ad663cc9-0302-416c-8774-132eab294859,23,unlaunched_admission_rolled_back,eng_design,740b8167-9692-4d0b-a6bb-3c5bb95d00d5,2026-09-18 17:11:20
91d4dd0a-85f2-4366-9cbb-3bbf3ea403de,57,run_terminated_by_operator,,,2026-09-18 17:11:52
4a3e8759-7e53-434d-a64c-d108d5dd318c,4,execution_admitted,eng_design,a103f146-ca92-4bf2-ae4d-964152d08057,2026-09-18 17:11:55
ad663cc9-0302-416c-8774-132eab294859,26,run_terminated_by_operator,,,2026-09-18 17:12:35
95ae2692-a390-4a53-807f-9cd232cf8c90,4,execution_admitted,eng_design,b3159b98-3a05-44f2-84dc-cb7a24b92b7c,2026-09-18 17:12:38
3e26508b-51b8-41b1-b11c-9a805ee715af,15,node_completed,implement,bd79d136-2e0d-448d-b0cc-b720ca94560d,2026-09-18 17:16:26
3e26508b-51b8-41b1-b11c-9a805ee715af,20,execution_admitted,qa,84bdaaba-798f-4aea-a58e-6c79eebfe69a,2026-09-18 17:16:26
4a3e8759-7e53-434d-a64c-d108d5dd318c,12,node_completed,eng_design,a103f146-ca92-4bf2-ae4d-964152d08057,2026-09-18 17:17:20
4a3e8759-7e53-434d-a64c-d108d5dd318c,17,execution_admitted,implement,d071659d-9740-4da0-97fd-b2fb0413284e,2026-09-18 17:17:23
caeba1cb-cfd7-427b-ab3b-78293cd493a3,35,node_completed,founder_gate,8830a05f-403a-4c37-aa80-947f0ecfe950,2026-09-18 17:19:38
3e26508b-51b8-41b1-b11c-9a805ee715af,27,node_completed,qa,84bdaaba-798f-4aea-a58e-6c79eebfe69a,2026-09-18 17:32:54
3e26508b-51b8-41b1-b11c-9a805ee715af,34,execution_admitted,implement,bd79d136-2e0d-448d-b0cc-b720ca94560d,2026-09-18 17:32:56
95ae2692-a390-4a53-807f-9cd232cf8c90,13,node_completed,eng_design,b3159b98-3a05-44f2-84dc-cb7a24b92b7c,2026-09-18 17:49:33
95ae2692-a390-4a53-807f-9cd232cf8c90,18,execution_admitted,implement,aee17e78-56a5-4c57-a947-98ad4539a29b,2026-09-18 17:49:34
5fe45c92-4cc1-40ff-b0e3-85978d0e484a,100,writer_replacement,implement,9912cf88-77fa-4964-9cd0-9e2645cf541e,2026-09-18 18:26:00
5fe45c92-4cc1-40ff-b0e3-85978d0e484a,101,resume_target_unrecoverable,implement,,2026-09-18 18:26:00
5fe45c92-4cc1-40ff-b0e3-85978d0e484a,102,execution_dead_rolled_back,implement,cb2f59e3-1bc6-489a-b7bb-de72c998648a,2026-09-18 18:26:00
5fe45c92-4cc1-40ff-b0e3-85978d0e484a,103,repeated_dead_execution_pattern,implement,cb2f59e3-1bc6-489a-b7bb-de72c998648a,2026-09-18 18:26:00
27ca0f42-a513-4531-bf61-5123fe7fa610,24,writer_replacement,implement,3d5bb1e3-5d07-496e-8be8-67293c0cb6c2,2026-09-18 18:26:17
27ca0f42-a513-4531-bf61-5123fe7fa610,25,resume_target_unrecoverable,implement,,2026-09-18 18:26:17
27ca0f42-a513-4531-bf61-5123fe7fa610,26,execution_dead_rolled_back,implement,0292037a-7cb6-4e34-9f95-a9d936358828,2026-09-18 18:26:17
27ca0f42-a513-4531-bf61-5123fe7fa610,28,execution_admitted,implement,3d5bb1e3-5d07-496e-8be8-67293c0cb6c2,2026-09-18 18:26:17
3e26508b-51b8-41b1-b11c-9a805ee715af,63,execution_dead_rolled_back,implement,bd79d136-2e0d-448d-b0cc-b720ca94560d,2026-09-18 18:27:23
3e26508b-51b8-41b1-b11c-9a805ee715af,69,execution_admitted,implement,bb229987-0c7c-4066-8f31-809e73661f1c,2026-09-18 18:27:23
3e26508b-51b8-41b1-b11c-9a805ee715af,75,rework_replacement_launched,implement,bb229987-0c7c-4066-8f31-809e73661f1c,2026-09-18 18:28:13
5fe45c92-4cc1-40ff-b0e3-85978d0e484a,107,execution_admitted,implement,9912cf88-77fa-4964-9cd0-9e2645cf541e,2026-09-18 18:28:14
5fe45c92-4cc1-40ff-b0e3-85978d0e484a,112,rework_replacement_launched,implement,9912cf88-77fa-4964-9cd0-9e2645cf541e,2026-09-18 18:29:04
9a9c1584-23cc-4813-bb04-90f74ee112b1,101,writer_replacement,implement,ca503c82-d3e3-4abd-a374-41dbd0e87896,2026-09-18 18:29:08
9a9c1584-23cc-4813-bb04-90f74ee112b1,102,resume_target_unrecoverable,implement,,2026-09-18 18:29:08
9a9c1584-23cc-4813-bb04-90f74ee112b1,103,execution_dead_rolled_back,implement,7dc3325a-e1b6-479a-b68d-26cf4e01f6f0,2026-09-18 18:29:08
9a9c1584-23cc-4813-bb04-90f74ee112b1,104,repeated_dead_execution_pattern,implement,7dc3325a-e1b6-479a-b68d-26cf4e01f6f0,2026-09-18 18:29:08
9a9c1584-23cc-4813-bb04-90f74ee112b1,108,execution_admitted,implement,ca503c82-d3e3-4abd-a374-41dbd0e87896,2026-09-18 18:30:04
9a9c1584-23cc-4813-bb04-90f74ee112b1,113,rework_replacement_launched,implement,ca503c82-d3e3-4abd-a374-41dbd0e87896,2026-09-18 18:31:13
95ae2692-a390-4a53-807f-9cd232cf8c90,28,writer_replacement,implement,c2000125-0e9c-4329-84cb-34b8be7b8dac,2026-09-18 19:33:30
95ae2692-a390-4a53-807f-9cd232cf8c90,29,resume_target_unrecoverable,implement,,2026-09-18 19:33:30
95ae2692-a390-4a53-807f-9cd232cf8c90,30,execution_dead_rolled_back,implement,aee17e78-56a5-4c57-a947-98ad4539a29b,2026-09-18 19:33:30
95ae2692-a390-4a53-807f-9cd232cf8c90,32,execution_admitted,implement,c2000125-0e9c-4329-84cb-34b8be7b8dac,2026-09-18 19:33:31
f03a0125-21c8-4c8d-9048-32f4271dcc68,27,run_terminated_by_operator,,,2026-09-18 19:35:53
782112c4-baf8-456c-b04d-5706065c977d,3,execution_admitted,implement,415ddc57-6085-44c6-a896-d636d8b862bb,2026-09-18 19:35:56
95ae2692-a390-4a53-807f-9cd232cf8c90,36,run_terminated_by_operator,,,2026-09-18 19:37:36
e6425b67-1afd-4309-bf55-74e0a913ccb4,3,execution_admitted,implement,67cf0df6-1885-407f-80b1-ffc603d71eb9,2026-09-18 19:37:41
6cfc4303-fc28-4e30-842a-565b76ad7a60,3,execution_admitted,implement,ed07bf5a-047d-4cf8-86dd-230d8b4f6f54,2026-09-18 20:02:00
2698d221-8be8-4f48-a69e-d7c3dbf85cd2,3,execution_admitted,implement,b0269c51-ae1a-4d34-a808-f71027532b46,2026-09-18 20:06:10
27ca0f42-a513-4531-bf61-5123fe7fa610,35,node_completed,implement,3d5bb1e3-5d07-496e-8be8-67293c0cb6c2,2026-09-18 20:20:37
27ca0f42-a513-4531-bf61-5123fe7fa610,40,execution_admitted,qa,1c34620c-2a10-41ef-8488-c47fe9883896,2026-09-18 20:20:38
a9ae75e1-4b08-4d14-b18e-5f127cd8c481,4,execution_admitted,eng_design,d81f026e-ea32-4676-a2f3-3594e2f39d67,2026-09-18 20:26:13
9ba316c3-cd27-4e89-acb7-b2b670394757,4,execution_admitted,eng_design,82979ddc-810e-42c6-b9a4-2c681bb68375,2026-09-18 20:26:29
957c4aa0-dba5-402a-9da4-9cf52f7f4d3c,3,execution_admitted,implement,6844038d-f8c7-4dc1-b849-a3a3032cd71b,2026-09-18 20:27:40
27ca0f42-a513-4531-bf61-5123fe7fa610,48,node_completed,qa,1c34620c-2a10-41ef-8488-c47fe9883896,2026-09-18 20:31:31
27ca0f42-a513-4531-bf61-5123fe7fa610,51,gate_opened,founder_gate,,2026-09-18 20:31:31
9ba316c3-cd27-4e89-acb7-b2b670394757,12,node_completed,eng_design,82979ddc-810e-42c6-b9a4-2c681bb68375,2026-09-18 20:55:49
9ba316c3-cd27-4e89-acb7-b2b670394757,17,execution_admitted,implement,1efac16c-d35a-4fbf-ab30-da603e4f35b7,2026-09-18 20:55:50
a9ae75e1-4b08-4d14-b18e-5f127cd8c481,10,node_completed,eng_design,d81f026e-ea32-4676-a2f3-3594e2f39d67,2026-09-18 21:03:21
a9ae75e1-4b08-4d14-b18e-5f127cd8c481,15,execution_admitted,implement,a4d83a6e-6cf6-433c-b1c1-5d4755fb250b,2026-09-18 21:03:22
27ca0f42-a513-4531-bf61-5123fe7fa610,55,node_completed,founder_gate,1c34620c-2a10-41ef-8488-c47fe9883896,2026-09-18 21:06:55
4a3e8759-7e53-434d-a64c-d108d5dd318c,30,writer_replacement,implement,69b1049b-d8a2-4b20-acac-40c9f74995d7,2026-09-18 21:13:37
4a3e8759-7e53-434d-a64c-d108d5dd318c,31,resume_target_unrecoverable,implement,,2026-09-18 21:13:37
4a3e8759-7e53-434d-a64c-d108d5dd318c,32,execution_dead_rolled_back,implement,d071659d-9740-4da0-97fd-b2fb0413284e,2026-09-18 21:13:37
4a3e8759-7e53-434d-a64c-d108d5dd318c,34,execution_admitted,implement,69b1049b-d8a2-4b20-acac-40c9f74995d7,2026-09-18 21:13:38
b658aab6-e2a1-468c-813e-8908cfcef5bd,3,execution_admitted,implement,39b3c1e5-3afb-408d-bf42-5e9bf294f081,2026-09-18 21:25:06
41d8405f-8311-4fa7-8cba-21b9c57bd9d0,4,execution_admitted,eng_design,925cf1d8-b95c-46e9-9de9-455f8c2d2dbd,2026-09-18 21:29:45
19f65593-cb7e-40cd-aa12-5158532475ce,25,writer_replacement,implement,1208fb75-be31-4561-8976-ffd8cd16fce9,2026-09-18 21:50:22
19f65593-cb7e-40cd-aa12-5158532475ce,26,resume_target_unrecoverable,implement,,2026-09-18 21:50:22
19f65593-cb7e-40cd-aa12-5158532475ce,27,execution_dead_rolled_back,implement,2e922928-2f5c-41a9-881d-9d4101761c65,2026-09-18 21:50:22
3e26508b-51b8-41b1-b11c-9a805ee715af,149,writer_replacement,implement,64b9b1ab-64d1-4439-ac3d-c20357e94877,2026-09-18 21:50:22
3e26508b-51b8-41b1-b11c-9a805ee715af,150,resume_target_unrecoverable,implement,,2026-09-18 21:50:22
3e26508b-51b8-41b1-b11c-9a805ee715af,151,execution_dead_rolled_back,implement,bb229987-0c7c-4066-8f31-809e73661f1c,2026-09-18 21:50:22
3e26508b-51b8-41b1-b11c-9a805ee715af,152,repeated_dead_execution_pattern,implement,bb229987-0c7c-4066-8f31-809e73661f1c,2026-09-18 21:50:22
4a3e8759-7e53-434d-a64c-d108d5dd318c,41,writer_replacement,implement,ad90d667-6d55-4cc4-89cb-aaf7db521475,2026-09-18 21:50:22
4a3e8759-7e53-434d-a64c-d108d5dd318c,42,resume_target_unrecoverable,implement,,2026-09-18 21:50:22
4a3e8759-7e53-434d-a64c-d108d5dd318c,43,execution_dead_rolled_back,implement,69b1049b-d8a2-4b20-acac-40c9f74995d7,2026-09-18 21:50:22
4a3e8759-7e53-434d-a64c-d108d5dd318c,44,repeated_dead_execution_pattern,implement,69b1049b-d8a2-4b20-acac-40c9f74995d7,2026-09-18 21:50:22
5fe45c92-4cc1-40ff-b0e3-85978d0e484a,183,writer_replacement,implement,d9cffac5-6c83-4dd0-8294-769a77f0b317,2026-09-18 21:50:22
5fe45c92-4cc1-40ff-b0e3-85978d0e484a,184,resume_target_unrecoverable,implement,,2026-09-18 21:50:22
5fe45c92-4cc1-40ff-b0e3-85978d0e484a,185,execution_dead_rolled_back,implement,9912cf88-77fa-4964-9cd0-9e2645cf541e,2026-09-18 21:50:22
5fe45c92-4cc1-40ff-b0e3-85978d0e484a,186,repeated_dead_execution_pattern,implement,9912cf88-77fa-4964-9cd0-9e2645cf541e,2026-09-18 21:50:22
9a9c1584-23cc-4813-bb04-90f74ee112b1,182,writer_replacement,implement,a94c955e-0e04-44d4-92dc-63b91a0789c1,2026-09-18 21:50:22
9a9c1584-23cc-4813-bb04-90f74ee112b1,183,resume_target_unrecoverable,implement,,2026-09-18 21:50:22
9a9c1584-23cc-4813-bb04-90f74ee112b1,184,execution_dead_rolled_back,implement,ca503c82-d3e3-4abd-a374-41dbd0e87896,2026-09-18 21:50:22
9a9c1584-23cc-4813-bb04-90f74ee112b1,185,repeated_dead_execution_pattern,implement,ca503c82-d3e3-4abd-a374-41dbd0e87896,2026-09-18 21:50:22
a9ae75e1-4b08-4d14-b18e-5f127cd8c481,21,writer_replacement,implement,5db20a54-9539-4c63-8a87-64235980cd69,2026-09-18 21:50:22
a9ae75e1-4b08-4d14-b18e-5f127cd8c481,22,resume_target_unrecoverable,implement,,2026-09-18 21:50:22
a9ae75e1-4b08-4d14-b18e-5f127cd8c481,23,execution_dead_rolled_back,implement,a4d83a6e-6cf6-433c-b1c1-5d4755fb250b,2026-09-18 21:50:22
19f65593-cb7e-40cd-aa12-5158532475ce,29,execution_admitted,implement,1208fb75-be31-4561-8976-ffd8cd16fce9,2026-09-18 21:50:22
4a3e8759-7e53-434d-a64c-d108d5dd318c,46,execution_admitted,implement,ad90d667-6d55-4cc4-89cb-aaf7db521475,2026-09-18 21:51:18
a9ae75e1-4b08-4d14-b18e-5f127cd8c481,25,execution_admitted,implement,5db20a54-9539-4c63-8a87-64235980cd69,2026-09-18 21:51:21
41d8405f-8311-4fa7-8cba-21b9c57bd9d0,12,writer_replacement,eng_design,3909b921-318b-4c70-bef1-0625ad4d9293,2026-09-18 21:52:24
41d8405f-8311-4fa7-8cba-21b9c57bd9d0,13,resume_target_unrecoverable,eng_design,,2026-09-18 21:52:24
41d8405f-8311-4fa7-8cba-21b9c57bd9d0,14,execution_dead_rolled_back,eng_design,925cf1d8-b95c-46e9-9de9-455f8c2d2dbd,2026-09-18 21:52:24
2698d221-8be8-4f48-a69e-d7c3dbf85cd2,13,writer_replacement,implement,bd6722db-48ed-4e6c-8fc1-68c8c7afc3cf,2026-09-18 21:52:24
2698d221-8be8-4f48-a69e-d7c3dbf85cd2,14,resume_target_unrecoverable,implement,,2026-09-18 21:52:24
2698d221-8be8-4f48-a69e-d7c3dbf85cd2,15,execution_dead_rolled_back,implement,b0269c51-ae1a-4d34-a808-f71027532b46,2026-09-18 21:52:24
6cfc4303-fc28-4e30-842a-565b76ad7a60,10,writer_replacement,implement,7cc32f91-5560-43db-9010-e262a96fe382,2026-09-18 21:52:24
6cfc4303-fc28-4e30-842a-565b76ad7a60,11,resume_target_unrecoverable,implement,,2026-09-18 21:52:24
6cfc4303-fc28-4e30-842a-565b76ad7a60,12,execution_dead_rolled_back,implement,ed07bf5a-047d-4cf8-86dd-230d8b4f6f54,2026-09-18 21:52:24
782112c4-baf8-456c-b04d-5706065c977d,10,writer_replacement,implement,f3953708-f6e7-4e43-96b7-ae9ec30421a4,2026-09-18 21:52:24
782112c4-baf8-456c-b04d-5706065c977d,11,resume_target_unrecoverable,implement,,2026-09-18 21:52:24
782112c4-baf8-456c-b04d-5706065c977d,12,execution_dead_rolled_back,implement,415ddc57-6085-44c6-a896-d636d8b862bb,2026-09-18 21:52:24
957c4aa0-dba5-402a-9da4-9cf52f7f4d3c,12,writer_replacement,implement,c058fb82-27dc-4e4e-80c2-d310d9b12012,2026-09-18 21:52:24
957c4aa0-dba5-402a-9da4-9cf52f7f4d3c,13,resume_target_unrecoverable,implement,,2026-09-18 21:52:24
957c4aa0-dba5-402a-9da4-9cf52f7f4d3c,14,execution_dead_rolled_back,implement,6844038d-f8c7-4dc1-b849-a3a3032cd71b,2026-09-18 21:52:24
9ba316c3-cd27-4e89-acb7-b2b670394757,23,writer_replacement,implement,60959a31-3175-44b6-bc57-50c4f1700d01,2026-09-18 21:52:24
9ba316c3-cd27-4e89-acb7-b2b670394757,24,resume_target_unrecoverable,implement,,2026-09-18 21:52:24
9ba316c3-cd27-4e89-acb7-b2b670394757,25,execution_dead_rolled_back,implement,1efac16c-d35a-4fbf-ab30-da603e4f35b7,2026-09-18 21:52:24
b658aab6-e2a1-468c-813e-8908cfcef5bd,10,writer_replacement,implement,74d06600-a7cc-45a4-9bf8-6a3194763e60,2026-09-18 21:52:24
b658aab6-e2a1-468c-813e-8908cfcef5bd,11,resume_target_unrecoverable,implement,,2026-09-18 21:52:24
b658aab6-e2a1-468c-813e-8908cfcef5bd,12,execution_dead_rolled_back,implement,39b3c1e5-3afb-408d-bf42-5e9bf294f081,2026-09-18 21:52:24
c1126f2a-15ac-4882-83e5-1edec5a51eea,40,writer_replacement,implement,d9623db7-e102-408a-b0b7-a3d87244b2cd,2026-09-18 21:52:24
c1126f2a-15ac-4882-83e5-1edec5a51eea,41,resume_target_unrecoverable,implement,,2026-09-18 21:52:24
c1126f2a-15ac-4882-83e5-1edec5a51eea,42,execution_dead_rolled_back,implement,c20aaba2-3eb2-4c7e-8577-da7c7110b23e,2026-09-18 21:52:24
c1126f2a-15ac-4882-83e5-1edec5a51eea,43,repeated_dead_execution_pattern,implement,c20aaba2-3eb2-4c7e-8577-da7c7110b23e,2026-09-18 21:52:24
e6425b67-1afd-4309-bf55-74e0a913ccb4,14,writer_replacement,implement,c1640af6-ad67-45ee-81fd-b3dd94b68268,2026-09-18 21:52:24
e6425b67-1afd-4309-bf55-74e0a913ccb4,15,resume_target_unrecoverable,implement,,2026-09-18 21:52:24
e6425b67-1afd-4309-bf55-74e0a913ccb4,16,execution_dead_rolled_back,implement,67cf0df6-1885-407f-80b1-ffc603d71eb9,2026-09-18 21:52:24
41d8405f-8311-4fa7-8cba-21b9c57bd9d0,16,execution_admitted,eng_design,3909b921-318b-4c70-bef1-0625ad4d9293,2026-09-18 21:52:24
2698d221-8be8-4f48-a69e-d7c3dbf85cd2,17,execution_admitted,implement,bd6722db-48ed-4e6c-8fc1-68c8c7afc3cf,2026-09-18 21:52:28
6cfc4303-fc28-4e30-842a-565b76ad7a60,14,execution_admitted,implement,7cc32f91-5560-43db-9010-e262a96fe382,2026-09-18 21:53:21
782112c4-baf8-456c-b04d-5706065c977d,14,execution_admitted,implement,f3953708-f6e7-4e43-96b7-ae9ec30421a4,2026-09-18 21:54:15
957c4aa0-dba5-402a-9da4-9cf52f7f4d3c,16,execution_admitted,implement,c058fb82-27dc-4e4e-80c2-d310d9b12012,2026-09-18 21:55:10
9ba316c3-cd27-4e89-acb7-b2b670394757,27,execution_admitted,implement,60959a31-3175-44b6-bc57-50c4f1700d01,2026-09-18 21:55:11
b658aab6-e2a1-468c-813e-8908cfcef5bd,14,execution_admitted,implement,74d06600-a7cc-45a4-9bf8-6a3194763e60,2026-09-18 21:55:14
c1126f2a-15ac-4882-83e5-1edec5a51eea,45,execution_admitted,implement,d9623db7-e102-408a-b0b7-a3d87244b2cd,2026-09-18 21:56:08
e6425b67-1afd-4309-bf55-74e0a913ccb4,18,execution_admitted,implement,c1640af6-ad67-45ee-81fd-b3dd94b68268,2026-09-18 21:57:02
19f65593-cb7e-40cd-aa12-5158532475ce,35,writer_replacement,implement,19366e85-5b7e-4124-8c7a-f4b12bdfa37f,2026-09-18 21:57:57
19f65593-cb7e-40cd-aa12-5158532475ce,36,resume_target_unrecoverable,implement,,2026-09-18 21:57:57
19f65593-cb7e-40cd-aa12-5158532475ce,37,execution_dead_rolled_back,implement,1208fb75-be31-4561-8976-ffd8cd16fce9,2026-09-18 21:57:57
19f65593-cb7e-40cd-aa12-5158532475ce,38,repeated_dead_execution_pattern,implement,1208fb75-be31-4561-8976-ffd8cd16fce9,2026-09-18 21:57:57
2698d221-8be8-4f48-a69e-d7c3dbf85cd2,21,writer_replacement,implement,f612a913-1ce8-4fa5-8e36-fbb77e71bad7,2026-09-18 21:57:57
2698d221-8be8-4f48-a69e-d7c3dbf85cd2,22,resume_target_unrecoverable,implement,,2026-09-18 21:57:57
2698d221-8be8-4f48-a69e-d7c3dbf85cd2,23,execution_dead_rolled_back,implement,bd6722db-48ed-4e6c-8fc1-68c8c7afc3cf,2026-09-18 21:57:57
2698d221-8be8-4f48-a69e-d7c3dbf85cd2,24,repeated_dead_execution_pattern,implement,bd6722db-48ed-4e6c-8fc1-68c8c7afc3cf,2026-09-18 21:57:57
6cfc4303-fc28-4e30-842a-565b76ad7a60,18,writer_replacement,implement,631c53d9-e8a3-451a-979f-80cd065479dd,2026-09-18 21:57:57
6cfc4303-fc28-4e30-842a-565b76ad7a60,19,resume_target_unrecoverable,implement,,2026-09-18 21:57:57
6cfc4303-fc28-4e30-842a-565b76ad7a60,20,execution_dead_rolled_back,implement,7cc32f91-5560-43db-9010-e262a96fe382,2026-09-18 21:57:57
6cfc4303-fc28-4e30-842a-565b76ad7a60,21,repeated_dead_execution_pattern,implement,7cc32f91-5560-43db-9010-e262a96fe382,2026-09-18 21:57:57
782112c4-baf8-456c-b04d-5706065c977d,18,writer_replacement,implement,9578428d-fc7c-4c9c-8e75-17c85061cc86,2026-09-18 21:57:57
782112c4-baf8-456c-b04d-5706065c977d,19,resume_target_unrecoverable,implement,,2026-09-18 21:57:57
782112c4-baf8-456c-b04d-5706065c977d,20,execution_dead_rolled_back,implement,f3953708-f6e7-4e43-96b7-ae9ec30421a4,2026-09-18 21:57:57
782112c4-baf8-456c-b04d-5706065c977d,21,repeated_dead_execution_pattern,implement,f3953708-f6e7-4e43-96b7-ae9ec30421a4,2026-09-18 21:57:57
a9ae75e1-4b08-4d14-b18e-5f127cd8c481,31,writer_replacement,implement,2d066283-1cbc-4484-b30d-77cdb30cc143,2026-09-18 21:57:57
a9ae75e1-4b08-4d14-b18e-5f127cd8c481,32,resume_target_unrecoverable,implement,,2026-09-18 21:57:57
a9ae75e1-4b08-4d14-b18e-5f127cd8c481,33,execution_dead_rolled_back,implement,5db20a54-9539-4c63-8a87-64235980cd69,2026-09-18 21:57:57
a9ae75e1-4b08-4d14-b18e-5f127cd8c481,34,repeated_dead_execution_pattern,implement,5db20a54-9539-4c63-8a87-64235980cd69,2026-09-18 21:57:57
b658aab6-e2a1-468c-813e-8908cfcef5bd,18,writer_replacement,implement,5ea4a004-47e0-430e-9fa7-b3c43d7d6957,2026-09-18 21:57:57
b658aab6-e2a1-468c-813e-8908cfcef5bd,19,resume_target_unrecoverable,implement,,2026-09-18 21:57:57
b658aab6-e2a1-468c-813e-8908cfcef5bd,20,execution_dead_rolled_back,implement,74d06600-a7cc-45a4-9bf8-6a3194763e60,2026-09-18 21:57:57
b658aab6-e2a1-468c-813e-8908cfcef5bd,21,repeated_dead_execution_pattern,implement,74d06600-a7cc-45a4-9bf8-6a3194763e60,2026-09-18 21:57:57
3e26508b-51b8-41b1-b11c-9a805ee715af,156,execution_admitted,implement,64b9b1ab-64d1-4439-ac3d-c20357e94877,2026-09-18 21:57:57
3e26508b-51b8-41b1-b11c-9a805ee715af,161,rework_replacement_launched,implement,64b9b1ab-64d1-4439-ac3d-c20357e94877,2026-09-18 21:58:50
5fe45c92-4cc1-40ff-b0e3-85978d0e484a,190,execution_admitted,implement,d9cffac5-6c83-4dd0-8294-769a77f0b317,2026-09-18 21:58:50
5fe45c92-4cc1-40ff-b0e3-85978d0e484a,195,rework_replacement_launched,implement,d9cffac5-6c83-4dd0-8294-769a77f0b317,2026-09-18 21:59:44
9a9c1584-23cc-4813-bb04-90f74ee112b1,189,execution_admitted,implement,a94c955e-0e04-44d4-92dc-63b91a0789c1,2026-09-18 21:59:44
9a9c1584-23cc-4813-bb04-90f74ee112b1,194,rework_replacement_launched,implement,a94c955e-0e04-44d4-92dc-63b91a0789c1,2026-09-18 22:00:38
19f65593-cb7e-40cd-aa12-5158532475ce,40,execution_admitted,implement,19366e85-5b7e-4124-8c7a-f4b12bdfa37f,2026-09-18 22:00:38
2698d221-8be8-4f48-a69e-d7c3dbf85cd2,26,execution_admitted,implement,f612a913-1ce8-4fa5-8e36-fbb77e71bad7,2026-09-18 22:01:32
6cfc4303-fc28-4e30-842a-565b76ad7a60,23,execution_admitted,implement,631c53d9-e8a3-451a-979f-80cd065479dd,2026-09-18 22:02:25
782112c4-baf8-456c-b04d-5706065c977d,23,execution_admitted,implement,9578428d-fc7c-4c9c-8e75-17c85061cc86,2026-09-18 22:03:18
a9ae75e1-4b08-4d14-b18e-5f127cd8c481,36,execution_admitted,implement,2d066283-1cbc-4484-b30d-77cdb30cc143,2026-09-18 22:04:12
b658aab6-e2a1-468c-813e-8908cfcef5bd,23,execution_admitted,implement,5ea4a004-47e0-430e-9fa7-b3c43d7d6957,2026-09-18 22:05:06
3e26508b-51b8-41b1-b11c-9a805ee715af,163,writer_replacement,implement,c24a2cae-1957-46d9-896a-5c4be4176d45,2026-09-18 22:05:34
3e26508b-51b8-41b1-b11c-9a805ee715af,164,resume_target_unrecoverable,implement,,2026-09-18 22:05:34
3e26508b-51b8-41b1-b11c-9a805ee715af,165,execution_dead_rolled_back,implement,64b9b1ab-64d1-4439-ac3d-c20357e94877,2026-09-18 22:05:34
3e26508b-51b8-41b1-b11c-9a805ee715af,166,repeated_dead_execution_pattern,implement,64b9b1ab-64d1-4439-ac3d-c20357e94877,2026-09-18 22:05:34
5fe45c92-4cc1-40ff-b0e3-85978d0e484a,198,writer_replacement,implement,eb1006a7-233f-44c4-a482-9f0d23d3a4fc,2026-09-18 22:05:34
5fe45c92-4cc1-40ff-b0e3-85978d0e484a,199,resume_target_unrecoverable,implement,,2026-09-18 22:05:34
5fe45c92-4cc1-40ff-b0e3-85978d0e484a,200,execution_dead_rolled_back,implement,d9cffac5-6c83-4dd0-8294-769a77f0b317,2026-09-18 22:05:34
5fe45c92-4cc1-40ff-b0e3-85978d0e484a,201,repeated_dead_execution_pattern,implement,d9cffac5-6c83-4dd0-8294-769a77f0b317,2026-09-18 22:05:34
9a9c1584-23cc-4813-bb04-90f74ee112b1,197,writer_replacement,implement,ee549594-ccb1-4163-a68a-9ab770335aea,2026-09-18 22:05:34
9a9c1584-23cc-4813-bb04-90f74ee112b1,198,resume_target_unrecoverable,implement,,2026-09-18 22:05:34
9a9c1584-23cc-4813-bb04-90f74ee112b1,199,execution_dead_rolled_back,implement,a94c955e-0e04-44d4-92dc-63b91a0789c1,2026-09-18 22:05:34
9a9c1584-23cc-4813-bb04-90f74ee112b1,200,repeated_dead_execution_pattern,implement,a94c955e-0e04-44d4-92dc-63b91a0789c1,2026-09-18 22:05:34
e6425b67-1afd-4309-bf55-74e0a913ccb4,22,writer_replacement,implement,9727d6cc-9373-451e-ab4b-299af8150fd0,2026-09-18 22:05:34
e6425b67-1afd-4309-bf55-74e0a913ccb4,23,resume_target_unrecoverable,implement,,2026-09-18 22:05:34
e6425b67-1afd-4309-bf55-74e0a913ccb4,24,execution_dead_rolled_back,implement,c1640af6-ad67-45ee-81fd-b3dd94b68268,2026-09-18 22:05:34
e6425b67-1afd-4309-bf55-74e0a913ccb4,25,repeated_dead_execution_pattern,implement,c1640af6-ad67-45ee-81fd-b3dd94b68268,2026-09-18 22:05:34
4a3e8759-7e53-434d-a64c-d108d5dd318c,53,unlaunched_admission_rolled_back,implement,ad90d667-6d55-4cc4-89cb-aaf7db521475,2026-09-18 22:05:34
41d8405f-8311-4fa7-8cba-21b9c57bd9d0,23,unlaunched_admission_rolled_back,eng_design,3909b921-318b-4c70-bef1-0625ad4d9293,2026-09-18 22:05:34
957c4aa0-dba5-402a-9da4-9cf52f7f4d3c,22,unlaunched_admission_rolled_back,implement,c058fb82-27dc-4e4e-80c2-d310d9b12012,2026-09-18 22:05:34
9ba316c3-cd27-4e89-acb7-b2b670394757,33,unlaunched_admission_rolled_back,implement,60959a31-3175-44b6-bc57-50c4f1700d01,2026-09-18 22:05:34
3e26508b-51b8-41b1-b11c-9a805ee715af,170,execution_admitted,implement,c24a2cae-1957-46d9-896a-5c4be4176d45,2026-09-18 22:05:34
5fe45c92-4cc1-40ff-b0e3-85978d0e484a,205,execution_admitted,implement,eb1006a7-233f-44c4-a482-9f0d23d3a4fc,2026-09-18 22:05:37
9a9c1584-23cc-4813-bb04-90f74ee112b1,204,execution_admitted,implement,ee549594-ccb1-4163-a68a-9ab770335aea,2026-09-18 22:05:40
e6425b67-1afd-4309-bf55-74e0a913ccb4,27,execution_admitted,implement,9727d6cc-9373-451e-ab4b-299af8150fd0,2026-09-18 22:05:43
c1126f2a-15ac-4882-83e5-1edec5a51eea,51,run_terminated_by_operator,,,2026-09-18 22:07:24
75f5d783-246e-4c67-8713-bbb649b9908a,3,execution_admitted,implement,d1604db2-e9ea-48eb-9922-fe9847824ee2,2026-09-18 22:07:27
2710bd11-bba7-45bc-8435-af8f1b536a9b,3,execution_admitted,implement,d147bbbd-6458-489c-ab00-8b7ae923f111,2026-09-18 22:09:13
19f65593-cb7e-40cd-aa12-5158532475ce,46,writer_replacement,implement,fadb6c5d-de9d-44ec-b496-3f3dcd124a21,2026-09-18 22:12:58
19f65593-cb7e-40cd-aa12-5158532475ce,47,resume_target_unrecoverable,implement,,2026-09-18 22:12:58
19f65593-cb7e-40cd-aa12-5158532475ce,48,execution_dead_rolled_back,implement,19366e85-5b7e-4124-8c7a-f4b12bdfa37f,2026-09-18 22:12:58
19f65593-cb7e-40cd-aa12-5158532475ce,49,repeated_dead_execution_pattern,implement,19366e85-5b7e-4124-8c7a-f4b12bdfa37f,2026-09-18 22:12:58
2698d221-8be8-4f48-a69e-d7c3dbf85cd2,30,writer_replacement,implement,3f51c023-05d5-4042-8a2b-1e7fc9d2aba3,2026-09-18 22:12:58
2698d221-8be8-4f48-a69e-d7c3dbf85cd2,31,resume_target_unrecoverable,implement,,2026-09-18 22:12:58
2698d221-8be8-4f48-a69e-d7c3dbf85cd2,32,execution_dead_rolled_back,implement,f612a913-1ce8-4fa5-8e36-fbb77e71bad7,2026-09-18 22:12:58
2698d221-8be8-4f48-a69e-d7c3dbf85cd2,33,repeated_dead_execution_pattern,implement,f612a913-1ce8-4fa5-8e36-fbb77e71bad7,2026-09-18 22:12:58
6cfc4303-fc28-4e30-842a-565b76ad7a60,28,writer_replacement,implement,2df4e214-0606-4807-97a1-c337e61afd29,2026-09-18 22:12:58
6cfc4303-fc28-4e30-842a-565b76ad7a60,29,resume_target_unrecoverable,implement,,2026-09-18 22:12:58
6cfc4303-fc28-4e30-842a-565b76ad7a60,30,execution_dead_rolled_back,implement,631c53d9-e8a3-451a-979f-80cd065479dd,2026-09-18 22:12:58
6cfc4303-fc28-4e30-842a-565b76ad7a60,31,repeated_dead_execution_pattern,implement,631c53d9-e8a3-451a-979f-80cd065479dd,2026-09-18 22:12:58
782112c4-baf8-456c-b04d-5706065c977d,28,writer_replacement,implement,f5543708-b656-4c92-b1d4-f76f2505e4f7,2026-09-18 22:12:58
782112c4-baf8-456c-b04d-5706065c977d,29,resume_target_unrecoverable,implement,,2026-09-18 22:12:58
782112c4-baf8-456c-b04d-5706065c977d,30,execution_dead_rolled_back,implement,9578428d-fc7c-4c9c-8e75-17c85061cc86,2026-09-18 22:12:58
782112c4-baf8-456c-b04d-5706065c977d,31,repeated_dead_execution_pattern,implement,9578428d-fc7c-4c9c-8e75-17c85061cc86,2026-09-18 22:12:58
a9ae75e1-4b08-4d14-b18e-5f127cd8c481,43,writer_replacement,implement,ff810580-49db-4323-9070-8aee0c7f329b,2026-09-18 22:12:58
a9ae75e1-4b08-4d14-b18e-5f127cd8c481,44,resume_target_unrecoverable,implement,,2026-09-18 22:12:58
a9ae75e1-4b08-4d14-b18e-5f127cd8c481,45,execution_dead_rolled_back,implement,2d066283-1cbc-4484-b30d-77cdb30cc143,2026-09-18 22:12:58
a9ae75e1-4b08-4d14-b18e-5f127cd8c481,46,repeated_dead_execution_pattern,implement,2d066283-1cbc-4484-b30d-77cdb30cc143,2026-09-18 22:12:58
19f65593-cb7e-40cd-aa12-5158532475ce,51,execution_admitted,implement,fadb6c5d-de9d-44ec-b496-3f3dcd124a21,2026-09-18 22:12:58
2698d221-8be8-4f48-a69e-d7c3dbf85cd2,35,execution_admitted,implement,3f51c023-05d5-4042-8a2b-1e7fc9d2aba3,2026-09-18 22:13:01
6cfc4303-fc28-4e30-842a-565b76ad7a60,33,execution_admitted,implement,2df4e214-0606-4807-97a1-c337e61afd29,2026-09-18 22:13:02
782112c4-baf8-456c-b04d-5706065c977d,33,execution_admitted,implement,f5543708-b656-4c92-b1d4-f76f2505e4f7,2026-09-18 22:13:05
a9ae75e1-4b08-4d14-b18e-5f127cd8c481,48,execution_admitted,implement,ff810580-49db-4323-9070-8aee0c7f329b,2026-09-18 22:13:12
b658aab6-e2a1-468c-813e-8908cfcef5bd,31,unlaunched_admission_rolled_back,implement,5ea4a004-47e0-430e-9fa7-b3c43d7d6957,2026-09-18 22:15:06
3e26508b-51b8-41b1-b11c-9a805ee715af,178,unlaunched_admission_rolled_back,implement,c24a2cae-1957-46d9-896a-5c4be4176d45,2026-09-18 22:15:35
5fe45c92-4cc1-40ff-b0e3-85978d0e484a,213,unlaunched_admission_rolled_back,implement,eb1006a7-233f-44c4-a482-9f0d23d3a4fc,2026-09-18 22:15:37
9a9c1584-23cc-4813-bb04-90f74ee112b1,212,unlaunched_admission_rolled_back,implement,ee549594-ccb1-4163-a68a-9ab770335aea,2026-09-18 22:15:41
e6425b67-1afd-4309-bf55-74e0a913ccb4,34,unlaunched_admission_rolled_back,implement,9727d6cc-9373-451e-ab4b-299af8150fd0,2026-09-18 22:15:43
75f5d783-246e-4c67-8713-bbb649b9908a,12,unlaunched_admission_rolled_back,implement,d1604db2-e9ea-48eb-9922-fe9847824ee2,2026-09-18 22:17:27
19f65593-cb7e-40cd-aa12-5158532475ce,59,unlaunched_admission_rolled_back,implement,fadb6c5d-de9d-44ec-b496-3f3dcd124a21,2026-09-18 22:22:58
2698d221-8be8-4f48-a69e-d7c3dbf85cd2,42,unlaunched_admission_rolled_back,implement,3f51c023-05d5-4042-8a2b-1e7fc9d2aba3,2026-09-18 22:23:01
6cfc4303-fc28-4e30-842a-565b76ad7a60,40,unlaunched_admission_rolled_back,implement,2df4e214-0606-4807-97a1-c337e61afd29,2026-09-18 22:23:04
782112c4-baf8-456c-b04d-5706065c977d,40,unlaunched_admission_rolled_back,implement,f5543708-b656-4c92-b1d4-f76f2505e4f7,2026-09-18 22:23:08
a9ae75e1-4b08-4d14-b18e-5f127cd8c481,56,unlaunched_admission_rolled_back,implement,ff810580-49db-4323-9070-8aee0c7f329b,2026-09-18 22:23:12
19f65593-cb7e-40cd-aa12-5158532475ce,62,run_terminated_by_operator,,,2026-09-18 23:06:21
a9ae75e1-4b08-4d14-b18e-5f127cd8c481,59,run_terminated_by_operator,,,2026-09-18 23:06:48
957c4aa0-dba5-402a-9da4-9cf52f7f4d3c,26,run_terminated_by_operator,,,2026-09-18 23:06:48
5fe45c92-4cc1-40ff-b0e3-85978d0e484a,217,run_terminated_by_operator,,,2026-09-18 23:06:48
9ba316c3-cd27-4e89-acb7-b2b670394757,37,run_terminated_by_operator,,,2026-09-18 23:06:49
41d8405f-8311-4fa7-8cba-21b9c57bd9d0,26,run_terminated_by_operator,,,2026-09-18 23:06:49
75f5d783-246e-4c67-8713-bbb649b9908a,15,run_terminated_by_operator,,,2026-09-18 23:06:49
2698d221-8be8-4f48-a69e-d7c3dbf85cd2,45,run_terminated_by_operator,,,2026-09-18 23:06:49
6cfc4303-fc28-4e30-842a-565b76ad7a60,43,run_terminated_by_operator,,,2026-09-18 23:06:49
782112c4-baf8-456c-b04d-5706065c977d,43,run_terminated_by_operator,,,2026-09-18 23:06:49
4a3e8759-7e53-434d-a64c-d108d5dd318c,56,run_terminated_by_operator,,,2026-09-18 23:07:38
e6425b67-1afd-4309-bf55-74e0a913ccb4,37,run_terminated_by_operator,,,2026-09-18 23:07:38
b15740cb-ea84-47fb-82f1-587d33f2cb74,4,execution_admitted,eng_design,7c77328d-3a37-4a25-96ec-e873d9e968f2,2026-09-18 23:08:04
e59484de-d0d7-46ec-8953-96db2e06ad18,4,execution_admitted,eng_design,a199e048-3a36-4ed0-b8e3-780938fce265,2026-09-18 23:10:35
650416db-1303-44a8-aa50-0a9fbd94a9df,3,execution_admitted,implement,da2efe0a-1121-4e5c-9a5b-0d698662105c,2026-09-18 23:10:54
3e79e0f8-4102-4f2b-b4ec-6292d1e06dcc,4,execution_admitted,eng_design,e3499d48-6a81-48a9-b93e-1b720206036d,2026-09-18 23:14:52
cf4ec485-c982-4b9b-96e8-1a2a47e4e8d0,4,execution_admitted,eng_design,3771e914-7dac-459e-a3bb-836776845903,2026-09-18 23:16:16
b8c293f0-6968-4f33-8df7-e7e6aea2a7cb,4,execution_admitted,eng_design,bc671b1d-2373-47b6-a1fc-f408eddbbae0,2026-09-18 23:17:40
be36a306-c42a-4750-bf7b-c1f1f6201c6a,3,execution_admitted,implement,63cf7b09-7a3e-4ff1-a431-9f3b0b2600e2,2026-09-18 23:18:52
0b7f3dd9-6718-40b0-8968-d90be6f6af31,4,execution_admitted,eng_design,d3eacb3b-e0d3-428f-a964-a24a4e419f23,2026-09-18 23:19:47
98944e79-4574-446f-8c6f-63c69b92c684,3,execution_admitted,implement,4ebdc4f9-0686-4dc7-b9a1-9d6c221c5c12,2026-09-18 23:20:00
e59484de-d0d7-46ec-8953-96db2e06ad18,10,node_completed,eng_design,a199e048-3a36-4ed0-b8e3-780938fce265,2026-09-18 23:20:55
e59484de-d0d7-46ec-8953-96db2e06ad18,15,execution_admitted,implement,258ace8f-235e-40e8-95c1-7715761f187d,2026-09-18 23:20:55
bb1505dc-ec3f-41e0-ac46-415f42544f61,3,execution_admitted,implement,1e44d42c-ecc2-4032-a1bd-b419469c82cc,2026-09-18 23:20:58
ca286b22-c415-45a7-8895-ee478b2d6317,3,execution_admitted,implement,545e2d4a-0c32-499b-8745-d19fc04bc260,2026-09-18 23:22:00
b65b05e9-5c47-4266-a03b-097cd44ea87d,3,execution_admitted,implement,fee9dbad-bb8d-4bf1-b1d0-8eb4b7f631cc,2026-09-18 23:23:02
b8c293f0-6968-4f33-8df7-e7e6aea2a7cb,10,node_completed,eng_design,bc671b1d-2373-47b6-a1fc-f408eddbbae0,2026-09-18 23:26:38
b8c293f0-6968-4f33-8df7-e7e6aea2a7cb,15,execution_admitted,implement,9553b1db-d399-496e-9327-c087250395b7,2026-09-18 23:26:38
0b7f3dd9-6718-40b0-8968-d90be6f6af31,12,node_completed,eng_design,d3eacb3b-e0d3-428f-a964-a24a4e419f23,2026-09-18 23:27:21
0b7f3dd9-6718-40b0-8968-d90be6f6af31,17,execution_admitted,implement,c26c88b6-f610-4425-b906-0bfcc8258da0,2026-09-18 23:27:24
bfccf333-618a-40b3-a0ea-8a2f5777cfd6,3,execution_admitted,implement,77745b59-e0d3-410e-b3b5-b48af46e9623,2026-09-18 23:29:23
3e79e0f8-4102-4f2b-b4ec-6292d1e06dcc,10,node_completed,eng_design,e3499d48-6a81-48a9-b93e-1b720206036d,2026-09-18 23:29:39
3e79e0f8-4102-4f2b-b4ec-6292d1e06dcc,15,execution_admitted,implement,990c08bb-1997-4543-8d87-c12fb7431cdb,2026-09-18 23:29:40
b15740cb-ea84-47fb-82f1-587d33f2cb74,10,node_completed,eng_design,7c77328d-3a37-4a25-96ec-e873d9e968f2,2026-09-18 23:38:09
b15740cb-ea84-47fb-82f1-587d33f2cb74,15,execution_admitted,implement,3d3e9b0a-0f64-48dd-b6f9-f213edb99e07,2026-09-18 23:38:09
cf4ec485-c982-4b9b-96e8-1a2a47e4e8d0,15,node_completed,eng_design,3771e914-7dac-459e-a3bb-836776845903,2026-09-18 23:42:39
cf4ec485-c982-4b9b-96e8-1a2a47e4e8d0,20,execution_admitted,implement,622af2ee-5b22-4956-9e41-e323d4df1491,2026-09-18 23:42:40
3e26508b-51b8-41b1-b11c-9a805ee715af,181,run_terminated_by_operator,,,2026-09-18 23:47:07
9a9c1584-23cc-4813-bb04-90f74ee112b1,216,run_terminated_by_operator,,,2026-09-18 23:47:08
35ce4b03-c789-44be-9628-3757026c6148,3,execution_admitted,implement,d69d5eae-e69f-4c5f-af8a-3c82a82e2e8b,2026-09-18 23:47:25
d6b34663-d251-4174-9e96-281c09ae7241,3,execution_admitted,implement,4d91eeb9-a966-4cf1-879d-94fb0bbf5e8a,2026-09-18 23:48:29
b297afc3-f73e-4bd1-ac0e-a4bf64d79b54,3,execution_admitted,implement,2ca96e73-335a-4ff1-83bc-ef10f16ed468,2026-09-18 23:55:22
98944e79-4574-446f-8c6f-63c69b92c684,11,node_completed,implement,4ebdc4f9-0686-4dc7-b9a1-9d6c221c5c12,2026-09-18 23:59:36
98944e79-4574-446f-8c6f-63c69b92c684,16,execution_admitted,qa,59c8f898-f3e4-4df1-89c9-3564f01ad2c0,2026-09-18 23:59:37
be36a306-c42a-4750-bf7b-c1f1f6201c6a,11,node_completed,implement,63cf7b09-7a3e-4ff1-a431-9f3b0b2600e2,2026-09-19 00:10:39
be36a306-c42a-4750-bf7b-c1f1f6201c6a,16,execution_admitted,qa,90ac9de8-baf8-4d62-86c3-420591973731,2026-09-19 00:11:09
e59484de-d0d7-46ec-8953-96db2e06ad18,20,node_completed,implement,258ace8f-235e-40e8-95c1-7715761f187d,2026-09-19 00:14:28
e59484de-d0d7-46ec-8953-96db2e06ad18,25,execution_admitted,qa,26027c13-9212-4ae6-b3a3-6522673acd52,2026-09-19 00:14:28
ca286b22-c415-45a7-8895-ee478b2d6317,14,run_terminated,implement,545e2d4a-0c32-499b-8745-d19fc04bc260,2026-09-19 00:23:31
98944e79-4574-446f-8c6f-63c69b92c684,21,run_terminated_by_operator,,,2026-09-19 00:32:37
cf4ec485-c982-4b9b-96e8-1a2a47e4e8d0,27,node_completed,implement,622af2ee-5b22-4956-9e41-e323d4df1491,2026-09-19 00:35:15
cf4ec485-c982-4b9b-96e8-1a2a47e4e8d0,32,execution_admitted,qa,5fda02f9-fd23-4adc-a49b-a7d453725994,2026-09-19 00:35:48
e59484de-d0d7-46ec-8953-96db2e06ad18,33,node_completed,qa,26027c13-9212-4ae6-b3a3-6522673acd52,2026-09-19 00:36:41
e59484de-d0d7-46ec-8953-96db2e06ad18,36,gate_opened,founder_gate,,2026-09-19 00:36:41
e59484de-d0d7-46ec-8953-96db2e06ad18,42,node_completed,founder_gate,26027c13-9212-4ae6-b3a3-6522673acd52,2026-09-19 00:44:23
35ce4b03-c789-44be-9628-3757026c6148,16,run_terminated,implement,d69d5eae-e69f-4c5f-af8a-3c82a82e2e8b,2026-09-19 00:56:58
be36a306-c42a-4750-bf7b-c1f1f6201c6a,23,node_completed,qa,90ac9de8-baf8-4d62-86c3-420591973731,2026-09-19 01:03:34
be36a306-c42a-4750-bf7b-c1f1f6201c6a,26,gate_opened,founder_gate,,2026-09-19 01:03:34
c75e973f-855d-468d-9a46-86deb7a4b108,3,execution_admitted,implement,aea74da0-577f-47f9-a99f-da7e2dcf9c56,2026-09-19 01:07:01
5c809cee-6784-424e-8f78-84e803c042c1,3,execution_admitted,implement,728ade91-4ce9-4446-9304-85c61ef20070,2026-09-19 01:08:18
5c809cee-6784-424e-8f78-84e803c042c1,11,node_completed,implement,728ade91-4ce9-4446-9304-85c61ef20070,2026-09-19 01:13:26
5c809cee-6784-424e-8f78-84e803c042c1,16,execution_admitted,qa,c47521c6-9323-4278-bfa1-3c4b7030406c,2026-09-19 01:13:27
c75e973f-855d-468d-9a46-86deb7a4b108,11,node_completed,implement,aea74da0-577f-47f9-a99f-da7e2dcf9c56,2026-09-19 01:13:45
c75e973f-855d-468d-9a46-86deb7a4b108,16,execution_admitted,qa,d3db9668-0a38-4ad7-a185-0977f9a9276d,2026-09-19 01:14:05
cf4ec485-c982-4b9b-96e8-1a2a47e4e8d0,39,node_completed,qa,5fda02f9-fd23-4adc-a49b-a7d453725994,2026-09-19 01:15:17
cf4ec485-c982-4b9b-96e8-1a2a47e4e8d0,42,gate_opened,founder_gate,,2026-09-19 01:15:17
d6b34663-d251-4174-9e96-281c09ae7241,13,node_completed,implement,4d91eeb9-a966-4cf1-879d-94fb0bbf5e8a,2026-09-19 01:18:13
d6b34663-d251-4174-9e96-281c09ae7241,18,execution_admitted,qa,cce72933-c3b3-4ab7-981f-077b0689eb61,2026-09-19 01:18:15
be36a306-c42a-4750-bf7b-c1f1f6201c6a,30,node_completed,founder_gate,90ac9de8-baf8-4d62-86c3-420591973731,2026-09-19 01:25:21
b65b05e9-5c47-4266-a03b-097cd44ea87d,12,writer_replacement,implement,2a56063e-f906-4330-93b4-39012051ee9c,2026-09-19 01:29:07
b65b05e9-5c47-4266-a03b-097cd44ea87d,13,resume_target_unrecoverable,implement,,2026-09-19 01:29:07
b65b05e9-5c47-4266-a03b-097cd44ea87d,14,execution_dead_rolled_back,implement,fee9dbad-bb8d-4bf1-b1d0-8eb4b7f631cc,2026-09-19 01:29:07
b65b05e9-5c47-4266-a03b-097cd44ea87d,16,execution_admitted,implement,2a56063e-f906-4330-93b4-39012051ee9c,2026-09-19 01:29:08
0b7f3dd9-6718-40b0-8968-d90be6f6af31,25,writer_replacement,implement,6c9cc558-1da9-4a66-9c8c-bfbc9a8036dc,2026-09-19 01:30:08
0b7f3dd9-6718-40b0-8968-d90be6f6af31,26,resume_target_unrecoverable,implement,,2026-09-19 01:30:08
0b7f3dd9-6718-40b0-8968-d90be6f6af31,27,execution_dead_rolled_back,implement,c26c88b6-f610-4425-b906-0bfcc8258da0,2026-09-19 01:30:08
3e79e0f8-4102-4f2b-b4ec-6292d1e06dcc,27,writer_replacement,implement,9352c092-58ed-4497-b149-9beb4d6fa8fa,2026-09-19 01:30:08
3e79e0f8-4102-4f2b-b4ec-6292d1e06dcc,28,resume_target_unrecoverable,implement,,2026-09-19 01:30:08
3e79e0f8-4102-4f2b-b4ec-6292d1e06dcc,29,execution_dead_rolled_back,implement,990c08bb-1997-4543-8d87-c12fb7431cdb,2026-09-19 01:30:08
650416db-1303-44a8-aa50-0a9fbd94a9df,14,writer_replacement,implement,17f2cc85-f8a6-40c3-969e-2a46a53a30f1,2026-09-19 01:30:08
650416db-1303-44a8-aa50-0a9fbd94a9df,15,resume_target_unrecoverable,implement,,2026-09-19 01:30:08
650416db-1303-44a8-aa50-0a9fbd94a9df,16,execution_dead_rolled_back,implement,da2efe0a-1121-4e5c-9a5b-0d698662105c,2026-09-19 01:30:08
b15740cb-ea84-47fb-82f1-587d33f2cb74,23,writer_replacement,implement,aa055bc5-2925-4c07-868a-7666cbd21e11,2026-09-19 01:30:08
b15740cb-ea84-47fb-82f1-587d33f2cb74,24,resume_target_unrecoverable,implement,,2026-09-19 01:30:08
b15740cb-ea84-47fb-82f1-587d33f2cb74,25,execution_dead_rolled_back,implement,3d3e9b0a-0f64-48dd-b6f9-f213edb99e07,2026-09-19 01:30:08
b297afc3-f73e-4bd1-ac0e-a4bf64d79b54,13,writer_replacement,implement,c3edca58-9e3f-4e01-a7c7-860361034878,2026-09-19 01:30:09
b297afc3-f73e-4bd1-ac0e-a4bf64d79b54,14,resume_target_unrecoverable,implement,,2026-09-19 01:30:09
b297afc3-f73e-4bd1-ac0e-a4bf64d79b54,15,execution_dead_rolled_back,implement,2ca96e73-335a-4ff1-83bc-ef10f16ed468,2026-09-19 01:30:09
b8c293f0-6968-4f33-8df7-e7e6aea2a7cb,25,writer_replacement,implement,13d1055c-3f6b-4f43-b0a9-5d6c27002a7c,2026-09-19 01:30:09
b8c293f0-6968-4f33-8df7-e7e6aea2a7cb,26,resume_target_unrecoverable,implement,,2026-09-19 01:30:09
b8c293f0-6968-4f33-8df7-e7e6aea2a7cb,27,execution_dead_rolled_back,implement,9553b1db-d399-496e-9327-c087250395b7,2026-09-19 01:30:09
bb1505dc-ec3f-41e0-ac46-415f42544f61,14,writer_replacement,implement,87a41f0b-9ea3-49b6-95b5-8562e238530f,2026-09-19 01:30:09
bb1505dc-ec3f-41e0-ac46-415f42544f61,15,resume_target_unrecoverable,implement,,2026-09-19 01:30:09
bb1505dc-ec3f-41e0-ac46-415f42544f61,16,execution_dead_rolled_back,implement,1e44d42c-ecc2-4032-a1bd-b419469c82cc,2026-09-19 01:30:09
bfccf333-618a-40b3-a0ea-8a2f5777cfd6,15,writer_replacement,implement,b9a93861-c0a2-4c79-b8b2-f32248efe41b,2026-09-19 01:30:09
bfccf333-618a-40b3-a0ea-8a2f5777cfd6,16,resume_target_unrecoverable,implement,,2026-09-19 01:30:09
bfccf333-618a-40b3-a0ea-8a2f5777cfd6,17,execution_dead_rolled_back,implement,77745b59-e0d3-410e-b3b5-b48af46e9623,2026-09-19 01:30:09
0b7f3dd9-6718-40b0-8968-d90be6f6af31,29,execution_admitted,implement,6c9cc558-1da9-4a66-9c8c-bfbc9a8036dc,2026-09-19 01:30:09
3e79e0f8-4102-4f2b-b4ec-6292d1e06dcc,31,execution_admitted,implement,9352c092-58ed-4497-b149-9beb4d6fa8fa,2026-09-19 01:31:25
650416db-1303-44a8-aa50-0a9fbd94a9df,18,execution_admitted,implement,17f2cc85-f8a6-40c3-969e-2a46a53a30f1,2026-09-19 01:31:32
b15740cb-ea84-47fb-82f1-587d33f2cb74,27,execution_admitted,implement,aa055bc5-2925-4c07-868a-7666cbd21e11,2026-09-19 01:31:58
b297afc3-f73e-4bd1-ac0e-a4bf64d79b54,17,execution_admitted,implement,c3edca58-9e3f-4e01-a7c7-860361034878,2026-09-19 01:32:26
b8c293f0-6968-4f33-8df7-e7e6aea2a7cb,29,execution_admitted,implement,13d1055c-3f6b-4f43-b0a9-5d6c27002a7c,2026-09-19 01:32:29
bb1505dc-ec3f-41e0-ac46-415f42544f61,18,execution_admitted,implement,87a41f0b-9ea3-49b6-95b5-8562e238530f,2026-09-19 01:32:55
b15740cb-ea84-47fb-82f1-587d33f2cb74,33,run_terminated_by_operator,,,2026-09-19 01:33:11
bfccf333-618a-40b3-a0ea-8a2f5777cfd6,19,execution_admitted,implement,b9a93861-c0a2-4c79-b8b2-f32248efe41b,2026-09-19 01:33:51
b65b05e9-5c47-4266-a03b-097cd44ea87d,20,writer_replacement,implement,a4498061-db25-460c-b1e1-38df5a0bd79c,2026-09-19 01:34:48
b65b05e9-5c47-4266-a03b-097cd44ea87d,21,resume_target_unrecoverable,implement,,2026-09-19 01:34:48
b65b05e9-5c47-4266-a03b-097cd44ea87d,22,execution_dead_rolled_back,implement,2a56063e-f906-4330-93b4-39012051ee9c,2026-09-19 01:34:48
b65b05e9-5c47-4266-a03b-097cd44ea87d,23,repeated_dead_execution_pattern,implement,2a56063e-f906-4330-93b4-39012051ee9c,2026-09-19 01:34:48
b65b05e9-5c47-4266-a03b-097cd44ea87d,25,execution_admitted,implement,a4498061-db25-460c-b1e1-38df5a0bd79c,2026-09-19 01:34:48
0b7f3dd9-6718-40b0-8968-d90be6f6af31,35,writer_replacement,implement,5d516284-e645-4c93-ae55-3b108cceaef7,2026-09-19 01:35:44
0b7f3dd9-6718-40b0-8968-d90be6f6af31,36,resume_target_unrecoverable,implement,,2026-09-19 01:35:44
0b7f3dd9-6718-40b0-8968-d90be6f6af31,37,execution_dead_rolled_back,implement,6c9cc558-1da9-4a66-9c8c-bfbc9a8036dc,2026-09-19 01:35:44
0b7f3dd9-6718-40b0-8968-d90be6f6af31,38,repeated_dead_execution_pattern,implement,6c9cc558-1da9-4a66-9c8c-bfbc9a8036dc,2026-09-19 01:35:44
650416db-1303-44a8-aa50-0a9fbd94a9df,22,writer_replacement,implement,b94d5d49-8e55-4450-b347-0279f792d161,2026-09-19 01:35:44
650416db-1303-44a8-aa50-0a9fbd94a9df,23,resume_target_unrecoverable,implement,,2026-09-19 01:35:44
650416db-1303-44a8-aa50-0a9fbd94a9df,24,execution_dead_rolled_back,implement,17f2cc85-f8a6-40c3-969e-2a46a53a30f1,2026-09-19 01:35:44
650416db-1303-44a8-aa50-0a9fbd94a9df,25,repeated_dead_execution_pattern,implement,17f2cc85-f8a6-40c3-969e-2a46a53a30f1,2026-09-19 01:35:44
b8c293f0-6968-4f33-8df7-e7e6aea2a7cb,35,writer_replacement,implement,24d624ec-8e82-44ae-9fb3-7b08e90005c6,2026-09-19 01:35:44
b8c293f0-6968-4f33-8df7-e7e6aea2a7cb,36,resume_target_unrecoverable,implement,,2026-09-19 01:35:44
b8c293f0-6968-4f33-8df7-e7e6aea2a7cb,37,execution_dead_rolled_back,implement,13d1055c-3f6b-4f43-b0a9-5d6c27002a7c,2026-09-19 01:35:44
b8c293f0-6968-4f33-8df7-e7e6aea2a7cb,38,repeated_dead_execution_pattern,implement,13d1055c-3f6b-4f43-b0a9-5d6c27002a7c,2026-09-19 01:35:44
bb1505dc-ec3f-41e0-ac46-415f42544f61,22,writer_replacement,implement,2ddb8a06-2b6b-41f8-9eeb-d7a613d2c696,2026-09-19 01:35:44
bb1505dc-ec3f-41e0-ac46-415f42544f61,23,resume_target_unrecoverable,implement,,2026-09-19 01:35:44
bb1505dc-ec3f-41e0-ac46-415f42544f61,24,execution_dead_rolled_back,implement,87a41f0b-9ea3-49b6-95b5-8562e238530f,2026-09-19 01:35:44
bb1505dc-ec3f-41e0-ac46-415f42544f61,25,repeated_dead_execution_pattern,implement,87a41f0b-9ea3-49b6-95b5-8562e238530f,2026-09-19 01:35:44
bfccf333-618a-40b3-a0ea-8a2f5777cfd6,23,writer_replacement,implement,7999f328-b167-45ac-983d-89a9b8378237,2026-09-19 01:35:44
bfccf333-618a-40b3-a0ea-8a2f5777cfd6,24,resume_target_unrecoverable,implement,,2026-09-19 01:35:44
bfccf333-618a-40b3-a0ea-8a2f5777cfd6,25,execution_dead_rolled_back,implement,b9a93861-c0a2-4c79-b8b2-f32248efe41b,2026-09-19 01:35:44
bfccf333-618a-40b3-a0ea-8a2f5777cfd6,26,repeated_dead_execution_pattern,implement,b9a93861-c0a2-4c79-b8b2-f32248efe41b,2026-09-19 01:35:44
0b7f3dd9-6718-40b0-8968-d90be6f6af31,40,execution_admitted,implement,5d516284-e645-4c93-ae55-3b108cceaef7,2026-09-19 01:35:44
650416db-1303-44a8-aa50-0a9fbd94a9df,27,execution_admitted,implement,b94d5d49-8e55-4450-b347-0279f792d161,2026-09-19 01:36:39
5c809cee-6784-424e-8f78-84e803c042c1,23,node_completed,qa,c47521c6-9323-4278-bfa1-3c4b7030406c,2026-09-19 01:37:00
5c809cee-6784-424e-8f78-84e803c042c1,26,gate_opened,founder_gate,,2026-09-19 01:37:00
b8c293f0-6968-4f33-8df7-e7e6aea2a7cb,40,execution_admitted,implement,24d624ec-8e82-44ae-9fb3-7b08e90005c6,2026-09-19 01:37:32
bb1505dc-ec3f-41e0-ac46-415f42544f61,27,execution_admitted,implement,2ddb8a06-2b6b-41f8-9eeb-d7a613d2c696,2026-09-19 01:38:27
bfccf333-618a-40b3-a0ea-8a2f5777cfd6,28,execution_admitted,implement,7999f328-b167-45ac-983d-89a9b8378237,2026-09-19 01:39:21
d6b34663-d251-4174-9e96-281c09ae7241,25,node_completed,qa,cce72933-c3b3-4ab7-981f-077b0689eb61,2026-09-19 01:39:52
d6b34663-d251-4174-9e96-281c09ae7241,28,gate_opened,founder_gate,,2026-09-19 01:39:52
3e79e0f8-4102-4f2b-b4ec-6292d1e06dcc,38,unlaunched_admission_rolled_back,implement,9352c092-58ed-4497-b149-9beb4d6fa8fa,2026-09-19 01:41:26
b297afc3-f73e-4bd1-ac0e-a4bf64d79b54,24,unlaunched_admission_rolled_back,implement,c3edca58-9e3f-4e01-a7c7-860361034878,2026-09-19 01:42:27
c75e973f-855d-468d-9a46-86deb7a4b108,23,node_completed,qa,d3db9668-0a38-4ad7-a185-0977f9a9276d,2026-09-19 01:47:19
c75e973f-855d-468d-9a46-86deb7a4b108,26,gate_opened,founder_gate,,2026-09-19 01:47:19
b65b05e9-5c47-4266-a03b-097cd44ea87d,31,writer_replacement,implement,17d6e9b2-e9a3-44a8-b129-4e05dc4dc4ee,2026-09-19 01:49:49
b65b05e9-5c47-4266-a03b-097cd44ea87d,32,resume_target_unrecoverable,implement,,2026-09-19 01:49:49
b65b05e9-5c47-4266-a03b-097cd44ea87d,33,execution_dead_rolled_back,implement,a4498061-db25-460c-b1e1-38df5a0bd79c,2026-09-19 01:49:49
b65b05e9-5c47-4266-a03b-097cd44ea87d,34,repeated_dead_execution_pattern,implement,a4498061-db25-460c-b1e1-38df5a0bd79c,2026-09-19 01:49:49
b65b05e9-5c47-4266-a03b-097cd44ea87d,36,execution_admitted,implement,17d6e9b2-e9a3-44a8-b129-4e05dc4dc4ee,2026-09-19 01:49:49
0b7f3dd9-6718-40b0-8968-d90be6f6af31,47,writer_replacement,implement,810eac3f-af1a-42b0-a030-9c34fe1a52e9,2026-09-19 01:50:45
0b7f3dd9-6718-40b0-8968-d90be6f6af31,48,resume_target_unrecoverable,implement,,2026-09-19 01:50:45
0b7f3dd9-6718-40b0-8968-d90be6f6af31,49,execution_dead_rolled_back,implement,5d516284-e645-4c93-ae55-3b108cceaef7,2026-09-19 01:50:45
0b7f3dd9-6718-40b0-8968-d90be6f6af31,50,repeated_dead_execution_pattern,implement,5d516284-e645-4c93-ae55-3b108cceaef7,2026-09-19 01:50:45
650416db-1303-44a8-aa50-0a9fbd94a9df,35,writer_replacement,implement,01bc7404-5157-4c82-9304-0176c017ba18,2026-09-19 01:50:45
650416db-1303-44a8-aa50-0a9fbd94a9df,36,resume_target_unrecoverable,implement,,2026-09-19 01:50:45
650416db-1303-44a8-aa50-0a9fbd94a9df,37,execution_dead_rolled_back,implement,b94d5d49-8e55-4450-b347-0279f792d161,2026-09-19 01:50:45
650416db-1303-44a8-aa50-0a9fbd94a9df,38,repeated_dead_execution_pattern,implement,b94d5d49-8e55-4450-b347-0279f792d161,2026-09-19 01:50:45
b8c293f0-6968-4f33-8df7-e7e6aea2a7cb,46,writer_replacement,implement,70b84dfc-5d03-4b27-95a9-7617c53fae5c,2026-09-19 01:50:45
b8c293f0-6968-4f33-8df7-e7e6aea2a7cb,47,resume_target_unrecoverable,implement,,2026-09-19 01:50:45
b8c293f0-6968-4f33-8df7-e7e6aea2a7cb,48,execution_dead_rolled_back,implement,24d624ec-8e82-44ae-9fb3-7b08e90005c6,2026-09-19 01:50:45
b8c293f0-6968-4f33-8df7-e7e6aea2a7cb,49,repeated_dead_execution_pattern,implement,24d624ec-8e82-44ae-9fb3-7b08e90005c6,2026-09-19 01:50:45
bb1505dc-ec3f-41e0-ac46-415f42544f61,33,writer_replacement,implement,9135fae4-38f7-4244-936c-3bdff8462f13,2026-09-19 01:50:45
bb1505dc-ec3f-41e0-ac46-415f42544f61,34,resume_target_unrecoverable,implement,,2026-09-19 01:50:45
bb1505dc-ec3f-41e0-ac46-415f42544f61,35,execution_dead_rolled_back,implement,2ddb8a06-2b6b-41f8-9eeb-d7a613d2c696,2026-09-19 01:50:45
bb1505dc-ec3f-41e0-ac46-415f42544f61,36,repeated_dead_execution_pattern,implement,2ddb8a06-2b6b-41f8-9eeb-d7a613d2c696,2026-09-19 01:50:45
bfccf333-618a-40b3-a0ea-8a2f5777cfd6,33,writer_replacement,implement,f4861b98-e6ce-465a-b8a6-313174c5e838,2026-09-19 01:50:45
bfccf333-618a-40b3-a0ea-8a2f5777cfd6,34,resume_target_unrecoverable,implement,,2026-09-19 01:50:45
bfccf333-618a-40b3-a0ea-8a2f5777cfd6,35,execution_dead_rolled_back,implement,7999f328-b167-45ac-983d-89a9b8378237,2026-09-19 01:50:45
bfccf333-618a-40b3-a0ea-8a2f5777cfd6,36,repeated_dead_execution_pattern,implement,7999f328-b167-45ac-983d-89a9b8378237,2026-09-19 01:50:45
0b7f3dd9-6718-40b0-8968-d90be6f6af31,52,execution_admitted,implement,810eac3f-af1a-42b0-a030-9c34fe1a52e9,2026-09-19 01:50:45
650416db-1303-44a8-aa50-0a9fbd94a9df,40,execution_admitted,implement,01bc7404-5157-4c82-9304-0176c017ba18,2026-09-19 01:51:39
b8c293f0-6968-4f33-8df7-e7e6aea2a7cb,51,execution_admitted,implement,70b84dfc-5d03-4b27-95a9-7617c53fae5c,2026-09-19 01:52:33
bb1505dc-ec3f-41e0-ac46-415f42544f61,38,execution_admitted,implement,9135fae4-38f7-4244-936c-3bdff8462f13,2026-09-19 01:53:27
bfccf333-618a-40b3-a0ea-8a2f5777cfd6,38,execution_admitted,implement,f4861b98-e6ce-465a-b8a6-313174c5e838,2026-09-19 01:54:21
d6b34663-d251-4174-9e96-281c09ae7241,38,execution_dead_rolled_back,implement,4d91eeb9-a966-4cf1-879d-94fb0bbf5e8a,2026-09-19 03:54:38
d6b34663-d251-4174-9e96-281c09ae7241,42,execution_admitted,implement,b53c0695-ac5a-4bbe-9e35-1fe4ea9dbf57,2026-09-19 03:54:38
c75e973f-855d-468d-9a46-86deb7a4b108,30,node_completed,founder_gate,d3db9668-0a38-4ad7-a185-0977f9a9276d,2026-09-19 03:54:53
d6b34663-d251-4174-9e96-281c09ae7241,47,rework_replacement_launched,implement,b53c0695-ac5a-4bbe-9e35-1fe4ea9dbf57,2026-09-19 03:55:33
d6b34663-d251-4174-9e96-281c09ae7241,49,writer_replacement,implement,fab1d005-8f88-4c78-a27d-c41c1cc2829c,2026-09-19 03:55:53
d6b34663-d251-4174-9e96-281c09ae7241,50,resume_target_unrecoverable,implement,,2026-09-19 03:55:53
d6b34663-d251-4174-9e96-281c09ae7241,51,execution_dead_rolled_back,implement,b53c0695-ac5a-4bbe-9e35-1fe4ea9dbf57,2026-09-19 03:55:53
d6b34663-d251-4174-9e96-281c09ae7241,52,repeated_dead_execution_pattern,implement,b53c0695-ac5a-4bbe-9e35-1fe4ea9dbf57,2026-09-19 03:55:53
cf4ec485-c982-4b9b-96e8-1a2a47e4e8d0,47,node_completed,founder_gate,5fda02f9-fd23-4adc-a49b-a7d453725994,2026-09-19 03:56:03
d6b34663-d251-4174-9e96-281c09ae7241,56,execution_admitted,implement,fab1d005-8f88-4c78-a27d-c41c1cc2829c,2026-09-19 03:58:33
d6b34663-d251-4174-9e96-281c09ae7241,61,rework_replacement_launched,implement,fab1d005-8f88-4c78-a27d-c41c1cc2829c,2026-09-19 03:59:38
d6b34663-d251-4174-9e96-281c09ae7241,63,writer_replacement,implement,b0ebc726-e93a-47b3-8ea5-87704b738ffa,2026-09-19 04:00:53
d6b34663-d251-4174-9e96-281c09ae7241,64,resume_target_unrecoverable,implement,,2026-09-19 04:00:53
d6b34663-d251-4174-9e96-281c09ae7241,65,execution_dead_rolled_back,implement,fab1d005-8f88-4c78-a27d-c41c1cc2829c,2026-09-19 04:00:53
d6b34663-d251-4174-9e96-281c09ae7241,66,repeated_dead_execution_pattern,implement,fab1d005-8f88-4c78-a27d-c41c1cc2829c,2026-09-19 04:00:53
d6b34663-d251-4174-9e96-281c09ae7241,70,execution_admitted,implement,b0ebc726-e93a-47b3-8ea5-87704b738ffa,2026-09-19 04:02:38
d6b34663-d251-4174-9e96-281c09ae7241,75,rework_replacement_launched,implement,b0ebc726-e93a-47b3-8ea5-87704b738ffa,2026-09-19 04:03:33
eb652991-d6f8-48e4-b59a-1baf94747289,3,execution_admitted,implement,235b48cb-0c9f-48f3-b481-0eb63bdc5a4c,2026-09-19 04:04:35
3e79e0f8-4102-4f2b-b4ec-6292d1e06dcc,43,run_terminated_by_operator,,,2026-09-19 04:06:30
b297afc3-f73e-4bd1-ac0e-a4bf64d79b54,27,run_terminated_by_operator,,,2026-09-19 04:06:30
a2727d85-eb8b-4c63-87d9-049f149316ca,3,execution_admitted,implement,9f360087-6397-4df6-ac10-01adbe6437ff,2026-09-19 04:06:30
c189ac65-2923-4b20-823e-df97bd46e3b0,3,execution_admitted,implement,f0de3427-ea88-415f-83cf-cefa333e06d1,2026-09-19 04:07:45
6f76d337-bc9d-4015-a4af-4d78d2e1da96,3,execution_admitted,implement,8695f77b-bdc8-4b78-9447-5430910058f4,2026-09-19 04:09:38
d6b34663-d251-4174-9e96-281c09ae7241,96,writer_replacement,implement,593305db-38b9-4c7d-bb63-6d0f91dc3bf6,2026-09-19 04:15:54
d6b34663-d251-4174-9e96-281c09ae7241,97,resume_target_unrecoverable,implement,,2026-09-19 04:15:54
d6b34663-d251-4174-9e96-281c09ae7241,98,execution_dead_rolled_back,implement,b0ebc726-e93a-47b3-8ea5-87704b738ffa,2026-09-19 04:15:54
d6b34663-d251-4174-9e96-281c09ae7241,99,repeated_dead_execution_pattern,implement,b0ebc726-e93a-47b3-8ea5-87704b738ffa,2026-09-19 04:15:54
d6b34663-d251-4174-9e96-281c09ae7241,102,execution_admitted,implement,593305db-38b9-4c7d-bb63-6d0f91dc3bf6,2026-09-19 04:15:54
d6b34663-d251-4174-9e96-281c09ae7241,107,rework_replacement_launched,implement,593305db-38b9-4c7d-bb63-6d0f91dc3bf6,2026-09-19 04:16:44
ffe54e53-8014-407e-91f4-72d20842e927,4,execution_admitted,eng_design,66d57aff-5ecc-401d-b1d6-821eee25bb18,2026-09-19 04:26:15
c189ac65-2923-4b20-823e-df97bd46e3b0,11,node_completed,implement,f0de3427-ea88-415f-83cf-cefa333e06d1,2026-09-19 04:32:56
c189ac65-2923-4b20-823e-df97bd46e3b0,16,execution_admitted,qa,00014f14-e10e-42e3-be4e-85a926f354ce,2026-09-19 04:32:57
c189ac65-2923-4b20-823e-df97bd46e3b0,22,node_completed,qa,00014f14-e10e-42e3-be4e-85a926f354ce,2026-09-19 04:41:44
c189ac65-2923-4b20-823e-df97bd46e3b0,29,execution_admitted,implement,f0de3427-ea88-415f-83cf-cefa333e06d1,2026-09-19 04:41:45
650416db-1303-44a8-aa50-0a9fbd94a9df,47,run_terminated_by_operator,,,2026-09-19 04:45:52
e55e698d-953f-4c02-936d-752e66ca08db,3,execution_admitted,implement,02b50c77-b1ee-429b-aa74-a289a17f671d,2026-09-19 04:45:52
0b7f3dd9-6718-40b0-8968-d90be6f6af31,61,run_terminated_by_operator,,,2026-09-19 04:46:36
7d5e7d68-8a02-4f4a-9db3-6ffc0d458d17,4,execution_admitted,eng_design,7e695378-05a8-4166-894a-2b06addc3b22,2026-09-19 04:46:37
bb1505dc-ec3f-41e0-ac46-415f42544f61,45,run_terminated_by_operator,,,2026-09-19 04:47:49
7380b8a8-a64c-480a-998c-3db98bd715ce,3,execution_admitted,implement,ed79051f-89fb-4806-8fcf-0a463503b553,2026-09-19 04:47:56
77b3413a-3616-464f-aead-14fe736558bd,3,execution_admitted,implement,878cb2cc-3782-4352-ac12-5dc408a35637,2026-09-19 04:48:17
b8c293f0-6968-4f33-8df7-e7e6aea2a7cb,61,run_terminated_by_operator,,,2026-09-19 04:48:36
d6b8a817-6024-40e6-ae11-ef9da5e84f35,4,execution_admitted,eng_design,4097085a-de3e-4fbf-8dfd-384eb19aa638,2026-09-19 04:48:37
d6b34663-d251-4174-9e96-281c09ae7241,118,node_completed,implement,593305db-38b9-4c7d-bb63-6d0f91dc3bf6,2026-09-19 04:49:07
d6b34663-d251-4174-9e96-281c09ae7241,126,execution_admitted,qa,cce72933-c3b3-4ab7-981f-077b0689eb61,2026-09-19 04:49:07
7d5e7d68-8a02-4f4a-9db3-6ffc0d458d17,10,node_completed,eng_design,7e695378-05a8-4166-894a-2b06addc3b22,2026-09-19 04:49:45
7d5e7d68-8a02-4f4a-9db3-6ffc0d458d17,15,execution_admitted,implement,b3f5a3a1-4991-4fb7-8ba7-db876559fb1b,2026-09-19 04:49:47
b65b05e9-5c47-4266-a03b-097cd44ea87d,45,run_terminated_by_operator,,,2026-09-19 04:49:53
d9cedcaa-7a12-452f-ba03-5728f915aff2,3,execution_admitted,implement,1bf97239-bc0a-4bfe-b2f8-cc623847aa56,2026-09-19 04:49:57
bfccf333-618a-40b3-a0ea-8a2f5777cfd6,45,run_terminated_by_operator,,,2026-09-19 04:50:56
e6bacd05-9b33-4021-b92b-eff2fc9abb94,3,execution_admitted,implement,d249a2c3-2f7c-41c8-889f-373f6c79437e,2026-09-19 04:50:57
d6b8a817-6024-40e6-ae11-ef9da5e84f35,10,node_completed,eng_design,4097085a-de3e-4fbf-8dfd-384eb19aa638,2026-09-19 04:52:52
d6b8a817-6024-40e6-ae11-ef9da5e84f35,15,execution_admitted,implement,50e3b437-0618-4a9c-93b7-55b70e8ba6cd,2026-09-19 04:52:52
e6bacd05-9b33-4021-b92b-eff2fc9abb94,8,run_terminated_by_operator,,,2026-09-19 04:53:32
d6b34663-d251-4174-9e96-281c09ae7241,135,node_completed,qa,cce72933-c3b3-4ab7-981f-077b0689eb61,2026-09-19 04:54:29
d6b34663-d251-4174-9e96-281c09ae7241,138,gate_opened,founder_gate,,2026-09-19 04:54:29
cd4f2a55-eecf-407d-ac6e-45c572c027e3,3,execution_admitted,implement,79c2ea49-1031-41d5-b4a2-0f5ddf81af8c,2026-09-19 04:56:01
8bc20a0d-345f-431a-b686-eeb058d4dd6e,625,run_terminated_by_operator,,,2026-09-19 05:02:41
c41c24e9-11c9-40ea-b242-3221139a9cc6,3,execution_admitted,implement,8aea8a08-79b5-4fa4-9e5a-5e7b35e7e091,2026-09-19 05:02:49
c189ac65-2923-4b20-823e-df97bd46e3b0,43,node_completed,implement,f0de3427-ea88-415f-83cf-cefa333e06d1,2026-09-19 05:06:12
c189ac65-2923-4b20-823e-df97bd46e3b0,51,execution_admitted,qa,00014f14-e10e-42e3-be4e-85a926f354ce,2026-09-19 05:06:13
ffe54e53-8014-407e-91f4-72d20842e927,11,node_completed,eng_design,66d57aff-5ecc-401d-b1d6-821eee25bb18,2026-09-19 05:08:48
ffe54e53-8014-407e-91f4-72d20842e927,16,execution_admitted,implement,48e79c56-d609-488d-b5fd-24fe51734af9,2026-09-19 05:08:50
eb652991-d6f8-48e4-b59a-1baf94747289,14,node_completed,implement,235b48cb-0c9f-48f3-b481-0eb63bdc5a4c,2026-09-19 05:11:51
eb652991-d6f8-48e4-b59a-1baf94747289,19,execution_admitted,qa,d1c40d60-bbc9-4433-8f8d-23a704f57e52,2026-09-19 05:11:52
c41c24e9-11c9-40ea-b242-3221139a9cc6,11,node_completed,implement,8aea8a08-79b5-4fa4-9e5a-5e7b35e7e091,2026-09-19 05:12:08
c41c24e9-11c9-40ea-b242-3221139a9cc6,16,execution_admitted,qa,ed1a734d-de3c-4908-b6cc-afa3ff49dbf4,2026-09-19 05:12:08
c41c24e9-11c9-40ea-b242-3221139a9cc6,22,node_completed,qa,ed1a734d-de3c-4908-b6cc-afa3ff49dbf4,2026-09-19 05:14:16
c41c24e9-11c9-40ea-b242-3221139a9cc6,29,execution_admitted,implement,8aea8a08-79b5-4fa4-9e5a-5e7b35e7e091,2026-09-19 05:14:17
c189ac65-2923-4b20-823e-df97bd46e3b0,61,node_completed,qa,00014f14-e10e-42e3-be4e-85a926f354ce,2026-09-19 05:15:07
c189ac65-2923-4b20-823e-df97bd46e3b0,63,gate_opened,founder_gate,,2026-09-19 05:15:07
a2727d85-eb8b-4c63-87d9-049f149316ca,13,node_completed,implement,9f360087-6397-4df6-ac10-01adbe6437ff,2026-09-19 05:15:12
a2727d85-eb8b-4c63-87d9-049f149316ca,18,execution_admitted,qa,1b402afb-a31f-4cd6-9308-02537bdd755d,2026-09-19 05:15:13
ffe54e53-8014-407e-91f4-72d20842e927,23,unlaunched_admission_rolled_back,implement,48e79c56-d609-488d-b5fd-24fe51734af9,2026-09-19 05:18:51
e55e698d-953f-4c02-936d-752e66ca08db,12,node_completed,implement,02b50c77-b1ee-429b-aa74-a289a17f671d,2026-09-19 05:22:13
e55e698d-953f-4c02-936d-752e66ca08db,17,execution_admitted,qa,667f36fb-3708-4d33-b14a-f7b4663adbcd,2026-09-19 05:22:13
eb652991-d6f8-48e4-b59a-1baf94747289,25,node_completed,qa,d1c40d60-bbc9-4433-8f8d-23a704f57e52,2026-09-19 05:24:53
eb652991-d6f8-48e4-b59a-1baf94747289,32,execution_admitted,implement,235b48cb-0c9f-48f3-b481-0eb63bdc5a4c,2026-09-19 05:24:54
7d5e7d68-8a02-4f4a-9db3-6ffc0d458d17,23,writer_replacement,implement,1880ed71-0ac9-423d-9009-203f3b06ba35,2026-09-19 05:25:34
7d5e7d68-8a02-4f4a-9db3-6ffc0d458d17,24,resume_target_unrecoverable,implement,,2026-09-19 05:25:34
7d5e7d68-8a02-4f4a-9db3-6ffc0d458d17,25,execution_dead_rolled_back,implement,b3f5a3a1-4991-4fb7-8ba7-db876559fb1b,2026-09-19 05:25:34
7d5e7d68-8a02-4f4a-9db3-6ffc0d458d17,27,execution_admitted,implement,1880ed71-0ac9-423d-9009-203f3b06ba35,2026-09-19 05:25:34
6f76d337-bc9d-4015-a4af-4d78d2e1da96,12,writer_replacement,implement,fa8a01f3-0295-46ef-8f03-4552f9151de8,2026-09-19 05:26:53
6f76d337-bc9d-4015-a4af-4d78d2e1da96,13,resume_target_unrecoverable,implement,,2026-09-19 05:26:53
6f76d337-bc9d-4015-a4af-4d78d2e1da96,14,execution_dead_rolled_back,implement,8695f77b-bdc8-4b78-9447-5430910058f4,2026-09-19 05:26:53
6f76d337-bc9d-4015-a4af-4d78d2e1da96,16,execution_admitted,implement,fa8a01f3-0295-46ef-8f03-4552f9151de8,2026-09-19 05:26:54
7380b8a8-a64c-480a-998c-3db98bd715ce,9,node_completed,implement,ed79051f-89fb-4806-8fcf-0a463503b553,2026-09-19 05:28:33
7380b8a8-a64c-480a-998c-3db98bd715ce,14,execution_admitted,qa,280b76d0-a82f-4766-9b35-b7ae6f339511,2026-09-19 05:28:34
c189ac65-2923-4b20-823e-df97bd46e3b0,67,node_completed,founder_gate,00014f14-e10e-42e3-be4e-85a926f354ce,2026-09-19 05:31:51
d6b34663-d251-4174-9e96-281c09ae7241,150,execution_dead_rolled_back,implement,593305db-38b9-4c7d-bb63-6d0f91dc3bf6,2026-09-19 05:32:36
d6b34663-d251-4174-9e96-281c09ae7241,154,execution_admitted,implement,f96cfae5-6d03-4eae-bbee-9efa14cc4885,2026-09-19 05:32:38
d6b34663-d251-4174-9e96-281c09ae7241,159,rework_replacement_launched,implement,f96cfae5-6d03-4eae-bbee-9efa14cc4885,2026-09-19 05:33:53
6f76d337-bc9d-4015-a4af-4d78d2e1da96,20,writer_replacement,implement,bc4d95cc-fbe2-4023-a49a-3358d1d9378d,2026-09-19 05:35:46
6f76d337-bc9d-4015-a4af-4d78d2e1da96,21,resume_target_unrecoverable,implement,,2026-09-19 05:35:46
6f76d337-bc9d-4015-a4af-4d78d2e1da96,22,execution_dead_rolled_back,implement,fa8a01f3-0295-46ef-8f03-4552f9151de8,2026-09-19 05:35:46
6f76d337-bc9d-4015-a4af-4d78d2e1da96,23,repeated_dead_execution_pattern,implement,fa8a01f3-0295-46ef-8f03-4552f9151de8,2026-09-19 05:35:46
6f76d337-bc9d-4015-a4af-4d78d2e1da96,25,execution_admitted,implement,bc4d95cc-fbe2-4023-a49a-3358d1d9378d,2026-09-19 05:35:48
cd4f2a55-eecf-407d-ac6e-45c572c027e3,14,writer_replacement,implement,cb1ac6d6-1691-406c-b638-6a53c3d4e0ad,2026-09-19 05:36:52
cd4f2a55-eecf-407d-ac6e-45c572c027e3,15,resume_target_unrecoverable,implement,,2026-09-19 05:36:52
cd4f2a55-eecf-407d-ac6e-45c572c027e3,16,execution_dead_rolled_back,implement,79c2ea49-1031-41d5-b4a2-0f5ddf81af8c,2026-09-19 05:36:52
cd4f2a55-eecf-407d-ac6e-45c572c027e3,18,execution_admitted,implement,cb1ac6d6-1691-406c-b638-6a53c3d4e0ad,2026-09-19 05:36:52
ffe54e53-8014-407e-91f4-72d20842e927,26,run_terminated_by_operator,,,2026-09-19 05:46:53
5fc65e11-cceb-42a4-b61d-5413bc6b25d4,3,execution_admitted,implement,18113ed4-c675-49c0-8eea-64d1b9d615b3,2026-09-19 05:46:59
a2727d85-eb8b-4c63-87d9-049f149316ca,25,node_completed,qa,1b402afb-a31f-4cd6-9308-02537bdd755d,2026-09-19 05:47:54
a2727d85-eb8b-4c63-87d9-049f149316ca,28,gate_opened,founder_gate,,2026-09-19 05:47:54
eb652991-d6f8-48e4-b59a-1baf94747289,50,node_completed,implement,235b48cb-0c9f-48f3-b481-0eb63bdc5a4c,2026-09-19 05:53:35
eb652991-d6f8-48e4-b59a-1baf94747289,58,execution_admitted,qa,d1c40d60-bbc9-4433-8f8d-23a704f57e52,2026-09-19 05:53:35
7380b8a8-a64c-480a-998c-3db98bd715ce,21,node_completed,qa,280b76d0-a82f-4766-9b35-b7ae6f339511,2026-09-19 06:15:58
7380b8a8-a64c-480a-998c-3db98bd715ce,24,gate_opened,founder_gate,,2026-09-19 06:15:58
e55e698d-953f-4c02-936d-752e66ca08db,24,node_completed,qa,667f36fb-3708-4d33-b14a-f7b4663adbcd,2026-09-19 06:21:19
e55e698d-953f-4c02-936d-752e66ca08db,27,gate_opened,founder_gate,,2026-09-19 06:21:19
a2727d85-eb8b-4c63-87d9-049f149316ca,38,execution_dead_rolled_back,implement,9f360087-6397-4df6-ac10-01adbe6437ff,2026-09-19 06:27:00
a2727d85-eb8b-4c63-87d9-049f149316ca,42,execution_admitted,implement,0ddf2a6e-7cdc-44c6-86c5-b56ad4918545,2026-09-19 06:27:02
a2727d85-eb8b-4c63-87d9-049f149316ca,47,rework_replacement_launched,implement,0ddf2a6e-7cdc-44c6-86c5-b56ad4918545,2026-09-19 06:28:06
7380b8a8-a64c-480a-998c-3db98bd715ce,28,node_completed,founder_gate,280b76d0-a82f-4766-9b35-b7ae6f339511,2026-09-19 06:29:02
c189ac65-2923-4b20-823e-df97bd46e3b0,78,run_completed,land,0954c1cb-5914-4d6b-b3a5-5b208394c82d,2026-09-19 06:29:41
6f76d337-bc9d-4015-a4af-4d78d2e1da96,28,node_completed,implement,bc4d95cc-fbe2-4023-a49a-3358d1d9378d,2026-09-19 06:31:10
6f76d337-bc9d-4015-a4af-4d78d2e1da96,33,execution_admitted,qa,7e5d9975-0c83-40a3-8e6a-2682936aa6cc,2026-09-19 06:31:14
cd4f2a55-eecf-407d-ac6e-45c572c027e3,23,writer_replacement,implement,3c852082-962c-4701-a774-da28e429502e,2026-09-19 07:09:12
cd4f2a55-eecf-407d-ac6e-45c572c027e3,24,resume_target_unrecoverable,implement,,2026-09-19 07:09:12
cd4f2a55-eecf-407d-ac6e-45c572c027e3,25,execution_dead_rolled_back,implement,cb1ac6d6-1691-406c-b638-6a53c3d4e0ad,2026-09-19 07:09:12
cd4f2a55-eecf-407d-ac6e-45c572c027e3,26,repeated_dead_execution_pattern,implement,cb1ac6d6-1691-406c-b638-6a53c3d4e0ad,2026-09-19 07:09:12
cd4f2a55-eecf-407d-ac6e-45c572c027e3,28,execution_admitted,implement,3c852082-962c-4701-a774-da28e429502e,2026-09-19 07:09:13
5fc65e11-cceb-42a4-b61d-5413bc6b25d4,15,writer_replacement,implement,2e4ce4f6-e037-4e70-a8a7-1b02cfe18317,2026-09-19 07:13:50
5fc65e11-cceb-42a4-b61d-5413bc6b25d4,16,resume_target_unrecoverable,implement,,2026-09-19 07:13:50
5fc65e11-cceb-42a4-b61d-5413bc6b25d4,17,execution_dead_rolled_back,implement,18113ed4-c675-49c0-8eea-64d1b9d615b3,2026-09-19 07:13:50
5fc65e11-cceb-42a4-b61d-5413bc6b25d4,19,execution_admitted,implement,2e4ce4f6-e037-4e70-a8a7-1b02cfe18317,2026-09-19 07:13:51
d6b34663-d251-4174-9e96-281c09ae7241,194,node_completed,implement,f96cfae5-6d03-4eae-bbee-9efa14cc4885,2026-09-19 07:14:20
d6b34663-d251-4174-9e96-281c09ae7241,202,execution_admitted,qa,cce72933-c3b3-4ab7-981f-077b0689eb61,2026-09-19 07:15:11
a2727d85-eb8b-4c63-87d9-049f149316ca,66,node_completed,implement,0ddf2a6e-7cdc-44c6-86c5-b56ad4918545,2026-09-19 07:19:53
a2727d85-eb8b-4c63-87d9-049f149316ca,74,execution_admitted,qa,1b402afb-a31f-4cd6-9308-02537bdd755d,2026-09-19 07:19:55
5c809cee-6784-424e-8f78-84e803c042c1,33,node_completed,founder_gate,c47521c6-9323-4278-bfa1-3c4b7030406c,2026-09-19 07:30:48
a2727d85-eb8b-4c63-87d9-049f149316ca,85,node_completed,qa,1b402afb-a31f-4cd6-9308-02537bdd755d,2026-09-19 07:31:33
a2727d85-eb8b-4c63-87d9-049f149316ca,88,gate_opened,founder_gate,,2026-09-19 07:31:33
d9cedcaa-7a12-452f-ba03-5728f915aff2,14,writer_replacement,implement,191c26f5-1201-4403-aecb-eb9552a4bfa8,2026-09-19 07:33:33
d9cedcaa-7a12-452f-ba03-5728f915aff2,15,resume_target_unrecoverable,implement,,2026-09-19 07:33:33
d9cedcaa-7a12-452f-ba03-5728f915aff2,16,execution_dead_rolled_back,implement,1bf97239-bc0a-4bfe-b2f8-cc623847aa56,2026-09-19 07:33:33
d9cedcaa-7a12-452f-ba03-5728f915aff2,18,execution_admitted,implement,191c26f5-1201-4403-aecb-eb9552a4bfa8,2026-09-19 07:33:33
d6b34663-d251-4174-9e96-281c09ae7241,216,node_completed,qa,cce72933-c3b3-4ab7-981f-077b0689eb61,2026-09-19 07:34:01
d6b34663-d251-4174-9e96-281c09ae7241,219,gate_opened,founder_gate,,2026-09-19 07:34:01
6f76d337-bc9d-4015-a4af-4d78d2e1da96,40,node_completed,qa,7e5d9975-0c83-40a3-8e6a-2682936aa6cc,2026-09-19 07:35:22
6f76d337-bc9d-4015-a4af-4d78d2e1da96,43,gate_opened,founder_gate,,2026-09-19 07:35:22
c41c24e9-11c9-40ea-b242-3221139a9cc6,88,execution_dead_rolled_back,implement,8aea8a08-79b5-4fa4-9e5a-5e7b35e7e091,2026-09-19 07:35:52
c41c24e9-11c9-40ea-b242-3221139a9cc6,94,execution_admitted,implement,6e856e2c-24d7-4bce-90e4-f7d7bc628289,2026-09-19 07:35:55
c41c24e9-11c9-40ea-b242-3221139a9cc6,99,rework_replacement_launched,implement,6e856e2c-24d7-4bce-90e4-f7d7bc628289,2026-09-19 07:37:22
77b3413a-3616-464f-aead-14fe736558bd,15,writer_replacement,implement,2e12bf93-5498-4460-9861-9cbd5d016bfd,2026-09-19 07:38:34
77b3413a-3616-464f-aead-14fe736558bd,16,resume_target_unrecoverable,implement,,2026-09-19 07:38:34
77b3413a-3616-464f-aead-14fe736558bd,17,execution_dead_rolled_back,implement,878cb2cc-3782-4352-ac12-5dc408a35637,2026-09-19 07:38:34
77b3413a-3616-464f-aead-14fe736558bd,19,execution_admitted,implement,2e12bf93-5498-4460-9861-9cbd5d016bfd,2026-09-19 07:38:35
d6b8a817-6024-40e6-ae11-ef9da5e84f35,21,node_completed,implement,50e3b437-0618-4a9c-93b7-55b70e8ba6cd,2026-09-19 07:58:19
d6b8a817-6024-40e6-ae11-ef9da5e84f35,26,execution_admitted,qa,2606a25b-af5c-46ed-9db8-9c582c05c47d,2026-09-19 07:58:19
d6b8a817-6024-40e6-ae11-ef9da5e84f35,32,node_completed,qa,2606a25b-af5c-46ed-9db8-9c582c05c47d,2026-09-19 08:21:58
d6b8a817-6024-40e6-ae11-ef9da5e84f35,39,execution_admitted,implement,50e3b437-0618-4a9c-93b7-55b70e8ba6cd,2026-09-19 08:22:00
cd4f2a55-eecf-407d-ac6e-45c572c027e3,36,writer_replacement,implement,f28a69cd-780f-47ba-ba0f-a027d5271ec9,2026-09-19 08:24:14
cd4f2a55-eecf-407d-ac6e-45c572c027e3,37,resume_target_unrecoverable,implement,,2026-09-19 08:24:14
cd4f2a55-eecf-407d-ac6e-45c572c027e3,38,execution_dead_rolled_back,implement,3c852082-962c-4701-a774-da28e429502e,2026-09-19 08:24:14
cd4f2a55-eecf-407d-ac6e-45c572c027e3,39,repeated_dead_execution_pattern,implement,3c852082-962c-4701-a774-da28e429502e,2026-09-19 08:24:14
cd4f2a55-eecf-407d-ac6e-45c572c027e3,41,execution_admitted,implement,f28a69cd-780f-47ba-ba0f-a027d5271ec9,2026-09-19 08:24:14
77b3413a-3616-464f-aead-14fe736558bd,26,writer_replacement,implement,4f1f43fd-7c08-4ac3-88ad-d56b546110f6,2026-09-19 08:25:08
77b3413a-3616-464f-aead-14fe736558bd,27,resume_target_unrecoverable,implement,,2026-09-19 08:25:08
77b3413a-3616-464f-aead-14fe736558bd,28,execution_dead_rolled_back,implement,2e12bf93-5498-4460-9861-9cbd5d016bfd,2026-09-19 08:25:08
77b3413a-3616-464f-aead-14fe736558bd,29,repeated_dead_execution_pattern,implement,2e12bf93-5498-4460-9861-9cbd5d016bfd,2026-09-19 08:25:08
c41c24e9-11c9-40ea-b242-3221139a9cc6,122,writer_replacement,implement,09529162-afa3-4818-a743-268c7a686c6e,2026-09-19 08:25:08
c41c24e9-11c9-40ea-b242-3221139a9cc6,123,resume_target_unrecoverable,implement,,2026-09-19 08:25:08
c41c24e9-11c9-40ea-b242-3221139a9cc6,124,execution_dead_rolled_back,implement,6e856e2c-24d7-4bce-90e4-f7d7bc628289,2026-09-19 08:25:08
c41c24e9-11c9-40ea-b242-3221139a9cc6,125,repeated_dead_execution_pattern,implement,6e856e2c-24d7-4bce-90e4-f7d7bc628289,2026-09-19 08:25:08
d9cedcaa-7a12-452f-ba03-5728f915aff2,23,writer_replacement,implement,fbf9a45c-3d06-4205-adb5-daea941d7369,2026-09-19 08:25:08
d9cedcaa-7a12-452f-ba03-5728f915aff2,24,resume_target_unrecoverable,implement,,2026-09-19 08:25:08
d9cedcaa-7a12-452f-ba03-5728f915aff2,25,execution_dead_rolled_back,implement,191c26f5-1201-4403-aecb-eb9552a4bfa8,2026-09-19 08:25:08
d9cedcaa-7a12-452f-ba03-5728f915aff2,26,repeated_dead_execution_pattern,implement,191c26f5-1201-4403-aecb-eb9552a4bfa8,2026-09-19 08:25:08
77b3413a-3616-464f-aead-14fe736558bd,31,execution_admitted,implement,4f1f43fd-7c08-4ac3-88ad-d56b546110f6,2026-09-19 08:25:09
d9cedcaa-7a12-452f-ba03-5728f915aff2,28,execution_admitted,implement,fbf9a45c-3d06-4205-adb5-daea941d7369,2026-09-19 08:26:02
5fc65e11-cceb-42a4-b61d-5413bc6b25d4,30,writer_replacement,implement,ede9e63f-99af-4438-8b3d-61d58acb9d23,2026-09-19 08:26:05
5fc65e11-cceb-42a4-b61d-5413bc6b25d4,31,resume_target_unrecoverable,implement,,2026-09-19 08:26:05
5fc65e11-cceb-42a4-b61d-5413bc6b25d4,32,execution_dead_rolled_back,implement,2e4ce4f6-e037-4e70-a8a7-1b02cfe18317,2026-09-19 08:26:05
5fc65e11-cceb-42a4-b61d-5413bc6b25d4,33,repeated_dead_execution_pattern,implement,2e4ce4f6-e037-4e70-a8a7-1b02cfe18317,2026-09-19 08:26:05
d6b8a817-6024-40e6-ae11-ef9da5e84f35,48,execution_dead_rolled_back,implement,50e3b437-0618-4a9c-93b7-55b70e8ba6cd,2026-09-19 08:26:05
c41c24e9-11c9-40ea-b242-3221139a9cc6,129,execution_admitted,implement,09529162-afa3-4818-a743-268c7a686c6e,2026-09-19 08:26:05
5fc65e11-cceb-42a4-b61d-5413bc6b25d4,35,execution_admitted,implement,ede9e63f-99af-4438-8b3d-61d58acb9d23,2026-09-19 08:26:09
d6b8a817-6024-40e6-ae11-ef9da5e84f35,54,execution_admitted,implement,4c7ec945-2cb8-42de-a69c-3e7bad60df7f,2026-09-19 08:27:02
d6b8a817-6024-40e6-ae11-ef9da5e84f35,59,rework_replacement_launched,implement,4c7ec945-2cb8-42de-a69c-3e7bad60df7f,2026-09-19 08:27:55
d6b8a817-6024-40e6-ae11-ef9da5e84f35,61,writer_replacement,implement,6a90a220-22bd-433d-bb10-f31488236963,2026-09-19 08:28:12
d6b8a817-6024-40e6-ae11-ef9da5e84f35,62,resume_target_unrecoverable,implement,,2026-09-19 08:28:12
d6b8a817-6024-40e6-ae11-ef9da5e84f35,63,execution_dead_rolled_back,implement,4c7ec945-2cb8-42de-a69c-3e7bad60df7f,2026-09-19 08:28:12
d6b8a817-6024-40e6-ae11-ef9da5e84f35,64,repeated_dead_execution_pattern,implement,4c7ec945-2cb8-42de-a69c-3e7bad60df7f,2026-09-19 08:28:12
d6b8a817-6024-40e6-ae11-ef9da5e84f35,68,execution_admitted,implement,6a90a220-22bd-433d-bb10-f31488236963,2026-09-19 08:30:55
d6b8a817-6024-40e6-ae11-ef9da5e84f35,73,rework_replacement_launched,implement,6a90a220-22bd-433d-bb10-f31488236963,2026-09-19 08:31:50
d6b8a817-6024-40e6-ae11-ef9da5e84f35,75,writer_replacement,implement,5aab2198-6b5e-4ce7-a255-4c490615cbea,2026-09-19 08:33:12
d6b8a817-6024-40e6-ae11-ef9da5e84f35,76,resume_target_unrecoverable,implement,,2026-09-19 08:33:12
d6b8a817-6024-40e6-ae11-ef9da5e84f35,77,execution_dead_rolled_back,implement,6a90a220-22bd-433d-bb10-f31488236963,2026-09-19 08:33:12
d6b8a817-6024-40e6-ae11-ef9da5e84f35,78,repeated_dead_execution_pattern,implement,6a90a220-22bd-433d-bb10-f31488236963,2026-09-19 08:33:12
d6b8a817-6024-40e6-ae11-ef9da5e84f35,82,execution_admitted,implement,5aab2198-6b5e-4ce7-a255-4c490615cbea,2026-09-19 08:34:50
d6b8a817-6024-40e6-ae11-ef9da5e84f35,87,rework_replacement_launched,implement,5aab2198-6b5e-4ce7-a255-4c490615cbea,2026-09-19 08:35:44
d9cedcaa-7a12-452f-ba03-5728f915aff2,35,unlaunched_admission_rolled_back,implement,fbf9a45c-3d06-4205-adb5-daea941d7369,2026-09-19 08:36:03
c41c24e9-11c9-40ea-b242-3221139a9cc6,136,unlaunched_admission_rolled_back,implement,09529162-afa3-4818-a743-268c7a686c6e,2026-09-19 08:36:06
77b3413a-3616-464f-aead-14fe736558bd,38,writer_replacement,implement,b2e3830c-d93c-4b1e-a6ca-bc8c3e411469,2026-09-19 08:40:09
77b3413a-3616-464f-aead-14fe736558bd,39,resume_target_unrecoverable,implement,,2026-09-19 08:40:09
77b3413a-3616-464f-aead-14fe736558bd,40,execution_dead_rolled_back,implement,4f1f43fd-7c08-4ac3-88ad-d56b546110f6,2026-09-19 08:40:09
77b3413a-3616-464f-aead-14fe736558bd,41,repeated_dead_execution_pattern,implement,4f1f43fd-7c08-4ac3-88ad-d56b546110f6,2026-09-19 08:40:09
77b3413a-3616-464f-aead-14fe736558bd,43,execution_admitted,implement,b2e3830c-d93c-4b1e-a6ca-bc8c3e411469,2026-09-19 08:40:09
5fc65e11-cceb-42a4-b61d-5413bc6b25d4,39,writer_replacement,implement,af53b359-7e81-4471-b9d0-5304fb57e16e,2026-09-19 08:41:06
5fc65e11-cceb-42a4-b61d-5413bc6b25d4,40,resume_target_unrecoverable,implement,,2026-09-19 08:41:06
5fc65e11-cceb-42a4-b61d-5413bc6b25d4,41,execution_dead_rolled_back,implement,ede9e63f-99af-4438-8b3d-61d58acb9d23,2026-09-19 08:41:06
5fc65e11-cceb-42a4-b61d-5413bc6b25d4,42,repeated_dead_execution_pattern,implement,ede9e63f-99af-4438-8b3d-61d58acb9d23,2026-09-19 08:41:06
5fc65e11-cceb-42a4-b61d-5413bc6b25d4,44,execution_admitted,implement,af53b359-7e81-4471-b9d0-5304fb57e16e,2026-09-19 08:41:06
d6b8a817-6024-40e6-ae11-ef9da5e84f35,106,writer_replacement,implement,a9079126-80c1-47b0-9c5d-3f1dc4b138e6,2026-09-19 08:48:13
d6b8a817-6024-40e6-ae11-ef9da5e84f35,107,resume_target_unrecoverable,implement,,2026-09-19 08:48:13
d6b8a817-6024-40e6-ae11-ef9da5e84f35,108,execution_dead_rolled_back,implement,5aab2198-6b5e-4ce7-a255-4c490615cbea,2026-09-19 08:48:13
d6b8a817-6024-40e6-ae11-ef9da5e84f35,109,repeated_dead_execution_pattern,implement,5aab2198-6b5e-4ce7-a255-4c490615cbea,2026-09-19 08:48:13
d6b8a817-6024-40e6-ae11-ef9da5e84f35,112,execution_admitted,implement,a9079126-80c1-47b0-9c5d-3f1dc4b138e6,2026-09-19 08:48:13
d6b8a817-6024-40e6-ae11-ef9da5e84f35,117,rework_replacement_launched,implement,a9079126-80c1-47b0-9c5d-3f1dc4b138e6,2026-09-19 08:49:07
d6b34663-d251-4174-9e96-281c09ae7241,271,execution_admitted,implement,f96cfae5-6d03-4eae-bbee-9efa14cc4885,2026-09-19 15:44:25
d6b34663-d251-4174-9e96-281c09ae7241,276,execution_dead_rolled_back,implement,f96cfae5-6d03-4eae-bbee-9efa14cc4885,2026-09-19 15:44:25
d6b34663-d251-4174-9e96-281c09ae7241,280,execution_admitted,implement,799069ce-29fa-4494-b0ef-a95719b70b2d,2026-09-19 15:44:25
d6b34663-d251-4174-9e96-281c09ae7241,286,rework_replacement_launched,implement,799069ce-29fa-4494-b0ef-a95719b70b2d,2026-09-19 15:45:20
d6b34663-d251-4174-9e96-281c09ae7241,289,writer_replacement,implement,e7a34162-0848-41cd-b030-3f9c19be47b7,2026-09-19 15:45:38
d6b34663-d251-4174-9e96-281c09ae7241,290,resume_target_unrecoverable,implement,,2026-09-19 15:45:38
d6b34663-d251-4174-9e96-281c09ae7241,291,execution_dead_rolled_back,implement,799069ce-29fa-4494-b0ef-a95719b70b2d,2026-09-19 15:45:38
d6b34663-d251-4174-9e96-281c09ae7241,292,repeated_dead_execution_pattern,implement,799069ce-29fa-4494-b0ef-a95719b70b2d,2026-09-19 15:45:38
a2727d85-eb8b-4c63-87d9-049f149316ca,131,node_completed,founder_gate,1b402afb-a31f-4cd6-9308-02537bdd755d,2026-09-19 15:47:17
d6b34663-d251-4174-9e96-281c09ae7241,296,execution_admitted,implement,e7a34162-0848-41cd-b030-3f9c19be47b7,2026-09-19 15:48:50
eb652991-d6f8-48e4-b59a-1baf94747289,261,node_completed,qa,d1c40d60-bbc9-4433-8f8d-23a704f57e52,2026-09-19 15:49:12
d6b34663-d251-4174-9e96-281c09ae7241,301,rework_replacement_launched,implement,e7a34162-0848-41cd-b030-3f9c19be47b7,2026-09-19 15:49:59
eb652991-d6f8-48e4-b59a-1baf94747289,269,execution_admitted,implement,235b48cb-0c9f-48f3-b481-0eb63bdc5a4c,2026-09-19 15:50:00
d6b34663-d251-4174-9e96-281c09ae7241,303,writer_replacement,implement,657bd84c-1010-4bd9-8835-68b654241b6a,2026-09-19 15:50:39
d6b34663-d251-4174-9e96-281c09ae7241,304,resume_target_unrecoverable,implement,,2026-09-19 15:50:39
d6b34663-d251-4174-9e96-281c09ae7241,305,execution_dead_rolled_back,implement,e7a34162-0848-41cd-b030-3f9c19be47b7,2026-09-19 15:50:39
d6b34663-d251-4174-9e96-281c09ae7241,306,repeated_dead_execution_pattern,implement,e7a34162-0848-41cd-b030-3f9c19be47b7,2026-09-19 15:50:39
d6b34663-d251-4174-9e96-281c09ae7241,310,execution_admitted,implement,657bd84c-1010-4bd9-8835-68b654241b6a,2026-09-19 15:53:00
d6b34663-d251-4174-9e96-281c09ae7241,318,unlaunched_admission_rolled_back,implement,657bd84c-1010-4bd9-8835-68b654241b6a,2026-09-19 16:03:00
6f76d337-bc9d-4015-a4af-4d78d2e1da96,261,execution_admitted,qa,7e5d9975-0c83-40a3-8e6a-2682936aa6cc,2026-09-20 21:28:08
7d5e7d68-8a02-4f4a-9db3-6ffc0d458d17,38,run_terminated,implement,1880ed71-0ac9-423d-9009-203f3b06ba35,2026-09-20 21:31:20
4d8bcb46-7b51-4339-8e92-f0c46820d86b,3,execution_admitted,implement,f15ad189-63a1-49e1-b2f4-a3b15cb4a64a,2026-09-20 21:31:32
82f0f3a5-8564-471f-8dcf-209fbf04793e,4,execution_admitted,eng_design,481af938-0103-46ae-a568-dc2acb457ea2,2026-09-20 21:34:09
50898ad0-107e-45fa-8a85-0569b332a799,4,execution_admitted,eng_design,e9916077-f18b-4797-9955-7bcdde2fe01d,2026-09-20 21:36:42
e3953013-ab39-420d-af22-914cca1404b8,4,execution_admitted,eng_design,225b9ad5-2785-4416-a89a-ea1f3b534344,2026-09-20 21:40:07
3f788ab3-b20b-4aa0-a1e0-914a78478bb8,4,execution_admitted,eng_design,87f166c8-c9c4-4043-bd4e-7130997fdccf,2026-09-20 21:42:32
e3953013-ab39-420d-af22-914cca1404b8,10,node_completed,eng_design,225b9ad5-2785-4416-a89a-ea1f3b534344,2026-09-20 21:44:52
e3953013-ab39-420d-af22-914cca1404b8,15,execution_admitted,implement,3a6c603a-ae9e-4302-a397-52430829830d,2026-09-20 21:44:52
50898ad0-107e-45fa-8a85-0569b332a799,11,node_completed,eng_design,e9916077-f18b-4797-9955-7bcdde2fe01d,2026-09-20 21:46:42
50898ad0-107e-45fa-8a85-0569b332a799,16,execution_admitted,implement,14f73b84-ddd1-4ed6-af00-f22745edfd7d,2026-09-20 21:46:43
82f0f3a5-8564-471f-8dcf-209fbf04793e,12,node_completed,eng_design,481af938-0103-46ae-a568-dc2acb457ea2,2026-09-20 22:12:01
82f0f3a5-8564-471f-8dcf-209fbf04793e,17,execution_admitted,implement,3cd9723d-dfbc-4485-998c-d70ba956bfd4,2026-09-20 22:12:01
3f788ab3-b20b-4aa0-a1e0-914a78478bb8,13,node_completed,eng_design,87f166c8-c9c4-4043-bd4e-7130997fdccf,2026-09-20 22:37:27
3f788ab3-b20b-4aa0-a1e0-914a78478bb8,18,execution_admitted,implement,cc274bce-9867-4f06-a7d5-94143939735e,2026-09-20 22:37:28
f634fbc3-c649-4c8e-9eb2-4db98618a0c2,3,execution_admitted,implement,93cf2eeb-2ce7-40d6-bf30-a787f1a44847,2026-09-20 22:38:53
4536796c-d5d4-4cad-88d9-326f5c0bbfa8,3,execution_admitted,implement,eb4837d6-21fe-4e41-9ef0-a5a146c973b9,2026-09-20 22:57:27
f634fbc3-c649-4c8e-9eb2-4db98618a0c2,11,node_completed,implement,93cf2eeb-2ce7-40d6-bf30-a787f1a44847,2026-09-20 22:59:28
f634fbc3-c649-4c8e-9eb2-4db98618a0c2,16,execution_admitted,qa,a1f9e00f-c26d-440d-9ac1-daf82ccd75b1,2026-09-20 22:59:29
4d8bcb46-7b51-4339-8e92-f0c46820d86b,13,node_completed,implement,f15ad189-63a1-49e1-b2f4-a3b15cb4a64a,2026-09-20 23:05:03
4d8bcb46-7b51-4339-8e92-f0c46820d86b,18,execution_admitted,qa,ec523f20-a437-4c81-a68b-dacd45022a79,2026-09-20 23:05:03
e3953013-ab39-420d-af22-914cca1404b8,24,node_completed,implement,3a6c603a-ae9e-4302-a397-52430829830d,2026-09-20 23:14:05
e3953013-ab39-420d-af22-914cca1404b8,29,execution_admitted,qa,cd6f1220-3cd0-4f72-b0c5-8ef8ee2a485d,2026-09-20 23:14:06
f634fbc3-c649-4c8e-9eb2-4db98618a0c2,23,node_completed,qa,a1f9e00f-c26d-440d-9ac1-daf82ccd75b1,2026-09-20 23:18:53
f634fbc3-c649-4c8e-9eb2-4db98618a0c2,26,gate_opened,founder_gate,,2026-09-20 23:18:53
50898ad0-107e-45fa-8a85-0569b332a799,29,node_completed,implement,14f73b84-ddd1-4ed6-af00-f22745edfd7d,2026-09-20 23:21:27
50898ad0-107e-45fa-8a85-0569b332a799,34,execution_admitted,qa,c694312d-f54b-4a41-a206-11fdd2d70576,2026-09-20 23:21:28
e3953013-ab39-420d-af22-914cca1404b8,36,unlaunched_admission_rolled_back,qa,cd6f1220-3cd0-4f72-b0c5-8ef8ee2a485d,2026-09-20 23:24:07
e3953013-ab39-420d-af22-914cca1404b8,42,run_terminated,implement,3a6c603a-ae9e-4302-a397-52430829830d,2026-09-20 23:53:44
83175fd7-d0ae-44e9-92b3-29657908a1f2,3,execution_admitted,implement,525c3f9d-226e-4ca1-b131-acad152166b7,2026-09-20 23:53:53
83175fd7-d0ae-44e9-92b3-29657908a1f2,9,node_completed,implement,525c3f9d-226e-4ca1-b131-acad152166b7,2026-09-20 23:58:03
83175fd7-d0ae-44e9-92b3-29657908a1f2,14,execution_admitted,qa,ccfee0b6-7a6a-4da8-b1a4-39b930c84378,2026-09-20 23:58:03
83175fd7-d0ae-44e9-92b3-29657908a1f2,20,node_completed,qa,ccfee0b6-7a6a-4da8-b1a4-39b930c84378,2026-09-21 00:24:52
50898ad0-107e-45fa-8a85-0569b332a799,41,node_completed,qa,c694312d-f54b-4a41-a206-11fdd2d70576,2026-09-21 00:24:52
50898ad0-107e-45fa-8a85-0569b332a799,44,gate_opened,founder_gate,,2026-09-21 00:24:52
83175fd7-d0ae-44e9-92b3-29657908a1f2,27,execution_admitted,implement,525c3f9d-226e-4ca1-b131-acad152166b7,2026-09-21 00:24:52
4536796c-d5d4-4cad-88d9-326f5c0bbfa8,11,node_completed,implement,eb4837d6-21fe-4e41-9ef0-a5a146c973b9,2026-09-21 01:02:43
4536796c-d5d4-4cad-88d9-326f5c0bbfa8,16,execution_admitted,qa,9ba1a956-2ece-4603-ae43-542f54a1624b,2026-09-21 01:02:44
3f788ab3-b20b-4aa0-a1e0-914a78478bb8,27,node_completed,implement,cc274bce-9867-4f06-a7d5-94143939735e,2026-09-21 01:15:30
3f788ab3-b20b-4aa0-a1e0-914a78478bb8,32,execution_admitted,qa,78996bcb-071d-4a01-9ec1-7268f6c06c3a,2026-09-21 01:15:31
83175fd7-d0ae-44e9-92b3-29657908a1f2,62,node_completed,implement,525c3f9d-226e-4ca1-b131-acad152166b7,2026-09-21 01:32:51
83175fd7-d0ae-44e9-92b3-29657908a1f2,70,execution_admitted,qa,ccfee0b6-7a6a-4da8-b1a4-39b930c84378,2026-09-21 01:32:52
3f788ab3-b20b-4aa0-a1e0-914a78478bb8,38,node_completed,qa,78996bcb-071d-4a01-9ec1-7268f6c06c3a,2026-09-21 01:35:00
3f788ab3-b20b-4aa0-a1e0-914a78478bb8,45,execution_admitted,implement,cc274bce-9867-4f06-a7d5-94143939735e,2026-09-21 01:35:02
6f76d337-bc9d-4015-a4af-4d78d2e1da96,355,node_completed,qa,7e5d9975-0c83-40a3-8e6a-2682936aa6cc,2026-09-21 01:48:39
6f76d337-bc9d-4015-a4af-4d78d2e1da96,357,gate_opened,founder_gate,,2026-09-21 01:48:39
83175fd7-d0ae-44e9-92b3-29657908a1f2,82,node_completed,qa,ccfee0b6-7a6a-4da8-b1a4-39b930c84378,2026-09-21 01:49:38
83175fd7-d0ae-44e9-92b3-29657908a1f2,90,execution_admitted,implement,525c3f9d-226e-4ca1-b131-acad152166b7,2026-09-21 01:49:39
4536796c-d5d4-4cad-88d9-326f5c0bbfa8,22,node_completed,qa,9ba1a956-2ece-4603-ae43-542f54a1624b,2026-09-21 01:52:01
4536796c-d5d4-4cad-88d9-326f5c0bbfa8,29,execution_admitted,implement,eb4837d6-21fe-4e41-9ef0-a5a146c973b9,2026-09-21 01:52:01
f634fbc3-c649-4c8e-9eb2-4db98618a0c2,47,node_completed,founder_gate,a1f9e00f-c26d-440d-9ac1-daf82ccd75b1,2026-09-21 02:16:08
6f76d337-bc9d-4015-a4af-4d78d2e1da96,364,node_completed,founder_gate,7e5d9975-0c83-40a3-8e6a-2682936aa6cc,2026-09-21 02:16:13
f634fbc3-c649-4c8e-9eb2-4db98618a0c2,55,run_completed,land,672cc375-0e20-469e-8b0a-e5d780bd54fc,2026-09-21 02:18:51
6f76d337-bc9d-4015-a4af-4d78d2e1da96,375,run_completed,land,1401d1ab-79d6-4466-a777-5d9f38e32400,2026-09-21 02:21:53
50898ad0-107e-45fa-8a85-0569b332a799,56,node_completed,founder_gate,c694312d-f54b-4a41-a206-11fdd2d70576,2026-09-21 02:22:49
82f0f3a5-8564-471f-8dcf-209fbf04793e,27,node_completed,implement,3cd9723d-dfbc-4485-998c-d70ba956bfd4,2026-09-21 02:25:42
82f0f3a5-8564-471f-8dcf-209fbf04793e,32,execution_admitted,qa,2898b769-0db6-43a5-9f2c-41fe2dbf256c,2026-09-21 02:25:42
e55e698d-953f-4c02-936d-752e66ca08db,252,execution_dead_rolled_back,implement,02b50c77-b1ee-429b-aa74-a289a17f671d,2026-09-21 02:26:25
e55e698d-953f-4c02-936d-752e66ca08db,256,execution_admitted,implement,35bb76d1-d69f-4384-b4d9-15bc18cd888e,2026-09-21 02:26:25
82f0f3a5-8564-471f-8dcf-209fbf04793e,39,node_completed,qa,2898b769-0db6-43a5-9f2c-41fe2dbf256c,2026-09-21 02:26:47
e55e698d-953f-4c02-936d-752e66ca08db,261,rework_replacement_launched,implement,35bb76d1-d69f-4384-b4d9-15bc18cd888e,2026-09-21 02:27:29
82f0f3a5-8564-471f-8dcf-209fbf04793e,46,execution_admitted,implement,3cd9723d-dfbc-4485-998c-d70ba956bfd4,2026-09-21 02:27:37
50898ad0-107e-45fa-8a85-0569b332a799,69,run_completed,land,287832e1-5ad9-4ba1-8c0e-317a5ee0148c,2026-09-21 02:27:42
4d8bcb46-7b51-4339-8e92-f0c46820d86b,25,node_completed,qa,ec523f20-a437-4c81-a68b-dacd45022a79,2026-09-21 02:31:02
4d8bcb46-7b51-4339-8e92-f0c46820d86b,33,execution_dead_rolled_back,implement,f15ad189-63a1-49e1-b2f4-a3b15cb4a64a,2026-09-21 02:31:02
4d8bcb46-7b51-4339-8e92-f0c46820d86b,37,execution_admitted,implement,70d8138d-bbcf-4818-a88a-34a44070031c,2026-09-21 02:31:02
4d8bcb46-7b51-4339-8e92-f0c46820d86b,42,rework_replacement_launched,implement,70d8138d-bbcf-4818-a88a-34a44070031c,2026-09-21 02:31:57
e55e698d-953f-4c02-936d-752e66ca08db,264,writer_replacement,implement,f3a6d5bb-7a47-4495-8631-c690004c7aca,2026-09-21 02:31:57
e55e698d-953f-4c02-936d-752e66ca08db,265,resume_target_unrecoverable,implement,,2026-09-21 02:31:57
e55e698d-953f-4c02-936d-752e66ca08db,266,execution_dead_rolled_back,implement,35bb76d1-d69f-4384-b4d9-15bc18cd888e,2026-09-21 02:31:57
e55e698d-953f-4c02-936d-752e66ca08db,267,repeated_dead_execution_pattern,implement,35bb76d1-d69f-4384-b4d9-15bc18cd888e,2026-09-21 02:31:57
82f0f3a5-8564-471f-8dcf-209fbf04793e,55,execution_dead_rolled_back,implement,3cd9723d-dfbc-4485-998c-d70ba956bfd4,2026-09-21 02:31:57
82f0f3a5-8564-471f-8dcf-209fbf04793e,61,execution_admitted,implement,8f3cf497-4a32-4474-ac8f-a31d4ee6795f,2026-09-21 02:31:57
82f0f3a5-8564-471f-8dcf-209fbf04793e,67,rework_replacement_launched,implement,8f3cf497-4a32-4474-ac8f-a31d4ee6795f,2026-09-21 02:32:51
4d8bcb46-7b51-4339-8e92-f0c46820d86b,44,writer_replacement,implement,1044db8a-b2ea-463e-af00-2bf68a31a561,2026-09-21 02:32:52
4d8bcb46-7b51-4339-8e92-f0c46820d86b,45,resume_target_unrecoverable,implement,,2026-09-21 02:32:52
4d8bcb46-7b51-4339-8e92-f0c46820d86b,46,execution_dead_rolled_back,implement,70d8138d-bbcf-4818-a88a-34a44070031c,2026-09-21 02:32:52
4d8bcb46-7b51-4339-8e92-f0c46820d86b,47,repeated_dead_execution_pattern,implement,70d8138d-bbcf-4818-a88a-34a44070031c,2026-09-21 02:32:52
3f788ab3-b20b-4aa0-a1e0-914a78478bb8,76,execution_dead_rolled_back,implement,cc274bce-9867-4f06-a7d5-94143939735e,2026-09-21 02:32:52
4536796c-d5d4-4cad-88d9-326f5c0bbfa8,52,execution_dead_rolled_back,implement,eb4837d6-21fe-4e41-9ef0-a5a146c973b9,2026-09-21 02:32:52
3f788ab3-b20b-4aa0-a1e0-914a78478bb8,82,execution_admitted,implement,2e7b9185-572e-42e9-aa6a-81d5bc479042,2026-09-21 02:32:52
3f788ab3-b20b-4aa0-a1e0-914a78478bb8,88,rework_replacement_launched,implement,2e7b9185-572e-42e9-aa6a-81d5bc479042,2026-09-21 02:33:46
4536796c-d5d4-4cad-88d9-326f5c0bbfa8,58,execution_admitted,implement,00105d87-da96-4b0e-92b5-a0403e114736,2026-09-21 02:33:46
4536796c-d5d4-4cad-88d9-326f5c0bbfa8,64,rework_replacement_launched,implement,00105d87-da96-4b0e-92b5-a0403e114736,2026-09-21 02:34:40
3f788ab3-b20b-4aa0-a1e0-914a78478bb8,90,writer_replacement,implement,ae28598b-ba76-456a-a386-d97220c78622,2026-09-21 02:34:41
3f788ab3-b20b-4aa0-a1e0-914a78478bb8,91,resume_target_unrecoverable,implement,,2026-09-21 02:34:41
3f788ab3-b20b-4aa0-a1e0-914a78478bb8,92,execution_dead_rolled_back,implement,2e7b9185-572e-42e9-aa6a-81d5bc479042,2026-09-21 02:34:41
3f788ab3-b20b-4aa0-a1e0-914a78478bb8,93,repeated_dead_execution_pattern,implement,2e7b9185-572e-42e9-aa6a-81d5bc479042,2026-09-21 02:34:41
82f0f3a5-8564-471f-8dcf-209fbf04793e,69,writer_replacement,implement,7cb6bb97-0121-4283-bf04-b2f84a8b52e0,2026-09-21 02:34:41
82f0f3a5-8564-471f-8dcf-209fbf04793e,70,resume_target_unrecoverable,implement,,2026-09-21 02:34:41
82f0f3a5-8564-471f-8dcf-209fbf04793e,71,execution_dead_rolled_back,implement,8f3cf497-4a32-4474-ac8f-a31d4ee6795f,2026-09-21 02:34:41
82f0f3a5-8564-471f-8dcf-209fbf04793e,72,repeated_dead_execution_pattern,implement,8f3cf497-4a32-4474-ac8f-a31d4ee6795f,2026-09-21 02:34:41
e55e698d-953f-4c02-936d-752e66ca08db,271,execution_admitted,implement,f3a6d5bb-7a47-4495-8631-c690004c7aca,2026-09-21 02:34:41
e55e698d-953f-4c02-936d-752e66ca08db,276,rework_replacement_launched,implement,f3a6d5bb-7a47-4495-8631-c690004c7aca,2026-09-21 02:35:35
4536796c-d5d4-4cad-88d9-326f5c0bbfa8,66,writer_replacement,implement,8d7e8392-5b70-4b3b-9a82-c37325670388,2026-09-21 02:35:35
4536796c-d5d4-4cad-88d9-326f5c0bbfa8,67,resume_target_unrecoverable,implement,,2026-09-21 02:35:35
4536796c-d5d4-4cad-88d9-326f5c0bbfa8,68,execution_dead_rolled_back,implement,00105d87-da96-4b0e-92b5-a0403e114736,2026-09-21 02:35:35
4536796c-d5d4-4cad-88d9-326f5c0bbfa8,69,repeated_dead_execution_pattern,implement,00105d87-da96-4b0e-92b5-a0403e114736,2026-09-21 02:35:35
4d8bcb46-7b51-4339-8e92-f0c46820d86b,51,execution_admitted,implement,1044db8a-b2ea-463e-af00-2bf68a31a561,2026-09-21 02:35:35
4d8bcb46-7b51-4339-8e92-f0c46820d86b,56,rework_replacement_launched,implement,1044db8a-b2ea-463e-af00-2bf68a31a561,2026-09-21 02:36:29
82f0f3a5-8564-471f-8dcf-209fbf04793e,76,execution_admitted,implement,7cb6bb97-0121-4283-bf04-b2f84a8b52e0,2026-09-21 02:36:29
82f0f3a5-8564-471f-8dcf-209fbf04793e,81,rework_replacement_launched,implement,7cb6bb97-0121-4283-bf04-b2f84a8b52e0,2026-09-21 02:37:23
e55e698d-953f-4c02-936d-752e66ca08db,278,writer_replacement,implement,7f67d9b1-f482-48f3-9501-39d8c848a9cd,2026-09-21 02:37:26
e55e698d-953f-4c02-936d-752e66ca08db,279,resume_target_unrecoverable,implement,,2026-09-21 02:37:26
e55e698d-953f-4c02-936d-752e66ca08db,280,execution_dead_rolled_back,implement,f3a6d5bb-7a47-4495-8631-c690004c7aca,2026-09-21 02:37:26
e55e698d-953f-4c02-936d-752e66ca08db,281,repeated_dead_execution_pattern,implement,f3a6d5bb-7a47-4495-8631-c690004c7aca,2026-09-21 02:37:26
3f788ab3-b20b-4aa0-a1e0-914a78478bb8,98,execution_admitted,implement,ae28598b-ba76-456a-a386-d97220c78622,2026-09-21 02:37:26
3f788ab3-b20b-4aa0-a1e0-914a78478bb8,103,rework_replacement_launched,implement,ae28598b-ba76-456a-a386-d97220c78622,2026-09-21 02:38:19
4d8bcb46-7b51-4339-8e92-f0c46820d86b,58,writer_replacement,implement,8afd8e3d-593d-414b-a27d-389b93ba5826,2026-09-21 02:38:20
4d8bcb46-7b51-4339-8e92-f0c46820d86b,59,resume_target_unrecoverable,implement,,2026-09-21 02:38:20
4d8bcb46-7b51-4339-8e92-f0c46820d86b,60,execution_dead_rolled_back,implement,1044db8a-b2ea-463e-af00-2bf68a31a561,2026-09-21 02:38:20
4d8bcb46-7b51-4339-8e92-f0c46820d86b,61,repeated_dead_execution_pattern,implement,1044db8a-b2ea-463e-af00-2bf68a31a561,2026-09-21 02:38:20
4536796c-d5d4-4cad-88d9-326f5c0bbfa8,74,execution_admitted,implement,8d7e8392-5b70-4b3b-9a82-c37325670388,2026-09-21 02:38:20
4536796c-d5d4-4cad-88d9-326f5c0bbfa8,79,rework_replacement_launched,implement,8d7e8392-5b70-4b3b-9a82-c37325670388,2026-09-21 02:39:13
e55e698d-953f-4c02-936d-752e66ca08db,285,execution_admitted,implement,7f67d9b1-f482-48f3-9501-39d8c848a9cd,2026-09-21 02:39:13
e55e698d-953f-4c02-936d-752e66ca08db,290,rework_replacement_launched,implement,7f67d9b1-f482-48f3-9501-39d8c848a9cd,2026-09-21 02:40:07
3f788ab3-b20b-4aa0-a1e0-914a78478bb8,105,writer_replacement,implement,bd9a8609-83c2-4c65-bc31-0de4842f342e,2026-09-21 02:40:08
3f788ab3-b20b-4aa0-a1e0-914a78478bb8,106,resume_target_unrecoverable,implement,,2026-09-21 02:40:08
3f788ab3-b20b-4aa0-a1e0-914a78478bb8,107,execution_dead_rolled_back,implement,ae28598b-ba76-456a-a386-d97220c78622,2026-09-21 02:40:08
3f788ab3-b20b-4aa0-a1e0-914a78478bb8,108,repeated_dead_execution_pattern,implement,ae28598b-ba76-456a-a386-d97220c78622,2026-09-21 02:40:08
82f0f3a5-8564-471f-8dcf-209fbf04793e,83,writer_replacement,implement,8d77a59f-e6c2-4823-baf4-63539656cf04,2026-09-21 02:40:08
82f0f3a5-8564-471f-8dcf-209fbf04793e,84,resume_target_unrecoverable,implement,,2026-09-21 02:40:08
82f0f3a5-8564-471f-8dcf-209fbf04793e,85,execution_dead_rolled_back,implement,7cb6bb97-0121-4283-bf04-b2f84a8b52e0,2026-09-21 02:40:08
82f0f3a5-8564-471f-8dcf-209fbf04793e,86,repeated_dead_execution_pattern,implement,7cb6bb97-0121-4283-bf04-b2f84a8b52e0,2026-09-21 02:40:08
4d8bcb46-7b51-4339-8e92-f0c46820d86b,65,execution_admitted,implement,8afd8e3d-593d-414b-a27d-389b93ba5826,2026-09-21 02:40:08
4d8bcb46-7b51-4339-8e92-f0c46820d86b,70,rework_replacement_launched,implement,8afd8e3d-593d-414b-a27d-389b93ba5826,2026-09-21 02:41:01
4536796c-d5d4-4cad-88d9-326f5c0bbfa8,81,writer_replacement,implement,bbdcdd5e-7a25-42cd-a71f-155c98e79ff4,2026-09-21 02:41:02
4536796c-d5d4-4cad-88d9-326f5c0bbfa8,82,resume_target_unrecoverable,implement,,2026-09-21 02:41:02
4536796c-d5d4-4cad-88d9-326f5c0bbfa8,83,execution_dead_rolled_back,implement,8d7e8392-5b70-4b3b-9a82-c37325670388,2026-09-21 02:41:02
4536796c-d5d4-4cad-88d9-326f5c0bbfa8,84,repeated_dead_execution_pattern,implement,8d7e8392-5b70-4b3b-9a82-c37325670388,2026-09-21 02:41:02
82f0f3a5-8564-471f-8dcf-209fbf04793e,90,execution_admitted,implement,8d77a59f-e6c2-4823-baf4-63539656cf04,2026-09-21 02:41:02
82f0f3a5-8564-471f-8dcf-209fbf04793e,95,rework_replacement_launched,implement,8d77a59f-e6c2-4823-baf4-63539656cf04,2026-09-21 02:41:56
3f788ab3-b20b-4aa0-a1e0-914a78478bb8,112,execution_admitted,implement,bd9a8609-83c2-4c65-bc31-0de4842f342e,2026-09-21 02:41:56
3f788ab3-b20b-4aa0-a1e0-914a78478bb8,117,rework_replacement_launched,implement,bd9a8609-83c2-4c65-bc31-0de4842f342e,2026-09-21 02:42:50
4536796c-d5d4-4cad-88d9-326f5c0bbfa8,88,execution_admitted,implement,bbdcdd5e-7a25-42cd-a71f-155c98e79ff4,2026-09-21 02:42:51
4536796c-d5d4-4cad-88d9-326f5c0bbfa8,93,rework_replacement_launched,implement,bbdcdd5e-7a25-42cd-a71f-155c98e79ff4,2026-09-21 02:43:44
d6b8a817-6024-40e6-ae11-ef9da5e84f35,124,run_terminated_by_operator,,,2026-09-21 02:47:33
e55e698d-953f-4c02-936d-752e66ca08db,310,writer_replacement,implement,6ab70b5b-98e5-49ef-a9f6-8d77ecac762f,2026-09-21 02:52:27
e55e698d-953f-4c02-936d-752e66ca08db,311,resume_target_unrecoverable,implement,,2026-09-21 02:52:27
e55e698d-953f-4c02-936d-752e66ca08db,312,execution_dead_rolled_back,implement,7f67d9b1-f482-48f3-9501-39d8c848a9cd,2026-09-21 02:52:27
e55e698d-953f-4c02-936d-752e66ca08db,313,repeated_dead_execution_pattern,implement,7f67d9b1-f482-48f3-9501-39d8c848a9cd,2026-09-21 02:52:27
e55e698d-953f-4c02-936d-752e66ca08db,316,execution_admitted,implement,6ab70b5b-98e5-49ef-a9f6-8d77ecac762f,2026-09-21 02:52:27
e55e698d-953f-4c02-936d-752e66ca08db,321,rework_replacement_launched,implement,6ab70b5b-98e5-49ef-a9f6-8d77ecac762f,2026-09-21 02:53:22
4d8bcb46-7b51-4339-8e92-f0c46820d86b,89,writer_replacement,implement,b8231d24-d578-4ccc-944b-d3968251eb99,2026-09-21 02:53:23
4d8bcb46-7b51-4339-8e92-f0c46820d86b,90,resume_target_unrecoverable,implement,,2026-09-21 02:53:23
4d8bcb46-7b51-4339-8e92-f0c46820d86b,91,execution_dead_rolled_back,implement,8afd8e3d-593d-414b-a27d-389b93ba5826,2026-09-21 02:53:23
4d8bcb46-7b51-4339-8e92-f0c46820d86b,92,repeated_dead_execution_pattern,implement,8afd8e3d-593d-414b-a27d-389b93ba5826,2026-09-21 02:53:23
4d8bcb46-7b51-4339-8e92-f0c46820d86b,96,execution_admitted,implement,b8231d24-d578-4ccc-944b-d3968251eb99,2026-09-21 02:53:23
4d8bcb46-7b51-4339-8e92-f0c46820d86b,101,rework_replacement_launched,implement,b8231d24-d578-4ccc-944b-d3968251eb99,2026-09-21 02:54:16
3f788ab3-b20b-4aa0-a1e0-914a78478bb8,137,writer_replacement,implement,ba61a55c-84e7-4761-902d-a16f857ca02d,2026-09-21 02:55:09
3f788ab3-b20b-4aa0-a1e0-914a78478bb8,138,resume_target_unrecoverable,implement,,2026-09-21 02:55:09
3f788ab3-b20b-4aa0-a1e0-914a78478bb8,139,execution_dead_rolled_back,implement,bd9a8609-83c2-4c65-bc31-0de4842f342e,2026-09-21 02:55:09
3f788ab3-b20b-4aa0-a1e0-914a78478bb8,140,repeated_dead_execution_pattern,implement,bd9a8609-83c2-4c65-bc31-0de4842f342e,2026-09-21 02:55:09
82f0f3a5-8564-471f-8dcf-209fbf04793e,115,writer_replacement,implement,51dd4a57-3248-425d-b27b-4f8b1498efc9,2026-09-21 02:55:09
82f0f3a5-8564-471f-8dcf-209fbf04793e,116,resume_target_unrecoverable,implement,,2026-09-21 02:55:09
82f0f3a5-8564-471f-8dcf-209fbf04793e,117,execution_dead_rolled_back,implement,8d77a59f-e6c2-4823-baf4-63539656cf04,2026-09-21 02:55:09
82f0f3a5-8564-471f-8dcf-209fbf04793e,118,repeated_dead_execution_pattern,implement,8d77a59f-e6c2-4823-baf4-63539656cf04,2026-09-21 02:55:09
3f788ab3-b20b-4aa0-a1e0-914a78478bb8,143,execution_admitted,implement,ba61a55c-84e7-4761-902d-a16f857ca02d,2026-09-21 02:55:09
3f788ab3-b20b-4aa0-a1e0-914a78478bb8,148,rework_replacement_launched,implement,ba61a55c-84e7-4761-902d-a16f857ca02d,2026-09-21 02:56:03
82f0f3a5-8564-471f-8dcf-209fbf04793e,121,execution_admitted,implement,51dd4a57-3248-425d-b27b-4f8b1498efc9,2026-09-21 02:56:03
82f0f3a5-8564-471f-8dcf-209fbf04793e,126,rework_replacement_launched,implement,51dd4a57-3248-425d-b27b-4f8b1498efc9,2026-09-21 02:56:57
4536796c-d5d4-4cad-88d9-326f5c0bbfa8,111,writer_replacement,implement,0d0e5d0a-0856-4a83-85f5-9ec34bc99add,2026-09-21 02:56:58
4536796c-d5d4-4cad-88d9-326f5c0bbfa8,112,resume_target_unrecoverable,implement,,2026-09-21 02:56:58
4536796c-d5d4-4cad-88d9-326f5c0bbfa8,113,execution_dead_rolled_back,implement,bbdcdd5e-7a25-42cd-a71f-155c98e79ff4,2026-09-21 02:56:58
4536796c-d5d4-4cad-88d9-326f5c0bbfa8,114,repeated_dead_execution_pattern,implement,bbdcdd5e-7a25-42cd-a71f-155c98e79ff4,2026-09-21 02:56:58
4536796c-d5d4-4cad-88d9-326f5c0bbfa8,118,execution_admitted,implement,0d0e5d0a-0856-4a83-85f5-9ec34bc99add,2026-09-21 02:56:58
4536796c-d5d4-4cad-88d9-326f5c0bbfa8,123,rework_replacement_launched,implement,0d0e5d0a-0856-4a83-85f5-9ec34bc99add,2026-09-21 02:57:51
d9cedcaa-7a12-452f-ba03-5728f915aff2,40,run_terminated_by_operator,,,2026-09-21 03:46:43
c41c24e9-11c9-40ea-b242-3221139a9cc6,141,run_terminated_by_operator,,,2026-09-21 03:46:43
eb652991-d6f8-48e4-b59a-1baf94747289,289,run_terminated_by_operator,,,2026-09-21 03:46:43
d6b34663-d251-4174-9e96-281c09ae7241,325,run_terminated_by_operator,,,2026-09-21 03:46:43
d7aa7ffd-f9f7-4ab1-b997-d3b5a36ffc18,3,execution_admitted,implement,091bf4bc-5b91-4c91-bec1-b4db24aa34b2,2026-09-21 05:02:56
d7aa7ffd-f9f7-4ab1-b997-d3b5a36ffc18,10,writer_replacement,implement,1c7c4902-97e9-4d96-b0cc-e75c096163d3,2026-09-21 05:04:12
d7aa7ffd-f9f7-4ab1-b997-d3b5a36ffc18,11,resume_target_unrecoverable,implement,,2026-09-21 05:04:12
d7aa7ffd-f9f7-4ab1-b997-d3b5a36ffc18,12,execution_dead_rolled_back,implement,091bf4bc-5b91-4c91-bec1-b4db24aa34b2,2026-09-21 05:04:12
d7aa7ffd-f9f7-4ab1-b997-d3b5a36ffc18,14,execution_admitted,implement,1c7c4902-97e9-4d96-b0cc-e75c096163d3,2026-09-21 05:04:12
d7aa7ffd-f9f7-4ab1-b997-d3b5a36ffc18,18,run_terminated_by_operator,,,2026-09-21 05:04:15
3f788ab3-b20b-4aa0-a1e0-914a78478bb8,152,run_terminated_by_operator,,,2026-09-21 07:11:21
09c95430-90ba-49f5-8048-61b72713dac4,3,execution_admitted,implement,782efee4-b6c2-4065-ac0d-e4157aee886a,2026-09-21 07:11:28
e55e698d-953f-4c02-936d-752e66ca08db,326,run_terminated_by_operator,,,2026-09-21 07:12:36
837d99b5-085a-4cf6-93dd-652c82f01c7f,3,execution_admitted,implement,cec909c2-b2ce-492a-9c7e-9228b5144be7,2026-09-21 07:12:43
83175fd7-d0ae-44e9-92b3-29657908a1f2,108,run_terminated_by_operator,,,2026-09-21 07:13:03
18a7ba4b-f615-42b8-a2a7-6a79641c9833,3,execution_admitted,implement,256b630f-6bdb-4d07-9288-e390da275636,2026-09-21 07:13:10
4536796c-d5d4-4cad-88d9-326f5c0bbfa8,127,run_terminated_by_operator,,,2026-09-21 07:13:35
ff0ad0f3-c7bd-403b-b374-102c7c24ac32,3,execution_admitted,implement,68ac8a30-5f45-419d-a928-d29a0f16a208,2026-09-21 07:13:42
82f0f3a5-8564-471f-8dcf-209fbf04793e,130,run_terminated_by_operator,,,2026-09-21 07:14:03
eac6b4cc-8e90-48fc-97b4-e2ba7c9f3fc2,3,execution_admitted,implement,053c4533-7820-424f-a56d-6c5026713c17,2026-09-21 07:14:12
4d8bcb46-7b51-4339-8e92-f0c46820d86b,106,run_terminated_by_operator,,,2026-09-21 07:14:33
24e415a2-0ba5-44b8-98f1-48824f53de96,3,execution_admitted,implement,4cbbecad-2f5b-4826-aedd-76785c69e75f,2026-09-21 07:14:40
09c95430-90ba-49f5-8048-61b72713dac4,9,node_completed,implement,782efee4-b6c2-4065-ac0d-e4157aee886a,2026-09-21 07:39:37
24e415a2-0ba5-44b8-98f1-48824f53de96,9,node_completed,implement,4cbbecad-2f5b-4826-aedd-76785c69e75f,2026-09-21 07:53:30
ff0ad0f3-c7bd-403b-b374-102c7c24ac32,9,node_completed,implement,68ac8a30-5f45-419d-a928-d29a0f16a208,2026-09-21 08:15:02
18a7ba4b-f615-42b8-a2a7-6a79641c9833,9,node_completed,implement,256b630f-6bdb-4d07-9288-e390da275636,2026-09-21 10:07:00
837d99b5-085a-4cf6-93dd-652c82f01c7f,9,node_completed,implement,cec909c2-b2ce-492a-9c7e-9228b5144be7,2026-09-21 10:08:46
eac6b4cc-8e90-48fc-97b4-e2ba7c9f3fc2,9,node_completed,implement,053c4533-7820-424f-a56d-6c5026713c17,2026-09-21 10:29:46
09c95430-90ba-49f5-8048-61b72713dac4,17,execution_admitted,qa,488c31f2-1fa2-469b-91a2-4ac7793ef1d6,2026-09-22 02:56:01
24e415a2-0ba5-44b8-98f1-48824f53de96,17,execution_admitted,qa,769438fc-85e7-4d56-bcb3-19f26c16c81d,2026-09-22 02:56:11
ff0ad0f3-c7bd-403b-b374-102c7c24ac32,17,execution_admitted,qa,7f258d95-7e02-4e1a-841e-4b5474d3e5d1,2026-09-22 02:56:22
18a7ba4b-f615-42b8-a2a7-6a79641c9833,17,execution_admitted,qa,8f4d89ee-5106-4fb3-ac4c-9b7d5067cf75,2026-09-22 02:56:32
837d99b5-085a-4cf6-93dd-652c82f01c7f,17,execution_admitted,qa,37d15e2b-94f4-4092-a6bf-c754ae67dc97,2026-09-22 02:56:42
eac6b4cc-8e90-48fc-97b4-e2ba7c9f3fc2,17,execution_admitted,qa,c8c0a953-0b16-4c17-aae9-9bb727d35c5a,2026-09-22 02:56:52
3705ccbb-4976-49b9-9a67-a6ebd6a56b39,3,execution_admitted,implement,6f31f6b5-dea4-4be4-8244-15fd26301bfa,2026-09-22 03:03:33
eac6b4cc-8e90-48fc-97b4-e2ba7c9f3fc2,23,node_completed,qa,c8c0a953-0b16-4c17-aae9-9bb727d35c5a,2026-09-22 03:13:50
eac6b4cc-8e90-48fc-97b4-e2ba7c9f3fc2,31,execution_dead_rolled_back,implement,053c4533-7820-424f-a56d-6c5026713c17,2026-09-22 03:13:50
eac6b4cc-8e90-48fc-97b4-e2ba7c9f3fc2,35,execution_admitted,implement,7c27b7ca-1383-41f5-88ec-4a7bf6f12bcf,2026-09-22 03:13:50
eac6b4cc-8e90-48fc-97b4-e2ba7c9f3fc2,40,rework_replacement_launched,implement,7c27b7ca-1383-41f5-88ec-4a7bf6f12bcf,2026-09-22 03:14:03
837d99b5-085a-4cf6-93dd-652c82f01c7f,24,node_completed,qa,37d15e2b-94f4-4092-a6bf-c754ae67dc97,2026-09-22 03:17:49
837d99b5-085a-4cf6-93dd-652c82f01c7f,26,gate_opened,founder_gate,,2026-09-22 03:17:49
cd4f2a55-eecf-407d-ac6e-45c572c027e3,47,run_terminated_by_operator,,,2026-09-22 03:17:56
6a234458-fcc4-4565-a4a3-ac10fd29d815,3,execution_admitted,implement,7e957f13-c0e3-45fa-ad74-a781ac8ee0a7,2026-09-22 03:18:03
24e415a2-0ba5-44b8-98f1-48824f53de96,24,node_completed,qa,769438fc-85e7-4d56-bcb3-19f26c16c81d,2026-09-22 03:18:05
24e415a2-0ba5-44b8-98f1-48824f53de96,26,gate_opened,founder_gate,,2026-09-22 03:18:05
18a7ba4b-f615-42b8-a2a7-6a79641c9833,24,node_completed,qa,8f4d89ee-5106-4fb3-ac4c-9b7d5067cf75,2026-09-22 03:24:40
18a7ba4b-f615-42b8-a2a7-6a79641c9833,26,gate_opened,founder_gate,,2026-09-22 03:24:40
ff0ad0f3-c7bd-403b-b374-102c7c24ac32,24,node_completed,qa,7f258d95-7e02-4e1a-841e-4b5474d3e5d1,2026-09-22 03:27:12
ff0ad0f3-c7bd-403b-b374-102c7c24ac32,26,gate_opened,founder_gate,,2026-09-22 03:27:12
ff0ad0f3-c7bd-403b-b374-102c7c24ac32,30,node_completed,founder_gate,7f258d95-7e02-4e1a-841e-4b5474d3e5d1,2026-09-22 03:44:21
837d99b5-085a-4cf6-93dd-652c82f01c7f,30,node_completed,founder_gate,37d15e2b-94f4-4092-a6bf-c754ae67dc97,2026-09-22 03:57:41
18a7ba4b-f615-42b8-a2a7-6a79641c9833,31,node_completed,founder_gate,8f4d89ee-5106-4fb3-ac4c-9b7d5067cf75,2026-09-22 04:02:06
09c95430-90ba-49f5-8048-61b72713dac4,24,node_completed,qa,488c31f2-1fa2-469b-91a2-4ac7793ef1d6,2026-09-22 04:10:29
09c95430-90ba-49f5-8048-61b72713dac4,26,gate_opened,founder_gate,,2026-09-22 04:10:29
6a234458-fcc4-4565-a4a3-ac10fd29d815,9,node_completed,implement,7e957f13-c0e3-45fa-ad74-a781ac8ee0a7,2026-09-22 04:18:14
6a234458-fcc4-4565-a4a3-ac10fd29d815,16,execution_admitted,qa,6047cd7b-e502-4b07-8733-828aca3881b7,2026-09-22 04:40:29
09c95430-90ba-49f5-8048-61b72713dac4,31,node_completed,founder_gate,488c31f2-1fa2-469b-91a2-4ac7793ef1d6,2026-09-22 04:48:11
09c95430-90ba-49f5-8048-61b72713dac4,41,execution_dead_rolled_back,implement,782efee4-b6c2-4065-ac0d-e4157aee886a,2026-09-22 04:50:48
09c95430-90ba-49f5-8048-61b72713dac4,45,execution_admitted,implement,cbca88b1-189d-4f11-81f1-fbc769d97ffb,2026-09-22 04:50:48
09c95430-90ba-49f5-8048-61b72713dac4,50,rework_replacement_launched,implement,cbca88b1-189d-4f11-81f1-fbc769d97ffb,2026-09-22 04:51:00
3705ccbb-4976-49b9-9a67-a6ebd6a56b39,9,node_completed,implement,6f31f6b5-dea4-4be4-8244-15fd26301bfa,2026-09-22 05:08:26
3705ccbb-4976-49b9-9a67-a6ebd6a56b39,14,execution_admitted,qa,c227aeb2-2753-4f7f-8d0f-cf13e8097c63,2026-09-22 05:08:27
6a234458-fcc4-4565-a4a3-ac10fd29d815,23,node_completed,qa,6047cd7b-e502-4b07-8733-828aca3881b7,2026-09-22 05:09:07
6a234458-fcc4-4565-a4a3-ac10fd29d815,26,gate_opened,founder_gate,,2026-09-22 05:09:07
6a234458-fcc4-4565-a4a3-ac10fd29d815,31,node_completed,founder_gate,6047cd7b-e502-4b07-8733-828aca3881b7,2026-09-22 05:16:55
9ff0c45a-d397-4a0f-b1fb-050d21351446,37,run_terminated_by_operator,,,2026-09-22 05:25:56
24e415a2-0ba5-44b8-98f1-48824f53de96,34,run_terminated_by_operator,,,2026-09-22 05:25:56
1314690d-b2dd-4211-9bab-bd39ca94128d,3,execution_admitted,implement,74b34e1c-f365-49d3-a583-ed04006d46a5,2026-09-22 05:26:08
3065e8d4-993e-43d9-a66a-28b59f3d36e5,3,execution_admitted,implement,691caca6-f623-4187-9ddf-e3483dc57ccf,2026-09-22 05:29:18
3705ccbb-4976-49b9-9a67-a6ebd6a56b39,21,node_completed,qa,c227aeb2-2753-4f7f-8d0f-cf13e8097c63,2026-09-22 05:31:01
3705ccbb-4976-49b9-9a67-a6ebd6a56b39,24,gate_opened,founder_gate,,2026-09-22 05:31:01
09c95430-90ba-49f5-8048-61b72713dac4,71,node_completed,implement,cbca88b1-189d-4f11-81f1-fbc769d97ffb,2026-09-22 05:42:31
09c95430-90ba-49f5-8048-61b72713dac4,79,execution_admitted,qa,488c31f2-1fa2-469b-91a2-4ac7793ef1d6,2026-09-22 05:42:32
09c95430-90ba-49f5-8048-61b72713dac4,90,node_completed,qa,488c31f2-1fa2-469b-91a2-4ac7793ef1d6,2026-09-22 05:54:12
eac6b4cc-8e90-48fc-97b4-e2ba7c9f3fc2,100,node_completed,implement,7c27b7ca-1383-41f5-88ec-4a7bf6f12bcf,2026-09-22 06:13:39
eac6b4cc-8e90-48fc-97b4-e2ba7c9f3fc2,108,execution_admitted,qa,c8c0a953-0b16-4c17-aae9-9bb727d35c5a,2026-09-22 06:13:40
3705ccbb-4976-49b9-9a67-a6ebd6a56b39,31,node_completed,founder_gate,c227aeb2-2753-4f7f-8d0f-cf13e8097c63,2026-09-22 06:43:46
09c95430-90ba-49f5-8048-61b72713dac4,100,execution_admitted,implement,cbca88b1-189d-4f11-81f1-fbc769d97ffb,2026-09-22 06:46:13
3705ccbb-4976-49b9-9a67-a6ebd6a56b39,39,run_completed,land,07795f7a-36db-42f0-b195-464db8efd026,2026-09-22 06:47:01
09c95430-90ba-49f5-8048-61b72713dac4,111,node_completed,implement,cbca88b1-189d-4f11-81f1-fbc769d97ffb,2026-09-22 07:04:00
09c95430-90ba-49f5-8048-61b72713dac4,119,execution_admitted,qa,488c31f2-1fa2-469b-91a2-4ac7793ef1d6,2026-09-22 07:04:00
09c95430-90ba-49f5-8048-61b72713dac4,130,node_completed,qa,488c31f2-1fa2-469b-91a2-4ac7793ef1d6,2026-09-22 07:13:57
09c95430-90ba-49f5-8048-61b72713dac4,132,gate_opened,founder_gate,,2026-09-22 07:13:57
09c95430-90ba-49f5-8048-61b72713dac4,137,node_completed,founder_gate,488c31f2-1fa2-469b-91a2-4ac7793ef1d6,2026-09-22 07:27:23
fec3e02d-ba7e-407c-a55d-87ee17313e30,3,execution_admitted,implement,a466cb95-fab3-4385-ab88-5d81c066dd2f,2026-09-22 07:36:25
eac6b4cc-8e90-48fc-97b4-e2ba7c9f3fc2,150,node_completed,qa,c8c0a953-0b16-4c17-aae9-9bb727d35c5a,2026-09-22 08:00:06
eac6b4cc-8e90-48fc-97b4-e2ba7c9f3fc2,158,execution_admitted,implement,7c27b7ca-1383-41f5-88ec-4a7bf6f12bcf,2026-09-22 08:00:06
1314690d-b2dd-4211-9bab-bd39ca94128d,9,node_completed,implement,74b34e1c-f365-49d3-a583-ed04006d46a5,2026-09-22 08:22:05
1314690d-b2dd-4211-9bab-bd39ca94128d,14,execution_admitted,qa,c3b49431-84a6-41a2-95ba-a50655298f83,2026-09-22 08:22:06
3065e8d4-993e-43d9-a66a-28b59f3d36e5,9,node_completed,implement,691caca6-f623-4187-9ddf-e3483dc57ccf,2026-09-22 08:35:32
3065e8d4-993e-43d9-a66a-28b59f3d36e5,14,execution_admitted,qa,1f905e04-42f2-4774-95cb-ee470931d9d2,2026-09-22 08:35:32
eac6b4cc-8e90-48fc-97b4-e2ba7c9f3fc2,179,node_completed,implement,7c27b7ca-1383-41f5-88ec-4a7bf6f12bcf,2026-09-22 08:45:27
eac6b4cc-8e90-48fc-97b4-e2ba7c9f3fc2,187,execution_admitted,qa,c8c0a953-0b16-4c17-aae9-9bb727d35c5a,2026-09-22 08:45:27
1314690d-b2dd-4211-9bab-bd39ca94128d,20,node_completed,qa,c3b49431-84a6-41a2-95ba-a50655298f83,2026-09-22 08:50:06
1314690d-b2dd-4211-9bab-bd39ca94128d,27,execution_admitted,implement,74b34e1c-f365-49d3-a583-ed04006d46a5,2026-09-22 08:50:07
eac6b4cc-8e90-48fc-97b4-e2ba7c9f3fc2,197,node_completed,qa,c8c0a953-0b16-4c17-aae9-9bb727d35c5a,2026-09-22 08:53:40
eac6b4cc-8e90-48fc-97b4-e2ba7c9f3fc2,199,gate_opened,founder_gate,,2026-09-22 08:53:40
3065e8d4-993e-43d9-a66a-28b59f3d36e5,20,node_completed,qa,1f905e04-42f2-4774-95cb-ee470931d9d2,2026-09-22 08:55:56
3065e8d4-993e-43d9-a66a-28b59f3d36e5,27,execution_admitted,implement,691caca6-f623-4187-9ddf-e3483dc57ccf,2026-09-22 08:55:58
1314690d-b2dd-4211-9bab-bd39ca94128d,35,node_completed,implement,74b34e1c-f365-49d3-a583-ed04006d46a5,2026-09-22 08:58:08
1314690d-b2dd-4211-9bab-bd39ca94128d,43,execution_admitted,qa,c3b49431-84a6-41a2-95ba-a50655298f83,2026-09-22 08:58:09
1314690d-b2dd-4211-9bab-bd39ca94128d,65,node_completed,qa,c3b49431-84a6-41a2-95ba-a50655298f83,2026-09-22 09:41:34
1314690d-b2dd-4211-9bab-bd39ca94128d,67,gate_opened,founder_gate,,2026-09-22 09:41:34
3065e8d4-993e-43d9-a66a-28b59f3d36e5,48,node_completed,implement,691caca6-f623-4187-9ddf-e3483dc57ccf,2026-09-22 09:43:46
3065e8d4-993e-43d9-a66a-28b59f3d36e5,56,execution_admitted,qa,1f905e04-42f2-4774-95cb-ee470931d9d2,2026-09-22 09:43:47
3065e8d4-993e-43d9-a66a-28b59f3d36e5,77,node_completed,qa,1f905e04-42f2-4774-95cb-ee470931d9d2,2026-09-22 10:18:23
3065e8d4-993e-43d9-a66a-28b59f3d36e5,79,gate_opened,founder_gate,,2026-09-22 10:18:23
853019fd-8da6-451b-bfab-ef851424a9a5,3,execution_admitted,implement,d7e64f19-6560-46ad-9194-d544b6011d7a,2026-09-22 16:07:16
853019fd-8da6-451b-bfab-ef851424a9a5,10,writer_replacement,implement,64251181-b0ad-487e-8901-ad8e976ffbc9,2026-09-22 16:08:37
853019fd-8da6-451b-bfab-ef851424a9a5,11,resume_target_unrecoverable,implement,,2026-09-22 16:08:37
853019fd-8da6-451b-bfab-ef851424a9a5,12,execution_dead_rolled_back,implement,d7e64f19-6560-46ad-9194-d544b6011d7a,2026-09-22 16:08:37
853019fd-8da6-451b-bfab-ef851424a9a5,14,execution_admitted,implement,64251181-b0ad-487e-8901-ad8e976ffbc9,2026-09-22 16:08:37
853019fd-8da6-451b-bfab-ef851424a9a5,18,run_terminated_by_operator,,,2026-09-22 16:09:01
f8bd1b21-6ab2-4baf-a2a9-a93d5473bf71,3,execution_admitted,implement,01f47121-a6ea-49ee-a8d8-dc5a472d1681,2026-09-22 16:09:38
1314690d-b2dd-4211-9bab-bd39ca94128d,94,node_completed,founder_gate,c3b49431-84a6-41a2-95ba-a50655298f83,2026-09-22 16:09:59
3065e8d4-993e-43d9-a66a-28b59f3d36e5,111,execution_admitted,qa,1f905e04-42f2-4774-95cb-ee470931d9d2,2026-09-22 16:14:35
3065e8d4-993e-43d9-a66a-28b59f3d36e5,130,node_completed,qa,1f905e04-42f2-4774-95cb-ee470931d9d2,2026-09-22 16:53:50
3065e8d4-993e-43d9-a66a-28b59f3d36e5,138,execution_admitted,implement,691caca6-f623-4187-9ddf-e3483dc57ccf,2026-09-22 16:53:51
f8bd1b21-6ab2-4baf-a2a9-a93d5473bf71,9,node_completed,implement,01f47121-a6ea-49ee-a8d8-dc5a472d1681,2026-09-22 16:56:47
f8bd1b21-6ab2-4baf-a2a9-a93d5473bf71,14,execution_admitted,qa,2441c29f-fb6f-4602-bdc3-1f19afbb96e3,2026-09-22 16:56:48
3065e8d4-993e-43d9-a66a-28b59f3d36e5,154,run_terminated_by_operator,,,2026-09-22 17:13:47
84ac31cc-ca18-4e43-8e81-3acd275f28dd,3,execution_admitted,implement,1c295346-5ab6-41e9-a8f8-396d9c93f62b,2026-09-22 17:14:00
53ab3f14-8bc0-4806-95a1-80686f4ea7a1,3,execution_admitted,implement,cee9becb-7da9-4eab-986d-18f2d27326ba,2026-09-22 17:22:00
f8bd1b21-6ab2-4baf-a2a9-a93d5473bf71,21,node_completed,qa,2441c29f-fb6f-4602-bdc3-1f19afbb96e3,2026-09-22 17:22:19
f8bd1b21-6ab2-4baf-a2a9-a93d5473bf71,24,gate_opened,founder_gate,,2026-09-22 17:22:19
eac6b4cc-8e90-48fc-97b4-e2ba7c9f3fc2,233,node_completed,founder_gate,c8c0a953-0b16-4c17-aae9-9bb727d35c5a,2026-09-22 19:34:35
eac6b4cc-8e90-48fc-97b4-e2ba7c9f3fc2,242,execution_admitted,implement,7c27b7ca-1383-41f5-88ec-4a7bf6f12bcf,2026-09-22 19:36:25
eac6b4cc-8e90-48fc-97b4-e2ba7c9f3fc2,243,resume_target_unrecoverable,implement,,2026-09-22 19:36:25
eac6b4cc-8e90-48fc-97b4-e2ba7c9f3fc2,272,execution_dead_rolled_back,implement,7c27b7ca-1383-41f5-88ec-4a7bf6f12bcf,2026-09-22 23:21:25
eac6b4cc-8e90-48fc-97b4-e2ba7c9f3fc2,276,execution_admitted,implement,c2113433-edf1-453b-8c7b-121aa951629e,2026-09-22 23:21:25
eac6b4cc-8e90-48fc-97b4-e2ba7c9f3fc2,281,rework_replacement_launched,implement,c2113433-edf1-453b-8c7b-121aa951629e,2026-09-22 23:21:44
684a8a80-c803-4830-af36-ca97b3252172,3,execution_admitted,implement,88f7ff8d-c199-4848-853d-ed85283defde,2026-09-22 23:30:55
f8bd1b21-6ab2-4baf-a2a9-a93d5473bf71,46,execution_admitted,qa,2441c29f-fb6f-4602-bdc3-1f19afbb96e3,2026-09-22 23:45:10
f3de0285-4be5-475d-9902-9e3c0549224f,4,execution_admitted,eng_design,47f8583c-47bc-40cf-8958-a1228afb06ae,2026-09-22 23:52:48
bce605bf-d29e-45ab-8008-4ca0fc730780,3,execution_admitted,implement,cf70ee17-21cd-48e5-a993-63f246ac2a48,2026-09-23 00:07:10
eac6b4cc-8e90-48fc-97b4-e2ba7c9f3fc2,301,node_completed,implement,c2113433-edf1-453b-8c7b-121aa951629e,2026-09-23 00:17:30
eac6b4cc-8e90-48fc-97b4-e2ba7c9f3fc2,310,execution_dead_rolled_back,qa,c8c0a953-0b16-4c17-aae9-9bb727d35c5a,2026-09-23 00:17:31
eac6b4cc-8e90-48fc-97b4-e2ba7c9f3fc2,314,execution_admitted,qa,8446abbb-8295-4703-9740-57591eee671d,2026-09-23 00:18:01
eac6b4cc-8e90-48fc-97b4-e2ba7c9f3fc2,319,rework_replacement_launched,qa,8446abbb-8295-4703-9740-57591eee671d,2026-09-23 00:18:13
f8bd1b21-6ab2-4baf-a2a9-a93d5473bf71,68,node_completed,qa,2441c29f-fb6f-4602-bdc3-1f19afbb96e3,2026-09-23 00:30:09
f8bd1b21-6ab2-4baf-a2a9-a93d5473bf71,70,gate_opened,founder_gate,,2026-09-23 00:30:09
eac6b4cc-8e90-48fc-97b4-e2ba7c9f3fc2,327,node_completed,qa,8446abbb-8295-4703-9740-57591eee671d,2026-09-23 00:33:39
eac6b4cc-8e90-48fc-97b4-e2ba7c9f3fc2,329,gate_opened,founder_gate,,2026-09-23 00:33:39
f8bd1b21-6ab2-4baf-a2a9-a93d5473bf71,75,node_completed,founder_gate,2441c29f-fb6f-4602-bdc3-1f19afbb96e3,2026-09-23 00:42:20
eac6b4cc-8e90-48fc-97b4-e2ba7c9f3fc2,334,node_completed,founder_gate,8446abbb-8295-4703-9740-57591eee671d,2026-09-23 00:42:20
f8bd1b21-6ab2-4baf-a2a9-a93d5473bf71,82,run_completed,land,91e6cc0a-727e-4e36-998d-cccaba6ac938,2026-09-23 00:45:52
f3de0285-4be5-475d-9902-9e3c0549224f,10,node_completed,eng_design,47f8583c-47bc-40cf-8958-a1228afb06ae,2026-09-23 00:55:32
f3de0285-4be5-475d-9902-9e3c0549224f,15,execution_admitted,implement,e267e6ef-93db-4d0b-b4ce-4b15b17e02c9,2026-09-23 00:55:32
eac6b4cc-8e90-48fc-97b4-e2ba7c9f3fc2,346,run_completed,land,a56662a9-757c-4c6c-a673-0b738f86d514,2026-09-23 01:14:22
684a8a80-c803-4830-af36-ca97b3252172,9,node_completed,implement,88f7ff8d-c199-4848-853d-ed85283defde,2026-09-23 01:34:53
684a8a80-c803-4830-af36-ca97b3252172,14,execution_admitted,qa,834e5c6e-7ab0-41ce-b4de-6bb44bf3a916,2026-09-23 01:34:54
684a8a80-c803-4830-af36-ca97b3252172,22,node_completed,qa,834e5c6e-7ab0-41ce-b4de-6bb44bf3a916,2026-09-23 02:01:00
684a8a80-c803-4830-af36-ca97b3252172,25,gate_opened,founder_gate,,2026-09-23 02:01:00
684a8a80-c803-4830-af36-ca97b3252172,30,node_completed,founder_gate,834e5c6e-7ab0-41ce-b4de-6bb44bf3a916,2026-09-23 02:20:04
684a8a80-c803-4830-af36-ca97b3252172,38,run_completed,land,7159b5a2-b660-418b-b2a0-b8943eb341f8,2026-09-23 02:23:57
bb4b1c33-6fc3-42f1-9df5-63e9160f96c4,3,execution_admitted,general,d69b68b8-a8bb-4a70-a23a-767ad63949dd,2026-09-23 02:41:10
bb4b1c33-6fc3-42f1-9df5-63e9160f96c4,9,node_completed,general,d69b68b8-a8bb-4a70-a23a-767ad63949dd,2026-09-23 02:59:34
bb4b1c33-6fc3-42f1-9df5-63e9160f96c4,11,gate_opened,founder_gate,,2026-09-23 02:59:34
feea9dcf-dd79-4807-ac61-ec93c58b50bc,3,execution_admitted,general,df3bec04-6c87-43dc-950a-c1b2e6af3059,2026-09-23 03:15:27
bb4b1c33-6fc3-42f1-9df5-63e9160f96c4,22,execution_admitted,general,d69b68b8-a8bb-4a70-a23a-767ad63949dd,2026-09-23 03:20:22
bb4b1c33-6fc3-42f1-9df5-63e9160f96c4,27,node_completed,general,d69b68b8-a8bb-4a70-a23a-767ad63949dd,2026-09-23 03:21:00
bb4b1c33-6fc3-42f1-9df5-63e9160f96c4,29,gate_opened,founder_gate,,2026-09-23 03:21:00
84ac31cc-ca18-4e43-8e81-3acd275f28dd,9,node_completed,implement,1c295346-5ab6-41e9-a8f8-396d9c93f62b,2026-09-23 03:24:56
84ac31cc-ca18-4e43-8e81-3acd275f28dd,14,execution_admitted,qa,446968b9-1f3e-4207-83f7-e26dde152f17,2026-09-23 03:24:56
bb4b1c33-6fc3-42f1-9df5-63e9160f96c4,40,node_completed,founder_gate,d69b68b8-a8bb-4a70-a23a-767ad63949dd,2026-09-23 03:26:16
bb4b1c33-6fc3-42f1-9df5-63e9160f96c4,48,run_completed,land,49543529-ee13-4856-bad2-df8bd47453dc,2026-09-23 03:32:03
0e77a6ed-aa68-4fb8-b3e3-c73dceca1f0d,4,execution_admitted,eng_design,8edaf8bb-ef9c-4a5c-b05a-27a4cd4d6aa6,2026-09-23 03:50:56
39a39d17-549c-4ae5-af86-3ede3f4768a4,4,execution_admitted,eng_design,82860d32-327a-4fb0-b408-eaa5e50646e7,2026-09-23 03:53:27
bb420d3b-1d81-465e-b3da-c4809b8c7b26,3,execution_admitted,general,ca4dc696-9895-4d92-bad5-ee356ac11b1c,2026-09-23 03:59:05
feea9dcf-dd79-4807-ac61-ec93c58b50bc,9,node_completed,general,df3bec04-6c87-43dc-950a-c1b2e6af3059,2026-09-23 04:05:09
feea9dcf-dd79-4807-ac61-ec93c58b50bc,11,gate_opened,founder_gate,,2026-09-23 04:05:09
feea9dcf-dd79-4807-ac61-ec93c58b50bc,20,execution_admitted,general,df3bec04-6c87-43dc-950a-c1b2e6af3059,2026-09-23 04:08:41
feea9dcf-dd79-4807-ac61-ec93c58b50bc,25,node_completed,general,df3bec04-6c87-43dc-950a-c1b2e6af3059,2026-09-23 04:10:00
feea9dcf-dd79-4807-ac61-ec93c58b50bc,27,gate_opened,founder_gate,,2026-09-23 04:10:00
bce605bf-d29e-45ab-8008-4ca0fc730780,19,node_completed,implement,cf70ee17-21cd-48e5-a993-63f246ac2a48,2026-09-23 04:23:15
bce605bf-d29e-45ab-8008-4ca0fc730780,24,execution_admitted,qa,d92f4ca2-7b71-483a-b4ce-527c7479a3f1,2026-09-23 04:23:15
84ac31cc-ca18-4e43-8e81-3acd275f28dd,22,node_completed,qa,446968b9-1f3e-4207-83f7-e26dde152f17,2026-09-23 04:35:51
84ac31cc-ca18-4e43-8e81-3acd275f28dd,25,gate_opened,founder_gate,,2026-09-23 04:35:51
0e77a6ed-aa68-4fb8-b3e3-c73dceca1f0d,12,node_completed,eng_design,8edaf8bb-ef9c-4a5c-b05a-27a4cd4d6aa6,2026-09-23 04:41:49
0e77a6ed-aa68-4fb8-b3e3-c73dceca1f0d,17,execution_admitted,implement,6b5615a3-985e-4eba-a52e-12ae55012e50,2026-09-23 04:41:49
84ac31cc-ca18-4e43-8e81-3acd275f28dd,30,node_completed,founder_gate,446968b9-1f3e-4207-83f7-e26dde152f17,2026-09-23 04:43:57
84ac31cc-ca18-4e43-8e81-3acd275f28dd,38,run_completed,land,a05fef28-8ef9-4e09-93ee-99ee41cfa081,2026-09-23 04:48:04
39a39d17-549c-4ae5-af86-3ede3f4768a4,11,node_completed,eng_design,82860d32-327a-4fb0-b408-eaa5e50646e7,2026-09-23 04:49:04
39a39d17-549c-4ae5-af86-3ede3f4768a4,16,execution_admitted,implement,59f40aa4-1709-44c2-af77-5adb972d784e,2026-09-23 04:49:46
bce605bf-d29e-45ab-8008-4ca0fc730780,32,node_completed,qa,d92f4ca2-7b71-483a-b4ce-527c7479a3f1,2026-09-23 04:59:21
bce605bf-d29e-45ab-8008-4ca0fc730780,34,gate_opened,founder_gate,,2026-09-23 04:59:21
bce605bf-d29e-45ab-8008-4ca0fc730780,43,execution_dead_rolled_back,implement,cf70ee17-21cd-48e5-a993-63f246ac2a48,2026-09-23 05:00:05
bce605bf-d29e-45ab-8008-4ca0fc730780,47,execution_admitted,implement,2faf8eb5-afdb-46e6-aef6-44c1b126530d,2026-09-23 05:00:05
bce605bf-d29e-45ab-8008-4ca0fc730780,53,rework_replacement_launched,implement,2faf8eb5-afdb-46e6-aef6-44c1b126530d,2026-09-23 05:01:07
bb420d3b-1d81-465e-b3da-c4809b8c7b26,9,node_completed,general,ca4dc696-9895-4d92-bad5-ee356ac11b1c,2026-09-23 05:01:28
bb420d3b-1d81-465e-b3da-c4809b8c7b26,11,gate_opened,founder_gate,,2026-09-23 05:01:28
c6adf4fa-166b-4221-8034-c9e34b5fa5ec,3,execution_admitted,implement,7497f142-e7d5-458c-b030-285b5fd08d66,2026-09-23 05:07:15
532c0ee5-a15e-4cb7-afe6-a6e11e782823,3,execution_admitted,implement,5a0dbf51-2eb9-4d9f-9cfa-367d6bdbd49e,2026-09-23 05:17:23
d86374cf-076d-4482-884d-d233c6204de7,3,execution_admitted,general,482670d8-8dfc-4a51-96b7-d02071fd0076,2026-09-23 05:20:41
61667227-7907-4a83-b5cd-c080ad74011c,4,execution_admitted,eng_design,764b8e3f-2f3c-4e1e-83c3-0e35e9cbbac0,2026-09-23 05:21:09
bb420d3b-1d81-465e-b3da-c4809b8c7b26,18,node_completed,founder_gate,ca4dc696-9895-4d92-bad5-ee356ac11b1c,2026-09-23 05:25:18
cac670f2-3103-4e59-832e-786513fa1fc9,4,execution_admitted,eng_design,49da92c8-f888-4efc-a8da-b82f20e11fd7,2026-09-23 05:28:48
bb420d3b-1d81-465e-b3da-c4809b8c7b26,25,run_completed,land,c03bd707-940c-465d-a7b9-323ff900acfb,2026-09-23 05:28:57
feea9dcf-dd79-4807-ac61-ec93c58b50bc,182,node_completed,founder_gate,df3bec04-6c87-43dc-950a-c1b2e6af3059,2026-09-23 05:35:25
5191051d-ed91-49b6-8c9e-2f3abc0b90cd,4,execution_admitted,eng_design,4a7c8a8e-3d59-4194-b4a1-541006284408,2026-09-23 05:38:24
6697a410-53db-4239-9f1a-9a903a08d6c1,3,execution_admitted,implement,4838acca-1989-4544-9f87-95d4695f9330,2026-09-23 05:38:46
feea9dcf-dd79-4807-ac61-ec93c58b50bc,191,run_completed,land,f84455b6-80a3-45e7-8cf7-8cc8d114beb7,2026-09-23 05:39:29
31768897-05f2-4d7c-ba17-614bb6f3e5bf,3,execution_admitted,implement,0984d9b4-fc8f-4ef1-8fe4-ff16fdc8f168,2026-09-23 05:39:59
103bac96-f0ae-498a-b981-da4a3186a651,3,execution_admitted,implement,175d925e-f3ac-471a-82c5-46b7f9c6d615,2026-09-23 05:41:17
a94901ca-e96e-44a1-bda9-f404d9746819,4,execution_admitted,eng_design,198ef045-f1e7-407e-a4a5-ea3b31ecd22c,2026-09-23 05:42:44
53ab3f14-8bc0-4806-95a1-80686f4ea7a1,9,node_completed,implement,cee9becb-7da9-4eab-986d-18f2d27326ba,2026-09-23 05:45:01
53ab3f14-8bc0-4806-95a1-80686f4ea7a1,14,execution_admitted,qa,9cd9b80e-cd86-4d01-b7ae-d06d49af92c0,2026-09-23 05:45:01
bce605bf-d29e-45ab-8008-4ca0fc730780,70,node_completed,implement,2faf8eb5-afdb-46e6-aef6-44c1b126530d,2026-09-23 05:45:26
bce605bf-d29e-45ab-8008-4ca0fc730780,78,execution_admitted,qa,d92f4ca2-7b71-483a-b4ce-527c7479a3f1,2026-09-23 05:45:27
811af762-2777-441e-8c28-fbe3d8df693c,3,execution_admitted,implement,77a74671-5e7d-4fc4-af8f-1e1ee886ec53,2026-09-23 05:45:33
6697a410-53db-4239-9f1a-9a903a08d6c1,9,run_terminated_by_operator,,,2026-09-23 05:49:37
a94901ca-e96e-44a1-bda9-f404d9746819,10,run_terminated_by_operator,,,2026-09-23 05:50:01
31768897-05f2-4d7c-ba17-614bb6f3e5bf,9,run_terminated_by_operator,,,2026-09-23 05:50:21
5191051d-ed91-49b6-8c9e-2f3abc0b90cd,10,node_completed,eng_design,4a7c8a8e-3d59-4194-b4a1-541006284408,2026-09-23 06:02:54
5191051d-ed91-49b6-8c9e-2f3abc0b90cd,15,execution_admitted,implement,16daf9b1-099f-40b3-9f9d-74b198cf2512,2026-09-23 06:02:55
53ab3f14-8bc0-4806-95a1-80686f4ea7a1,21,node_completed,qa,9cd9b80e-cd86-4d01-b7ae-d06d49af92c0,2026-09-23 06:04:48
53ab3f14-8bc0-4806-95a1-80686f4ea7a1,28,execution_admitted,implement,cee9becb-7da9-4eab-986d-18f2d27326ba,2026-09-23 06:04:50
bce605bf-d29e-45ab-8008-4ca0fc730780,92,node_completed,qa,d92f4ca2-7b71-483a-b4ce-527c7479a3f1,2026-09-23 06:05:10
bce605bf-d29e-45ab-8008-4ca0fc730780,95,gate_opened,founder_gate,,2026-09-23 06:05:10
811af762-2777-441e-8c28-fbe3d8df693c,9,run_terminated_by_operator,,,2026-09-23 06:05:58
c6adf4fa-166b-4221-8034-c9e34b5fa5ec,12,node_completed,implement,7497f142-e7d5-458c-b030-285b5fd08d66,2026-09-23 06:12:02
c6adf4fa-166b-4221-8034-c9e34b5fa5ec,17,execution_admitted,qa,0eccf7b5-f2b1-489d-9f89-e18f62316fd9,2026-09-23 06:12:02
532c0ee5-a15e-4cb7-afe6-a6e11e782823,12,node_completed,implement,5a0dbf51-2eb9-4d9f-9cfa-367d6bdbd49e,2026-09-23 06:14:09
532c0ee5-a15e-4cb7-afe6-a6e11e782823,17,execution_admitted,qa,319a0163-4fe5-43b8-b059-4421388d1ba6,2026-09-23 06:14:10
cac670f2-3103-4e59-832e-786513fa1fc9,12,node_completed,eng_design,49da92c8-f888-4efc-a8da-b82f20e11fd7,2026-09-23 06:16:07
cac670f2-3103-4e59-832e-786513fa1fc9,17,execution_admitted,implement,2da2a4a1-7062-44b2-a059-1e3ba3750b47,2026-09-23 06:16:08
f3de0285-4be5-475d-9902-9e3c0549224f,24,run_terminated,implement,e267e6ef-93db-4d0b-b4ce-4b15b17e02c9,2026-09-23 06:18:41
b7852d37-e69f-47d2-ad26-62da604a8813,3,execution_admitted,implement,8ea390d4-d0b2-426b-9ebe-6c92717f7fd1,2026-09-23 06:19:19
bce605bf-d29e-45ab-8008-4ca0fc730780,118,node_completed,founder_gate,d92f4ca2-7b71-483a-b4ce-527c7479a3f1,2026-09-23 06:19:49
b7852d37-e69f-47d2-ad26-62da604a8813,9,node_completed,implement,8ea390d4-d0b2-426b-9ebe-6c92717f7fd1,2026-09-23 06:29:25
b7852d37-e69f-47d2-ad26-62da604a8813,14,execution_admitted,qa,f81f3f9a-5356-4688-98e9-f9dbd1e5ed25,2026-09-23 06:29:26
532c0ee5-a15e-4cb7-afe6-a6e11e782823,23,node_completed,qa,319a0163-4fe5-43b8-b059-4421388d1ba6,2026-09-23 06:32:29
532c0ee5-a15e-4cb7-afe6-a6e11e782823,30,execution_admitted,implement,5a0dbf51-2eb9-4d9f-9cfa-367d6bdbd49e,2026-09-23 06:32:30
c6adf4fa-166b-4221-8034-c9e34b5fa5ec,24,node_completed,qa,0eccf7b5-f2b1-489d-9f89-e18f62316fd9,2026-09-23 06:35:15
c6adf4fa-166b-4221-8034-c9e34b5fa5ec,27,gate_opened,founder_gate,,2026-09-23 06:35:15
b7852d37-e69f-47d2-ad26-62da604a8813,20,node_completed,qa,f81f3f9a-5356-4688-98e9-f9dbd1e5ed25,2026-09-23 07:00:39
b7852d37-e69f-47d2-ad26-62da604a8813,27,execution_admitted,implement,8ea390d4-d0b2-426b-9ebe-6c92717f7fd1,2026-09-23 07:00:40
c6adf4fa-166b-4221-8034-c9e34b5fa5ec,32,node_completed,founder_gate,0eccf7b5-f2b1-489d-9f89-e18f62316fd9,2026-09-23 07:00:48
532c0ee5-a15e-4cb7-afe6-a6e11e782823,49,execution_dead_rolled_back,implement,5a0dbf51-2eb9-4d9f-9cfa-367d6bdbd49e,2026-09-23 07:04:37
b7852d37-e69f-47d2-ad26-62da604a8813,40,execution_dead_rolled_back,implement,8ea390d4-d0b2-426b-9ebe-6c92717f7fd1,2026-09-23 07:15:36
532c0ee5-a15e-4cb7-afe6-a6e11e782823,57,execution_admitted,implement,61b2368f-4200-46d0-8b21-a83f55e1cd81,2026-09-23 07:24:46
532c0ee5-a15e-4cb7-afe6-a6e11e782823,62,rework_replacement_launched,implement,61b2368f-4200-46d0-8b21-a83f55e1cd81,2026-09-23 07:29:54
b7852d37-e69f-47d2-ad26-62da604a8813,47,execution_admitted,implement,296e5376-6dba-452f-96b6-35d7a4c8e530,2026-09-23 07:29:54
b7852d37-e69f-47d2-ad26-62da604a8813,52,rework_replacement_launched,implement,296e5376-6dba-452f-96b6-35d7a4c8e530,2026-09-23 07:31:06
d86374cf-076d-4482-884d-d233c6204de7,9,node_completed,general,482670d8-8dfc-4a51-96b7-d02071fd0076,2026-09-23 07:31:45
d86374cf-076d-4482-884d-d233c6204de7,11,gate_opened,founder_gate,,2026-09-23 07:31:45
61667227-7907-4a83-b5cd-c080ad74011c,12,writer_replacement,eng_design,6838cb1f-6346-4086-a99d-7c30b9e35560,2026-09-23 07:34:45
61667227-7907-4a83-b5cd-c080ad74011c,13,resume_target_unrecoverable,eng_design,,2026-09-23 07:34:45
61667227-7907-4a83-b5cd-c080ad74011c,14,execution_dead_rolled_back,eng_design,764b8e3f-2f3c-4e1e-83c3-0e35e9cbbac0,2026-09-23 07:34:45
61667227-7907-4a83-b5cd-c080ad74011c,16,execution_admitted,eng_design,6838cb1f-6346-4086-a99d-7c30b9e35560,2026-09-23 07:34:45
61667227-7907-4a83-b5cd-c080ad74011c,20,writer_replacement,eng_design,4846cac5-f7b4-4a56-b36e-e95b6fb68e51,2026-09-23 07:43:22
61667227-7907-4a83-b5cd-c080ad74011c,21,resume_target_unrecoverable,eng_design,,2026-09-23 07:43:22
61667227-7907-4a83-b5cd-c080ad74011c,22,execution_dead_rolled_back,eng_design,6838cb1f-6346-4086-a99d-7c30b9e35560,2026-09-23 07:43:22
61667227-7907-4a83-b5cd-c080ad74011c,23,repeated_dead_execution_pattern,eng_design,6838cb1f-6346-4086-a99d-7c30b9e35560,2026-09-23 07:43:22
61667227-7907-4a83-b5cd-c080ad74011c,25,execution_admitted,eng_design,4846cac5-f7b4-4a56-b36e-e95b6fb68e51,2026-09-23 07:43:22
532c0ee5-a15e-4cb7-afe6-a6e11e782823,73,node_completed,implement,61b2368f-4200-46d0-8b21-a83f55e1cd81,2026-09-23 07:54:08
532c0ee5-a15e-4cb7-afe6-a6e11e782823,81,execution_admitted,qa,319a0163-4fe5-43b8-b059-4421388d1ba6,2026-09-23 07:54:09
61667227-7907-4a83-b5cd-c080ad74011c,29,writer_replacement,eng_design,71842144-f09d-45d8-8540-a52e153bb97e,2026-09-23 07:58:22
61667227-7907-4a83-b5cd-c080ad74011c,30,resume_target_unrecoverable,eng_design,,2026-09-23 07:58:22
61667227-7907-4a83-b5cd-c080ad74011c,31,execution_dead_rolled_back,eng_design,4846cac5-f7b4-4a56-b36e-e95b6fb68e51,2026-09-23 07:58:22
61667227-7907-4a83-b5cd-c080ad74011c,32,repeated_dead_execution_pattern,eng_design,4846cac5-f7b4-4a56-b36e-e95b6fb68e51,2026-09-23 07:58:22
61667227-7907-4a83-b5cd-c080ad74011c,34,execution_admitted,eng_design,71842144-f09d-45d8-8540-a52e153bb97e,2026-09-23 07:58:22
103bac96-f0ae-498a-b981-da4a3186a651,17,writer_replacement,implement,3606baaf-a8a2-40ed-bd27-b6983402653f,2026-09-23 08:09:17
103bac96-f0ae-498a-b981-da4a3186a651,18,resume_target_unrecoverable,implement,,2026-09-23 08:09:17
103bac96-f0ae-498a-b981-da4a3186a651,19,execution_dead_rolled_back,implement,175d925e-f3ac-471a-82c5-46b7f9c6d615,2026-09-23 08:09:17
103bac96-f0ae-498a-b981-da4a3186a651,21,execution_admitted,implement,3606baaf-a8a2-40ed-bd27-b6983402653f,2026-09-23 08:09:17
cac670f2-3103-4e59-832e-786513fa1fc9,24,writer_replacement,implement,6a68c310-0609-4488-9947-d8b41abbb41e,2026-09-23 08:10:37
cac670f2-3103-4e59-832e-786513fa1fc9,25,resume_target_unrecoverable,implement,,2026-09-23 08:10:37
cac670f2-3103-4e59-832e-786513fa1fc9,26,execution_dead_rolled_back,implement,2da2a4a1-7062-44b2-a059-1e3ba3750b47,2026-09-23 08:10:37
cac670f2-3103-4e59-832e-786513fa1fc9,28,execution_admitted,implement,6a68c310-0609-4488-9947-d8b41abbb41e,2026-09-23 08:10:37
532c0ee5-a15e-4cb7-afe6-a6e11e782823,94,node_completed,qa,319a0163-4fe5-43b8-b059-4421388d1ba6,2026-09-23 08:14:57
532c0ee5-a15e-4cb7-afe6-a6e11e782823,101,execution_admitted,implement,61b2368f-4200-46d0-8b21-a83f55e1cd81,2026-09-23 08:14:58
8f1d65c6-e298-4df6-b44d-50c6c383e167,3,execution_admitted,implement,95d1f43b-a724-45a5-8a81-5dc54463e15e,2026-09-23 08:15:18
61667227-7907-4a83-b5cd-c080ad74011c,40,run_terminated_by_operator,,,2026-09-23 08:28:44
e51860da-f8a8-4fa8-bc5f-9253b88cc4bd,4,execution_admitted,eng_design,9112b04e-9ec0-44f2-8d94-159a59d61f77,2026-09-23 08:28:54
0e77a6ed-aa68-4fb8-b3e3-c73dceca1f0d,34,writer_replacement,implement,90adb2d1-9bd5-4113-bbe0-f25e829d5d09,2026-09-23 08:29:51
0e77a6ed-aa68-4fb8-b3e3-c73dceca1f0d,35,resume_target_unrecoverable,implement,,2026-09-23 08:29:51
0e77a6ed-aa68-4fb8-b3e3-c73dceca1f0d,36,execution_dead_rolled_back,implement,6b5615a3-985e-4eba-a52e-12ae55012e50,2026-09-23 08:29:51
0e77a6ed-aa68-4fb8-b3e3-c73dceca1f0d,38,execution_admitted,implement,90adb2d1-9bd5-4113-bbe0-f25e829d5d09,2026-09-23 08:29:51
b7852d37-e69f-47d2-ad26-62da604a8813,82,node_completed,implement,296e5376-6dba-452f-96b6-35d7a4c8e530,2026-09-23 08:52:07
b7852d37-e69f-47d2-ad26-62da604a8813,90,execution_admitted,qa,f81f3f9a-5356-4688-98e9-f9dbd1e5ed25,2026-09-23 08:52:07
b7852d37-e69f-47d2-ad26-62da604a8813,99,node_completed,qa,f81f3f9a-5356-4688-98e9-f9dbd1e5ed25,2026-09-23 08:58:46
b7852d37-e69f-47d2-ad26-62da604a8813,102,gate_opened,founder_gate,,2026-09-23 08:58:46
532c0ee5-a15e-4cb7-afe6-a6e11e782823,217,node_completed,implement,61b2368f-4200-46d0-8b21-a83f55e1cd81,2026-09-23 09:01:38
532c0ee5-a15e-4cb7-afe6-a6e11e782823,224,execution_admitted,qa,319a0163-4fe5-43b8-b059-4421388d1ba6,2026-09-23 09:01:38
532c0ee5-a15e-4cb7-afe6-a6e11e782823,230,run_terminated_by_operator,,,2026-09-23 09:02:21
837de386-ca0a-4bb8-8b3c-1973823b9bb7,3,execution_admitted,implement,e59dd6c2-7180-4ae4-82dd-c413f100d3b9,2026-09-23 09:02:35
837de386-ca0a-4bb8-8b3c-1973823b9bb7,9,node_completed,implement,e59dd6c2-7180-4ae4-82dd-c413f100d3b9,2026-09-23 09:04:34
837de386-ca0a-4bb8-8b3c-1973823b9bb7,14,execution_admitted,qa,7881493e-1258-4e46-9a43-0c8b5a8c1ed2,2026-09-23 09:04:34
e51860da-f8a8-4fa8-bc5f-9253b88cc4bd,10,node_completed,eng_design,9112b04e-9ec0-44f2-8d94-159a59d61f77,2026-09-23 09:06:21
e51860da-f8a8-4fa8-bc5f-9253b88cc4bd,15,execution_admitted,implement,4f98262b-eb7a-49ee-a69b-d3b46d521ee2,2026-09-23 09:06:21
cac670f2-3103-4e59-832e-786513fa1fc9,34,node_completed,implement,6a68c310-0609-4488-9947-d8b41abbb41e,2026-09-23 09:22:46
cac670f2-3103-4e59-832e-786513fa1fc9,39,execution_admitted,qa,1048f4fd-68b3-48ba-ad94-06d42fdce663,2026-09-23 09:22:47
103bac96-f0ae-498a-b981-da4a3186a651,27,node_completed,implement,3606baaf-a8a2-40ed-bd27-b6983402653f,2026-09-23 09:28:44
103bac96-f0ae-498a-b981-da4a3186a651,32,execution_admitted,qa,cd24c18c-a342-4b72-9a02-9c25f7370e03,2026-09-23 09:28:44
5191051d-ed91-49b6-8c9e-2f3abc0b90cd,25,writer_replacement,implement,e66b67a7-50dd-4257-a6cf-ffadc8314f25,2026-09-23 09:29:46
5191051d-ed91-49b6-8c9e-2f3abc0b90cd,26,resume_target_unrecoverable,implement,,2026-09-23 09:29:46
5191051d-ed91-49b6-8c9e-2f3abc0b90cd,27,execution_dead_rolled_back,implement,16daf9b1-099f-40b3-9f9d-74b198cf2512,2026-09-23 09:29:46
5191051d-ed91-49b6-8c9e-2f3abc0b90cd,29,execution_admitted,implement,e66b67a7-50dd-4257-a6cf-ffadc8314f25,2026-09-23 09:29:46
fec3e02d-ba7e-407c-a55d-87ee17313e30,9,node_completed,implement,a466cb95-fab3-4385-ab88-5d81c066dd2f,2026-09-23 09:36:17
fec3e02d-ba7e-407c-a55d-87ee17313e30,14,execution_admitted,qa,6a97cf20-c3a3-41b8-8fd7-6dd0144636fa,2026-09-23 09:36:17
837de386-ca0a-4bb8-8b3c-1973823b9bb7,21,node_completed,qa,7881493e-1258-4e46-9a43-0c8b5a8c1ed2,2026-09-23 09:37:18
837de386-ca0a-4bb8-8b3c-1973823b9bb7,24,gate_opened,founder_gate,,2026-09-23 09:37:18
cac670f2-3103-4e59-832e-786513fa1fc9,46,node_completed,qa,1048f4fd-68b3-48ba-ad94-06d42fdce663,2026-09-23 09:44:45
cac670f2-3103-4e59-832e-786513fa1fc9,53,execution_admitted,implement,6a68c310-0609-4488-9947-d8b41abbb41e,2026-09-23 09:44:46
103bac96-f0ae-498a-b981-da4a3186a651,40,node_completed,qa,cd24c18c-a342-4b72-9a02-9c25f7370e03,2026-09-23 09:59:02
103bac96-f0ae-498a-b981-da4a3186a651,47,execution_admitted,implement,3606baaf-a8a2-40ed-bd27-b6983402653f,2026-09-23 09:59:03
103bac96-f0ae-498a-b981-da4a3186a651,72,run_terminated_by_operator,,,2026-09-23 10:33:12
36ce617c-1496-4982-b23d-65c9e1fb77ae,3,execution_admitted,implement,2e3191cf-2a2a-4a96-b19c-40dd46487b22,2026-09-23 10:33:26
36ce617c-1496-4982-b23d-65c9e1fb77ae,9,node_completed,implement,2e3191cf-2a2a-4a96-b19c-40dd46487b22,2026-09-23 10:41:16
36ce617c-1496-4982-b23d-65c9e1fb77ae,14,execution_admitted,qa,6c63ad31-511d-4d2d-b728-ab5763358759,2026-09-23 10:41:17
8f1d65c6-e298-4df6-b44d-50c6c383e167,15,run_terminated_by_operator,,,2026-09-23 10:41:41
b25aeb38-37c6-4e3d-b32f-5b35b5908f25,3,execution_admitted,implement,f23ff733-c54c-425d-8430-ec59f841d9a3,2026-09-23 10:42:03
cac670f2-3103-4e59-832e-786513fa1fc9,86,run_terminated_by_operator,,,2026-09-23 10:46:12
2f616bd5-693a-4d0b-8b43-a6986202c8c8,3,execution_admitted,implement,9a2aa63c-a8cc-4495-9081-b7af109a0977,2026-09-23 10:46:27
b25aeb38-37c6-4e3d-b32f-5b35b5908f25,9,node_completed,implement,f23ff733-c54c-425d-8430-ec59f841d9a3,2026-09-23 10:49:08
b25aeb38-37c6-4e3d-b32f-5b35b5908f25,14,execution_admitted,qa,55c0aa8d-c679-412e-9f62-78df3d87fa1e,2026-09-23 10:49:08
2f616bd5-693a-4d0b-8b43-a6986202c8c8,9,node_completed,implement,9a2aa63c-a8cc-4495-9081-b7af109a0977,2026-09-23 10:50:40
2f616bd5-693a-4d0b-8b43-a6986202c8c8,14,execution_admitted,qa,9c139c13-5f5f-4d3c-acad-fac40527b42f,2026-09-23 10:50:41
36ce617c-1496-4982-b23d-65c9e1fb77ae,20,node_completed,qa,6c63ad31-511d-4d2d-b728-ab5763358759,2026-09-23 11:02:50
36ce617c-1496-4982-b23d-65c9e1fb77ae,27,execution_admitted,implement,2e3191cf-2a2a-4a96-b19c-40dd46487b22,2026-09-23 11:02:51
b25aeb38-37c6-4e3d-b32f-5b35b5908f25,21,node_completed,qa,55c0aa8d-c679-412e-9f62-78df3d87fa1e,2026-09-23 11:11:46
b25aeb38-37c6-4e3d-b32f-5b35b5908f25,24,gate_opened,founder_gate,,2026-09-23 11:11:46
2f616bd5-693a-4d0b-8b43-a6986202c8c8,20,node_completed,qa,9c139c13-5f5f-4d3c-acad-fac40527b42f,2026-09-23 11:17:35
2f616bd5-693a-4d0b-8b43-a6986202c8c8,27,execution_admitted,implement,9a2aa63c-a8cc-4495-9081-b7af109a0977,2026-09-23 11:17:35
53ab3f14-8bc0-4806-95a1-80686f4ea7a1,138,node_completed,implement,cee9becb-7da9-4eab-986d-18f2d27326ba,2026-09-23 11:37:41
53ab3f14-8bc0-4806-95a1-80686f4ea7a1,145,execution_admitted,qa,9cd9b80e-cd86-4d01-b7ae-d06d49af92c0,2026-09-23 11:37:42
0e77a6ed-aa68-4fb8-b3e3-c73dceca1f0d,46,node_completed,implement,90adb2d1-9bd5-4113-bbe0-f25e829d5d09,2026-09-23 11:38:55
0e77a6ed-aa68-4fb8-b3e3-c73dceca1f0d,51,execution_admitted,qa,13b9bb12-f2fa-4679-8b3e-10b6a2a02bb8,2026-09-23 11:38:56
36ce617c-1496-4982-b23d-65c9e1fb77ae,50,execution_dead_rolled_back,implement,2e3191cf-2a2a-4a96-b19c-40dd46487b22,2026-09-23 11:41:56
36ce617c-1496-4982-b23d-65c9e1fb77ae,56,execution_admitted,implement,f4c9594c-f5e9-450b-b4d9-ead15adc1ba6,2026-09-23 11:41:57
36ce617c-1496-4982-b23d-65c9e1fb77ae,62,rework_replacement_launched,implement,f4c9594c-f5e9-450b-b4d9-ead15adc1ba6,2026-09-23 11:43:09
36ce617c-1496-4982-b23d-65c9e1fb77ae,64,node_completed,implement,f4c9594c-f5e9-450b-b4d9-ead15adc1ba6,2026-09-23 11:46:31
36ce617c-1496-4982-b23d-65c9e1fb77ae,72,execution_admitted,qa,6c63ad31-511d-4d2d-b728-ab5763358759,2026-09-23 11:46:32
53ab3f14-8bc0-4806-95a1-80686f4ea7a1,189,node_completed,qa,9cd9b80e-cd86-4d01-b7ae-d06d49af92c0,2026-09-23 11:57:02
53ab3f14-8bc0-4806-95a1-80686f4ea7a1,196,execution_admitted,implement,cee9becb-7da9-4eab-986d-18f2d27326ba,2026-09-23 11:57:02
0e77a6ed-aa68-4fb8-b3e3-c73dceca1f0d,59,node_completed,qa,13b9bb12-f2fa-4679-8b3e-10b6a2a02bb8,2026-09-23 12:00:27
0e77a6ed-aa68-4fb8-b3e3-c73dceca1f0d,66,execution_admitted,implement,90adb2d1-9bd5-4113-bbe0-f25e829d5d09,2026-09-23 12:00:27
2f616bd5-693a-4d0b-8b43-a6986202c8c8,49,run_terminated_by_operator,,,2026-09-23 12:01:59
3831cff3-35ef-4802-bb05-484edbba72a5,3,execution_admitted,implement,32c14149-2fa4-47e4-8534-eb8f68d72874,2026-09-23 12:02:16
36ce617c-1496-4982-b23d-65c9e1fb77ae,87,node_completed,qa,6c63ad31-511d-4d2d-b728-ab5763358759,2026-09-23 12:06:01
36ce617c-1496-4982-b23d-65c9e1fb77ae,90,gate_opened,founder_gate,,2026-09-23 12:06:01
3831cff3-35ef-4802-bb05-484edbba72a5,9,node_completed,implement,32c14149-2fa4-47e4-8534-eb8f68d72874,2026-09-23 12:07:09
3831cff3-35ef-4802-bb05-484edbba72a5,14,execution_admitted,qa,05f8f8eb-b2ab-40fa-b276-b0165a33c116,2026-09-23 12:07:10
39a39d17-549c-4ae5-af86-3ede3f4768a4,30,run_terminated_by_operator,,,2026-09-23 12:23:47
ac672a74-7ce4-4c6a-9bdc-62372c8632a4,3,execution_admitted,implement,a263bc64-bddc-4654-b67d-e2cdfe921797,2026-09-23 12:24:07
3831cff3-35ef-4802-bb05-484edbba72a5,20,node_completed,qa,05f8f8eb-b2ab-40fa-b276-b0165a33c116,2026-09-23 12:25:28
3831cff3-35ef-4802-bb05-484edbba72a5,27,execution_admitted,implement,32c14149-2fa4-47e4-8534-eb8f68d72874,2026-09-23 12:25:28
53ab3f14-8bc0-4806-95a1-80686f4ea7a1,268,run_terminated_by_operator,,,2026-09-23 12:26:51
c26962d9-7a1b-4a9b-97b4-5efd656352f9,3,execution_admitted,implement,b00f50b8-6782-4d0f-a511-aca00ec17685,2026-09-23 12:27:06
ac672a74-7ce4-4c6a-9bdc-62372c8632a4,9,node_completed,implement,a263bc64-bddc-4654-b67d-e2cdfe921797,2026-09-23 12:41:29
ac672a74-7ce4-4c6a-9bdc-62372c8632a4,14,execution_admitted,qa,df881039-228a-4a04-97c4-5c0c3d7d3e02,2026-09-23 12:41:30
c26962d9-7a1b-4a9b-97b4-5efd656352f9,10,run_terminated_by_operator,,,2026-09-23 12:43:35
cc4c3f4e-c575-48bf-92d1-e0e8ac5c850d,3,execution_admitted,implement,7ed364c9-2091-47fa-aa5f-7abe59011349,2026-09-23 12:43:50
5191051d-ed91-49b6-8c9e-2f3abc0b90cd,34,node_completed,implement,e66b67a7-50dd-4257-a6cf-ffadc8314f25,2026-09-23 12:47:36
5191051d-ed91-49b6-8c9e-2f3abc0b90cd,39,execution_admitted,qa,5da1a372-b4f2-4b50-a1dc-49f6d6ca72b7,2026-09-23 12:47:37
cc4c3f4e-c575-48bf-92d1-e0e8ac5c850d,9,node_completed,implement,7ed364c9-2091-47fa-aa5f-7abe59011349,2026-09-23 12:55:07
cc4c3f4e-c575-48bf-92d1-e0e8ac5c850d,14,execution_admitted,qa,49ff9303-ea79-46e5-a1c3-6a3bf7756a54,2026-09-23 12:55:07
ac672a74-7ce4-4c6a-9bdc-62372c8632a4,20,node_completed,qa,df881039-228a-4a04-97c4-5c0c3d7d3e02,2026-09-23 13:03:48
ac672a74-7ce4-4c6a-9bdc-62372c8632a4,27,execution_admitted,implement,a263bc64-bddc-4654-b67d-e2cdfe921797,2026-09-23 13:03:52
b25aeb38-37c6-4e3d-b32f-5b35b5908f25,37,node_completed,founder_gate,55c0aa8d-c679-412e-9f62-78df3d87fa1e,2026-09-23 13:04:18
5191051d-ed91-49b6-8c9e-2f3abc0b90cd,45,node_completed,qa,5da1a372-b4f2-4b50-a1dc-49f6d6ca72b7,2026-09-23 13:06:49
5191051d-ed91-49b6-8c9e-2f3abc0b90cd,52,execution_admitted,implement,e66b67a7-50dd-4257-a6cf-ffadc8314f25,2026-09-23 13:06:49
b25aeb38-37c6-4e3d-b32f-5b35b5908f25,45,run_completed,land,088fd5bd-d68c-4950-a84b-4e674efe16be,2026-09-23 13:08:04
b7852d37-e69f-47d2-ad26-62da604a8813,604,node_completed,founder_gate,f81f3f9a-5356-4688-98e9-f9dbd1e5ed25,2026-09-23 13:09:13
837de386-ca0a-4bb8-8b3c-1973823b9bb7,45,node_completed,founder_gate,7881493e-1258-4e46-9a43-0c8b5a8c1ed2,2026-09-23 13:09:13
837de386-ca0a-4bb8-8b3c-1973823b9bb7,53,run_completed,land,ad860eef-b70e-458e-98ab-54bdc4048f1c,2026-09-23 13:14:29
b7852d37-e69f-47d2-ad26-62da604a8813,615,run_completed,land,892fd9cc-2c33-4cf0-bba3-dc538291ac66,2026-09-23 13:14:38
3831cff3-35ef-4802-bb05-484edbba72a5,51,node_completed,implement,32c14149-2fa4-47e4-8534-eb8f68d72874,2026-09-23 13:21:21
3831cff3-35ef-4802-bb05-484edbba72a5,58,execution_admitted,qa,05f8f8eb-b2ab-40fa-b276-b0165a33c116,2026-09-23 13:21:22
cc4c3f4e-c575-48bf-92d1-e0e8ac5c850d,21,node_completed,qa,49ff9303-ea79-46e5-a1c3-6a3bf7756a54,2026-09-23 13:21:37
cc4c3f4e-c575-48bf-92d1-e0e8ac5c850d,24,gate_opened,founder_gate,,2026-09-23 13:21:37
0e77a6ed-aa68-4fb8-b3e3-c73dceca1f0d,108,run_terminated_by_operator,,,2026-09-23 13:28:10
e365b785-4668-4a7f-aef0-aebe6ca32a51,3,execution_admitted,implement,af6e5cf1-e358-47f1-89fb-52718f9053cb,2026-09-23 13:28:31
e365b785-4668-4a7f-aef0-aebe6ca32a51,9,node_completed,implement,af6e5cf1-e358-47f1-89fb-52718f9053cb,2026-09-23 13:33:43
e365b785-4668-4a7f-aef0-aebe6ca32a51,14,execution_admitted,qa,9357129d-a4b5-4666-ab35-c9fe326f2273,2026-09-23 13:33:44
e51860da-f8a8-4fa8-bc5f-9253b88cc4bd,20,node_completed,implement,4f98262b-eb7a-49ee-a69b-d3b46d521ee2,2026-09-23 13:38:34
e51860da-f8a8-4fa8-bc5f-9253b88cc4bd,25,execution_admitted,qa,f8d8eeab-b714-4efb-8095-67153d77efeb,2026-09-23 13:38:34
f66e1d1b-f329-4e8f-94b6-0b2c0ac7abde,4,execution_admitted,eng_design,fda68c0b-4ad8-4e0f-8e6d-2ac788b460c2,2026-09-23 13:48:54
e51860da-f8a8-4fa8-bc5f-9253b88cc4bd,32,node_completed,qa,f8d8eeab-b714-4efb-8095-67153d77efeb,2026-09-23 13:57:18
e51860da-f8a8-4fa8-bc5f-9253b88cc4bd,39,execution_admitted,implement,4f98262b-eb7a-49ee-a69b-d3b46d521ee2,2026-09-23 13:57:19
3831cff3-35ef-4802-bb05-484edbba72a5,153,node_completed,qa,05f8f8eb-b2ab-40fa-b276-b0165a33c116,2026-09-23 14:01:59
3831cff3-35ef-4802-bb05-484edbba72a5,160,execution_admitted,implement,32c14149-2fa4-47e4-8534-eb8f68d72874,2026-09-23 14:02:00
e365b785-4668-4a7f-aef0-aebe6ca32a51,21,node_completed,qa,9357129d-a4b5-4666-ab35-c9fe326f2273,2026-09-23 14:10:02
e365b785-4668-4a7f-aef0-aebe6ca32a51,24,gate_opened,founder_gate,,2026-09-23 14:10:02
3831cff3-35ef-4802-bb05-484edbba72a5,234,run_terminated_by_operator,,,2026-09-23 14:17:35
9760d356-1bf8-4217-bba0-245682e5a44b,3,execution_admitted,implement,d2ecdf80-9fe5-4cb7-ad54-7e62abee1b61,2026-09-23 14:17:52
f66e1d1b-f329-4e8f-94b6-0b2c0ac7abde,10,node_completed,eng_design,fda68c0b-4ad8-4e0f-8e6d-2ac788b460c2,2026-09-23 14:18:54
f66e1d1b-f329-4e8f-94b6-0b2c0ac7abde,15,execution_admitted,implement,920a8ebd-c3b7-4d0a-88b2-b413799cdd5e,2026-09-23 14:18:55
9760d356-1bf8-4217-bba0-245682e5a44b,9,node_completed,implement,d2ecdf80-9fe5-4cb7-ad54-7e62abee1b61,2026-09-23 14:22:45
9760d356-1bf8-4217-bba0-245682e5a44b,14,execution_admitted,qa,a509e941-e543-477e-8254-5d704858da14,2026-09-23 14:22:45
ac672a74-7ce4-4c6a-9bdc-62372c8632a4,66,run_terminated_by_operator,,,2026-09-23 14:33:40
84903017-2853-44fb-81aa-047cf693fb80,3,execution_admitted,implement,72eacc06-8b9f-42d3-a3c7-8d6dbfcb9dd8,2026-09-23 14:33:53
84903017-2853-44fb-81aa-047cf693fb80,9,node_completed,implement,72eacc06-8b9f-42d3-a3c7-8d6dbfcb9dd8,2026-09-23 14:40:23
84903017-2853-44fb-81aa-047cf693fb80,14,execution_admitted,qa,e56ecb1c-30a7-4cc1-bfd3-0c1ac85678d9,2026-09-23 14:40:24
84903017-2853-44fb-81aa-047cf693fb80,20,node_completed,qa,e56ecb1c-30a7-4cc1-bfd3-0c1ac85678d9,2026-09-23 14:49:46
84903017-2853-44fb-81aa-047cf693fb80,27,execution_admitted,implement,72eacc06-8b9f-42d3-a3c7-8d6dbfcb9dd8,2026-09-23 14:49:47
da516578-b40e-474c-a292-dafb9e3899e6,3,execution_admitted,implement,76b0f604-3d22-44f9-a846-a37056920e5e,2026-09-23 14:59:51
5191051d-ed91-49b6-8c9e-2f3abc0b90cd,103,run_terminated_by_operator,,,2026-09-23 15:17:38
e4da6f23-5b9e-4341-847d-b1a4607c1ce4,3,execution_admitted,implement,a69af4c1-a2bc-4888-a9dd-6e763f73cb98,2026-09-23 15:17:58
e4da6f23-5b9e-4341-847d-b1a4607c1ce4,9,node_completed,implement,a69af4c1-a2bc-4888-a9dd-6e763f73cb98,2026-09-23 15:23:19
e4da6f23-5b9e-4341-847d-b1a4607c1ce4,14,execution_admitted,qa,d4054f07-902a-4107-82e7-888f531c691a,2026-09-23 15:23:19
e51860da-f8a8-4fa8-bc5f-9253b88cc4bd,80,node_completed,implement,4f98262b-eb7a-49ee-a69b-d3b46d521ee2,2026-09-23 15:26:10
e51860da-f8a8-4fa8-bc5f-9253b88cc4bd,87,execution_admitted,qa,f8d8eeab-b714-4efb-8095-67153d77efeb,2026-09-23 15:26:11
84903017-2853-44fb-81aa-047cf693fb80,51,run_terminated_by_operator,,,2026-09-23 15:32:54
d9e27cf5-3392-49c7-af3e-4bf623f29a01,3,execution_admitted,implement,8e5a3cde-d9b1-42ec-a0b2-796e4682f333,2026-09-23 15:33:10
d9e27cf5-3392-49c7-af3e-4bf623f29a01,9,node_completed,implement,8e5a3cde-d9b1-42ec-a0b2-796e4682f333,2026-09-23 15:36:36
d9e27cf5-3392-49c7-af3e-4bf623f29a01,14,execution_admitted,qa,b1cd5257-725c-4f70-aff0-1c4cac2f3d97,2026-09-23 15:36:36
f66e1d1b-f329-4e8f-94b6-0b2c0ac7abde,21,writer_replacement,implement,be211474-8279-45b9-8324-a0c02e1b412b,2026-09-23 15:49:54
f66e1d1b-f329-4e8f-94b6-0b2c0ac7abde,22,resume_target_unrecoverable,implement,,2026-09-23 15:49:54
f66e1d1b-f329-4e8f-94b6-0b2c0ac7abde,23,execution_dead_rolled_back,implement,920a8ebd-c3b7-4d0a-88b2-b413799cdd5e,2026-09-23 15:49:54
f66e1d1b-f329-4e8f-94b6-0b2c0ac7abde,25,execution_admitted,implement,be211474-8279-45b9-8324-a0c02e1b412b,2026-09-23 15:49:54
e4da6f23-5b9e-4341-847d-b1a4607c1ce4,21,node_completed,qa,d4054f07-902a-4107-82e7-888f531c691a,2026-09-23 15:54:30
e4da6f23-5b9e-4341-847d-b1a4607c1ce4,24,gate_opened,founder_gate,,2026-09-23 15:54:30
e51860da-f8a8-4fa8-bc5f-9253b88cc4bd,185,node_completed,qa,f8d8eeab-b714-4efb-8095-67153d77efeb,2026-09-23 16:07:41
e51860da-f8a8-4fa8-bc5f-9253b88cc4bd,187,gate_opened,founder_gate,,2026-09-23 16:07:41
fec3e02d-ba7e-407c-a55d-87ee17313e30,22,node_completed,qa,6a97cf20-c3a3-41b8-8fd7-6dd0144636fa,2026-09-23 16:13:30
fec3e02d-ba7e-407c-a55d-87ee17313e30,30,execution_dead_rolled_back,implement,a466cb95-fab3-4385-ab88-5d81c066dd2f,2026-09-23 16:13:31
fec3e02d-ba7e-407c-a55d-87ee17313e30,34,execution_admitted,implement,486846e6-0b23-4d78-b07e-d30fc4357027,2026-09-23 16:13:31
fec3e02d-ba7e-407c-a55d-87ee17313e30,40,rework_replacement_launched,implement,486846e6-0b23-4d78-b07e-d30fc4357027,2026-09-23 16:13:38
fec3e02d-ba7e-407c-a55d-87ee17313e30,42,run_terminated_by_operator,,,2026-09-23 16:13:54
55865cb9-8dea-464c-9817-7058da59de9d,3,execution_admitted,implement,91f185a4-b436-4a38-b051-638d077e4558,2026-09-23 16:14:03
d9e27cf5-3392-49c7-af3e-4bf623f29a01,21,node_completed,qa,b1cd5257-725c-4f70-aff0-1c4cac2f3d97,2026-09-23 16:18:15
d9e27cf5-3392-49c7-af3e-4bf623f29a01,24,gate_opened,founder_gate,,2026-09-23 16:18:15
36ce617c-1496-4982-b23d-65c9e1fb77ae,604,node_completed,founder_gate,6c63ad31-511d-4d2d-b728-ab5763358759,2026-09-23 16:28:57
da516578-b40e-474c-a292-dafb9e3899e6,14,run_terminated_by_operator,,,2026-09-23 16:33:04
4e2ba12c-312c-47eb-bcb7-2942947b6e70,3,execution_admitted,implement,634930a6-eb1b-4a95-a347-0e37a9eda281,2026-09-23 16:33:26
4e2ba12c-312c-47eb-bcb7-2942947b6e70,9,node_completed,implement,634930a6-eb1b-4a95-a347-0e37a9eda281,2026-09-23 16:36:53
4e2ba12c-312c-47eb-bcb7-2942947b6e70,14,execution_admitted,qa,db9a45e3-ca8b-4ef7-8028-3876c20d4ec7,2026-09-23 16:36:54
d86374cf-076d-4482-884d-d233c6204de7,54,node_completed,founder_gate,482670d8-8dfc-4a51-96b7-d02071fd0076,2026-09-23 17:48:41
f66e1d1b-f329-4e8f-94b6-0b2c0ac7abde,30,run_terminated_by_operator,,,2026-09-23 17:50:50
d86374cf-076d-4482-884d-d233c6204de7,61,run_completed,land,898cb415-9c3e-45be-8d2b-b5241c47dc0d,2026-09-23 17:51:16
996b6806-e3d8-4763-8100-831612cef2ad,4,execution_admitted,eng_design,4461c3b9-2af5-47e1-b402-3a48c727f385,2026-09-23 17:56:52
c211327a-9a4e-464c-9b6f-7059e12ed47b,4,execution_admitted,eng_design,412a1c7c-b033-474f-b2ee-45b5b5dbc4d3,2026-09-23 17:58:01
55865cb9-8dea-464c-9817-7058da59de9d,9,node_completed,implement,91f185a4-b436-4a38-b051-638d077e4558,2026-09-23 18:17:49
55865cb9-8dea-464c-9817-7058da59de9d,14,execution_admitted,qa,d8248d97-4ff6-4935-be37-397e543b42fc,2026-09-23 18:17:50
e365b785-4668-4a7f-aef0-aebe6ca32a51,49,node_completed,founder_gate,9357129d-a4b5-4666-ab35-c9fe326f2273,2026-09-23 18:21:47
e365b785-4668-4a7f-aef0-aebe6ca32a51,57,run_completed,land,d84b440b-4295-4417-9674-451c801e9fb1,2026-09-23 18:24:14
36ce617c-1496-4982-b23d-65c9e1fb77ae,767,execution_dead_rolled_back,implement,f4c9594c-f5e9-450b-b4d9-ead15adc1ba6,2026-09-23 18:29:09
36ce617c-1496-4982-b23d-65c9e1fb77ae,771,execution_admitted,implement,a7a27b49-ee4c-42d6-b933-6e409fa7cc61,2026-09-23 18:29:09
36ce617c-1496-4982-b23d-65c9e1fb77ae,777,rework_replacement_launched,implement,a7a27b49-ee4c-42d6-b933-6e409fa7cc61,2026-09-23 18:30:16
c211327a-9a4e-464c-9b6f-7059e12ed47b,12,node_completed,eng_design,412a1c7c-b033-474f-b2ee-45b5b5dbc4d3,2026-09-23 18:31:07
c211327a-9a4e-464c-9b6f-7059e12ed47b,17,execution_admitted,implement,b4c91b9a-e40d-4973-b907-85ba4bbba9ad,2026-09-23 18:31:08
996b6806-e3d8-4763-8100-831612cef2ad,10,node_completed,eng_design,4461c3b9-2af5-47e1-b402-3a48c727f385,2026-09-23 19:34:30
996b6806-e3d8-4763-8100-831612cef2ad,15,execution_admitted,implement,3443dbad-1c4c-40bc-8c93-3e0aa0c76233,2026-09-23 19:34:31
36ce617c-1496-4982-b23d-65c9e1fb77ae,802,writer_replacement,implement,0cce796a-b0df-45d0-8eca-87e9dcfc84ab,2026-09-23 19:36:47
36ce617c-1496-4982-b23d-65c9e1fb77ae,803,resume_target_unrecoverable,implement,,2026-09-23 19:36:47
36ce617c-1496-4982-b23d-65c9e1fb77ae,804,execution_dead_rolled_back,implement,a7a27b49-ee4c-42d6-b933-6e409fa7cc61,2026-09-23 19:36:47
36ce617c-1496-4982-b23d-65c9e1fb77ae,805,repeated_dead_execution_pattern,implement,a7a27b49-ee4c-42d6-b933-6e409fa7cc61,2026-09-23 19:36:47
996b6806-e3d8-4763-8100-831612cef2ad,21,writer_replacement,implement,ecc4a09d-8a38-4134-b7b2-69e24b412c3c,2026-09-23 19:36:50
996b6806-e3d8-4763-8100-831612cef2ad,22,resume_target_unrecoverable,implement,,2026-09-23 19:36:50
996b6806-e3d8-4763-8100-831612cef2ad,23,execution_dead_rolled_back,implement,3443dbad-1c4c-40bc-8c93-3e0aa0c76233,2026-09-23 19:36:50
996b6806-e3d8-4763-8100-831612cef2ad,25,execution_admitted,implement,ecc4a09d-8a38-4134-b7b2-69e24b412c3c,2026-09-23 19:36:50
c211327a-9a4e-464c-9b6f-7059e12ed47b,25,writer_replacement,implement,2df87278-8de7-47d7-b108-02b8689bfda4,2026-09-23 19:37:47
c211327a-9a4e-464c-9b6f-7059e12ed47b,26,resume_target_unrecoverable,implement,,2026-09-23 19:37:47
c211327a-9a4e-464c-9b6f-7059e12ed47b,27,execution_dead_rolled_back,implement,b4c91b9a-e40d-4973-b907-85ba4bbba9ad,2026-09-23 19:37:47
c211327a-9a4e-464c-9b6f-7059e12ed47b,29,execution_admitted,implement,2df87278-8de7-47d7-b108-02b8689bfda4,2026-09-23 19:37:47
36ce617c-1496-4982-b23d-65c9e1fb77ae,809,execution_admitted,implement,0cce796a-b0df-45d0-8eca-87e9dcfc84ab,2026-09-23 19:39:30
996b6806-e3d8-4763-8100-831612cef2ad,32,writer_replacement,implement,07a246b9-68c6-4ed1-b3e4-a5e0fc3efe08,2026-09-23 19:41:51
996b6806-e3d8-4763-8100-831612cef2ad,33,resume_target_unrecoverable,implement,,2026-09-23 19:41:51
996b6806-e3d8-4763-8100-831612cef2ad,34,execution_dead_rolled_back,implement,ecc4a09d-8a38-4134-b7b2-69e24b412c3c,2026-09-23 19:41:51
996b6806-e3d8-4763-8100-831612cef2ad,35,repeated_dead_execution_pattern,implement,ecc4a09d-8a38-4134-b7b2-69e24b412c3c,2026-09-23 19:41:51
996b6806-e3d8-4763-8100-831612cef2ad,37,execution_admitted,implement,07a246b9-68c6-4ed1-b3e4-a5e0fc3efe08,2026-09-23 19:41:51
c211327a-9a4e-464c-9b6f-7059e12ed47b,36,unlaunched_admission_rolled_back,implement,2df87278-8de7-47d7-b108-02b8689bfda4,2026-09-23 19:47:47
36ce617c-1496-4982-b23d-65c9e1fb77ae,818,unlaunched_admission_rolled_back,implement,0cce796a-b0df-45d0-8eca-87e9dcfc84ab,2026-09-23 19:49:30
55865cb9-8dea-464c-9817-7058da59de9d,23,node_completed,qa,d8248d97-4ff6-4935-be37-397e543b42fc,2026-09-23 19:54:21
55865cb9-8dea-464c-9817-7058da59de9d,26,gate_opened,founder_gate,,2026-09-23 19:54:21
996b6806-e3d8-4763-8100-831612cef2ad,43,writer_replacement,implement,df3f64f3-98a8-438a-9dad-e79e7eeeae09,2026-09-23 19:56:52
996b6806-e3d8-4763-8100-831612cef2ad,44,resume_target_unrecoverable,implement,,2026-09-23 19:56:52
996b6806-e3d8-4763-8100-831612cef2ad,45,execution_dead_rolled_back,implement,07a246b9-68c6-4ed1-b3e4-a5e0fc3efe08,2026-09-23 19:56:52
996b6806-e3d8-4763-8100-831612cef2ad,46,repeated_dead_execution_pattern,implement,07a246b9-68c6-4ed1-b3e4-a5e0fc3efe08,2026-09-23 19:56:52
996b6806-e3d8-4763-8100-831612cef2ad,48,execution_admitted,implement,df3f64f3-98a8-438a-9dad-e79e7eeeae09,2026-09-23 19:56:52
4e2ba12c-312c-47eb-bcb7-2942947b6e70,23,node_completed,qa,db9a45e3-ca8b-4ef7-8028-3876c20d4ec7,2026-09-23 20:09:55
4e2ba12c-312c-47eb-bcb7-2942947b6e70,31,execution_dead_rolled_back,implement,634930a6-eb1b-4a95-a347-0e37a9eda281,2026-09-23 20:09:56
4e2ba12c-312c-47eb-bcb7-2942947b6e70,35,execution_admitted,implement,27dafac2-5552-4712-b03a-59fea0babe37,2026-09-23 20:09:56
4e2ba12c-312c-47eb-bcb7-2942947b6e70,40,rework_replacement_launched,implement,27dafac2-5552-4712-b03a-59fea0babe37,2026-09-23 20:10:53
4e2ba12c-312c-47eb-bcb7-2942947b6e70,42,writer_replacement,implement,2815301c-4258-4d8d-bbc6-116aeffb9d53,2026-09-23 20:11:11
4e2ba12c-312c-47eb-bcb7-2942947b6e70,43,resume_target_unrecoverable,implement,,2026-09-23 20:11:11
4e2ba12c-312c-47eb-bcb7-2942947b6e70,44,execution_dead_rolled_back,implement,27dafac2-5552-4712-b03a-59fea0babe37,2026-09-23 20:11:11
4e2ba12c-312c-47eb-bcb7-2942947b6e70,45,repeated_dead_execution_pattern,implement,27dafac2-5552-4712-b03a-59fea0babe37,2026-09-23 20:11:11
4e2ba12c-312c-47eb-bcb7-2942947b6e70,49,execution_admitted,implement,2815301c-4258-4d8d-bbc6-116aeffb9d53,2026-09-23 20:13:54
4e2ba12c-312c-47eb-bcb7-2942947b6e70,55,rework_replacement_launched,implement,2815301c-4258-4d8d-bbc6-116aeffb9d53,2026-09-23 20:14:50
4e2ba12c-312c-47eb-bcb7-2942947b6e70,57,writer_replacement,implement,7a5b0a5e-9791-46e8-9386-ab9145ab82ee,2026-09-23 20:16:12
4e2ba12c-312c-47eb-bcb7-2942947b6e70,58,resume_target_unrecoverable,implement,,2026-09-23 20:16:12
4e2ba12c-312c-47eb-bcb7-2942947b6e70,59,execution_dead_rolled_back,implement,2815301c-4258-4d8d-bbc6-116aeffb9d53,2026-09-23 20:16:12
4e2ba12c-312c-47eb-bcb7-2942947b6e70,60,repeated_dead_execution_pattern,implement,2815301c-4258-4d8d-bbc6-116aeffb9d53,2026-09-23 20:16:12
4e2ba12c-312c-47eb-bcb7-2942947b6e70,64,execution_admitted,implement,7a5b0a5e-9791-46e8-9386-ab9145ab82ee,2026-09-23 20:17:51
4e2ba12c-312c-47eb-bcb7-2942947b6e70,69,rework_replacement_launched,implement,7a5b0a5e-9791-46e8-9386-ab9145ab82ee,2026-09-23 20:18:48
4e2ba12c-312c-47eb-bcb7-2942947b6e70,90,writer_replacement,implement,6426a497-a4d8-42da-a942-ced1916da233,2026-09-23 20:31:12
4e2ba12c-312c-47eb-bcb7-2942947b6e70,91,resume_target_unrecoverable,implement,,2026-09-23 20:31:12
4e2ba12c-312c-47eb-bcb7-2942947b6e70,92,execution_dead_rolled_back,implement,7a5b0a5e-9791-46e8-9386-ab9145ab82ee,2026-09-23 20:31:12
4e2ba12c-312c-47eb-bcb7-2942947b6e70,93,repeated_dead_execution_pattern,implement,7a5b0a5e-9791-46e8-9386-ab9145ab82ee,2026-09-23 20:31:12
4e2ba12c-312c-47eb-bcb7-2942947b6e70,96,execution_admitted,implement,6426a497-a4d8-42da-a942-ced1916da233,2026-09-23 20:31:12
4e2ba12c-312c-47eb-bcb7-2942947b6e70,101,rework_replacement_launched,implement,6426a497-a4d8-42da-a942-ced1916da233,2026-09-23 20:32:16
55865cb9-8dea-464c-9817-7058da59de9d,34,node_completed,founder_gate,d8248d97-4ff6-4935-be37-397e543b42fc,2026-09-23 20:39:51
e51860da-f8a8-4fa8-bc5f-9253b88cc4bd,1237,rework_pane_loss_handoff,implement,4f98262b-eb7a-49ee-a69b-d3b46d521ee2,2026-09-23 20:50:54
4e2ba12c-312c-47eb-bcb7-2942947b6e70,106,run_terminated_by_operator,,,2026-09-23 21:00:09
d299fdc9-5515-4070-b8c0-d2db14377dfa,3,execution_admitted,implement,d9ac81c4-d6fc-42da-a9c1-96e50b2885ea,2026-09-23 21:00:21
996b6806-e3d8-4763-8100-831612cef2ad,56,run_terminated_by_operator,,,2026-09-23 21:03:41
c211327a-9a4e-464c-9b6f-7059e12ed47b,39,run_terminated_by_operator,,,2026-09-23 21:03:41
fc15a01d-c735-4fa1-a6f0-836c51c24768,3,execution_admitted,implement,68fd66e6-19c5-4b6a-b23e-94e0e471895e,2026-09-23 21:03:51
ff749717-a94c-4200-911f-2667e0c29e2b,3,execution_admitted,implement,53d3cd5f-0c21-4df1-a473-753d8e8330a9,2026-09-23 21:05:01
e51860da-f8a8-4fa8-bc5f-9253b88cc4bd,1246,run_terminated_by_operator,,,2026-09-23 21:06:34
0531c321-0c14-4d53-acc6-65c663549493,3,execution_admitted,implement,fc816208-3193-4d3e-b048-a0e5fd69976e,2026-09-23 21:06:54
36ce617c-1496-4982-b23d-65c9e1fb77ae,822,run_terminated_by_operator,,,2026-09-23 21:11:39
183679a8-5c81-4ad4-add0-f271477b148a,3,execution_admitted,implement,8587067a-85c6-4f1a-9fbf-11852c5732a4,2026-09-23 21:11:46
183679a8-5c81-4ad4-add0-f271477b148a,13,run_terminated_by_operator,,,2026-09-23 21:46:52
143327b0-281b-4c53-80f2-64d659fdd152,3,execution_admitted,implement,73aec897-14b0-434e-b1db-8ea1e7b07d7e,2026-09-23 21:47:03
143327b0-281b-4c53-80f2-64d659fdd152,9,node_completed,implement,73aec897-14b0-434e-b1db-8ea1e7b07d7e,2026-09-23 21:50:23
143327b0-281b-4c53-80f2-64d659fdd152,14,execution_admitted,qa,4cdafd62-8910-47da-bedf-68c6047389e0,2026-09-23 21:50:24
d299fdc9-5515-4070-b8c0-d2db14377dfa,9,node_completed,implement,d9ac81c4-d6fc-42da-a9c1-96e50b2885ea,2026-09-23 21:57:21
d299fdc9-5515-4070-b8c0-d2db14377dfa,14,execution_admitted,qa,9c6ed448-96c7-4d14-b7ce-939375c85910,2026-09-23 21:57:21
0531c321-0c14-4d53-acc6-65c663549493,10,node_completed,implement,fc816208-3193-4d3e-b048-a0e5fd69976e,2026-09-23 22:01:43
0531c321-0c14-4d53-acc6-65c663549493,15,execution_admitted,qa,bcd45ccb-0b8a-468f-82c0-7a2750d8fe5a,2026-09-23 22:01:44
d299fdc9-5515-4070-b8c0-d2db14377dfa,22,node_completed,qa,9c6ed448-96c7-4d14-b7ce-939375c85910,2026-09-23 22:21:28
d299fdc9-5515-4070-b8c0-d2db14377dfa,25,gate_opened,founder_gate,,2026-09-23 22:21:28
0531c321-0c14-4d53-acc6-65c663549493,21,node_completed,qa,bcd45ccb-0b8a-468f-82c0-7a2750d8fe5a,2026-09-23 22:22:27
0531c321-0c14-4d53-acc6-65c663549493,28,execution_admitted,implement,fc816208-3193-4d3e-b048-a0e5fd69976e,2026-09-23 22:22:27
d299fdc9-5515-4070-b8c0-d2db14377dfa,31,node_completed,founder_gate,9c6ed448-96c7-4d14-b7ce-939375c85910,2026-09-23 22:33:32
d299fdc9-5515-4070-b8c0-d2db14377dfa,39,run_completed,land,52c60daa-82c7-4b5b-ad4e-8c40cf87b488,2026-09-23 22:36:19
143327b0-281b-4c53-80f2-64d659fdd152,21,node_completed,qa,4cdafd62-8910-47da-bedf-68c6047389e0,2026-09-23 22:38:00
143327b0-281b-4c53-80f2-64d659fdd152,24,gate_opened,founder_gate,,2026-09-23 22:38:00
143327b0-281b-4c53-80f2-64d659fdd152,29,node_completed,founder_gate,4cdafd62-8910-47da-bedf-68c6047389e0,2026-09-23 22:47:59
143327b0-281b-4c53-80f2-64d659fdd152,37,run_completed,land,4a63cee2-fd81-45f9-95eb-3d88d4bdadf2,2026-09-23 22:50:00
435650e5-e248-4844-9b3a-98033fd0b779,3,execution_admitted,implement,3d542020-d359-4d1e-bfbf-0b0a7c39a11e,2026-09-23 22:50:08
fc15a01d-c735-4fa1-a6f0-836c51c24768,12,writer_replacement,implement,a406621d-51cb-4587-a1e8-b5bc92164f0b,2026-09-23 23:07:09
fc15a01d-c735-4fa1-a6f0-836c51c24768,13,resume_target_unrecoverable,implement,,2026-09-23 23:07:09
fc15a01d-c735-4fa1-a6f0-836c51c24768,14,execution_dead_rolled_back,implement,68fd66e6-19c5-4b6a-b23e-94e0e471895e,2026-09-23 23:07:09
fc15a01d-c735-4fa1-a6f0-836c51c24768,16,execution_admitted,implement,a406621d-51cb-4587-a1e8-b5bc92164f0b,2026-09-23 23:07:09
fc15a01d-c735-4fa1-a6f0-836c51c24768,23,run_terminated_by_operator,,,2026-09-23 23:12:32
4060034b-8f4c-4de3-a597-e7f92aad5b4c,3,execution_admitted,implement,5ea9860c-0fb1-4cb2-b7b3-d5c06995746e,2026-09-23 23:12:32
55865cb9-8dea-464c-9817-7058da59de9d,44,run_completed,land,139489f9-4161-4e30-8f3f-12c616890a18,2026-09-23 23:15:47
0531c321-0c14-4d53-acc6-65c663549493,66,execution_dead_rolled_back,implement,fc816208-3193-4d3e-b048-a0e5fd69976e,2026-09-23 23:33:28
435650e5-e248-4844-9b3a-98033fd0b779,13,writer_replacement,implement,9383060a-f410-404d-b725-f7919d50e9ff,2026-09-23 23:38:26
435650e5-e248-4844-9b3a-98033fd0b779,14,resume_target_unrecoverable,implement,,2026-09-23 23:38:26
435650e5-e248-4844-9b3a-98033fd0b779,15,execution_dead_rolled_back,implement,3d542020-d359-4d1e-bfbf-0b0a7c39a11e,2026-09-23 23:38:26
0531c321-0c14-4d53-acc6-65c663549493,72,execution_admitted,implement,9f016fc5-3781-4208-a4c0-7f680393aab0,2026-09-23 23:40:53
0531c321-0c14-4d53-acc6-65c663549493,78,rework_replacement_launched,implement,9f016fc5-3781-4208-a4c0-7f680393aab0,2026-09-23 23:45:59
435650e5-e248-4844-9b3a-98033fd0b779,17,execution_admitted,implement,9383060a-f410-404d-b725-f7919d50e9ff,2026-09-23 23:45:59
0531c321-0c14-4d53-acc6-65c663549493,85,node_completed,implement,9f016fc5-3781-4208-a4c0-7f680393aab0,2026-09-24 00:06:30
0531c321-0c14-4d53-acc6-65c663549493,93,execution_admitted,qa,bcd45ccb-0b8a-468f-82c0-7a2750d8fe5a,2026-09-24 00:06:31
0531c321-0c14-4d53-acc6-65c663549493,104,node_completed,qa,bcd45ccb-0b8a-468f-82c0-7a2750d8fe5a,2026-09-24 00:20:19
0531c321-0c14-4d53-acc6-65c663549493,107,gate_opened,founder_gate,,2026-09-24 00:20:19
435650e5-e248-4844-9b3a-98033fd0b779,23,node_completed,implement,9383060a-f410-404d-b725-f7919d50e9ff,2026-09-24 00:29:51
435650e5-e248-4844-9b3a-98033fd0b779,28,execution_admitted,qa,02ee6a8f-f886-40bc-a94a-d8d4cce71a29,2026-09-24 00:29:51
435650e5-e248-4844-9b3a-98033fd0b779,34,node_completed,qa,02ee6a8f-f886-40bc-a94a-d8d4cce71a29,2026-09-24 00:48:23
435650e5-e248-4844-9b3a-98033fd0b779,41,execution_admitted,implement,9383060a-f410-404d-b725-f7919d50e9ff,2026-09-24 00:48:25
0531c321-0c14-4d53-acc6-65c663549493,210,execution_dead_rolled_back,implement,9f016fc5-3781-4208-a4c0-7f680393aab0,2026-09-24 01:07:02
0531c321-0c14-4d53-acc6-65c663549493,214,execution_admitted,implement,ff2c6da1-f32f-45c9-84b0-a0d76da7976c,2026-09-24 01:07:02
0531c321-0c14-4d53-acc6-65c663549493,220,rework_replacement_launched,implement,ff2c6da1-f32f-45c9-84b0-a0d76da7976c,2026-09-24 01:07:58
0531c321-0c14-4d53-acc6-65c663549493,222,writer_replacement,implement,222ec7ae-dd07-41c4-8acf-82534a1fdbc9,2026-09-24 01:08:14
0531c321-0c14-4d53-acc6-65c663549493,223,resume_target_unrecoverable,implement,,2026-09-24 01:08:14
0531c321-0c14-4d53-acc6-65c663549493,224,execution_dead_rolled_back,implement,ff2c6da1-f32f-45c9-84b0-a0d76da7976c,2026-09-24 01:08:14
0531c321-0c14-4d53-acc6-65c663549493,225,repeated_dead_execution_pattern,implement,ff2c6da1-f32f-45c9-84b0-a0d76da7976c,2026-09-24 01:08:14
b0c98033-2293-49b5-9a68-e5e3cebb1edf,4,execution_admitted,eng_design,53b70cf9-1762-4803-8cce-f6f608e90e7c,2026-09-24 01:09:36
b0c98033-2293-49b5-9a68-e5e3cebb1edf,11,writer_replacement,eng_design,baa2afce-dd5b-4516-90a2-59d3031377bb,2026-09-24 01:10:52
b0c98033-2293-49b5-9a68-e5e3cebb1edf,12,resume_target_unrecoverable,eng_design,,2026-09-24 01:10:52
b0c98033-2293-49b5-9a68-e5e3cebb1edf,13,execution_dead_rolled_back,eng_design,53b70cf9-1762-4803-8cce-f6f608e90e7c,2026-09-24 01:10:52
b0c98033-2293-49b5-9a68-e5e3cebb1edf,15,execution_admitted,eng_design,baa2afce-dd5b-4516-90a2-59d3031377bb,2026-09-24 01:10:52
0531c321-0c14-4d53-acc6-65c663549493,229,execution_admitted,implement,222ec7ae-dd07-41c4-8acf-82534a1fdbc9,2026-09-24 01:11:47
0531c321-0c14-4d53-acc6-65c663549493,234,rework_replacement_launched,implement,222ec7ae-dd07-41c4-8acf-82534a1fdbc9,2026-09-24 01:12:41
0531c321-0c14-4d53-acc6-65c663549493,236,writer_replacement,implement,07bf3d37-1508-404c-8150-0c021c5366a5,2026-09-24 01:13:14
0531c321-0c14-4d53-acc6-65c663549493,237,resume_target_unrecoverable,implement,,2026-09-24 01:13:14
0531c321-0c14-4d53-acc6-65c663549493,238,execution_dead_rolled_back,implement,222ec7ae-dd07-41c4-8acf-82534a1fdbc9,2026-09-24 01:13:14
0531c321-0c14-4d53-acc6-65c663549493,239,repeated_dead_execution_pattern,implement,222ec7ae-dd07-41c4-8acf-82534a1fdbc9,2026-09-24 01:13:14
0531c321-0c14-4d53-acc6-65c663549493,241,run_terminated_by_operator,,,2026-09-24 01:14:39
b0c98033-2293-49b5-9a68-e5e3cebb1edf,21,run_terminated_by_operator,,,2026-09-24 01:14:40
5e30bab3-ff65-40b8-89b5-ce547e5f76a2,3,execution_admitted,implement,5da4c8de-3795-4edc-ad14-329c38e09ba6,2026-09-24 01:14:47
8f0326cc-1297-4289-b129-ce2099a622a0,4,execution_admitted,eng_design,f371e87f-260f-4f3f-9473-dfd974e26517,2026-09-24 01:14:58
435650e5-e248-4844-9b3a-98033fd0b779,54,node_completed,implement,9383060a-f410-404d-b725-f7919d50e9ff,2026-09-24 01:17:11
435650e5-e248-4844-9b3a-98033fd0b779,61,execution_admitted,qa,02ee6a8f-f886-40bc-a94a-d8d4cce71a29,2026-09-24 01:17:12
238901c9-b50d-4b8d-8627-edefe5ff33dc,4,execution_admitted,eng_design,35832f7a-6ce0-4068-a489-2e2ed9d66dca,2026-09-24 01:17:56
e4da6f23-5b9e-4341-847d-b1a4607c1ce4,77,execution_dead_rolled_back,implement,a69af4c1-a2bc-4888-a9dd-6e763f73cb98,2026-09-24 02:14:06
e4da6f23-5b9e-4341-847d-b1a4607c1ce4,81,execution_admitted,implement,b8057761-300b-4764-b4da-8b8686ad653e,2026-09-24 02:14:06
e4da6f23-5b9e-4341-847d-b1a4607c1ce4,86,rework_replacement_launched,implement,b8057761-300b-4764-b4da-8b8686ad653e,2026-09-24 02:19:21
5e30bab3-ff65-40b8-89b5-ce547e5f76a2,9,node_completed,implement,5da4c8de-3795-4edc-ad14-329c38e09ba6,2026-09-24 02:47:43
5e30bab3-ff65-40b8-89b5-ce547e5f76a2,14,execution_admitted,qa,aef24ecc-59d4-4292-936e-71a6cf5c21f9,2026-09-24 02:47:44
4060034b-8f4c-4de3-a597-e7f92aad5b4c,15,writer_replacement,implement,4c124904-81ac-40e8-977a-f5dac79f0684,2026-09-24 02:53:35
4060034b-8f4c-4de3-a597-e7f92aad5b4c,16,resume_target_unrecoverable,implement,,2026-09-24 02:53:35
4060034b-8f4c-4de3-a597-e7f92aad5b4c,17,execution_dead_rolled_back,implement,5ea9860c-0fb1-4cb2-b7b3-d5c06995746e,2026-09-24 02:53:35
4060034b-8f4c-4de3-a597-e7f92aad5b4c,19,execution_admitted,implement,4c124904-81ac-40e8-977a-f5dac79f0684,2026-09-24 02:53:35
4060034b-8f4c-4de3-a597-e7f92aad5b4c,22,run_terminated_by_operator,,,2026-09-24 02:55:08
435650e5-e248-4844-9b3a-98033fd0b779,99,node_completed,qa,02ee6a8f-f886-40bc-a94a-d8d4cce71a29,2026-09-24 02:59:51
435650e5-e248-4844-9b3a-98033fd0b779,101,gate_opened,founder_gate,,2026-09-24 02:59:51
9760d356-1bf8-4217-bba0-245682e5a44b,23,node_completed,qa,a509e941-e543-477e-8254-5d704858da14,2026-09-24 03:10:20
9760d356-1bf8-4217-bba0-245682e5a44b,31,execution_dead_rolled_back,implement,d2ecdf80-9fe5-4cb7-ad54-7e62abee1b61,2026-09-24 03:10:21
9760d356-1bf8-4217-bba0-245682e5a44b,35,execution_admitted,implement,50c8805e-d5bb-46b9-9598-d7e3b79967bd,2026-09-24 03:10:21
9760d356-1bf8-4217-bba0-245682e5a44b,41,rework_replacement_launched,implement,50c8805e-d5bb-46b9-9598-d7e3b79967bd,2026-09-24 03:15:46
35635a28-1d2b-47fd-987f-e77ec6a664dc,3,execution_admitted,implement,614fb3ea-e937-48a7-8d88-1e871dbb9161,2026-09-24 03:24:40
5e30bab3-ff65-40b8-89b5-ce547e5f76a2,21,node_completed,qa,aef24ecc-59d4-4292-936e-71a6cf5c21f9,2026-09-24 03:55:15
5e30bab3-ff65-40b8-89b5-ce547e5f76a2,24,gate_opened,founder_gate,,2026-09-24 03:55:15
435650e5-e248-4844-9b3a-98033fd0b779,204,node_completed,founder_gate,02ee6a8f-f886-40bc-a94a-d8d4cce71a29,2026-09-24 04:09:10
238901c9-b50d-4b8d-8627-edefe5ff33dc,10,node_completed,eng_design,35832f7a-6ce0-4068-a489-2e2ed9d66dca,2026-09-24 04:55:23
e4da6f23-5b9e-4341-847d-b1a4607c1ce4,130,node_completed,implement,b8057761-300b-4764-b4da-8b8686ad653e,2026-09-24 05:04:59
e4da6f23-5b9e-4341-847d-b1a4607c1ce4,138,execution_admitted,qa,d4054f07-902a-4107-82e7-888f531c691a,2026-09-24 05:05:00
d9e27cf5-3392-49c7-af3e-4bf623f29a01,86,execution_dead_rolled_back,implement,8e5a3cde-d9b1-42ec-a0b2-796e4682f333,2026-09-24 05:13:46
238901c9-b50d-4b8d-8627-edefe5ff33dc,17,execution_admitted,implement,60fc7481-4291-4a35-85ac-bb4e2d8562e6,2026-09-24 05:14:57
d9e27cf5-3392-49c7-af3e-4bf623f29a01,90,execution_admitted,implement,8773168c-be01-4687-8813-68e4566a346e,2026-09-24 05:15:05
d9e27cf5-3392-49c7-af3e-4bf623f29a01,96,rework_replacement_launched,implement,8773168c-be01-4687-8813-68e4566a346e,2026-09-24 05:16:16
9760d356-1bf8-4217-bba0-245682e5a44b,67,node_completed,implement,50c8805e-d5bb-46b9-9598-d7e3b79967bd,2026-09-24 05:21:12
9760d356-1bf8-4217-bba0-245682e5a44b,75,execution_admitted,qa,a509e941-e543-477e-8254-5d704858da14,2026-09-24 05:21:13
8f0326cc-1297-4289-b129-ce2099a622a0,10,node_completed,eng_design,f371e87f-260f-4f3f-9473-dfd974e26517,2026-09-24 05:30:30
8f0326cc-1297-4289-b129-ce2099a622a0,15,execution_admitted,implement,59aae6a0-db27-4ea6-948e-ffe7d76c88c7,2026-09-24 05:30:30
e4da6f23-5b9e-4341-847d-b1a4607c1ce4,159,node_completed,qa,d4054f07-902a-4107-82e7-888f531c691a,2026-09-24 05:47:11
e4da6f23-5b9e-4341-847d-b1a4607c1ce4,166,execution_admitted,implement,b8057761-300b-4764-b4da-8b8686ad653e,2026-09-24 05:47:12
9760d356-1bf8-4217-bba0-245682e5a44b,92,node_completed,qa,a509e941-e543-477e-8254-5d704858da14,2026-09-24 05:48:47
9760d356-1bf8-4217-bba0-245682e5a44b,99,execution_admitted,implement,50c8805e-d5bb-46b9-9598-d7e3b79967bd,2026-09-24 05:48:49
d9e27cf5-3392-49c7-af3e-4bf623f29a01,109,node_completed,implement,8773168c-be01-4687-8813-68e4566a346e,2026-09-24 05:51:39
d9e27cf5-3392-49c7-af3e-4bf623f29a01,117,execution_admitted,qa,b1cd5257-725c-4f70-aff0-1c4cac2f3d97,2026-09-24 05:51:40
d9e27cf5-3392-49c7-af3e-4bf623f29a01,131,node_completed,qa,b1cd5257-725c-4f70-aff0-1c4cac2f3d97,2026-09-24 06:11:52
d9e27cf5-3392-49c7-af3e-4bf623f29a01,134,gate_opened,founder_gate,,2026-09-24 06:11:52
9760d356-1bf8-4217-bba0-245682e5a44b,160,node_completed,implement,50c8805e-d5bb-46b9-9598-d7e3b79967bd,2026-09-24 06:13:43
9760d356-1bf8-4217-bba0-245682e5a44b,167,execution_admitted,qa,a509e941-e543-477e-8254-5d704858da14,2026-09-24 06:13:44
35635a28-1d2b-47fd-987f-e77ec6a664dc,10,node_completed,implement,614fb3ea-e937-48a7-8d88-1e871dbb9161,2026-09-24 06:26:27
35635a28-1d2b-47fd-987f-e77ec6a664dc,15,execution_admitted,qa,1fa9d31e-4304-4fc2-bb3c-55ade07fadb1,2026-09-24 06:26:30
35635a28-1d2b-47fd-987f-e77ec6a664dc,21,node_completed,qa,1fa9d31e-4304-4fc2-bb3c-55ade07fadb1,2026-09-24 06:33:45
35635a28-1d2b-47fd-987f-e77ec6a664dc,28,execution_admitted,implement,614fb3ea-e937-48a7-8d88-1e871dbb9161,2026-09-24 06:33:46
238901c9-b50d-4b8d-8627-edefe5ff33dc,22,writer_replacement,implement,397e8f99-8646-4e90-baf7-9dd72f5e5617,2026-09-24 07:43:56
238901c9-b50d-4b8d-8627-edefe5ff33dc,23,resume_target_unrecoverable,implement,,2026-09-24 07:43:56
238901c9-b50d-4b8d-8627-edefe5ff33dc,24,execution_dead_rolled_back,implement,60fc7481-4291-4a35-85ac-bb4e2d8562e6,2026-09-24 07:43:56
8f0326cc-1297-4289-b129-ce2099a622a0,20,writer_replacement,implement,3088358a-4820-4b68-97ca-43c847fba2ab,2026-09-24 07:43:56
8f0326cc-1297-4289-b129-ce2099a622a0,21,resume_target_unrecoverable,implement,,2026-09-24 07:43:56
8f0326cc-1297-4289-b129-ce2099a622a0,22,execution_dead_rolled_back,implement,59aae6a0-db27-4ea6-948e-ffe7d76c88c7,2026-09-24 07:43:56
238901c9-b50d-4b8d-8627-edefe5ff33dc,26,execution_admitted,implement,397e8f99-8646-4e90-baf7-9dd72f5e5617,2026-09-24 07:43:56
8f0326cc-1297-4289-b129-ce2099a622a0,24,execution_admitted,implement,3088358a-4820-4b68-97ca-43c847fba2ab,2026-09-24 07:44:03
ff749717-a94c-4200-911f-2667e0c29e2b,22,writer_replacement,implement,03ca51e2-8239-438c-a654-08c36a8427b9,2026-09-24 07:44:24
ff749717-a94c-4200-911f-2667e0c29e2b,23,resume_target_unrecoverable,implement,,2026-09-24 07:44:24
ff749717-a94c-4200-911f-2667e0c29e2b,24,execution_dead_rolled_back,implement,53d3cd5f-0c21-4df1-a473-753d8e8330a9,2026-09-24 07:44:24
ff749717-a94c-4200-911f-2667e0c29e2b,26,execution_admitted,implement,03ca51e2-8239-438c-a654-08c36a8427b9,2026-09-24 07:44:24
e4da6f23-5b9e-4341-847d-b1a4607c1ce4,311,execution_dead_rolled_back,implement,b8057761-300b-4764-b4da-8b8686ad653e,2026-09-24 07:46:37
9760d356-1bf8-4217-bba0-245682e5a44b,307,execution_dead_rolled_back,qa,a509e941-e543-477e-8254-5d704858da14,2026-09-24 07:46:37
35635a28-1d2b-47fd-987f-e77ec6a664dc,45,execution_dead_rolled_back,implement,614fb3ea-e937-48a7-8d88-1e871dbb9161,2026-09-24 07:46:37
e4da6f23-5b9e-4341-847d-b1a4607c1ce4,317,execution_admitted,implement,342edfa7-28c8-48c5-973a-964d9fff6eee,2026-09-24 07:46:37
9760d356-1bf8-4217-bba0-245682e5a44b,312,execution_admitted,qa,81840c5c-5052-4a32-a443-213d9f1d5df2,2026-09-24 07:46:41
9760d356-1bf8-4217-bba0-245682e5a44b,317,rework_replacement_launched,qa,81840c5c-5052-4a32-a443-213d9f1d5df2,2026-09-24 07:46:48
35635a28-1d2b-47fd-987f-e77ec6a664dc,51,execution_admitted,implement,bc3bb5bb-7016-4d1f-845d-5f146bb06fa9,2026-09-24 07:46:48
238901c9-b50d-4b8d-8627-edefe5ff33dc,33,run_terminated_by_operator,,,2026-09-24 07:53:15
8f0326cc-1297-4289-b129-ce2099a622a0,31,run_terminated_by_operator,,,2026-09-24 07:53:15
ff749717-a94c-4200-911f-2667e0c29e2b,33,run_terminated_by_operator,,,2026-09-24 07:53:15
e4da6f23-5b9e-4341-847d-b1a4607c1ce4,338,run_terminated_by_operator,,,2026-09-24 07:53:15
35635a28-1d2b-47fd-987f-e77ec6a664dc,58,run_terminated_by_operator,,,2026-09-24 07:53:15
be388028-7bcd-428d-a4bc-768ee5cbb9f9,3,execution_admitted,implement,9565cabe-062b-43a9-bff4-0ca42b9e7eb6,2026-09-24 07:53:56
90e86d55-8061-40fd-b640-07a6de4a09e2,3,execution_admitted,implement,9c5bc88c-d76f-46a9-b6eb-98efc217b31b,2026-09-24 07:54:00
f8ac913d-a9dc-4e8c-875b-7bb155c1b258,3,execution_admitted,implement,837d6e85-f52b-4d23-93f7-67a9f15fcf44,2026-09-24 07:54:04
ab5dd282-431b-4006-afc3-7ed1220f794e,3,execution_admitted,implement,6520c919-ded0-46e6-bfa5-76bba81770c6,2026-09-24 07:54:08
3e1394b1-80d4-4cbc-9868-9f1fe4ffa716,3,execution_admitted,implement,645a3383-2ccc-435d-90bf-ddeb5d6ac9eb,2026-09-24 07:54:12
9760d356-1bf8-4217-bba0-245682e5a44b,364,node_completed,qa,81840c5c-5052-4a32-a443-213d9f1d5df2,2026-09-24 08:02:45
9760d356-1bf8-4217-bba0-245682e5a44b,373,execution_dead_rolled_back,implement,50c8805e-d5bb-46b9-9598-d7e3b79967bd,2026-09-24 08:02:46
9760d356-1bf8-4217-bba0-245682e5a44b,377,execution_admitted,implement,b224d252-30d2-4d13-b597-9663ea25de43,2026-09-24 08:02:46
9760d356-1bf8-4217-bba0-245682e5a44b,382,rework_replacement_launched,implement,b224d252-30d2-4d13-b597-9663ea25de43,2026-09-24 08:03:57
d9e27cf5-3392-49c7-af3e-4bf623f29a01,247,execution_dead_rolled_back,qa,b1cd5257-725c-4f70-aff0-1c4cac2f3d97,2026-09-24 08:03:57
d9e27cf5-3392-49c7-af3e-4bf623f29a01,251,execution_admitted,qa,45e987fa-8d8f-410e-b1c1-0df5d9ccd650,2026-09-24 08:03:58
d9e27cf5-3392-49c7-af3e-4bf623f29a01,257,rework_replacement_launched,qa,45e987fa-8d8f-410e-b1c1-0df5d9ccd650,2026-09-24 08:04:56
9760d356-1bf8-4217-bba0-245682e5a44b,405,node_completed,implement,b224d252-30d2-4d13-b597-9663ea25de43,2026-09-24 08:46:54
9760d356-1bf8-4217-bba0-245682e5a44b,413,execution_admitted,qa,81840c5c-5052-4a32-a443-213d9f1d5df2,2026-09-24 08:46:54
d9e27cf5-3392-49c7-af3e-4bf623f29a01,276,node_completed,qa,45e987fa-8d8f-410e-b1c1-0df5d9ccd650,2026-09-24 08:52:03
d9e27cf5-3392-49c7-af3e-4bf623f29a01,278,gate_opened,founder_gate,,2026-09-24 08:52:03
ab5dd282-431b-4006-afc3-7ed1220f794e,11,node_completed,implement,6520c919-ded0-46e6-bfa5-76bba81770c6,2026-09-24 08:57:45
ab5dd282-431b-4006-afc3-7ed1220f794e,16,execution_admitted,qa,1acfc193-ac77-4816-b8cb-0b9fd1283898,2026-09-24 08:57:46
90e86d55-8061-40fd-b640-07a6de4a09e2,12,node_completed,implement,9c5bc88c-d76f-46a9-b6eb-98efc217b31b,2026-09-24 09:28:11
90e86d55-8061-40fd-b640-07a6de4a09e2,17,execution_admitted,qa,78b25b52-09dc-4133-ac63-1bc7b059e74f,2026-09-24 09:28:11
9760d356-1bf8-4217-bba0-245682e5a44b,440,node_completed,qa,81840c5c-5052-4a32-a443-213d9f1d5df2,2026-09-24 09:39:30
9760d356-1bf8-4217-bba0-245682e5a44b,447,execution_admitted,implement,b224d252-30d2-4d13-b597-9663ea25de43,2026-09-24 09:39:31
be388028-7bcd-428d-a4bc-768ee5cbb9f9,13,node_completed,implement,9565cabe-062b-43a9-bff4-0ca42b9e7eb6,2026-09-24 09:57:04
be388028-7bcd-428d-a4bc-768ee5cbb9f9,18,execution_admitted,qa,92f80de7-baa5-472c-ac50-7439fac30875,2026-09-24 09:57:05
90e86d55-8061-40fd-b640-07a6de4a09e2,23,node_completed,qa,78b25b52-09dc-4133-ac63-1bc7b059e74f,2026-09-24 10:01:48
90e86d55-8061-40fd-b640-07a6de4a09e2,30,execution_admitted,implement,9c5bc88c-d76f-46a9-b6eb-98efc217b31b,2026-09-24 10:01:48
3e1394b1-80d4-4cbc-9868-9f1fe4ffa716,12,node_completed,implement,645a3383-2ccc-435d-90bf-ddeb5d6ac9eb,2026-09-24 10:09:37
3e1394b1-80d4-4cbc-9868-9f1fe4ffa716,17,execution_admitted,qa,ec0fcf8a-4ef5-4290-9646-e90d724ed544,2026-09-24 10:09:37
90e86d55-8061-40fd-b640-07a6de4a09e2,40,node_completed,implement,9c5bc88c-d76f-46a9-b6eb-98efc217b31b,2026-09-24 10:16:44
90e86d55-8061-40fd-b640-07a6de4a09e2,47,execution_admitted,qa,78b25b52-09dc-4133-ac63-1bc7b059e74f,2026-09-24 10:16:44
3e1394b1-80d4-4cbc-9868-9f1fe4ffa716,23,node_completed,qa,ec0fcf8a-4ef5-4290-9646-e90d724ed544,2026-09-24 10:31:27
3e1394b1-80d4-4cbc-9868-9f1fe4ffa716,30,execution_admitted,implement,645a3383-2ccc-435d-90bf-ddeb5d6ac9eb,2026-09-24 10:31:28
9760d356-1bf8-4217-bba0-245682e5a44b,478,run_terminated_by_operator,,,2026-09-24 10:32:06
7319fcce-5025-4860-90e9-da2234b3573d,3,execution_admitted,implement,b977f664-01a7-46b8-8ad9-0951adf06d6c,2026-09-24 10:32:30
90e86d55-8061-40fd-b640-07a6de4a09e2,97,node_completed,qa,78b25b52-09dc-4133-ac63-1bc7b059e74f,2026-09-24 10:34:39
90e86d55-8061-40fd-b640-07a6de4a09e2,99,gate_opened,founder_gate,,2026-09-24 10:34:39
f8ac913d-a9dc-4e8c-875b-7bb155c1b258,13,node_completed,implement,837d6e85-f52b-4d23-93f7-67a9f15fcf44,2026-09-24 10:35:41
f8ac913d-a9dc-4e8c-875b-7bb155c1b258,18,execution_admitted,qa,5c7d61d2-6881-4818-9b0a-94a81896e6bc,2026-09-24 10:35:42
7319fcce-5025-4860-90e9-da2234b3573d,9,node_completed,implement,b977f664-01a7-46b8-8ad9-0951adf06d6c,2026-09-24 10:36:53
7319fcce-5025-4860-90e9-da2234b3573d,14,execution_admitted,qa,705d34cd-74cd-47b5-9c6e-9a37e5979cc1,2026-09-24 10:36:53
ab5dd282-431b-4006-afc3-7ed1220f794e,22,node_completed,qa,1acfc193-ac77-4816-b8cb-0b9fd1283898,2026-09-24 10:51:00
ab5dd282-431b-4006-afc3-7ed1220f794e,29,execution_admitted,implement,6520c919-ded0-46e6-bfa5-76bba81770c6,2026-09-24 10:51:00
f8ac913d-a9dc-4e8c-875b-7bb155c1b258,24,node_completed,qa,5c7d61d2-6881-4818-9b0a-94a81896e6bc,2026-09-24 10:57:05
f8ac913d-a9dc-4e8c-875b-7bb155c1b258,31,execution_admitted,implement,837d6e85-f52b-4d23-93f7-67a9f15fcf44,2026-09-24 10:57:06
3e1394b1-80d4-4cbc-9868-9f1fe4ffa716,47,node_completed,implement,645a3383-2ccc-435d-90bf-ddeb5d6ac9eb,2026-09-24 11:02:56
3e1394b1-80d4-4cbc-9868-9f1fe4ffa716,54,execution_admitted,qa,ec0fcf8a-4ef5-4290-9646-e90d724ed544,2026-09-24 11:02:57
7319fcce-5025-4860-90e9-da2234b3573d,20,node_completed,qa,705d34cd-74cd-47b5-9c6e-9a37e5979cc1,2026-09-24 11:31:55
7319fcce-5025-4860-90e9-da2234b3573d,27,execution_admitted,implement,b977f664-01a7-46b8-8ad9-0951adf06d6c,2026-09-24 11:31:56
be388028-7bcd-428d-a4bc-768ee5cbb9f9,24,node_completed,qa,92f80de7-baa5-472c-ac50-7439fac30875,2026-09-24 11:31:58
be388028-7bcd-428d-a4bc-768ee5cbb9f9,31,execution_admitted,implement,9565cabe-062b-43a9-bff4-0ca42b9e7eb6,2026-09-24 11:31:59
ab5dd282-431b-4006-afc3-7ed1220f794e,56,run_terminated_by_operator,,,2026-09-24 11:43:34
f3ff962e-87c7-488d-9669-6864a1e66957,3,execution_admitted,implement,c3ec4a52-f4b7-4f4b-a01f-0a6599652af3,2026-09-24 11:43:47
f3ff962e-87c7-488d-9669-6864a1e66957,9,node_completed,implement,c3ec4a52-f4b7-4f4b-a01f-0a6599652af3,2026-09-24 11:46:29
f3ff962e-87c7-488d-9669-6864a1e66957,14,execution_admitted,qa,036130e1-1ce8-4b76-9720-df3999675349,2026-09-24 11:46:30
3e1394b1-80d4-4cbc-9868-9f1fe4ffa716,182,node_completed,qa,ec0fcf8a-4ef5-4290-9646-e90d724ed544,2026-09-24 11:56:27
3e1394b1-80d4-4cbc-9868-9f1fe4ffa716,189,execution_admitted,implement,645a3383-2ccc-435d-90bf-ddeb5d6ac9eb,2026-09-24 11:56:29
f3ff962e-87c7-488d-9669-6864a1e66957,20,node_completed,qa,036130e1-1ce8-4b76-9720-df3999675349,2026-09-24 12:12:24
f3ff962e-87c7-488d-9669-6864a1e66957,27,execution_admitted,implement,c3ec4a52-f4b7-4f4b-a01f-0a6599652af3,2026-09-24 12:12:25
3e1394b1-80d4-4cbc-9868-9f1fe4ffa716,264,run_terminated_by_operator,,,2026-09-24 12:16:16
786f0094-0466-4f9c-bd0d-1d8e8a083747,3,execution_admitted,implement,748f3c9e-91c6-4fcf-b9d0-075935fdb430,2026-09-24 12:16:37
f8ac913d-a9dc-4e8c-875b-7bb155c1b258,70,run_terminated_by_operator,,,2026-09-24 12:23:34
533ba1e1-bc5e-47ba-82bf-f3115b1a1625,3,execution_admitted,implement,45c8187a-0cee-43a3-8574-24c626a53a1e,2026-09-24 12:23:49
7319fcce-5025-4860-90e9-da2234b3573d,54,run_terminated_by_operator,,,2026-09-24 12:26:59
533ba1e1-bc5e-47ba-82bf-f3115b1a1625,9,node_completed,implement,45c8187a-0cee-43a3-8574-24c626a53a1e,2026-09-24 12:27:01
533ba1e1-bc5e-47ba-82bf-f3115b1a1625,14,execution_admitted,qa,8ae14ad9-f743-4ec1-a49c-0961c95fbd1c,2026-09-24 12:27:01
4079b623-5e51-4f4b-81c8-f928c50c494a,3,execution_admitted,implement,85e04f61-9ec9-4a90-ac0d-650908d58e8e,2026-09-24 12:27:19
4079b623-5e51-4f4b-81c8-f928c50c494a,9,node_completed,implement,85e04f61-9ec9-4a90-ac0d-650908d58e8e,2026-09-24 12:30:08
4079b623-5e51-4f4b-81c8-f928c50c494a,14,execution_admitted,qa,517d3de4-1f33-473f-bb1a-e7ae3c24efc6,2026-09-24 12:30:09
533ba1e1-bc5e-47ba-82bf-f3115b1a1625,20,node_completed,qa,8ae14ad9-f743-4ec1-a49c-0961c95fbd1c,2026-09-24 13:28:21
533ba1e1-bc5e-47ba-82bf-f3115b1a1625,27,execution_admitted,implement,45c8187a-0cee-43a3-8574-24c626a53a1e,2026-09-24 13:28:22
786f0094-0466-4f9c-bd0d-1d8e8a083747,13,run_terminated_by_operator,,,2026-09-24 14:04:31
71a3626b-2878-41da-826e-b8bdf7b0f2ad,3,execution_admitted,implement,d6aadc9a-d214-4218-a2a4-3f5f0a74c1a1,2026-09-24 14:04:44
71a3626b-2878-41da-826e-b8bdf7b0f2ad,9,node_completed,implement,d6aadc9a-d214-4218-a2a4-3f5f0a74c1a1,2026-09-24 14:06:50
71a3626b-2878-41da-826e-b8bdf7b0f2ad,14,execution_admitted,qa,c40e2bd1-7e20-460a-bea3-7ac79a2a3efd,2026-09-24 14:06:51
4079b623-5e51-4f4b-81c8-f928c50c494a,20,node_completed,qa,517d3de4-1f33-473f-bb1a-e7ae3c24efc6,2026-09-24 14:13:47
4079b623-5e51-4f4b-81c8-f928c50c494a,27,execution_admitted,implement,85e04f61-9ec9-4a90-ac0d-650908d58e8e,2026-09-24 14:13:49
f3ff962e-87c7-488d-9669-6864a1e66957,79,run_terminated_by_operator,,,2026-09-24 14:18:59
fcdd8fc0-1c5a-492f-93ce-250874a37321,3,execution_admitted,implement,ce4206e6-0be1-45cd-98d8-3fb9c1804737,2026-09-24 14:19:19
fcdd8fc0-1c5a-492f-93ce-250874a37321,9,node_completed,implement,ce4206e6-0be1-45cd-98d8-3fb9c1804737,2026-09-24 14:24:00
fcdd8fc0-1c5a-492f-93ce-250874a37321,14,execution_admitted,qa,22829243-b6bb-4160-87f6-306e21d0c49a,2026-09-24 14:24:01
be388028-7bcd-428d-a4bc-768ee5cbb9f9,101,node_completed,implement,9565cabe-062b-43a9-bff4-0ca42b9e7eb6,2026-09-24 14:34:45
be388028-7bcd-428d-a4bc-768ee5cbb9f9,108,execution_admitted,qa,92f80de7-baa5-472c-ac50-7439fac30875,2026-09-24 14:34:46
71a3626b-2878-41da-826e-b8bdf7b0f2ad,20,node_completed,qa,c40e2bd1-7e20-460a-bea3-7ac79a2a3efd,2026-09-24 14:40:59
71a3626b-2878-41da-826e-b8bdf7b0f2ad,27,execution_admitted,implement,d6aadc9a-d214-4218-a2a4-3f5f0a74c1a1,2026-09-24 14:41:00
8e34afec-6c93-490d-99a2-a0088b326e57,3,execution_admitted,implement,dce17f32-451c-4265-b3d0-801e624fc792,2026-09-24 14:47:31
8e34afec-6c93-490d-99a2-a0088b326e57,9,node_completed,implement,dce17f32-451c-4265-b3d0-801e624fc792,2026-09-24 14:50:28
8e34afec-6c93-490d-99a2-a0088b326e57,14,execution_admitted,qa,7646d901-e2b0-4745-8a68-459034aa0411,2026-09-24 14:50:29
fcdd8fc0-1c5a-492f-93ce-250874a37321,20,node_completed,qa,22829243-b6bb-4160-87f6-306e21d0c49a,2026-09-24 15:00:06
fcdd8fc0-1c5a-492f-93ce-250874a37321,27,execution_admitted,implement,ce4206e6-0be1-45cd-98d8-3fb9c1804737,2026-09-24 15:00:07
533ba1e1-bc5e-47ba-82bf-f3115b1a1625,52,run_terminated_by_operator,,,2026-09-24 15:08:16
2d211ed0-adc7-4086-ab30-93b048caf040,3,execution_admitted,implement,a43a6880-5207-41c9-a3c5-7523fb24d0f7,2026-09-24 15:09:07
2d211ed0-adc7-4086-ab30-93b048caf040,9,node_completed,implement,a43a6880-5207-41c9-a3c5-7523fb24d0f7,2026-09-24 15:11:32
2d211ed0-adc7-4086-ab30-93b048caf040,14,execution_admitted,qa,d524fd8f-b210-43a0-a735-ea543afc90ed,2026-09-24 15:11:33
4079b623-5e51-4f4b-81c8-f928c50c494a,49,run_terminated_by_operator,,,2026-09-24 15:18:24
fac0dd47-6397-4d7b-beb6-ad242492dc79,3,execution_admitted,implement,7c91f9fb-9720-45e5-b046-0b1162606cf7,2026-09-24 15:18:36
fac0dd47-6397-4d7b-beb6-ad242492dc79,9,node_completed,implement,7c91f9fb-9720-45e5-b046-0b1162606cf7,2026-09-24 15:19:42
fac0dd47-6397-4d7b-beb6-ad242492dc79,14,execution_admitted,qa,763a0587-4965-42a6-b22f-52db96dafde6,2026-09-24 15:19:43
8e34afec-6c93-490d-99a2-a0088b326e57,20,node_completed,qa,7646d901-e2b0-4745-8a68-459034aa0411,2026-09-24 15:31:38
8e34afec-6c93-490d-99a2-a0088b326e57,27,execution_admitted,implement,dce17f32-451c-4265-b3d0-801e624fc792,2026-09-24 15:31:38
71a3626b-2878-41da-826e-b8bdf7b0f2ad,41,run_terminated_by_operator,,,2026-09-24 15:50:22
37b0cd13-9ff2-445f-ab31-0d5dfc742b13,3,execution_admitted,implement,b15a5b84-2c76-43bb-a436-21fc4d0a9f24,2026-09-24 15:51:19
2d211ed0-adc7-4086-ab30-93b048caf040,20,node_completed,qa,d524fd8f-b210-43a0-a735-ea543afc90ed,2026-09-24 15:53:00
2d211ed0-adc7-4086-ab30-93b048caf040,27,execution_admitted,implement,a43a6880-5207-41c9-a3c5-7523fb24d0f7,2026-09-24 15:53:00
37b0cd13-9ff2-445f-ab31-0d5dfc742b13,9,node_completed,implement,b15a5b84-2c76-43bb-a436-21fc4d0a9f24,2026-09-24 15:57:16
37b0cd13-9ff2-445f-ab31-0d5dfc742b13,14,execution_admitted,qa,46b84a84-a1cb-474c-9c11-e51892b8618b,2026-09-24 15:57:17
8e34afec-6c93-490d-99a2-a0088b326e57,41,run_terminated_by_operator,,,2026-09-24 16:04:35
7b4f9a8c-4aad-4725-928e-ef430c132f69,3,execution_admitted,implement,ab10f3f7-18d1-4a33-ab47-75be53369eb3,2026-09-24 16:04:49
7b4f9a8c-4aad-4725-928e-ef430c132f69,9,node_completed,implement,ab10f3f7-18d1-4a33-ab47-75be53369eb3,2026-09-24 16:06:47
7b4f9a8c-4aad-4725-928e-ef430c132f69,14,execution_admitted,qa,259c0890-b9ff-4496-8d22-c1169951fab7,2026-09-24 16:06:48
fcdd8fc0-1c5a-492f-93ce-250874a37321,53,run_terminated_by_operator,,,2026-09-24 16:08:56
3b06c51e-cf86-4dce-9f19-d412d3ad6068,3,execution_admitted,implement,9cf1770e-34dd-405c-aa22-a652711e40fe,2026-09-24 16:09:03
7b4f9a8c-4aad-4725-928e-ef430c132f69,21,node_completed,qa,259c0890-b9ff-4496-8d22-c1169951fab7,2026-09-24 16:14:06
7b4f9a8c-4aad-4725-928e-ef430c132f69,24,gate_opened,founder_gate,,2026-09-24 16:14:06
3b06c51e-cf86-4dce-9f19-d412d3ad6068,9,node_completed,implement,9cf1770e-34dd-405c-aa22-a652711e40fe,2026-09-24 16:15:14
3b06c51e-cf86-4dce-9f19-d412d3ad6068,14,execution_admitted,qa,53fef134-d18e-4477-8c64-8aff7ae4f88f,2026-09-24 16:15:15
d9e27cf5-3392-49c7-af3e-4bf623f29a01,317,node_completed,founder_gate,45e987fa-8d8f-410e-b1c1-0df5d9ccd650,2026-09-24 16:22:31
90e86d55-8061-40fd-b640-07a6de4a09e2,224,node_completed,founder_gate,78b25b52-09dc-4133-ac63-1bc7b059e74f,2026-09-24 16:22:31
d9e27cf5-3392-49c7-af3e-4bf623f29a01,325,run_completed,land,d531f6ad-323c-4c36-b7a6-60c36848b3ac,2026-09-24 16:25:03
90e86d55-8061-40fd-b640-07a6de4a09e2,235,run_completed,land,d46346a5-320a-4b6f-b64a-5c8d08b77127,2026-09-24 16:29:18
7b4f9a8c-4aad-4725-928e-ef430c132f69,30,node_completed,founder_gate,259c0890-b9ff-4496-8d22-c1169951fab7,2026-09-24 16:30:57
be388028-7bcd-428d-a4bc-768ee5cbb9f9,157,node_completed,qa,92f80de7-baa5-472c-ac50-7439fac30875,2026-09-24 16:31:00
7b4f9a8c-4aad-4725-928e-ef430c132f69,40,execution_dead_rolled_back,implement,ab10f3f7-18d1-4a33-ab47-75be53369eb3,2026-09-24 16:31:13
be388028-7bcd-428d-a4bc-768ee5cbb9f9,164,execution_admitted,implement,9565cabe-062b-43a9-bff4-0ca42b9e7eb6,2026-09-24 16:31:13
7b4f9a8c-4aad-4725-928e-ef430c132f69,44,execution_admitted,implement,0b64f42a-7cb1-48b2-8e92-e53b935b951d,2026-09-24 16:31:13
7b4f9a8c-4aad-4725-928e-ef430c132f69,49,rework_replacement_launched,implement,0b64f42a-7cb1-48b2-8e92-e53b935b951d,2026-09-24 16:32:25
5bbad7fb-5eeb-4d95-acb3-935be82deb53,3,execution_admitted,implement,88fe6721-6e51-4704-ba38-ed1bcef76ca9,2026-09-24 16:34:11
5bbad7fb-5eeb-4d95-acb3-935be82deb53,9,node_completed,implement,88fe6721-6e51-4704-ba38-ed1bcef76ca9,2026-09-24 16:37:25
5bbad7fb-5eeb-4d95-acb3-935be82deb53,14,execution_admitted,qa,71f30da8-0e54-4891-8f49-3094504bfbd2,2026-09-24 16:37:25
37b0cd13-9ff2-445f-ab31-0d5dfc742b13,20,node_completed,qa,46b84a84-a1cb-474c-9c11-e51892b8618b,2026-09-24 16:39:55
37b0cd13-9ff2-445f-ab31-0d5dfc742b13,27,execution_admitted,implement,b15a5b84-2c76-43bb-a436-21fc4d0a9f24,2026-09-24 16:39:55
5bbad7fb-5eeb-4d95-acb3-935be82deb53,21,node_completed,qa,71f30da8-0e54-4891-8f49-3094504bfbd2,2026-09-24 16:41:41
5bbad7fb-5eeb-4d95-acb3-935be82deb53,24,gate_opened,founder_gate,,2026-09-24 16:41:41
fac0dd47-6397-4d7b-beb6-ad242492dc79,20,node_completed,qa,763a0587-4965-42a6-b22f-52db96dafde6,2026-09-24 16:47:41
fac0dd47-6397-4d7b-beb6-ad242492dc79,27,execution_admitted,implement,7c91f9fb-9720-45e5-b046-0b1162606cf7,2026-09-24 16:47:42
be388028-7bcd-428d-a4bc-768ee5cbb9f9,180,run_terminated_by_operator,,,2026-09-24 16:55:07
cccc3d08-f798-499c-90e6-7d87220d39b6,3,execution_admitted,implement,00b1a84a-2e53-4523-a2c0-9d4f4f918070,2026-09-24 16:55:26
7b4f9a8c-4aad-4725-928e-ef430c132f69,65,node_completed,implement,0b64f42a-7cb1-48b2-8e92-e53b935b951d,2026-09-24 17:09:50
7b4f9a8c-4aad-4725-928e-ef430c132f69,73,execution_admitted,qa,259c0890-b9ff-4496-8d22-c1169951fab7,2026-09-24 17:09:50
7b4f9a8c-4aad-4725-928e-ef430c132f69,82,node_completed,qa,259c0890-b9ff-4496-8d22-c1169951fab7,2026-09-24 17:19:21
7b4f9a8c-4aad-4725-928e-ef430c132f69,89,execution_admitted,implement,0b64f42a-7cb1-48b2-8e92-e53b935b951d,2026-09-24 17:19:22
7b4f9a8c-4aad-4725-928e-ef430c132f69,106,run_terminated_by_operator,,,2026-09-24 17:26:04
39755784-e421-4c1a-8195-9a16f54dc0d1,3,execution_admitted,implement,69688dac-f5b1-4102-bc66-318cf27ba4eb,2026-09-24 17:26:16
39755784-e421-4c1a-8195-9a16f54dc0d1,9,node_completed,implement,69688dac-f5b1-4102-bc66-318cf27ba4eb,2026-09-24 17:29:16
39755784-e421-4c1a-8195-9a16f54dc0d1,14,execution_admitted,qa,ed46aa1b-bce9-4f38-a160-b12c119d1f5e,2026-09-24 17:29:17
fac0dd47-6397-4d7b-beb6-ad242492dc79,41,run_terminated_by_operator,,,2026-09-24 17:30:39
f13e644b-b171-47db-97f6-b8173a379731,3,execution_admitted,implement,a9df2a66-b0d9-4047-8c62-22c167721888,2026-09-24 17:30:43
2d211ed0-adc7-4086-ab30-93b048caf040,40,run_terminated_by_operator,,,2026-09-24 17:32:10
438b1a33-dd9e-48bf-89cf-78db09b798f0,3,execution_admitted,implement,f3574edc-c43f-4f48-8b6c-7ea29e3a3ad2,2026-09-24 17:32:19
438b1a33-dd9e-48bf-89cf-78db09b798f0,9,node_completed,implement,f3574edc-c43f-4f48-8b6c-7ea29e3a3ad2,2026-09-24 17:33:12
438b1a33-dd9e-48bf-89cf-78db09b798f0,14,execution_admitted,qa,dc3111e5-6673-4a2c-86b9-0c89e5a2c841,2026-09-24 17:33:13
f13e644b-b171-47db-97f6-b8173a379731,9,node_completed,implement,a9df2a66-b0d9-4047-8c62-22c167721888,2026-09-24 17:33:50
f13e644b-b171-47db-97f6-b8173a379731,14,execution_admitted,qa,fb1b9fdc-9c93-4686-a039-227abf36b52a,2026-09-24 17:33:50
5bbad7fb-5eeb-4d95-acb3-935be82deb53,40,execution_dead_rolled_back,implement,88fe6721-6e51-4704-ba38-ed1bcef76ca9,2026-09-24 17:36:26
5bbad7fb-5eeb-4d95-acb3-935be82deb53,44,execution_admitted,implement,771d3bfa-cc7a-4292-bb0e-63d1fdc831d5,2026-09-24 17:36:26
5bbad7fb-5eeb-4d95-acb3-935be82deb53,49,rework_replacement_launched,implement,771d3bfa-cc7a-4292-bb0e-63d1fdc831d5,2026-09-24 17:36:32
37b0cd13-9ff2-445f-ab31-0d5dfc742b13,40,node_completed,implement,b15a5b84-2c76-43bb-a436-21fc4d0a9f24,2026-09-24 17:45:31
37b0cd13-9ff2-445f-ab31-0d5dfc742b13,47,execution_admitted,qa,46b84a84-a1cb-474c-9c11-e51892b8618b,2026-09-24 17:45:31
3b06c51e-cf86-4dce-9f19-d412d3ad6068,21,node_completed,qa,53fef134-d18e-4477-8c64-8aff7ae4f88f,2026-09-24 17:52:09
3b06c51e-cf86-4dce-9f19-d412d3ad6068,24,gate_opened,founder_gate,,2026-09-24 17:52:09
f13e644b-b171-47db-97f6-b8173a379731,20,node_completed,qa,fb1b9fdc-9c93-4686-a039-227abf36b52a,2026-09-24 17:53:24
f13e644b-b171-47db-97f6-b8173a379731,27,execution_admitted,implement,a9df2a66-b0d9-4047-8c62-22c167721888,2026-09-24 17:53:25
39755784-e421-4c1a-8195-9a16f54dc0d1,23,node_completed,qa,ed46aa1b-bce9-4f38-a160-b12c119d1f5e,2026-09-24 18:06:16
39755784-e421-4c1a-8195-9a16f54dc0d1,26,gate_opened,founder_gate,,2026-09-24 18:06:16
438b1a33-dd9e-48bf-89cf-78db09b798f0,20,node_completed,qa,dc3111e5-6673-4a2c-86b9-0c89e5a2c841,2026-09-24 18:11:32
438b1a33-dd9e-48bf-89cf-78db09b798f0,27,execution_admitted,implement,f3574edc-c43f-4f48-8b6c-7ea29e3a3ad2,2026-09-24 18:11:33
f13e644b-b171-47db-97f6-b8173a379731,43,run_terminated_by_operator,,,2026-09-24 18:37:28
6f37ac94-833b-488f-b74b-8d023c061f31,3,execution_admitted,implement,2e9caed0-a388-414d-8d22-3827a02b4cfe,2026-09-24 18:37:44
6f37ac94-833b-488f-b74b-8d023c061f31,9,node_completed,implement,2e9caed0-a388-414d-8d22-3827a02b4cfe,2026-09-24 18:41:25
6f37ac94-833b-488f-b74b-8d023c061f31,14,execution_admitted,qa,40235e26-7a25-4c19-9788-df11a59183b0,2026-09-24 18:41:25
37b0cd13-9ff2-445f-ab31-0d5dfc742b13,58,node_completed,qa,46b84a84-a1cb-474c-9c11-e51892b8618b,2026-09-24 18:46:17
37b0cd13-9ff2-445f-ab31-0d5dfc742b13,60,gate_opened,founder_gate,,2026-09-24 18:46:17
5bbad7fb-5eeb-4d95-acb3-935be82deb53,76,node_completed,implement,771d3bfa-cc7a-4292-bb0e-63d1fdc831d5,2026-09-24 18:51:14
5bbad7fb-5eeb-4d95-acb3-935be82deb53,83,execution_admitted,qa,71f30da8-0e54-4891-8f49-3094504bfbd2,2026-09-24 18:51:14
3b06c51e-cf86-4dce-9f19-d412d3ad6068,34,node_completed,founder_gate,53fef134-d18e-4477-8c64-8aff7ae4f88f,2026-09-24 18:54:41
39755784-e421-4c1a-8195-9a16f54dc0d1,35,node_completed,founder_gate,ed46aa1b-bce9-4f38-a160-b12c119d1f5e,2026-09-24 18:54:41
3b06c51e-cf86-4dce-9f19-d412d3ad6068,44,execution_dead_rolled_back,implement,9cf1770e-34dd-405c-aa22-a652711e40fe,2026-09-24 18:55:13
3b06c51e-cf86-4dce-9f19-d412d3ad6068,48,execution_admitted,implement,18289cf2-0a22-4c55-af1a-f0cea112a9b8,2026-09-24 18:55:16
3b06c51e-cf86-4dce-9f19-d412d3ad6068,53,rework_replacement_launched,implement,18289cf2-0a22-4c55-af1a-f0cea112a9b8,2026-09-24 18:56:32
39755784-e421-4c1a-8195-9a16f54dc0d1,43,run_completed,land,a4d5669d-7d89-42a5-a38f-7392f6bc4794,2026-09-24 18:57:02
cccc3d08-f798-499c-90e6-7d87220d39b6,11,run_terminated_by_operator,,,2026-09-24 18:58:36
9054a9ec-9b70-40ef-a30b-818a9ccf68af,3,execution_admitted,implement,53af42ab-b1c2-4770-8d02-1374a36446c0,2026-09-24 18:58:50
9054a9ec-9b70-40ef-a30b-818a9ccf68af,9,node_completed,implement,53af42ab-b1c2-4770-8d02-1374a36446c0,2026-09-24 19:03:06
3b06c51e-cf86-4dce-9f19-d412d3ad6068,60,writer_replacement,implement,0c7fb517-3464-4f6a-b48c-669385e70d1b,2026-09-24 19:03:30
3b06c51e-cf86-4dce-9f19-d412d3ad6068,61,resume_target_unrecoverable,implement,,2026-09-24 19:03:30
3b06c51e-cf86-4dce-9f19-d412d3ad6068,62,execution_dead_rolled_back,implement,18289cf2-0a22-4c55-af1a-f0cea112a9b8,2026-09-24 19:03:30
3b06c51e-cf86-4dce-9f19-d412d3ad6068,63,repeated_dead_execution_pattern,implement,18289cf2-0a22-4c55-af1a-f0cea112a9b8,2026-09-24 19:03:30
9054a9ec-9b70-40ef-a30b-818a9ccf68af,21,execution_admitted,qa,a46bfcb3-7e0c-465e-a473-ec50909149a5,2026-09-24 19:25:51
3b06c51e-cf86-4dce-9f19-d412d3ad6068,70,execution_admitted,implement,0c7fb517-3464-4f6a-b48c-669385e70d1b,2026-09-24 19:25:59
3b06c51e-cf86-4dce-9f19-d412d3ad6068,76,rework_replacement_launched,implement,0c7fb517-3464-4f6a-b48c-669385e70d1b,2026-09-24 19:26:05
37b0cd13-9ff2-445f-ab31-0d5dfc742b13,67,node_completed,founder_gate,46b84a84-a1cb-474c-9c11-e51892b8618b,2026-09-24 19:27:15
37b0cd13-9ff2-445f-ab31-0d5dfc742b13,81,execution_admitted,implement,b15a5b84-2c76-43bb-a436-21fc4d0a9f24,2026-09-24 19:27:32
37b0cd13-9ff2-445f-ab31-0d5dfc742b13,82,resume_target_unrecoverable,implement,,2026-09-24 19:27:32
438b1a33-dd9e-48bf-89cf-78db09b798f0,40,run_terminated_by_operator,,,2026-09-24 19:28:11
a7ea7fa2-610e-4940-b02c-511554f7d895,3,execution_admitted,implement,6615017e-0ac1-4b05-a11a-4919f764fe0f,2026-09-24 19:28:18
37b0cd13-9ff2-445f-ab31-0d5dfc742b13,96,run_terminated_by_operator,,,2026-09-24 19:34:42
2d648474-3fad-45aa-a992-f3ae8c808c47,3,execution_admitted,implement,a29f0f6e-99e7-4754-a559-3f58c25c84ed,2026-09-24 19:39:08
3b06c51e-cf86-4dce-9f19-d412d3ad6068,87,node_completed,implement,0c7fb517-3464-4f6a-b48c-669385e70d1b,2026-09-24 19:49:52
3b06c51e-cf86-4dce-9f19-d412d3ad6068,95,execution_admitted,qa,53fef134-d18e-4477-8c64-8aff7ae4f88f,2026-09-24 19:49:53
2d648474-3fad-45aa-a992-f3ae8c808c47,9,node_completed,implement,a29f0f6e-99e7-4754-a559-3f58c25c84ed,2026-09-24 19:56:39
2d648474-3fad-45aa-a992-f3ae8c808c47,13,qa_same_family_exemption_applied,qa,c06a2bac-9d37-418c-9466-c3366838eeba,2026-09-24 19:56:40
2d648474-3fad-45aa-a992-f3ae8c808c47,15,execution_admitted,qa,c06a2bac-9d37-418c-9466-c3366838eeba,2026-09-24 19:56:40
3b06c51e-cf86-4dce-9f19-d412d3ad6068,105,node_completed,qa,53fef134-d18e-4477-8c64-8aff7ae4f88f,2026-09-24 19:58:20
9054a9ec-9b70-40ef-a30b-818a9ccf68af,28,node_completed,qa,a46bfcb3-7e0c-465e-a473-ec50909149a5,2026-09-24 20:16:24
9054a9ec-9b70-40ef-a30b-818a9ccf68af,31,gate_opened,founder_gate,,2026-09-24 20:16:24
2d648474-3fad-45aa-a992-f3ae8c808c47,22,node_completed,qa,c06a2bac-9d37-418c-9466-c3366838eeba,2026-09-24 20:19:22
2d648474-3fad-45aa-a992-f3ae8c808c47,25,gate_opened,founder_gate,,2026-09-24 20:19:22
3b06c51e-cf86-4dce-9f19-d412d3ad6068,115,execution_admitted,implement,0c7fb517-3464-4f6a-b48c-669385e70d1b,2026-09-24 20:24:34
3b06c51e-cf86-4dce-9f19-d412d3ad6068,127,node_completed,implement,0c7fb517-3464-4f6a-b48c-669385e70d1b,2026-09-24 20:38:13
3b06c51e-cf86-4dce-9f19-d412d3ad6068,135,execution_admitted,qa,53fef134-d18e-4477-8c64-8aff7ae4f88f,2026-09-24 20:38:14
a7ea7fa2-610e-4940-b02c-511554f7d895,9,node_completed,implement,6615017e-0ac1-4b05-a11a-4919f764fe0f,2026-09-24 20:42:15
a7ea7fa2-610e-4940-b02c-511554f7d895,13,qa_same_family_exemption_applied,qa,70277118-7815-4dbe-bd94-f105da07a6c3,2026-09-24 20:42:15
a7ea7fa2-610e-4940-b02c-511554f7d895,15,execution_admitted,qa,70277118-7815-4dbe-bd94-f105da07a6c3,2026-09-24 20:42:15
3b06c51e-cf86-4dce-9f19-d412d3ad6068,146,node_completed,qa,53fef134-d18e-4477-8c64-8aff7ae4f88f,2026-09-24 20:49:41
3b06c51e-cf86-4dce-9f19-d412d3ad6068,148,gate_opened,founder_gate,,2026-09-24 20:49:41
3b06c51e-cf86-4dce-9f19-d412d3ad6068,162,execution_admitted,implement,0c7fb517-3464-4f6a-b48c-669385e70d1b,2026-09-24 21:42:27
5bbad7fb-5eeb-4d95-acb3-935be82deb53,93,node_completed,qa,71f30da8-0e54-4891-8f49-3094504bfbd2,2026-09-24 21:57:16
5bbad7fb-5eeb-4d95-acb3-935be82deb53,100,execution_admitted,implement,771d3bfa-cc7a-4292-bb0e-63d1fdc831d5,2026-09-24 21:57:17
5bbad7fb-5eeb-4d95-acb3-935be82deb53,105,execution_dead_rolled_back,implement,771d3bfa-cc7a-4292-bb0e-63d1fdc831d5,2026-09-24 21:57:17
5bbad7fb-5eeb-4d95-acb3-935be82deb53,109,execution_admitted,implement,c1db8d2e-5c21-456c-8d35-1ae5bd884d8f,2026-09-24 21:57:17
5bbad7fb-5eeb-4d95-acb3-935be82deb53,117,rework_replacement_launched,implement,c1db8d2e-5c21-456c-8d35-1ae5bd884d8f,2026-09-24 21:58:15
2d648474-3fad-45aa-a992-f3ae8c808c47,50,execution_dead_rolled_back,implement,a29f0f6e-99e7-4754-a559-3f58c25c84ed,2026-09-24 22:58:05
2d648474-3fad-45aa-a992-f3ae8c808c47,54,execution_admitted,implement,5602a499-35d0-4a07-b7e4-c0f46c0b17ce,2026-09-24 22:58:05
2d648474-3fad-45aa-a992-f3ae8c808c47,60,rework_replacement_launched,implement,5602a499-35d0-4a07-b7e4-c0f46c0b17ce,2026-09-24 22:58:23
9054a9ec-9b70-40ef-a30b-818a9ccf68af,57,execution_dead_rolled_back,implement,53af42ab-b1c2-4770-8d02-1374a36446c0,2026-09-24 23:02:03
9054a9ec-9b70-40ef-a30b-818a9ccf68af,61,execution_admitted,implement,151082ac-0f23-4444-9c9c-ac401b8fd8a9,2026-09-24 23:02:03
3b06c51e-cf86-4dce-9f19-d412d3ad6068,201,run_terminated_by_operator,,,2026-09-24 23:03:10
9054a9ec-9b70-40ef-a30b-818a9ccf68af,67,rework_replacement_launched,implement,151082ac-0f23-4444-9c9c-ac401b8fd8a9,2026-09-24 23:03:14
c73c8847-ea86-4851-864f-c8f5a1a425eb,3,execution_admitted,implement,e5017f34-787e-424b-ae5d-65f25fec88e8,2026-09-24 23:03:17
c73c8847-ea86-4851-864f-c8f5a1a425eb,9,node_completed,implement,e5017f34-787e-424b-ae5d-65f25fec88e8,2026-09-24 23:03:50
c73c8847-ea86-4851-864f-c8f5a1a425eb,13,qa_same_family_exemption_applied,qa,7eb0a6d9-c80c-418f-ab9c-8851ef8e9167,2026-09-24 23:03:51
c73c8847-ea86-4851-864f-c8f5a1a425eb,15,execution_admitted,qa,7eb0a6d9-c80c-418f-ab9c-8851ef8e9167,2026-09-24 23:03:51
5bbad7fb-5eeb-4d95-acb3-935be82deb53,147,node_completed,implement,c1db8d2e-5c21-456c-8d35-1ae5bd884d8f,2026-09-24 23:13:18
5bbad7fb-5eeb-4d95-acb3-935be82deb53,155,execution_admitted,qa,71f30da8-0e54-4891-8f49-3094504bfbd2,2026-09-24 23:13:19
1a7f423f-bedf-4184-9c12-8af305b3441d,5,execution_admitted,implement,345c96d6-bf98-4584-bdd0-4173caf5e50f,2026-09-24 23:15:43
4c2704d4-c2f8-4336-a640-d9558e419049,3,execution_admitted,general,c675e1b0-6abf-47cb-9120-6c504a110a93,2026-09-24 23:16:47
17b8e451-b9a3-4e7b-845e-1708a14214df,3,execution_admitted,general,be23e304-c55e-4e0a-abed-202a9660a87b,2026-09-24 23:17:10
a7ea7fa2-610e-4940-b02c-511554f7d895,22,node_completed,qa,70277118-7815-4dbe-bd94-f105da07a6c3,2026-09-24 23:18:34
a7ea7fa2-610e-4940-b02c-511554f7d895,31,execution_admitted,implement,6615017e-0ac1-4b05-a11a-4919f764fe0f,2026-09-24 23:19:37
907d80e6-a1d9-4f61-9a84-ef33f0d55112,6,execution_admitted,eng_design,896c8f8c-035b-4c87-84aa-d978e54d9faa,2026-09-24 23:22:24
558dcc5b-1379-480e-b48b-854fdc841641,6,execution_admitted,eng_design,4c42005e-4f87-4b3e-8345-10d03826be3a,2026-09-24 23:27:56
558dcc5b-1379-480e-b48b-854fdc841641,12,run_terminated_by_operator,,,2026-09-24 23:32:59
5bbad7fb-5eeb-4d95-acb3-935be82deb53,168,node_completed,qa,71f30da8-0e54-4891-8f49-3094504bfbd2,2026-09-24 23:33:57
5bbad7fb-5eeb-4d95-acb3-935be82deb53,176,execution_admitted,implement,c1db8d2e-5c21-456c-8d35-1ae5bd884d8f,2026-09-24 23:33:58
b331bcb1-043a-476c-8e9a-7cd12799767b,6,execution_admitted,eng_design,66d0759c-5738-458f-ab4e-2a6587ba5e71,2026-09-24 23:43:38
22c7f9c7-9db7-43cf-9cfd-365d90564d84,5,execution_admitted,implement,4a6e76d0-023d-48fd-9a73-774c1ae47382,2026-09-24 23:44:13
535b5752-338e-4372-9e92-a80c720647c7,5,execution_admitted,implement,25d8197c-5ab1-497e-b5d0-09b64389b45a,2026-09-24 23:44:39
29bef683-e628-4291-b608-1882a2fec14e,6,execution_admitted,eng_design,ff4cd646-a214-4c5f-98cb-6020426b5d70,2026-09-24 23:46:25
3a5eaaa7-ce6f-440e-8ce4-981d7abaa31d,6,execution_admitted,eng_design,675852be-edec-4c65-a4bd-cbb23ba3ce9e,2026-09-24 23:47:19
2d648474-3fad-45aa-a992-f3ae8c808c47,82,node_completed,implement,5602a499-35d0-4a07-b7e4-c0f46c0b17ce,2026-09-25 00:01:29
2d648474-3fad-45aa-a992-f3ae8c808c47,90,qa_same_family_exemption_applied,qa,c06a2bac-9d37-418c-9466-c3366838eeba,2026-09-25 00:01:30
2d648474-3fad-45aa-a992-f3ae8c808c47,91,execution_admitted,qa,c06a2bac-9d37-418c-9466-c3366838eeba,2026-09-25 00:01:30
4c2704d4-c2f8-4336-a640-d9558e419049,11,node_completed,general,c675e1b0-6abf-47cb-9120-6c504a110a93,2026-09-25 00:02:43
4c2704d4-c2f8-4336-a640-d9558e419049,13,gate_opened,founder_gate,,2026-09-25 00:02:43
a7ea7fa2-610e-4940-b02c-511554f7d895,51,node_completed,implement,6615017e-0ac1-4b05-a11a-4919f764fe0f,2026-09-25 00:03:23
a7ea7fa2-610e-4940-b02c-511554f7d895,59,qa_same_family_exemption_applied,qa,70277118-7815-4dbe-bd94-f105da07a6c3,2026-09-25 00:03:25
a7ea7fa2-610e-4940-b02c-511554f7d895,60,execution_admitted,qa,70277118-7815-4dbe-bd94-f105da07a6c3,2026-09-25 00:03:25
907d80e6-a1d9-4f61-9a84-ef33f0d55112,14,node_completed,eng_design,896c8f8c-035b-4c87-84aa-d978e54d9faa,2026-09-25 00:05:38
907d80e6-a1d9-4f61-9a84-ef33f0d55112,19,execution_admitted,implement,2f108ce3-004d-4cb6-89cf-6e5b839b80fe,2026-09-25 00:05:38
17b8e451-b9a3-4e7b-845e-1708a14214df,12,node_completed,general,be23e304-c55e-4e0a-abed-202a9660a87b,2026-09-25 00:09:24
17b8e451-b9a3-4e7b-845e-1708a14214df,14,gate_opened,founder_gate,,2026-09-25 00:09:24
fa92bf34-d125-4950-bff3-25c5d12d410d,3,execution_admitted,general,c093f58f-e93a-4a5b-bbb5-efc3519f5864,2026-09-25 00:12:41
5bbad7fb-5eeb-4d95-acb3-935be82deb53,200,run_terminated_by_operator,,,2026-09-25 00:16:39
bad2e41e-d646-4a69-8c8c-6bc380778ae0,3,execution_admitted,implement,66d85824-6da8-4be9-8efb-0652198442e8,2026-09-25 00:16:48
bad2e41e-d646-4a69-8c8c-6bc380778ae0,9,node_completed,implement,66d85824-6da8-4be9-8efb-0652198442e8,2026-09-25 00:18:32
bad2e41e-d646-4a69-8c8c-6bc380778ae0,13,qa_same_family_exemption_applied,qa,7bd4b7c1-646f-4f1b-9a5e-41d08aa65d9c,2026-09-25 00:18:32
bad2e41e-d646-4a69-8c8c-6bc380778ae0,15,execution_admitted,qa,7bd4b7c1-646f-4f1b-9a5e-41d08aa65d9c,2026-09-25 00:18:32
3a5eaaa7-ce6f-440e-8ce4-981d7abaa31d,14,node_completed,eng_design,675852be-edec-4c65-a4bd-cbb23ba3ce9e,2026-09-25 00:19:55
3a5eaaa7-ce6f-440e-8ce4-981d7abaa31d,19,execution_admitted,implement,41ec9e44-a13b-4e9a-84ef-a4b4efbfbc4e,2026-09-25 00:19:56
17b8e451-b9a3-4e7b-845e-1708a14214df,19,node_completed,founder_gate,be23e304-c55e-4e0a-abed-202a9660a87b,2026-09-25 00:20:02
17b8e451-b9a3-4e7b-845e-1708a14214df,26,run_completed,land,95b29af0-773c-4372-9cae-a66068326feb,2026-09-25 00:23:33
a7ea7fa2-610e-4940-b02c-511554f7d895,73,node_completed,qa,70277118-7815-4dbe-bd94-f105da07a6c3,2026-09-25 00:24:00
a7ea7fa2-610e-4940-b02c-511554f7d895,81,execution_admitted,implement,6615017e-0ac1-4b05-a11a-4919f764fe0f,2026-09-25 00:24:02
29bef683-e628-4291-b608-1882a2fec14e,14,node_completed,eng_design,ff4cd646-a214-4c5f-98cb-6020426b5d70,2026-09-25 00:24:26
29bef683-e628-4291-b608-1882a2fec14e,19,execution_admitted,implement,6e8742ea-95b3-45dc-822e-6c1458327478,2026-09-25 00:24:27
535b5752-338e-4372-9e92-a80c720647c7,15,run_terminated_by_operator,,,2026-09-25 00:25:23
21883c18-dddc-4345-86e7-6a1c5b8d9664,3,execution_admitted,implement,3e987c63-56f9-438e-911d-c52280d01003,2026-09-25 00:25:31
21883c18-dddc-4345-86e7-6a1c5b8d9664,9,node_completed,implement,3e987c63-56f9-438e-911d-c52280d01003,2026-09-25 00:26:34
21883c18-dddc-4345-86e7-6a1c5b8d9664,13,qa_same_family_exemption_applied,qa,4676812d-4f83-4e9b-a812-c7d549e42fb3,2026-09-25 00:26:35
21883c18-dddc-4345-86e7-6a1c5b8d9664,15,execution_admitted,qa,4676812d-4f83-4e9b-a812-c7d549e42fb3,2026-09-25 00:26:35
1a7f423f-bedf-4184-9c12-8af305b3441d,12,node_completed,implement,345c96d6-bf98-4584-bdd0-4173caf5e50f,2026-09-25 00:29:50
1a7f423f-bedf-4184-9c12-8af305b3441d,17,execution_admitted,qa,7832d6f8-9b63-460a-b9ee-38de8aef3065,2026-09-25 00:29:51
b331bcb1-043a-476c-8e9a-7cd12799767b,16,node_completed,eng_design,66d0759c-5738-458f-ab4e-2a6587ba5e71,2026-09-25 00:29:51
b331bcb1-043a-476c-8e9a-7cd12799767b,21,execution_admitted,implement,ad657cf3-e105-4196-83df-958dbcecf513,2026-09-25 00:29:55
c73c8847-ea86-4851-864f-c8f5a1a425eb,21,node_completed,qa,7eb0a6d9-c80c-418f-ab9c-8851ef8e9167,2026-09-25 00:30:42
c73c8847-ea86-4851-864f-c8f5a1a425eb,28,execution_admitted,implement,e5017f34-787e-424b-ae5d-65f25fec88e8,2026-09-25 00:30:44
bad2e41e-d646-4a69-8c8c-6bc380778ae0,21,node_completed,qa,7bd4b7c1-646f-4f1b-9a5e-41d08aa65d9c,2026-09-25 00:32:56
bad2e41e-d646-4a69-8c8c-6bc380778ae0,28,execution_admitted,implement,66d85824-6da8-4be9-8efb-0652198442e8,2026-09-25 00:32:57
21883c18-dddc-4345-86e7-6a1c5b8d9664,22,node_completed,qa,4676812d-4f83-4e9b-a812-c7d549e42fb3,2026-09-25 00:44:12
21883c18-dddc-4345-86e7-6a1c5b8d9664,25,gate_opened,founder_gate,,2026-09-25 00:44:12
6f37ac94-833b-488f-b74b-8d023c061f31,21,writer_replacement,qa,3803460a-5275-4153-afaf-a5c051987b72,2026-09-25 01:38:17
6f37ac94-833b-488f-b74b-8d023c061f31,22,resume_target_unrecoverable,qa,,2026-09-25 01:38:17
6f37ac94-833b-488f-b74b-8d023c061f31,23,execution_dead_rolled_back,qa,40235e26-7a25-4c19-9788-df11a59183b0,2026-09-25 01:38:17
6f37ac94-833b-488f-b74b-8d023c061f31,25,execution_admitted,qa,3803460a-5275-4153-afaf-a5c051987b72,2026-09-25 01:38:17
1a7f423f-bedf-4184-9c12-8af305b3441d,26,writer_replacement,qa,cc4d05b4-54f9-4f04-aee4-4e8ab9045fd6,2026-09-25 03:37:34
1a7f423f-bedf-4184-9c12-8af305b3441d,27,resume_target_unrecoverable,qa,,2026-09-25 03:37:34
1a7f423f-bedf-4184-9c12-8af305b3441d,28,execution_dead_rolled_back,qa,7832d6f8-9b63-460a-b9ee-38de8aef3065,2026-09-25 03:37:34
1a7f423f-bedf-4184-9c12-8af305b3441d,30,execution_admitted,qa,cc4d05b4-54f9-4f04-aee4-4e8ab9045fd6,2026-09-25 03:37:35
6f37ac94-833b-488f-b74b-8d023c061f31,32,node_completed,qa,3803460a-5275-4153-afaf-a5c051987b72,2026-09-25 03:39:41
6f37ac94-833b-488f-b74b-8d023c061f31,39,execution_admitted,implement,2e9caed0-a388-414d-8d22-3827a02b4cfe,2026-09-25 03:39:42
6f37ac94-833b-488f-b74b-8d023c061f31,43,execution_dead_rolled_back,implement,2e9caed0-a388-414d-8d22-3827a02b4cfe,2026-09-25 03:39:42
6f37ac94-833b-488f-b74b-8d023c061f31,47,execution_admitted,implement,8e48d32e-344a-48d0-8683-76ea77318d23,2026-09-25 03:39:42
6f37ac94-833b-488f-b74b-8d023c061f31,54,rework_replacement_launched,implement,8e48d32e-344a-48d0-8683-76ea77318d23,2026-09-25 03:40:45
21883c18-dddc-4345-86e7-6a1c5b8d9664,51,qa_same_family_exemption_applied,qa,4676812d-4f83-4e9b-a812-c7d549e42fb3,2026-09-25 03:42:31
21883c18-dddc-4345-86e7-6a1c5b8d9664,52,execution_admitted,qa,4676812d-4f83-4e9b-a812-c7d549e42fb3,2026-09-25 03:42:31
a7ea7fa2-610e-4940-b02c-511554f7d895,98,run_terminated_by_operator,,,2026-09-25 03:44:49
8020b29a-2572-4de8-8483-093bfee55d20,3,execution_admitted,implement,c2bd0548-2e74-4238-8042-8092c64b64f9,2026-09-25 03:44:54
8020b29a-2572-4de8-8483-093bfee55d20,9,node_completed,implement,c2bd0548-2e74-4238-8042-8092c64b64f9,2026-09-25 03:46:38
8020b29a-2572-4de8-8483-093bfee55d20,13,qa_same_family_exemption_applied,qa,36a6a83f-5fca-4683-832c-ccdbc13d707b,2026-09-25 03:46:39
8020b29a-2572-4de8-8483-093bfee55d20,15,execution_admitted,qa,36a6a83f-5fca-4683-832c-ccdbc13d707b,2026-09-25 03:46:39
55409ce7-cdf1-402b-9153-ea933df59d9b,3,execution_admitted,implement,7adbf914-1ac0-4e6e-aba5-07b9a7399dcb,2026-09-25 03:47:22
3a5eaaa7-ce6f-440e-8ce4-981d7abaa31d,26,node_completed,implement,41ec9e44-a13b-4e9a-84ef-a4b4efbfbc4e,2026-09-25 03:48:02
3a5eaaa7-ce6f-440e-8ce4-981d7abaa31d,31,execution_admitted,qa,82d9050e-8ac7-490c-a229-103433e226f4,2026-09-25 03:48:03
29bef683-e628-4291-b608-1882a2fec14e,25,node_completed,implement,6e8742ea-95b3-45dc-822e-6c1458327478,2026-09-25 03:48:40
29bef683-e628-4291-b608-1882a2fec14e,29,qa_same_family_exemption_applied,qa,f104fc28-c47a-4b76-8168-f7b02bfa7ebe,2026-09-25 03:48:49
29bef683-e628-4291-b608-1882a2fec14e,31,execution_admitted,qa,f104fc28-c47a-4b76-8168-f7b02bfa7ebe,2026-09-25 03:48:49
c73c8847-ea86-4851-864f-c8f5a1a425eb,102,node_completed,implement,e5017f34-787e-424b-ae5d-65f25fec88e8,2026-09-25 03:55:11
c73c8847-ea86-4851-864f-c8f5a1a425eb,110,qa_same_family_exemption_applied,qa,7eb0a6d9-c80c-418f-ab9c-8851ef8e9167,2026-09-25 03:55:12
c73c8847-ea86-4851-864f-c8f5a1a425eb,111,execution_admitted,qa,7eb0a6d9-c80c-418f-ab9c-8851ef8e9167,2026-09-25 03:55:12
9054a9ec-9b70-40ef-a30b-818a9ccf68af,170,run_terminated_by_operator,,,2026-09-25 03:55:57
953ede7c-b04f-4c83-b29a-996be107c15f,3,execution_admitted,implement,fbe9495f-8725-4a21-b95b-b7ef50124bb8,2026-09-25 03:56:09
907d80e6-a1d9-4f61-9a84-ef33f0d55112,24,node_completed,implement,2f108ce3-004d-4cb6-89cf-6e5b839b80fe,2026-09-25 03:56:19
907d80e6-a1d9-4f61-9a84-ef33f0d55112,29,execution_admitted,qa,b7c5d1a9-b84d-443b-b6e2-1678c3679741,2026-09-25 03:56:20
953ede7c-b04f-4c83-b29a-996be107c15f,9,node_completed,implement,fbe9495f-8725-4a21-b95b-b7ef50124bb8,2026-09-25 03:57:30
953ede7c-b04f-4c83-b29a-996be107c15f,13,qa_same_family_exemption_applied,qa,c6f33a10-3f4c-4c22-b853-3991494add01,2026-09-25 03:57:31
953ede7c-b04f-4c83-b29a-996be107c15f,15,execution_admitted,qa,c6f33a10-3f4c-4c22-b853-3991494add01,2026-09-25 03:57:31
b331bcb1-043a-476c-8e9a-7cd12799767b,27,node_completed,implement,ad657cf3-e105-4196-83df-958dbcecf513,2026-09-25 04:03:38
b331bcb1-043a-476c-8e9a-7cd12799767b,32,execution_admitted,qa,c3680402-e94b-4ce3-96f9-1f380d683f58,2026-09-25 04:03:41
22c7f9c7-9db7-43cf-9cfd-365d90564d84,14,node_completed,implement,4a6e76d0-023d-48fd-9a73-774c1ae47382,2026-09-25 04:04:09
22c7f9c7-9db7-43cf-9cfd-365d90564d84,18,qa_same_family_exemption_applied,qa,106ba2ad-3289-4206-a17c-51be204e5492,2026-09-25 04:04:12
22c7f9c7-9db7-43cf-9cfd-365d90564d84,20,execution_admitted,qa,106ba2ad-3289-4206-a17c-51be204e5492,2026-09-25 04:04:12
8020b29a-2572-4de8-8483-093bfee55d20,22,node_completed,qa,36a6a83f-5fca-4683-832c-ccdbc13d707b,2026-09-25 04:05:42
8020b29a-2572-4de8-8483-093bfee55d20,25,gate_opened,founder_gate,,2026-09-25 04:05:42
6f37ac94-833b-488f-b74b-8d023c061f31,65,writer_replacement,implement,46e91f56-77c1-41a5-801b-8bfab774428d,2026-09-25 04:05:51
6f37ac94-833b-488f-b74b-8d023c061f31,66,resume_target_unrecoverable,implement,,2026-09-25 04:05:51
6f37ac94-833b-488f-b74b-8d023c061f31,67,execution_dead_rolled_back,implement,8e48d32e-344a-48d0-8683-76ea77318d23,2026-09-25 04:05:51
6f37ac94-833b-488f-b74b-8d023c061f31,68,repeated_dead_execution_pattern,implement,8e48d32e-344a-48d0-8683-76ea77318d23,2026-09-25 04:05:51
907d80e6-a1d9-4f61-9a84-ef33f0d55112,35,writer_replacement,qa,8e1ef903-e29f-479c-a4c3-940b54fa7d3d,2026-09-25 04:06:08
907d80e6-a1d9-4f61-9a84-ef33f0d55112,36,resume_target_unrecoverable,qa,,2026-09-25 04:06:08
907d80e6-a1d9-4f61-9a84-ef33f0d55112,37,execution_dead_rolled_back,qa,b7c5d1a9-b84d-443b-b6e2-1678c3679741,2026-09-25 04:06:08
907d80e6-a1d9-4f61-9a84-ef33f0d55112,39,execution_admitted,qa,8e1ef903-e29f-479c-a4c3-940b54fa7d3d,2026-09-25 04:06:08
1a7f423f-bedf-4184-9c12-8af305b3441d,36,writer_replacement,qa,a918d47e-bb4c-4a32-8609-333632583587,2026-09-25 04:06:22
1a7f423f-bedf-4184-9c12-8af305b3441d,37,resume_target_unrecoverable,qa,,2026-09-25 04:06:22
1a7f423f-bedf-4184-9c12-8af305b3441d,38,execution_dead_rolled_back,qa,cc4d05b4-54f9-4f04-aee4-4e8ab9045fd6,2026-09-25 04:06:22
1a7f423f-bedf-4184-9c12-8af305b3441d,39,repeated_dead_execution_pattern,qa,cc4d05b4-54f9-4f04-aee4-4e8ab9045fd6,2026-09-25 04:06:22
29bef683-e628-4291-b608-1882a2fec14e,37,writer_replacement,qa,ba3b5502-3721-492a-a746-5f8aa40fc066,2026-09-25 04:06:22
29bef683-e628-4291-b608-1882a2fec14e,38,resume_target_unrecoverable,qa,,2026-09-25 04:06:22
29bef683-e628-4291-b608-1882a2fec14e,39,execution_dead_rolled_back,qa,f104fc28-c47a-4b76-8168-f7b02bfa7ebe,2026-09-25 04:06:22
1a7f423f-bedf-4184-9c12-8af305b3441d,41,execution_admitted,qa,a918d47e-bb4c-4a32-8609-333632583587,2026-09-25 04:06:22
29bef683-e628-4291-b608-1882a2fec14e,40,qa_same_family_exemption_applied,qa,ba3b5502-3721-492a-a746-5f8aa40fc066,2026-09-25 04:06:26
29bef683-e628-4291-b608-1882a2fec14e,42,execution_admitted,qa,ba3b5502-3721-492a-a746-5f8aa40fc066,2026-09-25 04:06:26
6f37ac94-833b-488f-b74b-8d023c061f31,72,execution_admitted,implement,46e91f56-77c1-41a5-801b-8bfab774428d,2026-09-25 04:08:11
6f37ac94-833b-488f-b74b-8d023c061f31,77,rework_replacement_launched,implement,46e91f56-77c1-41a5-801b-8bfab774428d,2026-09-25 04:13:18
29bef683-e628-4291-b608-1882a2fec14e,48,writer_replacement,qa,083704b6-1447-436d-97d5-48d6a57fd840,2026-09-25 04:13:19
29bef683-e628-4291-b608-1882a2fec14e,49,resume_target_unrecoverable,qa,,2026-09-25 04:13:19
29bef683-e628-4291-b608-1882a2fec14e,50,execution_dead_rolled_back,qa,ba3b5502-3721-492a-a746-5f8aa40fc066,2026-09-25 04:13:19
29bef683-e628-4291-b608-1882a2fec14e,51,repeated_dead_execution_pattern,qa,ba3b5502-3721-492a-a746-5f8aa40fc066,2026-09-25 04:13:19
907d80e6-a1d9-4f61-9a84-ef33f0d55112,45,writer_replacement,qa,53518df1-681b-4578-822a-5a5b369cbd82,2026-09-25 04:13:19
907d80e6-a1d9-4f61-9a84-ef33f0d55112,46,resume_target_unrecoverable,qa,,2026-09-25 04:13:19
907d80e6-a1d9-4f61-9a84-ef33f0d55112,47,execution_dead_rolled_back,qa,8e1ef903-e29f-479c-a4c3-940b54fa7d3d,2026-09-25 04:13:19
907d80e6-a1d9-4f61-9a84-ef33f0d55112,48,repeated_dead_execution_pattern,qa,8e1ef903-e29f-479c-a4c3-940b54fa7d3d,2026-09-25 04:13:19
29bef683-e628-4291-b608-1882a2fec14e,52,qa_same_family_exemption_applied,qa,083704b6-1447-436d-97d5-48d6a57fd840,2026-09-25 04:13:19
29bef683-e628-4291-b608-1882a2fec14e,54,execution_admitted,qa,083704b6-1447-436d-97d5-48d6a57fd840,2026-09-25 04:13:19
907d80e6-a1d9-4f61-9a84-ef33f0d55112,50,execution_admitted,qa,53518df1-681b-4578-822a-5a5b369cbd82,2026-09-25 04:13:33
b331bcb1-043a-476c-8e9a-7cd12799767b,39,unlaunched_admission_rolled_back,qa,c3680402-e94b-4ce3-96f9-1f380d683f58,2026-09-25 04:13:51
1a7f423f-bedf-4184-9c12-8af305b3441d,48,writer_replacement,qa,00c725fa-4d09-40f5-b990-c2ea4360781c,2026-09-25 04:21:23
1a7f423f-bedf-4184-9c12-8af305b3441d,49,resume_target_unrecoverable,qa,,2026-09-25 04:21:23
1a7f423f-bedf-4184-9c12-8af305b3441d,50,execution_dead_rolled_back,qa,a918d47e-bb4c-4a32-8609-333632583587,2026-09-25 04:21:23
1a7f423f-bedf-4184-9c12-8af305b3441d,51,repeated_dead_execution_pattern,qa,a918d47e-bb4c-4a32-8609-333632583587,2026-09-25 04:21:23
1a7f423f-bedf-4184-9c12-8af305b3441d,53,execution_admitted,qa,00c725fa-4d09-40f5-b990-c2ea4360781c,2026-09-25 04:21:23
22c7f9c7-9db7-43cf-9cfd-365d90564d84,26,node_completed,qa,106ba2ad-3289-4206-a17c-51be204e5492,2026-09-25 04:23:03
22c7f9c7-9db7-43cf-9cfd-365d90564d84,33,execution_admitted,implement,4a6e76d0-023d-48fd-9a73-774c1ae47382,2026-09-25 04:23:04
907d80e6-a1d9-4f61-9a84-ef33f0d55112,57,node_completed,qa,53518df1-681b-4578-822a-5a5b369cbd82,2026-09-25 04:27:29
907d80e6-a1d9-4f61-9a84-ef33f0d55112,60,gate_opened,founder_gate,,2026-09-25 04:27:29
29bef683-e628-4291-b608-1882a2fec14e,61,node_completed,qa,083704b6-1447-436d-97d5-48d6a57fd840,2026-09-25 04:30:09
29bef683-e628-4291-b608-1882a2fec14e,68,execution_admitted,implement,6e8742ea-95b3-45dc-822e-6c1458327478,2026-09-25 04:30:10
29bef683-e628-4291-b608-1882a2fec14e,76,execution_dead_rolled_back,implement,6e8742ea-95b3-45dc-822e-6c1458327478,2026-09-25 04:33:10
29bef683-e628-4291-b608-1882a2fec14e,80,execution_admitted,implement,2fa01a56-3f35-4615-b022-0ab0294f6e45,2026-09-25 04:33:10
29bef683-e628-4291-b608-1882a2fec14e,88,rework_replacement_launched,implement,2fa01a56-3f35-4615-b022-0ab0294f6e45,2026-09-25 04:34:15
6f37ac94-833b-488f-b74b-8d023c061f31,91,run_terminated_by_operator,,,2026-09-25 04:38:55
f42e1847-6b21-4a08-b5d3-25501a1970e6,3,execution_admitted,implement,5a2c6d1e-c8c1-43e4-8768-293dc2021f1b,2026-09-25 04:39:05
f42e1847-6b21-4a08-b5d3-25501a1970e6,9,node_completed,implement,5a2c6d1e-c8c1-43e4-8768-293dc2021f1b,2026-09-25 04:40:02
f42e1847-6b21-4a08-b5d3-25501a1970e6,13,qa_same_family_exemption_applied,qa,bbf14aea-c6f5-459a-abf2-e3435dc3299b,2026-09-25 04:40:02
f42e1847-6b21-4a08-b5d3-25501a1970e6,15,execution_admitted,qa,bbf14aea-c6f5-459a-abf2-e3435dc3299b,2026-09-25 04:40:02
22c7f9c7-9db7-43cf-9cfd-365d90564d84,45,node_completed,implement,4a6e76d0-023d-48fd-9a73-774c1ae47382,2026-09-25 04:40:04
22c7f9c7-9db7-43cf-9cfd-365d90564d84,53,qa_same_family_exemption_applied,qa,106ba2ad-3289-4206-a17c-51be204e5492,2026-09-25 04:40:19
22c7f9c7-9db7-43cf-9cfd-365d90564d84,54,execution_admitted,qa,106ba2ad-3289-4206-a17c-51be204e5492,2026-09-25 04:40:19
b331bcb1-043a-476c-8e9a-7cd12799767b,42,run_terminated_by_operator,,,2026-09-25 04:49:30
80399250-7d61-49c0-842b-6aa42aa19834,3,execution_admitted,implement,c2533b6a-c3be-4fa6-87f8-a2fc2e484637,2026-09-25 04:49:35
80399250-7d61-49c0-842b-6aa42aa19834,9,node_completed,implement,c2533b6a-c3be-4fa6-87f8-a2fc2e484637,2026-09-25 04:51:19
80399250-7d61-49c0-842b-6aa42aa19834,13,qa_same_family_exemption_applied,qa,d252ae76-50d4-467c-93bb-04dfcf0bca62,2026-09-25 04:51:19
80399250-7d61-49c0-842b-6aa42aa19834,15,execution_admitted,qa,d252ae76-50d4-467c-93bb-04dfcf0bca62,2026-09-25 04:51:19
29bef683-e628-4291-b608-1882a2fec14e,96,node_completed,implement,2fa01a56-3f35-4615-b022-0ab0294f6e45,2026-09-25 04:55:14
29bef683-e628-4291-b608-1882a2fec14e,104,qa_same_family_exemption_applied,qa,083704b6-1447-436d-97d5-48d6a57fd840,2026-09-25 04:55:16
29bef683-e628-4291-b608-1882a2fec14e,105,execution_admitted,qa,083704b6-1447-436d-97d5-48d6a57fd840,2026-09-25 04:55:16
f42e1847-6b21-4a08-b5d3-25501a1970e6,21,node_completed,qa,bbf14aea-c6f5-459a-abf2-e3435dc3299b,2026-09-25 04:57:01
f42e1847-6b21-4a08-b5d3-25501a1970e6,28,execution_admitted,implement,5a2c6d1e-c8c1-43e4-8768-293dc2021f1b,2026-09-25 04:57:02
953ede7c-b04f-4c83-b29a-996be107c15f,21,node_completed,qa,c6f33a10-3f4c-4c22-b853-3991494add01,2026-09-25 05:00:28
953ede7c-b04f-4c83-b29a-996be107c15f,28,execution_admitted,implement,fbe9495f-8725-4a21-b95b-b7ef50124bb8,2026-09-25 05:00:29
29bef683-e628-4291-b608-1882a2fec14e,116,node_completed,qa,083704b6-1447-436d-97d5-48d6a57fd840,2026-09-25 05:05:36
29bef683-e628-4291-b608-1882a2fec14e,119,gate_opened,founder_gate,,2026-09-25 05:05:36
22c7f9c7-9db7-43cf-9cfd-365d90564d84,72,node_completed,qa,106ba2ad-3289-4206-a17c-51be204e5492,2026-09-25 05:11:31
22c7f9c7-9db7-43cf-9cfd-365d90564d84,74,gate_opened,founder_gate,,2026-09-25 05:11:31
907d80e6-a1d9-4f61-9a84-ef33f0d55112,68,node_completed,founder_gate,53518df1-681b-4578-822a-5a5b369cbd82,2026-09-25 05:11:38
80399250-7d61-49c0-842b-6aa42aa19834,22,node_completed,qa,d252ae76-50d4-467c-93bb-04dfcf0bca62,2026-09-25 05:11:38
80399250-7d61-49c0-842b-6aa42aa19834,25,gate_opened,founder_gate,,2026-09-25 05:11:38
29bef683-e628-4291-b608-1882a2fec14e,125,node_completed,founder_gate,083704b6-1447-436d-97d5-48d6a57fd840,2026-09-25 05:11:43
4c2704d4-c2f8-4336-a640-d9558e419049,24,run_terminated_by_operator,,,2026-09-25 05:12:26
bad2e41e-d646-4a69-8c8c-6bc380778ae0,126,node_completed,implement,66d85824-6da8-4be9-8efb-0652198442e8,2026-09-25 05:12:35
bad2e41e-d646-4a69-8c8c-6bc380778ae0,134,qa_same_family_exemption_applied,qa,7bd4b7c1-646f-4f1b-9a5e-41d08aa65d9c,2026-09-25 05:13:13
bad2e41e-d646-4a69-8c8c-6bc380778ae0,135,execution_admitted,qa,7bd4b7c1-646f-4f1b-9a5e-41d08aa65d9c,2026-09-25 05:13:13
29bef683-e628-4291-b608-1882a2fec14e,137,run_completed,land,56644b54-b92a-4fad-a1b9-eeb2c98a604f,2026-09-25 05:16:00
907d80e6-a1d9-4f61-9a84-ef33f0d55112,79,run_completed,land,de8eb8c7-afd4-4951-b58f-b252f36195c6,2026-09-25 05:16:08
80399250-7d61-49c0-842b-6aa42aa19834,30,node_completed,founder_gate,d252ae76-50d4-467c-93bb-04dfcf0bca62,2026-09-25 05:18:04
22c7f9c7-9db7-43cf-9cfd-365d90564d84,79,node_completed,founder_gate,106ba2ad-3289-4206-a17c-51be204e5492,2026-09-25 05:18:04
bad2e41e-d646-4a69-8c8c-6bc380778ae0,145,node_completed,qa,7bd4b7c1-646f-4f1b-9a5e-41d08aa65d9c,2026-09-25 05:23:26
bad2e41e-d646-4a69-8c8c-6bc380778ae0,153,execution_admitted,implement,66d85824-6da8-4be9-8efb-0652198442e8,2026-09-25 05:23:33
22c7f9c7-9db7-43cf-9cfd-365d90564d84,91,run_completed,land,2f8105c3-a65b-4508-8ad2-93642d109c18,2026-09-25 05:32:13
953ede7c-b04f-4c83-b29a-996be107c15f,46,node_completed,implement,fbe9495f-8725-4a21-b95b-b7ef50124bb8,2026-09-25 05:34:22
953ede7c-b04f-4c83-b29a-996be107c15f,54,qa_same_family_exemption_applied,qa,c6f33a10-3f4c-4c22-b853-3991494add01,2026-09-25 05:34:23
953ede7c-b04f-4c83-b29a-996be107c15f,55,execution_admitted,qa,c6f33a10-3f4c-4c22-b853-3991494add01,2026-09-25 05:34:23
cbdcf921-e0c6-40c3-827d-c5d70cb8145f,3,execution_admitted,implement,64296b33-c8e6-4132-9fd9-821dc25e0f16,2026-09-25 05:38:35
946fe3d7-ff04-43a4-aabc-f0f310802a79,3,execution_admitted,implement,2d7e1ab6-6452-4790-8bfa-ea31b75e1d17,2026-09-25 05:41:13
3a5eaaa7-ce6f-440e-8ce4-981d7abaa31d,40,node_completed,qa,82d9050e-8ac7-490c-a229-103433e226f4,2026-09-25 05:50:30
3a5eaaa7-ce6f-440e-8ce4-981d7abaa31d,43,gate_opened,founder_gate,,2026-09-25 05:50:30
f42e1847-6b21-4a08-b5d3-25501a1970e6,53,node_completed,implement,5a2c6d1e-c8c1-43e4-8768-293dc2021f1b,2026-09-25 05:53:27
f42e1847-6b21-4a08-b5d3-25501a1970e6,61,qa_same_family_exemption_applied,qa,bbf14aea-c6f5-459a-abf2-e3435dc3299b,2026-09-25 05:53:28
f42e1847-6b21-4a08-b5d3-25501a1970e6,62,execution_admitted,qa,bbf14aea-c6f5-459a-abf2-e3435dc3299b,2026-09-25 05:53:28
974f322c-b896-415a-acd6-305a15c714eb,6,execution_admitted,eng_design,f68b3e69-19a2-4a59-b183-5b2003680a4a,2026-09-25 06:20:36
3374885d-b4e3-42d8-a727-003890cad5fa,4,execution_admitted,implement,37624e3d-2f56-4ee3-afdc-944f2666c229,2026-09-25 06:25:25
974f322c-b896-415a-acd6-305a15c714eb,12,run_terminated_by_operator,,,2026-09-25 06:27:05
bad2e41e-d646-4a69-8c8c-6bc380778ae0,170,run_terminated_by_operator,,,2026-09-25 06:27:49
556f5bf9-ec7d-4b08-8986-3c603f1d06ef,3,execution_admitted,implement,5e9dd2ea-87d1-4bc7-b331-440f3d4092c3,2026-09-25 06:27:54
556f5bf9-ec7d-4b08-8986-3c603f1d06ef,9,node_completed,implement,5e9dd2ea-87d1-4bc7-b331-440f3d4092c3,2026-09-25 06:28:41
556f5bf9-ec7d-4b08-8986-3c603f1d06ef,13,qa_same_family_exemption_applied,qa,52137bb6-da14-47ca-8a7e-65da29b97c76,2026-09-25 06:28:42
556f5bf9-ec7d-4b08-8986-3c603f1d06ef,15,execution_admitted,qa,52137bb6-da14-47ca-8a7e-65da29b97c76,2026-09-25 06:28:42
2e59dced-34cf-4372-ac94-ae0daaebb87e,4,execution_admitted,implement,b6c738ca-d135-4cb7-9116-17267466406b,2026-09-25 06:36:24
2d648474-3fad-45aa-a992-f3ae8c808c47,230,node_completed,qa,c06a2bac-9d37-418c-9466-c3366838eeba,2026-09-25 06:41:04
2d648474-3fad-45aa-a992-f3ae8c808c47,240,execution_dead_rolled_back,implement,5602a499-35d0-4a07-b7e4-c0f46c0b17ce,2026-09-25 06:41:04
2d648474-3fad-45aa-a992-f3ae8c808c47,244,execution_admitted,implement,5f330b56-48e0-49ea-a8e2-6df9e48725f1,2026-09-25 06:41:04
2d648474-3fad-45aa-a992-f3ae8c808c47,250,rework_replacement_launched,implement,5f330b56-48e0-49ea-a8e2-6df9e48725f1,2026-09-25 06:41:26
fce48843-eb28-44a3-8256-0b5193e6c1e1,119,run_terminated_by_operator,,,2026-09-25 06:53:43
443b2f98-0e6e-4fe0-8e55-6562a7253046,1118,run_terminated_by_operator,,,2026-09-25 06:53:43
0079c0da-2d36-4c12-8dc1-a14f4ef04517,141,run_terminated_by_operator,,,2026-09-25 06:53:43
d726a117-1b05-4090-8e84-041def77f860,104,run_terminated_by_operator,,,2026-09-25 06:53:43
685d117d-8eeb-489b-9f44-9abd313b3ab4,263,run_terminated_by_operator,,,2026-09-25 06:53:43
6a234458-fcc4-4565-a4a3-ac10fd29d815,43,run_terminated_by_operator,,,2026-09-25 06:53:43
bce605bf-d29e-45ab-8008-4ca0fc730780,164,run_terminated_by_operator,,,2026-09-25 06:53:43
953ede7c-b04f-4c83-b29a-996be107c15f,92,node_completed,qa,c6f33a10-3f4c-4c22-b853-3991494add01,2026-09-25 06:59:13
953ede7c-b04f-4c83-b29a-996be107c15f,94,gate_opened,founder_gate,,2026-09-25 06:59:13
2d648474-3fad-45aa-a992-f3ae8c808c47,261,node_completed,implement,5f330b56-48e0-49ea-a8e2-6df9e48725f1,2026-09-25 07:11:56
2d648474-3fad-45aa-a992-f3ae8c808c47,269,qa_same_family_exemption_applied,qa,c06a2bac-9d37-418c-9466-c3366838eeba,2026-09-25 07:12:02
2d648474-3fad-45aa-a992-f3ae8c808c47,270,execution_admitted,qa,c06a2bac-9d37-418c-9466-c3366838eeba,2026-09-25 07:12:02
5cce900c-3190-4ebd-948c-94d01a57442f,4,execution_admitted,implement,d3e3e04f-8f2e-4ffd-b9fa-88cd8b89e0f9,2026-09-25 07:26:23
c73c8847-ea86-4851-864f-c8f5a1a425eb,190,node_completed,qa,7eb0a6d9-c80c-418f-ab9c-8851ef8e9167,2026-09-25 07:29:08
c73c8847-ea86-4851-864f-c8f5a1a425eb,192,gate_opened,founder_gate,,2026-09-25 07:29:08
2d648474-3fad-45aa-a992-f3ae8c808c47,283,node_completed,qa,c06a2bac-9d37-418c-9466-c3366838eeba,2026-09-25 07:32:43
2d648474-3fad-45aa-a992-f3ae8c808c47,291,execution_admitted,implement,5f330b56-48e0-49ea-a8e2-6df9e48725f1,2026-09-25 07:32:44
206b034f-6453-4c27-a136-9f8779c1a8ed,6,execution_admitted,eng_design,75e04312-3b3c-4786-b5ff-c5dab756a56c,2026-09-25 07:39:03
f42e1847-6b21-4a08-b5d3-25501a1970e6,107,node_completed,qa,bbf14aea-c6f5-459a-abf2-e3435dc3299b,2026-09-25 07:44:50
f42e1847-6b21-4a08-b5d3-25501a1970e6,115,execution_admitted,implement,5a2c6d1e-c8c1-43e4-8768-293dc2021f1b,2026-09-25 07:44:52
2d648474-3fad-45aa-a992-f3ae8c808c47,301,node_completed,implement,5f330b56-48e0-49ea-a8e2-6df9e48725f1,2026-09-25 07:46:10
2d648474-3fad-45aa-a992-f3ae8c808c47,309,qa_same_family_exemption_applied,qa,c06a2bac-9d37-418c-9466-c3366838eeba,2026-09-25 07:46:10
2d648474-3fad-45aa-a992-f3ae8c808c47,310,execution_admitted,qa,c06a2bac-9d37-418c-9466-c3366838eeba,2026-09-25 07:46:10
3374885d-b4e3-42d8-a727-003890cad5fa,14,run_terminated_by_operator,,,2026-09-25 07:56:30
9253400f-ffc1-4990-a98e-a7a43ea7a512,3,execution_admitted,implement,f560992f-5c61-4062-b6e4-392c0c5743dd,2026-09-25 07:57:41
9253400f-ffc1-4990-a98e-a7a43ea7a512,9,node_completed,implement,f560992f-5c61-4062-b6e4-392c0c5743dd,2026-09-25 07:59:20
9253400f-ffc1-4990-a98e-a7a43ea7a512,13,qa_same_family_exemption_applied,qa,d05037ae-c0c8-430f-82c3-3d0c4e0e396f,2026-09-25 07:59:21
9253400f-ffc1-4990-a98e-a7a43ea7a512,15,execution_admitted,qa,d05037ae-c0c8-430f-82c3-3d0c4e0e396f,2026-09-25 07:59:21
f42e1847-6b21-4a08-b5d3-25501a1970e6,131,run_terminated_by_operator,,,2026-09-25 08:03:48
2d648474-3fad-45aa-a992-f3ae8c808c47,323,node_completed,qa,c06a2bac-9d37-418c-9466-c3366838eeba,2026-09-25 08:04:00
2d648474-3fad-45aa-a992-f3ae8c808c47,325,gate_opened,founder_gate,,2026-09-25 08:04:00
fb77977c-d7bc-4603-8e1a-ce675d14e8ad,3,execution_admitted,implement,ecfa5547-9e1a-4735-a250-2c1ec316b048,2026-09-25 08:04:16
cbdcf921-e0c6-40c3-827d-c5d70cb8145f,9,node_completed,implement,64296b33-c8e6-4132-9fd9-821dc25e0f16,2026-09-25 08:14:34
cbdcf921-e0c6-40c3-827d-c5d70cb8145f,13,qa_same_family_exemption_applied,qa,d519329c-81e7-4251-8a38-ebeb2e2a6cef,2026-09-25 08:14:35
cbdcf921-e0c6-40c3-827d-c5d70cb8145f,15,execution_admitted,qa,d519329c-81e7-4251-8a38-ebeb2e2a6cef,2026-09-25 08:14:35
5cce900c-3190-4ebd-948c-94d01a57442f,13,node_completed,implement,d3e3e04f-8f2e-4ffd-b9fa-88cd8b89e0f9,2026-09-25 08:52:00
5cce900c-3190-4ebd-948c-94d01a57442f,17,qa_same_family_exemption_applied,qa,36768957-7faf-479a-aeb6-74e85fd17ea7,2026-09-25 08:52:01
5cce900c-3190-4ebd-948c-94d01a57442f,19,execution_admitted,qa,36768957-7faf-479a-aeb6-74e85fd17ea7,2026-09-25 08:52:01
fb77977c-d7bc-4603-8e1a-ce675d14e8ad,9,node_completed,implement,ecfa5547-9e1a-4735-a250-2c1ec316b048,2026-09-25 08:57:31
fb77977c-d7bc-4603-8e1a-ce675d14e8ad,13,qa_same_family_exemption_applied,qa,2244de24-a3c9-428a-a1de-730166921809,2026-09-25 08:57:31
fb77977c-d7bc-4603-8e1a-ce675d14e8ad,15,execution_admitted,qa,2244de24-a3c9-428a-a1de-730166921809,2026-09-25 08:57:31
206b034f-6453-4c27-a136-9f8779c1a8ed,13,node_completed,eng_design,75e04312-3b3c-4786-b5ff-c5dab756a56c,2026-09-25 09:01:20
206b034f-6453-4c27-a136-9f8779c1a8ed,18,execution_admitted,implement,cde40019-9660-4888-83ce-837783e4e8fa,2026-09-25 09:01:21
9253400f-ffc1-4990-a98e-a7a43ea7a512,22,node_completed,qa,d05037ae-c0c8-430f-82c3-3d0c4e0e396f,2026-09-25 09:06:57
9253400f-ffc1-4990-a98e-a7a43ea7a512,25,gate_opened,founder_gate,,2026-09-25 09:06:57
5cce900c-3190-4ebd-948c-94d01a57442f,26,node_completed,qa,36768957-7faf-479a-aeb6-74e85fd17ea7,2026-09-25 09:10:09
5cce900c-3190-4ebd-948c-94d01a57442f,29,gate_opened,founder_gate,,2026-09-25 09:10:09
946fe3d7-ff04-43a4-aabc-f0f310802a79,9,node_completed,implement,2d7e1ab6-6452-4790-8bfa-ea31b75e1d17,2026-09-25 09:12:46
946fe3d7-ff04-43a4-aabc-f0f310802a79,13,qa_same_family_exemption_applied,qa,b7523aea-4176-405a-ba63-a5a6595c5811,2026-09-25 09:12:47
946fe3d7-ff04-43a4-aabc-f0f310802a79,15,execution_admitted,qa,b7523aea-4176-405a-ba63-a5a6595c5811,2026-09-25 09:12:47
55409ce7-cdf1-402b-9153-ea933df59d9b,9,node_completed,implement,7adbf914-1ac0-4e6e-aba5-07b9a7399dcb,2026-09-25 09:24:06
55409ce7-cdf1-402b-9153-ea933df59d9b,13,qa_same_family_exemption_applied,qa,3f862011-3aeb-4137-8648-0b3f9d27f551,2026-09-25 09:24:07
55409ce7-cdf1-402b-9153-ea933df59d9b,15,execution_admitted,qa,3f862011-3aeb-4137-8648-0b3f9d27f551,2026-09-25 09:24:07
946fe3d7-ff04-43a4-aabc-f0f310802a79,22,node_completed,qa,b7523aea-4176-405a-ba63-a5a6595c5811,2026-09-25 09:28:54
946fe3d7-ff04-43a4-aabc-f0f310802a79,29,execution_admitted,implement,2d7e1ab6-6452-4790-8bfa-ea31b75e1d17,2026-09-25 09:28:55
fb77977c-d7bc-4603-8e1a-ce675d14e8ad,21,node_completed,qa,2244de24-a3c9-428a-a1de-730166921809,2026-09-25 09:29:19
fb77977c-d7bc-4603-8e1a-ce675d14e8ad,28,execution_admitted,implement,ecfa5547-9e1a-4735-a250-2c1ec316b048,2026-09-25 09:29:21
cbdcf921-e0c6-40c3-827d-c5d70cb8145f,21,node_completed,qa,d519329c-81e7-4251-8a38-ebeb2e2a6cef,2026-09-25 09:36:10
cbdcf921-e0c6-40c3-827d-c5d70cb8145f,28,execution_admitted,implement,64296b33-c8e6-4132-9fd9-821dc25e0f16,2026-09-25 09:36:11
946fe3d7-ff04-43a4-aabc-f0f310802a79,37,node_completed,implement,2d7e1ab6-6452-4790-8bfa-ea31b75e1d17,2026-09-25 09:37:27
946fe3d7-ff04-43a4-aabc-f0f310802a79,45,qa_same_family_exemption_applied,qa,b7523aea-4176-405a-ba63-a5a6595c5811,2026-09-25 09:37:28
946fe3d7-ff04-43a4-aabc-f0f310802a79,46,execution_admitted,qa,b7523aea-4176-405a-ba63-a5a6595c5811,2026-09-25 09:37:28
946fe3d7-ff04-43a4-aabc-f0f310802a79,59,node_completed,qa,b7523aea-4176-405a-ba63-a5a6595c5811,2026-09-25 09:54:05
946fe3d7-ff04-43a4-aabc-f0f310802a79,61,gate_opened,founder_gate,,2026-09-25 09:54:05
fb77977c-d7bc-4603-8e1a-ce675d14e8ad,48,node_completed,implement,ecfa5547-9e1a-4735-a250-2c1ec316b048,2026-09-25 10:10:08
fb77977c-d7bc-4603-8e1a-ce675d14e8ad,56,qa_same_family_exemption_applied,qa,2244de24-a3c9-428a-a1de-730166921809,2026-09-25 10:10:08
fb77977c-d7bc-4603-8e1a-ce675d14e8ad,57,execution_admitted,qa,2244de24-a3c9-428a-a1de-730166921809,2026-09-25 10:10:08
206b034f-6453-4c27-a136-9f8779c1a8ed,24,node_completed,implement,cde40019-9660-4888-83ce-837783e4e8fa,2026-09-25 10:11:19
206b034f-6453-4c27-a136-9f8779c1a8ed,28,qa_same_family_exemption_applied,qa,0ba846a7-e0f4-4498-be2b-3da6c67afaff,2026-09-25 10:11:20
206b034f-6453-4c27-a136-9f8779c1a8ed,30,execution_admitted,qa,0ba846a7-e0f4-4498-be2b-3da6c67afaff,2026-09-25 10:11:20
206b034f-6453-4c27-a136-9f8779c1a8ed,37,node_completed,qa,0ba846a7-e0f4-4498-be2b-3da6c67afaff,2026-09-25 10:31:04
206b034f-6453-4c27-a136-9f8779c1a8ed,40,gate_opened,founder_gate,,2026-09-25 10:31:04
fb77977c-d7bc-4603-8e1a-ce675d14e8ad,71,node_completed,qa,2244de24-a3c9-428a-a1de-730166921809,2026-09-25 10:32:59
fb77977c-d7bc-4603-8e1a-ce675d14e8ad,79,execution_admitted,implement,ecfa5547-9e1a-4735-a250-2c1ec316b048,2026-09-25 10:32:59
cbdcf921-e0c6-40c3-827d-c5d70cb8145f,54,node_completed,implement,64296b33-c8e6-4132-9fd9-821dc25e0f16,2026-09-25 10:37:38
cbdcf921-e0c6-40c3-827d-c5d70cb8145f,62,qa_same_family_exemption_applied,qa,d519329c-81e7-4251-8a38-ebeb2e2a6cef,2026-09-25 10:37:39
cbdcf921-e0c6-40c3-827d-c5d70cb8145f,63,execution_admitted,qa,d519329c-81e7-4251-8a38-ebeb2e2a6cef,2026-09-25 10:37:39
fb77977c-d7bc-4603-8e1a-ce675d14e8ad,95,run_terminated_by_operator,,,2026-09-25 10:49:44
424be69b-239a-4e47-a557-102431d33e5a,3,execution_admitted,implement,7ae9491f-4333-464f-ae77-c023ea598e95,2026-09-25 10:49:57
424be69b-239a-4e47-a557-102431d33e5a,9,node_completed,implement,7ae9491f-4333-464f-ae77-c023ea598e95,2026-09-25 11:05:33
424be69b-239a-4e47-a557-102431d33e5a,13,qa_same_family_exemption_applied,qa,281a8688-32b0-477d-a611-cf4efb10f054,2026-09-25 11:05:33
424be69b-239a-4e47-a557-102431d33e5a,15,execution_admitted,qa,281a8688-32b0-477d-a611-cf4efb10f054,2026-09-25 11:05:33
cbdcf921-e0c6-40c3-827d-c5d70cb8145f,80,node_completed,qa,d519329c-81e7-4251-8a38-ebeb2e2a6cef,2026-09-25 11:10:09
cbdcf921-e0c6-40c3-827d-c5d70cb8145f,88,execution_admitted,implement,64296b33-c8e6-4132-9fd9-821dc25e0f16,2026-09-25 11:10:10
cbdcf921-e0c6-40c3-827d-c5d70cb8145f,104,run_terminated_by_operator,,,2026-09-25 11:27:07
b8437b3b-beea-4ff5-88ee-9f73cf8d0ba9,3,execution_admitted,implement,2d21a735-9f81-4cff-bd5c-d3932a513a6c,2026-09-25 11:27:17
424be69b-239a-4e47-a557-102431d33e5a,22,node_completed,qa,281a8688-32b0-477d-a611-cf4efb10f054,2026-09-25 11:33:11
424be69b-239a-4e47-a557-102431d33e5a,25,gate_opened,founder_gate,,2026-09-25 11:33:11
b8437b3b-beea-4ff5-88ee-9f73cf8d0ba9,9,node_completed,implement,2d21a735-9f81-4cff-bd5c-d3932a513a6c,2026-09-25 11:46:20
b8437b3b-beea-4ff5-88ee-9f73cf8d0ba9,13,qa_same_family_exemption_applied,qa,2822736a-19f5-4b35-8ea7-ae016a07d8de,2026-09-25 11:46:21
b8437b3b-beea-4ff5-88ee-9f73cf8d0ba9,15,execution_admitted,qa,2822736a-19f5-4b35-8ea7-ae016a07d8de,2026-09-25 11:46:21
b8437b3b-beea-4ff5-88ee-9f73cf8d0ba9,21,node_completed,qa,2822736a-19f5-4b35-8ea7-ae016a07d8de,2026-09-25 12:11:07
b8437b3b-beea-4ff5-88ee-9f73cf8d0ba9,28,execution_admitted,implement,2d21a735-9f81-4cff-bd5c-d3932a513a6c,2026-09-25 12:11:07
b8437b3b-beea-4ff5-88ee-9f73cf8d0ba9,47,node_completed,implement,2d21a735-9f81-4cff-bd5c-d3932a513a6c,2026-09-25 12:48:04
b8437b3b-beea-4ff5-88ee-9f73cf8d0ba9,55,qa_same_family_exemption_applied,qa,2822736a-19f5-4b35-8ea7-ae016a07d8de,2026-09-25 12:48:04
b8437b3b-beea-4ff5-88ee-9f73cf8d0ba9,56,execution_admitted,qa,2822736a-19f5-4b35-8ea7-ae016a07d8de,2026-09-25 12:48:04
b8437b3b-beea-4ff5-88ee-9f73cf8d0ba9,76,node_completed,qa,2822736a-19f5-4b35-8ea7-ae016a07d8de,2026-09-25 13:23:18
b8437b3b-beea-4ff5-88ee-9f73cf8d0ba9,78,gate_opened,founder_gate,,2026-09-25 13:23:18
953ede7c-b04f-4c83-b29a-996be107c15f,123,node_completed,founder_gate,c6f33a10-3f4c-4c22-b853-3991494add01,2026-09-25 14:36:16
206b034f-6453-4c27-a136-9f8779c1a8ed,61,node_completed,founder_gate,0ba846a7-e0f4-4498-be2b-3da6c67afaff,2026-09-25 14:36:16
953ede7c-b04f-4c83-b29a-996be107c15f,130,run_completed,land,bf843025-85b6-47b7-bd00-8465a66f4c99,2026-09-25 14:38:24
206b034f-6453-4c27-a136-9f8779c1a8ed,72,run_completed,land,39f45714-e593-422b-b78e-e77f6b5c0119,2026-09-25 14:40:03
9253400f-ffc1-4990-a98e-a7a43ea7a512,75,node_completed,founder_gate,d05037ae-c0c8-430f-82c3-3d0c4e0e396f,2026-09-25 18:04:21
946fe3d7-ff04-43a4-aabc-f0f310802a79,97,node_completed,founder_gate,b7523aea-4176-405a-ba63-a5a6595c5811,2026-09-25 18:08:44
946fe3d7-ff04-43a4-aabc-f0f310802a79,106,run_completed,land,1e36932c-350b-44f8-adde-590ca2396270,2026-09-25 18:11:30
5cce900c-3190-4ebd-948c-94d01a57442f,69,node_completed,founder_gate,36768957-7faf-479a-aeb6-74e85fd17ea7,2026-09-25 18:12:42
5cce900c-3190-4ebd-948c-94d01a57442f,83,execution_dead_rolled_back,implement,d3e3e04f-8f2e-4ffd-b9fa-88cd8b89e0f9,2026-09-25 18:12:59
5cce900c-3190-4ebd-948c-94d01a57442f,87,execution_admitted,implement,b0907ee9-3f48-4ced-b9c8-18920c080dbe,2026-09-25 18:12:59
5cce900c-3190-4ebd-948c-94d01a57442f,92,rework_replacement_launched,implement,b0907ee9-3f48-4ced-b9c8-18920c080dbe,2026-09-25 18:13:08
1de91237-c761-49e6-8e18-1c045cf72f58,3,execution_admitted,general,f904eb30-07f0-423a-9569-0e41abc6e1f7,2026-09-25 18:21:53
c73c8847-ea86-4851-864f-c8f5a1a425eb,255,node_completed,founder_gate,7eb0a6d9-c80c-418f-ab9c-8851ef8e9167,2026-09-25 18:24:59
424be69b-239a-4e47-a557-102431d33e5a,65,node_completed,founder_gate,281a8688-32b0-477d-a611-cf4efb10f054,2026-09-25 18:24:59
c73c8847-ea86-4851-864f-c8f5a1a425eb,264,execution_admitted,implement,e5017f34-787e-424b-ae5d-65f25fec88e8,2026-09-25 18:25:46
c73c8847-ea86-4851-864f-c8f5a1a425eb,265,resume_target_unrecoverable,implement,,2026-09-25 18:25:46
424be69b-239a-4e47-a557-102431d33e5a,75,execution_dead_rolled_back,implement,7ae9491f-4333-464f-ae77-c023ea598e95,2026-09-25 18:25:46
424be69b-239a-4e47-a557-102431d33e5a,79,execution_admitted,implement,855d36dc-3886-4a5e-a127-6bb707c99c0b,2026-09-25 18:25:46
424be69b-239a-4e47-a557-102431d33e5a,84,rework_replacement_launched,implement,855d36dc-3886-4a5e-a127-6bb707c99c0b,2026-09-25 18:25:58
5cce900c-3190-4ebd-948c-94d01a57442f,99,node_completed,implement,b0907ee9-3f48-4ced-b9c8-18920c080dbe,2026-09-25 18:26:43
5cce900c-3190-4ebd-948c-94d01a57442f,107,qa_same_family_exemption_applied,qa,36768957-7faf-479a-aeb6-74e85fd17ea7,2026-09-25 18:26:43
5cce900c-3190-4ebd-948c-94d01a57442f,108,execution_admitted,qa,36768957-7faf-479a-aeb6-74e85fd17ea7,2026-09-25 18:26:43
8020b29a-2572-4de8-8483-093bfee55d20,86,execution_dead_rolled_back,implement,c2bd0548-2e74-4238-8042-8092c64b64f9,2026-09-25 18:27:17
8020b29a-2572-4de8-8483-093bfee55d20,90,execution_admitted,implement,5d168aef-e15b-4cab-9ee2-53c195a756f9,2026-09-25 18:27:17
8020b29a-2572-4de8-8483-093bfee55d20,95,rework_replacement_launched,implement,5d168aef-e15b-4cab-9ee2-53c195a756f9,2026-09-25 18:27:40
556f5bf9-ec7d-4b08-8986-3c603f1d06ef,22,node_completed,qa,52137bb6-da14-47ca-8a7e-65da29b97c76,2026-09-25 18:35:30
556f5bf9-ec7d-4b08-8986-3c603f1d06ef,30,execution_dead_rolled_back,implement,5e9dd2ea-87d1-4bc7-b331-440f3d4092c3,2026-09-25 18:35:32
556f5bf9-ec7d-4b08-8986-3c603f1d06ef,34,execution_admitted,implement,0233e98d-087f-454f-9551-c29233b57021,2026-09-25 18:35:32
556f5bf9-ec7d-4b08-8986-3c603f1d06ef,39,rework_replacement_launched,implement,0233e98d-087f-454f-9551-c29233b57021,2026-09-25 18:36:19
1de91237-c761-49e6-8e18-1c045cf72f58,9,node_completed,general,f904eb30-07f0-423a-9569-0e41abc6e1f7,2026-09-25 18:42:42
1de91237-c761-49e6-8e18-1c045cf72f58,11,gate_opened,founder_gate,,2026-09-25 18:42:42
c73c8847-ea86-4851-864f-c8f5a1a425eb,282,run_terminated_by_operator,,,2026-09-25 18:43:34
e2eadd27-785e-4e3d-8896-5625541fcb12,3,execution_admitted,implement,26a28bdf-2657-4f53-b5f8-9222c70d3aea,2026-09-25 18:43:49
5cce900c-3190-4ebd-948c-94d01a57442f,122,node_completed,qa,36768957-7faf-479a-aeb6-74e85fd17ea7,2026-09-25 18:44:45
5cce900c-3190-4ebd-948c-94d01a57442f,125,gate_opened,founder_gate,,2026-09-25 18:44:45
21883c18-dddc-4345-86e7-6a1c5b8d9664,358,node_completed,qa,4676812d-4f83-4e9b-a812-c7d549e42fb3,2026-09-25 18:47:08
21883c18-dddc-4345-86e7-6a1c5b8d9664,360,gate_opened,founder_gate,,2026-09-25 18:47:08
424be69b-239a-4e47-a557-102431d33e5a,98,node_completed,implement,855d36dc-3886-4a5e-a127-6bb707c99c0b,2026-09-25 18:58:05
424be69b-239a-4e47-a557-102431d33e5a,106,qa_same_family_exemption_applied,qa,281a8688-32b0-477d-a611-cf4efb10f054,2026-09-25 18:58:05
424be69b-239a-4e47-a557-102431d33e5a,107,execution_admitted,qa,281a8688-32b0-477d-a611-cf4efb10f054,2026-09-25 18:58:05
5cce900c-3190-4ebd-948c-94d01a57442f,133,node_completed,founder_gate,36768957-7faf-479a-aeb6-74e85fd17ea7,2026-09-25 19:11:15
21883c18-dddc-4345-86e7-6a1c5b8d9664,365,node_completed,founder_gate,4676812d-4f83-4e9b-a812-c7d549e42fb3,2026-09-25 19:11:15
5cce900c-3190-4ebd-948c-94d01a57442f,143,run_completed,land,88139727-f3ff-4f0b-b5a7-edea456b0ec7,2026-09-25 19:13:25
21883c18-dddc-4345-86e7-6a1c5b8d9664,376,run_completed,land,67282c09-cdd1-4f49-8b04-e0d27dbf53e2,2026-09-25 19:14:39
49a3da37-9e6d-45c3-a27a-3309d740eed3,4,execution_admitted,eng_design,244670e3-55b1-4b3a-9289-099ee9c4088f,2026-09-25 19:15:36
e2eadd27-785e-4e3d-8896-5625541fcb12,9,node_completed,implement,26a28bdf-2657-4f53-b5f8-9222c70d3aea,2026-09-25 19:15:44
e2eadd27-785e-4e3d-8896-5625541fcb12,13,qa_same_family_exemption_applied,qa,6cf12dd3-69dd-45a1-b27c-1880069ab8f4,2026-09-25 19:15:45
e2eadd27-785e-4e3d-8896-5625541fcb12,15,execution_admitted,qa,6cf12dd3-69dd-45a1-b27c-1880069ab8f4,2026-09-25 19:15:45
424be69b-239a-4e47-a557-102431d33e5a,121,node_completed,qa,281a8688-32b0-477d-a611-cf4efb10f054,2026-09-25 19:16:33
e2eadd27-785e-4e3d-8896-5625541fcb12,22,node_completed,qa,6cf12dd3-69dd-45a1-b27c-1880069ab8f4,2026-09-25 19:35:40
e2eadd27-785e-4e3d-8896-5625541fcb12,25,gate_opened,founder_gate,,2026-09-25 19:35:40
e2eadd27-785e-4e3d-8896-5625541fcb12,30,node_completed,founder_gate,6cf12dd3-69dd-45a1-b27c-1880069ab8f4,2026-09-25 19:41:49
e2eadd27-785e-4e3d-8896-5625541fcb12,38,run_completed,land,2b7c773e-994c-4355-89b4-478e7b6f4327,2026-09-25 19:46:11
55409ce7-cdf1-402b-9153-ea933df59d9b,22,node_completed,qa,3f862011-3aeb-4137-8648-0b3f9d27f551,2026-09-25 20:00:24
55409ce7-cdf1-402b-9153-ea933df59d9b,30,execution_dead_rolled_back,implement,7adbf914-1ac0-4e6e-aba5-07b9a7399dcb,2026-09-25 20:00:24
55409ce7-cdf1-402b-9153-ea933df59d9b,34,execution_admitted,implement,2d64aa78-0e92-430f-85f9-d865fbdba287,2026-09-25 20:00:24
55409ce7-cdf1-402b-9153-ea933df59d9b,39,rework_replacement_launched,implement,2d64aa78-0e92-430f-85f9-d865fbdba287,2026-09-25 20:00:40
9084969b-da62-4edc-9a61-ab37984639cc,4,execution_admitted,eng_design,7e55ecb2-7adb-4a28-8d27-1dbb28f0d92e,2026-09-25 20:02:34
e4dd89d7-821f-4700-86f5-7583b9d739e5,4,execution_admitted,eng_design,cd2dfd5e-d769-4759-87bf-1046b98815b9,2026-09-25 20:03:00
556f5bf9-ec7d-4b08-8986-3c603f1d06ef,70,node_completed,implement,0233e98d-087f-454f-9551-c29233b57021,2026-09-25 20:09:46
556f5bf9-ec7d-4b08-8986-3c603f1d06ef,78,qa_same_family_exemption_applied,qa,52137bb6-da14-47ca-8a7e-65da29b97c76,2026-09-25 20:09:47
556f5bf9-ec7d-4b08-8986-3c603f1d06ef,79,execution_admitted,qa,52137bb6-da14-47ca-8a7e-65da29b97c76,2026-09-25 20:09:47
49a3da37-9e6d-45c3-a27a-3309d740eed3,11,node_completed,eng_design,244670e3-55b1-4b3a-9289-099ee9c4088f,2026-09-25 20:11:37
49a3da37-9e6d-45c3-a27a-3309d740eed3,16,execution_admitted,implement,9dba39ad-d839-47a5-b6de-731620a3488c,2026-09-25 20:11:38
55409ce7-cdf1-402b-9153-ea933df59d9b,48,node_completed,implement,2d64aa78-0e92-430f-85f9-d865fbdba287,2026-09-25 20:25:34
55409ce7-cdf1-402b-9153-ea933df59d9b,56,qa_same_family_exemption_applied,qa,3f862011-3aeb-4137-8648-0b3f9d27f551,2026-09-25 20:25:34
55409ce7-cdf1-402b-9153-ea933df59d9b,57,execution_admitted,qa,3f862011-3aeb-4137-8648-0b3f9d27f551,2026-09-25 20:25:34
556f5bf9-ec7d-4b08-8986-3c603f1d06ef,93,node_completed,qa,52137bb6-da14-47ca-8a7e-65da29b97c76,2026-09-25 20:28:31
556f5bf9-ec7d-4b08-8986-3c603f1d06ef,96,gate_opened,founder_gate,,2026-09-25 20:28:31
b509d87b-0037-4eb9-9af0-8f6b68c4f4a2,3,execution_admitted,general,8b357d57-f19c-419d-90a8-85d6a3f72c54,2026-09-25 20:30:14
35a1d137-8635-48b5-81e3-bcfe25f114d1,4,execution_admitted,eng_design,1c909675-224d-44de-84c3-c88a38ff6f16,2026-09-25 20:30:30
d9cccb85-dc2c-46a5-8904-c0b1d1994394,4,execution_admitted,implement,3b75f34a-aef5-4c42-8483-083711ad43bc,2026-09-25 20:30:46
8020b29a-2572-4de8-8483-093bfee55d20,137,run_terminated_by_operator,,,2026-09-25 20:32:25
917bc43e-d706-40b1-b546-db5006203e8e,3,execution_admitted,general,19f46728-230f-432d-bddc-f5a6fe3c1f9e,2026-09-25 20:33:44
1de91237-c761-49e6-8e18-1c045cf72f58,29,execution_admitted,general,f904eb30-07f0-423a-9569-0e41abc6e1f7,2026-09-25 20:40:18
1de91237-c761-49e6-8e18-1c045cf72f58,36,node_completed,general,f904eb30-07f0-423a-9569-0e41abc6e1f7,2026-09-25 20:42:04
1de91237-c761-49e6-8e18-1c045cf72f58,38,gate_opened,founder_gate,,2026-09-25 20:42:04
556f5bf9-ec7d-4b08-8986-3c603f1d06ef,103,node_completed,founder_gate,52137bb6-da14-47ca-8a7e-65da29b97c76,2026-09-25 20:44:03
55409ce7-cdf1-402b-9153-ea933df59d9b,71,node_completed,qa,3f862011-3aeb-4137-8648-0b3f9d27f551,2026-09-25 20:44:58
55409ce7-cdf1-402b-9153-ea933df59d9b,74,gate_opened,founder_gate,,2026-09-25 20:44:58
9084969b-da62-4edc-9a61-ab37984639cc,11,node_completed,eng_design,7e55ecb2-7adb-4a28-8d27-1dbb28f0d92e,2026-09-25 20:46:10
556f5bf9-ec7d-4b08-8986-3c603f1d06ef,111,run_completed,land,0e484121-0c25-4bba-8592-e3df2047b12c,2026-09-25 20:47:03
9084969b-da62-4edc-9a61-ab37984639cc,16,execution_admitted,implement,716d182b-72f0-49be-a831-f59b378e4442,2026-09-25 20:47:04
1de91237-c761-49e6-8e18-1c045cf72f58,44,node_completed,founder_gate,f904eb30-07f0-423a-9569-0e41abc6e1f7,2026-09-25 20:50:03
55409ce7-cdf1-402b-9153-ea933df59d9b,80,node_completed,founder_gate,3f862011-3aeb-4137-8648-0b3f9d27f551,2026-09-25 20:50:03
1de91237-c761-49e6-8e18-1c045cf72f58,51,run_completed,land,1e38c981-15a9-4a23-9839-24ee57e978c3,2026-09-25 20:52:00
55409ce7-cdf1-402b-9153-ea933df59d9b,90,run_completed,land,d93de128-12ae-479e-84f6-5e1bb01a88de,2026-09-25 20:55:24
e4dd89d7-821f-4700-86f5-7583b9d739e5,12,node_completed,eng_design,cd2dfd5e-d769-4759-87bf-1046b98815b9,2026-09-25 20:56:19
e4dd89d7-821f-4700-86f5-7583b9d739e5,17,execution_admitted,implement,f47244ad-a700-4807-b836-4287cfb2c4bd,2026-09-25 20:56:20
