execution_id,project_name,worktree_path_present,started_at,status
2faaa88c-1476-4c84-8e93-bc1e5512cae5,flywheel,1,2026-09-08 19:18:32.477,completed
b7fc66a5-1c23-4a9b-aab8-25b95dc36276,flywheel,1,2026-09-08 19:18:40.328,completed
3214350b-7469-47eb-a126-dc38e9b752c7,flywheel,1,2026-09-08 19:19:04.454,completed
1492b1f6-6642-4588-9ce5-bedd4fdec106,flywheel,1,2026-09-08 19:19:23.110,completed
f6bb8003-3466-4aa0-b908-0ccbe88cdae1,flywheel,1,2026-09-08 19:19:32.501,completed
fd0ef836-a1f2-4243-8f9a-3c25823369c5,flywheel,1,2026-09-08 19:19:49.893,completed
3e276d6b-ccec-4e94-b56d-e45f4c9f163c,flywheel,1,2026-09-08 19:20:00.388,completed
231ab6f1-8864-42da-b4e3-5b18aee69115,flywheel,1,2026-09-08 19:28:01.222,failed
401ada63-2186-4436-a643-f58f2c6170bb,flywheel,1,2026-09-08 19:56:26.659,completed
9ba2e5e6-58f0-4dc8-9793-2ec1685358f6,flywheel,1,2026-09-08 19:57:38.732,completed
a76614e7-fbc9-4a93-8553-e9653be79384,flywheel,1,2026-09-08 20:04:08.402,terminated
db6e2cf5-d7df-4b87-9feb-2def287d71e0,flywheel,1,2026-09-08 20:05:20.271,failed
11901374-e9b0-4583-aee0-3dd93ba5a5c7,flywheel,1,2026-09-08 20:06:46.265,completed
36ba61ae-82c2-4b1f-8b28-b9e043a5eb87,flywheel,1,2026-09-08 20:16:28.796,blocked
81f20993-2fd1-429f-98b7-a126ae5a00f5,flywheel,1,2026-09-08 20:47:22.547,completed
77e4a46a-b1e1-4587-acb3-130b230d6754,flywheel,1,2026-09-08 21:12:25.002,completed
49d648f7-011a-41c2-9e60-f634edd56f18,flywheel,1,2026-09-08 21:50:16.818,terminated
e29c4e33-6e98-4483-9d02-c496a444fa57,flywheel,1,2026-09-08 21:53:28.236,completed
703a3dc0-156d-4e32-a1e0-8eea84916a14,flywheel,1,2026-09-09 01:52:56.611,terminated
310a846e-d5f2-4a0b-b2f6-51d80b031907,flywheel,1,2026-09-09 01:54:06.651,completed
40f66a02-5abb-49a4-88d9-7347f4621fb9,flywheel,1,2026-09-09 02:20:10.493,failed
3f5910c6-1065-4fce-aed0-c687336852c4,flywheel,1,2026-09-09 02:49:10.802,completed
92e3340f-1aec-454b-a5de-d61c3aa12035,flywheel,1,2026-09-09 02:49:18.402,completed
2b5c4176-fceb-4663-92a1-239e93686bd4,flywheel,1,2026-09-09 02:49:35.258,completed
420aa437-9d96-412b-b9b2-7dfec6c66e6b,flywheel,1,2026-09-09 02:56:31.778,completed
29890a4a-7307-457f-9bc9-1881d49e6fff,flywheel,1,2026-09-09 03:08:16.483,completed
1ac67591-5852-45f4-8322-f2a26b913327,flywheel,1,2026-09-09 03:08:32.741,completed
fb7cc301-fca3-45cf-be05-e91efeac767d,flywheel,1,2026-09-09 03:12:43.764,failed
e25ef68f-e765-4dd0-918a-e521f35ce083,flywheel,1,2026-09-09 03:15:01.354,completed
773dec0e-076b-4f06-b196-72f0627ec604,flywheel,1,2026-09-09 03:20:20.591,completed
29f1903e-786a-48c0-bd30-57f4b901a9ab,flywheel,1,2026-09-09 03:27:46.095,failed
5c488344-e3cb-458d-99db-0bf817b84b35,flywheel,1,2026-09-09 03:29:57.834,completed
fbe30dd8-a18d-4dc5-a43e-f0f9b9a7edf7,flywheel,1,2026-09-09 03:46:39.355,failed
24b5b758-21ec-494b-bab9-8d3eacb6a0b2,flywheel,1,2026-09-09 03:59:36.404,failed
2bbf991f-3e0f-4a38-9a05-41a6ab10cb0d,flywheel,1,2026-09-09 04:04:48.309,failed
fa058bbf-1eb2-4567-95f0-8af2416e13fc,flywheel,1,2026-09-09 04:37:13.904,failed
71d0779e-627d-41c3-9a4e-a71ed1ba4c0c,flywheel,1,2026-09-09 04:37:16.441,failed
868f9368-234f-4061-829d-5b8c8b73bfe6,flywheel,1,2026-09-09 05:00:13.117,failed
cc067e8b-b85a-400c-9134-2809b2e508b1,flywheel,1,2026-09-09 06:28:49.491,completed
b6ca97e4-687a-4fed-84cc-259544f10899,flywheel,1,2026-09-09 06:37:04.656,completed
210e409c-2c70-40f6-91e3-7b8c886158b3,flywheel,1,2026-09-09 07:07:30.781,blocked
db57dc9c-a8ca-4e27-b0ce-750d35d8e6a0,flywheel,1,2026-09-09 07:17:43.868,completed
c070fce7-2b7e-44cb-9073-26b4e3200ede,flywheel,0,2026-09-09 07:24:19.490,failed
b5ed7567-0ab3-41ec-a399-5c907ba54547,flywheel,1,2026-09-09 07:27:44.803,failed
5de3f966-c6e0-48a0-81f7-720ceecbddc2,flywheel,1,2026-09-09 07:39:49.210,completed
5f5da780-bc02-4a5f-99e6-3b697dd637b4,flywheel,1,2026-09-09 07:42:22.626,terminated
9605b495-4105-4f32-8c3b-39749140db18,flywheel,1,2026-09-09 07:57:44.663,completed
d60cff23-cf25-4dbf-b920-a278a4583e70,flywheel,1,2026-09-09 08:02:56.199,completed
826a3457-dfc7-4e5e-8511-80dd01bc6e76,flywheel,1,2026-09-09 08:16:06.861,completed
6d67f20f-66e7-4a84-9a84-414e9cd23075,flywheel,1,2026-09-09 08:22:45.315,completed
4167da07-097c-42dc-8d6a-244198626bcc,flywheel,1,2026-09-09 08:22:48.426,failed
3bb2977d-fac5-45e3-94b9-8555e7d5ad92,flywheel,1,2026-09-09 08:28:29.645,terminated
a430054d-07d2-4ca9-9e4f-3262e50ce786,flywheel,1,2026-09-09 08:49:14.528,failed
ab7fabaf-74d8-4b2f-a8c2-ebc9c99773b6,flywheel,1,2026-09-09 09:08:04.142,completed
0ee9759e-5a89-41ee-bbcd-71f108b2cb99,flywheel,1,2026-09-09 09:12:51.344,terminated
f082fc65-b69e-4b2f-a99b-e27ee7d8e6cc,flywheel,1,2026-09-09 09:41:22.106,terminated
6e475dd2-26ac-41c8-ae1b-2db6f6594b95,flywheel,1,2026-09-09 09:52:15.774,failed
cf7b4751-b632-402d-aa4b-a68697490214,flywheel,1,2026-09-09 10:00:25.445,failed
383d876a-3505-40be-b0cd-9bc870477b5f,flywheel,1,2026-09-09 10:00:32.135,failed
c35fd8c7-fb4d-41fe-81eb-bb9685c43e9b,flywheel,1,2026-09-09 10:02:44.724,failed
a85fb60c-badd-4992-a75d-854db05e6ce6,flywheel,1,2026-09-09 10:02:48.326,failed
3fda089a-f7a9-4290-a6c4-43fa1add52ec,flywheel,1,2026-09-09 10:02:51.915,failed
72ce2663-5fdf-4e1c-8f0e-31b63d4f82ff,flywheel,1,2026-09-09 10:04:38.140,failed
fd88ba3d-b703-463e-8d8d-bba063465490,flywheel,1,2026-09-09 10:12:44.590,failed
0f51173e-8a19-43ce-84cf-d75ac0dfe8f4,flywheel,1,2026-09-09 10:12:47.953,failed
83258646-6110-491b-806d-cd496d3e4f83,flywheel,1,2026-09-09 10:17:45.091,failed
7b9fb9cc-0a9c-4c08-a40f-16d03539e778,flywheel,1,2026-09-09 10:17:48.939,failed
24d54933-9407-40d8-89f4-e9609672286d,flywheel,1,2026-09-09 10:17:52.501,failed
27b1d9a4-2564-4b3f-a0fa-9f3b187c2406,flywheel,1,2026-09-09 10:27:44.395,failed
a03cee82-9ebd-48c8-9df7-669d966cea67,flywheel,1,2026-09-09 10:27:47.950,failed
e1ca4f30-4858-4c3d-93fc-1a7339df2de3,flywheel,1,2026-09-09 10:42:44.521,failed
58d86abf-0781-431d-8aa9-4ba1ac66955d,flywheel,1,2026-09-09 10:42:47.651,failed
fdb333fb-c9ba-46f2-9a3c-202494b3f983,flywheel,1,2026-09-09 17:23:35.418,failed
4fc74385-2f80-45e9-bd16-6007c52066f9,flywheel,1,2026-09-09 17:27:12.819,blocked
b88f99d6-8abd-44d2-a269-aa2b99b13748,flywheel,1,2026-09-09 17:27:16.733,failed
f7739fbd-fa00-4cc1-a714-3751217d6ff8,flywheel,1,2026-09-09 17:28:50.146,completed
2f7f549f-0c56-4fea-8aa1-3bbe96a77b95,flywheel,1,2026-09-09 17:28:55.156,failed
81980043-c840-4ac0-8c6f-9e1292ca16bf,flywheel,1,2026-09-09 17:30:32.859,failed
a77846b6-9d83-4e83-91f4-14801b3ab56e,flywheel,1,2026-09-09 17:31:02.547,completed
b956bb43-56b4-442c-b1aa-3dac7f845f34,flywheel,1,2026-09-09 17:31:11.614,completed
9838f4d4-5920-443a-ab1f-48dcf6a56a96,flywheel,1,2026-09-09 17:31:17.759,completed
f87a546f-4340-4a4c-a04d-efa889cc7bd9,flywheel,1,2026-09-09 17:31:58.860,completed
28e1710e-db7e-4709-89d1-b104567de879,flywheel,1,2026-09-09 17:42:21.053,failed
f38c336e-7aa4-46bb-a4b6-26c4ba58e128,flywheel,1,2026-09-09 17:53:04.522,completed
8e14ae65-a08d-4b72-bf69-52a271342f2c,flywheel,1,2026-09-09 18:41:41.550,completed
3c1f1ff6-7407-4dc3-ad50-1192aa636560,flywheel,1,2026-09-09 18:54:47.840,terminated
82c15cfa-8af4-4886-832c-659c25ba9fbb,flywheel,1,2026-09-09 19:06:00.118,terminated
29127313-22fe-4e27-9702-e8af6040f89f,flywheel,1,2026-09-09 19:08:45.309,completed
e5bb3293-783c-4209-a3e5-f26b9b7cb424,flywheel,1,2026-09-09 19:12:34.845,blocked
7559c4ca-bcb5-4dab-be65-1f8982622299,flywheel,1,2026-09-09 19:14:46.285,completed
3d34afcf-cd9b-4530-ab4e-8fd79fc55d2f,flywheel,1,2026-09-09 19:41:33.371,completed
168d0348-94ee-4b69-8f01-6c609d1a58f3,flywheel,1,2026-09-09 19:46:22.054,completed
e0fc5cbb-d194-4a41-85a1-d4687f25a728,flywheel,1,2026-09-09 19:58:08.527,blocked
2f857f28-9b71-495c-95a7-871282fe4ef4,flywheel,1,2026-09-09 20:03:34.090,completed
1158becc-b506-4c7a-9015-c54177331c3c,flywheel,1,2026-09-09 20:04:14.974,failed
6d78fd43-fb0d-451c-8754-57c3a27da8c9,flywheel,1,2026-09-09 20:17:35.095,failed
964af7ae-4da1-4fdb-9b09-faf6be48f8c5,flywheel,1,2026-09-09 20:19:46.654,failed
1646b695-3bdc-4693-8a94-662b1d9bd69f,flywheel,1,2026-09-09 20:33:50.157,blocked
d768fdc3-3d87-488f-9dfc-6aeada24481f,flywheel,1,2026-09-09 20:34:46.788,completed
adccbe9c-1f0e-492d-80d1-3a51dccbf1f6,flywheel,1,2026-09-09 20:42:56.515,completed
17f9cb7d-8926-4ede-b00d-d71b51d3111b,flywheel,1,2026-09-09 20:59:45.825,completed
b1d817b1-3337-4cf7-877b-bed2c9bbf28f,flywheel,1,2026-09-09 21:32:21.187,completed
781c7085-b649-4622-8d9b-0535269432be,flywheel,1,2026-09-09 21:49:58.875,completed
c989695e-0293-425a-90a4-b3dd38a6e8ba,flywheel,1,2026-09-09 21:50:55.426,completed
c506f12d-160a-40b5-8bae-bb2a0083a5d3,flywheel,1,2026-09-09 21:51:22.466,blocked
b8acb46e-d3c0-4588-8e7c-d0c56a1d8de7,flywheel,1,2026-09-09 22:10:19.780,completed
707d7984-8332-4aa6-80cf-9bb52087bcba,flywheel,1,2026-09-09 22:31:31.440,completed
d9af6449-789f-48f6-ac80-b9b8dd146612,flywheel,1,2026-09-09 22:32:46.631,completed
88405c72-5840-4b34-b2d9-fd6c0cd4c1c3,flywheel,1,2026-09-09 22:47:40.662,completed
ba344804-0516-4ae3-a4f7-dea2362f3c74,flywheel,1,2026-09-09 22:49:57.370,completed
cbcce2ec-6e82-473a-833f-399511e54264,flywheel,1,2026-09-09 23:27:35.466,completed
8cc1dc23-1659-4de1-9fa3-4682cdcdc998,flywheel,1,2026-09-09 23:54:09.114,failed
085882bc-a8b2-4c6e-b06d-ee2986f51613,flywheel,1,2026-09-10 01:52:35.748,failed
0ccf6741-2f46-4c23-a104-1eff2933db86,flywheel,1,2026-09-10 01:57:37.030,completed
fbd58510-73b2-414a-b786-5f03411a41ab,flywheel,1,2026-09-10 02:09:24.898,failed
2b32e223-75df-4fe5-8da4-b00f7564465f,flywheel,1,2026-09-10 03:12:37.211,failed
804c18be-edfb-4d7b-b245-9ea40718e861,flywheel,1,2026-09-10 03:12:40.362,failed
a4287f48-f1a7-4645-ae5d-02869a7522bd,flywheel,1,2026-09-10 03:27:36.971,failed
886b61d1-4228-4644-a9d2-1cfbead6b621,flywheel,1,2026-09-10 03:27:40.829,failed
cea03559-25f6-469d-8aa3-f579bbe30429,flywheel,1,2026-09-10 03:42:41.102,completed
ffa85f31-5c21-4b24-a364-ae40542ee09b,flywheel,1,2026-09-10 04:01:04.346,completed
f592a513-c2a9-4e8c-858b-ce236a93958e,flywheel,1,2026-09-10 04:23:14.306,completed
dff642b2-b4b5-49b4-8ae6-f48756230c3d,flywheel,1,2026-09-10 04:38:52.917,completed
39b266e8-0e7a-439f-a575-84f126415d6d,flywheel,1,2026-09-10 04:39:58.501,completed
66d71839-e774-411a-896e-1e68b493e42e,flywheel,1,2026-09-10 04:43:02.675,completed
51de46f6-5422-47ed-afeb-b0cb3a1e31f2,flywheel,1,2026-09-10 04:48:20.570,completed
9e620c82-0507-4953-a434-476a4d978f78,flywheel,1,2026-09-10 04:48:52.322,completed
8cade830-9c1b-418e-8556-4a900d31514c,flywheel,1,2026-09-10 04:49:02.991,completed
7d9c1ac5-36cc-46aa-9e72-50c3c6156260,flywheel,1,2026-09-10 05:25:18.936,completed
51bee062-8288-40fb-ba56-1ebe6bd1382f,flywheel,1,2026-09-10 05:32:58.760,completed
d96e61ab-9a15-47ad-8b8c-106a76f9a6c6,flywheel,1,2026-09-10 05:36:29.435,completed
c3d33b57-4106-4824-ac6e-5c140dfa4885,flywheel,1,2026-09-10 05:48:05.197,completed
76269505-fcf6-444e-84b5-6cdf076252cb,flywheel,1,2026-09-10 05:59:53.898,failed
054db913-0874-4f0f-9539-40c933e162b6,flywheel,1,2026-09-10 06:23:06.936,failed
291ac466-03c4-4209-9e62-7f6891431127,flywheel,1,2026-09-10 06:37:18.289,completed
db117c7e-599b-4ab3-9f9e-e2b4a94922c5,flywheel,1,2026-09-10 06:58:05.463,completed
537bdf0d-519c-4ec9-915b-5dbd24689cf0,flywheel,1,2026-09-10 07:20:24.689,completed
11abf2ab-43e3-4e19-935f-df964ae08a98,flywheel,1,2026-09-10 07:33:49.585,completed
7805a170-3fbf-4316-b06f-907af984ab77,flywheel,1,2026-09-10 08:07:28.716,completed
c0694503-1f85-425c-83ae-d37d3552c806,flywheel,1,2026-09-10 08:11:11.208,completed
62fd4a33-b152-4852-be4f-aa9ba03088b9,flywheel,1,2026-09-10 09:16:33.968,completed
0e19dbd5-cf3d-48d7-94a8-0c71d7cfb254,flywheel,1,2026-09-10 09:33:56.479,blocked
8ce5cf95-78e5-470e-a143-76a48f4e78de,flywheel,1,2026-09-10 10:27:28.313,completed
ef4ee5d2-4134-46e2-8002-e8a382967de7,flywheel,1,2026-09-10 11:19:12.569,completed
18f486ce-206e-4737-b849-194ed43d441f,flywheel,1,2026-09-10 11:31:51.869,completed
b0ea3638-10de-4f80-9e93-b27e0befb81c,flywheel,1,2026-09-10 11:58:17.694,blocked
914a44d6-6b29-4384-bcc4-5bb371bef23d,flywheel,1,2026-09-10 12:07:42.677,completed
fee1e17d-bf71-4b46-aba4-1491610adb76,flywheel,1,2026-09-10 12:45:24.641,completed
370c90bf-25ed-413f-9543-6886f10c25bd,flywheel,1,2026-09-10 14:17:28.107,completed
4b976344-2061-475f-a970-e18e9c3bbf7e,flywheel,1,2026-09-10 18:01:53.979,blocked
31f0b13d-0020-4702-9601-55a9e55b140c,flywheel,1,2026-09-10 18:58:21.633,failed
32e42494-3606-4ab5-98cf-15e91b5b7fe2,flywheel,1,2026-09-10 19:26:59.667,completed
353a4e26-d1a5-4014-a45e-e86af1b71833,flywheel,1,2026-09-10 22:13:21.438,completed
63b9ede3-70a8-44c4-9f36-68a5a1a31caf,flywheel,1,2026-09-10 22:17:48.587,completed
958bf78b-6e94-43a4-8626-1f74a6b03f91,flywheel,1,2026-09-10 23:34:09.183,completed
57b4aeec-e46c-4090-86b7-74f6e4176590,flywheel,1,2026-09-11 00:13:12.429,completed
25395f52-9007-4edd-af66-4aea594d2c19,flywheel,1,2026-09-11 01:12:32.677,terminated
9e7f71d7-349b-42c8-bef1-9d2761a59c18,flywheel,1,2026-09-11 01:39:45.544,completed
a6d41085-b015-4945-8cc3-0f54ee6b7148,flywheel,1,2026-09-11 01:40:47.540,failed
648b7fee-a62e-4d91-8fcf-fdaa103e0f68,flywheel,1,2026-09-11 01:41:45.595,completed
5b4fbd44-2dfe-4073-b7e8-f1fc501fea8f,flywheel,1,2026-09-11 01:41:59.489,completed
de9040d3-adae-49af-bb77-ae7549c8afee,flywheel,1,2026-09-11 01:43:00.856,completed
f073a538-f52a-41fe-9707-5a33fc4db167,flywheel,1,2026-09-11 01:43:17.379,completed
5dfaef7d-739c-46fa-bb21-2ef518f134e2,flywheel,1,2026-09-11 01:44:15.399,completed
11496e33-a3f5-4ed0-8058-69196a209280,flywheel,1,2026-09-11 01:45:26.225,failed
50f52a13-9b96-4f47-91ba-972dfc96f2f2,flywheel,1,2026-09-11 02:22:35.369,failed
a3826949-1f68-4c86-b4ef-a26275df9e14,flywheel,1,2026-09-11 02:26:44.394,failed
4414164c-5861-43a8-871f-91f2e3a02875,flywheel,1,2026-09-11 02:27:44.913,completed
400c3e30-912e-4216-9677-402ddb77abef,flywheel,1,2026-09-11 02:30:35.854,failed
82c8f446-3ccc-41ad-91ed-bec6a20d3b44,flywheel,0,2026-09-11 02:36:11.514,terminated
ffbfa6de-d4c9-4dc3-bcc0-68d5d3e52c7f,flywheel,1,2026-09-11 02:36:15.207,failed
43f3cc17-7e10-4a38-89ea-e89b32566ad7,flywheel,0,2026-09-11 02:37:10.191,terminated
1523a885-7ed0-465f-ab9c-07260964d4d0,flywheel,0,2026-09-11 02:37:13.732,terminated
270c2ed7-52ad-4ae5-b936-0446010f4f6f,flywheel,1,2026-09-11 02:37:17.557,failed
78dc37fa-291b-4ab5-919a-3676944bf263,flywheel,0,2026-09-11 02:38:12.216,terminated
43e9f960-4469-420b-b0aa-189a62ea7903,flywheel,1,2026-09-11 02:41:16.023,completed
d23463b3-41a7-46d3-8ae6-24dd0d061967,flywheel,1,2026-09-11 02:42:26.413,completed
b154084d-1995-44ff-8bd7-d0ba6ef872ff,flywheel,1,2026-09-11 03:00:23.738,completed
729895b2-e9df-4fb5-afd3-2e0999d169d0,flywheel,1,2026-09-11 03:06:05.458,completed
95c8eb87-1b28-4f50-a1fe-223fa76bd9d7,flywheel,1,2026-09-11 03:08:12.777,completed
bab5926b-fd80-4443-a966-949f92e448a5,flywheel,1,2026-09-11 03:19:17.668,completed
8638f6f7-10cf-49e1-b29d-9af3b96836ba,flywheel,1,2026-09-11 04:42:17.554,completed
5faad1ad-51fd-4d68-b291-dd1ecae984c5,flywheel,1,2026-09-11 05:50:59.188,completed
ab8c8dc2-d6f0-4413-b54b-78d3efadb614,flywheel,1,2026-09-11 05:55:57.892,failed
1d8888ad-6075-4a8a-a9f1-31597bd2930e,flywheel,1,2026-09-11 05:55:59.843,failed
941c997c-f266-4b1a-a739-4bfd3184eb1f,flywheel,1,2026-09-11 05:56:01.911,failed
663668f4-c323-4d10-84af-a6eef3e94edf,flywheel,1,2026-09-11 05:56:03.637,terminated
7e239079-df22-402b-81e9-8f10086e81a6,flywheel,1,2026-09-11 05:56:48.278,completed
7b4efd03-d28a-4263-b8bd-eff580ce5ba0,flywheel,1,2026-09-11 06:07:03.659,completed
636f0209-4eaa-40a2-ab32-52f0a317e0b5,flywheel,1,2026-09-11 06:27:13.656,failed
a495e165-b688-4a3b-b99a-ea301d58ddee,flywheel,1,2026-09-11 06:41:17.209,completed
f96964e9-77d3-4763-a164-eeec4a1d4d83,flywheel,1,2026-09-11 06:43:32.428,completed
0649716e-d5ff-4942-8dc1-f3ae3c244061,flywheel,1,2026-09-11 07:22:17.917,completed
7d86fff1-5fe0-460e-8ddf-906871349c7e,flywheel,1,2026-09-11 07:29:48.582,completed
22bfaf60-bdae-470c-8f88-35554d041bbc,flywheel,1,2026-09-11 07:42:28.092,completed
3eb07d95-95de-46af-9d58-7e39f2ef1477,flywheel,1,2026-09-11 08:03:47.038,failed
ff2d2277-77e8-4b4e-b043-95e7d2f5e49c,flywheel,1,2026-09-11 08:50:16.724,failed
cacc1cb4-bc53-425f-a416-99c6527f982a,flywheel,1,2026-09-11 10:19:45.810,completed
20b6582a-c6ff-42f6-9841-d171139c6c5b,flywheel,1,2026-09-11 10:20:59.198,completed
fa007b05-e9b6-47f4-9c37-807a7fa69c80,flywheel,1,2026-09-11 11:44:47.161,completed
75952ab7-fb47-4ed8-b11c-ae79f2f25072,flywheel,1,2026-09-11 11:47:34.288,failed
8f441633-1d26-432b-b8f9-b97de38c1e9c,flywheel,1,2026-09-11 12:36:41.675,terminated
eae6b863-4eb6-42a2-91f5-c5a680638a1a,flywheel,1,2026-09-11 13:35:10.897,terminated
5c52a4f5-3abe-454a-9161-0bb9bdce8a7c,flywheel,1,2026-09-11 15:41:56.248,completed
b46346ed-6cd7-483a-8a07-be14e4c70340,flywheel,1,2026-09-11 17:50:23.193,failed
5f043b76-010c-47f1-a260-7b29899d6d33,flywheel,1,2026-09-11 17:53:40.072,completed
ba65d004-4dfc-44ed-b1b9-cbb7b6379898,flywheel,1,2026-09-11 17:53:55.069,completed
73355249-8496-4730-917e-8dfed5b47387,flywheel,1,2026-09-11 17:54:08.720,failed
08f426f9-3609-4ea2-a72d-3ea8047aec58,flywheel,1,2026-09-11 17:55:16.775,failed
6fac6511-72f5-4c06-81ab-0869fe9b098d,flywheel,1,2026-09-11 17:55:52.246,completed
116c8a8c-ce23-495a-b793-a4dc936ffd4f,flywheel,1,2026-09-11 17:58:29.456,failed
547eabfc-2083-4d26-a629-29cbc748ae95,flywheel,1,2026-09-11 18:54:06.603,failed
5ff97d5d-5839-4541-b978-4dfc6daaa3cb,flywheel,1,2026-09-11 18:59:08.756,failed
81b34473-74e5-44c9-9cde-3862733e190c,flywheel,1,2026-09-11 19:00:11.247,failed
31fd9d4e-82bc-47dc-bd7c-1ca17288a8c7,flywheel,0,2026-09-11 19:06:31.059,failed
e12f70d8-d594-46c7-af0e-70818e605d75,flywheel,1,2026-09-11 19:22:45.475,completed
a3798de4-31b4-4764-89f0-56b74f62c73c,flywheel,1,2026-09-11 19:23:58.368,failed
0c9d626c-0633-45e1-bf2c-b130137a8504,flywheel,1,2026-09-11 19:25:06.600,completed
c5169833-2016-4f69-8a65-464ed42caad0,flywheel,1,2026-09-11 19:47:48.652,completed
6f0390f6-2279-40dc-b5d8-127cf5665385,flywheel,1,2026-09-11 19:59:45.154,completed
4e2631b4-2c92-4a82-b0c1-71c9cb0b4d2b,flywheel,1,2026-09-11 20:04:51.313,failed
ede9f695-4a50-4dd6-85c1-039e3e4cf85b,flywheel,1,2026-09-11 20:12:21.293,blocked
394a5661-3813-4f9f-b5c9-4fe9e69a29e9,flywheel,1,2026-09-11 20:16:52.998,completed
a70103de-89c4-4d2b-9d5d-c110e826477a,flywheel,1,2026-09-11 20:17:50.778,failed
60a40268-7daa-4d69-bee5-ba7087a80485,flywheel,1,2026-09-11 20:25:37.387,completed
27359e2d-5c6e-48ee-9ff5-c73d5f5bb11f,flywheel,1,2026-09-11 20:33:05.227,completed
dc5d3e71-2c14-4edb-b1a4-cd20f1babe10,flywheel,1,2026-09-11 20:34:17.997,completed
88183928-98b0-41b2-a110-2be36d53eed0,flywheel,1,2026-09-11 20:35:44.844,completed
86ddfa6f-cb01-47b2-9698-2bf01637b605,flywheel,1,2026-09-11 20:54:59.822,completed
7567ec71-69df-4d83-88ff-9eecaeb7bebd,flywheel,1,2026-09-11 21:10:45.494,completed
97f610a2-cd87-4f70-9bb6-4ad9b41f4bb2,flywheel,1,2026-09-11 21:18:54.364,completed
5dd14d3e-176a-4cb8-906e-49bd6e6f4000,flywheel,1,2026-09-11 21:26:42.810,completed
7678be37-2c1a-46ee-bc19-ba7f7e3356c0,flywheel,1,2026-09-11 22:30:31.591,completed
21f3edef-b9c5-45b4-8434-be0486566221,flywheel,1,2026-09-11 23:53:07.074,completed
7e389387-5f27-4020-9f1b-fd2a3574095d,flywheel,1,2026-09-12 17:42:40.555,completed
cd5ac76c-14d9-46c6-881f-ca89d931a3dc,flywheel,1,2026-09-12 20:40:31.691,completed
60853b9b-8254-4565-abbc-fd36de5388c5,flywheel,1,2026-09-13 22:14:16.132,completed
46d62e41-97e1-4a1c-bdd3-418a0e7cd4d5,flywheel,1,2026-09-13 22:19:03.471,completed
aa11b10a-984e-4aea-9beb-cb297447d841,flywheel,1,2026-09-13 22:30:34.550,completed
52f76cca-a3e1-4660-a509-99e6ab4fcf14,flywheel,1,2026-09-13 22:31:56.230,completed
423050f0-163a-422d-b1fb-898ad08aa1c0,flywheel,1,2026-09-13 22:32:16.036,completed
412485c1-93e3-4bbf-b228-b12410649347,flywheel,1,2026-09-13 22:32:37.802,completed
83998340-8beb-4ac9-9e8c-74890983cc7a,flywheel,1,2026-09-13 22:36:10.003,completed
42361efe-f452-42b3-9c03-dfe070ac5413,flywheel,1,2026-09-13 22:36:31.087,completed
50a6cf26-a76f-47c7-8864-519a16871c53,flywheel,1,2026-09-13 22:37:03.538,completed
a020e0f0-0ba1-402c-a0c4-e90aef085cd2,flywheel,1,2026-09-13 22:37:55.952,completed
9f167239-1266-45a6-aab2-e39fea820e72,flywheel,1,2026-09-13 22:39:03.237,terminated
5462869c-8d38-456f-b3aa-64ca9470a1d0,flywheel,1,2026-09-13 22:39:14.262,completed
4477b4c3-c5fe-40ed-a20f-d4d4a81f3248,flywheel,1,2026-09-13 22:40:13.981,completed
bd059dd0-9e6e-4dea-9411-4d987c6a8ed1,flywheel,1,2026-09-13 22:41:28.241,completed
dc9490b0-d51c-4bcd-ac33-cc1b32e9cd33,flywheel,1,2026-09-13 22:42:38.473,completed
a2caaf83-3892-4316-aab4-fe38de9df80b,flywheel,1,2026-09-13 22:44:00.509,completed
c241738a-053d-49bf-a702-d328508cd28a,flywheel,1,2026-09-13 22:52:25.027,completed
2504fd7c-9319-469a-878e-ae950989485a,flywheel,1,2026-09-13 22:53:37.110,completed
09d77f2a-eaac-4802-b6a2-fbc2c4d8d5a3,flywheel,1,2026-09-13 23:07:14.497,failed
43ccf597-ec67-4b85-acf2-4bbdf20b5005,flywheel,1,2026-09-13 23:08:36.624,completed
a44510ad-3ed6-4505-992a-f7ace7c1beea,flywheel,1,2026-09-13 23:09:33.593,completed
eb9fb39b-2fea-49bd-9fba-6d497a5ef678,flywheel,1,2026-09-13 23:13:02.654,failed
760e0d27-38aa-49a3-ba1e-c7b2562435b6,flywheel,1,2026-09-13 23:14:38.604,completed
bbf09e4a-8607-411a-aef8-7ea648b536dc,flywheel,0,2026-09-13 23:22:59.927,failed
676e4f36-b395-49b0-acd3-bc8ed18ef9ad,flywheel,1,2026-09-13 23:23:37.342,completed
e94e97d9-9d99-4496-8c56-e441b7e3966e,flywheel,1,2026-09-13 23:31:11.919,completed
e0198689-c8a0-4eb5-8853-e7f7009c20e1,flywheel,1,2026-09-13 23:47:04.296,blocked
1e02f10a-8e10-4f58-9790-dec0d6773375,flywheel,1,2026-09-14 00:16:17.686,completed
53be23fe-cd31-4c11-9d3d-0f2615bc1591,flywheel,1,2026-09-14 00:17:20.110,completed
f01fa466-5851-4069-baf1-0588e48db2d0,flywheel,1,2026-09-14 00:18:06.990,completed
40d9c289-a049-4f13-8ac8-87d20953f681,flywheel,1,2026-09-14 00:18:25.479,completed
d77ced29-2d3e-4e81-ab59-d0d23a3f13cc,flywheel,1,2026-09-14 00:20:22.501,completed
39a0cec4-33cc-43e0-b631-29009e43234d,flywheel,1,2026-09-14 00:22:56.451,blocked
58a92343-6399-4332-84f7-3091918832ae,flywheel,1,2026-09-14 02:16:16.810,completed
060ba69c-7801-4ee5-8a5e-1d3a46b2780d,flywheel,1,2026-09-14 02:19:45.438,completed
232ae276-94a9-4e37-9832-ff2504d6df48,flywheel,1,2026-09-14 02:26:17.712,completed
db82230d-eb3c-4288-b916-7449d712484a,flywheel,1,2026-09-14 02:30:23.888,completed
991e7054-6be0-4d78-b38a-deafafb3ae2c,flywheel,1,2026-09-14 02:39:37.993,completed
8999b4f1-c9ea-4a61-aa6d-cbaece3df39a,flywheel,1,2026-09-14 02:47:21.902,completed
b9021d4b-2a1d-4ea7-8251-148c01431b0c,flywheel,1,2026-09-14 02:51:15.995,completed
62ccc0c6-e83a-4b20-9433-2030f4d6ca08,flywheel,1,2026-09-14 02:56:19.786,terminated
3c3f3739-a0af-479e-9321-28286f884bc9,flywheel,1,2026-09-14 03:08:16.709,completed
5efac172-89ab-49c4-b533-7192008c6eb7,flywheel,1,2026-09-14 03:09:24.891,completed
c68863c8-4684-42a4-81c6-2685fba77c90,flywheel,1,2026-09-14 03:55:43.723,completed
14673044-d64b-4020-97f6-08c7060a989c,flywheel,1,2026-09-14 04:37:50.520,failed
fec18b2a-dc0c-41bf-b2fc-e3293935b655,flywheel,1,2026-09-14 04:48:48.225,failed
99ef435d-0e08-483a-8630-89f1819cfd31,flywheel,1,2026-09-14 04:53:31.133,completed
c5c755a3-c9e1-4bd4-a259-0dfd0dab197b,flywheel,0,2026-09-14 06:08:03.811,terminated
7f333430-7c96-405d-9f43-0117d69811f7,flywheel,0,2026-09-14 06:08:10.629,terminated
235a8c4b-ba35-424b-8f1f-2614c9d87d8d,flywheel,1,2026-09-14 06:11:01.333,failed
80243686-a66a-4bb9-a418-242490331a21,flywheel,1,2026-09-14 06:14:55.687,failed
78c54cd9-bf5d-4046-840c-648f9b50d3a9,flywheel,1,2026-09-14 06:28:20.185,failed
808cc626-e5a9-4e6e-a5a3-c0ff3722de46,flywheel,1,2026-09-14 07:31:25.668,completed
5e010293-1281-42d7-9f17-44530bc003ea,flywheel,1,2026-09-14 07:39:08.739,completed
4c428168-c403-4b03-b2b9-ffa47bf68433,flywheel,1,2026-09-14 07:40:23.521,completed
7c91b8b4-79e3-4f69-86f9-19e2ddbba845,flywheel,1,2026-09-14 07:41:37.644,completed
aceb4115-868c-48c1-9c58-76ca0783c3a2,flywheel,1,2026-09-14 07:44:03.342,completed
5b550282-9cd9-4d21-bdcd-e0e1ff959283,flywheel,1,2026-09-14 07:45:02.280,completed
b3ad6910-0961-461e-be16-39ad4ed7a3e5,flywheel,1,2026-09-14 07:48:12.654,completed
a4bbf994-d90d-4700-8d1a-90d365eb1e83,flywheel,1,2026-09-14 07:55:23.641,completed
ed0040d2-b967-4079-b8ce-f8aa2b23cf02,flywheel,1,2026-09-14 08:12:26.680,terminated
510a959d-3e38-428d-b9c4-872f82256482,flywheel,1,2026-09-14 08:22:05.080,completed
5e94780c-a1df-47fc-b0cf-c9a890fd1e33,flywheel,1,2026-09-14 08:34:43.586,completed
457898ca-54b0-4884-b289-2379c3accf37,flywheel,1,2026-09-14 08:34:57.213,completed
d95c3013-53f3-4219-a50c-b303f3da07e1,flywheel,1,2026-09-14 08:39:57.710,completed
eb7b6274-622b-43ba-999b-3c74e5fd9a8e,flywheel,1,2026-09-14 08:48:12.841,completed
80bd173f-d9fd-418c-9e77-09c337e5db6b,flywheel,1,2026-09-14 08:59:18.016,completed
084eb138-b641-472e-a045-c7019935957b,flywheel,1,2026-09-14 09:05:41.275,completed
b23182bb-6ec8-4db5-8a5a-880b8c72373a,flywheel,1,2026-09-14 09:06:54.645,completed
81f5a693-218d-449e-bfa4-415badf4b6e2,flywheel,1,2026-09-14 09:08:05.038,completed
165ad609-1d99-4795-81d6-d975f20c5b88,flywheel,1,2026-09-14 09:09:35.141,completed
c06913eb-bc4e-48b1-ac6b-050b4fe75186,flywheel,1,2026-09-14 09:47:48.873,completed
e5577948-0029-4b2c-b71c-837e32d195f5,flywheel,1,2026-09-14 10:07:21.196,completed
b39d60b3-6e25-413b-a78f-26539acd6201,flywheel,1,2026-09-14 10:15:10.626,completed
3e41382f-1047-428a-964f-15894a5f49d6,flywheel,1,2026-09-14 17:48:57.665,failed
d9a5e9d2-d52b-40df-aa34-07bd6fe0b0b6,flywheel,1,2026-09-14 17:57:29.035,completed
172975a6-c095-4c75-91c8-52bbb1e98c59,flywheel,1,2026-09-14 17:58:23.896,failed
26ed6f9a-32e7-47b5-a403-5167412977b7,flywheel,1,2026-09-14 18:16:33.711,completed
8b475206-ee86-4010-a54b-499b65cdac0d,flywheel,1,2026-09-14 18:45:53.160,completed
7821abed-48c0-42d4-b1a1-fc2330b05373,flywheel,1,2026-09-14 19:08:04.039,completed
ebb55498-f820-4e7e-a291-34bd9a7edb17,flywheel,1,2026-09-14 19:19:27.435,failed
6e76e8b9-4193-44c2-b3c0-4f385968403c,flywheel,1,2026-09-14 19:26:14.340,completed
cb8e7302-020b-4c36-a02c-9c254ceb8702,flywheel,1,2026-09-14 19:48:17.603,completed
d0d22d50-ad29-4742-89fa-ec5deaba968c,flywheel,1,2026-09-14 19:52:41.168,completed
248f073d-d4f5-4604-b6f4-adf7f6bd1730,flywheel,1,2026-09-14 20:06:13.918,completed
57fed70b-8c2e-4aef-9762-608633042ce9,flywheel,1,2026-09-14 20:08:47.051,completed
3f011ac5-8038-4be8-850e-0d04c022905a,flywheel,1,2026-09-14 20:10:12.866,completed
2808a4e8-3a86-439c-92ed-14d8fff60e2d,flywheel,1,2026-09-14 20:11:33.640,completed
bc207d35-86a6-43ee-bae7-81a84b9b2322,flywheel,1,2026-09-14 20:11:46.148,completed
43afc4c4-273c-4d1e-881e-4db0c0a62e82,flywheel,1,2026-09-14 20:12:17.439,completed
826be6d1-86f1-42a7-82b8-e9722ecb8553,flywheel,1,2026-09-14 20:12:47.124,completed
32f3bfa0-9e48-4d08-9a41-1957688f69fc,flywheel,1,2026-09-14 20:14:28.736,terminated
ddec1a1e-08f6-4bbf-bc0d-71a7cd36d234,flywheel,1,2026-09-14 20:14:40.538,completed
f9853998-68f5-411d-8509-924e36fbf775,flywheel,1,2026-09-14 20:16:12.180,completed
261cd4cb-172d-45b8-9591-b4aac9df4761,flywheel,1,2026-09-14 20:16:52.358,completed
9720d945-c5d0-45e7-8617-af42e80377ac,flywheel,1,2026-09-14 20:20:13.815,failed
4b67caf9-bfef-49f9-a0ef-8985c0b57510,flywheel,1,2026-09-14 20:28:11.614,completed
fb97eb44-4bed-45b4-9485-2ae7c70c84b7,flywheel,1,2026-09-14 20:35:37.769,failed
aea5195f-7ea6-4ee6-bf74-5e9f8e80ecb5,flywheel,1,2026-09-14 20:39:44.418,failed
c15d68d0-cf78-447b-a72b-1d7c8fc50b48,flywheel,1,2026-09-14 20:42:18.542,failed
44432ed1-8968-4cc8-a69d-fa35a468ff6f,flywheel,1,2026-09-14 20:45:18.675,terminated
2650c18a-f1df-42ad-a3e9-febc7d41db6e,flywheel,1,2026-09-14 21:02:42.529,terminated
9634227f-9dcc-4f2d-a856-0e35f2354b27,flywheel,1,2026-09-14 21:05:47.923,failed
8b2e28ea-325a-47d3-807c-deda7711bd5d,flywheel,1,2026-09-14 21:08:06.501,completed
deee84fc-829c-4bce-b805-4e86745c528f,flywheel,1,2026-09-14 21:12:28.501,terminated
ff8689fb-52e5-4d4c-9b0b-6559e3925c7a,flywheel,1,2026-09-14 21:17:29.882,failed
6fa79f8f-8a80-4c05-9044-3afdbdecfa07,flywheel,0,2026-09-14 21:17:42.100,failed
00c6a8e7-f99b-4c98-af58-6922fa8c59af,flywheel,1,2026-09-14 21:17:54.118,failed
1c0ff713-dd62-4915-bd11-eb9fbeef046d,flywheel,0,2026-09-14 21:19:22.967,failed
8393d435-f614-4bbb-968a-2049707dde67,flywheel,0,2026-09-14 21:19:30.776,failed
1b628ee9-6526-4378-acb1-6739d2479172,flywheel,0,2026-09-14 21:19:37.769,failed
b951a6d9-16a1-478c-aafc-5550b7687beb,flywheel,1,2026-09-14 21:19:41.586,failed
a65c8e5a-718f-4420-9ea5-738b8bdc69d1,flywheel,1,2026-09-14 21:20:42.841,failed
7bd2b0bf-18e6-4b4f-b5bb-533138c0d4d3,flywheel,1,2026-09-14 21:21:47.664,failed
7c3fe21c-753f-491e-a237-e1b20b2b6837,flywheel,1,2026-09-14 21:22:49.840,terminated
f2e17b6f-375e-4ab1-9d77-4365aee15c68,flywheel,1,2026-09-14 21:23:52.817,terminated
4a9a3115-fa0f-4372-b35e-5a42cd167c1a,flywheel,1,2026-09-14 21:24:57.191,terminated
d6271569-7d52-47f7-8664-7493dfce8581,flywheel,1,2026-09-14 21:25:59.621,terminated
ba8ff4f9-9b46-4fe2-9b01-cd09960cc60e,flywheel,1,2026-09-14 21:27:01.661,failed
74c33121-d488-4ac2-b42e-3956862edec3,flywheel,1,2026-09-14 21:27:15.775,failed
ed5ab970-743a-4e46-b8aa-efd5bd69a917,flywheel,1,2026-09-14 21:29:12.976,terminated
d91176c8-6e54-4cea-9a13-6c25ab86c69c,flywheel,1,2026-09-14 21:31:57.889,terminated
66198ccd-d2f4-4b08-8b7b-bac995f6c633,flywheel,1,2026-09-14 21:34:15.006,terminated
c3efcace-0a5c-4d0e-b87a-84a9d8553fd8,flywheel,1,2026-09-14 21:36:44.761,failed
b249e7ba-a5c3-4654-b610-557d4909e43c,flywheel,1,2026-09-14 21:38:51.881,failed
5427d0f8-95e8-4884-9416-a6425cd260a0,flywheel,1,2026-09-14 21:38:55.984,failed
1a2f5e36-837b-45c0-a5ae-0b0e543420cd,flywheel,1,2026-09-14 21:39:02.278,terminated
ddbd5df0-8ffa-44ff-aac7-fb6cb6ac329c,flywheel,1,2026-09-14 21:54:09.283,terminated
b3bbecc6-b14e-4b80-a87f-f939849afcee,flywheel,1,2026-09-14 22:39:07.482,completed
11030fc1-1f69-4917-ac0e-568717f07b90,flywheel,1,2026-09-14 22:41:27.462,completed
aa2c96b1-e308-406a-aba4-60ceb616f019,flywheel,1,2026-09-14 22:43:27.860,failed
9cb1f181-6216-4610-aea6-40f00750f8c5,flywheel,1,2026-09-14 22:44:20.648,failed
14b82a02-8b93-49b6-baaa-cce73d8a21c6,flywheel,1,2026-09-14 22:46:53.966,completed
5fb96d02-dcb9-47ef-bddb-42aa24778e09,flywheel,1,2026-09-14 22:49:10.328,failed
40a55a85-3d6c-452f-8f1a-cb9c452feb38,flywheel,1,2026-09-14 22:50:21.943,failed
d7945bab-3e73-440b-8226-8dcb34eef770,flywheel,1,2026-09-14 22:51:53.259,completed
4f6322e6-d736-4620-9e54-2d1b713f7e03,flywheel,1,2026-09-14 22:53:12.053,failed
1bd1c204-9034-4c16-80ef-3fb2c352d853,flywheel,1,2026-09-14 22:54:51.980,failed
0e907b0b-1c13-4ce9-80e2-aedb0511fab4,flywheel,1,2026-09-14 22:58:44.368,terminated
ff25fa7d-3047-4fe1-b6e3-93cbbde2be06,flywheel,1,2026-09-14 23:00:28.693,failed
e15da150-720b-4e99-abae-5fb694631c7d,flywheel,1,2026-09-14 23:01:53.592,failed
e70dc4e6-a421-4c2f-bc5b-37c80856a39d,flywheel,1,2026-09-14 23:09:22.658,blocked
90ffdd81-5308-4a34-aadb-8f7aea8e214d,flywheel,1,2026-09-14 23:25:34.204,terminated
9b57197a-a369-49c4-8c05-c8a616efa29a,flywheel,1,2026-09-14 23:28:51.517,failed
cbf822ad-dae7-4e68-9fa1-f2d6ec522df9,flywheel,1,2026-09-14 23:33:53.124,terminated
f80b61ca-bf3d-455e-8b7b-e6dd4f2b9585,flywheel,1,2026-09-14 23:34:58.179,completed
e4dc4bd8-1479-4036-9c66-ba636cc7edab,flywheel,1,2026-09-14 23:37:06.223,completed
2d543988-6387-477b-b0d9-655e2cbaaf76,flywheel,1,2026-09-15 01:15:56.425,failed
4cde77ab-692a-4609-b8df-21a99e2609d0,flywheel,1,2026-09-15 01:16:26.170,completed
9c482989-3044-4672-9110-1ccdd6b92c65,flywheel,1,2026-09-15 01:21:01.647,failed
7c2fdad7-b445-48be-9bb5-d3d6881f2fb3,flywheel,1,2026-09-15 01:22:14.082,completed
34a07f73-7397-4263-95eb-efec7299ffe7,flywheel,1,2026-09-15 01:23:21.561,failed
a78ea35d-ce17-4a49-a265-ac3ba6be4863,flywheel,0,2026-09-15 01:28:31.704,failed
b29f2cf7-440b-4826-a3ff-64a5f2968fb1,flywheel,1,2026-09-15 01:30:15.255,completed
490674ab-fca3-4199-9621-d7f7ad718b7f,flywheel,1,2026-09-15 01:42:28.163,failed
97463d7c-0d3f-4208-8df6-e693a00cdbeb,flywheel,1,2026-09-15 01:50:50.058,completed
618ac3be-4d44-4ab2-8bb0-4183d32533b0,flywheel,1,2026-09-15 01:52:15.623,failed
677c2df1-56be-483c-9b27-9887a5ba37ff,flywheel,1,2026-09-15 01:53:34.914,failed
b40aeee0-1bdb-4a5f-b3c9-82e9d2a536a1,flywheel,1,2026-09-15 01:57:12.311,terminated
c8f05c25-f596-414b-b765-fe746ef08d91,flywheel,1,2026-09-15 02:03:14.780,completed
1588d67f-d09e-4e1d-b37a-2307491117ed,flywheel,1,2026-09-15 02:09:08.868,failed
a46726c7-e5f9-4f92-ba6c-ecfdad628632,flywheel,1,2026-09-15 02:14:30.101,completed
504a7e76-2613-4063-81e0-d30fddaa5b93,flywheel,1,2026-09-15 02:23:12.589,failed
ea79a0eb-26f4-4eba-b7e4-3fb741a10994,flywheel,1,2026-09-15 02:54:48.540,completed
d490ae84-f848-408d-bfb4-fcad6b9ff64c,flywheel,1,2026-09-15 02:55:13.852,failed
f1084188-795a-4668-a230-0132b09f38c4,flywheel,1,2026-09-15 02:56:18.164,completed
55d674b5-d09c-485a-8989-6b2e8edaf153,flywheel,1,2026-09-15 03:00:30.347,completed
9e1f70b8-8f48-403a-a878-1b6c5660b695,flywheel,1,2026-09-15 03:00:51.527,completed
a537fa79-b9cd-4d1c-ba21-660894c63d3a,flywheel,1,2026-09-15 03:09:17.150,completed
24ac93cb-2fed-4727-a663-984ae50c707f,flywheel,1,2026-09-15 03:45:51.313,failed
4ee72bfe-e4a4-44d7-aa19-bcf5c0acd249,flywheel,0,2026-09-15 03:51:02.735,failed
70453c73-c423-4119-b5d9-314ba7ffd536,flywheel,0,2026-09-15 03:53:17.255,failed
3865c1fa-d6ac-4617-8f35-072d937b851a,flywheel,1,2026-09-15 03:54:34.969,failed
a3329052-7202-4316-beec-80cb0066fc5b,flywheel,1,2026-09-15 03:56:06.957,failed
f5769e00-2210-4f37-aa8e-53a34da6fc67,flywheel,1,2026-09-15 03:57:13.061,failed
f3aa1e50-5441-4ce1-b424-a92b75e5aa12,flywheel,1,2026-09-15 03:58:47.536,failed
cb691c0d-eb6e-43f2-b343-106204466ade,flywheel,1,2026-09-15 04:00:06.327,failed
fccf7d28-df10-415b-b77a-bf1a528a6a05,flywheel,1,2026-09-15 04:01:21.017,failed
6bd95652-bb85-4197-9387-1102fea07b2a,flywheel,1,2026-09-15 04:08:54.093,failed
4ed9ec0d-3fc5-484a-a2aa-0dbd7f9d1f05,flywheel,1,2026-09-15 04:12:52.498,failed
13366ff6-55db-441e-8777-ec7fd62bb1c5,flywheel,1,2026-09-15 04:14:18.155,failed
9b7b7504-b43b-4943-8b71-a310a301d6c6,flywheel,1,2026-09-15 04:15:39.776,completed
10238c22-89fd-456f-a122-4d7d3b172a37,flywheel,1,2026-09-15 04:16:56.932,terminated
b0b00296-0ff1-4b4a-9bac-d479633d08b5,flywheel,1,2026-09-15 04:23:53.056,completed
d3378115-c3f9-4133-b041-51c7119b498a,flywheel,1,2026-09-15 04:42:27.971,completed
c39505e0-286c-4763-93d5-afd8046fb7b9,flywheel,0,2026-09-15 04:46:52.098,failed
4b1aca13-45ba-497a-a46d-c0747b62f56a,flywheel,1,2026-09-15 05:28:27.392,completed
ecbac3ed-84ac-4a8f-8cde-592ebbaf1ae9,flywheel,1,2026-09-15 05:37:16.969,completed
1425d714-b549-4284-b0fe-116c5ff3e4a6,flywheel,1,2026-09-15 06:12:19.595,failed
394213e2-0101-4c15-ab9f-cec71cb42cc7,flywheel,1,2026-09-15 06:21:53.027,completed
39a7eb39-9fae-4990-a788-c0311d3074f2,flywheel,0,2026-09-15 06:50:13.438,failed
e6cae5c0-6c9a-448f-b5cc-eb3236dd7cae,flywheel,1,2026-09-15 06:51:51.141,failed
d929ec70-51a2-48fb-8fb3-731483ee4964,flywheel,1,2026-09-15 06:54:02.186,failed
51fed434-5760-4549-beb9-8462cca35165,flywheel,1,2026-09-15 06:55:14.006,failed
8ccefe69-9698-4ce6-902c-92bdbc0ade2a,flywheel,1,2026-09-15 07:14:28.592,completed
3657f99b-5dfb-47d8-b30e-85c61e8587c1,flywheel,1,2026-09-15 07:22:17.921,completed
d2ab41f3-6e52-46b4-8dce-a1f8b99d1028,flywheel,1,2026-09-15 07:27:34.694,completed
c7df5069-5a61-460d-a186-d9d6b6de4033,flywheel,1,2026-09-15 07:31:25.968,completed
ef3f3d08-a1ac-4ea5-b065-6e10a6f30a4d,flywheel,1,2026-09-15 07:55:21.321,completed
73bf6a1c-b3c8-4e98-acd0-203af23538ce,flywheel,0,2026-09-15 08:59:47.595,failed
399860e7-1a63-41c8-a2a3-a421ca765c85,flywheel,1,2026-09-15 08:59:49.571,completed
c01e162d-8175-4de4-8aa6-9a4dedefd7dc,flywheel,1,2026-09-15 09:01:37.735,failed
7136d48e-1954-4c4d-9e7f-b5cd5ddd98fe,flywheel,1,2026-09-15 09:02:42.805,failed
5dde386b-c560-4cd9-a0a6-8cf26ed28948,flywheel,1,2026-09-15 09:28:54.526,completed
e7078945-0319-45d9-b448-fd1d449cb06d,flywheel,1,2026-09-15 09:30:34.609,completed
ed10e862-368e-4e06-aae5-ef86e6f6178d,flywheel,1,2026-09-15 09:31:39.153,terminated
cbe26903-778f-45b8-b321-ee7fdd7cf06c,flywheel,1,2026-09-15 10:00:30.527,completed
702333ea-3aac-481f-9791-09038dab5119,flywheel,1,2026-09-15 10:40:14.688,completed
f1be2420-6ad8-4df6-a2a1-d0b089de8b67,flywheel,1,2026-09-15 11:04:10.685,completed
4a5e82c4-ce0d-4ea0-8788-a0891524165b,flywheel,1,2026-09-15 11:17:14.172,terminated
a98037b7-82aa-4512-abdf-0e7894602431,flywheel,1,2026-09-15 14:51:41.386,failed
3212f965-e60f-4d80-b406-5d90eee1c761,flywheel,1,2026-09-15 15:06:42.333,failed
652ca661-9bd2-4c23-8381-8b7df17ad3c2,flywheel,1,2026-09-15 15:22:30.822,blocked
23cca886-9113-4d5b-870a-25be85a91c93,flywheel,1,2026-09-15 15:27:33.424,terminated
dd5960a4-7410-4214-be63-490af5b837d0,flywheel,1,2026-09-15 15:28:20.381,failed
3436436b-2c43-445b-9f70-46fc0e060297,flywheel,1,2026-09-15 15:33:21.613,blocked
9467f713-775d-4861-bddf-797d78811efa,flywheel,1,2026-09-15 15:53:20.468,completed
cec3f253-ec78-4f11-8391-690669b76ab5,flywheel,1,2026-09-15 16:22:59.502,failed
e0c055e7-2e2a-4189-969a-d37d3109aed6,flywheel,1,2026-09-15 16:24:35.987,completed
bc8d9c0b-e70b-4c6e-b1d3-749d2a35c604,flywheel,1,2026-09-15 16:29:48.171,blocked
b84033d0-9025-421a-9888-7e00ae73617c,flywheel,1,2026-09-15 16:32:02.911,blocked
b1c0563e-580f-4458-ad50-ff565e8f0227,flywheel,1,2026-09-15 16:33:17.894,failed
75c8f7dc-b318-415e-a6e5-6a6fa78bd169,flywheel,0,2026-09-15 16:33:59.183,failed
8f0094ab-833f-4bea-9588-3e9b35dd23f6,flywheel,1,2026-09-15 16:34:43.698,completed
65fc7378-071e-4ad2-ba38-a100a5377f9e,flywheel,0,2026-09-15 16:41:19.344,failed
5a5dcbc9-e8cc-4f02-91a7-e188e70bdef4,flywheel,1,2026-09-15 16:54:32.785,completed
f335cac6-4eaf-49ea-b55c-d49f6f19a7eb,flywheel,1,2026-09-15 16:58:13.280,completed
416c3ad6-a5d4-4f92-9d6b-f6da1267d1eb,flywheel,0,2026-09-15 17:29:02.919,failed
468cb81a-45ec-4b4c-9750-54619e4c5a5f,flywheel,1,2026-09-15 17:34:51.454,blocked
5a9bd5d0-17ad-4940-8a67-03ff9b67e092,flywheel,1,2026-09-15 17:51:29.627,completed
556ebb26-b073-4738-972e-49346f50031b,flywheel,1,2026-09-15 18:11:39.159,failed
fc75c116-07f5-4138-9c4f-1bb379472d89,flywheel,1,2026-09-15 19:06:21.145,completed
e1c312a9-450b-454c-8d08-38c43b5042a9,flywheel,1,2026-09-15 19:07:36.594,completed
067fa75a-3b94-4de5-a70a-f157147e9b45,flywheel,1,2026-09-15 19:08:00.831,completed
dd06029c-72fb-4fc9-8835-bd7dc63aeaff,flywheel,1,2026-09-15 19:17:07.371,completed
9717d3d2-2b4d-4010-af6f-09be6211079a,flywheel,1,2026-09-15 20:28:41.105,completed
318d4b63-ade4-4dc5-86cc-0721d89b42a2,flywheel,1,2026-09-15 22:41:39.070,completed
ebcec2a7-d8c7-4bac-9235-7b249fa67426,flywheel,1,2026-09-15 22:43:57.218,failed
1ad1f5f8-8ce8-4941-8279-875e86f96680,flywheel,1,2026-09-15 22:47:57.679,failed
f876035f-11b7-4f8d-9bdc-78583470a929,flywheel,1,2026-09-15 22:51:53.791,failed
01da7149-4a30-4df6-a0e5-da007ecbcd32,flywheel,1,2026-09-15 23:05:57.609,failed
9af3eba7-5085-499f-a5c0-6bf6d1f76632,flywheel,1,2026-09-15 23:12:58.333,failed
d1d441e4-3da9-46c2-b38e-2d79dabd6068,flywheel,1,2026-09-15 23:14:28.446,failed
c85050f4-c3c6-45fd-a0e5-3734684ecff8,flywheel,1,2026-09-15 23:19:29.298,failed
f1f8d8cb-483c-477f-9b3d-07e2071de991,flywheel,1,2026-09-15 23:34:29.514,failed
a70a514f-5882-4bc0-aa0e-c4d5002f01df,flywheel,1,2026-09-15 23:56:33.234,completed
93e1ef68-1afa-459a-a0d1-d52eb4ad7a2e,flywheel,1,2026-09-16 00:12:04.901,completed
538b06e0-f103-4b68-ad84-96f38d677bbe,flywheel,1,2026-09-16 00:24:45.587,completed
bf21d6f3-e068-45d2-95aa-9c53153faf1a,flywheel,1,2026-09-16 00:25:42.325,failed
6b816bed-feff-4b05-994a-3b959391840a,flywheel,1,2026-09-16 00:26:31.069,completed
e518e773-6bb0-47ab-b17c-500a44fe2775,flywheel,1,2026-09-16 00:33:36.121,completed
95281478-5f33-4772-8fd0-c3f98ed718bf,flywheel,1,2026-09-16 00:53:16.574,completed
dd57b466-0a26-4d51-b32f-726ae6e3d311,flywheel,1,2026-09-16 00:59:13.086,completed
fabd68a3-0b4c-4315-83b6-83a26d7a9046,flywheel,1,2026-09-16 01:11:50.132,failed
e059729e-9960-4b78-80c1-70b28214852f,flywheel,1,2026-09-16 01:55:17.615,failed
d68a606f-b7d1-496e-8183-bbe3c27f1e48,flywheel,1,2026-09-16 02:18:20.287,completed
056f45db-f535-4eda-98e1-e4f7e39588c0,flywheel,1,2026-09-16 02:38:19.461,completed
14d1a745-a11b-4428-a1ec-50dc4bcd93c7,flywheel,0,2026-09-16 02:38:45.340,failed
03e9aa3e-96be-41ed-a1bb-7c6f2cf8f3de,flywheel,1,2026-09-16 02:39:48.644,failed
dc0d2010-e9b2-4d9d-ba35-66d22c00c912,flywheel,0,2026-09-16 03:02:19.838,failed
e1829cb5-a636-43d6-8e03-623eb54d4d57,flywheel,1,2026-09-16 03:06:18.395,completed
fa22d94c-042b-420f-99f3-5b9518b99e46,flywheel,1,2026-09-16 03:13:14.491,completed
b9b78aa2-997a-470c-aa55-418235e05bf1,flywheel,0,2026-09-16 03:22:50.524,failed
c4138e92-aadf-416c-a1b0-d5b384d06f57,flywheel,1,2026-09-16 03:30:01.773,terminated
76ffba1b-7d17-4e95-a0cc-5dfd7a06dbd3,flywheel,1,2026-09-16 03:35:13.461,failed
bd5809a1-0069-4e41-9571-914f80847be6,flywheel,1,2026-09-16 03:38:51.329,failed
17829ab7-7067-4c1b-8c79-34b51757e96f,flywheel,0,2026-09-16 03:41:33.976,failed
ba143787-b612-40e6-9b9c-86ce31c70062,flywheel,0,2026-09-16 03:44:28.648,failed
53863018-a864-4190-b45d-bac15c630a4e,flywheel,0,2026-09-16 03:45:58.599,failed
2f2f6441-598c-44ee-a057-33d77b0f5932,flywheel,1,2026-09-16 03:57:39.467,completed
5c2f5ba2-c87b-427b-8551-bc43c6687df4,flywheel,1,2026-09-16 03:59:10.752,completed
d54d7422-472a-4f48-882b-0ce4fb056027,flywheel,1,2026-09-16 04:26:30.161,failed
813e97ef-8bdd-452c-85a5-0454e7452a0d,flywheel,1,2026-09-16 05:00:18.778,failed
8575b98f-ea64-4ae1-b0e0-8f6fcc9a3c36,flywheel,1,2026-09-16 05:01:27.387,completed
35b23197-342c-4f5f-b506-7cad0b175e93,flywheel,1,2026-09-16 05:43:58.444,completed
219d2ef5-d60b-4b76-b66e-a4a066463fdf,flywheel,0,2026-09-16 05:57:15.142,failed
08539139-5a21-4f32-a59e-e0bc3a54e944,flywheel,1,2026-09-16 05:58:50.868,completed
0b2356d0-2de7-4d63-ac87-3b648177f8cd,flywheel,1,2026-09-16 06:06:35.115,terminated
41b90fe5-6c8b-483a-b3d4-220e360577ba,flywheel,1,2026-09-16 06:10:48.466,failed
e34f8d15-815a-496b-b696-7e1ee23b3247,flywheel,1,2026-09-16 06:25:54.260,failed
e2e6ac15-e29b-480c-b372-09a9f9851ef5,flywheel,1,2026-09-16 07:09:12.267,failed
7a4c9ce4-59b8-47ca-8231-9cade3ad0790,flywheel,1,2026-09-16 07:15:39.070,completed
8bfd37f2-7fb3-442c-9e4b-ea777757a207,flywheel,1,2026-09-16 07:59:21.493,completed
05cc03de-2398-4204-b765-c13fb9e47e75,flywheel,1,2026-09-16 08:04:53.804,completed
cbdae0bc-2819-4300-98ee-0197c0cbbd8e,flywheel,1,2026-09-16 08:07:31.302,completed
9ce407a3-d956-45c0-9abb-6d36b8fc56c2,flywheel,1,2026-09-16 08:07:33.373,completed
4969a1b7-7374-4d31-ab10-d2a6ae63376e,flywheel,1,2026-09-16 08:10:11.265,completed
af2ed011-5d6b-40b7-bdcf-1ecbeb3e3a65,flywheel,1,2026-09-16 09:00:28.892,completed
823730c9-5476-4677-b2f1-634bb0192302,flywheel,1,2026-09-16 10:14:42.459,completed
56cd8c01-fa9b-4265-aaa1-b62b1ed00c1c,flywheel,1,2026-09-16 10:58:06.589,completed
ae550b58-2a04-4fc1-9811-3c31d9889ca2,flywheel,1,2026-09-16 11:05:04.909,completed
09a3fba0-4f77-4d2b-8330-32b2f11222a6,flywheel,1,2026-09-16 11:24:11.164,blocked
6962d5f9-c206-449e-bedd-4e0415405a94,flywheel,1,2026-09-16 12:10:04.332,completed
39d9b1ba-b170-44cc-95c3-222dd6821c6e,flywheel,1,2026-09-16 13:02:46.241,completed
414bf9c9-4789-4752-bbe2-ac0f8d19c7b2,flywheel,1,2026-09-16 13:07:05.209,completed
872afadc-bee7-4cc8-8ebf-4f0fb48f709c,flywheel,1,2026-09-16 13:52:14.708,completed
23fa4549-7e22-400c-ad32-f32f34c60ffa,flywheel,1,2026-09-16 16:20:26.766,completed
3e134b5a-8c1f-4e29-9fce-f222a42db889,flywheel,1,2026-09-16 16:35:58.251,completed
60f9708f-a419-4e4b-b674-fadc817d84ae,flywheel,1,2026-09-16 16:48:51.600,terminated
19863e2b-bfec-45b6-96b5-d69459efbffe,flywheel,1,2026-09-16 17:16:12.307,failed
4e337348-c7f6-459a-8446-4eacf75077b2,flywheel,1,2026-09-16 17:30:41.768,completed
8d6ce1b0-7336-4ef8-9b3f-f8160197b5fb,flywheel,1,2026-09-16 19:08:57.377,failed
f6ad8105-be75-44f3-8444-832f460d4646,flywheel,1,2026-09-16 19:14:26.509,failed
5bdb9764-2f0c-4c39-a1a1-6abd95d5a5dd,flywheel,1,2026-09-16 19:16:08.926,failed
6b4c1aba-74c5-4ad1-adca-8394204eed71,flywheel,1,2026-09-16 19:59:19.573,completed
3061f1f5-f36f-4c1c-8d2a-488e25485613,flywheel,1,2026-09-16 20:06:07.933,failed
670d35fe-9418-4c90-9aa5-08042d92fa3a,flywheel,1,2026-09-16 20:07:15.182,failed
7a75a595-3951-4b83-a009-b85e14cad2d1,flywheel,1,2026-09-16 20:44:17.693,failed
3c8f5b67-1cb2-49a7-a764-e2e0ee2d038b,flywheel,1,2026-09-16 20:54:14.722,completed
6ff758bb-288a-4516-b297-664e111a9b63,flywheel,0,2026-09-16 20:55:59.201,failed
8d656f51-ec84-4bd4-b591-701da40930f9,flywheel,1,2026-09-16 20:56:05.140,failed
fd4710db-0204-40d8-8855-2f9f4aa95744,flywheel,1,2026-09-16 20:57:18.356,failed
ca1c8038-3a37-4e86-b132-839db0a4c157,flywheel,1,2026-09-16 20:58:17.006,completed
153dfa8a-d17a-484d-9d48-cbe00822414d,flywheel,1,2026-09-16 20:59:13.603,failed
966274b3-2c4a-4302-a6e6-578f2b24da82,flywheel,1,2026-09-16 21:04:20.368,completed
0f7e51d4-a3ac-4bcd-aed9-3d93ea726470,flywheel,1,2026-09-16 21:05:17.975,blocked
71e56883-2b38-45a8-9f2d-4dd9b6b6f80b,flywheel,1,2026-09-16 21:06:23.628,completed
66d07235-a624-400c-8bce-fa53cb26bf3b,flywheel,1,2026-09-16 21:07:27.157,completed
322ec984-e5d4-459d-99f2-25d70f3fbe29,flywheel,1,2026-09-16 21:09:33.238,completed
89b3e092-8777-4ae5-a815-4a90970c1d02,flywheel,1,2026-09-16 21:13:36.204,terminated
b019c240-a6e5-4c1d-b7c5-cd7562f892d9,flywheel,1,2026-09-16 22:58:02.753,completed
3bfdc6b2-5d9e-4bf1-9a37-05da309619ef,flywheel,1,2026-09-16 23:21:42.369,completed
6f880aac-46c4-4d2d-858d-7d6301f9ef5a,flywheel,1,2026-09-16 23:26:45.770,completed
ec2739f2-2e67-48bd-a4f1-b94ba6b37d6f,flywheel,1,2026-09-16 23:46:59.473,completed
e84a9b57-fa8a-4077-91dc-e0885577de76,flywheel,1,2026-09-17 00:48:44.500,completed
ecd3c21f-2a83-4be3-928d-541dcf0d03de,flywheel,1,2026-09-17 00:55:20.984,completed
0cd35ab1-062f-4f15-8d8f-51a684218e8b,flywheel,1,2026-09-17 02:43:10.039,completed
aa84ac09-75fa-433a-8633-0f9c4fe10172,flywheel,1,2026-09-17 02:48:33.695,completed
92f20bef-28e5-4dfa-bf2f-1ee64ead6e68,flywheel,1,2026-09-17 03:23:50.722,completed
d0a62886-1831-4402-b5b3-49173d43525e,flywheel,1,2026-09-17 04:00:51.460,failed
daa21150-7eb5-43b5-83bb-f646bef2b7b4,flywheel,1,2026-09-17 05:12:09.572,completed
bccfbee3-2b91-4ea8-9743-a204b0fe442e,flywheel,1,2026-09-17 07:59:24.662,completed
75a72def-9c6a-4f20-a3cc-318f5d4eff9c,flywheel,1,2026-09-17 09:02:41.398,completed
fd767919-239d-4f08-beb1-ec55e6e4aa20,flywheel,1,2026-09-17 12:36:58.140,completed
f2a635d7-700c-48bd-97aa-8cde8eeb55c0,flywheel,1,2026-09-17 18:58:32.748,completed
0238f1f5-004f-4bf8-a93d-2eef9a7dc892,flywheel,1,2026-09-17 19:07:45.686,completed
782d2801-9d09-462a-aee2-c2a4f400504f,flywheel,1,2026-09-17 19:09:16.546,failed
34627a91-90da-4f99-a1c5-79149cc00848,flywheel,1,2026-09-17 19:10:45.978,completed
f8e4af62-14ac-44af-9067-b75f944a54d1,flywheel,1,2026-09-17 19:11:56.624,completed
8c0960c0-9423-42d9-8e82-1f3873cc0d6f,flywheel,1,2026-09-17 19:12:01.368,completed
1b9496f4-ed99-48d7-a664-5e89af0b5183,flywheel,1,2026-09-17 19:12:06.554,completed
b0402019-5e1f-4fa4-aba0-08b349dcac55,flywheel,1,2026-09-17 19:36:20.547,completed
5dfe3ccb-3e4e-49c2-8dcf-36d31705bc98,flywheel,1,2026-09-17 19:44:59.415,completed
3de59666-126c-4bbf-8e04-b3714a01c0ef,flywheel,1,2026-09-17 19:45:09.982,failed
a3d9ec8a-9a15-4e16-ab12-d500f66d0292,flywheel,1,2026-09-17 19:46:10.518,completed
62a79193-8aba-4091-81ad-7d665ab7b78f,flywheel,1,2026-09-17 19:47:39.084,blocked
fd1238b7-42da-4d48-845a-a239201455c0,flywheel,1,2026-09-17 19:57:53.745,completed
0d4a33b8-c99f-4f0f-b9cc-8d240a33458f,flywheel,1,2026-09-17 19:58:04.156,completed
4db3d52d-0af0-4ea3-9a64-aa32fcb64b85,flywheel,1,2026-09-17 20:04:04.402,failed
dc47ba20-d9f4-426e-9426-6feadc99c9a4,flywheel,1,2026-09-17 20:09:32.509,completed
8f4da583-8cce-429b-9132-45002708d6d7,flywheel,1,2026-09-17 20:18:49.673,failed
09514e4c-a0dd-4f3e-9650-5c648dfc04c8,flywheel,1,2026-09-17 20:30:41.990,completed
36564f5e-e336-40ca-a9e2-aec7fc95932a,flywheel,1,2026-09-17 20:48:04.311,failed
3467cd1d-3cb4-4901-b25c-ffd93486c42e,flywheel,1,2026-09-17 20:48:16.285,blocked
faa6b7d5-252f-49d3-a025-4f971fdb7dd0,flywheel,1,2026-09-17 20:50:04.495,completed
50c052e8-6420-4509-97a3-7be822fb2e2c,flywheel,1,2026-09-17 20:54:27.530,completed
7f2ca393-f0c3-491d-99e2-bba77d6afbb4,flywheel,1,2026-09-17 21:08:56.864,completed
3fa84202-a438-42d0-a9f2-4af8e9ea0be6,flywheel,1,2026-09-17 21:27:49.655,completed
1e8df3e7-bd8b-4fa6-b81f-32639c853e66,flywheel,1,2026-09-17 21:53:59.635,blocked
c62db952-d307-4042-83b2-f49fd7fb5621,flywheel,1,2026-09-17 22:00:42.309,failed
56f2831e-84ca-400d-b279-6349c5756623,flywheel,0,2026-09-17 22:06:40.538,failed
08a7ebf8-2ee0-4a2d-96a1-69269df3508a,flywheel,1,2026-09-17 22:15:06.136,failed
cbeb7bd9-171f-4f25-94fb-0f812edc7cac,flywheel,1,2026-09-17 22:21:22.758,completed
709c463b-3643-4f60-aa79-4a1ccf445514,flywheel,1,2026-09-17 22:24:57.603,failed
c78ebfb8-8a70-4697-b0ad-03615cf220c6,flywheel,1,2026-09-17 22:25:20.752,completed
89611068-cd78-49c6-a2eb-2560ab098085,flywheel,1,2026-09-17 22:25:56.981,completed
fe108a3c-6423-40c0-a69f-9aedc1691acf,flywheel,1,2026-09-17 22:29:01.735,completed
36aa918b-29eb-4d0c-9c51-5f36bc28938f,flywheel,1,2026-09-17 23:08:34.882,completed
31d7e809-16a8-47ef-a62d-c65afdca7250,flywheel,1,2026-09-17 23:28:12.420,completed
62c160f4-3a41-4b0b-8248-dd796a9d4d28,flywheel,1,2026-09-17 23:49:10.835,failed
f5d5cbf5-ad56-4cd6-89ab-e68f1de6dd5d,flywheel,1,2026-09-18 00:02:13.445,failed
36d4718f-0bae-4f9f-aa69-f77c70cb7465,flywheel,1,2026-09-18 00:04:47.516,failed
ef3015a7-5f1e-4134-ab13-3d3697177805,flywheel,1,2026-09-18 00:24:22.347,terminated
1c73dd31-03dc-4c7f-bce5-76b466f0c7eb,flywheel,1,2026-09-18 00:35:17.310,failed
4b8e150d-ef55-493a-87c6-9afcbea56c8a,flywheel,1,2026-09-18 00:40:33.663,failed
4935629b-b080-4a29-8c18-d185cd687dcb,flywheel,1,2026-09-18 00:41:49.317,completed
105f1938-10fb-4303-947f-1d8ad95f4fe4,flywheel,1,2026-09-18 00:42:20.918,completed
2bb3cddc-adc6-4e18-9e0d-ffffa2a68a14,flywheel,1,2026-09-18 00:44:50.964,completed
196865ef-5793-4c95-8212-eb3ee7bc2f60,flywheel,1,2026-09-18 00:53:06.407,completed
e5888c98-5073-4c27-8d47-b64d358dec82,flywheel,1,2026-09-18 01:02:56.676,completed
690c9038-0366-452b-9974-e200d65cc372,flywheel,1,2026-09-18 01:21:36.103,failed
0859acee-26e4-4814-ae59-9e6d08045648,flywheel,1,2026-09-18 01:27:38.339,failed
ac97f760-0d07-4351-b721-90cb347ea9e4,flywheel,1,2026-09-18 01:32:48.600,completed
a119279a-1a0e-48ea-b792-d85b8ad1d1eb,flywheel,1,2026-09-18 01:33:16.711,completed
95960969-f1e6-42b0-ab65-43ef9cf38c7d,flywheel,1,2026-09-18 01:34:14.657,failed
46e69c06-0026-423d-b6b9-e241b2e6fb72,flywheel,1,2026-09-18 01:35:37.389,terminated
33b0dfec-fc84-4a02-9cb0-8475d3b85e01,flywheel,1,2026-09-18 02:07:12.108,terminated
eef8a73c-c361-4538-b743-5bfde30e4d90,flywheel,1,2026-09-18 02:07:33.245,failed
f2a1f1fe-ed33-4d2f-9b86-2d3fec6941e2,flywheel,1,2026-09-18 02:11:11.334,completed
fa274517-9f07-42a8-9a27-61b57c8ee4e0,flywheel,1,2026-09-18 02:38:17.624,failed
e9ffa784-0619-42b9-a566-dc210f8983bc,flywheel,1,2026-09-18 02:39:27.957,failed
b735f148-f10d-45fb-87fa-91bfddf2359f,flywheel,1,2026-09-18 02:40:22.433,failed
2d58c10a-30a6-4a7c-8753-e47ec2f23197,flywheel,0,2026-09-18 02:41:15.858,failed
9de3909a-24b2-4d54-a5e3-14036c72ca12,flywheel,1,2026-09-18 02:41:18.444,failed
fac504fa-148f-4b6c-80bf-e7b5a042e6a5,flywheel,1,2026-09-18 02:42:14.449,failed
830c09f6-fc62-4e7d-aafc-0c6d7e48adfd,flywheel,1,2026-09-18 02:43:08.688,failed
46afdd2e-8021-478c-8e15-f874066155af,flywheel,0,2026-09-18 02:44:03.598,failed
18a74711-5b8a-4368-b03c-390e7c4ad30b,flywheel,1,2026-09-18 02:44:07.846,failed
ff8e7fb9-79e1-4b89-814e-6f0cf52c57cc,flywheel,1,2026-09-18 02:45:03.517,failed
b9617d6d-41d0-4a0e-bc79-264c28ed81e3,flywheel,1,2026-09-18 02:45:57.413,failed
ecacec3f-12aa-45c1-acb5-757a0fbc0967,flywheel,1,2026-09-18 02:46:51.219,failed
63ad329b-75a1-4d81-b30b-6263c48f2df2,flywheel,1,2026-09-18 02:47:44.226,failed
7de51d8b-8be9-4abb-979c-7f3222e22cfd,flywheel,1,2026-09-18 02:48:38.241,failed
0675c666-df02-4bbe-86e0-685d29687e2e,flywheel,1,2026-09-18 02:49:32.314,failed
6a7f58f9-138f-47e8-b9ae-8540137ccca4,flywheel,1,2026-09-18 02:50:26.687,failed
f57fd153-a062-45e8-b86b-207d699be2ff,flywheel,1,2026-09-18 02:51:20.806,failed
33d42052-aa31-442b-b82b-eb05837350f9,flywheel,1,2026-09-18 02:52:16.759,failed
f07dea27-9fc5-437c-91fb-7869b6989e32,flywheel,1,2026-09-18 02:53:10.436,failed
12451b00-c1c3-4836-bbe9-1fec89759af5,flywheel,1,2026-09-18 02:54:05.046,failed
152a44e6-1c1d-4e9c-b478-8cf5026d216e,flywheel,1,2026-09-18 02:54:58.959,failed
3f7b3165-c939-4d17-a555-cc4095b4c08f,flywheel,1,2026-09-18 02:55:52.646,failed
5ef0f770-67a6-46d9-bed0-933e3ef8ddc0,flywheel,1,2026-09-18 02:56:52.425,failed
dd375653-5bf1-40fb-bd03-2f620915db73,flywheel,1,2026-09-18 02:57:46.427,failed
3d5e3ad9-62c2-4581-a9b9-863761d5d276,flywheel,1,2026-09-18 02:58:40.027,failed
7d7e55e1-5813-4988-8e87-2dc68e532d0f,flywheel,1,2026-09-18 02:59:33.671,failed
52f0814e-5525-4ffb-9f29-04d7e7cd27ba,flywheel,1,2026-09-18 03:00:29.684,failed
1c15f611-dbfc-4f79-a45e-ede632bc70d0,flywheel,1,2026-09-18 03:01:25.883,failed
c7dd69dc-5ef9-4232-ac64-7bdb91a2c8a3,flywheel,1,2026-09-18 03:02:19.447,failed
7553c3bd-adbf-4432-b86c-31c4f73eb7bb,flywheel,1,2026-09-18 03:03:13.494,failed
051aa43b-ef0c-412f-8130-c6a231798263,flywheel,1,2026-09-18 03:04:07.487,failed
f6274caf-1bb9-43b2-b8d9-74dd5014854b,flywheel,1,2026-09-18 03:05:03.946,blocked
c1ab5587-a8fc-4c19-9724-83a161b55ab8,flywheel,1,2026-09-18 03:05:57.881,blocked
5458eb7c-e38b-46b5-95c4-2a5d5aa9c496,flywheel,1,2026-09-18 03:09:11.022,blocked
032b2026-c208-4b44-83aa-97d13250aae5,flywheel,1,2026-09-18 03:10:11.967,completed
104a604c-2ac1-40f3-94b1-f78f7be924ef,flywheel,1,2026-09-18 03:11:01.816,completed
c14f61dc-e8cb-4a08-9d9d-554ed58740c2,flywheel,1,2026-09-18 03:11:06.671,completed
5ca36a85-fba6-4a2c-958f-f3a5653a4bd2,flywheel,1,2026-09-18 03:11:33.063,completed
7b131c44-49cd-405e-bd96-0d4a6b4089c8,flywheel,1,2026-09-18 03:11:37.576,completed
04cd13a3-1567-40f7-93c7-e6cded84609d,flywheel,1,2026-09-18 03:11:42.698,failed
b309fb9c-493c-4893-81ba-7248bcde4d30,flywheel,1,2026-09-18 03:14:04.645,failed
46fd3551-4dc5-4533-9702-14ddc64cec87,flywheel,1,2026-09-18 03:14:09.742,failed
286a1527-4b51-46ec-b4f3-9279d5fecdfa,flywheel,1,2026-09-18 03:14:18.183,completed
87b554b8-f83b-44c5-8f7d-bf560202e82f,flywheel,1,2026-09-18 03:14:24.154,failed
18d7e3b1-7e70-4c55-93f2-1d580f71a78a,flywheel,1,2026-09-18 03:14:28.689,failed
65f86cca-b3f7-4cbd-a9c2-2a16b2c8ebdd,flywheel,1,2026-09-18 03:17:26.724,failed
17d55d2c-a126-44b4-a9f4-4c09a44a1ff9,flywheel,1,2026-09-18 03:20:03.150,completed
4cad96ff-be62-4167-b096-33eada46b7ef,flywheel,1,2026-09-18 03:27:45.664,terminated
6eacd20b-d780-467c-9da9-b9c7163099e7,flywheel,1,2026-09-18 03:40:39.434,completed
e3cbf673-22b6-421a-9cb8-0e271f351a46,flywheel,1,2026-09-18 03:44:23.006,completed
c013852c-d0df-4522-a21a-a28672973551,flywheel,0,2026-09-18 04:06:53.123,failed
8885f2b0-87b1-4283-9897-984309d96787,flywheel,1,2026-09-18 04:35:56.673,failed
401aae58-189b-4366-9713-6ad75abee8ec,flywheel,1,2026-09-18 05:54:48.964,blocked
8ca42b23-e25c-497e-b623-deaef413b86e,flywheel,1,2026-09-18 05:57:35.120,completed
5fa1243d-0a7a-4f86-9fd6-44406326bced,flywheel,0,2026-09-18 06:02:29.790,failed
9255e3a6-0733-41e4-b3fc-bceb30d607e5,flywheel,0,2026-09-18 06:09:38.420,failed
470bc384-92dc-4a27-8417-f759062451c2,flywheel,1,2026-09-18 06:09:44.620,completed
2ab6bb28-a99a-4ca9-95e9-bc10a3f0443f,flywheel,0,2026-09-18 06:14:11.159,failed
1aa872fe-73c8-4073-80b6-297ecdedb462,flywheel,1,2026-09-18 06:42:32.859,completed
892c5e36-46d0-4cae-a424-5e8a163fa898,flywheel,1,2026-09-18 06:43:56.278,failed
7a2ef123-f948-4ab1-a062-3745a356b44c,flywheel,0,2026-09-18 06:45:48.238,failed
cda4eadc-514b-419b-a760-6cce8371c2de,flywheel,1,2026-09-18 06:47:36.162,completed
42a93b0b-0cc1-447f-89af-39feecd610be,flywheel,1,2026-09-18 06:48:20.245,failed
bad152d9-b932-4c81-a063-6c66ee8e0187,flywheel,1,2026-09-18 06:49:19.174,failed
f4272216-99dc-4ea9-8432-2a405c987b2a,flywheel,1,2026-09-18 07:08:10.520,completed
87c83ac5-4e0e-42ac-a42a-e02c04acd2d3,flywheel,1,2026-09-18 07:13:49.079,completed
3fcc8fab-ccd5-4cf1-99b1-8310d3d222d5,flywheel,1,2026-09-18 07:18:51.208,completed
bd940246-9628-473c-9fd9-570d3a2748a4,flywheel,1,2026-09-18 07:19:53.052,completed
aac0a4ef-b44d-41d2-9c67-4e3ff597ad5c,flywheel,1,2026-09-18 07:20:48.901,failed
14ddd5a9-8090-416a-92f1-7202f5257fb6,flywheel,1,2026-09-18 07:23:45.034,completed
db150348-2eac-4501-8efe-027391b51e2b,flywheel,1,2026-09-18 07:28:43.954,completed
4387b01f-5656-4d4e-9e40-87c94336aef6,flywheel,1,2026-09-18 07:31:33.976,terminated
5234fa1c-cba7-46c3-8ed9-049f391ce72a,flywheel,1,2026-09-18 07:34:42.158,completed
8830a05f-403a-4c37-aa80-947f0ecfe950,flywheel,1,2026-09-18 07:47:46.110,completed
684c944f-f2a0-41a4-95f3-3ac06adb9ec0,flywheel,0,2026-09-18 08:08:32.474,failed
4c7af728-d618-4d03-a4ff-3c54f405f526,flywheel,1,2026-09-18 08:14:08.845,completed
a45db142-3b6b-4690-baa5-3e55803201c0,flywheel,1,2026-09-18 08:18:42.353,completed
ae8e78b3-8e59-444e-83bd-f003e2b2608f,flywheel,1,2026-09-18 08:39:35.185,terminated
62b719ac-f44c-4077-af3b-7a80d188e993,flywheel,1,2026-09-18 09:38:14.995,completed
9f1c4235-5e62-4837-8e73-5f581a7f2418,flywheel,1,2026-09-18 09:45:15.566,completed
e70f08b1-c461-4369-96e8-fc5a17280906,flywheel,1,2026-09-18 10:19:18.906,blocked
f11dd4ff-b8c0-40a0-8cca-74780852a504,flywheel,1,2026-09-18 10:50:02.939,completed
c20aaba2-3eb2-4c7e-8577-da7c7110b23e,flywheel,1,2026-09-18 11:51:02.791,failed
4ac00f3d-43b6-4325-9478-6ba8374c455a,flywheel,0,2026-09-18 12:05:55.015,failed
e2080506-f6a6-413b-8b7d-82c51d1de118,flywheel,1,2026-09-18 12:35:51.141,terminated
d9fb0d9a-6815-4b74-8cdc-d959fc08a493,flywheel,1,2026-09-18 16:32:52.577,completed
cb2f59e3-1bc6-489a-b7bb-de72c998648a,flywheel,1,2026-09-18 16:33:00.227,blocked
29871354-a261-4af5-9f63-cdbf0c59372e,flywheel,1,2026-09-18 16:36:04.547,completed
bd79d136-2e0d-448d-b0cc-b720ca94560d,flywheel,1,2026-09-18 16:37:16.900,blocked
43ecb555-a7ab-49bf-a64e-8883d8a42e98,flywheel,1,2026-09-18 16:38:49.648,failed
251786df-19a7-4fba-bcd4-10fa649c6689,flywheel,1,2026-09-18 16:40:04.215,blocked
7dc3325a-e1b6-479a-b68d-26cf4e01f6f0,flywheel,1,2026-09-18 16:41:19.943,failed
2e922928-2f5c-41a9-881d-9d4101761c65,flywheel,1,2026-09-18 17:00:08.290,failed
740b8167-9692-4d0b-a6bb-3c5bb95d00d5,flywheel,0,2026-09-18 17:01:25.506,failed
0292037a-7cb6-4e34-9f95-a9d936358828,flywheel,1,2026-09-18 17:04:47.967,blocked
a103f146-ca92-4bf2-ae4d-964152d08057,flywheel,1,2026-09-18 17:11:58.162,completed
b3159b98-3a05-44f2-84dc-cb7a24b92b7c,flywheel,1,2026-09-18 17:12:41.424,completed
84bdaaba-798f-4aea-a58e-6c79eebfe69a,flywheel,1,2026-09-18 17:16:27.195,terminated
d071659d-9740-4da0-97fd-b2fb0413284e,flywheel,1,2026-09-18 17:17:26.818,failed
aee17e78-56a5-4c57-a947-98ad4539a29b,flywheel,1,2026-09-18 17:49:35.433,failed
3d5bb1e3-5d07-496e-8be8-67293c0cb6c2,flywheel,1,2026-09-18 18:26:21.754,completed
bb229987-0c7c-4066-8f31-809e73661f1c,flywheel,1,2026-09-18 18:27:26.889,failed
9912cf88-77fa-4964-9cd0-9e2645cf541e,flywheel,1,2026-09-18 18:28:17.203,failed
ca503c82-d3e3-4abd-a374-41dbd0e87896,flywheel,1,2026-09-18 18:30:07.370,failed
c2000125-0e9c-4329-84cb-34b8be7b8dac,flywheel,0,2026-09-18 19:33:34.480,failed
415ddc57-6085-44c6-a896-d636d8b862bb,flywheel,1,2026-09-18 19:36:00.849,failed
67cf0df6-1885-407f-80b1-ffc603d71eb9,flywheel,1,2026-09-18 19:37:44.048,failed
ed07bf5a-047d-4cf8-86dd-230d8b4f6f54,flywheel,1,2026-09-18 20:02:02.500,failed
b0269c51-ae1a-4d34-a808-f71027532b46,flywheel,1,2026-09-18 20:06:12.575,failed
1c34620c-2a10-41ef-8488-c47fe9883896,flywheel,1,2026-09-18 20:20:39.716,completed
d81f026e-ea32-4676-a2f3-3594e2f39d67,flywheel,1,2026-09-18 20:26:15.187,completed
82979ddc-810e-42c6-b9a4-2c681bb68375,flywheel,1,2026-09-18 20:26:31.389,completed
6844038d-f8c7-4dc1-b849-a3a3032cd71b,flywheel,1,2026-09-18 20:27:43.501,failed
1efac16c-d35a-4fbf-ab30-da603e4f35b7,flywheel,1,2026-09-18 20:55:52.101,failed
a4d83a6e-6cf6-433c-b1c1-5d4755fb250b,flywheel,1,2026-09-18 21:03:25.515,failed
69b1049b-d8a2-4b20-acac-40c9f74995d7,flywheel,1,2026-09-18 21:13:43.374,failed
39b3c1e5-3afb-408d-bf42-5e9bf294f081,flywheel,1,2026-09-18 21:25:08.661,failed
925cf1d8-b95c-46e9-9de9-455f8c2d2dbd,flywheel,1,2026-09-18 21:29:47.796,failed
1208fb75-be31-4561-8976-ffd8cd16fce9,flywheel,1,2026-09-18 21:50:26.424,failed
ad90d667-6d55-4cc4-89cb-aaf7db521475,flywheel,0,2026-09-18 21:51:20.916,failed
5db20a54-9539-4c63-8a87-64235980cd69,flywheel,1,2026-09-18 21:51:32.160,failed
3909b921-318b-4c70-bef1-0625ad4d9293,flywheel,0,2026-09-18 21:52:27.736,failed
bd6722db-48ed-4e6c-8fc1-68c8c7afc3cf,flywheel,1,2026-09-18 21:52:29.890,failed
7cc32f91-5560-43db-9010-e262a96fe382,flywheel,1,2026-09-18 21:53:23.834,failed
f3953708-f6e7-4e43-96b7-ae9ec30421a4,flywheel,1,2026-09-18 21:54:18.714,failed
c058fb82-27dc-4e4e-80c2-d310d9b12012,flywheel,0,2026-09-18 21:55:11.261,failed
60959a31-3175-44b6-bc57-50c4f1700d01,flywheel,0,2026-09-18 21:55:14.063,failed
74d06600-a7cc-45a4-9bf8-6a3194763e60,flywheel,1,2026-09-18 21:55:16.757,failed
d9623db7-e102-408a-b0b7-a3d87244b2cd,flywheel,1,2026-09-18 21:56:10.872,failed
c1640af6-ad67-45ee-81fd-b3dd94b68268,flywheel,1,2026-09-18 21:57:04.550,failed
64b9b1ab-64d1-4439-ac3d-c20357e94877,flywheel,1,2026-09-18 21:57:59.202,failed
d9cffac5-6c83-4dd0-8294-769a77f0b317,flywheel,1,2026-09-18 21:58:53.577,failed
a94c955e-0e04-44d4-92dc-63b91a0789c1,flywheel,1,2026-09-18 21:59:47.196,failed
19366e85-5b7e-4124-8c7a-f4b12bdfa37f,flywheel,1,2026-09-18 22:00:41.121,failed
f612a913-1ce8-4fa5-8e36-fbb77e71bad7,flywheel,1,2026-09-18 22:01:34.064,failed
631c53d9-e8a3-451a-979f-80cd065479dd,flywheel,1,2026-09-18 22:02:27.462,failed
9578428d-fc7c-4c9c-8e75-17c85061cc86,flywheel,1,2026-09-18 22:03:21.146,failed
2d066283-1cbc-4484-b30d-77cdb30cc143,flywheel,1,2026-09-18 22:04:14.840,blocked
5ea4a004-47e0-430e-9fa7-b3c43d7d6957,flywheel,1,2026-09-18 22:05:08.121,failed
c24a2cae-1957-46d9-896a-5c4be4176d45,flywheel,1,2026-09-18 22:05:37.126,failed
eb1006a7-233f-44c4-a482-9f0d23d3a4fc,flywheel,1,2026-09-18 22:05:40.054,failed
ee549594-ccb1-4163-a68a-9ab770335aea,flywheel,1,2026-09-18 22:05:43.099,failed
9727d6cc-9373-451e-ab4b-299af8150fd0,flywheel,1,2026-09-18 22:05:45.936,failed
d1604db2-e9ea-48eb-9922-fe9847824ee2,flywheel,1,2026-09-18 22:07:30.824,failed
d147bbbd-6458-489c-ab00-8b7ae923f111,flywheel,1,2026-09-18 22:09:14.760,completed
fadb6c5d-de9d-44ec-b496-3f3dcd124a21,flywheel,1,2026-09-18 22:13:00.531,failed
3f51c023-05d5-4042-8a2b-1e7fc9d2aba3,flywheel,1,2026-09-18 22:13:02.462,failed
2df4e214-0606-4807-97a1-c337e61afd29,flywheel,1,2026-09-18 22:13:05.444,failed
f5543708-b656-4c92-b1d4-f76f2505e4f7,flywheel,1,2026-09-18 22:13:09.742,failed
ff810580-49db-4323-9070-8aee0c7f329b,flywheel,1,2026-09-18 22:13:14.505,failed
7c77328d-3a37-4a25-96ec-e873d9e968f2,flywheel,1,2026-09-18 23:08:09.324,completed
a199e048-3a36-4ed0-b8e3-780938fce265,flywheel,1,2026-09-18 23:10:38.782,completed
da2efe0a-1121-4e5c-9a5b-0d698662105c,flywheel,1,2026-09-18 23:10:56.809,failed
e3499d48-6a81-48a9-b93e-1b720206036d,flywheel,1,2026-09-18 23:14:55.648,completed
3771e914-7dac-459e-a3bb-836776845903,flywheel,1,2026-09-18 23:16:20.935,completed
bc671b1d-2373-47b6-a1fc-f408eddbbae0,flywheel,1,2026-09-18 23:17:43.342,completed
63cf7b09-7a3e-4ff1-a431-9f3b0b2600e2,flywheel,1,2026-09-18 23:18:54.967,completed
d3eacb3b-e0d3-428f-a964-a24a4e419f23,flywheel,1,2026-09-18 23:19:49.914,completed
4ebdc4f9-0686-4dc7-b9a1-9d6c221c5c12,flywheel,1,2026-09-18 23:20:05.409,completed
258ace8f-235e-40e8-95c1-7715761f187d,flywheel,1,2026-09-18 23:20:59.156,failed
1e44d42c-ecc2-4032-a1bd-b419469c82cc,flywheel,1,2026-09-18 23:21:02.577,failed
545e2d4a-0c32-499b-8745-d19fc04bc260,flywheel,1,2026-09-18 23:22:04.044,completed
fee9dbad-bb8d-4bf1-b1d0-8eb4b7f631cc,flywheel,1,2026-09-18 23:23:08.793,failed
9553b1db-d399-496e-9327-c087250395b7,flywheel,1,2026-09-18 23:26:39.754,failed
c26c88b6-f610-4425-b906-0bfcc8258da0,flywheel,1,2026-09-18 23:27:25.533,failed
77745b59-e0d3-410e-b3b5-b48af46e9623,flywheel,1,2026-09-18 23:29:26.265,failed
990c08bb-1997-4543-8d87-c12fb7431cdb,flywheel,1,2026-09-18 23:29:41.736,failed
3d3e9b0a-0f64-48dd-b6f9-f213edb99e07,flywheel,1,2026-09-18 23:38:14.737,failed
622af2ee-5b22-4956-9e41-e323d4df1491,flywheel,1,2026-09-18 23:42:51.870,completed
d69d5eae-e69f-4c5f-af8a-3c82a82e2e8b,flywheel,1,2026-09-18 23:47:29.308,completed
4d91eeb9-a966-4cf1-879d-94fb0bbf5e8a,flywheel,1,2026-09-18 23:48:44.037,completed
2ca96e73-335a-4ff1-83bc-ef10f16ed468,flywheel,1,2026-09-18 23:55:25.011,failed
59c8f898-f3e4-4df1-89c9-3564f01ad2c0,flywheel,1,2026-09-18 23:59:38.405,terminated
90ac9de8-baf8-4d62-86c3-420591973731,flywheel,1,2026-09-19 00:11:11.530,completed
26027c13-9212-4ae6-b3a3-6522673acd52,flywheel,1,2026-09-19 00:14:30.360,completed
5fda02f9-fd23-4adc-a49b-a7d453725994,flywheel,1,2026-09-19 00:35:49.420,completed
aea74da0-577f-47f9-a99f-da7e2dcf9c56,flywheel,1,2026-09-19 01:07:08.552,completed
728ade91-4ce9-4446-9304-85c61ef20070,flywheel,1,2026-09-19 01:09:53.899,completed
c47521c6-9323-4278-bfa1-3c4b7030406c,flywheel,1,2026-09-19 01:13:27.977,completed
d3db9668-0a38-4ad7-a185-0977f9a9276d,flywheel,1,2026-09-19 01:14:06.589,completed
cce72933-c3b3-4ab7-981f-077b0689eb61,flywheel,1,2026-09-19 01:18:15.699,terminated
2a56063e-f906-4330-93b4-39012051ee9c,flywheel,1,2026-09-19 01:29:12.807,failed
6c9cc558-1da9-4a66-9c8c-bfbc9a8036dc,flywheel,1,2026-09-19 01:30:31.360,failed
9352c092-58ed-4497-b149-9beb4d6fa8fa,flywheel,0,2026-09-19 01:31:31.239,failed
17f2cc85-f8a6-40c3-969e-2a46a53a30f1,flywheel,1,2026-09-19 01:31:35.331,blocked
aa055bc5-2925-4c07-868a-7666cbd21e11,flywheel,1,2026-09-19 01:32:03.958,terminated
c3edca58-9e3f-4e01-a7c7-860361034878,flywheel,0,2026-09-19 01:32:28.597,failed
13d1055c-3f6b-4f43-b0a9-5d6c27002a7c,flywheel,1,2026-09-19 01:32:33.286,blocked
87a41f0b-9ea3-49b6-95b5-8562e238530f,flywheel,1,2026-09-19 01:32:59.938,failed
b9a93861-c0a2-4c79-b8b2-f32248efe41b,flywheel,1,2026-09-19 01:33:53.305,failed
a4498061-db25-460c-b1e1-38df5a0bd79c,flywheel,1,2026-09-19 01:34:52.474,failed
5d516284-e645-4c93-ae55-3b108cceaef7,flywheel,1,2026-09-19 01:35:47.484,failed
b94d5d49-8e55-4450-b347-0279f792d161,flywheel,1,2026-09-19 01:36:41.437,failed
24d624ec-8e82-44ae-9fb3-7b08e90005c6,flywheel,1,2026-09-19 01:37:35.775,failed
2ddb8a06-2b6b-41f8-9eeb-d7a613d2c696,flywheel,1,2026-09-19 01:38:30.163,failed
7999f328-b167-45ac-983d-89a9b8378237,flywheel,1,2026-09-19 01:39:23.573,failed
17d6e9b2-e9a3-44a8-b129-4e05dc4dc4ee,flywheel,1,2026-09-19 01:49:51.981,failed
810eac3f-af1a-42b0-a030-9c34fe1a52e9,flywheel,1,2026-09-19 01:50:48.148,failed
01bc7404-5157-4c82-9304-0176c017ba18,flywheel,1,2026-09-19 01:51:41.638,failed
70b84dfc-5d03-4b27-95a9-7617c53fae5c,flywheel,1,2026-09-19 01:52:35.909,failed
9135fae4-38f7-4244-936c-3bdff8462f13,flywheel,1,2026-09-19 01:53:29.882,failed
f4861b98-e6ce-465a-b8a6-313174c5e838,flywheel,1,2026-09-19 01:54:22.573,failed
b53c0695-ac5a-4bbe-9e35-1fe4ea9dbf57,flywheel,1,2026-09-19 03:54:41.422,failed
fab1d005-8f88-4c78-a27d-c41c1cc2829c,flywheel,1,2026-09-19 03:58:44.912,failed
b0ebc726-e93a-47b3-8ea5-87704b738ffa,flywheel,1,2026-09-19 04:02:41.655,blocked
235b48cb-0c9f-48f3-b481-0eb63bdc5a4c,flywheel,1,2026-09-19 04:04:52.872,terminated
9f360087-6397-4df6-ac10-01adbe6437ff,flywheel,1,2026-09-19 04:06:33.915,completed
f0de3427-ea88-415f-83cf-cefa333e06d1,flywheel,1,2026-09-19 04:07:48.266,completed
8695f77b-bdc8-4b78-9447-5430910058f4,flywheel,1,2026-09-19 04:09:39.880,blocked
593305db-38b9-4c7d-bb63-6d0f91dc3bf6,flywheel,1,2026-09-19 04:15:57.561,completed
66d57aff-5ecc-401d-b1d6-821eee25bb18,flywheel,1,2026-09-19 04:26:17.139,completed
00014f14-e10e-42e3-be4e-85a926f354ce,flywheel,1,2026-09-19 04:32:58.096,completed
02b50c77-b1ee-429b-aa74-a289a17f671d,flywheel,1,2026-09-19 04:45:55.433,completed
7e695378-05a8-4166-894a-2b06addc3b22,flywheel,1,2026-09-19 04:46:39.841,completed
ed79051f-89fb-4806-8fcf-0a463503b553,flywheel,1,2026-09-19 04:48:00.311,completed
878cb2cc-3782-4352-ac12-5dc408a35637,flywheel,1,2026-09-19 04:48:18.218,failed
4097085a-de3e-4fbf-8dfd-384eb19aa638,flywheel,1,2026-09-19 04:48:39.854,completed
b3f5a3a1-4991-4fb7-8ba7-db876559fb1b,flywheel,1,2026-09-19 04:49:53.316,blocked
1bf97239-bc0a-4bfe-b2f8-cc623847aa56,flywheel,1,2026-09-19 04:50:02.906,terminated
d249a2c3-2f7c-41c8-889f-373f6c79437e,flywheel,1,2026-09-19 04:51:07.698,terminated
50e3b437-0618-4a9c-93b7-55b70e8ba6cd,flywheel,1,2026-09-19 04:52:55.841,failed
79c2ea49-1031-41d5-b4a2-0f5ddf81af8c,flywheel,1,2026-09-19 04:56:03.725,blocked
8aea8a08-79b5-4fa4-9e5a-5e7b35e7e091,flywheel,1,2026-09-19 05:02:52.660,failed
48e79c56-d609-488d-b5fd-24fe51734af9,flywheel,1,2026-09-19 05:08:52.112,failed
d1c40d60-bbc9-4433-8f8d-23a704f57e52,flywheel,1,2026-09-19 05:11:52.878,terminated
ed1a734d-de3c-4908-b6cc-afa3ff49dbf4,flywheel,1,2026-09-19 05:12:10.800,terminated
1b402afb-a31f-4cd6-9308-02537bdd755d,flywheel,1,2026-09-19 05:15:14.163,completed
667f36fb-3708-4d33-b14a-f7b4663adbcd,flywheel,1,2026-09-19 05:22:14.469,terminated
1880ed71-0ac9-423d-9009-203f3b06ba35,flywheel,1,2026-09-19 05:25:41.053,terminated
fa8a01f3-0295-46ef-8f03-4552f9151de8,flywheel,1,2026-09-19 05:26:58.960,blocked
280b76d0-a82f-4766-9b35-b7ae6f339511,flywheel,1,2026-09-19 05:28:35.460,completed
f96cfae5-6d03-4eae-bbee-9efa14cc4885,flywheel,1,2026-09-19 05:32:46.567,failed
bc4d95cc-fbe2-4023-a49a-3358d1d9378d,flywheel,1,2026-09-19 05:35:52.101,completed
cb1ac6d6-1691-406c-b638-6a53c3d4e0ad,flywheel,1,2026-09-19 05:36:55.540,failed
18113ed4-c675-49c0-8eea-64d1b9d615b3,flywheel,1,2026-09-19 05:47:02.702,failed
0ddf2a6e-7cdc-44c6-86c5-b56ad4918545,flywheel,1,2026-09-19 06:27:03.399,completed
7e5d9975-0c83-40a3-8e6a-2682936aa6cc,flywheel,1,2026-09-19 06:31:15.309,completed
3c852082-962c-4701-a774-da28e429502e,flywheel,1,2026-09-19 07:09:17.861,failed
2e4ce4f6-e037-4e70-a8a7-1b02cfe18317,flywheel,1,2026-09-19 07:13:56.344,failed
191c26f5-1201-4403-aecb-eb9552a4bfa8,flywheel,1,2026-09-19 07:34:24.732,failed
6e856e2c-24d7-4bce-90e4-f7d7bc628289,flywheel,1,2026-09-19 07:36:21.480,failed
2e12bf93-5498-4460-9861-9cbd5d016bfd,flywheel,1,2026-09-19 07:38:39.745,failed
2606a25b-af5c-46ed-9db8-9c582c05c47d,flywheel,1,2026-09-19 07:58:20.669,terminated
f28a69cd-780f-47ba-ba0f-a027d5271ec9,flywheel,1,2026-09-19 08:24:17.022,failed
4f1f43fd-7c08-4ac3-88ad-d56b546110f6,flywheel,1,2026-09-19 08:25:11.015,failed
fbf9a45c-3d06-4205-adb5-daea941d7369,flywheel,0,2026-09-19 08:26:04.683,failed
09529162-afa3-4818-a743-268c7a686c6e,flywheel,0,2026-09-19 08:26:08.534,failed
ede9e63f-99af-4438-8b3d-61d58acb9d23,flywheel,1,2026-09-19 08:26:11.167,failed
4c7ec945-2cb8-42de-a69c-3e7bad60df7f,flywheel,1,2026-09-19 08:27:04.540,failed
6a90a220-22bd-433d-bb10-f31488236963,flywheel,1,2026-09-19 08:30:59.340,failed
5aab2198-6b5e-4ce7-a255-4c490615cbea,flywheel,1,2026-09-19 08:34:53.062,failed
b2e3830c-d93c-4b1e-a6ca-bc8c3e411469,flywheel,1,2026-09-19 08:40:11.981,terminated
af53b359-7e81-4471-b9d0-5304fb57e16e,flywheel,1,2026-09-19 08:41:10.032,failed
a9079126-80c1-47b0-9c5d-3f1dc4b138e6,flywheel,1,2026-09-19 08:48:16.779,terminated
799069ce-29fa-4494-b0ef-a95719b70b2d,flywheel,1,2026-09-19 15:44:28.689,failed
e7a34162-0848-41cd-b030-3f9c19be47b7,flywheel,1,2026-09-19 15:49:08.302,failed
657bd84c-1010-4bd9-8835-68b654241b6a,flywheel,1,2026-09-19 15:53:03.514,terminated
f15ad189-63a1-49e1-b2f4-a3b15cb4a64a,flywheel,1,2026-09-20 21:31:38.802,completed
481af938-0103-46ae-a568-dc2acb457ea2,flywheel,1,2026-09-20 21:34:12.772,completed
e9916077-f18b-4797-9955-7bcdde2fe01d,flywheel,1,2026-09-20 21:36:45.097,completed
225b9ad5-2785-4416-a89a-ea1f3b534344,flywheel,1,2026-09-20 21:40:11.169,completed
87f166c8-c9c4-4043-bd4e-7130997fdccf,flywheel,1,2026-09-20 21:42:35.446,completed
3a6c603a-ae9e-4302-a397-52430829830d,flywheel,1,2026-09-20 21:44:55.689,terminated
14f73b84-ddd1-4ed6-af00-f22745edfd7d,flywheel,1,2026-09-20 21:46:46.574,completed
3cd9723d-dfbc-4485-998c-d70ba956bfd4,flywheel,1,2026-09-20 22:12:02.523,failed
cc274bce-9867-4f06-a7d5-94143939735e,flywheel,1,2026-09-20 22:37:31.950,failed
93cf2eeb-2ce7-40d6-bf30-a787f1a44847,flywheel,1,2026-09-20 22:38:56.054,completed
eb4837d6-21fe-4e41-9ef0-a5a146c973b9,flywheel,1,2026-09-20 22:57:30.931,failed
a1f9e00f-c26d-440d-9ac1-daf82ccd75b1,flywheel,1,2026-09-20 22:59:30.053,completed
ec523f20-a437-4c81-a68b-dacd45022a79,flywheel,1,2026-09-20 23:05:04.799,terminated
cd6f1220-3cd0-4f72-b0c5-8ef8ee2a485d,flywheel,0,2026-09-20 23:14:07.275,failed
c694312d-f54b-4a41-a206-11fdd2d70576,flywheel,1,2026-09-20 23:21:29.253,completed
525c3f9d-226e-4ca1-b131-acad152166b7,flywheel,1,2026-09-20 23:53:56.837,failed
ccfee0b6-7a6a-4da8-b1a4-39b930c84378,flywheel,1,2026-09-20 23:58:04.373,terminated
9ba1a956-2ece-4603-ae43-542f54a1624b,flywheel,1,2026-09-21 01:02:45.479,terminated
78996bcb-071d-4a01-9ec1-7268f6c06c3a,flywheel,1,2026-09-21 01:15:32.329,terminated
2898b769-0db6-43a5-9f2c-41fe2dbf256c,flywheel,1,2026-09-21 02:25:43.320,terminated
35bb76d1-d69f-4384-b4d9-15bc18cd888e,flywheel,1,2026-09-21 02:26:29.956,failed
70d8138d-bbcf-4818-a88a-34a44070031c,flywheel,1,2026-09-21 02:31:05.532,failed
8f3cf497-4a32-4474-ac8f-a31d4ee6795f,flywheel,1,2026-09-21 02:32:00.147,failed
2e7b9185-572e-42e9-aa6a-81d5bc479042,flywheel,1,2026-09-21 02:32:54.996,failed
00105d87-da96-4b0e-92b5-a0403e114736,flywheel,1,2026-09-21 02:33:49.382,failed
f3a6d5bb-7a47-4495-8631-c690004c7aca,flywheel,1,2026-09-21 02:34:43.730,failed
1044db8a-b2ea-463e-af00-2bf68a31a561,flywheel,1,2026-09-21 02:35:38.195,failed
7cb6bb97-0121-4283-bf04-b2f84a8b52e0,flywheel,1,2026-09-21 02:36:31.944,failed
ae28598b-ba76-456a-a386-d97220c78622,flywheel,1,2026-09-21 02:37:28.898,failed
8d7e8392-5b70-4b3b-9a82-c37325670388,flywheel,1,2026-09-21 02:38:22.514,failed
7f67d9b1-f482-48f3-9501-39d8c848a9cd,flywheel,1,2026-09-21 02:39:16.244,failed
8afd8e3d-593d-414b-a27d-389b93ba5826,flywheel,1,2026-09-21 02:40:10.634,failed
8d77a59f-e6c2-4823-baf4-63539656cf04,flywheel,1,2026-09-21 02:41:04.868,failed
bd9a8609-83c2-4c65-bc31-0de4842f342e,flywheel,1,2026-09-21 02:41:59.428,failed
bbdcdd5e-7a25-42cd-a71f-155c98e79ff4,flywheel,1,2026-09-21 02:42:53.809,failed
6ab70b5b-98e5-49ef-a9f6-8d77ecac762f,flywheel,1,2026-09-21 02:52:30.364,failed
b8231d24-d578-4ccc-944b-d3968251eb99,flywheel,1,2026-09-21 02:53:25.186,failed
ba61a55c-84e7-4761-902d-a16f857ca02d,flywheel,1,2026-09-21 02:55:12.286,failed
51dd4a57-3248-425d-b27b-4f8b1498efc9,flywheel,1,2026-09-21 02:56:06.339,failed
0d0e5d0a-0856-4a83-85f5-9ec34bc99add,flywheel,1,2026-09-21 02:57:00.780,failed
091bf4bc-5b91-4c91-bec1-b4db24aa34b2,flywheel,1,2026-09-21 05:02:58.195,failed
1c7c4902-97e9-4d96-b0cc-e75c096163d3,flywheel,1,2026-09-21 05:04:14.164,failed
782efee4-b6c2-4065-ac0d-e4157aee886a,flywheel,1,2026-09-21 07:11:31.513,completed
cec909c2-b2ce-492a-9c7e-9228b5144be7,flywheel,1,2026-09-21 07:12:46.308,completed
256b630f-6bdb-4d07-9288-e390da275636,flywheel,1,2026-09-21 07:13:17.043,completed
68ac8a30-5f45-419d-a928-d29a0f16a208,flywheel,1,2026-09-21 07:13:45.703,completed
053c4533-7820-424f-a56d-6c5026713c17,flywheel,1,2026-09-21 07:14:15.405,completed
4cbbecad-2f5b-4826-aedd-76785c69e75f,flywheel,1,2026-09-21 07:14:43.504,completed
488c31f2-1fa2-469b-91a2-4ac7793ef1d6,flywheel,1,2026-09-22 02:56:02.117,completed
769438fc-85e7-4d56-bcb3-19f26c16c81d,flywheel,1,2026-09-22 02:56:13.006,terminated
7f258d95-7e02-4e1a-841e-4b5474d3e5d1,flywheel,1,2026-09-22 02:56:22.692,completed
8f4d89ee-5106-4fb3-ac4c-9b7d5067cf75,flywheel,1,2026-09-22 02:56:32.719,completed
37d15e2b-94f4-4092-a6bf-c754ae67dc97,flywheel,1,2026-09-22 02:56:42.791,completed
c8c0a953-0b16-4c17-aae9-9bb727d35c5a,flywheel,1,2026-09-22 02:56:53.076,completed
6f31f6b5-dea4-4be4-8244-15fd26301bfa,flywheel,1,2026-09-22 03:03:34.887,completed
7c27b7ca-1383-41f5-88ec-4a7bf6f12bcf,flywheel,1,2026-09-22 03:13:53.920,completed
7e957f13-c0e3-45fa-ad74-a781ac8ee0a7,flywheel,1,2026-09-22 03:18:09.074,completed
6047cd7b-e502-4b07-8733-828aca3881b7,flywheel,1,2026-09-22 04:40:31.289,completed
cbca88b1-189d-4f11-81f1-fbc769d97ffb,flywheel,1,2026-09-22 04:50:51.644,completed
c227aeb2-2753-4f7f-8d0f-cf13e8097c63,flywheel,1,2026-09-22 05:08:28.264,completed
74b34e1c-f365-49d3-a583-ed04006d46a5,flywheel,1,2026-09-22 05:26:12.653,completed
691caca6-f623-4187-9ddf-e3483dc57ccf,flywheel,1,2026-09-22 05:29:22.561,terminated
a466cb95-fab3-4385-ab88-5d81c066dd2f,flywheel,1,2026-09-22 07:36:27.906,completed
c3b49431-84a6-41a2-95ba-a50655298f83,flywheel,1,2026-09-22 08:22:06.757,completed
1f905e04-42f2-4774-95cb-ee470931d9d2,flywheel,1,2026-09-22 08:35:33.444,terminated
d7e64f19-6560-46ad-9194-d544b6011d7a,flywheel,1,2026-09-22 16:07:18.231,failed
64251181-b0ad-487e-8901-ad8e976ffbc9,flywheel,1,2026-09-22 16:08:39.924,terminated
01f47121-a6ea-49ee-a8d8-dc5a472d1681,flywheel,1,2026-09-22 16:09:47.896,completed
2441c29f-fb6f-4602-bdc3-1f19afbb96e3,flywheel,1,2026-09-22 16:56:50.722,completed
1c295346-5ab6-41e9-a8f8-396d9c93f62b,flywheel,1,2026-09-22 17:14:12.256,completed
cee9becb-7da9-4eab-986d-18f2d27326ba,flywheel,1,2026-09-22 17:22:01.501,terminated
c2113433-edf1-453b-8c7b-121aa951629e,flywheel,1,2026-09-22 23:21:37.367,completed
88f7ff8d-c199-4848-853d-ed85283defde,flywheel,1,2026-09-22 23:31:00.812,completed
47f8583c-47bc-40cf-8958-a1228afb06ae,flywheel,1,2026-09-22 23:52:50.432,completed
cf70ee17-21cd-48e5-a993-63f246ac2a48,flywheel,1,2026-09-23 00:07:16.101,completed
8446abbb-8295-4703-9740-57591eee671d,flywheel,1,2026-09-23 00:18:02.186,completed
e267e6ef-93db-4d0b-b4ce-4b15b17e02c9,flywheel,1,2026-09-23 00:55:33.842,completed
834e5c6e-7ab0-41ce-b4de-6bb44bf3a916,flywheel,1,2026-09-23 01:34:55.007,completed
d69b68b8-a8bb-4a70-a23a-767ad63949dd,flywheel,1,2026-09-23 02:41:11.919,completed
df3bec04-6c87-43dc-950a-c1b2e6af3059,flywheel,1,2026-09-23 03:15:29.436,completed
446968b9-1f3e-4207-83f7-e26dde152f17,flywheel,1,2026-09-23 03:25:00.063,completed
8edaf8bb-ef9c-4a5c-b05a-27a4cd4d6aa6,flywheel,1,2026-09-23 03:51:04.850,completed
82860d32-327a-4fb0-b408-eaa5e50646e7,flywheel,1,2026-09-23 03:53:32.636,completed
ca4dc696-9895-4d92-bad5-ee356ac11b1c,flywheel,1,2026-09-23 03:59:15.253,completed
d92f4ca2-7b71-483a-b4ce-527c7479a3f1,flywheel,1,2026-09-23 04:23:16.338,completed
6b5615a3-985e-4eba-a52e-12ae55012e50,flywheel,1,2026-09-23 04:41:51.355,failed
59f40aa4-1709-44c2-af77-5adb972d784e,flywheel,1,2026-09-23 04:49:47.562,terminated
2faf8eb5-afdb-46e6-aef6-44c1b126530d,flywheel,1,2026-09-23 05:00:08.362,completed
7497f142-e7d5-458c-b030-285b5fd08d66,flywheel,1,2026-09-23 05:07:17.704,completed
5a0dbf51-2eb9-4d9f-9cfa-367d6bdbd49e,flywheel,1,2026-09-23 05:17:26.478,failed
482670d8-8dfc-4a51-96b7-d02071fd0076,flywheel,1,2026-09-23 05:20:42.863,completed
764b8e3f-2f3c-4e1e-83c3-0e35e9cbbac0,flywheel,1,2026-09-23 05:21:13.539,failed
49da92c8-f888-4efc-a8da-b82f20e11fd7,flywheel,1,2026-09-23 05:28:55.801,completed
4a7c8a8e-3d59-4194-b4a1-541006284408,flywheel,1,2026-09-23 05:38:29.413,completed
4838acca-1989-4544-9f87-95d4695f9330,flywheel,1,2026-09-23 05:38:53.977,terminated
0984d9b4-fc8f-4ef1-8fe4-ff16fdc8f168,flywheel,1,2026-09-23 05:40:05.177,terminated
175d925e-f3ac-471a-82c5-46b7f9c6d615,flywheel,1,2026-09-23 05:41:21.718,failed
198ef045-f1e7-407e-a4a5-ea3b31ecd22c,flywheel,1,2026-09-23 05:42:46.831,terminated
9cd9b80e-cd86-4d01-b7ae-d06d49af92c0,flywheel,1,2026-09-23 05:45:02.938,terminated
77a74671-5e7d-4fc4-af8f-1e1ee886ec53,flywheel,1,2026-09-23 05:45:34.961,terminated
16daf9b1-099f-40b3-9f9d-74b198cf2512,flywheel,1,2026-09-23 06:02:56.046,failed
0eccf7b5-f2b1-489d-9f89-e18f62316fd9,flywheel,1,2026-09-23 06:12:05.088,completed
319a0163-4fe5-43b8-b059-4421388d1ba6,flywheel,1,2026-09-23 06:14:11.297,terminated
2da2a4a1-7062-44b2-a059-1e3ba3750b47,flywheel,1,2026-09-23 06:16:09.656,failed
8ea390d4-d0b2-426b-9ebe-6c92717f7fd1,flywheel,1,2026-09-23 06:19:36.670,failed
f81f3f9a-5356-4688-98e9-f9dbd1e5ed25,flywheel,1,2026-09-23 06:29:27.833,completed
61b2368f-4200-46d0-8b21-a83f55e1cd81,flywheel,1,2026-09-23 07:24:50.071,completed
296e5376-6dba-452f-96b6-35d7a4c8e530,flywheel,1,2026-09-23 07:30:03.325,completed
6838cb1f-6346-4086-a99d-7c30b9e35560,flywheel,1,2026-09-23 07:34:57.136,blocked
4846cac5-f7b4-4a56-b36e-e95b6fb68e51,flywheel,1,2026-09-23 07:43:27.351,blocked
71842144-f09d-45d8-8540-a52e153bb97e,flywheel,1,2026-09-23 07:58:27.593,blocked
3606baaf-a8a2-40ed-bd27-b6983402653f,flywheel,1,2026-09-23 08:09:23.599,terminated
6a68c310-0609-4488-9947-d8b41abbb41e,flywheel,1,2026-09-23 08:10:42.164,terminated
95d1f43b-a724-45a5-8a81-5dc54463e15e,flywheel,1,2026-09-23 08:15:24.988,terminated
9112b04e-9ec0-44f2-8d94-159a59d61f77,flywheel,1,2026-09-23 08:28:57.622,completed
90adb2d1-9bd5-4113-bbe0-f25e829d5d09,flywheel,1,2026-09-23 08:29:57.248,terminated
e59dd6c2-7180-4ae4-82dd-c413f100d3b9,flywheel,1,2026-09-23 09:02:39.420,completed
7881493e-1258-4e46-9a43-0c8b5a8c1ed2,flywheel,1,2026-09-23 09:04:35.558,completed
4f98262b-eb7a-49ee-a69b-d3b46d521ee2,flywheel,1,2026-09-23 09:06:22.677,terminated
1048f4fd-68b3-48ba-ad94-06d42fdce663,flywheel,1,2026-09-23 09:22:48.388,terminated
cd24c18c-a342-4b72-9a02-9c25f7370e03,flywheel,1,2026-09-23 09:28:45.300,terminated
e66b67a7-50dd-4257-a6cf-ffadc8314f25,flywheel,1,2026-09-23 09:29:51.592,terminated
6a97cf20-c3a3-41b8-8fd7-6dd0144636fa,flywheel,1,2026-09-23 09:36:18.920,terminated
2e3191cf-2a2a-4a96-b19c-40dd46487b22,flywheel,1,2026-09-23 10:33:29.029,blocked
6c63ad31-511d-4d2d-b728-ab5763358759,flywheel,1,2026-09-23 10:41:19.054,terminated
f23ff733-c54c-425d-8430-ec59f841d9a3,flywheel,1,2026-09-23 10:42:06.836,completed
9a2aa63c-a8cc-4495-9081-b7af109a0977,flywheel,1,2026-09-23 10:46:31.720,terminated
55c0aa8d-c679-412e-9f62-78df3d87fa1e,flywheel,1,2026-09-23 10:49:11.904,completed
9c139c13-5f5f-4d3c-acad-fac40527b42f,flywheel,1,2026-09-23 10:50:42.288,terminated
13b9bb12-f2fa-4679-8b3e-10b6a2a02bb8,flywheel,1,2026-09-23 11:38:57.757,terminated
f4c9594c-f5e9-450b-b4d9-ead15adc1ba6,flywheel,1,2026-09-23 11:42:00.419,completed
32c14149-2fa4-47e4-8534-eb8f68d72874,flywheel,1,2026-09-23 12:02:19.484,terminated
05f8f8eb-b2ab-40fa-b276-b0165a33c116,flywheel,1,2026-09-23 12:07:10.956,terminated
a263bc64-bddc-4654-b67d-e2cdfe921797,flywheel,1,2026-09-23 12:24:18.168,terminated
b00f50b8-6782-4d0f-a511-aca00ec17685,flywheel,1,2026-09-23 12:27:10.303,terminated
df881039-228a-4a04-97c4-5c0c3d7d3e02,flywheel,1,2026-09-23 12:41:35.149,terminated
7ed364c9-2091-47fa-aa5f-7abe59011349,flywheel,1,2026-09-23 12:44:00.560,completed
5da1a372-b4f2-4b50-a1dc-49f6d6ca72b7,flywheel,1,2026-09-23 12:47:38.113,terminated
49ff9303-ea79-46e5-a1c3-6a3bf7756a54,flywheel,1,2026-09-23 12:55:08.466,failed
af6e5cf1-e358-47f1-89fb-52718f9053cb,flywheel,1,2026-09-23 13:28:35.268,completed
9357129d-a4b5-4666-ab35-c9fe326f2273,flywheel,1,2026-09-23 13:33:44.999,completed
f8d8eeab-b714-4efb-8095-67153d77efeb,flywheel,1,2026-09-23 13:38:35.530,terminated
fda68c0b-4ad8-4e0f-8e6d-2ac788b460c2,flywheel,1,2026-09-23 13:48:57.171,completed
d2ecdf80-9fe5-4cb7-ad54-7e62abee1b61,flywheel,1,2026-09-23 14:17:55.798,completed
920a8ebd-c3b7-4d0a-88b2-b413799cdd5e,flywheel,1,2026-09-23 14:18:55.991,blocked
a509e941-e543-477e-8254-5d704858da14,flywheel,1,2026-09-23 14:22:46.674,failed
72eacc06-8b9f-42d3-a3c7-8d6dbfcb9dd8,flywheel,1,2026-09-23 14:33:55.866,terminated
e56ecb1c-30a7-4cc1-bfd3-0c1ac85678d9,flywheel,1,2026-09-23 14:40:25.879,terminated
76b0f604-3d22-44f9-a846-a37056920e5e,flywheel,1,2026-09-23 14:59:53.102,terminated
a69af4c1-a2bc-4888-a9dd-6e763f73cb98,flywheel,1,2026-09-23 15:18:01.685,completed
d4054f07-902a-4107-82e7-888f531c691a,flywheel,1,2026-09-23 15:23:20.688,failed
8e5a3cde-d9b1-42ec-a0b2-796e4682f333,flywheel,1,2026-09-23 15:33:13.500,completed
b1cd5257-725c-4f70-aff0-1c4cac2f3d97,flywheel,1,2026-09-23 15:36:37.532,failed
be211474-8279-45b9-8324-a0c02e1b412b,flywheel,1,2026-09-23 15:49:57.527,terminated
486846e6-0b23-4d78-b07e-d30fc4357027,flywheel,1,2026-09-23 16:13:32.036,terminated
91f185a4-b436-4a38-b051-638d077e4558,flywheel,1,2026-09-23 16:14:06.223,failed
634930a6-eb1b-4a95-a347-0e37a9eda281,flywheel,1,2026-09-23 16:33:29.388,failed
db9a45e3-ca8b-4ef7-8028-3876c20d4ec7,flywheel,1,2026-09-23 16:36:55.026,terminated
4461c3b9-2af5-47e1-b402-3a48c727f385,flywheel,1,2026-09-23 17:56:53.903,completed
412a1c7c-b033-474f-b2ee-45b5b5dbc4d3,flywheel,1,2026-09-23 17:58:02.984,completed
d8248d97-4ff6-4935-be37-397e543b42fc,flywheel,1,2026-09-23 18:17:50.794,completed
a7a27b49-ee4c-42d6-b933-6e409fa7cc61,flywheel,1,2026-09-23 18:29:13.158,failed
b4c91b9a-e40d-4973-b907-85ba4bbba9ad,flywheel,1,2026-09-23 18:31:11.872,failed
3443dbad-1c4c-40bc-8c93-3e0aa0c76233,flywheel,1,2026-09-23 19:34:32.119,failed
ecc4a09d-8a38-4134-b7b2-69e24b412c3c,flywheel,1,2026-09-23 19:36:54.408,failed
2df87278-8de7-47d7-b108-02b8689bfda4,flywheel,0,2026-09-23 19:37:50.349,failed
0cce796a-b0df-45d0-8eca-87e9dcfc84ab,flywheel,0,2026-09-23 19:39:36.425,failed
07a246b9-68c6-4ed1-b3e4-a5e0fc3efe08,flywheel,1,2026-09-23 19:41:56.845,failed
df3f64f3-98a8-438a-9dad-e79e7eeeae09,flywheel,1,2026-09-23 19:56:57.993,failed
27dafac2-5552-4712-b03a-59fea0babe37,flywheel,1,2026-09-23 20:10:00.711,failed
2815301c-4258-4d8d-bbc6-116aeffb9d53,flywheel,1,2026-09-23 20:13:58.948,failed
7a5b0a5e-9791-46e8-9386-ab9145ab82ee,flywheel,1,2026-09-23 20:17:57.087,failed
6426a497-a4d8-42da-a942-ced1916da233,flywheel,1,2026-09-23 20:31:21.409,failed
d9ac81c4-d6fc-42da-a9c1-96e50b2885ea,flywheel,1,2026-09-23 21:00:24.395,completed
68fd66e6-19c5-4b6a-b23e-94e0e471895e,flywheel,1,2026-09-23 21:03:54.686,blocked
53d3cd5f-0c21-4df1-a473-753d8e8330a9,flywheel,1,2026-09-23 21:05:05.901,failed
fc816208-3193-4d3e-b048-a0e5fd69976e,flywheel,1,2026-09-23 21:06:57.320,failed
8587067a-85c6-4f1a-9fbf-11852c5732a4,flywheel,1,2026-09-23 21:11:52.961,terminated
73aec897-14b0-434e-b1db-8ea1e7b07d7e,flywheel,1,2026-09-23 21:47:06.704,completed
4cdafd62-8910-47da-bedf-68c6047389e0,flywheel,1,2026-09-23 21:50:25.250,completed
9c6ed448-96c7-4d14-b7ce-939375c85910,flywheel,1,2026-09-23 21:57:23.107,completed
bcd45ccb-0b8a-468f-82c0-7a2750d8fe5a,flywheel,1,2026-09-23 22:01:45.410,terminated
3d542020-d359-4d1e-bfbf-0b0a7c39a11e,flywheel,1,2026-09-23 22:50:24.272,failed
a406621d-51cb-4587-a1e8-b5bc92164f0b,flywheel,0,2026-09-23 23:07:12.808,failed
5ea9860c-0fb1-4cb2-b7b3-d5c06995746e,flywheel,1,2026-09-23 23:12:36.104,failed
9f016fc5-3781-4208-a4c0-7f680393aab0,flywheel,1,2026-09-23 23:40:57.283,completed
9383060a-f410-404d-b725-f7919d50e9ff,flywheel,1,2026-09-23 23:46:04.086,completed
02ee6a8f-f886-40bc-a94a-d8d4cce71a29,flywheel,1,2026-09-24 00:29:52.731,completed
ff2c6da1-f32f-45c9-84b0-a0d76da7976c,flywheel,1,2026-09-24 01:07:06.696,failed
53b70cf9-1762-4803-8cce-f6f608e90e7c,flywheel,1,2026-09-24 01:09:37.901,failed
baa2afce-dd5b-4516-90a2-59d3031377bb,flywheel,1,2026-09-24 01:10:55.731,failed
222ec7ae-dd07-41c4-8acf-82534a1fdbc9,flywheel,1,2026-09-24 01:11:50.232,failed
5da4c8de-3795-4edc-ad14-329c38e09ba6,flywheel,1,2026-09-24 01:14:50.700,completed
f371e87f-260f-4f3f-9473-dfd974e26517,flywheel,1,2026-09-24 01:15:01.656,completed
35832f7a-6ce0-4068-a489-2e2ed9d66dca,flywheel,1,2026-09-24 01:18:14.476,completed
b8057761-300b-4764-b4da-8b8686ad653e,flywheel,1,2026-09-24 02:14:19.950,failed
aef24ecc-59d4-4292-936e-71a6cf5c21f9,flywheel,1,2026-09-24 02:47:50.203,failed
4c124904-81ac-40e8-977a-f5dac79f0684,flywheel,1,2026-09-24 02:53:56.121,completed
50c8805e-d5bb-46b9-9598-d7e3b79967bd,flywheel,1,2026-09-24 03:10:44.663,completed
614fb3ea-e937-48a7-8d88-1e871dbb9161,flywheel,1,2026-09-24 03:24:57.644,failed
60fc7481-4291-4a35-85ac-bb4e2d8562e6,flywheel,1,2026-09-24 05:14:58.591,failed
8773168c-be01-4687-8813-68e4566a346e,flywheel,1,2026-09-24 05:15:09.831,completed
59aae6a0-db27-4ea6-948e-ffe7d76c88c7,flywheel,1,2026-09-24 05:30:34.271,failed
1fa9d31e-4304-4fc2-bb3c-55ade07fadb1,flywheel,1,2026-09-24 06:26:37.219,failed
397e8f99-8646-4e90-baf7-9dd72f5e5617,flywheel,0,2026-09-24 07:44:02.189,failed
3088358a-4820-4b68-97ca-43c847fba2ab,flywheel,0,2026-09-24 07:44:23.369,failed
03ca51e2-8239-438c-a654-08c36a8427b9,flywheel,0,2026-09-24 07:44:27.592,failed
342edfa7-28c8-48c5-973a-964d9fff6eee,flywheel,0,2026-09-24 07:46:40.983,failed
81840c5c-5052-4a32-a443-213d9f1d5df2,flywheel,1,2026-09-24 07:46:42.279,terminated
bc3bb5bb-7016-4d1f-845d-5f146bb06fa9,flywheel,0,2026-09-24 07:46:51.076,failed
9565cabe-062b-43a9-bff4-0ca42b9e7eb6,flywheel,1,2026-09-24 07:53:59.900,terminated
9c5bc88c-d76f-46a9-b6eb-98efc217b31b,flywheel,1,2026-09-24 07:54:03.946,completed
837d6e85-f52b-4d23-93f7-67a9f15fcf44,flywheel,1,2026-09-24 07:54:09.377,terminated
6520c919-ded0-46e6-bfa5-76bba81770c6,flywheel,1,2026-09-24 07:54:13.854,terminated
645a3383-2ccc-435d-90bf-ddeb5d6ac9eb,flywheel,1,2026-09-24 07:54:17.534,terminated
b224d252-30d2-4d13-b597-9663ea25de43,flywheel,1,2026-09-24 08:02:52.875,terminated
45e987fa-8d8f-410e-b1c1-0df5d9ccd650,flywheel,1,2026-09-24 08:04:21.067,completed
1acfc193-ac77-4816-b8cb-0b9fd1283898,flywheel,1,2026-09-24 08:57:47.046,terminated
78b25b52-09dc-4133-ac63-1bc7b059e74f,flywheel,1,2026-09-24 09:28:12.103,completed
92f80de7-baa5-472c-ac50-7439fac30875,flywheel,1,2026-09-24 09:57:05.911,terminated
ec0fcf8a-4ef5-4290-9646-e90d724ed544,flywheel,1,2026-09-24 10:09:38.514,terminated
b977f664-01a7-46b8-8ad9-0951adf06d6c,flywheel,1,2026-09-24 10:32:33.387,terminated
5c7d61d2-6881-4818-9b0a-94a81896e6bc,flywheel,1,2026-09-24 10:35:43.183,terminated
705d34cd-74cd-47b5-9c6e-9a37e5979cc1,flywheel,1,2026-09-24 10:36:54.362,terminated
c3ec4a52-f4b7-4f4b-a01f-0a6599652af3,flywheel,1,2026-09-24 11:43:51.691,terminated
036130e1-1ce8-4b76-9720-df3999675349,flywheel,1,2026-09-24 11:46:32.129,terminated
748f3c9e-91c6-4fcf-b9d0-075935fdb430,flywheel,1,2026-09-24 12:16:40.441,terminated
45c8187a-0cee-43a3-8574-24c626a53a1e,flywheel,1,2026-09-24 12:23:51.823,blocked
8ae14ad9-f743-4ec1-a49c-0961c95fbd1c,flywheel,1,2026-09-24 12:27:02.483,terminated
85e04f61-9ec9-4a90-ac0d-650908d58e8e,flywheel,1,2026-09-24 12:27:22.255,terminated
517d3de4-1f33-473f-bb1a-e7ae3c24efc6,flywheel,1,2026-09-24 12:30:10.750,terminated
d6aadc9a-d214-4218-a2a4-3f5f0a74c1a1,flywheel,1,2026-09-24 14:04:46.877,terminated
c40e2bd1-7e20-460a-bea3-7ac79a2a3efd,flywheel,1,2026-09-24 14:06:52.624,completed
ce4206e6-0be1-45cd-98d8-3fb9c1804737,flywheel,1,2026-09-24 14:19:23.365,blocked
22829243-b6bb-4160-87f6-306e21d0c49a,flywheel,1,2026-09-24 14:24:03.385,terminated
dce17f32-451c-4265-b3d0-801e624fc792,flywheel,1,2026-09-24 14:47:34.667,terminated
7646d901-e2b0-4745-8a68-459034aa0411,flywheel,1,2026-09-24 14:50:29.938,terminated
a43a6880-5207-41c9-a3c5-7523fb24d0f7,flywheel,1,2026-09-24 15:09:12.916,terminated
d524fd8f-b210-43a0-a735-ea543afc90ed,flywheel,1,2026-09-24 15:11:33.840,terminated
7c91f9fb-9720-45e5-b046-0b1162606cf7,flywheel,1,2026-09-24 15:18:40.200,blocked
763a0587-4965-42a6-b22f-52db96dafde6,flywheel,1,2026-09-24 15:19:44.555,terminated
b15a5b84-2c76-43bb-a436-21fc4d0a9f24,flywheel,1,2026-09-24 15:51:22.807,completed
46b84a84-a1cb-474c-9c11-e51892b8618b,flywheel,1,2026-09-24 15:57:17.856,terminated
ab10f3f7-18d1-4a33-ab47-75be53369eb3,flywheel,1,2026-09-24 16:04:53.165,completed
259c0890-b9ff-4496-8d22-c1169951fab7,flywheel,1,2026-09-24 16:06:49.798,terminated
9cf1770e-34dd-405c-aa22-a652711e40fe,flywheel,1,2026-09-24 16:09:06.421,completed
53fef134-d18e-4477-8c64-8aff7ae4f88f,flywheel,1,2026-09-24 16:15:16.055,terminated
0b64f42a-7cb1-48b2-8e92-e53b935b951d,flywheel,1,2026-09-24 16:31:18.754,terminated
88fe6721-6e51-4704-ba38-ed1bcef76ca9,flywheel,1,2026-09-24 16:34:26.351,completed
71f30da8-0e54-4891-8f49-3094504bfbd2,flywheel,1,2026-09-24 16:37:26.327,terminated
00b1a84a-2e53-4523-a2c0-9d4f4f918070,flywheel,1,2026-09-24 16:55:31.812,terminated
69688dac-f5b1-4102-bc66-318cf27ba4eb,flywheel,1,2026-09-24 17:26:21.222,completed
ed46aa1b-bce9-4f38-a160-b12c119d1f5e,flywheel,1,2026-09-24 17:29:18.740,completed
a9df2a66-b0d9-4047-8c62-22c167721888,flywheel,1,2026-09-24 17:30:47.914,terminated
f3574edc-c43f-4f48-8b6c-7ea29e3a3ad2,flywheel,1,2026-09-24 17:32:23.126,failed
dc3111e5-6673-4a2c-86b9-0c89e5a2c841,flywheel,1,2026-09-24 17:33:16.289,terminated
fb1b9fdc-9c93-4686-a039-227abf36b52a,flywheel,1,2026-09-24 17:33:52.338,terminated
771d3bfa-cc7a-4292-bb0e-63d1fdc831d5,flywheel,1,2026-09-24 17:36:30.631,failed
2e9caed0-a388-414d-8d22-3827a02b4cfe,flywheel,1,2026-09-24 18:37:47.641,failed
40235e26-7a25-4c19-9788-df11a59183b0,flywheel,1,2026-09-24 18:41:26.887,terminated
18289cf2-0a22-4c55-af1a-f0cea112a9b8,flywheel,1,2026-09-24 18:55:19.446,failed
53af42ab-b1c2-4770-8d02-1374a36446c0,flywheel,1,2026-09-24 18:58:53.103,failed
a46bfcb3-7e0c-465e-a473-ec50909149a5,flywheel,1,2026-09-24 19:25:51.740,terminated
0c7fb517-3464-4f6a-b48c-669385e70d1b,flywheel,1,2026-09-24 19:26:03.890,blocked
6615017e-0ac1-4b05-a11a-4919f764fe0f,flywheel,1,2026-09-24 19:28:21.085,terminated
a29f0f6e-99e7-4754-a559-3f58c25c84ed,flywheel,1,2026-09-24 19:39:12.304,completed
c06a2bac-9d37-418c-9466-c3366838eeba,flywheel,1,2026-09-24 19:56:41.055,running
70277118-7815-4dbe-bd94-f105da07a6c3,flywheel,1,2026-09-24 20:42:16.031,terminated
c1db8d2e-5c21-456c-8d35-1ae5bd884d8f,flywheel,1,2026-09-24 21:57:21.197,blocked
5602a499-35d0-4a07-b7e4-c0f46c0b17ce,flywheel,1,2026-09-24 22:58:13.164,completed
151082ac-0f23-4444-9c9c-ac401b8fd8a9,flywheel,1,2026-09-24 23:02:07.291,terminated
e5017f34-787e-424b-ae5d-65f25fec88e8,flywheel,1,2026-09-24 23:03:21.174,completed
7eb0a6d9-c80c-418f-ab9c-8851ef8e9167,flywheel,1,2026-09-24 23:03:53.517,completed
345c96d6-bf98-4584-bdd0-4173caf5e50f,flywheel,1,2026-09-24 23:15:44.945,completed
c675e1b0-6abf-47cb-9120-6c504a110a93,flywheel,1,2026-09-24 23:16:51.488,completed
be23e304-c55e-4e0a-abed-202a9660a87b,flywheel,1,2026-09-24 23:17:12.265,completed
896c8f8c-035b-4c87-84aa-d978e54d9faa,flywheel,1,2026-09-24 23:22:25.681,completed
4c42005e-4f87-4b3e-8345-10d03826be3a,flywheel,1,2026-09-24 23:27:58.492,terminated
66d0759c-5738-458f-ab4e-2a6587ba5e71,flywheel,1,2026-09-24 23:43:40.771,completed
4a6e76d0-023d-48fd-9a73-774c1ae47382,flywheel,1,2026-09-24 23:44:15.417,completed
25d8197c-5ab1-497e-b5d0-09b64389b45a,flywheel,1,2026-09-24 23:44:41.932,terminated
ff4cd646-a214-4c5f-98cb-6020426b5d70,flywheel,1,2026-09-24 23:46:27.537,completed
675852be-edec-4c65-a4bd-cbb23ba3ce9e,flywheel,1,2026-09-24 23:47:22.122,completed
2f108ce3-004d-4cb6-89cf-6e5b839b80fe,flywheel,1,2026-09-25 00:05:54.305,completed
c093f58f-e93a-4a5b-bbb5-efc3519f5864,flywheel,1,2026-09-25 00:12:43.901,running
66d85824-6da8-4be9-8efb-0652198442e8,flywheel,1,2026-09-25 00:16:56.291,terminated
7bd4b7c1-646f-4f1b-9a5e-41d08aa65d9c,flywheel,1,2026-09-25 00:18:33.473,terminated
41ec9e44-a13b-4e9a-84ef-a4b4efbfbc4e,flywheel,1,2026-09-25 00:19:57.064,failed
6e8742ea-95b3-45dc-822e-6c1458327478,flywheel,1,2026-09-25 00:24:28.854,failed
3e987c63-56f9-438e-911d-c52280d01003,flywheel,1,2026-09-25 00:25:33.435,completed
4676812d-4f83-4e9b-a812-c7d549e42fb3,flywheel,1,2026-09-25 00:26:36.000,completed
7832d6f8-9b63-460a-b9ee-38de8aef3065,flywheel,1,2026-09-25 00:29:51.753,blocked
ad657cf3-e105-4196-83df-958dbcecf513,flywheel,1,2026-09-25 00:29:58.401,completed
3803460a-5275-4153-afaf-a5c051987b72,flywheel,1,2026-09-25 01:38:22.270,terminated
cc4d05b4-54f9-4f04-aee4-4e8ab9045fd6,flywheel,1,2026-09-25 03:37:35.746,failed
8e48d32e-344a-48d0-8683-76ea77318d23,flywheel,1,2026-09-25 03:39:46.292,failed
c2bd0548-2e74-4238-8042-8092c64b64f9,flywheel,1,2026-09-25 03:45:02.892,completed
36a6a83f-5fca-4683-832c-ccdbc13d707b,flywheel,1,2026-09-25 03:46:42.264,terminated
7adbf914-1ac0-4e6e-aba5-07b9a7399dcb,flywheel,1,2026-09-25 03:47:26.071,completed
82d9050e-8ac7-490c-a229-103433e226f4,flywheel,1,2026-09-25 03:48:05.939,running
f104fc28-c47a-4b76-8168-f7b02bfa7ebe,flywheel,1,2026-09-25 03:48:55.982,failed
fbe9495f-8725-4a21-b95b-b7ef50124bb8,flywheel,1,2026-09-25 03:56:14.831,completed
b7c5d1a9-b84d-443b-b6e2-1678c3679741,flywheel,1,2026-09-25 03:56:21.617,failed
c6f33a10-3f4c-4c22-b853-3991494add01,flywheel,1,2026-09-25 03:57:33.685,completed
c3680402-e94b-4ce3-96f9-1f380d683f58,flywheel,1,2026-09-25 04:03:49.813,failed
106ba2ad-3289-4206-a17c-51be204e5492,flywheel,1,2026-09-25 04:04:14.617,completed
8e1ef903-e29f-479c-a4c3-940b54fa7d3d,flywheel,1,2026-09-25 04:06:11.552,failed
a918d47e-bb4c-4a32-8609-333632583587,flywheel,1,2026-09-25 04:06:23.535,failed
ba3b5502-3721-492a-a746-5f8aa40fc066,flywheel,1,2026-09-25 04:06:27.830,failed
46e91f56-77c1-41a5-801b-8bfab774428d,flywheel,1,2026-09-25 04:08:17.246,terminated
083704b6-1447-436d-97d5-48d6a57fd840,flywheel,1,2026-09-25 04:13:24.585,completed
53518df1-681b-4578-822a-5a5b369cbd82,flywheel,1,2026-09-25 04:13:36.006,completed
00c725fa-4d09-40f5-b990-c2ea4360781c,flywheel,1,2026-09-25 04:21:23.765,blocked
2fa01a56-3f35-4615-b022-0ab0294f6e45,flywheel,1,2026-09-25 04:33:13.390,completed
5a2c6d1e-c8c1-43e4-8768-293dc2021f1b,flywheel,1,2026-09-25 04:39:09.221,completed
bbf14aea-c6f5-459a-abf2-e3435dc3299b,flywheel,1,2026-09-25 04:40:03.508,completed
c2533b6a-c3be-4fa6-87f8-a2fc2e484637,flywheel,1,2026-09-25 04:49:38.682,completed
d252ae76-50d4-467c-93bb-04dfcf0bca62,flywheel,1,2026-09-25 04:51:20.942,completed
64296b33-c8e6-4132-9fd9-821dc25e0f16,flywheel,1,2026-09-25 05:38:39.076,completed
2d7e1ab6-6452-4790-8bfa-ea31b75e1d17,flywheel,1,2026-09-25 05:41:16.867,completed
f68b3e69-19a2-4a59-b183-5b2003680a4a,flywheel,1,2026-09-25 06:20:38.766,completed
37624e3d-2f56-4ee3-afdc-944f2666c229,flywheel,1,2026-09-25 06:25:27.861,completed
5e9dd2ea-87d1-4bc7-b331-440f3d4092c3,flywheel,1,2026-09-25 06:27:57.611,completed
52137bb6-da14-47ca-8a7e-65da29b97c76,flywheel,1,2026-09-25 06:28:43.026,completed
b6c738ca-d135-4cb7-9116-17267466406b,flywheel,1,2026-09-25 06:36:27.030,running
5f330b56-48e0-49ea-a8e2-6df9e48725f1,flywheel,1,2026-09-25 06:41:08.763,ship_parked
d3e3e04f-8f2e-4ffd-b9fa-88cd8b89e0f9,flywheel,1,2026-09-25 07:26:26.003,completed
75e04312-3b3c-4786-b5ff-c5dab756a56c,flywheel,1,2026-09-25 07:39:05.011,completed
f560992f-5c61-4062-b6e4-392c0c5743dd,flywheel,1,2026-09-25 07:57:59.416,completed
d05037ae-c0c8-430f-82c3-3d0c4e0e396f,flywheel,1,2026-09-25 07:59:21.805,completed
ecfa5547-9e1a-4735-a250-2c1ec316b048,flywheel,1,2026-09-25 08:04:21.573,completed
d519329c-81e7-4251-8a38-ebeb2e2a6cef,flywheel,1,2026-09-25 08:14:35.855,completed
36768957-7faf-479a-aeb6-74e85fd17ea7,flywheel,1,2026-09-25 08:52:03.568,completed
2244de24-a3c9-428a-a1de-730166921809,flywheel,1,2026-09-25 08:57:32.435,completed
cde40019-9660-4888-83ce-837783e4e8fa,flywheel,1,2026-09-25 09:01:23.079,completed
b7523aea-4176-405a-ba63-a5a6595c5811,flywheel,1,2026-09-25 09:12:47.838,completed
3f862011-3aeb-4137-8648-0b3f9d27f551,flywheel,1,2026-09-25 09:24:07.810,completed
0ba846a7-e0f4-4498-be2b-3da6c67afaff,flywheel,1,2026-09-25 10:11:21.821,completed
7ae9491f-4333-464f-ae77-c023ea598e95,flywheel,1,2026-09-25 10:50:01.069,completed
281a8688-32b0-477d-a611-cf4efb10f054,flywheel,1,2026-09-25 11:05:34.529,running
2d21a735-9f81-4cff-bd5c-d3932a513a6c,flywheel,1,2026-09-25 11:27:20.755,ship_parked
2822736a-19f5-4b35-8ea7-ae016a07d8de,flywheel,1,2026-09-25 11:46:21.448,running
b0907ee9-3f48-4ced-b9c8-18920c080dbe,flywheel,1,2026-09-25 18:13:00.216,completed
f904eb30-07f0-423a-9569-0e41abc6e1f7,flywheel,1,2026-09-25 18:21:54.768,completed
855d36dc-3886-4a5e-a127-6bb707c99c0b,flywheel,1,2026-09-25 18:25:49.448,ship_parked
5d168aef-e15b-4cab-9ee2-53c195a756f9,flywheel,1,2026-09-25 18:27:21.064,terminated
0233e98d-087f-454f-9551-c29233b57021,flywheel,1,2026-09-25 18:36:02.983,completed
26a28bdf-2657-4f53-b5f8-9222c70d3aea,flywheel,1,2026-09-25 18:43:52.899,completed
244670e3-55b1-4b3a-9289-099ee9c4088f,flywheel,1,2026-09-25 19:15:37.991,completed
6cf12dd3-69dd-45a1-b27c-1880069ab8f4,flywheel,1,2026-09-25 19:15:46.548,completed
2d64aa78-0e92-430f-85f9-d865fbdba287,flywheel,1,2026-09-25 20:00:28.077,completed
7e55ecb2-7adb-4a28-8d27-1dbb28f0d92e,flywheel,1,2026-09-25 20:02:37.689,completed
cd2dfd5e-d769-4759-87bf-1046b98815b9,flywheel,1,2026-09-25 20:03:04.073,completed
9dba39ad-d839-47a5-b6de-731620a3488c,flywheel,1,2026-09-25 20:11:40.176,running
8b357d57-f19c-419d-90a8-85d6a3f72c54,flywheel,1,2026-09-25 20:30:16.709,running
1c909675-224d-44de-84c3-c88a38ff6f16,flywheel,1,2026-09-25 20:30:31.936,running
3b75f34a-aef5-4c42-8483-083711ad43bc,flywheel,1,2026-09-25 20:30:49.205,running
19f46728-230f-432d-bddc-f5a6fe3c1f9e,flywheel,1,2026-09-25 20:33:46.560,running
716d182b-72f0-49be-a831-f59b378e4442,flywheel,1,2026-09-25 20:47:05.785,running
f47244ad-a700-4807-b836-4287cfb2c4bd,flywheel,1,2026-09-25 20:56:21.410,running
