block_id,endpoint,tick,scheduled,start,end,outcome,secs
b1,L2,0,324731.015561,324731.079685,324731.132920,met,0.002033
b1,L1,0,324731.015701,324731.079676,324731.132819,met,0.001375
b1,L1,1,324733.015701,324733.216826,324733.264973,met,0.001382
b1,L2,1,324734.015561,324734.223772,324734.276336,met,0.000965
b1,L1,2,324735.015701,324735.222530,324735.271171,met,0.003701
b1,L2,2,324737.015561,324737.090436,324737.137744,met,0.001580
b1,L1,3,324737.015701,324737.231400,324737.279123,met,0.004203
b1,L1,4,324739.015701,324739.168772,324739.218490,met,0.002068
b1,L2,3,324740.015561,324740.221568,324740.284336,met,0.001461
b1,L1,5,324741.015701,324741.183808,324741.231575,met,0.003691
b1,L2,4,324743.015561,324743.125419,324743.609257,met,0.431222
b1,L1,6,324743.015701,324743.227102,324743.609929,met,0.332317
b1,L1,7,324745.015701,324745.108629,324745.174328,met,0.021496
b1,L2,5,324746.015561,324746.151190,324746.223892,met,0.023778
b1,L1,8,324747.015701,324747.126661,324747.182321,met,0.009275
b1,L1,9,324749.015701,324749.099354,324749.149370,met,0.003861
b1,L2,6,324749.015561,324749.222482,324749.573216,met,0.297875
b1,L1,10,324751.015701,324751.199301,324751.260293,met,0.014668
b1,L2,7,324752.015561,324752.156465,324752.202261,met,0.001347
b1,L1,11,324753.015701,324753.228005,324753.282190,met,0.010477
b1,L2,8,324755.015561,324755.190117,324755.242930,met,0.002053
b1,L1,12,324755.015701,324755.190302,324755.245519,met,0.006167
b1,L1,13,324757.015701,324757.123372,324757.191041,met,0.023884
b1,L2,9,324758.015561,324758.106348,324758.153026,met,0.000941
b1,L1,14,324759.015701,324759.084514,324759.156891,met,0.025268
b1,L1,15,324761.015701,324761.090040,324761.133377,met,0.001396
b1,L2,10,324761.015561,324761.166955,324761.258487,met,0.041679
b1,L1,16,324763.015701,324763.191954,324763.242030,met,0.004326
b1,L2,11,324764.015561,324764.135533,324764.185374,met,0.003094
b1,L1,17,324765.015701,324765.092520,324765.140403,met,0.003936
b1,L1,18,324767.015701,324767.152239,324767.264352,met,0.062816
b1,L2,12,324767.015561,324767.152199,324767.264294,met,0.060264
b1,L1,19,324769.015701,324769.101398,324769.161975,met,0.013971
b1,L2,13,324770.015561,324770.139668,324770.263953,met,0.073247
b1,L1,20,324771.015701,324771.156311,324771.209671,met,0.010359
b1,L1,21,324773.015701,324773.161877,324773.878942,missed,0.648170
b1,L2,14,324773.015561,324773.161877,324775.059839,met,1.837711
b1,L1,22,324775.015701,324775.151737,324775.198697,met,0.000973
b1,L2,15,324776.015561,324776.200971,324776.264323,met,0.001030
b1,L1,23,324777.015701,324777.208539,324777.252744,met,0.000967
b1,L2,16,324779.015561,324779.186636,324779.232581,met,0.001309
b1,L1,24,324779.015701,324779.225889,324779.274390,met,0.004207
b1,L1,25,324781.015701,324781.081786,324781.130348,met,0.003405
b1,L2,17,324782.015561,324782.188262,324782.239044,met,0.001377
b1,L1,26,324783.015701,324783.222397,324783.269417,met,0.002092
b1,L1,27,324785.015701,324785.172234,324785.220157,met,0.004883
b1,L2,18,324785.015561,324785.193634,324785.238432,met,0.001351
b1,L1,28,324787.015701,324787.090380,324787.139182,met,0.002729
b1,L2,19,324788.015561,324788.100686,324788.150364,met,0.001234
b1,L1,29,324789.015701,324789.155497,324789.203447,met,0.002465
b1,L1,30,324791.015701,324791.148678,324791.199376,met,0.003506
b1,L2,20,324791.015561,324791.153051,324791.199647,met,0.001887
b1,L1,31,324793.015701,324793.139033,324793.186308,met,0.003796
b1,L2,21,324794.015561,324794.151790,324794.195896,met,0.001354
b1,L1,32,324795.015701,324795.158536,324795.207975,met,0.004146
b1,L2,22,324797.015561,324797.175338,324797.222059,met,0.001631
b1,L1,33,324797.015701,324797.206340,324797.253440,met,0.003659
b1,L1,34,324799.015701,324799.079274,324799.126184,met,0.003786
b1,L2,23,324800.015561,324800.228985,324800.283896,met,0.001190
b1,L1,35,324801.015701,324801.185984,324801.234573,met,0.003196
b1,L2,24,324803.015561,324803.159770,324803.207286,met,0.001579
b1,L1,36,324803.015701,324803.221707,324803.273535,met,0.003220
b1,L1,37,324805.015701,324805.196748,324805.901240,missed,0.645909
b1,L2,25,324806.015561,324806.105115,324806.209445,met,0.058043
b1,L1,38,324807.015701,324807.213325,324807.260783,met,0.001067
b1,L2,26,324809.015561,324809.191994,324809.246242,met,0.001366
b1,L1,39,324809.015701,324809.191945,324809.248953,met,0.005092
b1,L1,40,324811.015701,324811.088916,324811.143195,met,0.005054
b1,L2,27,324812.015561,324812.145578,324812.191353,met,0.001254
b1,L1,41,324813.015701,324813.173587,324813.224106,met,0.003969
b1,L1,42,324815.015701,324815.171355,324815.229967,met,0.004798
b1,L2,28,324815.015561,324815.198973,324815.248886,met,0.001313
b1,L1,43,324817.015701,324817.219905,324817.284805,met,0.004289
b1,L2,29,324818.015561,324818.187695,324818.254049,met,0.001567
b1,L1,44,324819.015701,324819.180790,324819.239534,met,0.004208
b1,L2,30,324821.015561,324821.139813,324821.479439,met,0.286322
b1,L1,45,324821.015701,324821.156743,324821.762414,missed,0.546160
b1,L1,46,324823.015701,324823.093997,324823.141052,met,0.003884
b1,L2,31,324824.015561,324824.230330,324824.287468,met,0.008920
b1,L1,47,324825.015701,324825.142165,324825.203458,met,0.001660
b1,L2,32,324827.015561,324827.107311,324827.170765,met,0.001625
b1,L1,48,324827.015701,324827.230205,324827.299472,met,0.015545
b1,L1,49,324829.015701,324829.233776,324829.296895,met,0.017663
b1,L2,33,324830.015561,324830.120199,324830.169103,met,0.001286
b1,L1,50,324831.015701,324831.224039,324831.272656,met,0.002084
b1,L2,34,324833.015561,324833.211316,324833.266180,met,0.001166
b1,L1,51,324833.015701,324833.211484,324833.266651,met,0.004207
b1,L1,52,324835.015701,324835.124198,324835.172234,met,0.001542
b1,L2,35,324836.015561,324836.168468,324836.227700,met,0.007040
b1,L1,53,324837.015701,324837.099516,324837.748018,missed,0.585932
b1,L2,36,324839.015561,324839.222291,324839.276892,met,0.000998
b1,L1,54,324839.015701,324839.222074,324839.277354,met,0.002579
b1,L1,55,324841.015701,324841.183754,324841.261017,met,0.029361
b1,L2,37,324842.015561,324842.143369,324842.192430,met,0.001300
b1,L1,56,324843.015701,324843.147145,324843.197148,met,0.004273
b1,L1,57,324845.015701,324845.184299,324845.237203,met,0.003634
b1,L2,38,324845.015561,324845.223250,324845.269976,met,0.001196
b1,L1,58,324847.015701,324847.230015,324847.297888,met,0.005101
b1,L2,39,324848.015561,324848.222091,324848.270254,met,0.001247
b1,L1,59,324849.015701,324849.240461,324849.289857,met,0.004117
b1,L2,40,324851.015561,324851.198153,324851.498348,met,0.234398
b1,L1,60,324851.015701,324851.228578,324851.498594,met,0.208702
b1,L1,61,324853.015701,324853.141867,324853.849257,missed,0.637620
b1,L1,62,324855.015701,324855.149891,324855.896632,missed,0.644551
b1,L2,41,324854.015561,324854.203584,324855.963107,met,1.676253
b1,L2,42,324857.015561,324857.203068,324857.286055,met,0.001584
b1,L1,63,324857.015701,324857.270489,324857.354481,met,0.003589
b1,L1,64,324859.015701,324859.133590,324859.214268,met,0.001416
b1,L2,43,324860.015561,324860.270443,324860.348205,met,0.001309
b1,L1,65,324861.015701,324861.265098,324862.006552,missed,0.645198
b1,L2,44,324863.015561,324863.147009,324863.302532,met,0.064751
b1,L1,66,324863.015701,324863.146921,324863.302552,met,0.063015
b1,L1,67,324865.015701,324865.254283,324865.299620,met,0.001323
b1,L1,68,324867.015701,324867.143016,324867.879015,missed,0.643936
b1,L2,45,324866.015561,324866.276976,324868.516627,missed,2.140400
b1,L1,69,324869.015701,324869.225355,324869.952063,missed,0.641466
b1,L2,46,324869.015561,324869.258542,324870.225378,met,0.899962
b1,L1,70,324871.015701,324871.257999,324871.985850,missed,0.649282
b1,L2,47,324872.015561,324872.262925,324873.115086,met,0.772721
b1,L1,71,324873.015701,324873.122437,324873.317797,met,0.115840
b1,L1,72,324875.015701,324875.162566,324875.251735,met,0.012543
b1,L2,48,324875.015561,324875.265613,324875.353885,met,0.005166
b1,L1,73,324877.015701,324877.267341,324877.919198,missed,0.563442
b1,L2,49,324878.015561,324878.204365,324878.816018,met,0.545410
b1,L1,74,324879.015701,324879.199328,324879.331696,met,0.058686
b1,L2,50,324881.015561,324881.244659,324881.292876,met,0.001235
b1,L1,75,324881.015701,324881.256064,324881.310899,met,0.003953
b1,L1,76,324883.015701,324883.113047,324883.190598,met,0.003080
b1,L2,51,324884.015561,324884.151790,324884.232026,met,0.001278
b1,L1,77,324885.015701,324885.264435,324885.349093,met,0.004230
b1,L1,78,324887.015701,324887.262979,324887.978676,missed,0.615471
b1,L2,52,324887.015561,324887.262906,324889.488316,missed,2.114377
b1,L1,79,324889.015701,324889.267957,324889.986255,missed,0.639849
b1,L2,53,324890.015561,324890.127440,324890.714672,met,0.502839
b1,L1,80,324891.015701,324891.249095,324891.332738,met,0.001668
b1,L1,81,324893.015701,324893.217867,324893.294810,met,0.003335
b1,L2,54,324893.015561,324893.246200,324893.320060,met,0.001540
b1,L1,82,324895.015701,324895.271055,324895.350413,met,0.001451
b1,L2,55,324896.015561,324896.217292,324896.852189,met,0.562927
b1,L1,83,324897.015701,324897.244685,324897.924024,missed,0.614670
b1,L1,84,324899.015701,324899.122947,324899.208812,met,0.001282
b1,L2,56,324899.015561,324899.214703,324899.323467,met,0.001745
b1,L1,85,324901.015701,324901.150458,324901.910978,missed,0.651746
b1,L1,86,324903.015701,324903.335785,324903.949259,missed,0.515461
b1,L2,57,324902.015561,324902.182870,324904.313135,missed,2.017751
b1,L1,87,324905.015701,324905.139610,324905.230108,met,0.001807
b1,L2,58,324905.015561,324905.284862,324905.418958,met,0.010203
b1,L1,88,324907.015701,324907.303247,324907.391084,met,0.001426
b1,L2,59,324908.015561,324908.252987,324908.300240,met,0.001305
b1,L1,89,324909.015701,324909.257709,324909.306534,met,0.003915
b1,L2,60,324911.015561,324911.223253,324911.274724,met,0.001475
b1,L1,90,324911.015701,324911.223247,324911.276065,met,0.004750
b1,L1,91,324913.015701,324913.223150,324913.273136,met,0.003808
b1,L2,61,324914.015561,324914.221273,324914.270529,met,0.001199
b1,L1,92,324915.015701,324915.200779,324915.249590,met,0.003285
b1,L1,93,324917.015701,324917.125739,324917.176994,met,0.004327
b1,L2,62,324917.015561,324917.222514,324917.267264,met,0.001188
b1,L1,94,324919.015701,324919.157929,324919.208030,met,0.003726
b1,L2,63,324920.015561,324920.134686,324920.185831,met,0.002677
b1,L1,95,324921.015701,324921.108357,324921.158225,met,0.004761
b1,L1,96,324923.015701,324923.143247,324923.199957,met,0.004408
b1,L2,64,324923.015561,324923.143247,324923.200054,met,0.005042
b1,L1,97,324925.015701,324925.092465,324925.139090,met,0.001420
b1,L2,65,324926.015561,324926.191315,324926.239125,met,0.001271
b1,L1,98,324927.015701,324927.210249,324927.259521,met,0.003334
b1,L1,99,324929.015701,324929.203103,324929.254129,met,0.001074
b1,L2,66,324929.015561,324929.219836,324929.270027,met,0.000872
b1,L1,100,324931.015701,324931.166737,324931.211342,met,0.001746
b1,L2,67,324932.015561,324932.125418,324932.170641,met,0.001383
b1,L1,101,324933.015701,324933.096927,324933.781680,missed,0.617971
b1,L2,68,324935.015561,324935.160858,324935.212207,met,0.001414
b1,L1,102,324935.015701,324935.160967,324935.214451,met,0.005055
b1,L1,103,324937.015701,324937.101632,324937.147396,met,0.002094
b1,L2,69,324938.015561,324938.238051,324938.285659,met,0.001302
b1,L1,104,324939.015701,324939.149896,324939.200498,met,0.003808
b1,L2,70,324941.015561,324941.084340,324941.132568,met,0.001278
b1,L1,105,324941.015701,324941.088804,324941.136022,met,0.003281
b1,L1,106,324943.015701,324943.230702,324943.276648,met,0.001524
b1,L2,71,324944.015561,324944.084910,324944.132118,met,0.001272
b1,L1,107,324945.015701,324945.092040,324945.141305,met,0.004538
b1,L2,72,324947.015561,324947.175588,324947.223227,met,0.001380
b1,L1,108,324947.015701,324947.188189,324947.238852,met,0.003800
b1,L1,109,324949.015701,324949.232517,324949.280978,met,0.003572
b1,L2,73,324950.015561,324950.211984,324950.257960,met,0.001221
b1,L1,110,324951.015701,324951.227016,324951.276110,met,0.004302
b1,L2,74,324953.015561,324953.208567,324953.402255,met,0.138528
b1,L1,111,324953.015701,324953.208572,324953.402142,met,0.138321
b1,L1,112,324955.015701,324955.159502,324955.207965,met,0.004173
b1,L2,75,324956.015561,324956.223476,324956.267933,met,0.001185
b1,L1,113,324957.015701,324957.080591,324957.131508,met,0.005029
b1,L1,114,324959.015701,324959.078446,324959.122448,met,0.001789
b1,L2,76,324959.015561,324959.200215,324959.246500,met,0.000876
b1,L1,115,324961.015701,324961.191331,324961.239012,met,0.001693
b1,L2,77,324962.015561,324962.086751,324962.132902,met,0.001225
b1,L1,116,324963.015701,324963.092558,324963.146762,met,0.003488
b1,L1,117,324965.015701,324965.185336,324965.238654,met,0.003050
b1,L2,78,324965.015561,324965.185240,324965.238637,met,0.003755
b1,L1,118,324967.015701,324967.158904,324967.202854,met,0.001488
b1,L2,79,324968.015561,324968.136869,324968.187031,met,0.000920
b1,L1,119,324969.015701,324969.155508,324969.200148,met,0.003293
b1,L2,80,324971.015561,324971.177646,324971.772039,met,0.544420
b1,L1,120,324971.015701,324971.164322,324971.780684,missed,0.556602
b1,L1,121,324973.015701,324973.177887,324973.228596,met,0.004957
b1,L2,81,324974.015561,324974.150724,324974.198863,met,0.001204
b1,L1,122,324975.015701,324975.195903,324975.243213,met,0.004864
b1,L2,82,324977.015561,324977.114353,324977.160596,met,0.001401
b1,L1,123,324977.015701,324977.225941,324977.271588,met,0.001331
b1,L1,124,324979.015701,324979.227106,324979.275227,met,0.002090
b1,L2,83,324980.015561,324980.095475,324980.141980,met,0.000896
b1,L1,125,324981.015701,324981.095099,324981.141353,met,0.003818
b1,L2,84,324983.015561,324983.088432,324983.140356,met,0.007003
b1,L1,126,324983.015701,324983.222519,324983.269243,met,0.001983
b1,L1,127,324985.015701,324985.100123,324985.160807,met,0.007758
b1,L2,85,324986.015561,324986.159030,324986.204342,met,0.000872
b1,L1,128,324987.015701,324987.212162,324987.260506,met,0.003909
b1,L2,86,324989.015561,324989.149576,324989.201320,met,0.001200
b1,L1,129,324989.015701,324989.149492,324989.201325,met,0.002456
b1,L1,130,324991.015701,324991.131177,324991.196743,met,0.019485
b1,L2,87,324992.015561,324992.164067,324992.208079,met,0.000865
b1,L1,131,324993.015701,324993.142760,324993.208299,met,0.020651
b1,L1,132,324995.015701,324995.192129,324995.900647,missed,0.650101
b1,L2,88,324995.015561,324995.080107,324996.205871,met,1.075030
b1,L1,133,324997.015701,324997.207410,324997.253568,met,0.001753
b1,L2,89,324998.015561,324998.198302,324998.244429,met,0.001285
b1,L1,134,324999.015701,324999.197570,324999.740565,met,0.481936
b1,L2,90,325001.015561,325001.215113,325001.267986,met,0.000919
b1,L1,135,325001.015701,325001.227619,325001.281054,met,0.002530
b1,L1,136,325003.015701,325003.149702,325003.197508,met,0.003294
b1,L2,91,325004.015561,325004.158916,325004.204033,met,0.000888
b1,L1,137,325005.015701,325005.155942,325005.212445,met,0.010000
b1,L1,138,325007.015701,325007.095362,325007.140224,met,0.003302
b1,L2,92,325007.015561,325007.156472,325007.199537,met,0.001234
b1,L1,139,325009.015701,325009.094439,325009.140152,met,0.003498
b1,L2,93,325010.015561,325010.102636,325010.147535,met,0.001253
b1,L1,140,325011.015701,325011.218317,325011.263855,met,0.001824
b1,L2,94,325013.015561,325013.108945,325013.151730,met,0.001257
b1,L1,141,325013.015701,325013.124989,325013.168586,met,0.001357
b1,L1,142,325015.015701,325015.178461,325015.224953,met,0.001808
b1,L2,95,325016.015561,325016.154574,325016.198852,met,0.000907
b1,L1,143,325017.015701,325017.091788,325017.136084,met,0.003384
b1,L1,144,325019.015701,325019.095585,325019.143285,met,0.004454
b1,L2,96,325019.015561,325019.119485,325019.163382,met,0.000899
b1,L1,145,325021.015701,325021.167784,325021.211113,met,0.002114
b1,L2,97,325022.015561,325022.185018,325022.228036,met,0.001318
b1,L1,146,325023.015701,325023.157929,325023.235198,met,0.031786
b1,L2,98,325025.015561,325025.123048,325025.167289,met,0.001255
b1,L1,147,325025.015701,325025.137243,325025.183076,met,0.001332
b1,L1,148,325027.015701,325027.098685,325027.418629,met,0.271100
b1,L2,99,325028.015561,325028.187901,325028.233824,met,0.001256
b1,L1,149,325029.015701,325029.079849,325029.125626,met,0.001920
b2,L2,0,325029.506044,325029.566570,325029.617535,met,0.001264
b2,L1,0,325029.505988,325029.566671,325029.617666,met,0.001904
b2,L1,1,325031.505988,325031.706448,325031.749580,met,0.003487
b2,L2,1,325032.506044,325032.626146,325032.672141,met,0.001599
b2,L1,2,325033.505988,325033.667587,325033.712070,met,0.001770
b2,L1,3,325035.505988,325035.586522,325035.632017,met,0.001321
b2,L2,2,325035.506044,325035.694691,325035.733023,met,0.001275
b2,L1,4,325037.505988,325037.723775,325037.770432,met,0.003858
b2,L2,3,325038.506044,325038.714247,325038.756402,met,0.001216
b2,L1,5,325039.505988,325039.564632,325039.614312,met,0.006843
b2,L2,4,325041.506044,325041.637356,325041.688362,met,0.002620
b2,L1,6,325041.505988,325041.637384,325041.688583,met,0.001904
b2,L1,7,325043.505988,325043.724937,325043.769141,met,0.003914
b2,L2,5,325044.506044,325044.725731,325044.768514,met,0.001437
b2,L1,8,325045.505988,325045.616378,325045.853223,met,0.193287
b2,L1,9,325047.505988,325047.568347,325047.614100,met,0.003502
b2,L2,6,325047.506044,325047.584997,325047.628481,met,0.001192
b2,L1,10,325049.505988,325049.569331,325049.613198,met,0.001005
b2,L2,7,325050.506044,325050.577738,325050.621591,met,0.001195
b2,L1,11,325051.505988,325051.693255,325051.735154,met,0.003731
b2,L1,12,325053.505988,325053.599013,325053.644873,met,0.003401
b2,L2,8,325053.506044,325053.644877,325053.694687,met,0.001243
b2,L1,13,325055.505988,325055.699917,325055.745143,met,0.003924
b2,L2,9,325056.506044,325056.673326,325056.714412,met,0.001254
b2,L1,14,325057.505988,325057.615801,325058.320404,missed,0.648586
b2,L1,15,325059.505988,325059.573140,325059.621612,met,0.002028
b2,L2,10,325059.506044,325059.573138,325059.621612,met,0.001318
b2,L1,16,325061.505988,325061.664870,325061.708523,met,0.003528
b2,L2,11,325062.506044,325062.631181,325062.674701,met,0.001260
b2,L1,17,325063.505988,325063.589440,325063.633513,met,0.003407
b2,L1,18,325065.505988,325065.632902,325065.682999,met,0.003592
b2,L2,12,325065.506044,325065.632902,325065.683000,met,0.004190
b2,L1,19,325067.505988,325067.651823,325067.695524,met,0.001854
b2,L2,13,325068.506044,325068.582604,325068.625526,met,0.001448
b2,L1,20,325069.505988,325069.576348,325069.621877,met,0.003349
b2,L1,21,325071.505988,325071.571460,325071.616540,met,0.003423
b2,L2,14,325071.506044,325071.584955,325071.629602,met,0.001247
b2,L1,22,325073.505988,325073.650643,325073.693368,met,0.002039
b2,L2,15,325074.506044,325074.717121,325074.760031,met,0.001210
b2,L1,23,325075.505988,325075.700189,325075.744595,met,0.001569
b2,L2,16,325077.506044,325077.567188,325077.610483,met,0.001494
b2,L1,24,325077.505988,325077.599082,325077.665876,met,0.022619
b2,L1,25,325079.505988,325079.686182,325079.745279,met,0.018205
b2,L2,17,325080.506044,325080.590172,325080.632595,met,0.001172
b2,L1,26,325081.505988,325081.586201,325081.628438,met,0.001313
b2,L2,18,325083.506044,325083.571184,325083.614426,met,0.001259
b2,L1,27,325083.505988,325083.602750,325083.664836,met,0.021849
b2,L1,28,325085.505988,325085.604526,325085.669993,met,0.024913
b2,L2,19,325086.506044,325086.619399,325086.666060,met,0.006406
b2,L1,29,325087.505988,325087.575149,325087.619060,met,0.003300
b2,L2,20,325089.506044,325089.572438,325089.614845,met,0.000893
b2,L1,30,325089.505988,325089.672510,325089.716416,met,0.003182
b2,L1,31,325091.505988,325091.570190,325091.611751,met,0.001366
b2,L2,21,325092.506044,325092.663796,325092.704938,met,0.000869
b2,L1,32,325093.505988,325093.578095,325093.623504,met,0.003265
b2,L2,22,325095.506044,325095.587706,325095.629236,met,0.000847
b2,L1,33,325095.505988,325095.706280,325095.755543,met,0.008958
b2,L1,34,325097.505988,325097.566871,325097.609198,met,0.001491
b2,L2,23,325098.506044,325098.609218,325098.653108,met,0.000837
b2,L1,35,325099.505988,325099.588352,325099.631722,met,0.003392
b2,L1,36,325101.505988,325101.618486,325101.662588,met,0.001869
b2,L2,24,325101.506044,325101.625595,325101.669710,met,0.000851
b2,L1,37,325103.505988,325103.575377,325103.618349,met,0.001323
b2,L2,25,325104.506044,325104.567013,325104.611389,met,0.001087
b2,L1,38,325105.505988,325105.574092,325105.621107,met,0.003250
b2,L1,39,325107.505988,325107.576936,325107.624265,met,0.001931
b2,L2,26,325107.506044,325107.603208,325107.648141,met,0.001021
b2,L1,40,325109.505988,325109.573074,325109.618402,met,0.001852
b2,L2,27,325110.506044,325110.576060,325110.617972,met,0.000867
b2,L1,41,325111.505988,325111.573751,325111.617537,met,0.001786
b2,L1,42,325113.505988,325113.570673,325114.278837,missed,0.650494
b2,L2,28,325113.506044,325113.705912,325114.529965,met,0.779375
b2,L1,43,325115.505988,325115.567339,325115.612770,met,0.003738
b2,L2,29,325116.506044,325116.599186,325116.640941,met,0.001534
b2,L1,44,325117.505988,325117.606767,325117.648412,met,0.001447
b2,L1,45,325119.505988,325119.618012,325120.309818,missed,0.636494
b2,L2,30,325119.506044,325119.573471,325120.614259,met,0.990835
b2,L1,46,325121.505988,325121.645702,325121.686818,met,0.001346
b2,L2,31,325122.506044,325122.577766,325122.748145,met,0.125410
b2,L1,47,325123.505988,325123.582801,325123.668640,met,0.045252
b2,L2,32,325125.506044,325125.582952,325125.631997,met,0.001101
b2,L1,48,325125.505988,325125.588388,325125.635486,met,0.001978
b2,L1,49,325127.505988,325127.572814,325127.638994,met,0.025472
b2,L2,33,325128.506044,325128.615145,325128.656599,met,0.001354
b2,L1,50,325129.505988,325129.589039,325129.640198,met,0.009567
b2,L2,34,325131.506044,325131.601700,325131.643043,met,0.000926
b2,L1,51,325131.505988,325131.667545,325131.711993,met,0.003317
b2,L1,52,325133.505988,325133.629348,325133.674227,met,0.003307
b2,L2,35,325134.506044,325134.567708,325134.610684,met,0.001531
b2,L1,53,325135.505988,325135.567387,325135.643338,met,0.032285
b2,L2,36,325137.506044,325137.620495,325137.664385,met,0.001276
b2,L1,54,325137.505988,325137.650054,325137.695049,met,0.003425
b2,L1,55,325139.505988,325139.645629,325139.691405,met,0.001810
b2,L2,37,325140.506044,325140.591143,325140.642773,met,0.007616
b2,L1,56,325141.505988,325141.614252,325141.714888,met,0.058347
b2,L1,57,325143.505988,325143.573901,325143.615758,met,0.001427
b2,L2,38,325143.506044,325143.600310,325143.658687,met,0.016340
b2,L1,58,325145.505988,325145.614776,325145.659130,met,0.002160
b2,L2,39,325146.506044,325146.567482,325146.611504,met,0.001551
b2,L1,59,325147.505988,325147.629652,325147.717509,met,0.049277
b2,L2,40,325149.506044,325149.619150,325149.667963,met,0.001828
b2,L1,60,325149.505988,325149.618989,325149.667904,met,0.001347
b2,L1,61,325151.505988,325151.599710,325151.843473,met,0.198250
b2,L2,41,325152.506044,325152.706996,325152.747245,met,0.001194
b2,L1,62,325153.505988,325153.574577,325153.615873,met,0.000933
b2,L1,63,325155.505988,325155.586273,325155.631833,met,0.003253
b2,L2,42,325155.506044,325155.634463,325155.678255,met,0.001411
b2,L1,64,325157.505988,325157.701277,325157.743119,met,0.001427
b2,L2,43,325158.506044,325158.657181,325158.702166,met,0.001197
b2,L1,65,325159.505988,325159.631165,325159.682396,met,0.004096
b2,L2,44,325161.506044,325161.583633,325161.625759,met,0.001329
b2,L1,66,325161.505988,325161.668161,325161.794891,met,0.085911
b2,L1,67,325163.505988,325163.572141,325163.615197,met,0.001393
b2,L2,45,325164.506044,325164.593198,325164.636430,met,0.001270
b2,L1,68,325165.505988,325165.588860,325165.633740,met,0.003587
b2,L1,69,325167.505988,325167.574195,325167.623790,met,0.003637
b2,L2,46,325167.506044,325167.591314,325167.634800,met,0.001209
b2,L1,70,325169.505988,325169.568905,325169.614606,met,0.001091
b2,L2,47,325170.506044,325170.584836,325170.628495,met,0.001701
b2,L1,71,325171.505988,325171.652272,325171.725319,met,0.028362
b2,L2,48,325173.506044,325173.571480,325173.619926,met,0.001312
b2,L1,72,325173.505988,325173.571412,325173.622284,met,0.004169
b2,L1,73,325175.505988,325175.696535,325175.738084,met,0.001552
b2,L2,49,325176.506044,325176.719507,325176.801527,met,0.038384
b2,L1,74,325177.505988,325177.651738,325178.361379,missed,0.649731
b2,L2,50,325179.506044,325179.589468,325179.639222,met,0.001384
b2,L1,75,325179.505988,325179.589514,325179.640515,met,0.004394
b2,L1,76,325181.505988,325181.606575,325181.649394,met,0.001385
b2,L2,51,325182.506044,325182.677732,325182.721596,met,0.001218
b2,L1,77,325183.505988,325183.618951,325183.663951,met,0.003811
b2,L2,52,325185.506044,325185.612367,325185.659341,met,0.001060
b2,L1,78,325185.505988,325185.654806,325185.703979,met,0.003938
b2,L1,79,325187.505988,325187.736526,325187.867182,met,0.002626
b2,L2,53,325188.506044,325188.651775,325189.395869,met,0.686263
b2,L1,80,325189.505988,325189.734708,325189.779891,met,0.001348
b2,L1,81,325191.505988,325191.684475,325191.742481,met,0.001017
b2,L2,54,325191.506044,325191.684397,325191.742461,met,0.001329
b2,L1,82,325193.505988,325193.674615,325193.718499,met,0.003254
b2,L2,55,325194.506044,325194.707738,325194.749251,met,0.001142
b2,L1,83,325195.505988,325195.640818,325195.685331,met,0.003280
b2,L1,84,325197.505988,325197.653524,325197.700867,met,0.003414
b2,L2,56,325197.506044,325197.712279,325197.758092,met,0.001233
b2,L1,85,325199.505988,325199.711086,325199.787957,met,0.031533
b2,L2,57,325200.506044,325200.670603,325200.713691,met,0.000888
b2,L1,86,325201.505988,325201.667646,325201.727455,met,0.002607
b2,L1,87,325203.505988,325203.620411,325203.664487,met,0.003332
b2,L2,58,325203.506044,325203.687779,325203.731211,met,0.001285
b2,L1,88,325205.505988,325205.703802,325205.746211,met,0.001401
b2,L2,59,325206.506044,325206.674879,325206.718700,met,0.000997
b2,L1,89,325207.505988,325207.688572,325207.733880,met,0.003379
b2,L2,60,325209.506044,325209.665278,325209.717541,met,0.001266
b2,L1,90,325209.505988,325209.716165,325209.773477,met,0.004530
b2,L1,91,325211.505988,325211.718531,325211.776325,met,0.001265
b2,L2,61,325212.506044,325212.656397,325212.709083,met,0.001318
b2,L1,92,325213.505988,325213.653872,325213.699950,met,0.003094
b2,L1,93,325215.505988,325215.698488,325215.747688,met,0.003299
b2,L2,62,325215.506044,325215.723671,325215.773697,met,0.001224
b2,L1,94,325217.505988,325217.708806,325217.792438,met,0.003235
b2,L2,63,325218.506044,325218.693717,325218.739183,met,0.001257
b2,L1,95,325219.505988,325219.740693,325220.457365,missed,0.650219
b2,L2,64,325221.506044,325221.641224,325221.713005,met,0.031584
b2,L1,96,325221.505988,325221.713004,325221.758823,met,0.002034
b2,L1,97,325223.505988,325223.710601,325223.753231,met,0.003252
b2,L2,65,325224.506044,325224.689931,325224.732093,met,0.001204
b2,L1,98,325225.505988,325225.573492,325225.615562,met,0.003299
b2,L2,66,325227.506044,325227.608165,325227.649876,met,0.001272
b2,L1,99,325227.505988,325227.694671,325227.737535,met,0.003298
b2,L1,100,325229.505988,325229.574387,325229.618952,met,0.000850
b2,L2,67,325230.506044,325230.681929,325230.727231,met,0.000851
b2,L1,101,325231.505988,325231.672705,325231.725163,met,0.012300
b2,L2,68,325233.506044,325233.669863,325233.713143,met,0.001279
b2,L1,102,325233.505988,325233.709647,325233.755907,met,0.003855
b2,L1,103,325235.505988,325235.699520,325235.742771,met,0.001350
b2,L2,69,325236.506044,325236.703056,325236.746648,met,0.000872
b2,L1,104,325237.505988,325237.692223,325237.740579,met,0.003328
b2,L2,70,325239.506044,325239.626381,325239.695705,met,0.000983
b2,L1,105,325239.505988,325239.714727,325239.782136,met,0.002963
b2,L1,106,325241.505988,325241.706520,325241.792786,met,0.001942
b2,L2,71,325242.506044,325242.701791,325242.776417,met,0.001307
b2,L1,107,325243.505988,325243.748823,325243.815712,met,0.003258
b2,L2,72,325245.506044,325245.807167,325246.391780,met,0.462548
b2,L1,108,325245.505988,325245.718826,325246.409457,missed,0.556995
b2,L1,109,325247.505988,325247.689432,325247.746673,met,0.003854
b2,L2,73,325248.506044,325248.758444,325248.805661,met,0.001377
b2,L1,110,325249.505988,325249.776426,325249.840564,met,0.003445
b2,L1,111,325251.505988,325251.748782,325252.540576,missed,0.648569
b2,L2,74,325251.506044,325251.790700,325253.589555,met,1.708381
b2,L1,112,325253.505988,325253.754794,325253.908458,met,0.001473
b2,L2,75,325254.506044,325254.849019,325254.945559,met,0.001833
b2,L1,113,325255.505988,325255.768207,325255.858808,met,0.001932
b2,L1,114,325257.505988,325257.610123,325257.698673,met,0.004788
b2,L2,76,325257.506044,325257.629282,325257.711564,met,0.001292
b2,L1,115,325259.505988,325259.764324,325259.806340,met,0.000978
b2,L2,77,325260.506044,325260.765976,325260.852530,met,0.001716
b2,L1,116,325261.505988,325261.716477,325262.091545,met,0.297460
b2,L2,78,325263.506044,325263.593811,325263.634409,met,0.001432
b2,L1,117,325263.505988,325263.762802,325263.811194,met,0.004569
b2,L1,118,325265.505988,325265.576966,325265.693775,met,0.074275
b2,L2,79,325266.506044,325266.620571,325266.661187,met,0.001227
b2,L1,119,325267.505988,325267.636674,325267.678485,met,0.001393
b2,L2,80,325269.506044,325269.576446,325269.624904,met,0.004056
b2,L1,120,325269.505988,325269.576445,325269.625073,met,0.003469
b2,L1,121,325271.505988,325271.718380,325271.764710,met,0.003429
b2,L2,81,325272.506044,325272.580345,325272.622273,met,0.001238
b2,L1,122,325273.505988,325273.626796,325273.670071,met,0.003910
b2,L1,123,325275.505988,325275.606278,325275.650763,met,0.003286
b2,L2,82,325275.506044,325275.642873,325275.685441,met,0.001203
b2,L1,124,325277.505988,325277.582321,325277.625379,met,0.001798
b2,L2,83,325278.506044,325278.684378,325278.725837,met,0.001237
b2,L1,125,325279.505988,325279.567608,325279.613492,met,0.003347
b2,L2,84,325281.506044,325281.566274,325281.608250,met,0.001215
b2,L1,126,325281.505988,325281.689470,325281.732259,met,0.003314
b2,L1,127,325283.505988,325283.652561,325284.266842,missed,0.558144
b2,L2,85,325284.506044,325284.611320,325284.651921,met,0.001164
b2,L1,128,325285.505988,325285.577390,325285.619211,met,0.001337
b2,L1,129,325287.505988,325287.577716,325287.619139,met,0.003280
b2,L2,86,325287.506044,325287.686311,325287.725715,met,0.001225
b2,L1,130,325289.505988,325289.587076,325289.633196,met,0.004997
b2,L2,87,325290.506044,325290.702765,325290.741436,met,0.001230
b2,L1,131,325291.505988,325291.592962,325291.635809,met,0.003523
b2,L2,88,325293.506044,325293.594381,325293.641007,met,0.001162
b2,L1,132,325293.505988,325293.594378,325293.642302,met,0.003877
b2,L1,133,325295.505988,325295.708203,325295.755618,met,0.003336
b2,L2,89,325296.506044,325296.703116,325296.742732,met,0.001211
b2,L1,134,325297.505988,325297.624925,325297.671523,met,0.003532
b2,L1,135,325299.505988,325299.570457,325299.634158,met,0.002450
b2,L2,90,325299.506044,325299.569371,325299.633768,met,0.001009
b2,L1,136,325301.505988,325301.716463,325301.757259,met,0.001329
b2,L2,91,325302.506044,325302.574948,325302.619574,met,0.001265
b2,L1,137,325303.505988,325303.670513,325303.711905,met,0.003217
b2,L2,92,325305.506044,325305.596002,325305.637903,met,0.001597
b2,L1,138,325305.505988,325305.688414,325305.730654,met,0.003252
b2,L1,139,325307.505988,325307.627042,325307.668576,met,0.001364
b2,L2,93,325308.506044,325308.608079,325308.649458,met,0.001124
b2,L1,140,325309.505988,325309.707216,325309.759361,met,0.003273
b2,L2,94,325311.506044,325311.671320,325311.713662,met,0.001237
b2,L1,141,325311.505988,325311.686558,325311.729412,met,0.003146
b2,L1,142,325313.505988,325313.676830,325313.717311,met,0.001338
b2,L2,95,325314.506044,325314.658417,325315.623627,met,0.881920
b2,L1,143,325315.505988,325315.606735,325315.669261,met,0.007835
b2,L2,96,325317.506044,325317.575167,325317.635433,met,0.001300
b2,L1,144,325317.505988,325317.650607,325317.695981,met,0.001421
b2,L1,145,325319.505988,325319.697047,325319.764962,met,0.001343
b2,L2,97,325320.506044,325320.632095,325320.673723,met,0.000932
b2,L1,146,325321.505988,325321.578066,325321.641867,met,0.018895
b2,L1,147,325323.505988,325323.590458,325323.681554,met,0.048596
b2,L2,98,325323.506044,325323.573517,325323.681566,met,0.062871
b2,L1,148,325325.505988,325325.578552,325325.621031,met,0.001773
b2,L2,99,325326.506044,325326.627053,325326.667932,met,0.001226
b2,L1,149,325327.505988,325327.577647,325328.076099,met,0.452276
b3,L1,0,325328.444047,325328.505776,325328.553806,met,0.001948
b3,L2,0,325328.444209,325328.505841,325328.553850,met,0.001249
b3,L1,1,325330.444047,325330.511646,325330.553215,met,0.002196
b3,L2,1,325331.444209,325331.520537,325331.563723,met,0.001227
b3,L1,2,325332.444047,325332.543286,325332.585825,met,0.001351
b3,L2,2,325334.444209,325334.513112,325334.554909,met,0.001282
b3,L1,3,325334.444047,325334.549527,325334.588864,met,0.001321
b3,L1,4,325336.444047,325336.530196,325336.574542,met,0.003294
b3,L2,3,325337.444209,325337.634690,325337.676594,met,0.001243
b3,L1,5,325338.444047,325338.594056,325338.635088,met,0.001370
b3,L1,6,325340.444047,325340.530855,325340.605981,met,0.022050
b3,L2,4,325340.444209,325340.640314,325340.744904,met,0.047523
b3,L1,7,325342.444047,325342.564289,325342.688137,met,0.063923
b3,L2,5,325343.444209,325343.622239,325343.683813,met,0.001340
b3,L1,8,325344.444047,325344.614064,325344.661110,met,0.001410
b3,L1,9,325346.444047,325346.562170,325347.149456,missed,0.517230
b3,L2,6,325346.444209,325346.679351,325347.305234,met,0.557404
b3,L1,10,325348.444047,325348.642115,325348.702641,met,0.001862
b3,L2,7,325349.444209,325349.695443,325349.756522,met,0.001225
b3,L1,11,325350.444047,325350.537257,325350.610709,met,0.002215
b3,L1,12,325352.444047,325352.666577,325352.749232,met,0.004187
b3,L2,8,325352.444209,325352.694033,325352.759741,met,0.001544
b3,L1,13,325354.444047,325354.511622,325354.552264,met,0.001826
b3,L2,9,325355.444209,325355.654681,325355.694416,met,0.001275
b3,L1,14,325356.444047,325356.654843,325356.698777,met,0.003358
b3,L1,15,325358.444047,325358.512371,325358.556392,met,0.003656
b3,L2,10,325358.444209,325358.622119,325358.663245,met,0.001285
b3,L1,16,325360.444047,325360.552229,325360.593041,met,0.003439
b3,L2,11,325361.444209,325361.546433,325361.586950,met,0.001200
b3,L1,17,325362.444047,325362.527177,325362.569252,met,0.003218
b3,L2,12,325364.444209,325364.512293,325364.552658,met,0.001196
b3,L1,18,325364.444047,325364.632918,325364.673025,met,0.001451
b3,L1,19,325366.444047,325366.510419,325366.554114,met,0.003334
b3,L2,13,325367.444209,325367.610978,325367.654467,met,0.001339
b3,L1,20,325368.444047,325368.501604,325368.547893,met,0.003724
b3,L1,21,325370.444047,325370.505164,325370.547378,met,0.001505
b3,L2,14,325370.444209,325370.510042,325370.551732,met,0.001227
b3,L1,22,325372.444047,325372.520298,325372.563795,met,0.003544
b3,L2,15,325373.444209,325373.525165,325373.568464,met,0.000861
b3,L1,23,325374.444047,325374.524967,325374.567996,met,0.003641
b3,L1,24,325376.444047,325376.510639,325376.555544,met,0.001813
b3,L2,16,325376.444209,325376.529246,325376.575580,met,0.001573
b3,L1,25,325378.444047,325378.550405,325378.592267,met,0.003174
b3,L2,17,325379.444209,325379.505817,325379.553806,met,0.000960
b3,L1,26,325380.444047,325380.622252,325380.674738,met,0.001369
b3,L1,27,325382.444047,325382.537144,325382.604074,met,0.004614
b3,L2,18,325382.444209,325382.583951,325382.850891,met,0.001193
b3,L1,28,325384.444047,325384.732589,325384.796487,met,0.003483
b3,L2,19,325385.444209,325385.576503,325385.624595,met,0.001249
b3,L1,29,325386.444047,325386.522019,325386.590286,met,0.001350
b3,L2,20,325388.444209,325388.576540,325388.626312,met,0.001243
b3,L1,30,325388.444047,325388.585982,325388.638431,met,0.003737
b3,L1,31,325390.444047,325390.532488,325390.580452,met,0.003772
b3,L2,21,325391.444209,325391.527892,325391.577059,met,0.001326
b3,L1,32,325392.444047,325392.558671,325392.613352,met,0.001501
b3,L2,22,325394.444209,325394.512176,325394.562752,met,0.001274
b3,L1,33,325394.444047,325394.515669,325394.564032,met,0.003538
b3,L1,34,325396.444047,325396.511844,325396.562208,met,0.003458
b3,L2,23,325397.444209,325397.517714,325397.564797,met,0.001419
b3,L1,35,325398.444047,325398.535297,325398.584321,met,0.002929
b3,L1,36,325400.444047,325400.513216,325400.778840,met,0.205177
b3,L2,24,325400.444209,325400.513143,325400.778926,met,0.203461
b3,L1,37,325402.444047,325402.575432,325403.206058,missed,0.563282
b3,L2,25,325403.444209,325403.564611,325403.619557,met,0.001448
b3,L1,38,325404.444047,325404.597713,325404.646266,met,0.003326
b3,L1,39,325406.444047,325406.561205,325406.616492,met,0.001826
b3,L2,26,325406.444209,325406.587182,325406.641855,met,0.001335
b3,L1,40,325408.444047,325408.546808,325409.189449,missed,0.575946
b3,L2,27,325409.444209,325409.584915,325409.637241,met,0.000876
b3,L1,41,325410.444047,325410.586511,325410.635296,met,0.001192
b3,L1,42,325412.444047,325412.566705,325412.618968,met,0.001407
b3,L2,28,325412.444209,325412.587501,325412.637894,met,0.001116
b3,L1,43,325414.444047,325414.536769,325414.590321,met,0.003187
b3,L2,29,325415.444209,325415.520988,325415.572981,met,0.000934
b3,L1,44,325416.444047,325416.588400,325416.642231,met,0.003592
b3,L2,30,325418.444209,325418.573931,325418.629166,met,0.001366
b3,L1,45,325418.444047,325418.590264,325418.650185,met,0.003198
b3,L1,46,325420.444047,325420.582202,325420.631469,met,0.003237
b3,L2,31,325421.444209,325421.518080,325421.564619,met,0.000914
b3,L1,47,325422.444047,325422.582139,325422.630703,met,0.003386
b3,L1,48,325424.444047,325424.535487,325424.589451,met,0.002872
b3,L2,32,325424.444209,325424.557845,325424.611623,met,0.001126
b3,L1,49,325426.444047,325426.516203,325426.561035,met,0.001306
b3,L2,33,325427.444209,325427.557490,325427.618744,met,0.000936
b3,L1,50,325428.444047,325428.565161,325428.614765,met,0.002000
b3,L1,51,325430.444047,325430.506131,325430.558947,met,0.001966
b3,L2,34,325430.444209,325430.540454,325430.592319,met,0.001108
b3,L1,52,325432.444047,325432.584387,325432.633614,met,0.001199
b3,L2,35,325433.444209,325433.576830,325433.622435,met,0.000889
b3,L1,53,325434.444047,325434.578990,325434.630242,met,0.003138
b3,L1,54,325436.444047,325436.552980,325436.616190,met,0.002773
b3,L2,36,325436.444209,325436.581227,325436.645413,met,0.001166
b3,L1,55,325438.444047,325438.580250,325438.651531,met,0.015009
b3,L2,37,325439.444209,325439.524287,325440.969505,met,1.386456
b3,L1,56,325440.444047,325440.578753,325441.022866,met,0.388958
b3,L2,38,325442.444209,325442.570315,325442.629390,met,0.000970
b3,L1,57,325442.444047,325442.570172,325442.629490,met,0.002333
b3,L1,58,325444.444047,325444.556004,325444.630022,met,0.023359
b3,L2,39,325445.444209,325445.539458,325445.653426,met,0.052971
b3,L1,59,325446.444047,325446.583351,325446.655488,met,0.003144
b3,L1,60,325448.444047,325448.616372,325448.760402,met,0.040997
b3,L2,40,325448.444209,325448.608420,325448.762048,met,0.039960
b3,L1,61,325450.444047,325450.561595,325450.630679,met,0.003273
b3,L2,41,325451.444209,325451.607717,325451.684356,met,0.018351
b3,L1,62,325452.444047,325452.576503,325452.631463,met,0.003586
b3,L2,42,325454.444209,325454.601804,325454.701042,met,0.036144
b3,L1,63,325454.444047,325454.590680,325454.701240,met,0.049925
b3,L1,64,325456.444047,325456.650523,325456.802446,met,0.001475
b3,L2,43,325457.444209,325457.588325,325457.668323,met,0.030664
b3,L1,65,325458.444047,325458.569533,325458.634045,met,0.003487
b3,L1,66,325460.444047,325460.534666,325460.632800,met,0.022709
b3,L2,44,325460.444209,325460.585750,325460.719266,met,0.056403
b3,L1,67,325462.444047,325462.584692,325462.753950,met,0.118603
b3,L2,45,325463.444209,325463.560263,325463.652205,met,0.040267
b3,L1,68,325464.444047,325464.581387,325464.692135,met,0.068578
b3,L1,69,325466.444047,325466.512922,325466.600023,met,0.040905
b3,L2,46,325466.444209,325466.579076,325466.644896,met,0.020317
b3,L1,70,325468.444047,325468.575662,325468.624738,met,0.001408
b3,L2,47,325469.444209,325469.513060,325469.628090,met,0.057910
b3,L1,71,325470.444047,325470.581993,325470.636165,met,0.002463
b3,L1,72,325472.444047,325472.540951,325473.184970,missed,0.575734
b3,L2,48,325472.444209,325472.588474,325473.494134,met,0.851771
b3,L1,73,325474.444047,325474.593391,325474.651957,met,0.010542
b3,L2,49,325475.444209,325475.520517,325475.572286,met,0.001314
b3,L1,74,325476.444047,325476.520997,325476.567033,met,0.001326
b3,L2,50,325478.444209,325478.509448,325478.569810,met,0.001229
b3,L1,75,325478.444047,325478.525145,325478.583854,met,0.001450
b3,L1,76,325480.444047,325480.582770,325480.633289,met,0.003286
b3,L2,51,325481.444209,325481.539330,325481.586414,met,0.001296
b3,L1,77,325482.444047,325482.540077,325482.589374,met,0.002261
b3,L1,78,325484.444047,325484.514066,325484.616815,met,0.048671
b3,L2,52,325484.444209,325484.517747,325484.616987,met,0.045610
b3,L1,79,325486.444047,325486.607181,325486.657931,met,0.001360
b3,L2,53,325487.444209,325487.542611,325487.638965,met,0.040484
b3,L1,80,325488.444047,325488.538158,325488.586450,met,0.003435
b3,L1,81,325490.444047,325490.503012,325490.606491,met,0.055706
b3,L2,54,325490.444209,325490.571329,325490.653010,met,0.033508
b3,L1,82,325492.444047,325492.507730,325492.554869,met,0.001521
b3,L2,55,325493.444209,325493.509058,325493.650206,met,0.094624
b3,L1,83,325494.444047,325494.512795,325494.572844,met,0.004277
b3,L1,84,325496.444047,325496.565137,325496.661976,met,0.042314
b3,L2,56,325496.444209,325496.564834,325496.662163,met,0.040351
b3,L1,85,325498.444047,325498.582584,325498.631733,met,0.001485
b3,L2,57,325499.444209,325499.543316,325499.727308,met,0.124906
b3,L1,86,325500.444047,325500.576249,325500.622701,met,0.001371
b3,L1,87,325502.444047,325502.589122,325503.183333,missed,0.530665
b3,L2,58,325502.444209,325502.594704,325503.398827,met,0.753113
b3,L1,88,325504.444047,325504.514756,325504.562452,met,0.004760
b3,L2,59,325505.444209,325505.591318,325505.639492,met,0.001740
b3,L1,89,325506.444047,325506.514701,325506.566398,met,0.002447
b3,L2,60,325508.444209,325508.541751,325508.765753,met,0.173985
b3,L1,90,325508.444047,325508.586774,325508.987583,met,0.354143
b3,L1,91,325510.444047,325510.530225,325510.580127,met,0.003314
b3,L2,61,325511.444209,325511.566096,325511.618328,met,0.001274
b3,L1,92,325512.444047,325512.579270,325512.626758,met,0.003030
b3,L1,93,325514.444047,325514.573312,325514.625502,met,0.003387
b3,L2,62,325514.444209,325514.582944,325514.634386,met,0.001240
b3,L1,94,325516.444047,325516.519720,325516.569180,met,0.003362
b3,L2,63,325517.444209,325517.557720,325517.608391,met,0.001354
b3,L1,95,325518.444047,325518.547413,325518.595027,met,0.001857
b3,L2,64,325520.444209,325520.573621,325520.626864,met,0.001364
b3,L1,96,325520.444047,325520.578240,325520.629099,met,0.003805
b3,L1,97,325522.444047,325522.564379,325522.615068,met,0.003474
b3,L2,65,325523.444209,325523.516729,325523.563436,met,0.001280
b3,L1,98,325524.444047,325524.526559,325524.583128,met,0.009171
b3,L1,99,325526.444047,325526.513036,325526.563935,met,0.001482
b3,L2,66,325526.444209,325526.521664,325526.589624,met,0.020106
b3,L1,100,325528.444047,325528.567516,325528.620001,met,0.003658
b3,L2,67,325529.444209,325529.576612,325529.668420,met,0.045914
b3,L1,101,325530.444047,325530.525177,325530.615735,met,0.042027
b3,L2,68,325532.444209,325532.509607,325532.556236,met,0.001366
b3,L1,102,325532.444047,325532.579946,325532.627787,met,0.001381
b3,L1,103,325534.444047,325534.508421,325534.690803,met,0.136945
b3,L2,69,325535.444209,325535.580453,325535.625281,met,0.001271
b3,L1,104,325536.444047,325536.542497,325536.588045,met,0.001475
b3,L1,105,325538.444047,325538.506622,325538.568488,met,0.008212
b3,L2,70,325538.444209,325538.506389,325538.568538,met,0.008447
b3,L1,106,325540.444047,325540.544592,325540.616555,met,0.024089
b3,L2,71,325541.444209,325541.595480,325541.661902,met,0.001421
b3,L1,107,325542.444047,325542.562117,325542.626796,met,0.021366
b3,L1,108,325544.444047,325544.563604,325544.623127,met,0.002277
b3,L2,72,325544.444209,325544.575104,325544.634643,met,0.001185
b3,L1,109,325546.444047,325546.534822,325546.602427,met,0.003975
b3,L2,73,325547.444209,325547.569611,325547.618619,met,0.000912
b3,L1,110,325548.444047,325548.598604,325548.641510,met,0.000957
b3,L1,111,325550.444047,325550.542756,325550.595054,met,0.003568
b3,L2,74,325550.444209,325550.561721,325550.609795,met,0.001215
b3,L1,112,325552.444047,325552.580826,325552.636681,met,0.003868
b3,L2,75,325553.444209,325553.560137,325553.611076,met,0.001208
b3,L1,113,325554.444047,325554.581579,325554.633794,met,0.001100
b3,L2,76,325556.444209,325556.530886,325556.579843,met,0.001303
b3,L1,114,325556.444047,325556.575859,325556.626268,met,0.003708
b3,L1,115,325558.444047,325558.583100,325558.629493,met,0.002079
b3,L2,77,325559.444209,325559.520601,325559.568578,met,0.001183
b3,L1,116,325560.444047,325560.530005,325560.579374,met,0.002121
b3,L2,78,325562.444209,325562.581595,325562.632394,met,0.001255
b3,L1,117,325562.444047,325562.581515,325562.635579,met,0.003912
b3,L1,118,325564.444047,325564.553879,325565.186169,missed,0.572909
b3,L2,79,325565.444209,325565.565783,325565.747257,met,0.129968
b3,L1,119,325566.444047,325566.554865,325566.634814,met,0.032081
b3,L2,80,325568.444209,325568.526514,325568.628239,met,0.049747
b3,L1,120,325568.444047,325568.542724,325568.628866,met,0.035634
b3,L1,121,325570.444047,325570.585104,325570.995034,met,0.355950
b3,L2,81,325571.444209,325571.581573,325571.680698,met,0.040589
b3,L1,122,325572.444047,325572.570278,325572.618234,met,0.002626
b3,L1,123,325574.444047,325574.531089,325574.636049,met,0.048862
b3,L2,82,325574.444209,325574.531182,325574.636060,met,0.049577
b3,L1,124,325576.444047,325576.583100,325576.629712,met,0.003750
b3,L2,83,325577.444209,325577.587351,325577.672611,met,0.034526
b3,L1,125,325578.444047,325578.525178,325578.568804,met,0.001439
b3,L2,84,325580.444209,325580.560219,325580.629199,met,0.017757
b3,L1,126,325580.444047,325580.542778,325580.629478,met,0.034053
b3,L1,127,325582.444047,325582.586185,325582.635868,met,0.003772
b3,L2,85,325583.444209,325583.590222,325583.664056,met,0.019839
b3,L1,128,325584.444047,325584.532555,325584.582152,met,0.003411
b3,L1,129,325586.444047,325586.518286,325586.623732,met,0.047208
b3,L2,86,325586.444209,325586.518161,325586.623753,met,0.045350
b3,L1,130,325588.444047,325588.561628,325588.609229,met,0.001453
b3,L2,87,325589.444209,325589.535385,325589.613255,met,0.023174
b3,L1,131,325590.444047,325590.549257,325590.600798,met,0.000899
b3,L2,88,325592.444209,325592.576778,325592.641658,met,0.001219
b3,L1,132,325592.444047,325592.576491,325592.642151,met,0.003003
b3,L1,133,325594.444047,325594.599212,325594.646902,met,0.001337
b3,L2,89,325595.444209,325595.525533,325595.614514,met,0.045187
b3,L1,134,325596.444047,325596.552225,325597.198927,missed,0.572795
b3,L2,90,325598.444209,325598.527771,325598.628793,met,0.046423
b3,L1,135,325598.444047,325598.573531,325598.633651,met,0.003801
b3,L1,136,325600.444047,325600.584120,325600.631220,met,0.001389
b3,L2,91,325601.444209,325601.586413,325601.743203,met,0.104233
b3,L1,137,325602.444047,325602.565263,325602.618706,met,0.004202
b3,L1,138,325604.444047,325604.571879,325604.628117,met,0.001524
b3,L2,92,325604.444209,325604.575105,325604.629779,met,0.001103
b3,L1,139,325606.444047,325606.600353,325606.649295,met,0.003706
b3,L2,93,325607.444209,325607.593833,325607.639194,met,0.001325
b3,L1,140,325608.444047,325608.583801,325608.641882,met,0.002555
b3,L2,94,325610.444209,325610.523973,325610.571238,met,0.001308
b3,L1,141,325610.444047,325610.582314,325610.628912,met,0.001495
b3,L1,142,325612.444047,325612.532089,325612.576938,met,0.003941
b3,L2,95,325613.444209,325613.584561,325613.638554,met,0.001138
b3,L1,143,325614.444047,325614.506862,325614.567565,met,0.003697
b3,L1,144,325616.444047,325616.521804,325616.568876,met,0.001467
b3,L2,96,325616.444209,325616.581363,325616.627588,met,0.001204
b3,L1,145,325618.444047,325618.521928,325618.586865,met,0.008827
b3,L2,97,325619.444209,325619.572849,325619.617522,met,0.000893
b3,L1,146,325620.444047,325620.546323,325620.593091,met,0.001053
b3,L2,98,325622.444209,325622.517313,325622.562340,met,0.001281
b3,L1,147,325622.444047,325622.579927,325622.630499,met,0.003288
b3,L1,148,325624.444047,325624.538926,325624.584236,met,0.003389
b3,L2,99,325625.444209,325625.559253,325625.603315,met,0.001212
b3,L1,149,325626.444047,325626.525571,325626.572419,met,0.003429
b4,L1,0,325626.967713,325627.040656,325627.678992,missed,0.569701
b4,L2,0,325626.967704,325627.040339,325628.445585,met,1.346309
b4,L1,1,325628.967713,325629.097465,325629.149740,met,0.003529
b4,L2,1,325629.967704,325630.104900,325630.150351,met,0.001247
b4,L1,2,325630.967713,325631.092358,325631.135611,met,0.001345
b4,L2,2,325632.967704,325633.060413,325633.115233,met,0.004057
b4,L1,3,325632.967713,325633.059343,325633.115218,met,0.003471
b4,L1,4,325634.967713,325635.042111,325635.086958,met,0.001865
b4,L2,3,325635.967704,325636.050373,325636.095148,met,0.001168
b4,L1,5,325636.967713,325637.101233,325637.146988,met,0.001428
b4,L2,4,325638.967704,325639.061782,325639.122161,met,0.001093
b4,L1,6,325638.967713,325639.093815,325639.155639,met,0.003129
b4,L1,7,325640.967713,325641.117471,325641.164698,met,0.003358
b4,L2,5,325641.967704,325642.067147,325642.112288,met,0.001219
b4,L1,8,325642.967713,325643.042260,325643.087515,met,0.001408
b4,L1,9,325644.967713,325645.033066,325645.079855,met,0.003401
b4,L2,6,325644.967704,325645.095722,325645.141730,met,0.001170
b4,L1,10,325646.967713,325647.053892,325647.101346,met,0.001842
b4,L2,7,325647.967704,325648.060719,325648.104735,met,0.001207
b4,L1,11,325648.967713,325649.077269,325649.125615,met,0.003964
b4,L1,12,325650.967713,325651.036426,325651.090453,met,0.002327
b4,L2,8,325650.967704,325651.040610,325651.090707,met,0.002256
b4,L1,13,325652.967713,325653.092819,325653.140295,met,0.003420
b4,L2,9,325653.967704,325654.051103,325654.096010,met,0.001312
b4,L1,14,325654.967713,325655.056544,325655.102271,met,0.003032
b4,L2,10,325656.967704,325657.041703,325657.085482,met,0.001200
b4,L1,15,325656.967713,325657.098237,325657.146820,met,0.003436
b4,L1,16,325658.967713,325659.094958,325659.604983,met,0.456079
b4,L2,11,325659.967704,325660.036514,325660.082900,met,0.001266
b4,L1,17,325660.967713,325661.052989,325661.096170,met,0.001387
b4,L2,12,325662.967704,325663.091035,325663.261125,met,0.123532
b4,L1,18,325662.967713,325663.041043,325663.261265,met,0.173460
b4,L1,19,325664.967713,325665.076132,325665.122537,met,0.003227
b4,L2,13,325665.967704,325666.035972,325666.085055,met,0.001266
b4,L1,20,325666.967713,325667.103463,325667.153261,met,0.004366
b4,L2,14,325668.967704,325669.097499,325669.158007,met,0.001280
b4,L1,21,325668.967713,325669.100949,325669.162545,met,0.004962
b4,L1,22,325670.967713,325671.067464,325671.115102,met,0.003332
b4,L2,15,325671.967704,325672.118631,325672.164174,met,0.001199
b4,L1,23,325672.967713,325673.091695,325673.137866,met,0.003589
b4,L1,24,325674.967713,325675.100933,325675.156253,met,0.004161
b4,L2,16,325674.967704,325675.101527,325675.156253,met,0.004715
b4,L1,25,325676.967713,325677.056929,325677.109467,met,0.001446
b4,L2,17,325677.967704,325678.106893,325678.156668,met,0.001477
b4,L1,26,325678.967713,325679.098762,325679.151094,met,0.003492
b4,L1,27,325680.967713,325681.050667,325681.097746,met,0.001756
b4,L2,18,325680.967704,325681.106753,325681.154354,met,0.000990
b4,L1,28,325682.967713,325683.073987,325683.121090,met,0.001304
b4,L2,19,325683.967704,325684.044390,325684.110431,met,0.018858
b4,L1,29,325684.967713,325685.102336,325685.172421,met,0.021152
b4,L1,30,325686.967713,325687.043622,325687.094258,met,0.001918
b4,L2,20,325686.967704,325687.043618,325687.094354,met,0.001298
b4,L1,31,325688.967713,325689.042425,325689.090480,met,0.001434
b4,L2,21,325689.967704,325690.045548,325691.007628,met,0.900726
b4,L1,32,325690.967713,325691.099490,325691.164364,met,0.011457
b4,L1,33,325692.967713,325693.079987,325693.238580,met,0.108697
b4,L2,22,325692.967704,325693.083450,325693.346873,met,0.213760
b4,L1,34,325694.967713,325695.060868,325695.110179,met,0.003782
b4,L2,23,325695.967704,325696.034535,325696.079517,met,0.001151
b4,L1,35,325696.967713,325697.077581,325697.126507,met,0.004274
b4,L2,24,325698.967704,325699.058382,325699.105154,met,0.001237
b4,L1,36,325698.967713,325699.064206,325699.110966,met,0.003207
b4,L1,37,325700.967713,325701.060064,325701.112487,met,0.004164
b4,L2,25,325701.967704,325702.103150,325702.149510,met,0.001356
b4,L1,38,325702.967713,325703.086834,325703.134840,met,0.004475
b4,L1,39,325704.967713,325705.033357,325705.079241,met,0.003268
b4,L2,26,325704.967704,325705.103933,325705.152106,met,0.001343
b4,L1,40,325706.967713,325707.048195,325707.094766,met,0.001360
b4,L2,27,325707.967704,325708.050330,325708.111497,met,0.001782
b4,L1,41,325708.967713,325709.044156,325709.100894,met,0.003615
b4,L2,28,325710.967704,325711.069715,325711.120667,met,0.001116
b4,L1,42,325710.967713,325711.083423,325711.134918,met,0.001961
b4,L1,43,325712.967713,325713.059626,325713.107216,met,0.003624
b4,L2,29,325713.967704,325714.066880,325714.111440,met,0.001395
b4,L1,44,325714.967713,325715.059672,325715.105495,met,0.003338
b4,L2,30,325716.967704,325717.103571,325717.156989,met,0.001200
b4,L1,45,325716.967713,325717.103529,325717.158335,met,0.003938
b4,L1,46,325718.967713,325719.047134,325719.093372,met,0.001443
b4,L2,31,325719.967704,325720.043360,325720.087382,met,0.000886
b4,L1,47,325720.967713,325721.104267,325721.154444,met,0.003365
b4,L2,32,325722.967704,325723.103948,325723.156255,met,0.001079
b4,L1,48,325722.967713,325723.105523,325723.158937,met,0.004493
b4,L1,49,325724.967713,325725.052193,325725.341501,met,0.236387
b4,L2,33,325725.967704,325726.113027,325726.161333,met,0.001736
b4,L1,50,325726.967713,325727.057830,325727.107176,met,0.004128
b4,L1,51,325728.967713,325729.035953,325729.086109,met,0.003559
b4,L2,34,325728.967704,325729.040075,325729.086146,met,0.001997
b4,L1,52,325730.967713,325731.109007,325731.157070,met,0.003633
b4,L2,35,325731.967704,325732.091411,325732.136136,met,0.001160
b4,L1,53,325732.967713,325733.050241,325733.094250,met,0.003417
b4,L1,54,325734.967713,325735.093801,325735.139751,met,0.002401
b4,L2,36,325734.967704,325735.100009,325735.142147,met,0.000782
b4,L1,55,325736.967713,325737.067941,325737.111963,met,0.001343
b4,L2,37,325737.967704,325738.055637,325738.100591,met,0.001196
b4,L1,56,325738.967713,325739.043638,325739.090657,met,0.003369
b4,L1,57,325740.967713,325741.031341,325741.081293,met,0.001822
b4,L2,38,325740.967704,325741.082994,325741.129058,met,0.001424
b4,L1,58,325742.967713,325743.058546,325743.103926,met,0.001410
b4,L2,39,325743.967704,325744.087715,325744.136239,met,0.001171
b4,L1,59,325744.967713,325745.066086,325745.133573,met,0.019023
b4,L2,40,325746.967704,325747.101000,325747.160811,met,0.001519
b4,L1,60,325746.967713,325747.101007,325747.162658,met,0.004695
b4,L1,61,325748.967713,325749.063976,325749.119483,met,0.001571
b4,L2,41,325749.967704,325750.044984,325750.110215,met,0.017595
b4,L1,62,325750.967713,325751.051518,325751.107663,met,0.004088
b4,L1,63,325752.967713,325753.050139,325753.692369,missed,0.571993
b4,L2,42,325752.967704,325753.077163,325754.057402,met,0.926285
b4,L1,64,325754.967713,325755.111614,325755.157539,met,0.001870
b4,L2,43,325755.967704,325756.051412,325756.123096,met,0.023339
b4,L1,65,325756.967713,325757.077982,325757.123009,met,0.001390
b4,L1,66,325758.967713,325759.057100,325759.105138,met,0.001418
b4,L2,44,325758.967704,325759.076236,325759.123459,met,0.001173
b4,L1,67,325760.967713,325761.112003,325761.160134,met,0.003321
b4,L2,45,325761.967704,325762.077512,325762.125897,met,0.001488
b4,L1,68,325762.967713,325763.092791,325763.238509,met,0.094657
b4,L1,69,325764.967713,325765.107758,325765.160357,met,0.002089
b4,L2,46,325764.967704,325765.107505,325765.160205,met,0.002174
b4,L1,70,325766.967713,325767.112656,325767.169946,met,0.003567
b4,L2,47,325767.967704,325768.087714,325768.143165,met,0.001313
b4,L1,71,325768.967713,325769.103233,325769.170223,met,0.003111
b4,L1,72,325770.967713,325771.102640,325771.499855,met,0.347615
b4,L2,48,325770.967704,325771.108437,325771.558582,met,0.396428
b4,L1,73,325772.967713,325773.110113,325773.160250,met,0.003619
b4,L2,49,325773.967704,325774.104326,325774.153519,met,0.001268
b4,L1,74,325774.967713,325775.096310,325775.142215,met,0.002321
b4,L1,75,325776.967713,325777.044053,325777.091717,met,0.001384
b4,L2,50,325776.967704,325777.092792,325777.149538,met,0.001221
b4,L1,76,325778.967713,325779.063351,325779.110792,met,0.003654
b4,L2,51,325779.967704,325780.050313,325780.116815,met,0.016729
b4,L1,77,325780.967713,325781.111706,325781.163377,met,0.003709
b4,L1,78,325782.967713,325783.039516,325783.085404,met,0.001352
b4,L2,52,325782.967704,325783.092080,325783.138486,met,0.001242
b4,L1,79,325784.967713,325785.106344,325785.170948,met,0.005875
b4,L2,53,325785.967704,325786.094725,325786.140979,met,0.001266
b4,L1,80,325786.967713,325787.117156,325787.159874,met,0.001354
b4,L2,54,325788.967704,325789.043117,325789.094518,met,0.001303
b4,L1,81,325788.967713,325789.043606,325789.098608,met,0.003984
b4,L1,82,325790.967713,325791.093807,325791.140497,met,0.003585
b4,L2,55,325791.967704,325792.060174,325792.104554,met,0.001187
b4,L1,83,325792.967713,325793.067815,325793.114454,met,0.001339
b4,L2,56,325794.967704,325795.072499,325795.130119,met,0.012427
b4,L1,84,325794.967713,325795.097636,325795.147415,met,0.002288
b4,L1,85,325796.967713,325797.096380,325797.145863,met,0.003245
b4,L2,57,325797.967704,325798.086485,325798.132350,met,0.001202
b4,L1,86,325798.967713,325799.042963,325799.097988,met,0.001394
b4,L1,87,325800.967713,325801.084115,325801.143529,met,0.002200
b4,L2,58,325800.967704,325801.084043,325801.143528,met,0.002570
b4,L1,88,325802.967713,325803.048164,325803.098383,met,0.004291
b4,L2,59,325803.967704,325804.048685,325804.107881,met,0.014355
b4,L1,89,325804.967713,325805.077657,325805.139191,met,0.013967
b4,L2,60,325806.967704,325807.030850,325807.079713,met,0.001196
b4,L1,90,325806.967713,325807.069736,325807.117476,met,0.003453
b4,L1,91,325808.967713,325809.026686,325809.070188,met,0.003331
b4,L2,61,325809.967704,325810.082125,325810.127519,met,0.000965
b4,L1,92,325810.967713,325811.106315,325811.159411,met,0.009222
b4,L2,62,325812.967704,325813.101906,325813.156860,met,0.004905
b4,L1,93,325812.967713,325813.101883,325813.156761,met,0.004332
b4,L1,94,325814.967713,325815.048669,325815.685828,missed,0.572407
b4,L2,63,325815.967704,325816.077995,325816.122721,met,0.001215
b4,L1,95,325816.967713,325817.066571,325817.109769,met,0.001324
b4,L1,96,325818.967713,325819.073792,325819.121763,met,0.003228
b4,L2,64,325818.967704,325819.077125,325819.121684,met,0.002106
b4,L1,97,325820.967713,325821.076778,325821.124928,met,0.003368
b4,L2,65,325821.967704,325822.050287,325822.094689,met,0.001161
b4,L1,98,325822.967713,325823.044329,325823.092606,met,0.003535
b4,L2,66,325824.967704,325825.035668,325825.576011,met,0.481152
b4,L1,99,325824.967713,325825.035821,325825.575805,met,0.480445
b4,L1,100,325826.967713,325827.096458,325827.144628,met,0.001959
b4,L2,67,325827.967704,325828.120832,325828.200647,met,0.001425
b4,L1,101,325828.967713,325829.104638,325829.154722,met,0.001422
b4,L1,102,325830.967713,325831.063651,325831.119222,met,0.003142
b4,L2,68,325830.967704,325831.119063,325831.172387,met,0.000943
b4,L1,103,325832.967713,325833.102298,325833.148458,met,0.001054
b4,L2,69,325833.967704,325834.101517,325834.150219,met,0.001415
b4,L1,104,325834.967713,325835.067504,325835.117578,met,0.002215
b4,L2,70,325836.967704,325837.050095,325837.093695,met,0.001117
b4,L1,105,325836.967713,325837.095090,325837.144443,met,0.003423
b4,L1,106,325838.967713,325839.095546,325839.139571,met,0.001464
b4,L2,71,325839.967704,325840.100943,325840.145633,met,0.001529
b4,L1,107,325840.967713,325841.073497,325841.123087,met,0.002086
b4,L1,108,325842.967713,325843.039197,325843.087532,met,0.003385
b4,L2,72,325842.967704,325843.064547,325843.110394,met,0.001235
b4,L1,109,325844.967713,325845.102663,325845.148080,met,0.001477
b4,L2,73,325845.967704,325846.052331,325846.782963,met,0.679643
b4,L1,110,325846.967713,325847.101344,325847.149175,met,0.004890
b4,L1,111,325848.967713,325849.047047,325849.092199,met,0.001302
b4,L2,74,325848.967704,325849.052844,325849.097554,met,0.001066
b4,L1,112,325850.967713,325851.107130,325851.157357,met,0.003216
b4,L2,75,325851.967704,325852.096737,325852.143857,met,0.001264
b4,L1,113,325852.967713,325853.100206,325853.150664,met,0.003571
b4,L2,76,325854.967704,325855.094937,325855.151047,met,0.001247
b4,L1,114,325854.967713,325855.102370,325855.153600,met,0.001309
b4,L1,115,325856.967713,325857.097154,325857.148076,met,0.002015
b4,L2,77,325857.967704,325858.106615,325858.152483,met,0.001419
b4,L1,116,325858.967713,325859.080891,325859.127886,met,0.003453
b4,L1,117,325860.967713,325861.051854,325861.104298,met,0.001130
b4,L2,78,325860.967704,325861.091611,325861.148782,met,0.000873
b4,L1,118,325862.967713,325863.068134,325863.115310,met,0.003423
b4,L2,79,325863.967704,325864.042248,325864.088631,met,0.001193
b4,L1,119,325864.967713,325865.109002,325865.172832,met,0.016320
b4,L1,120,325866.967713,325867.092764,325867.149575,met,0.004146
b4,L2,80,325866.967704,325867.092855,325867.149477,met,0.004556
b4,L1,121,325868.967713,325869.106239,325869.156140,met,0.003594
b4,L2,81,325869.967704,325870.060987,325870.120098,met,0.001201
b4,L1,122,325870.967713,325871.077598,325871.129653,met,0.003142
b4,L2,82,325872.967704,325873.055746,325873.130386,met,0.001353
b4,L1,123,325872.967713,325873.115092,325873.174231,met,0.004644
b4,L1,124,325874.967713,325875.107119,325875.158700,met,0.003472
b4,L2,83,325875.967704,325876.062753,325876.114346,met,0.001295
b4,L1,125,325876.967713,325877.063409,325877.697593,missed,0.568506
b4,L2,84,325878.967704,325879.053096,325879.295480,met,0.188413
b4,L1,126,325878.967713,325879.089183,325879.295535,met,0.152041
b4,L1,127,325880.967713,325881.111480,325881.161912,met,0.002051
b4,L2,85,325881.967704,325882.115127,325882.171754,met,0.001197
b4,L1,128,325882.967713,325883.109199,325883.238361,met,0.078152
b4,L2,86,325884.967704,325885.059143,325885.120181,met,0.001345
b4,L1,129,325884.967713,325885.088562,325885.157996,met,0.003506
b4,L1,130,325886.967713,325887.079174,325887.139751,met,0.007953
b4,L2,87,325887.967704,325888.058050,325888.142093,met,0.030378
b4,L1,131,325888.967713,325889.094855,325889.157473,met,0.003382
b4,L2,88,325890.967704,325891.084773,325891.150098,met,0.001295
b4,L1,132,325890.967713,325891.115530,325891.185058,met,0.003158
b4,L1,133,325892.967713,325893.123171,325893.404383,met,0.194409
b4,L2,89,325893.967704,325894.117147,325894.175589,met,0.001190
b4,L1,134,325894.967713,325895.074454,325895.154269,met,0.001596
b4,L2,90,325896.967704,325897.082740,325897.195855,met,0.036769
b4,L1,135,325896.967713,325897.083034,325897.195937,met,0.035816
b4,L1,136,325898.967713,325899.112862,325899.198561,met,0.003910
b4,L2,91,325899.967704,325900.126619,325900.314698,met,0.001613
b4,L1,137,325900.967713,325901.111334,325901.169025,met,0.005717
b4,L1,138,325902.967713,325903.102930,325903.166229,met,0.016319
b4,L2,92,325902.967704,325903.158313,325903.232695,met,0.012666
b4,L1,139,325904.967713,325905.099579,325905.302363,met,0.143433
b4,L2,93,325905.967704,325906.094815,325906.148172,met,0.001191
b4,L1,140,325906.967713,325907.063950,325907.116959,met,0.003407
b4,L1,141,325908.967713,325909.113136,325909.757058,missed,0.567590
b4,L2,94,325908.967704,325909.113825,325909.870497,met,0.697006
b4,L1,142,325910.967713,325911.136660,325911.196158,met,0.001455
b4,L2,95,325911.967704,325912.105218,325912.149663,met,0.001243
b4,L1,143,325912.967713,325913.128284,325913.184490,met,0.003375
b4,L1,144,325914.967713,325915.034173,325915.088161,met,0.004225
b4,L2,96,325914.967704,325915.043580,325915.096759,met,0.001207
b4,L1,145,325916.967713,325917.055317,325917.102403,met,0.003228
b4,L2,97,325917.967704,325918.063968,325918.107272,met,0.001158
b4,L1,146,325918.967713,325919.029752,325919.075304,met,0.003526
b4,L1,147,325920.967713,325921.026650,325921.084215,met,0.001219
b4,L2,98,325920.967704,325921.077673,325921.128145,met,0.000942
b4,L1,148,325922.967713,325923.059348,325923.110864,met,0.003766
b4,L2,99,325923.967704,325924.061201,325924.108468,met,0.001260
b4,L1,149,325924.967713,325925.059115,325925.110221,met,0.003243
b5,L1,0,325925.521858,325925.600203,325925.850656,met,0.186028
b5,L2,0,325925.521965,325925.600541,325925.850519,met,0.185981
b5,L1,1,325927.521858,325927.606114,325927.654229,met,0.001411
b5,L2,1,325928.521965,325928.660865,325928.707871,met,0.001228
b5,L1,2,325929.521858,325929.676995,325929.759210,met,0.003741
b5,L2,2,325931.521965,325931.663572,325931.727846,met,0.001331
b5,L1,3,325931.521858,325931.664031,325931.733081,met,0.004016
b5,L1,4,325933.521858,325933.679037,325933.782098,met,0.001482
b5,L2,3,325934.521965,325934.650421,325934.830096,met,0.104468
b5,L1,5,325935.521858,325935.700875,325935.751271,met,0.004449
b5,L1,6,325937.521858,325937.651769,325937.701706,met,0.003345
b5,L2,4,325937.521965,325937.659222,325937.706146,met,0.001291
b5,L1,7,325939.521858,325939.650187,325939.813266,met,0.116708
b5,L2,5,325940.521965,325940.602172,325941.762302,met,1.102408
b5,L1,8,325941.521858,325941.611271,325942.054478,met,0.383691
b5,L1,9,325943.521858,325943.652409,325943.705385,met,0.003238
b5,L2,6,325943.521965,325943.667135,325943.714180,met,0.001257
b5,L1,10,325945.521858,325945.658962,325945.707028,met,0.003290
b5,L2,7,325946.521965,325946.618656,325946.666351,met,0.001383
b5,L1,11,325947.521858,325947.642847,325947.699484,met,0.003550
b5,L2,8,325949.521965,325949.604456,325949.655329,met,0.001211
b5,L1,12,325949.521858,325949.655544,325949.795131,met,0.078332
b5,L1,13,325951.521858,325951.652442,325951.697262,met,0.000891
b5,L2,9,325952.521965,325952.684267,325952.728972,met,0.001249
b5,L1,14,325953.521858,325953.645675,325953.691391,met,0.003328
b5,L2,10,325955.521965,325955.596886,325955.643006,met,0.001219
b5,L1,15,325955.521858,325955.613477,325955.660106,met,0.003404
b5,L1,16,325957.521858,325957.626185,325957.668613,met,0.001350
b5,L2,11,325958.521965,325958.597282,325958.639955,met,0.001155
b5,L1,17,325959.521858,325959.656994,325959.737850,met,0.038266
b5,L2,12,325961.521965,325961.636853,325961.680013,met,0.001337
b5,L1,18,325961.521858,325961.650606,325961.699911,met,0.003637
b5,L1,19,325963.521858,325963.629215,325963.673104,met,0.001338
b5,L2,13,325964.521965,325964.663860,325964.737051,met,0.030902
b5,L1,20,325965.521858,325965.638687,325965.687486,met,0.004603
b5,L2,14,325967.521965,325967.619142,325967.751628,met,0.076836
b5,L1,21,325967.521858,325967.585030,325967.751779,met,0.111773
b5,L1,22,325969.521858,325969.668875,325969.773893,met,0.060032
b5,L2,15,325970.521965,325970.671619,325970.726734,met,0.001340
b5,L1,23,325971.521858,325971.600821,325972.232407,missed,0.572645
b5,L1,24,325973.521858,325973.624346,325973.672897,met,0.001048
b5,L2,16,325973.521965,325973.638789,325973.688150,met,0.000969
b5,L1,25,325975.521858,325975.647307,325975.693474,met,0.003495
b5,L2,17,325976.521965,325976.652326,325976.715004,met,0.001196
b5,L1,26,325977.521858,325977.634531,325977.850054,met,0.167069
b5,L2,18,325979.521965,325979.672235,325979.785410,met,0.055383
b5,L1,27,325979.521858,325979.665330,325979.785481,met,0.061068
b5,L1,28,325981.521858,325981.661454,325981.706554,met,0.001435
b5,L2,19,325982.521965,325982.662528,325982.712473,met,0.001210
b5,L1,29,325983.521858,325983.651397,325983.698956,met,0.003683
b5,L2,20,325985.521965,325985.644637,325985.698494,met,0.004954
b5,L1,30,325985.521858,325985.644881,325985.698567,met,0.004274
b5,L1,31,325987.521858,325987.642781,325987.687674,met,0.001739
b5,L2,21,325988.521965,325988.654200,325988.701340,met,0.001214
b5,L1,32,325989.521858,325989.584230,325989.667131,met,0.039464
b5,L1,33,325991.521858,325991.653120,325991.703080,met,0.003492
b5,L2,22,325991.521965,325991.651626,325991.703142,met,0.003942
b5,L1,34,325993.521858,325993.652408,325993.697870,met,0.001803
b5,L2,23,325994.521965,325994.638306,325994.784221,met,0.092922
b5,L1,35,325995.521858,325995.647303,325995.696971,met,0.005219
b5,L2,24,325997.521965,325997.618809,325997.666283,met,0.001087
b5,L1,36,325997.521858,325997.614183,325997.666218,met,0.003237
b5,L1,37,325999.521858,325999.675965,325999.793438,met,0.068382
b5,L2,25,326000.521965,326000.675229,326000.721814,met,0.001207
b5,L1,38,326001.521858,326001.593069,326001.643117,met,0.003318
b5,L1,39,326003.521858,326003.677781,326004.309221,missed,0.571730
b5,L2,26,326003.521965,326003.667026,326004.606080,met,0.884230
b5,L1,40,326005.521858,326005.659322,326005.717954,met,0.003468
b5,L2,27,326006.521965,326006.658383,326006.704007,met,0.001215
b5,L1,41,326007.521858,326007.662160,326007.714782,met,0.003527
b5,L2,28,326009.521965,326009.624619,326009.670589,met,0.001006
b5,L1,42,326009.521858,326009.661640,326009.706034,met,0.000948
b5,L1,43,326011.521858,326011.581341,326011.625572,met,0.001913
b5,L2,29,326012.521965,326012.628250,326012.678053,met,0.001273
b5,L1,44,326013.521858,326013.642027,326013.692017,met,0.003464
b5,L1,45,326015.521858,326015.586377,326015.632841,met,0.003298
b5,L2,30,326015.521965,326015.649192,326015.694321,met,0.001263
b5,L1,46,326017.521858,326017.646631,326017.693291,met,0.003356
b5,L2,31,326018.521965,326018.585209,326018.629842,met,0.001213
b5,L1,47,326019.521858,326019.645335,326019.687775,met,0.001762
b5,L2,32,326021.521965,326021.589315,326021.642129,met,0.003764
b5,L1,48,326021.521858,326021.589329,326021.642278,met,0.003316
b5,L1,49,326023.521858,326023.657688,326023.706956,met,0.003334
b5,L2,33,326024.521965,326024.645199,326024.691277,met,0.000846
b5,L1,50,326025.521858,326025.630862,326025.676035,met,0.003204
b5,L2,34,326027.521965,326027.655195,326027.706804,met,0.001262
b5,L1,51,326027.521858,326027.655081,326027.706778,met,0.001979
b5,L1,52,326029.521858,326029.659426,326029.706741,met,0.003301
b5,L2,35,326030.521965,326030.659324,326030.714250,met,0.001277
b5,L1,53,326031.521858,326031.594134,326031.641872,met,0.003312
b5,L1,54,326033.521858,326033.656900,326033.709830,met,0.001132
b5,L2,36,326033.521965,326033.656926,326033.709711,met,0.001312
b5,L1,55,326035.521858,326035.623926,326036.231069,missed,0.544390
b5,L2,37,326036.521965,326036.659744,326036.708669,met,0.001233
b5,L1,56,326037.521858,326037.645811,326037.695573,met,0.006489
b5,L1,57,326039.521858,326039.631795,326039.684303,met,0.002431
b5,L2,38,326039.521965,326039.631859,326039.684208,met,0.000879
b5,L1,58,326041.521858,326041.612817,326041.658673,met,0.003374
b5,L2,39,326042.521965,326042.638001,326042.680036,met,0.001167
b5,L1,59,326043.521858,326043.580375,326043.625691,met,0.001358
b5,L2,40,326045.521965,326045.643645,326045.748755,met,0.055647
b5,L1,60,326045.521858,326045.652508,326045.848894,met,0.150739
b5,L1,61,326047.521858,326047.594995,326047.760918,met,0.004708
b5,L2,41,326048.521965,326048.654226,326048.711737,met,0.001274
b5,L1,62,326049.521858,326049.647136,326049.696512,met,0.001299
b5,L1,63,326051.521858,326051.629967,326051.749362,met,0.062992
b5,L2,42,326051.521965,326051.650034,326051.749670,met,0.045312
b5,L1,64,326053.521858,326053.655491,326053.728936,met,0.029651
b5,L2,43,326054.521965,326054.601941,326054.648080,met,0.001063
b5,L1,65,326055.521858,326055.655040,326055.697155,met,0.001340
b5,L1,66,326057.521858,326057.607469,326057.656061,met,0.003209
b5,L2,44,326057.521965,326057.630211,326057.679680,met,0.001166
b5,L1,67,326059.521858,326059.654791,326059.734125,met,0.036255
b5,L2,45,326060.521965,326060.633492,326060.689169,met,0.001057
b5,L1,68,326061.521858,326061.601292,326061.651971,met,0.003884
b5,L1,69,326063.521858,326063.622056,326063.669992,met,0.003205
b5,L2,46,326063.521965,326063.661476,326063.705890,met,0.001111
b5,L1,70,326065.521858,326065.648782,326066.218879,missed,0.505592
b5,L2,47,326066.521965,326066.631606,326067.649306,met,0.953789
b5,L1,71,326067.521858,326067.673823,326067.800692,met,0.070198
b5,L1,72,326069.521858,326069.644860,326069.694625,met,0.001246
b5,L2,48,326069.521965,326069.666921,326069.716926,met,0.000869
b5,L1,73,326071.521858,326071.653908,326071.705457,met,0.001414
b5,L2,49,326072.521965,326072.657698,326072.705722,met,0.001258
b5,L1,74,326073.521858,326073.661305,326073.713375,met,0.003445
b5,L1,75,326075.521858,326075.661243,326075.713547,met,0.001273
b5,L2,50,326075.521965,326075.657464,326075.713424,met,0.001292
b5,L1,76,326077.521858,326077.649585,326077.708077,met,0.004201
b5,L2,51,326078.521965,326078.629625,326078.680743,met,0.001630
b5,L1,77,326079.521858,326079.662037,326079.713590,met,0.003613
b5,L2,52,326081.521965,326081.614715,326081.673547,met,0.001421
b5,L1,78,326081.521858,326081.662492,326081.732064,met,0.001425
b5,L1,79,326083.521858,326083.649509,326083.700754,met,0.003373
b5,L2,53,326084.521965,326084.677299,326084.748963,met,0.001262
b5,L1,80,326085.521858,326085.657164,326085.707019,met,0.003468
b5,L1,81,326087.521858,326087.687430,326087.745416,met,0.003664
b5,L2,54,326087.521965,326087.715741,326087.769521,met,0.001281
b5,L1,82,326089.521858,326089.619799,326089.671362,met,0.003630
b5,L2,55,326090.521965,326090.661791,326090.707364,met,0.001216
b5,L1,83,326091.521858,326091.663880,326091.713213,met,0.003486
b5,L2,56,326093.521965,326093.586457,326093.669751,met,0.002156
b5,L1,84,326093.521858,326093.669852,326093.738135,met,0.003950
b5,L1,85,326095.521858,326095.664631,326095.717954,met,0.003698
b5,L2,57,326096.521965,326096.674305,326096.736762,met,0.001135
b5,L1,86,326097.521858,326097.619163,326097.682701,met,0.003384
b5,L1,87,326099.521858,326099.610853,326100.096776,met,0.414521
b5,L2,58,326099.521965,326099.650600,326100.100436,met,0.376922
b5,L1,88,326101.521858,326101.629348,326101.701222,met,0.001388
b5,L2,59,326102.521965,326102.626351,326102.692161,met,0.001305
b5,L1,89,326103.521858,326103.616227,326103.678721,met,0.003752
b5,L2,60,326105.521965,326105.627352,326105.684420,met,0.001362
b5,L1,90,326105.521858,326105.664397,326105.720455,met,0.001465
b5,L1,91,326107.521858,326107.641481,326107.690378,met,0.003342
b5,L2,61,326108.521965,326108.662371,326108.718723,met,0.001256
b5,L1,92,326109.521858,326109.653491,326109.711403,met,0.002613
b5,L2,62,326111.521965,326111.594327,326111.646476,met,0.001277
b5,L1,93,326111.521858,326111.653988,326111.710584,met,0.001365
b5,L1,94,326113.521858,326113.661827,326113.713474,met,0.004584
b5,L2,63,326114.521965,326114.631121,326114.678038,met,0.001345
b5,L1,95,326115.521858,326115.589621,326115.646359,met,0.008736
b5,L2,64,326117.521965,326117.658483,326117.717886,met,0.001372
b5,L1,96,326117.521858,326117.658307,326117.720553,met,0.004323
b5,L1,97,326119.521858,326119.675740,326119.763412,met,0.001305
b5,L2,65,326120.521965,326120.669357,326120.718664,met,0.001479
b5,L1,98,326121.521858,326121.677325,326121.728630,met,0.003670
b5,L1,99,326123.521858,326123.657344,326123.713937,met,0.002828
b5,L2,66,326123.521965,326123.657489,326123.714175,met,0.002708
b5,L1,100,326125.521858,326125.645886,326125.700908,met,0.003228
b5,L2,67,326126.521965,326126.628006,326126.671862,met,0.001343
b5,L1,101,326127.521858,326127.637906,326127.688509,met,0.001945
b5,L1,102,326129.521858,326129.656859,326130.237145,missed,0.509627
b5,L2,68,326129.521965,326129.646673,326131.137520,met,1.430689
b5,L1,103,326131.521858,326131.595680,326131.648817,met,0.001017
b5,L2,69,326132.521965,326132.600093,326132.648181,met,0.000905
b5,L1,104,326133.521858,326133.598352,326133.652575,met,0.003346
b5,L2,70,326135.521965,326135.617121,326135.674916,met,0.001033
b5,L1,105,326135.521858,326135.664280,326135.723675,met,0.003381
b5,L1,106,326137.521858,326137.664701,326137.726819,met,0.003915
b5,L2,71,326138.521965,326138.669855,326138.720527,met,0.001279
b5,L1,107,326139.521858,326139.664482,326139.716131,met,0.001485
b5,L1,108,326141.521858,326141.635711,326141.691458,met,0.003586
b5,L2,72,326141.521965,326141.650912,326141.705504,met,0.001215
b5,L1,109,326143.521858,326143.650385,326143.697443,met,0.003368
b5,L2,73,326144.521965,326144.634950,326144.679289,met,0.001329
b5,L1,110,326145.521858,326145.643553,326145.687653,met,0.001893
b5,L2,74,326147.521965,326147.596211,326147.639135,met,0.001207
b5,L1,111,326147.521858,326147.637522,326147.685417,met,0.003707
b5,L1,112,326149.521858,326149.618578,326149.663063,met,0.003377
b5,L2,75,326150.521965,326150.650840,326150.694950,met,0.001554
b5,L1,113,326151.521858,326151.616796,326151.677380,met,0.002047
b5,L2,76,326153.521965,326153.585277,326153.639317,met,0.001071
b5,L1,114,326153.521858,326153.667509,326153.716716,met,0.002068
b5,L1,115,326155.521858,326155.645439,326155.695089,met,0.004529
b5,L2,77,326156.521965,326156.652143,326156.695476,met,0.001299
b5,L1,116,326157.521858,326157.646057,326157.694228,met,0.005143
b5,L2,78,326159.521965,326159.618073,326159.667227,met,0.001222
b5,L1,117,326159.521858,326159.636229,326159.684622,met,0.003326
b5,L1,118,326161.521858,326161.647056,326162.306018,missed,0.573856
b5,L2,79,326162.521965,326162.653583,326162.818311,met,0.117768
b5,L1,119,326163.521858,326163.655995,326163.721774,met,0.001850
b5,L2,80,326165.521965,326165.654631,326165.703199,met,0.001645
b5,L1,120,326165.521858,326165.669762,326165.722420,met,0.004833
b5,L1,121,326167.521858,326167.628165,326167.677998,met,0.002826
b5,L2,81,326168.521965,326168.664735,326168.724194,met,0.001335
b5,L1,122,326169.521858,326169.624340,326169.703811,met,0.004176
b5,L2,82,326171.521965,326171.599002,326171.645272,met,0.001230
b5,L1,123,326171.521858,326171.599470,326171.647680,met,0.003997
b5,L1,124,326173.521858,326173.587865,326173.630902,met,0.003540
b5,L2,83,326174.521965,326174.582612,326174.623024,met,0.001194
b5,L1,125,326175.521858,326175.635562,326175.679800,met,0.003359
b5,L2,84,326177.521965,326177.581394,326177.619985,met,0.000909
b5,L1,126,326177.521858,326177.599463,326177.637436,met,0.002036
b5,L1,127,326179.521858,326179.652873,326179.689284,met,0.001327
b5,L2,85,326180.521965,326180.611324,326180.709925,met,0.052152
b5,L1,128,326181.521858,326181.602346,326181.645808,met,0.004444
b5,L1,129,326183.521858,326183.588461,326183.627896,met,0.003596
b5,L2,86,326183.521965,326183.625872,326183.664173,met,0.001168
b5,L1,130,326185.521858,326185.645927,326185.684203,met,0.001478
b5,L2,87,326186.521965,326186.629839,326186.668173,met,0.001157
b5,L1,131,326187.521858,326187.576224,326187.614956,met,0.002031
b5,L1,132,326189.521858,326189.611506,326189.652354,met,0.004240
b5,L2,88,326189.521965,326189.648771,326189.687049,met,0.001295
b5,L1,133,326191.521858,326191.638255,326191.676840,met,0.001360
b5,L2,89,326192.521965,326192.595050,326192.634571,met,0.000904
b5,L1,134,326193.521858,326193.589281,326194.215313,missed,0.572906
b5,L2,90,326195.521965,326195.619403,326195.658921,met,0.001459
b5,L1,135,326195.521858,326195.662229,326195.702397,met,0.003640
b5,L1,136,326197.521858,326197.603507,326197.642748,met,0.002438
b5,L2,91,326198.521965,326198.643659,326198.681323,met,0.001103
b5,L1,137,326199.521858,326199.589724,326199.630287,met,0.004223
b5,L2,92,326201.521965,326201.582496,326201.622335,met,0.001049
b5,L1,138,326201.521858,326201.652550,326201.698152,met,0.004620
b5,L1,139,326203.521858,326203.636366,326203.677206,met,0.003034
b5,L2,93,326204.521965,326204.634671,326204.672006,met,0.001215
b5,L1,140,326205.521858,326205.637202,326205.676027,met,0.003631
b5,L1,141,326207.521858,326207.589437,326207.631119,met,0.002030
b5,L2,94,326207.521965,326207.589434,326207.631243,met,0.002367
b5,L1,142,326209.521858,326209.644599,326209.970388,met,0.286271
b5,L2,95,326210.521965,326210.642853,326210.680714,met,0.001240
b5,L1,143,326211.521858,326211.595986,326211.638230,met,0.004870
b5,L1,144,326213.521858,326213.590441,326213.633724,met,0.002143
b5,L2,96,326213.521965,326213.628434,326213.672816,met,0.001308
b5,L1,145,326215.521858,326215.597867,326215.634405,met,0.001358
b5,L2,97,326216.521965,326216.591626,326216.638789,met,0.001112
b5,L1,146,326217.521858,326217.648673,326217.686074,met,0.002126
b5,L2,98,326219.521965,326219.595358,326219.642602,met,0.001337
b5,L1,147,326219.521858,326219.595516,326219.645253,met,0.004572
b5,L1,148,326221.521858,326221.586948,326221.624297,met,0.001243
b5,L2,99,326222.521965,326222.596878,326222.638287,met,0.000831
b5,L1,149,326223.521858,326223.641539,326223.686704,met,0.001847
b6,L2,0,326224.062294,326224.121941,326224.166945,met,0.001979
b6,L1,0,326224.062264,326224.122080,326224.167144,met,0.001386
b6,L1,1,326226.062264,326226.202865,326226.244749,met,0.001876
b6,L2,1,326227.062294,326227.135332,326227.173711,met,0.001278
b6,L1,2,326228.062264,326228.117793,326228.159628,met,0.003953
b6,L2,2,326230.062294,326230.132231,326230.170697,met,0.001174
b6,L1,3,326230.062264,326230.183124,326230.226405,met,0.003660
b6,L1,4,326232.062264,326232.137879,326232.177019,met,0.001751
b6,L2,3,326233.062294,326233.187036,326233.226905,met,0.001407
b6,L1,5,326234.062264,326234.119875,326234.160305,met,0.003454
b6,L2,4,326236.062294,326236.123255,326236.170667,met,0.003779
b6,L1,6,326236.062264,326236.122815,326236.170741,met,0.003261
b6,L1,7,326238.062264,326238.173434,326238.213868,met,0.003468
b6,L2,5,326239.062294,326239.194915,326239.235811,met,0.001257
b6,L1,8,326240.062264,326240.148036,326240.187813,met,0.001403
b6,L2,6,326242.062294,326242.143488,326242.184701,met,0.001153
b6,L1,9,326242.062264,326242.169247,326242.210698,met,0.003743
b6,L1,10,326244.062264,326244.127190,326244.168850,met,0.002101
b6,L2,7,326245.062294,326245.139733,326245.178519,met,0.001204
b6,L1,11,326246.062264,326246.195959,326246.238177,met,0.001366
b6,L2,8,326248.062294,326248.137630,326248.186517,met,0.004354
b6,L1,12,326248.062264,326248.137495,326248.186431,met,0.003742
b6,L1,13,326250.062264,326250.135849,326250.414123,met,0.233307
b6,L2,9,326251.062294,326251.151612,326251.191865,met,0.001349
b6,L1,14,326252.062264,326252.184282,326252.225766,met,0.000980
b6,L1,15,326254.062264,326254.119593,326254.163234,met,0.003319
b6,L2,10,326254.062294,326254.169685,326254.220110,met,0.011985
b6,L1,16,326256.062264,326256.160121,326256.731071,missed,0.513594
b6,L2,11,326257.062294,326257.153442,326257.497751,met,0.300350
b6,L1,17,326258.062264,326258.187426,326258.237090,met,0.003896
b6,L1,18,326260.062264,326260.168686,326260.211827,met,0.003069
b6,L2,12,326260.062294,326260.168792,326260.211994,met,0.003686
b6,L1,19,326262.062264,326262.137005,326262.179943,met,0.001661
b6,L2,13,326263.062294,326263.126856,326263.165387,met,0.000863
b6,L1,20,326264.062264,326264.188784,326264.237046,met,0.002476
b6,L2,14,326266.062294,326266.131725,326266.186215,met,0.001135
b6,L1,21,326266.062264,326266.139239,326266.193634,met,0.002501
b6,L1,22,326268.062264,326268.160186,326268.203329,met,0.003642
b6,L2,15,326269.062294,326269.168308,326269.209774,met,0.000917
b6,L1,23,326270.062264,326270.171157,326270.215168,met,0.003094
b6,L1,24,326272.062264,326272.128227,326272.168289,met,0.001874
b6,L2,16,326272.062294,326272.124568,326272.168276,met,0.002190
b6,L1,25,326274.062264,326274.147383,326274.189257,met,0.003847
b6,L2,17,326275.062294,326275.131990,326275.171456,met,0.000869
b6,L1,26,326276.062264,326276.138351,326276.183913,met,0.003077
b6,L2,18,326278.062294,326278.136537,326278.174680,met,0.000946
b6,L1,27,326278.062264,326278.198077,326278.238599,met,0.002130
b6,L1,28,326280.062264,326280.177233,326280.217365,met,0.001351
b6,L2,19,326281.062294,326281.204024,326281.247501,met,0.000946
b6,L1,29,326282.062264,326282.157227,326282.196722,met,0.000930
b6,L1,30,326284.062264,326284.132070,326284.174515,met,0.001960
b6,L2,20,326284.062294,326284.139104,326284.181775,met,0.000817
b6,L1,31,326286.062264,326286.133819,326286.187626,met,0.001990
b6,L2,21,326287.062294,326287.200172,326288.323036,met,1.081978
b6,L1,32,326288.062264,326288.193406,326288.537547,met,0.304550
b6,L1,33,326290.062264,326290.204299,326290.255942,met,0.002041
b6,L2,22,326290.062294,326290.204200,326290.256024,met,0.001303
b6,L1,34,326292.062264,326292.203435,326292.246799,met,0.004044
b6,L2,23,326293.062294,326293.144454,326293.230475,met,0.044762
b6,L1,35,326294.062264,326294.159154,326294.206599,met,0.002249
b6,L1,36,326296.062264,326296.133583,326296.172175,met,0.002297
b6,L2,24,326296.062294,326296.130692,326296.172271,met,0.001367
b6,L1,37,326298.062264,326298.120058,326298.222024,met,0.060788
b6,L2,25,326299.062294,326299.146842,326299.185012,met,0.001200
b6,L1,38,326300.062264,326300.151083,326300.187874,met,0.001796
b6,L1,39,326302.062264,326302.119081,326302.163357,met,0.002087
b6,L2,26,326302.062294,326302.119084,326302.163495,met,0.001254
b6,L1,40,326304.062264,326304.157600,326304.198414,met,0.003753
b6,L2,27,326305.062294,326305.136067,326305.173748,met,0.001264
b6,L1,41,326306.062264,326306.163741,326306.202863,met,0.001894
b6,L1,42,326308.062264,326308.140215,326308.234219,met,0.054819
b6,L2,28,326308.062294,326308.120523,326308.234129,met,0.073898
b6,L1,43,326310.062264,326310.153684,326310.195644,met,0.003694
b6,L2,29,326311.062294,326311.128182,326311.172421,met,0.005295
b6,L1,44,326312.062264,326312.181385,326312.222371,met,0.001255
b6,L1,45,326314.062264,326314.121726,326314.163271,met,0.003285
b6,L2,30,326314.062294,326314.174826,326314.211324,met,0.001254
b6,L1,46,326316.062264,326316.140324,326316.181252,met,0.003491
b6,L2,31,326317.062294,326317.129155,326317.167500,met,0.001140
b6,L1,47,326318.062264,326318.187812,326318.309352,met,0.079105
b6,L1,48,326320.062264,326320.135953,326320.188861,met,0.011282
b6,L2,32,326320.062294,326320.167291,326320.280857,met,0.071516
b6,L1,49,326322.062264,326322.130896,326322.181562,met,0.003171
b6,L2,33,326323.062294,326323.125425,326323.262554,met,0.096193
b6,L1,50,326324.062264,326324.211576,326324.252585,met,0.003608
b6,L2,34,326326.062294,326326.174274,326326.224444,met,0.009345
b6,L1,51,326326.062264,326326.181934,326326.224389,met,0.001262
b6,L1,52,326328.062264,326328.137480,326328.259815,met,0.084629
b6,L2,35,326329.062294,326329.145429,326329.182439,met,0.001245
b6,L1,53,326330.062264,326330.192974,326330.236110,met,0.002223
b6,L2,36,326332.062294,326332.137860,326332.179083,met,0.001184
b6,L1,54,326332.062264,326332.179081,326332.218174,met,0.001286
b6,L1,55,326334.062264,326334.181351,326334.227441,met,0.005583
b6,L2,37,326335.062294,326335.185347,326335.591916,met,0.362816
b6,L1,56,326336.062264,326336.160599,326336.218476,met,0.018074
b6,L2,38,326338.062294,326338.120450,326338.158553,met,0.001277
b6,L1,57,326338.062264,326338.184438,326338.304562,met,0.082888
b6,L1,58,326340.062264,326340.166575,326340.207682,met,0.003258
b6,L2,39,326341.062294,326341.161434,326341.198319,met,0.001171
b6,L1,59,326342.062264,326342.189681,326342.232942,met,0.002033
b6,L2,40,326344.062294,326344.130721,326344.171872,met,0.001405
b6,L1,60,326344.062264,326344.171810,326344.213684,met,0.003326
b6,L1,61,326346.062264,326346.189901,326346.231677,met,0.003485
b6,L2,41,326347.062294,326347.134248,326347.173836,met,0.001217
b6,L1,62,326348.062264,326348.128985,326348.205199,met,0.033616
b6,L2,42,326350.062294,326350.138555,326350.186259,met,0.001265
b6,L1,63,326350.062264,326350.138555,326350.187113,met,0.004287
b6,L1,64,326352.062264,326352.177468,326352.218350,met,0.003489
b6,L2,43,326353.062294,326353.144533,326353.232972,met,0.051139
b6,L1,65,326354.062264,326354.183813,326354.227296,met,0.003366
b6,L2,44,326356.062294,326356.135429,326356.177356,met,0.004356
b6,L1,66,326356.062264,326356.134007,326356.177400,met,0.003705
b6,L1,67,326358.062264,326358.130905,326358.218470,met,0.044655
b6,L2,45,326359.062294,326359.134843,326359.179917,met,0.001218
b6,L1,68,326360.062264,326360.192592,326360.237929,met,0.001414
b6,L1,69,326362.062264,326362.189193,326362.233508,met,0.003592
b6,L2,46,326362.062294,326362.195238,326362.238421,met,0.001211
b6,L1,70,326364.062264,326364.143558,326364.183376,met,0.003615
b6,L2,47,326365.062294,326365.129894,326365.170676,met,0.001251
b6,L1,71,326366.062264,326366.122849,326366.165116,met,0.001450
b6,L1,72,326368.062264,326368.140480,326368.217270,met,0.038008
b6,L2,48,326368.062294,326368.143821,326368.234046,met,0.054915
b6,L1,73,326370.062264,326370.167944,326370.210091,met,0.003707
b6,L2,49,326371.062294,326371.126729,326371.165470,met,0.001196
b6,L1,74,326372.062264,326372.192813,326372.230900,met,0.000983
b6,L1,75,326374.062264,326374.127778,326374.174163,met,0.003604
b6,L2,50,326374.062294,326374.127945,326374.174467,met,0.004263
b6,L1,76,326376.062264,326376.128758,326376.169545,met,0.003528
b6,L2,51,326377.062294,326377.158415,326377.196156,met,0.001330
b6,L1,77,326378.062264,326378.123299,326378.167069,met,0.001475
b6,L2,52,326380.062294,326380.142358,326380.182544,met,0.001579
b6,L1,78,326380.062264,326380.166005,326380.209340,met,0.003981
b6,L1,79,326382.062264,326382.147401,326382.776479,missed,0.570200
b6,L2,53,326383.062294,326383.120862,326383.162182,met,0.000905
b6,L1,80,326384.062264,326384.138277,326384.186869,met,0.002884
b6,L2,54,326386.062294,326386.147956,326386.190737,met,0.001363
b6,L1,81,326386.062264,326386.147926,326386.193955,met,0.005165
b6,L1,82,326388.062264,326388.127618,326388.174589,met,0.001516
b6,L2,55,326389.062294,326389.197560,326389.240280,met,0.000990
b6,L1,83,326390.062264,326390.196471,326390.241431,met,0.003515
b6,L2,56,326392.062294,326392.174626,326392.453347,met,0.234838
b6,L1,84,326392.062264,326392.146097,326392.453498,met,0.262344
b6,L1,85,326394.062264,326394.148518,326394.190617,met,0.003574
b6,L2,57,326395.062294,326395.162000,326395.200667,met,0.001417
b6,L1,86,326396.062264,326396.122771,326396.166171,met,0.001486
b6,L2,58,326398.062294,326398.144667,326398.600172,met,0.410685
b6,L1,87,326398.062264,326398.174181,326398.700066,met,0.481766
b6,L1,88,326400.062264,326400.185907,326400.224779,met,0.001317
b6,L2,59,326401.062294,326401.158829,326401.200013,met,0.001229
b6,L1,89,326402.062264,326402.165596,326402.203667,met,0.001227
b6,L1,90,326404.062264,326404.135370,326404.179077,met,0.003533
b6,L2,60,326404.062294,326404.172838,326404.214562,met,0.001351
b6,L1,91,326406.062264,326406.146048,326406.189877,met,0.001560
b6,L2,61,326407.062294,326407.131460,326407.171948,met,0.001231
b6,L1,92,326408.062264,326408.149167,326408.194712,met,0.003760
b6,L2,62,326410.062294,326410.123566,326410.166009,met,0.001262
b6,L1,93,326410.062264,326410.195958,326410.242507,met,0.003505
b6,L1,94,326412.062264,326412.197093,326412.236538,met,0.001408
b6,L2,63,326413.062294,326413.192614,326413.914506,met,0.679147
b6,L1,95,326414.062264,326414.156029,326414.399324,met,0.178379
b6,L2,64,326416.062294,326416.200931,326416.243069,met,0.001770
b6,L1,96,326416.062264,326416.236161,326416.278700,met,0.001685
b6,L1,97,326418.062264,326418.127276,326418.171694,met,0.003454
b6,L2,65,326419.062294,326419.118901,326419.161916,met,0.000935
b6,L1,98,326420.062264,326420.177398,326420.219830,met,0.001874
b6,L1,99,326422.062264,326422.119646,326422.162728,met,0.001876
b6,L2,66,326422.062294,326422.191169,326422.232608,met,0.001313
b6,L1,100,326424.062264,326424.193131,326424.240315,met,0.004150
b6,L2,67,326425.062294,326425.175709,326425.216983,met,0.001313
b6,L1,101,326426.062264,326426.213102,326426.274278,met,0.002879
b6,L2,68,326428.062294,326428.185341,326428.236688,met,0.001253
b6,L1,102,326428.062264,326428.197905,326428.248347,met,0.001909
b6,L1,103,326430.062264,326430.147627,326430.189705,met,0.001894
b6,L2,69,326431.062294,326431.186145,326431.228551,met,0.001249
b6,L1,104,326432.062264,326432.130691,326432.184348,met,0.001156
b6,L2,70,326434.062294,326434.144627,326434.189702,met,0.001298
b6,L1,105,326434.062264,326434.145327,326434.191614,met,0.004329
b6,L1,106,326436.062264,326436.145682,326436.191030,met,0.002591
b6,L2,71,326437.062294,326437.193110,326437.234821,met,0.001242
b6,L1,107,326438.062264,326438.161274,326438.208507,met,0.003844
b6,L1,108,326440.062264,326440.128149,326440.175095,met,0.003301
b6,L2,72,326440.062294,326440.190639,326440.235419,met,0.001197
b6,L1,109,326442.062264,326442.180077,326442.227097,met,0.003664
b6,L2,73,326443.062294,326443.147783,326443.192156,met,0.001199
b6,L1,110,326444.062264,326444.163326,326444.208688,met,0.003936
b6,L1,111,326446.062264,326446.191223,326446.399351,met,0.160268
b6,L2,74,326446.062294,326446.153840,326446.399269,met,0.195201
b6,L1,112,326448.062264,326448.145440,326448.193141,met,0.003722
b6,L2,75,326449.062294,326449.145630,326449.188622,met,0.000867
b6,L1,113,326450.062264,326450.138491,326450.182023,met,0.003315
b6,L2,76,326452.062294,326452.129086,326452.175844,met,0.001343
b6,L1,114,326452.062264,326452.176279,326452.221034,met,0.001474
b6,L1,115,326454.062264,326454.131077,326454.173029,met,0.002010
b6,L2,77,326455.062294,326455.160742,326455.201520,met,0.001308
b6,L1,116,326456.062264,326456.179047,326456.229620,met,0.002769
b6,L2,78,326458.062294,326458.135721,326458.182318,met,0.002646
b6,L1,117,326458.062264,326458.134237,326458.182253,met,0.002221
b6,L1,118,326460.062264,326460.146471,326460.196759,met,0.002331
b6,L2,79,326461.062294,326461.151920,326461.201381,met,0.001413
b6,L1,119,326462.062264,326462.165294,326462.385978,met,0.172058
b6,L1,120,326464.062264,326464.137590,326464.180646,met,0.002193
b6,L2,80,326464.062294,326464.170092,326464.231690,met,0.019916
b6,L1,121,326466.062264,326466.169181,326466.210490,met,0.001434
b6,L2,81,326467.062294,326467.130220,326467.173258,met,0.001303
b6,L1,122,326468.062264,326468.143937,326468.185398,met,0.001400
b6,L1,123,326470.062264,326470.149537,326470.205230,met,0.004981
b6,L2,82,326470.062294,326470.161419,326470.215442,met,0.000972
b6,L1,124,326472.062264,326472.187363,326472.289569,met,0.004150
b6,L2,83,326473.062294,326473.147537,326473.205031,met,0.001078
b6,L1,125,326474.062264,326474.148988,326474.196644,met,0.002098
b6,L1,126,326476.062264,326476.158669,326476.208942,met,0.001564
b6,L2,84,326476.062294,326476.158654,326476.209099,met,0.002228
b6,L1,127,326478.062264,326478.178545,326478.242565,met,0.018412
b6,L2,85,326479.062294,326479.178545,326479.217772,met,0.001234
b6,L1,128,326480.062264,326480.148945,326480.189173,met,0.001396
b6,L2,86,326482.062294,326482.158331,326482.205117,met,0.004496
b6,L1,129,326482.062264,326482.158274,326482.205050,met,0.003837
b6,L1,130,326484.062264,326484.171489,326484.211150,met,0.002213
b6,L2,87,326485.062294,326485.138402,326485.179608,met,0.001357
b6,L1,131,326486.062264,326486.140994,326486.179360,met,0.001389
b6,L2,88,326488.062294,326488.147355,326488.185983,met,0.001010
b6,L1,132,326488.062264,326488.185984,326488.230585,met,0.003403
b6,L1,133,326490.062264,326490.135487,326490.178068,met,0.002069
b6,L2,89,326491.062294,326491.147905,326491.186598,met,0.001529
b6,L1,134,326492.062264,326492.118831,326492.158967,met,0.001176
b6,L2,90,326494.062294,326494.125849,326494.175300,met,0.002355
b6,L1,135,326494.062264,326494.125465,326494.175418,met,0.001967
b6,L1,136,326496.062264,326496.192826,326496.234356,met,0.003753
b6,L2,91,326497.062294,326497.180420,326497.231098,met,0.001416
b6,L1,137,326498.062264,326498.122011,326498.164195,met,0.001367
b6,L1,138,326500.062264,326500.133943,326500.181942,met,0.003965
b6,L2,92,326500.062294,326500.147999,326500.190446,met,0.001241
b6,L1,139,326502.062264,326502.197402,326502.237933,met,0.003659
b6,L2,93,326503.062294,326503.150271,326503.188962,met,0.001253
b6,L1,140,326504.062264,326504.123228,326504.163206,met,0.001826
b6,L2,94,326506.062294,326506.120604,326506.167883,met,0.001281
b6,L1,141,326506.062264,326506.177606,326506.228577,met,0.003444
b6,L1,142,326508.062264,326508.125522,326508.165476,met,0.001893
b6,L2,95,326509.062294,326509.200173,326509.976887,met,0.735815
b6,L1,143,326510.062264,326510.179306,326510.218357,met,0.002626
b6,L2,96,326512.062294,326512.148509,326512.190358,met,0.001110
b6,L1,144,326512.062264,326512.148497,326512.192442,met,0.003817
b6,L1,145,326514.062264,326514.193068,326514.250101,met,0.003434
b6,L2,97,326515.062294,326515.188289,326515.231930,met,0.001326
b6,L1,146,326516.062264,326516.157654,326516.209688,met,0.005049
b6,L1,147,326518.062264,326518.204306,326518.253470,met,0.003700
b6,L2,98,326518.062294,326518.222692,326518.269932,met,0.001239
b6,L1,148,326520.062264,326520.131705,326520.203227,met,0.004203
b6,L2,99,326521.062294,326521.132806,326521.180770,met,0.000999
b6,L1,149,326522.062264,326522.155031,326522.209896,met,0.001388
b7,L1,0,326523.379420,326523.484250,326523.554254,met,0.003134
b7,L2,0,326523.370816,326523.485400,326523.554461,met,0.003471
b7,L1,1,326525.379420,326525.502570,326525.627742,met,0.063037
b7,L2,1,326526.370816,326526.531071,326526.576685,met,0.001342
b7,L1,2,326527.379420,326527.525514,326527.575477,met,0.003592
b7,L2,2,326529.370816,326529.502430,326529.553535,met,0.001276
b7,L1,3,326529.379420,326529.532906,326529.591321,met,0.003762
b7,L1,4,326531.379420,326531.525657,326531.570348,met,0.003264
b7,L2,3,326532.370816,326532.541739,326532.597859,met,0.000955
b7,L1,5,326533.379420,326533.471933,326533.552116,met,0.005289
b7,L1,6,326535.379420,326535.462344,326535.511760,met,0.003324
b7,L2,4,326535.370816,326535.529840,326535.589544,met,0.001556
b7,L1,7,326537.379420,326537.516246,326537.557772,met,0.001398
b7,L2,5,326538.370816,326538.513826,326538.650441,met,0.001232
b7,L1,8,326539.379420,326539.513290,326540.166283,missed,0.518425
b7,L1,9,326541.379420,326541.571703,326542.244993,missed,0.575979
b7,L2,6,326541.370816,326541.546751,326542.569644,met,0.935014
b7,L1,10,326543.379420,326543.520314,326543.780207,met,0.210565
b7,L2,7,326544.370816,326544.517903,326544.588613,met,0.001317
b7,L1,11,326545.379420,326545.531299,326545.598352,met,0.003276
b7,L2,8,326547.370816,326547.477295,326547.534906,met,0.001239
b7,L1,12,326547.379420,326547.477725,326547.537255,met,0.003615
b7,L1,13,326549.379420,326549.532274,326549.579191,met,0.002211
b7,L2,9,326550.370816,326550.478639,326550.526377,met,0.000998
b7,L1,14,326551.379420,326551.502805,326551.549406,met,0.002102
b7,L1,15,326553.379420,326553.491623,326553.636618,met,0.008566
b7,L2,10,326553.370816,326553.491646,326553.637616,met,0.008750
b7,L1,16,326555.379420,326555.521782,326555.610801,met,0.004211
b7,L2,11,326556.370816,326556.581720,326556.628615,met,0.001156
b7,L1,17,326557.379420,326557.535784,326557.953912,met,0.372258
b7,L2,12,326559.370816,326559.470406,326559.518706,met,0.001476
b7,L1,18,326559.379420,326559.470629,326559.521486,met,0.002466
b7,L1,19,326561.379420,326561.505645,326561.551020,met,0.004637
b7,L2,13,326562.370816,326562.464184,326562.503579,met,0.001271
b7,L1,20,326563.379420,326563.446938,326563.495631,met,0.004031
b7,L2,14,326565.370816,326565.428410,326565.469332,met,0.001307
b7,L1,21,326565.379420,326565.510764,326565.551541,met,0.001460
b7,L1,22,326567.379420,326567.510226,326567.554824,met,0.005486
b7,L2,15,326568.370816,326568.506224,326568.548372,met,0.001316
b7,L1,23,326569.379420,326569.455806,326569.501116,met,0.001932
b7,L2,16,326571.370816,326571.439778,326571.495558,met,0.001019
b7,L1,24,326571.379420,326571.450686,326571.506652,met,0.001689
b7,L1,25,326573.379420,326573.455628,326573.621521,met,0.115651
b7,L2,17,326574.370816,326574.519711,326574.560392,met,0.001716
b7,L1,26,326575.379420,326575.457771,326575.503666,met,0.001154
b7,L2,18,326577.370816,326577.480662,326577.529964,met,0.003036
b7,L1,27,326577.379420,326577.479081,326577.530124,met,0.002582
b7,L1,28,326579.379420,326579.491308,326579.536385,met,0.003719
b7,L2,19,326580.370816,326580.515242,326580.558441,met,0.001429
b7,L1,29,326581.379420,326581.513164,326581.556089,met,0.001531
b7,L2,20,326583.370816,326583.496238,326583.573945,met,0.001204
b7,L1,30,326583.379420,326583.498725,326583.576404,met,0.003481
b7,L1,31,326585.379420,326585.493525,326585.586233,met,0.005114
b7,L2,21,326586.370816,326586.482063,326586.529873,met,0.001516
b7,L1,32,326587.379420,326587.541220,326587.584616,met,0.001694
b7,L1,33,326589.379420,326589.438609,326589.482217,met,0.003961
b7,L2,22,326589.370816,326589.506240,326589.548590,met,0.001297
b7,L1,34,326591.379420,326591.468132,326591.515880,met,0.004148
b7,L2,23,326592.370816,326592.478961,326592.580702,met,0.001718
b7,L1,35,326593.379420,326593.499753,326593.543528,met,0.003671
b7,L1,36,326595.379420,326595.481126,326595.573710,met,0.007512
b7,L2,24,326595.370816,326595.578455,326595.667461,met,0.001623
b7,L1,37,326597.379420,326597.555603,326597.601352,met,0.004071
b7,L2,25,326598.370816,326598.555674,326598.601262,met,0.001472
b7,L1,38,326599.379420,326599.456928,326599.512101,met,0.002619
b7,L2,26,326601.370816,326601.447116,326601.490662,met,0.001443
b7,L1,39,326601.379420,326601.506729,326601.555865,met,0.003615
b7,L1,40,326603.379420,326603.476071,326603.807962,met,0.285497
b7,L2,27,326604.370816,326604.510348,326605.243873,met,0.689545
b7,L1,41,326605.379420,326605.449317,326605.502338,met,0.005194
b7,L2,28,326607.370816,326607.446710,326607.493981,met,0.006275
b7,L1,42,326607.379420,326607.441998,326607.494023,met,0.011363
b7,L1,43,326609.379420,326609.522900,326609.574905,met,0.002992
b7,L2,29,326610.370816,326610.511276,326610.557439,met,0.001327
b7,L1,44,326611.379420,326611.527166,326611.575588,met,0.001195
b7,L2,30,326613.370816,326613.445368,326613.493555,met,0.001173
b7,L1,45,326613.379420,326613.501387,326613.548991,met,0.002112
b7,L1,46,326615.379420,326615.448553,326615.495444,met,0.003842
b7,L2,31,326616.370816,326616.440283,326616.495421,met,0.010578
b7,L1,47,326617.379420,326617.482033,326617.540896,met,0.001366
b7,L1,48,326619.379420,326619.461205,326619.506857,met,0.002949
b7,L2,32,326619.370816,326619.459032,326619.507031,met,0.001015
b7,L1,49,326621.379420,326621.451918,326621.498779,met,0.003442
b7,L2,33,326622.370816,326622.440484,326622.483206,met,0.001370
b7,L1,50,326623.379420,326623.520523,326623.580945,met,0.003707
b7,L2,34,326625.370816,326625.490780,326625.536842,met,0.001497
b7,L1,51,326625.379420,326625.525866,326625.573469,met,0.002350
b7,L1,52,326627.379420,326627.455314,326627.502767,met,0.004802
b7,L2,35,326628.370816,326628.511660,326628.557033,met,0.001008
b7,L1,53,326629.379420,326629.483945,326629.528989,met,0.003403
b7,L2,36,326631.370816,326631.442196,326631.494785,met,0.001224
b7,L1,54,326631.379420,326631.500933,326631.558430,met,0.004396
b7,L1,55,326633.379420,326633.473635,326633.528116,met,0.004165
b7,L2,37,326634.370816,326634.499883,326634.540840,met,0.001274
b7,L1,56,326635.379420,326635.469086,326636.037332,missed,0.512339
b7,L1,57,326637.379420,326637.456751,326637.505470,met,0.003453
b7,L2,38,326637.370816,326637.478093,326637.522658,met,0.001326
b7,L1,58,326639.379420,326639.513585,326639.566901,met,0.002178
b7,L2,39,326640.370816,326640.445390,326640.489476,met,0.000864
b7,L1,59,326641.379420,326641.462970,326641.509783,met,0.001084
b7,L1,60,326643.379420,326643.461713,326643.511287,met,0.002523
b7,L2,40,326643.370816,326643.479564,326643.530902,met,0.001138
b7,L1,61,326645.379420,326645.451470,326645.494912,met,0.001976
b7,L2,41,326646.370816,326646.444365,326646.487623,met,0.001277
b7,L1,62,326647.379420,326647.487193,326647.538357,met,0.001528
b7,L2,42,326649.370816,326649.488933,326649.538915,met,0.001414
b7,L1,63,326649.379420,326649.521181,326649.570900,met,0.003940
b7,L1,64,326651.379420,326651.455412,326651.904501,met,0.389239
b7,L2,43,326652.370816,326652.445195,326652.492948,met,0.001217
b7,L1,65,326653.379420,326653.550807,326653.662797,met,0.004261
b7,L1,66,326655.379420,326655.488882,326655.558745,met,0.003449
b7,L2,44,326655.370816,326655.545631,326655.605016,met,0.001394
b7,L1,67,326657.379420,326657.522304,326657.563444,met,0.001801
b7,L2,45,326658.370816,326658.545083,326658.592133,met,0.001712
b7,L1,68,326659.379420,326659.459324,326659.510709,met,0.004300
b7,L1,69,326661.379420,326661.440933,326661.490086,met,0.004290
b7,L2,46,326661.370816,326661.441070,326661.490338,met,0.001396
b7,L1,70,326663.379420,326663.547588,326663.649291,met,0.003907
b7,L2,47,326664.370816,326664.459863,326664.511865,met,0.001449
b7,L1,71,326665.379420,326665.451241,326665.494232,met,0.001658
b7,L1,72,326667.379420,326667.450128,326668.095319,missed,0.574082
b7,L2,48,326667.370816,326667.449792,326668.997638,met,1.477793
b7,L1,73,326669.379420,326669.512704,326669.561081,met,0.000945
b7,L2,49,326670.370816,326670.492934,326670.567909,met,0.003291
b7,L1,74,326671.379420,326671.524754,326671.575987,met,0.003514
b7,L2,50,326673.370816,326673.537853,326673.678276,met,0.077146
b7,L1,75,326673.379420,326673.539459,326673.679348,met,0.078975
b7,L1,76,326675.379420,326675.561693,326675.646628,met,0.003490
b7,L2,51,326676.370816,326676.526855,326676.568925,met,0.001546
b7,L1,77,326677.379420,326677.537259,326677.587760,met,0.001502
b7,L2,52,326679.370816,326679.469085,326679.610389,met,0.002081
b7,L1,78,326679.379420,326679.600040,326679.712548,met,0.004579
b7,L1,79,326681.379420,326681.604680,326681.653497,met,0.001429
b7,L2,53,326682.370816,326682.513689,326682.557557,met,0.001306
b7,L1,80,326683.379420,326683.451554,326683.500843,met,0.001543
b7,L1,81,326685.379420,326685.443466,326685.488986,met,0.003364
b7,L2,54,326685.370816,326685.440762,326685.488989,met,0.001330
b7,L1,82,326687.379420,326687.524556,326687.581858,met,0.002384
b7,L2,55,326688.370816,326688.514617,326688.568862,met,0.008143
b7,L1,83,326689.379420,326689.528775,326689.662796,met,0.037966
b7,L2,56,326691.370816,326691.470507,326691.554896,met,0.015081
b7,L1,84,326691.379420,326691.669972,326691.717304,met,0.001539
b7,L1,85,326693.379420,326693.473573,326693.564844,met,0.049208
b7,L2,57,326694.370816,326694.449471,326694.495551,met,0.001138
b7,L1,86,326695.379420,326695.479316,326695.526406,met,0.003177
b7,L2,58,326697.370816,326697.430428,326697.477695,met,0.001331
b7,L1,87,326697.379420,326697.440403,326697.486715,met,0.001339
b7,L1,88,326699.379420,326699.471326,326699.834323,met,0.317006
b7,L2,59,326700.370816,326700.442756,326701.213134,met,0.726104
b7,L1,89,326701.379420,326701.489526,326701.538161,met,0.001873
b7,L2,60,326703.370816,326703.512280,326703.564663,met,0.008128
b7,L1,90,326703.379420,326703.519202,326703.564754,met,0.003210
b7,L1,91,326705.379420,326705.494551,326705.537198,met,0.003701
b7,L2,61,326706.370816,326706.439650,326706.482325,met,0.001401
b7,L1,92,326707.379420,326707.467282,326707.516239,met,0.002066
b7,L2,62,326709.370816,326709.463430,326709.512897,met,0.001329
b7,L1,93,326709.379420,326709.472299,326709.523513,met,0.003646
b7,L1,94,326711.379420,326711.475240,326711.521363,met,0.003451
b7,L2,63,326712.370816,326712.512426,326712.558376,met,0.001269
b7,L1,95,326713.379420,326713.452078,326713.496254,met,0.001858
b7,L2,64,326715.370816,326715.495832,326715.549246,met,0.001242
b7,L1,96,326715.379420,326715.505603,326715.564539,met,0.004123
b7,L1,97,326717.379420,326717.458380,326717.504184,met,0.004897
b7,L2,65,326718.370816,326718.523510,326718.576326,met,0.008905
b7,L1,98,326719.379420,326719.446075,326719.489020,met,0.001918
b7,L2,66,326721.370816,326721.438854,326721.486412,met,0.001451
b7,L1,99,326721.379420,326721.459035,326721.504595,met,0.001678
b7,L1,100,326723.379420,326723.462022,326723.507332,met,0.001091
b7,L2,67,326724.370816,326724.509285,326724.556583,met,0.000956
b7,L1,101,326725.379420,326725.474577,326725.526470,met,0.001963
b7,L2,68,326727.370816,326727.475735,326727.658454,met,0.002377
b7,L1,102,326727.379420,326727.521882,326727.704106,met,0.003306
b7,L1,103,326729.379420,326729.575086,326729.654266,met,0.004000
b7,L2,69,326730.370816,326730.575308,326731.031367,met,0.358979
b7,L1,104,326731.379420,326731.587086,326732.234463,missed,0.562063
b7,L2,70,326733.370816,326733.492636,326733.631844,met,0.019482
b7,L1,105,326733.379420,326733.549758,326733.679786,met,0.030527
b7,L1,106,326735.379420,326735.563021,326735.608159,met,0.002055
b7,L2,71,326736.370816,326736.527037,326736.588003,met,0.001318
b7,L1,107,326737.379420,326737.555753,326737.614823,met,0.003726
b7,L2,72,326739.370816,326739.513731,326739.561950,met,0.001327
b7,L1,108,326739.379420,326739.524067,326739.581132,met,0.003792
b7,L1,109,326741.379420,326741.567149,326741.634511,met,0.001610
b7,L2,73,326742.370816,326742.564828,326742.653410,met,0.001474
b7,L1,110,326743.379420,326743.556997,326743.718115,met,0.054067
b7,L1,111,326745.379420,326745.523164,326745.573810,met,0.003883
b7,L2,74,326745.370816,326745.665821,326745.715181,met,0.001581
b7,L1,112,326747.379420,326747.504980,326747.558472,met,0.001939
b7,L2,75,326748.370816,326748.447073,326748.929852,met,0.433861
b7,L1,113,326749.379420,326749.474017,326749.531436,met,0.006228
b7,L2,76,326751.370816,326751.535808,326751.608491,met,0.001596
b7,L1,114,326751.379420,326751.535975,326751.608342,met,0.002085
b7,L1,115,326753.379420,326753.520867,326753.571444,met,0.002893
b7,L2,77,326754.370816,326754.541934,326754.597020,met,0.001921
b7,L1,116,326755.379420,326755.481121,326755.587387,met,0.004054
b7,L2,78,326757.370816,326757.504921,326757.569550,met,0.000963
b7,L1,117,326757.379420,326757.544177,326757.603927,met,0.003017
b7,L1,118,326759.379420,326759.556156,326759.607689,met,0.005299
b7,L2,79,326760.370816,326760.523998,326760.563782,met,0.000905
b7,L1,119,326761.379420,326761.560776,326761.625251,met,0.004581
b7,L1,120,326763.379420,326763.474241,326764.117319,missed,0.570293
b7,L2,80,326763.370816,326763.514355,326765.431646,met,1.856295
b7,L1,121,326765.379420,326765.558601,326765.621526,met,0.001317
b7,L2,81,326766.370816,326766.526749,326766.582163,met,0.001044
b7,L1,122,326767.379420,326767.541888,326767.588851,met,0.000952
b7,L2,82,326769.370816,326769.575596,326769.643528,met,0.001319
b7,L1,123,326769.379420,326769.581286,326769.645645,met,0.003968
b7,L1,124,326771.379420,326771.527474,326771.622287,met,0.004142
b7,L2,83,326772.370816,326772.566530,326772.624749,met,0.001283
b7,L1,125,326773.379420,326773.580487,326773.630195,met,0.001365
b7,L1,126,326775.379420,326775.515237,326775.574046,met,0.002287
b7,L2,84,326775.370816,326775.535155,326775.603022,met,0.002317
b7,L1,127,326777.379420,326777.622535,326778.006998,met,0.286936
b7,L2,85,326778.370816,326778.554044,326778.629888,met,0.001353
b7,L1,128,326779.379420,326779.476880,326779.539697,met,0.001682
b7,L2,86,326781.370816,326781.474137,326781.520120,met,0.001597
b7,L1,129,326781.379420,326781.505844,326781.558004,met,0.005459
b7,L1,130,326783.379420,326783.517434,326783.562736,met,0.001880
b7,L2,87,326784.370816,326784.484712,326784.551009,met,0.001602
b7,L1,131,326785.379420,326785.547055,326785.600733,met,0.003946
b7,L2,88,326787.370816,326787.550986,326787.643063,met,0.001488
b7,L1,132,326787.379420,326787.549666,326787.649806,met,0.005798
b7,L1,133,326789.379420,326789.503662,326789.574035,met,0.003570
b7,L2,89,326790.370816,326790.547857,326790.623053,met,0.001311
b7,L1,134,326791.379420,326791.492663,326791.587604,met,0.005468
b7,L1,135,326793.379420,326793.512677,326793.568491,met,0.002165
b7,L2,90,326793.370816,326793.518963,326793.571679,met,0.000937
b7,L1,136,326795.379420,326795.544503,326796.226507,missed,0.575101
b7,L2,91,326796.370816,326796.557979,326797.969797,met,1.319698
b7,L1,137,326797.379420,326797.613838,326797.976574,met,0.264051
b7,L1,138,326799.379420,326799.550131,326799.655471,met,0.012752
b7,L2,92,326799.370816,326799.553290,326799.655852,met,0.013241
b7,L1,139,326801.379420,326801.569792,326801.677318,met,0.013664
b7,L2,93,326802.370816,326802.545264,326802.594490,met,0.001463
b7,L1,140,326803.379420,326803.574028,326803.620970,met,0.004089
b7,L1,141,326805.379420,326805.508084,326805.556953,met,0.001497
b7,L2,94,326805.370816,326805.507999,326805.556949,met,0.002063
b7,L1,142,326807.379420,326807.485524,326807.551263,met,0.022878
b7,L2,95,326808.370816,326808.443627,326808.487640,met,0.001454
b7,L1,143,326809.379420,326809.515477,326809.560954,met,0.002274
b7,L2,96,326811.370816,326811.503359,326811.549281,met,0.001274
b7,L1,144,326811.379420,326811.510584,326811.557447,met,0.001523
b7,L1,145,326813.379420,326813.509582,326813.550777,met,0.003289
b7,L2,97,326814.370816,326814.509311,326814.557497,met,0.001323
b7,L1,146,326815.379420,326815.494551,326815.540131,met,0.002052
b7,L1,147,326817.379420,326817.443196,326817.484007,met,0.001250
b7,L2,98,326817.370816,326817.446403,326817.487597,met,0.001123
b7,L1,148,326819.379420,326819.457539,326819.502111,met,0.003668
b7,L2,99,326820.370816,326820.470893,326820.521046,met,0.001662
b7,L1,149,326821.379420,326821.509563,326822.139775,missed,0.574912
b8,L1,0,326822.535298,326822.600313,326822.649014,met,0.003243
b8,L2,0,326822.535297,326822.600313,326822.649016,met,0.003905
b8,L1,1,326824.535298,326824.673448,326824.717530,met,0.003776
b8,L2,1,326825.535297,326825.678062,326825.726573,met,0.001712
b8,L1,2,326826.535298,326826.648081,326826.690074,met,0.001317
b8,L1,3,326828.535298,326828.621820,326829.247920,missed,0.570621
b8,L2,2,326828.535297,326828.665458,326829.667902,met,0.954470
b8,L1,4,326830.535298,326830.670555,326830.716051,met,0.001470
b8,L2,3,326831.535297,326831.620886,326831.672247,met,0.004725
b8,L1,5,326832.535298,326832.656091,326832.702323,met,0.003430
b8,L1,6,326834.535298,326834.643549,326834.690680,met,0.003950
b8,L2,4,326834.535297,326834.670167,326834.718388,met,0.001336
b8,L1,7,326836.535298,326836.652492,326836.695636,met,0.001854
b8,L2,5,326837.535297,326837.671466,326837.719343,met,0.001315
b8,L1,8,326838.535298,326838.656640,326838.702883,met,0.003741
b8,L1,9,326840.535298,326840.662880,326840.724461,met,0.003505
b8,L2,6,326840.535297,326840.681179,326840.741432,met,0.001389
b8,L1,10,326842.535298,326842.648754,326842.695060,met,0.002135
b8,L2,7,326843.535297,326843.681816,326843.729963,met,0.001785
b8,L1,11,326844.535298,326844.656436,326844.702505,met,0.001925
b8,L1,12,326846.535298,326846.664503,326846.714097,met,0.004043
b8,L2,8,326846.535297,326846.670310,326846.717500,met,0.001215
b8,L1,13,326848.535298,326848.685319,326848.753408,met,0.003473
b8,L2,9,326849.535297,326849.597605,326849.668832,met,0.003006
b8,L1,14,326850.535298,326850.637631,326850.779151,met,0.004311
b8,L2,10,326852.535297,326852.690957,326852.863998,met,0.117081
b8,L1,15,326852.535298,326852.713732,326852.941582,met,0.134643
b8,L1,16,326854.535298,326854.719679,326854.783196,met,0.003124
b8,L2,11,326855.535297,326855.721062,326855.766794,met,0.001943
b8,L1,17,326856.535298,326856.696917,326856.761492,met,0.001581
b8,L2,12,326858.535297,326858.669107,326858.732338,met,0.001100
b8,L1,18,326858.535298,326858.669105,326858.732893,met,0.003331
b8,L1,19,326860.535298,326860.690374,326861.249249,missed,0.503717
b8,L2,13,326861.535297,326861.670448,326861.715390,met,0.001282
b8,L1,20,326862.535298,326862.670650,326862.714332,met,0.001428
b8,L1,21,326864.535298,326864.593538,326864.642055,met,0.004424
b8,L2,14,326864.535297,326864.668524,326864.713672,met,0.001275
b8,L1,22,326866.535298,326866.668888,326866.710833,met,0.001411
b8,L2,15,326867.535297,326867.606735,326867.650781,met,0.001865
b8,L1,23,326868.535298,326868.630528,326868.677960,met,0.005023
b8,L1,24,326870.535298,326870.659570,326870.712192,met,0.010720
b8,L2,16,326870.535297,326870.636315,326870.712241,met,0.034490
b8,L1,25,326872.535298,326872.621968,326872.663378,met,0.001444
b8,L2,17,326873.535297,326873.605543,326873.645024,met,0.001256
b8,L1,26,326874.535298,326874.596459,326874.639447,met,0.003237
b8,L1,27,326876.535298,326876.596023,326876.639510,met,0.003277
b8,L2,18,326876.535297,326876.667525,326876.708183,met,0.001178
b8,L1,28,326878.535298,326878.622010,326878.665275,met,0.003396
b8,L2,19,326879.535297,326879.650615,326879.691315,met,0.001351
b8,L1,29,326880.535298,326880.621017,326880.664012,met,0.003330
b8,L1,30,326882.535298,326882.595378,326882.647383,met,0.003724
b8,L2,20,326882.535297,326882.609100,326882.655470,met,0.001264
b8,L1,31,326884.535298,326884.647681,326884.694747,met,0.005382
b8,L2,21,326885.535297,326885.633619,326885.678239,met,0.001772
b8,L1,32,326886.535298,326886.626886,326886.673705,met,0.005282
b8,L2,22,326888.535297,326888.597131,326888.639583,met,0.000946
b8,L1,33,326888.535298,326888.668398,326888.711501,met,0.002213
b8,L1,34,326890.535298,326890.629548,326890.671376,met,0.001449
b8,L2,23,326891.535297,326891.606389,326892.591366,met,0.936186
b8,L1,35,326892.535298,326892.615449,326892.668520,met,0.003923
b8,L1,36,326894.535298,326894.681252,326894.731231,met,0.003318
b8,L2,24,326894.535297,326894.681251,326894.731225,met,0.003970
b8,L1,37,326896.535298,326896.623772,326896.664590,met,0.001439
b8,L2,25,326897.535297,326897.668435,326897.709945,met,0.001247
b8,L1,38,326898.535298,326898.660290,326898.705381,met,0.004853
b8,L1,39,326900.535298,326900.640302,326900.684438,met,0.001923
b8,L2,26,326900.535297,326900.640352,326900.684459,met,0.001243
b8,L1,40,326902.535298,326902.672069,326902.714818,met,0.003539
b8,L2,27,326903.535297,326903.630574,326903.671415,met,0.001316
b8,L1,41,326904.535298,326904.665847,326904.706665,met,0.003384
b8,L2,28,326906.535297,326906.637724,326906.678470,met,0.001304
b8,L1,42,326906.535298,326906.642016,326906.685401,met,0.001262
b8,L1,43,326908.535298,326908.663134,326908.704894,met,0.003292
b8,L2,29,326909.535297,326909.667176,326909.708307,met,0.001247
b8,L1,44,326910.535298,326910.660952,326910.705377,met,0.003287
b8,L2,30,326912.535297,326912.657150,326912.705290,met,0.002113
b8,L1,45,326912.535298,326912.657204,326912.705390,met,0.001526
b8,L1,46,326914.535298,326914.663984,326914.709875,met,0.003386
b8,L2,31,326915.535297,326915.667033,326915.705576,met,0.001288
b8,L1,47,326916.535298,326916.620909,326916.748861,met,0.087117
b8,L1,48,326918.535298,326918.595764,326918.647528,met,0.002038
b8,L2,32,326918.535297,326918.647528,326918.700760,met,0.001153
b8,L1,49,326920.535298,326920.657381,326920.699465,met,0.003416
b8,L2,33,326921.535297,326921.680266,326921.720242,met,0.001376
b8,L1,50,326922.535298,326922.665531,326922.707602,met,0.003684
b8,L2,34,326924.535297,326924.592299,326924.634002,met,0.001246
b8,L1,51,326924.535298,326924.650175,326924.694364,met,0.003267
b8,L1,52,326926.535298,326926.657877,326926.700203,met,0.003577
b8,L2,35,326927.535297,326927.625494,326927.670341,met,0.001676
b8,L1,53,326928.535298,326928.662107,326928.703133,met,0.003310
b8,L2,36,326930.535297,326930.608299,326930.656444,met,0.003929
b8,L1,54,326930.535298,326930.608409,326930.656433,met,0.003314
b8,L1,55,326932.535298,326932.656833,326932.699684,met,0.003541
b8,L2,37,326933.535297,326933.605331,326933.647075,met,0.001356
b8,L1,56,326934.535298,326934.605797,326934.649524,met,0.003811
b8,L1,57,326936.535298,326936.615815,326936.671730,met,0.001150
b8,L2,38,326936.535297,326936.660031,326936.713190,met,0.001089
b8,L1,58,326938.535298,326938.667491,326938.711007,met,0.004245
b8,L2,39,326939.535297,326939.677867,326939.718202,met,0.001346
b8,L1,59,326940.535298,326940.596347,326940.638388,met,0.004045
b8,L1,60,326942.535298,326942.629705,326942.669529,met,0.001418
b8,L2,40,326942.535297,326942.653792,326942.695484,met,0.001149
b8,L1,61,326944.535298,326944.593142,326944.638045,met,0.003310
b8,L2,41,326945.535297,326945.599495,326945.640843,met,0.001406
b8,L1,62,326946.535298,326946.610897,326946.659504,met,0.004209
b8,L2,42,326948.535297,326948.593549,326948.639098,met,0.004138
b8,L1,63,326948.535298,326948.634740,326948.678049,met,0.000943
b8,L1,64,326950.535298,326950.596296,326950.653037,met,0.018538
b8,L2,43,326951.535297,326951.637927,326951.678966,met,0.001256
b8,L1,65,326952.535298,326952.605662,326952.654385,met,0.007973
b8,L1,66,326954.535298,326954.619596,326955.213534,missed,0.538954
b8,L2,44,326954.535297,326954.645457,326955.520168,met,0.831652
b8,L1,67,326956.535298,326956.671043,326956.710365,met,0.001410
b8,L2,45,326957.535297,326957.643414,326957.683258,met,0.001245
b8,L1,68,326958.535298,326958.657042,326958.697730,met,0.001836
b8,L1,69,326960.535298,326960.596906,326960.640288,met,0.003360
b8,L2,46,326960.535297,326960.660586,326960.701162,met,0.001266
b8,L1,70,326962.535298,326962.660151,326962.705081,met,0.003819
b8,L2,47,326963.535297,326963.667143,326963.722419,met,0.001112
b8,L1,71,326964.535298,326964.655236,326964.698727,met,0.001585
b8,L1,72,326966.535298,326966.673467,326966.722486,met,0.003384
b8,L2,48,326966.535297,326966.673358,326966.722603,met,0.003994
b8,L1,73,326968.535298,326968.670165,326968.710534,met,0.001367
b8,L2,49,326969.535297,326969.660609,326969.702301,met,0.001230
b8,L1,74,326970.535298,326970.654684,326970.698361,met,0.002256
b8,L1,75,326972.535298,326972.620316,326972.680171,met,0.012159
b8,L2,50,326972.535297,326972.620551,326972.680437,met,0.012647
b8,L1,76,326974.535298,326974.614706,326974.680897,met,0.028064
b8,L2,51,326975.535297,326975.620720,326975.673839,met,0.011041
b8,L1,77,326976.535298,326976.613606,326976.654753,met,0.003311
b8,L1,78,326978.535298,326978.611056,326978.792435,met,0.140785
b8,L2,52,326978.535297,326978.596673,326978.792392,met,0.152918
b8,L1,79,326980.535298,326980.623652,326980.666966,met,0.002218
b8,L2,53,326981.535297,326981.655695,326981.699746,met,0.001379
b8,L1,80,326982.535298,326982.598077,326982.638016,met,0.001351
b8,L2,54,326984.535297,326984.645665,326984.687092,met,0.001248
b8,L1,81,326984.535298,326984.663995,326984.708025,met,0.004536
b8,L1,82,326986.535298,326986.611596,326986.651335,met,0.001769
b8,L2,55,326987.535297,326987.663850,326987.704709,met,0.001229
b8,L1,83,326988.535298,326988.646203,326988.685724,met,0.001473
b8,L2,56,326990.535297,326990.644722,326990.689150,met,0.001405
b8,L1,84,326990.535298,326990.644605,326990.691126,met,0.004414
b8,L1,85,326992.535298,326992.647545,326992.687519,met,0.001955
b8,L2,57,326993.535297,326993.670140,326993.715239,met,0.001686
b8,L1,86,326994.535298,326994.630683,326994.672714,met,0.001558
b8,L2,58,326996.535297,326996.628923,326996.684046,met,0.001272
b8,L1,87,326996.535298,326996.652921,326996.707224,met,0.002626
b8,L1,88,326998.535298,326998.603110,326998.645147,met,0.002011
b8,L2,59,326999.535297,326999.631711,326999.673223,met,0.001377
b8,L1,89,327000.535298,327000.655408,327000.696278,met,0.001506
b8,L1,90,327002.535298,327002.596365,327002.644817,met,0.003445
b8,L2,60,327002.535297,327002.596363,327002.644764,met,0.004043
b8,L1,91,327004.535298,327004.659937,327004.703703,met,0.002145
b8,L2,61,327005.535297,327005.637778,327005.680355,met,0.001205
b8,L1,92,327006.535298,327006.608800,327006.650546,met,0.001868
b8,L2,62,327008.535297,327008.642732,327008.693229,met,0.002001
b8,L1,93,327008.535298,327008.642690,327008.693211,met,0.001755
b8,L1,94,327010.535298,327010.676370,327010.719086,met,0.002067
b8,L2,63,327011.535297,327011.672960,327011.724490,met,0.001430
b8,L1,95,327012.535298,327012.597431,327012.645276,met,0.007275
b8,L1,96,327014.535298,327014.597043,327014.652816,met,0.015351
b8,L2,64,327014.535297,327014.668768,327014.711857,met,0.001246
b8,L1,97,327016.535298,327016.614778,327017.249534,missed,0.574726
b8,L2,65,327017.535297,327017.602038,327017.699156,met,0.053349
b8,L1,98,327018.535298,327018.647823,327018.688142,met,0.001380
b8,L2,66,327020.535297,327020.626206,327020.676175,met,0.002136
b8,L1,99,327020.535298,327020.626258,327020.676175,met,0.001886
b8,L1,100,327022.535298,327022.650982,327022.692091,met,0.001797
b8,L2,67,327023.535297,327023.677083,327023.719926,met,0.000857
b8,L1,101,327024.535298,327024.610543,327024.919962,met,0.267079
b8,L1,102,327026.535298,327026.605310,327026.649706,met,0.001803
b8,L2,68,327026.535297,327026.660185,327026.703705,met,0.005158
b8,L1,103,327028.535298,327028.666608,327028.732220,met,0.022265
b8,L2,69,327029.535297,327029.659753,327029.706904,met,0.007252
b8,L1,104,327030.535298,327030.661287,327030.724772,met,0.023314
b8,L2,70,327032.535297,327032.594722,327033.114729,met,0.470954
b8,L1,105,327032.535298,327032.602674,327033.114728,met,0.464264
b8,L1,106,327034.535298,327034.668129,327034.711944,met,0.003514
b8,L2,71,327035.535297,327035.605457,327035.646964,met,0.001348
b8,L1,107,327036.535298,327036.664730,327036.702974,met,0.001370
b8,L2,72,327038.535297,327038.630680,327038.674424,met,0.001047
b8,L1,108,327038.535298,327038.661299,327038.705961,met,0.001181
b8,L1,109,327040.535298,327040.603044,327040.740592,met,0.092822
b8,L2,73,327041.535297,327041.605396,327041.644204,met,0.000897
b8,L1,110,327042.535298,327042.609041,327042.651581,met,0.001902
b8,L1,111,327044.535298,327044.630920,327044.672510,met,0.002425
b8,L2,74,327044.535297,327044.636130,327044.679187,met,0.000910
b8,L1,112,327046.535298,327046.659706,327046.698764,met,0.001311
b8,L2,75,327047.535297,327047.638681,327047.698209,met,0.014791
b8,L1,113,327048.535298,327048.627564,327048.796740,met,0.126168
b8,L2,76,327050.535297,327050.655484,327050.706287,met,0.010798
b8,L1,114,327050.535298,327050.638092,327050.706364,met,0.025353
b8,L1,115,327052.535298,327052.636187,327052.676645,met,0.002440
b8,L2,77,327053.535297,327053.630408,327053.715062,met,0.042913
b8,L1,116,327054.535298,327054.663695,327054.704978,met,0.003335
b8,L1,117,327056.535298,327056.662153,327056.709659,met,0.004573
b8,L2,78,327056.535297,327056.662206,327056.709649,met,0.003026
b8,L1,118,327058.535298,327058.636072,327058.684777,met,0.005476
b8,L2,79,327059.535297,327059.639947,327059.709303,met,0.028407
b8,L1,119,327060.535298,327060.672910,327060.730962,met,0.002668
b8,L2,80,327062.535297,327062.630906,327062.698548,met,0.024494
b8,L1,120,327062.535298,327062.676602,327062.715924,met,0.001927
b8,L1,121,327064.535298,327064.735148,327064.776744,met,0.001351
b8,L2,81,327065.535297,327065.746951,327065.787126,met,0.000958
b8,L1,122,327066.535298,327066.596813,327066.640009,met,0.003608
b8,L2,82,327068.535297,327068.655900,327068.701823,met,0.006236
b8,L1,123,327068.535298,327068.737556,327068.781055,met,0.002434
b8,L1,124,327070.535298,327070.742081,327070.782171,met,0.001446
b8,L2,83,327071.535297,327071.693631,327071.733792,met,0.000875
b8,L1,125,327072.535298,327072.681291,327072.723127,met,0.001983
b8,L2,84,327074.535297,327074.638573,327074.701113,met,0.015051
b8,L1,126,327074.535298,327074.638999,327074.702271,met,0.018073
b8,L1,127,327076.535298,327076.657653,327076.696535,met,0.001308
b8,L2,85,327077.535297,327077.605263,327077.682155,met,0.034911
b8,L1,128,327078.535298,327078.660720,327078.704595,met,0.003437
b8,L1,129,327080.535298,327080.612702,327080.694250,met,0.041269
b8,L2,86,327080.535297,327080.739151,327080.780569,met,0.000838
b8,L1,130,327082.535298,327082.633901,327082.689175,met,0.002316
b8,L2,87,327083.535297,327083.745594,327083.789185,met,0.000918
b8,L1,131,327084.535298,327084.724195,327084.802708,met,0.001750
b8,L1,132,327086.535298,327086.776890,327086.844239,met,0.017601
b8,L2,88,327086.535297,327086.650705,327086.844326,met,0.140750
b8,L1,133,327088.535298,327088.688511,327088.732645,met,0.003550
b8,L2,89,327089.535297,327089.748684,327089.840347,met,0.047321
b8,L1,134,327090.535298,327090.702749,327090.750621,met,0.003369
b8,L1,135,327092.535298,327092.745419,327092.827955,met,0.033284
b8,L2,90,327092.535297,327092.736200,327092.827970,met,0.043100
b8,L1,136,327094.535298,327094.748565,327094.788053,met,0.001289
b8,L2,91,327095.535297,327095.617139,327095.675592,met,0.001072
b8,L1,137,327096.535298,327096.698043,327096.741074,met,0.003430
b8,L1,138,327098.535298,327098.606952,327098.649858,met,0.001039
b8,L2,92,327098.535297,327098.703507,327098.745718,met,0.000854
b8,L1,139,327100.535298,327100.744232,327100.786508,met,0.003517
b8,L2,93,327101.535297,327101.643957,327101.684627,met,0.001152
b8,L1,140,327102.535298,327102.742619,327102.792840,met,0.003140
b8,L2,94,327104.535297,327104.727374,327104.768092,met,0.001322
b8,L1,141,327104.535298,327104.749895,327104.792246,met,0.001459
b8,L1,142,327106.535298,327106.597763,327106.635978,met,0.001136
b8,L2,95,327107.535297,327107.596612,327107.638391,met,0.001020
b8,L1,143,327108.535298,327108.696988,327108.741599,met,0.003499
b8,L2,96,327110.535297,327110.745431,327111.222936,met,0.431050
b8,L1,144,327110.535298,327110.600022,327111.229981,missed,0.576855
b8,L1,145,327112.535298,327112.649089,327112.690783,met,0.002156
b8,L2,97,327113.535297,327113.623343,327113.677488,met,0.008955
b8,L1,146,327114.535298,327114.725146,327114.767776,met,0.003340
b8,L1,147,327116.535298,327116.599409,327116.640991,met,0.001463
b8,L2,98,327116.535297,327116.745915,327116.785044,met,0.001195
b8,L1,148,327118.535298,327118.655421,327118.697369,met,0.003421
b8,L2,99,327119.535297,327119.594764,327119.637591,met,0.001227
b8,L1,149,327120.535298,327120.597968,327120.641617,met,0.003553
b9,L1,0,327121.045953,327121.121301,327121.190106,met,0.022099
b9,L2,0,327121.045914,327121.121390,327121.190040,met,0.021773
b9,L1,1,327123.045953,327123.222046,327123.266076,met,0.004004
b9,L2,1,327124.045914,327124.246303,327124.287364,met,0.001345
b9,L1,2,327125.045953,327125.212469,327125.255192,met,0.003425
b9,L1,3,327127.045953,327127.228173,327127.270726,met,0.003200
b9,L2,2,327127.045914,327127.248605,327127.291624,met,0.001314
b9,L1,4,327129.045953,327129.105855,327129.149475,met,0.000974
b9,L2,3,327130.045914,327130.145251,327130.187801,met,0.002256
b9,L1,5,327131.045953,327131.211978,327131.255775,met,0.003588
b9,L2,4,327133.045914,327133.115986,327133.156590,met,0.000917
b9,L1,6,327133.045953,327133.247996,327133.289067,met,0.002168
b9,L1,7,327135.045953,327135.218727,327135.268047,met,0.001280
b9,L2,5,327136.045914,327136.194784,327136.234418,met,0.001253
b9,L1,8,327137.045953,327137.263502,327137.307786,met,0.003256
b9,L2,6,327139.045914,327139.202152,327139.246614,met,0.001313
b9,L1,9,327139.045953,327139.210898,327139.257499,met,0.003561
b9,L1,10,327141.045953,327141.154118,327141.844517,missed,0.630800
b9,L2,7,327142.045914,327142.111079,327142.366446,met,0.211325
b9,L1,11,327143.045953,327143.246830,327143.298910,met,0.014675
b9,L2,8,327145.045914,327145.210093,327145.252465,met,0.001242
b9,L1,12,327145.045953,327145.245476,327145.286329,met,0.001497
b9,L1,13,327147.045953,327147.244586,327147.286394,met,0.003417
b9,L2,9,327148.045914,327148.179039,327148.561817,met,0.338437
b9,L1,14,327149.045953,327149.108160,327149.150644,met,0.003733
b9,L2,10,327151.045914,327151.241716,327151.286592,met,0.002124
b9,L1,15,327151.045953,327151.243140,327151.286611,met,0.001453
b9,L1,16,327153.045953,327153.245344,327153.355500,met,0.070544
b9,L2,11,327154.045914,327154.226703,327154.267773,met,0.001233
b9,L1,17,327155.045953,327155.109121,327155.152825,met,0.003282
b9,L1,18,327157.045953,327157.112920,327157.155173,met,0.001540
b9,L2,12,327157.045914,327157.243809,327157.285679,met,0.001253
b9,L1,19,327159.045953,327159.185314,327159.230162,met,0.002116
b9,L2,13,327160.045914,327160.252019,327160.293093,met,0.001337
b9,L1,20,327161.045953,327161.118919,327161.165900,met,0.004705
b9,L1,21,327163.045953,327163.247864,327163.378058,met,0.083866
b9,L2,14,327163.045914,327163.247806,327163.378131,met,0.082274
b9,L1,22,327165.045953,327165.249362,327165.300598,met,0.007085
b9,L2,15,327166.045914,327166.151379,327166.196894,met,0.001165
b9,L1,23,327167.045953,327167.119537,327167.168141,met,0.005598
b9,L1,24,327169.045953,327169.251371,327169.306064,met,0.005035
b9,L2,16,327169.045914,327169.251112,327169.306043,met,0.005862
b9,L1,25,327171.045953,327171.258952,327171.303107,met,0.003691
b9,L2,17,327172.045914,327172.251691,327173.578023,met,1.284419
b9,L1,26,327173.045953,327173.254250,327173.578088,met,0.283556
b9,L1,27,327175.045953,327175.177118,327175.224224,met,0.001968
b9,L2,18,327175.045914,327175.252121,327175.292605,met,0.001432
b9,L1,28,327177.045953,327177.251319,327177.290888,met,0.001384
b9,L2,19,327178.045914,327178.246746,327178.286230,met,0.001318
b9,L1,29,327179.045953,327179.113966,327179.417729,met,0.258666
b9,L2,20,327181.045914,327181.123359,327181.165828,met,0.001300
b9,L1,30,327181.045953,327181.244578,327181.287702,met,0.004204
b9,L1,31,327183.045953,327183.164529,327183.208408,met,0.003388
b9,L2,21,327184.045914,327184.107185,327184.148100,met,0.001319
b9,L1,32,327185.045953,327185.127863,327185.170510,met,0.003494
b9,L1,33,327187.045953,327187.149272,327187.204801,met,0.009005
b9,L2,22,327187.045914,327187.164248,327187.211409,met,0.001272
b9,L1,34,327189.045953,327189.182764,327189.226722,met,0.001911
b9,L2,23,327190.045914,327190.114381,327190.158097,met,0.001277
b9,L1,35,327191.045953,327191.121800,327191.163384,met,0.001428
b9,L1,36,327193.045953,327193.171821,327193.213595,met,0.003396
b9,L2,24,327193.045914,327193.227251,327193.271006,met,0.001269
b9,L1,37,327195.045953,327195.230705,327195.275328,met,0.003535
b9,L2,25,327196.045914,327196.204654,327196.245426,met,0.001310
b9,L1,38,327197.045953,327197.175540,327197.215770,met,0.001377
b9,L2,26,327199.045914,327199.250819,327199.294276,met,0.001295
b9,L1,39,327199.045953,327199.248040,327199.295406,met,0.004298
b9,L1,40,327201.045953,327201.173014,327201.216832,met,0.003374
b9,L2,27,327202.045914,327202.247601,327202.288215,met,0.001371
b9,L1,41,327203.045953,327203.221897,327203.262040,met,0.001357
b9,L1,42,327205.045953,327205.244235,327205.287465,met,0.001892
b9,L2,28,327205.045914,327205.246544,327205.287451,met,0.001265
b9,L1,43,327207.045953,327207.143176,327207.186953,met,0.001362
b9,L2,29,327208.045914,327208.111688,327208.152568,met,0.001234
b9,L1,44,327209.045953,327209.112516,327209.156395,met,0.003268
b9,L1,45,327211.045953,327211.194674,327211.237641,met,0.003386
b9,L2,30,327211.045914,327211.246209,327211.288438,met,0.001483
b9,L1,46,327213.045953,327213.130021,327213.171904,met,0.001391
b9,L2,31,327214.045914,327214.243367,327214.290853,met,0.001261
b9,L1,47,327215.045953,327215.235470,327215.280568,met,0.003345
b9,L2,32,327217.045914,327217.222862,327217.263525,met,0.001273
b9,L1,48,327217.045953,327217.252832,327217.297065,met,0.003557
b9,L1,49,327219.045953,327219.175386,327219.220934,met,0.001193
b9,L2,33,327220.045914,327220.257676,327220.300764,met,0.001263
b9,L1,50,327221.045953,327221.181803,327221.227036,met,0.003463
b9,L1,51,327223.045953,327223.211623,327223.254853,met,0.003375
b9,L2,34,327223.045914,327223.254790,327223.298518,met,0.001236
b9,L1,52,327225.045953,327225.247868,327225.390227,met,0.102381
b9,L2,35,327226.045914,327226.224539,327226.265633,met,0.001337
b9,L1,53,327227.045953,327227.253889,327227.297554,met,0.003245
b9,L1,54,327229.045953,327229.154457,327229.202347,met,0.004092
b9,L2,36,327229.045914,327229.232576,327229.288691,met,0.001089
b9,L1,55,327231.045953,327231.140213,327231.186625,met,0.003373
b9,L2,37,327232.045914,327232.223459,327232.266187,met,0.001296
b9,L1,56,327233.045953,327233.240645,327233.282185,met,0.003443
b9,L1,57,327235.045953,327235.182547,327235.887182,missed,0.645592
b9,L2,38,327235.045914,327235.196417,327235.996467,met,0.754708
b9,L1,58,327237.045953,327237.161327,327237.202495,met,0.001405
b9,L2,39,327238.045914,327238.217082,327238.260726,met,0.001240
b9,L1,59,327239.045953,327239.104261,327239.151108,met,0.003809
b9,L1,60,327241.045953,327241.116320,327241.769889,missed,0.601358
b9,L2,40,327241.045914,327241.143036,327241.999216,met,0.810410
b9,L1,61,327243.045953,327243.245016,327243.287980,met,0.003363
b9,L2,41,327244.045914,327244.122682,327244.164688,met,0.001232
b9,L1,62,327245.045953,327245.171186,327245.215678,met,0.003824
b9,L1,63,327247.045953,327247.232143,327247.282533,met,0.001616
b9,L2,42,327247.045914,327247.232143,327247.282533,met,0.001005
b9,L1,64,327249.045953,327249.123008,327249.294040,met,0.127986
b9,L2,43,327250.045914,327250.162450,327250.204313,met,0.001288
b9,L1,65,327251.045953,327251.228539,327251.273303,met,0.003027
b9,L1,66,327253.045953,327253.112520,327253.157586,met,0.003298
b9,L2,44,327253.045914,327253.228132,327253.270000,met,0.001347
b9,L1,67,327255.045953,327255.243659,327255.288877,met,0.003553
b9,L2,45,327256.045914,327256.204566,327256.605281,met,0.354236
b9,L1,68,327257.045953,327257.254446,327257.300390,met,0.003353
b9,L1,69,327259.045953,327259.235267,327259.282971,met,0.004540
b9,L2,46,327259.045914,327259.257729,327259.303326,met,0.001186
b9,L1,70,327261.045953,327261.145299,327261.190891,met,0.003931
b9,L2,47,327262.045914,327262.164398,327262.209723,met,0.001106
b9,L1,71,327263.045953,327263.109749,327263.152973,met,0.003225
b9,L2,48,327265.045914,327265.116371,327265.161640,met,0.001313
b9,L1,72,327265.045953,327265.116365,327265.161711,met,0.002188
b9,L1,73,327267.045953,327267.244491,327267.286677,met,0.000965
b9,L2,49,327268.045914,327268.153966,327268.212103,met,0.016677
b9,L1,74,327269.045953,327269.230324,327269.274218,met,0.003437
b9,L2,50,327271.045914,327271.151402,327271.214089,met,0.022472
b9,L1,75,327271.045953,327271.256683,327271.302200,met,0.004095
b9,L1,76,327273.045953,327273.227004,327273.284475,met,0.001652
b9,L2,51,327274.045914,327274.209400,327274.250967,met,0.001260
b9,L1,77,327275.045953,327275.246756,327275.290141,met,0.003312
b9,L2,52,327277.045914,327277.131393,327277.184701,met,0.001395
b9,L1,78,327277.045953,327277.131395,327277.188313,met,0.004448
b9,L1,79,327279.045953,327279.248159,327279.291470,met,0.000966
b9,L2,53,327280.045914,327280.238869,327280.282712,met,0.001062
b9,L1,80,327281.045953,327281.183740,327281.239904,met,0.016107
b9,L2,54,327283.045914,327283.200301,327283.255868,met,0.001517
b9,L1,81,327283.045953,327283.231972,327283.289745,met,0.003732
b9,L1,82,327285.045953,327285.236811,327285.280767,met,0.003382
b9,L2,55,327286.045914,327286.130465,327286.170416,met,0.001275
b9,L1,83,327287.045953,327287.193681,327287.434506,met,0.197576
b9,L2,56,327289.045914,327289.223555,327289.267642,met,0.001324
b9,L1,84,327289.045953,327289.223554,327289.270613,met,0.004799
b9,L1,85,327291.045953,327291.231206,327291.274100,met,0.003434
b9,L2,57,327292.045914,327292.223166,327292.262922,met,0.001258
b9,L1,86,327293.045953,327293.241264,327293.284188,met,0.003487
b9,L1,87,327295.045953,327295.111224,327295.155011,met,0.003293
b9,L2,58,327295.045914,327295.246793,327295.288257,met,0.001213
b9,L1,88,327297.045953,327297.219066,327297.899939,missed,0.624330
b9,L2,59,327298.045914,327298.211605,327298.340865,met,0.086630
b9,L1,89,327299.045953,327299.161312,327299.203183,met,0.001411
b9,L2,60,327301.045914,327301.128197,327301.168431,met,0.001264
b9,L1,90,327301.045953,327301.250114,327301.358435,met,0.066065
b9,L1,91,327303.045953,327303.115863,327303.162349,met,0.001624
b9,L2,61,327304.045914,327304.121780,327304.167808,met,0.001385
b9,L1,92,327305.045953,327305.165511,327305.213385,met,0.003482
b9,L1,93,327307.045953,327307.125487,327307.171961,met,0.001924
b9,L2,62,327307.045914,327307.229252,327307.269400,met,0.001222
b9,L1,94,327309.045953,327309.202132,327309.252151,met,0.001917
b9,L2,63,327310.045914,327310.251104,327310.679921,met,0.381351
b9,L1,95,327311.045953,327311.117943,327311.168265,met,0.005706
b9,L1,96,327313.045953,327313.118344,327313.165675,met,0.001950
b9,L2,64,327313.045914,327313.251389,327313.318375,met,0.026191
b9,L1,97,327315.045953,327315.241714,327315.292528,met,0.005561
b9,L2,65,327316.045914,327316.199856,327316.246618,met,0.001886
b9,L1,98,327317.045953,327317.250809,327317.329994,met,0.022295
b9,L2,66,327319.045914,327319.113318,327319.154438,met,0.001400
b9,L1,99,327319.045953,327319.244495,327319.287032,met,0.003709
b9,L1,100,327321.045953,327321.131681,327321.177467,met,0.003585
b9,L2,67,327322.045914,327322.244987,327322.288227,met,0.001381
b9,L1,101,327323.045953,327323.245497,327323.289124,met,0.003442
b9,L2,68,327325.045914,327325.152627,327325.196603,met,0.001289
b9,L1,102,327325.045953,327325.244934,327325.290332,met,0.001364
b9,L1,103,327327.045953,327327.266573,327327.340352,met,0.032578
b9,L2,69,327328.045914,327328.113701,327328.155345,met,0.001295
b9,L1,104,327329.045953,327329.241124,327329.678920,met,0.390302
b9,L1,105,327331.045953,327331.130397,327331.173945,met,0.003286
b9,L2,70,327331.045914,327331.221122,327331.262290,met,0.001230
b9,L1,106,327333.045953,327333.217391,327333.390466,met,0.130715
b9,L2,71,327334.045914,327334.247213,327334.288808,met,0.001361
b9,L1,107,327335.045953,327335.165727,327335.209652,met,0.003860
b9,L1,108,327337.045953,327337.191986,327337.238541,met,0.001372
b9,L2,72,327337.045914,327337.238814,327337.282535,met,0.001240
b9,L1,109,327339.045953,327339.212006,327339.253161,met,0.000944
b9,L2,73,327340.045914,327340.145631,327340.187084,met,0.001217
b9,L1,110,327341.045953,327341.220524,327341.263689,met,0.003600
b9,L1,111,327343.045953,327343.238416,327343.283586,met,0.001415
b9,L2,74,327343.045914,327343.248114,327343.288549,met,0.001270
b9,L1,112,327345.045953,327345.233400,327345.277758,met,0.003699
b9,L2,75,327346.045914,327346.208208,327346.250007,met,0.001312
b9,L1,113,327347.045953,327347.229626,327347.275506,met,0.003705
b9,L2,76,327349.045914,327349.115104,327349.161206,met,0.001223
b9,L1,114,327349.045953,327349.115484,327349.161295,met,0.000979
b9,L1,115,327351.045953,327351.256394,327351.298980,met,0.002546
b9,L2,77,327352.045914,327352.189018,327352.230947,met,0.001198
b9,L1,116,327353.045953,327353.132823,327353.176290,met,0.003359
b9,L2,78,327355.045914,327355.149502,327355.191255,met,0.001288
b9,L1,117,327355.045953,327355.229446,327355.273755,met,0.003726
b9,L1,118,327357.045953,327357.249740,327357.297134,met,0.003741
b9,L2,79,327358.045914,327358.249632,327358.289518,met,0.001281
b9,L1,119,327359.045953,327359.107833,327359.152618,met,0.003655
b9,L2,80,327361.045914,327361.148132,327361.189594,met,0.001235
b9,L1,120,327361.045953,327361.195462,327361.239786,met,0.003461
b9,L1,121,327363.045953,327363.214805,327363.259009,met,0.003710
b9,L2,81,327364.045914,327364.195117,327364.489835,met,0.248832
b9,L1,122,327365.045953,327365.107746,327365.151485,met,0.003361
b9,L2,82,327367.045914,327367.134225,327367.182746,met,0.004086
b9,L1,123,327367.045953,327367.134226,327367.183043,met,0.003433
b9,L1,124,327369.045953,327369.180237,327369.225306,met,0.001125
b9,L2,83,327370.045914,327370.257896,327370.298037,met,0.001293
b9,L1,125,327371.045953,327371.116743,327371.163814,met,0.003778
b9,L1,126,327373.045953,327373.114456,327373.154139,met,0.001037
b9,L2,84,327373.045914,327373.240480,327373.280093,met,0.001175
b9,L1,127,327375.045953,327375.220286,327375.263613,met,0.003494
b9,L2,85,327376.045914,327376.195551,327376.250553,met,0.001457
b9,L1,128,327377.045953,327377.246035,327377.290963,met,0.003354
b9,L1,129,327379.045953,327379.197185,327379.240518,met,0.001395
b9,L2,86,327379.045914,327379.252598,327379.294034,met,0.001039
b9,L1,130,327381.045953,327381.245935,327381.296937,met,0.009301
b9,L2,87,327382.045914,327382.245359,327382.290182,met,0.002201
b9,L1,131,327383.045953,327383.197526,327383.238959,met,0.001392
b9,L1,132,327385.045953,327385.207581,327385.250626,met,0.001579
b9,L2,88,327385.045914,327385.248906,327385.296075,met,0.001275
b9,L1,133,327387.045953,327387.207998,327387.255208,met,0.003877
b9,L2,89,327388.045914,327388.253018,327388.293105,met,0.000855
b9,L1,134,327389.045953,327389.164406,327389.205492,met,0.002813
b9,L1,135,327391.045953,327391.222546,327391.913325,missed,0.638308
b9,L2,90,327391.045914,327391.239942,327392.154346,met,0.872303
b9,L1,136,327393.045953,327393.229572,327393.269307,met,0.001474
b9,L2,91,327394.045914,327394.198059,327394.237109,met,0.001139
b9,L1,137,327395.045953,327395.241997,327395.459213,met,0.174245
b9,L2,92,327397.045914,327397.225122,327397.273417,met,0.004233
b9,L1,138,327397.045953,327397.225126,327397.273451,met,0.003696
b9,L1,139,327399.045953,327399.191376,327399.234873,met,0.001882
b9,L2,93,327400.045914,327400.256948,327400.296682,met,0.001247
b9,L1,140,327401.045953,327401.183683,327401.254491,met,0.028651
b9,L1,141,327403.045953,327403.166046,327403.208660,met,0.001882
b9,L2,94,327403.045914,327403.221115,327403.264734,met,0.001280
b9,L1,142,327405.045953,327405.120329,327405.162724,met,0.003464
b9,L2,95,327406.045914,327406.229278,327406.272261,met,0.001332
b9,L1,143,327407.045953,327407.148209,327407.188965,met,0.001989
b9,L2,96,327409.045914,327409.122723,327409.161642,met,0.001180
b9,L1,144,327409.045953,327409.220599,327409.260466,met,0.003340
b9,L1,145,327411.045953,327411.132430,327411.177672,met,0.003565
b9,L2,97,327412.045914,327412.155611,327412.200313,met,0.000991
b9,L1,146,327413.045953,327413.249683,327413.309427,met,0.015177
b9,L2,98,327415.045914,327415.236904,327415.279211,met,0.001149
b9,L1,147,327415.045953,327415.248254,327415.287695,met,0.001309
b9,L1,148,327417.045953,327417.253388,327417.294112,met,0.002098
b9,L2,99,327418.045914,327418.163631,327418.205215,met,0.002115
b9,L1,149,327419.045953,327419.245771,327419.304972,met,0.019795
b10,L1,0,327419.663229,327419.726592,327419.770273,met,0.001213
b10,L2,0,327419.663333,327419.726775,327419.770197,met,0.001660
b10,L1,1,327421.663229,327421.858441,327422.548077,missed,0.639897
b10,L2,1,327422.663333,327422.828118,327423.053948,met,0.183273
b10,L1,2,327423.663229,327423.737204,327423.782490,met,0.003364
b10,L2,2,327425.663333,327425.739786,327425.779540,met,0.001220
b10,L1,3,327425.663229,327425.784927,327426.192720,met,0.367884
b10,L1,4,327427.663229,327427.871387,327428.008956,met,0.098895
b10,L2,3,327428.663333,327428.735911,327428.778776,met,0.001459
b10,L1,5,327429.663229,327429.780161,327429.821664,met,0.003272
b10,L2,4,327431.663333,327431.856552,327431.904818,met,0.001319
b10,L1,6,327431.663229,327431.856553,327431.905012,met,0.002116
b10,L1,7,327433.663229,327433.877533,327433.922374,met,0.003651
b10,L2,5,327434.663333,327434.845153,327434.886649,met,0.001232
b10,L1,8,327435.663229,327435.786551,327435.826562,met,0.003104
b10,L1,9,327437.663229,327437.775746,327437.818808,met,0.001505
b10,L2,6,327437.663333,327437.837728,327437.924673,met,0.042674
b10,L1,10,327439.663229,327439.784232,327439.829406,met,0.003466
b10,L2,7,327440.663333,327440.784706,327440.825845,met,0.001050
b10,L1,11,327441.663229,327441.722831,327441.772675,met,0.007701
b10,L1,12,327443.663229,327443.786126,327443.831583,met,0.003847
b10,L2,8,327443.663333,327443.827675,327443.873459,met,0.001393
b10,L1,13,327445.663229,327445.730457,327445.772443,met,0.001488
b10,L2,9,327446.663333,327446.878895,327446.927898,met,0.001305
b10,L1,14,327447.663229,327447.875354,327447.952899,met,0.033747
b10,L2,10,327449.663333,327449.820236,327449.866818,met,0.001592
b10,L1,15,327449.663229,327449.865706,327449.910016,met,0.001388
b10,L1,16,327451.663229,327451.858525,327451.910589,met,0.003846
b10,L1,17,327453.663229,327453.797856,327454.128762,met,0.278928
b10,L2,11,327452.663333,327452.856230,327454.128884,met,1.220451
b10,L1,18,327455.663229,327455.859342,327455.896816,met,0.001311
b10,L2,12,327455.663333,327455.874237,327455.912334,met,0.001055
b10,L1,19,327457.663229,327457.857528,327457.897660,met,0.000957
b10,L2,13,327458.663333,327458.724321,327458.767247,met,0.000884
b10,L1,20,327459.663229,327459.737969,327459.780137,met,0.002091
b10,L2,14,327461.663333,327461.761352,327461.807583,met,0.001970
b10,L1,21,327461.663229,327461.759581,327461.807541,met,0.001446
b10,L1,22,327463.663229,327463.797010,327463.841767,met,0.003266
b10,L2,15,327464.663333,327464.865341,327464.912549,met,0.001142
b10,L1,23,327465.663229,327465.736205,327465.785096,met,0.003534
b10,L1,24,327467.663229,327467.805728,327467.851465,met,0.003184
b10,L2,16,327467.663333,327467.813261,327467.857218,met,0.001085
b10,L1,25,327469.663229,327469.789818,327469.835506,met,0.003610
b10,L2,17,327470.663333,327470.873904,327470.923451,met,0.001368
b10,L1,26,327471.663229,327471.790441,327471.839608,met,0.001437
b10,L2,18,327473.663333,327473.742379,327473.790399,met,0.000969
b10,L1,27,327473.663229,327473.773367,327473.818327,met,0.001938
b10,L1,28,327475.663229,327475.862938,327475.906783,met,0.003495
b10,L2,19,327476.663333,327476.766246,327476.809053,met,0.001189
b10,L1,29,327477.663229,327477.869614,327477.911759,met,0.001319
b10,L2,20,327479.663333,327479.743631,327479.792578,met,0.001182
b10,L1,30,327479.663229,327479.774686,327479.820860,met,0.003178
b10,L1,31,327481.663229,327481.761688,327481.807852,met,0.003322
b10,L2,21,327482.663333,327482.874790,327482.921131,met,0.001374
b10,L1,32,327483.663229,327483.800105,327483.844670,met,0.001682
b10,L2,22,327485.663333,327485.766359,327485.810648,met,0.001196
b10,L1,33,327485.663229,327485.802725,327485.845840,met,0.003420
b10,L1,34,327487.663229,327487.720162,327487.978902,met,0.207291
b10,L2,23,327488.663333,327488.750681,327488.792277,met,0.001102
b10,L1,35,327489.663229,327489.739495,327489.782490,met,0.003067
b10,L1,36,327491.663229,327491.828108,327491.871648,met,0.003111
b10,L2,24,327491.663333,327491.847376,327491.888341,met,0.001283
b10,L1,37,327493.663229,327493.792118,327493.832965,met,0.001350
b10,L2,25,327494.663333,327494.840468,327494.888148,met,0.001454
b10,L1,38,327495.663229,327495.731871,327495.777330,met,0.003160
b10,L1,39,327497.663229,327497.852590,327497.899628,met,0.003214
b10,L2,26,327497.663333,327497.855486,327497.899658,met,0.003858
b10,L1,40,327499.663229,327499.815159,327499.857776,met,0.001348
b10,L2,27,327500.663333,327500.778668,327500.822808,met,0.001359
b10,L1,41,327501.663229,327501.820067,327501.864704,met,0.003327
b10,L2,28,327503.663333,327503.753619,327503.797612,met,0.001291
b10,L1,42,327503.663229,327503.860557,327503.902080,met,0.003762
b10,L1,43,327505.663229,327505.826071,327505.875100,met,0.002207
b10,L2,29,327506.663333,327506.790928,327506.831606,met,0.001423
b10,L1,44,327507.663229,327507.859626,327507.905476,met,0.003551
b10,L1,45,327509.663229,327509.731606,327509.784174,met,0.005766
b10,L2,30,327509.663333,327509.791412,327509.834348,met,0.001318
b10,L1,46,327511.663229,327511.836661,327511.881260,met,0.002181
b10,L2,31,327512.663333,327512.745463,327512.788379,met,0.001597
b10,L1,47,327513.663229,327513.849640,327513.894878,met,0.003626
b10,L2,32,327515.663333,327515.836565,327516.386121,met,0.507720
b10,L1,48,327515.663229,327515.788787,327516.394463,missed,0.554736
b10,L1,49,327517.663229,327517.774042,327517.813493,met,0.001466
b10,L2,33,327518.663333,327518.737838,327518.781072,met,0.000815
b10,L1,50,327519.663229,327519.846161,327519.885922,met,0.001814
b10,L2,34,327521.663333,327521.734755,327521.778736,met,0.002090
b10,L1,51,327521.663229,327521.847068,327521.889926,met,0.003383
b10,L1,52,327523.663229,327523.727020,327523.777528,met,0.005151
b10,L2,35,327524.663333,327524.725515,327524.767754,met,0.001489
b10,L1,53,327525.663229,327525.832471,327525.879726,met,0.001485
b10,L1,54,327527.663229,327527.734245,327527.777382,met,0.003420
b10,L2,36,327527.663333,327527.822889,327527.861212,met,0.001317
b10,L1,55,327529.663229,327529.822989,327529.868546,met,0.002022
b10,L2,37,327530.663333,327530.733149,327530.776665,met,0.001355
b10,L1,56,327531.663229,327531.799398,327531.848376,met,0.004262
b10,L2,38,327533.663333,327533.796200,327534.030405,met,0.184571
b10,L1,57,327533.663229,327533.739323,327534.030433,met,0.245178
b10,L1,58,327535.663229,327535.808497,327535.849505,met,0.003316
b10,L2,39,327536.663333,327536.877923,327536.917478,met,0.001303
b10,L1,59,327537.663229,327537.770131,327537.817503,met,0.003646
b10,L1,60,327539.663229,327539.840068,327539.885316,met,0.001508
b10,L2,40,327539.663333,327539.848276,327539.895239,met,0.001280
b10,L1,61,327541.663229,327541.802415,327541.853032,met,0.006097
b10,L2,41,327542.663333,327542.743908,327542.786014,met,0.001297
b10,L1,62,327543.663229,327543.798388,327543.842734,met,0.003632
b10,L1,63,327545.663229,327545.739846,327545.786831,met,0.002043
b10,L2,42,327545.663333,327545.803483,327545.846252,met,0.001251
b10,L1,64,327547.663229,327547.744574,327547.794564,met,0.004229
b10,L2,43,327548.663333,327548.811888,327548.854793,met,0.000821
b10,L1,65,327549.663229,327549.737854,327549.776308,met,0.000911
b10,L2,44,327551.663333,327551.738273,327551.782429,met,0.001438
b10,L1,66,327551.663229,327551.834269,327551.874009,met,0.003689
b10,L1,67,327553.663229,327553.842950,327553.882583,met,0.003285
b10,L2,45,327554.663333,327554.828742,327554.868876,met,0.001415
b10,L1,68,327555.663229,327555.871769,327555.918171,met,0.002151
b10,L1,69,327557.663229,327557.828698,327557.869182,met,0.003535
b10,L2,46,327557.663333,327557.869088,327557.911404,met,0.001233
b10,L1,70,327559.663229,327559.730263,327559.774833,met,0.003806
b10,L2,47,327560.663333,327560.796311,327560.839529,met,0.001238
b10,L1,71,327561.663229,327561.811501,327561.853172,met,0.001409
b10,L1,72,327563.663229,327563.728626,327563.779113,met,0.005276
b10,L2,48,327563.663333,327563.752565,327563.795841,met,0.001673
b10,L1,73,327565.663229,327565.843563,327565.884083,met,0.001364
b10,L2,49,327566.663333,327566.866688,327566.908456,met,0.001225
b10,L1,74,327567.663229,327567.876302,327567.928042,met,0.005134
b10,L2,50,327569.663333,327569.724547,327569.765531,met,0.001242
b10,L1,75,327569.663229,327569.852556,327569.893639,met,0.003082
b10,L1,76,327571.663229,327571.855876,327571.904291,met,0.003982
b10,L2,51,327572.663333,327572.765140,327572.812654,met,0.001520
b10,L1,77,327573.663229,327573.864395,327573.915310,met,0.005933
b10,L1,78,327575.663229,327575.768183,327575.819602,met,0.005170
b10,L2,52,327575.663333,327575.799658,327575.843394,met,0.001629
b10,L1,79,327577.663229,327577.875128,327578.577028,missed,0.647000
b10,L2,53,327578.663333,327578.871285,327578.911750,met,0.000793
b10,L1,80,327579.663229,327579.754896,327580.158132,met,0.359066
b10,L1,81,327581.663229,327581.749045,327581.787163,met,0.002404
b10,L2,54,327581.663333,327581.861542,327581.901600,met,0.001216
b10,L1,82,327583.663229,327583.738718,327583.781819,met,0.004276
b10,L2,55,327584.663333,327584.738810,327584.777202,met,0.001238
b10,L1,83,327585.663229,327585.728736,327585.771205,met,0.003224
b10,L2,56,327587.663333,327587.848963,327587.889955,met,0.001004
b10,L1,84,327587.663229,327587.862186,327587.905530,met,0.003728
b10,L1,85,327589.663229,327589.732678,327589.773290,met,0.003564
b10,L2,57,327590.663333,327590.800035,327590.839030,met,0.001002
b10,L1,86,327591.663229,327591.799348,327591.840167,met,0.003509
b10,L2,58,327593.663333,327593.729548,327594.245263,met,0.466827
b10,L1,87,327593.663229,327593.785143,327594.245480,met,0.413003
b10,L1,88,327595.663229,327595.742321,327595.783273,met,0.003308
b10,L2,59,327596.663333,327596.878964,327596.917327,met,0.001263
b10,L1,89,327597.663229,327597.835000,327597.873439,met,0.001000
b10,L2,60,327599.663333,327599.719359,327599.758131,met,0.001242
b10,L1,90,327599.663229,327599.770537,327599.811769,met,0.003497
b10,L1,91,327601.663229,327601.780878,327601.862135,met,0.042099
b10,L2,61,327602.663333,327602.735335,327602.775500,met,0.001179
b10,L1,92,327603.663229,327603.720756,327603.761247,met,0.003158
b10,L2,62,327605.663333,327605.738302,327605.781919,met,0.001858
b10,L1,93,327605.663229,327605.857491,327605.898979,met,0.005088
b10,L1,94,327607.663229,327607.868096,327607.913982,met,0.001917
b10,L2,63,327608.663333,327608.736943,327608.775078,met,0.000824
b10,L1,95,327609.663229,327609.754834,327609.870927,met,0.073894
b10,L2,64,327611.663333,327611.877458,327611.961863,met,0.032699
b10,L1,96,327611.663229,327611.877576,327611.961743,met,0.032440
b10,L1,97,327613.663229,327613.774288,327613.827641,met,0.005489
b10,L2,65,327614.663333,327614.804827,327614.847581,met,0.001987
b10,L1,98,327615.663229,327615.875213,327615.919622,met,0.003536
b10,L2,66,327617.663333,327617.747077,327617.792642,met,0.001695
b10,L1,99,327617.663229,327617.822448,327617.861354,met,0.004036
b10,L1,100,327619.663229,327619.873586,327619.917913,met,0.004159
b10,L2,67,327620.663333,327620.738673,327620.777277,met,0.001288
b10,L1,101,327621.663229,327621.719424,327621.759555,met,0.003369
b10,L1,102,327623.663229,327623.724243,327623.765074,met,0.003373
b10,L2,68,327623.663333,327623.741681,327623.780155,met,0.001222
b10,L1,103,327625.663229,327625.738058,327625.776757,met,0.001376
b10,L2,69,327626.663333,327626.776442,327626.817607,met,0.001237
b10,L1,104,327627.663229,327627.767614,327627.808281,met,0.003371
b10,L1,105,327629.663229,327629.736292,327629.776357,met,0.001860
b10,L2,70,327629.663333,327629.776456,327629.814726,met,0.001208
b10,L1,106,327631.663229,327631.793669,327631.832937,met,0.001351
b10,L2,71,327632.663333,327632.718228,327632.757355,met,0.001201
b10,L1,107,327633.663229,327633.790492,327633.831380,met,0.003251
b10,L1,108,327635.663229,327635.723381,327635.764115,met,0.003163
b10,L2,72,327635.663333,327635.768531,327635.807216,met,0.001110
b10,L1,109,327637.663229,327637.754328,327637.792176,met,0.001307
b10,L2,73,327638.663333,327638.720896,327638.762821,met,0.000894
b10,L1,110,327639.663229,327639.722761,327639.762188,met,0.000849
b10,L1,111,327641.663229,327641.759248,327641.798195,met,0.002093
b10,L2,74,327641.663333,327641.773381,327641.814506,met,0.000850
b10,L1,112,327643.663229,327643.763936,327643.805171,met,0.003310
b10,L2,75,327644.663333,327644.762939,327644.802081,met,0.001189
b10,L1,113,327645.663229,327645.718404,327645.760237,met,0.003602
b10,L2,76,327647.663333,327647.724963,327647.765567,met,0.001172
b10,L1,114,327647.663229,327647.847562,327647.889849,met,0.005539
b10,L1,115,327649.663229,327649.735995,327649.777844,met,0.003354
b10,L2,77,327650.663333,327650.724386,327650.763353,met,0.001221
b10,L1,116,327651.663229,327651.821652,327651.862290,met,0.002377
b10,L2,78,327653.663333,327653.724023,327653.762125,met,0.001228
b10,L1,117,327653.663229,327653.811280,327653.851664,met,0.003192
b10,L1,118,327655.663229,327655.733008,327655.771955,met,0.001370
b10,L2,79,327656.663333,327656.726407,327657.146810,met,0.379065
b10,L1,119,327657.663229,327657.854089,327657.898997,met,0.004255
b10,L1,120,327659.663229,327659.726890,327659.767706,met,0.003224
b10,L2,80,327659.663333,327659.813792,327659.851696,met,0.001174
b10,L1,121,327661.663229,327661.778451,327661.817615,met,0.001594
b10,L2,81,327662.663333,327662.748217,327663.548114,met,0.756068
b10,L1,122,327663.663229,327663.834791,327663.872805,met,0.001942
b10,L1,123,327665.663229,327665.721318,327665.760339,met,0.001463
b10,L2,82,327665.663333,327665.860870,327665.899337,met,0.001321
b10,L1,124,327667.663229,327667.853509,327667.899380,met,0.001473
b10,L2,83,327668.663333,327668.726724,327668.768778,met,0.000864
b10,L1,125,327669.663229,327669.746904,327669.787873,met,0.000914
b10,L2,84,327671.663333,327671.735485,327671.776626,met,0.001498
b10,L1,126,327671.663229,327671.863064,327671.900998,met,0.000841
b10,L1,127,327673.663229,327673.720323,327673.761257,met,0.003851
b10,L2,85,327674.663333,327674.771108,327674.867732,met,0.059237
b10,L1,128,327675.663229,327675.745139,327675.789393,met,0.003582
b10,L1,129,327677.663229,327677.728302,327677.767983,met,0.001393
b10,L2,86,327677.663333,327677.751236,327677.871834,met,0.079612
b10,L1,130,327679.663229,327679.721990,327679.764120,met,0.003332
b10,L2,87,327680.663333,327680.728021,327680.765105,met,0.001335
b10,L1,131,327681.663229,327681.726878,327681.767308,met,0.003335
b10,L2,88,327683.663333,327683.766563,327683.854096,met,0.045831
b10,L1,132,327683.663229,327683.754154,327683.854206,met,0.059585
b10,L1,133,327685.663229,327685.788872,327685.832480,met,0.001976
b10,L2,89,327686.663333,327686.776814,327686.865653,met,0.044633
b10,L1,134,327687.663229,327687.743243,327688.141568,met,0.355510
b10,L2,90,327689.663333,327689.870117,327689.934685,met,0.000960
b10,L1,135,327689.663229,327689.870162,327689.935536,met,0.002204
b10,L1,136,327691.663229,327691.741166,327691.781332,met,0.001467
b10,L2,91,327692.663333,327692.730712,327692.769727,met,0.001331
b10,L1,137,327693.663229,327693.726198,327693.767914,met,0.002729
b10,L2,92,327695.663333,327695.734542,327695.775011,met,0.001154
b10,L1,138,327695.663229,327695.803280,327695.852719,met,0.010160
b10,L1,139,327697.663229,327697.757944,327697.795379,met,0.001370
b10,L2,93,327698.663333,327698.731125,327698.771052,met,0.000858
b10,L1,140,327699.663229,327699.816890,327699.859673,met,0.001778
b10,L1,141,327701.663229,327701.773919,327702.480672,missed,0.650233
b10,L2,94,327701.663333,327701.848675,327702.993418,met,1.097809
b10,L1,142,327703.663229,327703.828724,327703.867124,met,0.002099
b10,L2,95,327704.663333,327704.740574,327704.779911,met,0.001371
b10,L1,143,327705.663229,327705.759029,327705.797889,met,0.001403
b10,L2,96,327707.663333,327707.755816,327707.797521,met,0.001141
b10,L1,144,327707.663229,327707.755849,327707.799385,met,0.003866
b10,L1,145,327709.663229,327709.833142,327709.875835,met,0.003765
b10,L2,97,327710.663333,327710.817274,327710.858229,met,0.001257
b10,L1,146,327711.663229,327711.725170,327711.762990,met,0.001372
b10,L2,98,327713.663333,327713.784773,327713.824811,met,0.000898
b10,L1,147,327713.663229,327713.824726,327713.869187,met,0.002404
b10,L1,148,327715.663229,327715.798298,327715.841072,met,0.003684
b10,L2,99,327716.663333,327716.788955,327716.828507,met,0.001259
b10,L1,149,327717.663229,327717.745429,327717.784758,met,0.001534
b11,L2,0,327718.144483,327718.200498,327718.243132,met,0.001317
b11,L1,0,327718.144373,327718.200487,327718.245001,met,0.004183
b11,L1,1,327720.144373,327720.304234,327720.344485,met,0.003342
b11,L2,1,327721.144483,327721.212470,327721.250474,met,0.001256
b11,L1,2,327722.144373,327722.344320,327722.386544,met,0.004154
b11,L1,3,327724.144373,327724.261953,327724.304160,met,0.003314
b11,L2,2,327724.144483,327724.321080,327724.359868,met,0.001201
b11,L1,4,327726.144373,327726.224872,327726.263540,met,0.001504
b11,L2,3,327727.144483,327727.211333,327727.250704,met,0.001204
b11,L1,5,327728.144373,327728.299932,327728.341264,met,0.003455
b11,L1,6,327730.144373,327730.221325,327730.264459,met,0.001791
b11,L2,4,327730.144483,327730.221371,327730.264597,met,0.002104
b11,L1,7,327732.144373,327732.225708,327732.265425,met,0.001386
b11,L1,8,327734.144373,327734.245353,327734.882496,missed,0.584343
b11,L2,5,327733.144483,327733.213300,327735.283534,missed,2.013624
b11,L2,6,327736.144483,327736.342049,327736.423121,met,0.028183
b11,L1,9,327736.144373,327736.341905,327736.423351,met,0.028454
b11,L1,10,327738.144373,327738.355635,327738.398167,met,0.000915
b11,L2,7,327739.144483,327739.220471,327739.265021,met,0.002110
b11,L1,11,327740.144373,327740.344846,327740.390668,met,0.004233
b11,L2,8,327742.144483,327742.346455,327742.390996,met,0.001659
b11,L1,12,327742.144373,327742.352672,327742.399499,met,0.001806
b11,L1,13,327744.144373,327744.360425,327744.403467,met,0.003843
b11,L2,9,327745.144483,327745.349573,327745.390172,met,0.001438
b11,L1,14,327746.144373,327746.216978,327746.258574,met,0.001935
b11,L1,15,327748.144373,327748.203085,327748.249125,met,0.004615
b11,L2,10,327748.144483,327748.212804,327748.251650,met,0.001246
b11,L1,16,327750.144373,327750.268766,327750.679012,met,0.365616
b11,L2,11,327751.144483,327751.226386,327751.267777,met,0.001683
b11,L1,17,327752.144373,327752.218587,327752.262063,met,0.001525
b11,L2,12,327754.144483,327754.220743,327754.262730,met,0.001310
b11,L1,18,327754.144373,327754.255363,327754.298529,met,0.003538
b11,L1,19,327756.144373,327756.313155,327756.357708,met,0.003509
b11,L2,13,327757.144483,327757.247132,327757.289158,met,0.001286
b11,L1,20,327758.144373,327758.276224,327758.380098,met,0.063179
b11,L1,21,327760.144373,327760.215831,327760.256572,met,0.002149
b11,L2,14,327760.144483,327760.325955,327760.367823,met,0.001251
b11,L1,22,327762.144373,327762.282094,327762.325194,met,0.003613
b11,L2,15,327763.144483,327763.224364,327763.263648,met,0.001238
b11,L1,23,327764.144373,327764.205846,327764.246283,met,0.001333
b11,L2,16,327766.144483,327766.201563,327766.242416,met,0.001303
b11,L1,24,327766.144373,327766.318830,327766.364020,met,0.003923
b11,L1,25,327768.144373,327768.335687,327768.420932,met,0.042148
b11,L2,17,327769.144483,327769.352855,327769.408478,met,0.001303
b11,L1,26,327770.144373,327770.342371,327770.381437,met,0.001404
b11,L1,27,327772.144373,327772.319524,327772.362320,met,0.003210
b11,L2,18,327772.144483,327772.362179,327772.403663,met,0.001203
b11,L1,28,327774.144373,327774.216679,327774.257045,met,0.001464
b11,L2,19,327775.144483,327775.302905,327775.343672,met,0.001241
b11,L1,29,327776.144373,327776.204555,327776.249666,met,0.003911
b11,L1,30,327778.144373,327778.232452,327778.273373,met,0.003551
b11,L2,20,327778.144483,327778.337518,327778.378656,met,0.001227
b11,L1,31,327780.144373,327780.265890,327780.307524,met,0.001357
b11,L2,21,327781.144483,327781.348690,327781.413338,met,0.023002
b11,L1,32,327782.144373,327782.301417,327782.341552,met,0.003229
b11,L2,22,327784.144483,327784.208554,327784.248263,met,0.001243
b11,L1,33,327784.144373,327784.338130,327784.392813,met,0.003535
b11,L1,34,327786.144373,327786.314572,327786.415477,met,0.060657
b11,L2,23,327787.144483,327787.323809,327787.364097,met,0.001217
b11,L1,35,327788.144373,327788.315670,327788.355952,met,0.001426
b11,L2,24,327790.144483,327790.239846,327790.279658,met,0.001266
b11,L1,36,327790.144373,327790.254002,327790.299881,met,0.003577
b11,L1,37,327792.144373,327792.344005,327792.437402,met,0.035719
b11,L2,25,327793.144483,327793.246495,327793.289186,met,0.001356
b11,L1,38,327794.144373,327794.359930,327794.397336,met,0.000974
b11,L1,39,327796.144373,327796.208205,327796.513690,met,0.260120
b11,L2,26,327796.144483,327796.222071,327796.656958,met,0.390088
b11,L1,40,327798.144373,327798.208721,327798.246657,met,0.001279
b11,L2,27,327799.144483,327799.254377,327799.334304,met,0.039631
b11,L1,41,327800.144373,327800.263600,327800.304057,met,0.003457
b11,L2,28,327802.144483,327802.255661,327802.337444,met,0.040092
b11,L1,42,327802.144373,327802.232852,327802.337557,met,0.063801
b11,L1,43,327804.144373,327804.207434,327804.248598,met,0.001027
b11,L2,29,327805.144483,327805.213540,327805.254698,met,0.001191
b11,L1,44,327806.144373,327806.272784,327806.313005,met,0.001287
b11,L2,30,327808.144483,327808.267047,327808.306489,met,0.001252
b11,L1,45,327808.144373,327808.337236,327808.379666,met,0.003524
b11,L1,46,327810.144373,327810.296568,327810.334797,met,0.001346
b11,L2,31,327811.144483,327811.353932,327811.416479,met,0.020551
b11,L1,47,327812.144373,327812.233641,327812.273829,met,0.001832
b11,L2,32,327814.144483,327814.287816,327814.342648,met,0.007247
b11,L1,48,327814.144373,327814.287799,327814.342652,met,0.009012
b11,L1,49,327816.144373,327816.213239,327816.252309,met,0.001366
b11,L2,33,327817.144483,327817.224593,327817.263690,met,0.001282
b11,L1,50,327818.144373,327818.242972,327818.283934,met,0.003687
b11,L1,51,327820.144373,327820.243186,327820.344568,met,0.056802
b11,L2,34,327820.144483,327820.243254,327820.344556,met,0.057561
b11,L1,52,327822.144373,327822.274297,327822.315640,met,0.004085
b11,L2,35,327823.144483,327823.224204,327823.264011,met,0.001273
b11,L1,53,327824.144373,327824.303637,327824.344355,met,0.003393
b11,L1,54,327826.144373,327826.269958,327826.964732,missed,0.641639
b11,L2,36,327826.144483,327826.314457,327828.016831,met,1.655909
b11,L1,55,327828.144373,327828.309140,327828.347731,met,0.001405
b11,L2,37,327829.144483,327829.321407,327829.363652,met,0.001058
b11,L1,56,327830.144373,327830.295139,327830.335895,met,0.001517
b11,L2,38,327832.144483,327832.250963,327832.292040,met,0.001260
b11,L1,57,327832.144373,327832.259526,327832.300785,met,0.003625
b11,L1,58,327834.144373,327834.235641,327834.279491,met,0.002193
b11,L2,39,327835.144483,327835.254015,327835.292870,met,0.001232
b11,L1,59,327836.144373,327836.217027,327836.256438,met,0.001400
b11,L2,40,327838.144483,327838.224153,327838.272355,met,0.001361
b11,L1,60,327838.144373,327838.314803,327838.358575,met,0.003790
b11,L1,61,327840.144373,327840.288011,327840.330802,met,0.003240
b11,L2,41,327841.144483,327841.353661,327841.395104,met,0.001256
b11,L1,62,327842.144373,327842.322016,327842.361288,met,0.001360
b11,L2,42,327844.144483,327844.213182,327844.255353,met,0.005874
b11,L1,63,327844.144373,327844.343103,327844.383513,met,0.003225
b11,L1,64,327846.144373,327846.207763,327846.248379,met,0.003390
b11,L2,43,327847.144483,327847.260862,327847.302672,met,0.001412
b11,L1,65,327848.144373,327848.210554,327848.252776,met,0.003725
b11,L1,66,327850.144373,327850.235212,327850.282365,met,0.001851
b11,L2,44,327850.144483,327850.235005,327850.282577,met,0.002588
b11,L1,67,327852.144373,327852.225774,327852.268222,met,0.003434
b11,L2,45,327853.144483,327853.209143,327853.247227,met,0.001265
b11,L1,68,327854.144373,327854.304264,327854.345773,met,0.003354
b11,L1,69,327856.144373,327856.229090,327856.274189,met,0.003363
b11,L2,46,327856.144483,327856.230927,327856.274171,met,0.003948
b11,L1,70,327858.144373,327858.211273,327858.900690,missed,0.639815
b11,L2,47,327859.144483,327859.320083,327859.359544,met,0.000871
b11,L1,71,327860.144373,327860.278459,327860.318716,met,0.001375
b11,L2,48,327862.144483,327862.212657,327862.251323,met,0.001223
b11,L1,72,327862.144373,327862.301778,327862.343596,met,0.003449
b11,L1,73,327864.144373,327864.342587,327864.383544,met,0.003346
b11,L2,49,327865.144483,327865.220180,327865.259234,met,0.001268
b11,L1,74,327866.144373,327866.259798,327866.298610,met,0.001262
b11,L2,50,327868.144483,327868.214507,327868.254971,met,0.001246
b11,L1,75,327868.144373,327868.232108,327868.273326,met,0.003479
b11,L1,76,327870.144373,327870.231363,327870.272885,met,0.003330
b11,L2,51,327871.144483,327871.231935,327871.275261,met,0.001439
b11,L1,77,327872.144373,327872.280750,327872.326212,met,0.003726
b11,L1,78,327874.144373,327874.206336,327874.494050,met,0.243567
b11,L2,52,327874.144483,327874.263799,327874.699633,met,0.395326
b11,L1,79,327876.144373,327876.209979,327876.256739,met,0.005338
b11,L2,53,327877.144483,327877.211249,327877.254469,met,0.002119
b11,L1,80,327878.144373,327878.264901,327878.309781,met,0.002158
b11,L1,81,327880.144373,327880.297397,327880.346228,met,0.004644
b11,L2,54,327880.144483,327880.346078,327880.387940,met,0.001257
b11,L1,82,327882.144373,327882.298536,327882.342481,met,0.001463
b11,L2,55,327883.144483,327883.352314,327883.395008,met,0.001277
b11,L1,83,327884.144373,327884.357776,327884.401964,met,0.001986
b11,L1,84,327886.144373,327886.215187,327886.258239,met,0.003328
b11,L2,56,327886.144483,327886.329350,327886.386299,met,0.017843
b11,L1,85,327888.144373,327888.347531,327888.383804,met,0.001286
b11,L2,57,327889.144483,327889.256128,327889.864303,met,0.561726
b11,L1,86,327890.144373,327890.249774,327890.292876,met,0.001752
b11,L2,58,327892.144483,327892.233389,327892.271964,met,0.001262
b11,L1,87,327892.144373,327892.267263,327892.307371,met,0.001426
b11,L1,88,327894.144373,327894.341395,327894.382093,met,0.003310
b11,L2,59,327895.144483,327895.288703,327895.329693,met,0.001372
b11,L1,89,327896.144373,327896.271044,327896.312099,met,0.003305
b11,L2,60,327898.144483,327898.227116,327898.268842,met,0.001306
b11,L1,90,327898.144373,327898.252306,327898.293026,met,0.001452
b11,L1,91,327900.144373,327900.257657,327900.300084,met,0.003844
b11,L2,61,327901.144483,327901.342577,327901.382853,met,0.001303
b11,L1,92,327902.144373,327902.206294,327902.256165,met,0.003519
b11,L1,93,327904.144373,327904.263384,327904.309109,met,0.002004
b11,L2,62,327904.144483,327904.263375,327904.309111,met,0.001276
b11,L1,94,327906.144373,327906.356264,327906.397495,met,0.003356
b11,L2,63,327907.144483,327907.241747,327907.281048,met,0.001146
b11,L1,95,327908.144373,327908.260267,327908.302013,met,0.003552
b11,L1,96,327910.144373,327910.201971,327910.242492,met,0.002093
b11,L2,64,327910.144483,327910.216993,327910.256333,met,0.001109
b11,L1,97,327912.144373,327912.311546,327912.359155,met,0.003184
b11,L2,65,327913.144483,327913.218530,327913.258650,met,0.001265
b11,L1,98,327914.144373,327914.306925,327914.349581,met,0.003273
b11,L1,99,327916.144373,327916.223968,327916.266153,met,0.003334
b11,L2,66,327916.144483,327916.282380,327916.321772,met,0.001215
b11,L1,100,327918.144373,327918.283321,327918.324506,met,0.003368
b11,L2,67,327919.144483,327919.230494,327919.272566,met,0.001279
b11,L1,101,327920.144373,327920.234191,327920.844679,missed,0.560955
b11,L1,102,327922.144373,327922.283852,327922.322492,met,0.001335
b11,L2,68,327922.144483,327922.347745,327922.387831,met,0.001182
b11,L1,103,327924.144373,327924.308924,327924.351645,met,0.003702
b11,L2,69,327925.144483,327925.210492,327925.253976,met,0.001257
b11,L1,104,327926.144373,327926.301623,327926.349055,met,0.003989
b11,L2,70,327928.144483,327928.269587,327928.309999,met,0.001290
b11,L1,105,327928.144373,327928.346723,327928.389613,met,0.003497
b11,L1,106,327930.144373,327930.246376,327930.286446,met,0.003352
b11,L2,71,327931.144483,327931.308260,327931.352079,met,0.001288
b11,L1,107,327932.144373,327932.226249,327932.271843,met,0.003571
b11,L2,72,327934.144483,327934.270074,327934.316673,met,0.004024
b11,L1,108,327934.144373,327934.270074,327934.316661,met,0.003429
b11,L1,109,327936.144373,327936.348308,327936.391882,met,0.005484
b11,L2,73,327937.144483,327937.289593,327937.329279,met,0.001434
b11,L1,110,327938.144373,327938.202534,327938.241994,met,0.001343
b11,L2,74,327940.144483,327940.245475,327940.286917,met,0.001222
b11,L1,111,327940.144373,327940.304578,327940.348171,met,0.001365
b11,L1,112,327942.144373,327942.272807,327942.315703,met,0.003846
b11,L2,75,327943.144483,327943.242831,327943.282857,met,0.001292
b11,L1,113,327944.144373,327944.230479,327944.269769,met,0.001414
b11,L1,114,327946.144373,327946.215717,327946.258518,met,0.003755
b11,L2,76,327946.144483,327946.316444,327946.354334,met,0.001253
b11,L1,115,327948.144373,327948.241718,327948.282162,met,0.001438
b11,L2,77,327949.144483,327949.201436,327949.242226,met,0.001263
b11,L1,116,327950.144373,327950.281850,327950.322951,met,0.001418
b11,L2,78,327952.144483,327952.231642,327952.744909,met,0.467134
b11,L1,117,327952.144373,327952.277511,327952.752632,met,0.428513
b11,L1,118,327954.144373,327954.264031,327954.324975,met,0.001910
b11,L2,79,327955.144483,327955.322049,327955.383542,met,0.007872
b11,L1,119,327956.144373,327956.330634,327956.389808,met,0.022077
b11,L1,120,327958.144373,327958.223844,327958.264909,met,0.003417
b11,L2,80,327958.144483,327958.260464,327958.299136,met,0.001276
b11,L1,121,327960.144373,327960.219942,327960.260038,met,0.003315
b11,L2,81,327961.144483,327961.282581,327961.322621,met,0.001291
b11,L1,122,327962.144373,327962.211259,327962.252003,met,0.003451
b11,L2,82,327964.144483,327964.270168,327964.318416,met,0.004053
b11,L1,123,327964.144373,327964.270364,327964.318415,met,0.003489
b11,L1,124,327966.144373,327966.232853,327966.272557,met,0.003376
b11,L2,83,327967.144483,327967.212625,327967.251764,met,0.001220
b11,L1,125,327968.144373,327968.220707,327968.257242,met,0.000949
b11,L1,126,327970.144373,327970.217989,327970.258083,met,0.001317
b11,L2,84,327970.144483,327970.223175,327970.260240,met,0.001113
b11,L1,127,327972.144373,327972.213279,327972.258812,met,0.003213
b11,L2,85,327973.144483,327973.279289,327973.318156,met,0.001337
b11,L1,128,327974.144373,327974.309834,327974.350726,met,0.001349
b11,L2,86,327976.144483,327976.204994,327976.246458,met,0.001254
b11,L1,129,327976.144373,327976.327719,327976.368818,met,0.003177
b11,L1,130,327978.144373,327978.238349,327978.279519,met,0.003584
b11,L2,87,327979.144483,327979.223095,327979.264957,met,0.001243
b11,L1,131,327980.144373,327980.297878,327980.335860,met,0.001462
b11,L2,88,327982.144483,327982.204089,327982.246165,met,0.001397
b11,L1,132,327982.144373,327982.211434,327982.255452,met,0.003293
b11,L1,133,327984.144373,327984.199041,327984.239395,met,0.001812
b11,L2,89,327985.144483,327985.210076,327985.254729,met,0.001333
b11,L1,134,327986.144373,327986.229779,327986.271103,met,0.003848
b11,L2,90,327988.144483,327988.225505,327988.271648,met,0.001304
b11,L1,135,327988.144373,327988.225506,327988.273172,met,0.004037
b11,L1,136,327990.144373,327990.294016,327990.335827,met,0.003468
b11,L2,91,327991.144483,327991.277803,327991.316619,met,0.001225
b11,L1,137,327992.144373,327992.308739,327992.352091,met,0.003495
b11,L2,92,327994.144483,327994.221742,327994.262162,met,0.001307
b11,L1,138,327994.144373,327994.228160,327994.270436,met,0.003268
b11,L1,139,327996.144373,327996.205916,327996.246757,met,0.003344
b11,L2,93,327997.144483,327997.295799,327997.335902,met,0.001337
b11,L1,140,327998.144373,327998.235108,327998.274864,met,0.001443
b11,L2,94,328000.144483,328000.205336,328000.250605,met,0.000926
b11,L1,141,328000.144373,328000.205713,328000.252333,met,0.003199
b11,L1,142,328002.144373,328002.306488,328002.348640,met,0.003412
b11,L2,95,328003.144483,328003.227719,328003.275289,met,0.001274
b11,L1,143,328004.144373,328004.205499,328004.246172,met,0.001469
b11,L1,144,328006.144373,328006.229418,328006.277070,met,0.004188
b11,L2,96,328006.144483,328006.277054,328006.318920,met,0.001366
b11,L1,145,328008.144373,328008.283966,328008.331403,met,0.003946
b11,L2,97,328009.144483,328009.349839,328009.391253,met,0.001996
b11,L1,146,328010.144373,328010.348110,328010.390115,met,0.001713
b11,L1,147,328012.144373,328012.353623,328012.404870,met,0.003402
b11,L2,98,328012.144483,328012.353449,328012.404782,met,0.004354
b11,L1,148,328014.144373,328014.326214,328015.030304,missed,0.649167
b11,L2,99,328015.144483,328015.300780,328016.342242,met,0.999148
b11,L1,149,328016.144373,328016.208389,328016.349670,met,0.102198
b12,L2,0,328016.709460,328016.768560,328016.815355,met,0.002275
b12,L1,0,328016.709435,328016.768683,328016.815294,met,0.001517
b12,L1,1,328018.709435,328018.909952,328018.952701,met,0.001361
b12,L2,1,328019.709460,328019.926012,328019.968408,met,0.001358
b12,L1,2,328020.709435,328020.764754,328020.803192,met,0.001427
b12,L2,2,328022.709460,328022.843210,328022.885465,met,0.001357
b12,L1,3,328022.709435,328022.887900,328022.933675,met,0.005833
b12,L1,4,328024.709435,328024.876215,328024.918011,met,0.002004
b12,L2,3,328025.709460,328025.790173,328025.829348,met,0.001221
b12,L1,5,328026.709435,328026.814305,328026.854722,met,0.003310
b12,L2,4,328028.709460,328028.779988,328028.825439,met,0.000848
b12,L1,6,328028.709435,328028.780070,328028.825311,met,0.001180
b12,L1,7,328030.709435,328030.831638,328030.873632,met,0.003354
b12,L2,5,328031.709460,328031.804064,328031.844614,met,0.001312
b12,L1,8,328032.709435,328032.806305,328032.849090,met,0.003324
b12,L2,6,328034.709460,328034.777220,328034.817403,met,0.001209
b12,L1,9,328034.709435,328034.910508,328034.950729,met,0.001329
b12,L1,10,328036.709435,328036.859842,328036.901452,met,0.003207
b12,L2,7,328037.709460,328037.794139,328037.833746,met,0.001245
b12,L1,11,328038.709435,328038.824721,328038.866831,met,0.005137
b12,L2,8,328040.709460,328040.764316,328040.802704,met,0.001368
b12,L1,12,328040.709435,328040.828305,328040.866606,met,0.001320
b12,L1,13,328042.709435,328042.867679,328042.912039,met,0.004498
b12,L2,9,328043.709460,328043.766206,328043.806887,met,0.001344
b12,L1,14,328044.709435,328044.763493,328044.805184,met,0.003517
b12,L2,10,328046.709460,328046.790323,328047.363363,met,0.525260
b12,L1,15,328046.709435,328046.789083,328047.371163,missed,0.524471
b12,L1,16,328048.709435,328048.779515,328048.818677,met,0.001477
b12,L2,11,328049.709460,328049.817811,328049.855757,met,0.001193
b12,L1,17,328050.709435,328050.799616,328050.844514,met,0.003372
b12,L2,12,328052.709460,328052.782306,328052.821750,met,0.001212
b12,L1,18,328052.709435,328052.883863,328052.923307,met,0.003245
b12,L1,19,328054.709435,328054.838363,328054.879681,met,0.003344
b12,L2,13,328055.709460,328055.794925,328055.832036,met,0.001235
b12,L1,20,328056.709435,328056.797780,328056.883898,met,0.045556
b12,L1,21,328058.709435,328058.770311,328058.812808,met,0.002280
b12,L2,14,328058.709460,328058.791351,328058.835657,met,0.000925
b12,L1,22,328060.709435,328060.900924,328060.943804,met,0.003605
b12,L2,15,328061.709460,328061.903720,328061.957245,met,0.012192
b12,L1,23,328062.709435,328062.770296,328062.810024,met,0.001870
b12,L2,16,328064.709460,328064.796695,328064.836559,met,0.001238
b12,L1,24,328064.709435,328064.905921,328064.943707,met,0.001464
b12,L1,25,328066.709435,328066.815352,328066.884124,met,0.029116
b12,L2,17,328067.709460,328067.874524,328067.928920,met,0.001411
b12,L1,26,328068.709435,328068.853025,328068.899178,met,0.003918
b12,L1,27,328070.709435,328070.922604,328070.964511,met,0.001401
b12,L2,18,328070.709460,328070.928867,328070.971395,met,0.001031
b12,L1,28,328072.709435,328072.797438,328072.842047,met,0.003442
b12,L2,19,328073.709460,328073.905616,328073.944841,met,0.001292
b12,L1,29,328074.709435,328074.767657,328074.812294,met,0.003277
b12,L1,30,328076.709435,328076.777854,328077.411355,missed,0.574976
b12,L2,20,328076.709460,328076.777846,328078.391603,met,1.563639
b12,L1,31,328078.709435,328078.818467,328078.857324,met,0.001400
b12,L2,21,328079.709460,328079.791374,328079.830940,met,0.001204
b12,L1,32,328080.709435,328080.837539,328080.877221,met,0.001353
b12,L1,33,328082.709435,328082.815060,328082.879699,met,0.025857
b12,L2,22,328082.709460,328082.874079,328082.985820,met,0.071728
b12,L1,34,328084.709435,328084.806771,328084.878663,met,0.028235
b12,L2,23,328085.709460,328085.767794,328085.806991,met,0.001295
b12,L1,35,328086.709435,328086.778353,328086.820839,met,0.003439
b12,L1,36,328088.709435,328088.798820,328088.841026,met,0.000903
b12,L2,24,328088.709460,328088.817303,328088.859333,met,0.000905
b12,L1,37,328090.709435,328090.801818,328090.840841,met,0.001388
b12,L2,25,328091.709460,328091.793821,328091.834478,met,0.001241
b12,L1,38,328092.709435,328092.805706,328092.890681,met,0.046437
b12,L2,26,328094.709460,328094.853505,328094.900645,met,0.003899
b12,L1,39,328094.709435,328094.853493,328094.900644,met,0.003428
b12,L1,40,328096.709435,328096.798052,328096.841759,met,0.003357
b12,L2,27,328097.709460,328097.828345,328097.868819,met,0.001594
b12,L1,41,328098.709435,328098.801531,328098.842075,met,0.003214
b12,L1,42,328100.709435,328100.780781,328100.822688,met,0.003715
b12,L2,28,328100.709460,328100.832488,328100.870709,met,0.001250
b12,L1,43,328102.709435,328102.838643,328102.893064,met,0.011719
b12,L2,29,328103.709460,328103.763271,328103.803063,met,0.001230
b12,L1,44,328104.709435,328104.784409,328104.825002,met,0.001395
b12,L1,45,328106.709435,328106.785771,328106.831331,met,0.003662
b12,L2,30,328106.709460,328106.802394,328106.845400,met,0.001292
b12,L1,46,328108.709435,328108.881916,328109.583166,missed,0.648642
b12,L2,31,328109.709460,328109.884319,328110.074978,met,0.150913
b12,L1,47,328110.709435,328110.773238,328110.809701,met,0.001376
b12,L1,48,328112.709435,328112.846590,328112.999413,met,0.105649
b12,L2,32,328112.709460,328112.872900,328112.999404,met,0.082184
b12,L1,49,328114.709435,328114.923143,328114.964884,met,0.003515
b12,L2,33,328115.709460,328115.781256,328115.820398,met,0.001232
b12,L1,50,328116.709435,328116.786278,328116.825987,met,0.001396
b12,L1,51,328118.709435,328118.857850,328118.900859,met,0.000983
b12,L2,34,328118.709460,328118.888725,328118.930108,met,0.000858
b12,L1,52,328120.709435,328120.774962,328120.815854,met,0.003361
b12,L2,35,328121.709460,328121.863823,328121.906587,met,0.004889
b12,L1,53,328122.709435,328122.786958,328122.841012,met,0.011369
b12,L1,54,328124.709435,328124.815976,328124.857685,met,0.003311
b12,L2,36,328124.709460,328124.867107,328124.918882,met,0.014131
b12,L1,55,328126.709435,328126.873889,328126.916260,met,0.004537
b12,L2,37,328127.709460,328127.828356,328127.872163,met,0.005358
b12,L1,56,328128.709435,328128.900997,328128.943083,met,0.003289
b12,L1,57,328130.709435,328130.760892,328130.803115,met,0.003439
b12,L2,38,328130.709460,328130.780005,328130.821274,met,0.001268
b12,L1,58,328132.709435,328132.915315,328133.000800,met,0.046995
b12,L2,39,328133.709460,328133.793760,328133.832967,met,0.001231
b12,L1,59,328134.709435,328134.770073,328134.811247,met,0.001347
b12,L2,40,328136.709460,328136.773772,328136.815907,met,0.001274
b12,L1,60,328136.709435,328136.907956,328136.949616,met,0.003872
b12,L1,61,328138.709435,328138.830976,328138.873914,met,0.003464
b12,L2,41,328139.709460,328139.897486,328140.860663,met,0.914710
b12,L1,62,328140.709435,328140.877412,328141.076641,met,0.155348
b12,L2,42,328142.709460,328142.811315,328142.877966,met,0.022220
b12,L1,63,328142.709435,328142.869588,328142.913470,met,0.001913
b12,L1,64,328144.709435,328144.826578,328144.872608,met,0.003618
b12,L2,43,328145.709460,328145.849087,328145.891092,met,0.001660
b12,L1,65,328146.709435,328146.837131,328146.881061,met,0.001470
b12,L2,44,328148.709460,328148.799324,328148.847445,met,0.001255
b12,L1,66,328148.709435,328148.799601,328148.847445,met,0.000941
b12,L1,67,328150.709435,328150.876067,328150.923831,met,0.005157
b12,L2,45,328151.709460,328151.831703,328151.874631,met,0.001265
b12,L1,68,328152.709435,328152.887830,328153.032463,met,0.099338
b12,L1,69,328154.709435,328154.920039,328154.970297,met,0.003390
b12,L2,46,328154.709460,328154.919890,328154.970292,met,0.003996
b12,L1,70,328156.709435,328156.925946,328156.969300,met,0.001405
b12,L2,47,328157.709460,328157.785376,328157.895374,met,0.060310
b12,L1,71,328158.709435,328158.764604,328158.817496,met,0.010668
b12,L1,72,328160.709435,328160.786269,328160.836030,met,0.001890
b12,L2,48,328160.709460,328160.786263,328160.835981,met,0.001300
b12,L1,73,328162.709435,328162.785490,328162.914920,met,0.088767
b12,L2,49,328163.709460,328163.811479,328163.853932,met,0.001229
b12,L1,74,328164.709435,328164.800053,328164.845718,met,0.003964
b12,L2,50,328166.709460,328166.865693,328166.908524,met,0.001261
b12,L1,75,328166.709435,328166.891935,328166.939541,met,0.002172
b12,L1,76,328168.709435,328168.821823,328168.871677,met,0.005765
b12,L2,51,328169.709460,328169.866482,328169.910670,met,0.001636
b12,L1,77,328170.709435,328170.885030,328171.580645,missed,0.639816
b12,L1,78,328172.709435,328172.827948,328172.873498,met,0.002125
b12,L2,52,328172.709460,328172.829843,328172.873940,met,0.002548
b12,L1,79,328174.709435,328174.804743,328174.847024,met,0.003324
b12,L2,53,328175.709460,328175.803325,328175.844193,met,0.001149
b12,L1,80,328176.709435,328176.818187,328176.861949,met,0.004249
b12,L1,81,328178.709435,328178.768904,328178.811967,met,0.001872
b12,L2,54,328178.709460,328178.822250,328178.862575,met,0.000932
b12,L1,82,328180.709435,328180.870883,328180.912209,met,0.001722
b12,L2,55,328181.709460,328181.858005,328181.901137,met,0.001687
b12,L1,83,328182.709435,328182.779776,328182.824761,met,0.003406
b12,L1,84,328184.709435,328184.800768,328184.843606,met,0.003370
b12,L2,56,328184.709460,328184.818855,328184.859545,met,0.001256
b12,L1,85,328186.709435,328186.906643,328186.999640,met,0.051161
b12,L2,57,328187.709460,328187.855452,328187.915961,met,0.020990
b12,L1,86,328188.709435,328188.828526,328188.874402,met,0.003475
b12,L2,58,328190.709460,328190.898105,328190.941273,met,0.001785
b12,L1,87,328190.709435,328190.904956,328190.951685,met,0.005135
b12,L1,88,328192.709435,328192.833465,328192.871538,met,0.000945
b12,L2,59,328193.709460,328193.849078,328193.891666,met,0.001300
b12,L1,89,328194.709435,328194.789747,328194.833775,met,0.003451
b12,L1,90,328196.709435,328196.836496,328196.883370,met,0.005236
b12,L2,60,328196.709460,328196.913621,328196.955544,met,0.001641
b12,L1,91,328198.709435,328198.771829,328198.822911,met,0.009576
b12,L2,61,328199.709460,328199.783272,328199.826150,met,0.000883
b12,L1,92,328200.709435,328200.839735,328200.887808,met,0.005244
b12,L1,93,328202.709435,328202.819477,328203.526933,missed,0.648822
b12,L2,62,328202.709460,328202.819477,328203.883701,met,1.010403
b12,L1,94,328204.709435,328204.821326,328204.863614,met,0.001373
b12,L2,63,328205.709460,328205.772677,328205.814579,met,0.001295
b12,L1,95,328206.709435,328206.820610,328206.861854,met,0.003261
b12,L2,64,328208.709460,328208.774838,328208.820659,met,0.001985
b12,L1,96,328208.709435,328208.791471,328208.837224,met,0.002490
b12,L1,97,328210.709435,328210.904291,328211.006581,met,0.059370
b12,L2,65,328211.709460,328211.915691,328211.957136,met,0.001242
b12,L1,98,328212.709435,328212.921349,328212.962916,met,0.001494
b12,L2,66,328214.709460,328214.866455,328214.914721,met,0.001668
b12,L1,99,328214.709435,328214.866468,328214.916108,met,0.004710
b12,L1,100,328216.709435,328216.780361,328216.821028,met,0.001396
b12,L2,67,328217.709460,328217.817329,328217.865494,met,0.001363
b12,L1,101,328218.709435,328218.768702,328218.810913,met,0.001988
b12,L1,102,328220.709435,328220.849834,328220.891910,met,0.003812
b12,L2,68,328220.709460,328220.889162,328220.931251,met,0.001260
b12,L1,103,328222.709435,328222.794252,328222.839171,met,0.001448
b12,L2,69,328223.709460,328223.796466,328223.837310,met,0.000906
b12,L1,104,328224.709435,328224.834506,328224.882043,met,0.003536
b12,L1,105,328226.709435,328226.798960,328226.842547,met,0.001429
b12,L2,70,328226.709460,328226.830480,328226.872009,met,0.001164
b12,L1,106,328228.709435,328228.774371,328228.818410,met,0.002537
b12,L2,71,328229.709460,328229.908757,328229.952950,met,0.001797
b12,L1,107,328230.709435,328230.875429,328230.916418,met,0.001910
b12,L1,108,328232.709435,328232.771059,328232.826946,met,0.003676
b12,L2,72,328232.709460,328232.906644,328232.976339,met,0.001323
b12,L1,109,328234.709435,328234.928507,328235.601421,missed,0.614953
b12,L2,73,328235.709460,328235.783815,328235.827910,met,0.001027
b12,L1,110,328236.709435,328236.836111,328236.877515,met,0.001789
b12,L1,111,328238.709435,328238.784500,328238.889224,met,0.057067
b12,L2,74,328238.709460,328238.784343,328238.889383,met,0.056831
b12,L1,112,328240.709435,328240.790146,328240.830968,met,0.001616
b12,L2,75,328241.709460,328241.815879,328241.859767,met,0.001477
b12,L1,113,328242.709435,328242.803314,328242.845042,met,0.003340
b12,L1,114,328244.709435,328244.801944,328244.848897,met,0.003573
b12,L2,76,328244.709460,328244.801985,328244.848936,met,0.004223
b12,L1,115,328246.709435,328246.922382,328246.963204,met,0.001368
b12,L2,77,328247.709460,328247.858294,328247.900918,met,0.001236
b12,L1,116,328248.709435,328248.903253,328248.944728,met,0.003828
b12,L1,117,328250.709435,328250.786815,328250.952304,met,0.121117
b12,L2,78,328250.709460,328250.786741,328250.952489,met,0.121351
b12,L1,118,328252.709435,328252.909615,328252.947269,met,0.001380
b12,L2,79,328253.709460,328253.851085,328253.889384,met,0.000873
b12,L1,119,328254.709435,328254.862190,328254.905323,met,0.003348
b12,L2,80,328256.709460,328256.771040,328256.817751,met,0.001311
b12,L1,120,328256.709435,328256.772343,328256.818635,met,0.004029
b12,L1,121,328258.709435,328258.782151,328258.827270,met,0.002038
b12,L2,81,328259.709460,328259.917971,328259.962111,met,0.001224
b12,L1,122,328260.709435,328260.776448,328260.820366,met,0.003277
b12,L1,123,328262.709435,328262.837589,328262.888874,met,0.003529
b12,L2,82,328262.709460,328262.837659,328262.888801,met,0.004072
b12,L1,124,328264.709435,328264.783487,328264.828271,met,0.003305
b12,L2,83,328265.709460,328265.915471,328266.339423,met,0.376231
b12,L1,125,328266.709435,328266.768249,328266.813591,met,0.003334
b12,L1,126,328268.709435,328268.832349,328268.930096,met,0.039670
b12,L2,84,328268.709460,328268.810356,328268.929894,met,0.064778
b12,L1,127,328270.709435,328270.895867,328270.939840,met,0.003223
b12,L2,85,328271.709460,328271.923381,328271.963667,met,0.001209
b12,L1,128,328272.709435,328272.802852,328272.847209,met,0.003211
b12,L1,129,328274.709435,328274.818331,328274.859576,met,0.003403
b12,L2,86,328274.709460,328274.916549,328274.953999,met,0.001181
b12,L1,130,328276.709435,328276.809303,328276.852323,met,0.003542
b12,L2,87,328277.709460,328277.862650,328277.904989,met,0.001306
b12,L1,131,328278.709435,328278.800161,328278.840767,met,0.002080
b12,L1,132,328280.709435,328280.802991,328280.841559,met,0.001317
b12,L2,88,328280.709460,328280.861273,328280.900237,met,0.001159
b12,L1,133,328282.709435,328282.789857,328282.831361,met,0.003520
b12,L2,89,328283.709460,328283.789409,328283.828392,met,0.000915
b12,L1,134,328284.709435,328284.870133,328284.924547,met,0.003754
b12,L2,90,328286.709460,328286.871374,328286.916529,met,0.001396
b12,L1,135,328286.709435,328286.871378,328286.916751,met,0.002061
b12,L1,136,328288.709435,328288.862712,328288.921758,met,0.002359
b12,L2,91,328289.709460,328289.903816,328289.950380,met,0.001284
b12,L1,137,328290.709435,328290.904114,328290.950026,met,0.003377
b12,L1,138,328292.709435,328292.847455,328292.895163,met,0.002004
b12,L2,92,328292.709460,328292.847291,328292.895285,met,0.001280
b12,L1,139,328294.709435,328294.864805,328294.909200,met,0.004339
b12,L2,93,328295.709460,328295.777931,328295.820223,met,0.001370
b12,L1,140,328296.709435,328296.859907,328297.367906,met,0.463488
b12,L1,141,328298.709435,328298.787995,328299.067311,met,0.235168
b12,L2,94,328298.709460,328298.794624,328299.067494,met,0.226677
b12,L1,142,328300.709435,328300.870534,328300.908386,met,0.001380
b12,L2,95,328301.709460,328301.832003,328301.872112,met,0.001174
b12,L1,143,328302.709435,328302.918965,328302.961448,met,0.001755
b12,L2,96,328304.709460,328304.916652,328304.979228,met,0.011598
b12,L1,144,328304.709435,328304.916616,328305.031086,met,0.066736
b12,L1,145,328306.709435,328306.909252,328306.952243,met,0.003788
b12,L2,97,328307.709460,328307.851465,328307.894543,met,0.001528
b12,L1,146,328308.709435,328308.904178,328308.999839,met,0.039586
b12,L2,98,328310.709460,328310.923127,328310.967382,met,0.001466
b12,L1,147,328310.709435,328310.930216,328310.973628,met,0.003208
b12,L1,148,328312.709435,328312.882660,328312.929427,met,0.001796
b12,L2,99,328313.709460,328313.916811,328313.971743,met,0.013011
b12,L1,149,328314.709435,328314.915388,328314.956689,met,0.003755
b13,L2,0,328315.315407,328315.379948,328315.426768,met,0.000844
b13,L1,0,328315.315617,328315.379918,328315.426873,met,0.002072
b13,L1,1,328317.315617,328317.479435,328317.526772,met,0.001985
b13,L2,1,328318.315407,328318.397165,328318.446862,met,0.007569
b13,L1,2,328319.315617,328319.523369,328319.565615,met,0.003937
b13,L2,2,328321.315407,328321.387736,328321.431317,met,0.001608
b13,L1,3,328321.315617,328321.487361,328321.526084,met,0.001785
b13,L1,4,328323.315617,328323.402232,328323.472744,met,0.032325
b13,L2,3,328324.315407,328324.377443,328324.442057,met,0.005963
b13,L1,5,328325.315617,328325.513916,328325.558539,met,0.003452
b13,L1,6,328327.315617,328327.412672,328328.102622,missed,0.634665
b13,L2,4,328327.315407,328327.522620,328328.631824,met,1.062441
b13,L1,7,328329.315617,328329.402674,328329.444115,met,0.000918
b13,L2,5,328330.315407,328330.460605,328330.500296,met,0.001154
b13,L1,8,328331.315617,328331.507747,328331.550787,met,0.003302
b13,L1,9,328333.315617,328333.508529,328333.552055,met,0.001393
b13,L2,6,328333.315407,328333.510318,328333.552239,met,0.001936
b13,L1,10,328335.315617,328335.479752,328335.522323,met,0.003173
b13,L2,7,328336.315407,328336.410849,328336.449149,met,0.001258
b13,L1,11,328337.315617,328337.415426,328337.456753,met,0.001792
b13,L2,8,328339.315407,328339.449927,328339.492255,met,0.001533
b13,L1,12,328339.315617,328339.462800,328339.505942,met,0.003533
b13,L1,13,328341.315617,328341.413813,328341.456251,met,0.003478
b13,L2,9,328342.315407,328342.457235,328342.495715,met,0.001201
b13,L1,14,328343.315617,328343.405202,328343.446020,met,0.001801
b13,L2,10,328345.315407,328345.474139,328345.512773,met,0.001255
b13,L1,15,328345.315617,328345.494583,328345.538300,met,0.003288
b13,L1,16,328347.315617,328347.416733,328347.458606,met,0.001161
b13,L2,11,328348.315407,328348.465559,328348.505192,met,0.001192
b13,L1,17,328349.315617,328349.410644,328349.451768,met,0.001812
b13,L1,18,328351.315617,328351.391109,328351.435406,met,0.001528
b13,L2,12,328351.315407,328351.479414,328351.521778,met,0.001219
b13,L1,19,328353.315617,328353.440510,328353.483099,met,0.003314
b13,L2,13,328354.315407,328354.394175,328354.435256,met,0.001341
b13,L1,20,328355.315617,328355.422899,328355.462073,met,0.001809
b13,L2,14,328357.315407,328357.384396,328357.425479,met,0.001269
b13,L1,21,328357.315617,328357.398932,328357.439788,met,0.001353
b13,L1,22,328359.315617,328359.431323,328360.053118,missed,0.572521
b13,L2,15,328360.315407,328360.515071,328360.559241,met,0.001000
b13,L1,23,328361.315617,328361.379533,328361.417516,met,0.000945
b13,L1,24,328363.315617,328363.374015,328363.425258,met,0.013149
b13,L2,16,328363.315407,328363.410854,328363.452426,met,0.001237
b13,L1,25,328365.315617,328365.387461,328366.086339,missed,0.650274
b13,L2,17,328366.315407,328366.441022,328366.484902,met,0.001140
b13,L1,26,328367.315617,328367.497598,328367.547757,met,0.003482
b13,L1,27,328369.315617,328369.385064,328369.442405,met,0.012564
b13,L2,18,328369.315407,328369.486047,328369.606753,met,0.076069
b13,L1,28,328371.315617,328371.442482,328371.486586,met,0.003334
b13,L2,19,328372.315407,328372.460644,328372.507452,met,0.001289
b13,L1,29,328373.315617,328373.501978,328373.545691,met,0.003425
b13,L2,20,328375.315407,328375.385284,328375.485087,met,0.055856
b13,L1,30,328375.315617,328375.422756,328375.485131,met,0.021392
b13,L1,31,328377.315617,328377.474820,328377.514060,met,0.001829
b13,L2,21,328378.315407,328378.407931,328378.449956,met,0.001276
b13,L1,32,328379.315617,328379.412089,328379.486559,met,0.035780
b13,L2,22,328381.315407,328381.462456,328381.506876,met,0.001240
b13,L1,33,328381.315617,328381.480944,328381.532244,met,0.004994
b13,L1,34,328383.315617,328383.441950,328383.484939,met,0.002048
b13,L2,23,328384.315407,328384.464843,328384.505820,met,0.000880
b13,L1,35,328385.315617,328385.460522,328385.502772,met,0.003379
b13,L1,36,328387.315617,328387.373979,328387.416732,met,0.003427
b13,L2,24,328387.315407,328387.474171,328387.515280,met,0.001412
b13,L1,37,328389.315617,328389.425585,328390.132966,missed,0.648063
b13,L2,25,328390.315407,328390.511983,328391.248068,met,0.689245
b13,L1,38,328391.315617,328391.508892,328391.551550,met,0.001057
b13,L1,39,328393.315617,328393.419104,328393.465731,met,0.001348
b13,L2,26,328393.315407,328393.419104,328393.466150,met,0.001900
b13,L1,40,328395.315617,328395.523561,328395.567825,met,0.003601
b13,L2,27,328396.315407,328396.460769,328396.502143,met,0.001324
b13,L1,41,328397.315617,328397.430923,328397.473611,met,0.003585
b13,L2,28,328399.315407,328399.384767,328399.507852,met,0.047650
b13,L1,42,328399.315617,328399.536526,328399.615673,met,0.012815
b13,L1,43,328401.315617,328401.538041,328401.581358,met,0.003419
b13,L2,29,328402.315407,328402.431843,328402.474208,met,0.001265
b13,L1,44,328403.315617,328403.372385,328403.414919,met,0.003183
b13,L2,30,328405.315407,328405.372440,328405.414418,met,0.001207
b13,L1,45,328405.315617,328405.378804,328405.418248,met,0.001208
b13,L1,46,328407.315617,328407.446060,328407.491939,met,0.003320
b13,L2,31,328408.315407,328408.449175,328408.493714,met,0.001215
b13,L1,47,328409.315617,328409.392589,328409.434483,met,0.003184
b13,L2,32,328411.315407,328411.391426,328411.435238,met,0.001226
b13,L1,48,328411.315617,328411.391424,328411.438206,met,0.004225
b13,L1,49,328413.315617,328413.481521,328413.524577,met,0.003149
b13,L2,33,328414.315407,328414.397739,328414.439021,met,0.000984
b13,L1,50,328415.315617,328415.501801,328415.550431,met,0.005228
b13,L1,51,328417.315617,328417.447469,328417.493567,met,0.003485
b13,L2,34,328417.315407,328417.512994,328417.600047,met,0.042749
b13,L1,52,328419.315617,328419.412200,328419.452492,met,0.003345
b13,L2,35,328420.315407,328420.409135,328420.449648,met,0.001160
b13,L1,53,328421.315617,328421.514074,328421.946533,met,0.383582
b13,L1,54,328423.315617,328423.376801,328423.426921,met,0.001238
b13,L2,36,328423.315407,328423.385980,328423.432444,met,0.001049
b13,L1,55,328425.315617,328425.422226,328425.464450,met,0.003438
b13,L2,37,328426.315407,328426.388009,328426.431310,met,0.001233
b13,L1,56,328427.315617,328427.385682,328427.429815,met,0.003632
b13,L1,57,328429.315617,328429.383658,328429.426430,met,0.003356
b13,L2,38,328429.315407,328429.451505,328429.490267,met,0.001192
b13,L1,58,328431.315617,328431.388995,328431.434784,met,0.003300
b13,L2,39,328432.315407,328432.420054,328432.459449,met,0.001287
b13,L1,59,328433.315617,328433.379349,328433.420879,met,0.003379
b13,L2,40,328435.315407,328435.394526,328435.445577,met,0.001085
b13,L1,60,328435.315617,328435.436177,328435.482540,met,0.003498
b13,L1,61,328437.315617,328437.430904,328437.703201,met,0.229359
b13,L2,41,328438.315407,328438.392267,328438.430825,met,0.001258
b13,L1,62,328439.315617,328439.373177,328439.417040,met,0.006857
b13,L2,42,328441.315407,328441.412958,328441.457965,met,0.002118
b13,L1,63,328441.315617,328441.445482,328441.502234,met,0.019951
b13,L1,64,328443.315617,328443.525400,328443.568768,met,0.003348
b13,L2,43,328444.315407,328444.518532,328444.561867,met,0.001523
b13,L1,65,328445.315617,328445.523815,328445.566612,met,0.002024
b13,L2,44,328447.315407,328447.482249,328447.525493,met,0.001235
b13,L1,66,328447.315617,328447.509903,328447.556026,met,0.006088
b13,L1,67,328449.315617,328449.465389,328449.514966,met,0.011418
b13,L2,45,328450.315407,328450.510687,328450.554334,met,0.004007
b13,L1,68,328451.315617,328451.526382,328451.571273,met,0.001927
b13,L2,46,328453.315407,328453.407690,328453.668703,met,0.215393
b13,L1,69,328453.315617,328453.501135,328453.668809,met,0.123175
b13,L1,70,328455.315617,328455.478066,328455.522836,met,0.004937
b13,L2,47,328456.315407,328456.428771,328456.467640,met,0.001294
b13,L1,71,328457.315617,328457.521670,328457.566675,met,0.003793
b13,L2,48,328459.315407,328459.371637,328459.411732,met,0.001246
b13,L1,72,328459.315617,328459.402031,328459.445541,met,0.003235
b13,L1,73,328461.315617,328461.381277,328461.423594,met,0.003493
b13,L2,49,328462.315407,328462.375933,328462.415208,met,0.001262
b13,L1,74,328463.315617,328463.377928,328463.417727,met,0.003237
b13,L1,75,328465.315617,328465.376652,328465.418670,met,0.003580
b13,L2,50,328465.315407,328465.413138,328465.451008,met,0.001241
b13,L1,76,328467.315617,328467.412681,328467.453650,met,0.003737
b13,L2,51,328468.315407,328468.520348,328468.562211,met,0.001207
b13,L1,77,328469.315617,328469.410957,328469.450594,met,0.001357
b13,L1,78,328471.315617,328471.513816,328471.562894,met,0.003505
b13,L2,52,328471.315407,328471.513817,328471.562868,met,0.004137
b13,L1,79,328473.315617,328473.509363,328473.550871,met,0.003648
b13,L2,53,328474.315407,328474.511711,328474.551665,met,0.001376
b13,L1,80,328475.315617,328475.400053,328475.438835,met,0.001379
b13,L1,81,328477.315617,328477.404542,328477.445626,met,0.003646
b13,L2,54,328477.315407,328477.513826,328477.552602,met,0.001266
b13,L1,82,328479.315617,328479.365577,328479.408478,met,0.003693
b13,L2,55,328480.315407,328480.387179,328480.426626,met,0.001246
b13,L1,83,328481.315617,328481.503825,328481.544148,met,0.001345
b13,L1,84,328483.315617,328483.380352,328483.425203,met,0.001946
b13,L2,56,328483.315407,328483.380009,328483.425248,met,0.001253
b13,L1,85,328485.315617,328485.413950,328485.457187,met,0.003740
b13,L2,57,328486.315407,328486.379775,328486.419325,met,0.001422
b13,L1,86,328487.315617,328487.385861,328487.425885,met,0.003265
b13,L1,87,328489.315617,328489.381360,328489.422025,met,0.003334
b13,L2,58,328489.315407,328489.472577,328489.512073,met,0.001174
b13,L1,88,328491.315617,328491.406303,328491.448216,met,0.003587
b13,L2,59,328492.315407,328492.388585,328492.426950,met,0.001256
b13,L1,89,328493.315617,328493.374408,328493.415461,met,0.003560
b13,L1,90,328495.315617,328495.374968,328495.414909,met,0.003421
b13,L2,60,328495.315407,328495.427243,328495.467468,met,0.001205
b13,L1,91,328497.315617,328497.378247,328497.419092,met,0.003429
b13,L2,61,328498.315407,328498.371190,328498.411500,met,0.001196
b13,L1,92,328499.315617,328499.457600,328499.496967,met,0.001307
b13,L1,93,328501.315617,328501.417219,328501.459171,met,0.003340
b13,L2,62,328501.315407,328501.445934,328501.484866,met,0.001218
b13,L1,94,328503.315617,328503.435778,328503.843114,met,0.360056
b13,L2,63,328504.315407,328504.395289,328504.435587,met,0.001420
b13,L1,95,328505.315617,328505.403461,328505.445128,met,0.003261
b13,L1,96,328507.315617,328507.369279,328507.412127,met,0.003260
b13,L2,64,328507.315407,328507.379129,328507.418604,met,0.001167
b13,L1,97,328509.315617,328509.521922,328509.560686,met,0.001368
b13,L2,65,328510.315407,328510.453878,328510.492950,met,0.001328
b13,L1,98,328511.315617,328511.433275,328511.473281,met,0.001382
b13,L1,99,328513.315617,328513.371623,328513.417073,met,0.002335
b13,L2,66,328513.315407,328513.384808,328513.428767,met,0.000978
b13,L1,100,328515.315617,328515.479468,328516.181735,missed,0.646849
b13,L2,67,328516.315407,328516.415506,328516.457966,met,0.001163
b13,L1,101,328517.315617,328517.451780,328517.492844,met,0.003411
b13,L1,102,328519.315617,328519.365951,328519.411886,met,0.003335
b13,L2,68,328519.315407,328519.378385,328519.418335,met,0.001160
b13,L1,103,328521.315617,328521.385134,328521.427207,met,0.001446
b13,L2,69,328522.315407,328522.451605,328522.488661,met,0.001138
b13,L1,104,328523.315617,328523.379931,328523.421472,met,0.003385
b13,L2,70,328525.315407,328525.408188,328525.449287,met,0.001336
b13,L1,105,328525.315617,328525.432538,328525.478243,met,0.003290
b13,L1,106,328527.315617,328527.383737,328527.423847,met,0.003211
b13,L2,71,328528.315407,328528.510518,328528.549965,met,0.001174
b13,L1,107,328529.315617,328529.481201,328529.521041,met,0.003510
b13,L2,72,328531.315407,328531.395289,328531.437720,met,0.001308
b13,L1,108,328531.315617,328531.432392,328531.854705,met,0.377041
b13,L1,109,328533.315617,328533.443068,328533.484501,met,0.003252
b13,L2,73,328534.315407,328534.378077,328534.417741,met,0.001204
b13,L1,110,328535.315617,328535.436129,328535.477277,met,0.003197
b13,L2,74,328537.315407,328537.387307,328537.426757,met,0.001215
b13,L1,111,328537.315617,328537.417140,328537.459125,met,0.003507
b13,L1,112,328539.315617,328539.381624,328539.420364,met,0.001420
b13,L2,75,328540.315407,328540.415645,328540.456130,met,0.001233
b13,L1,113,328541.315617,328541.397621,328541.440700,met,0.003241
b13,L2,76,328543.315407,328543.374914,328543.424336,met,0.006593
b13,L1,114,328543.315617,328543.379082,328543.424249,met,0.006047
b13,L1,115,328545.315617,328545.450024,328545.489586,met,0.001351
b13,L2,77,328546.315407,328546.401276,328546.440327,met,0.001188
b13,L1,116,328547.315617,328547.371310,328548.073489,missed,0.649094
b13,L2,78,328549.315407,328549.402515,328549.449957,met,0.003440
b13,L1,117,328549.315617,328549.402515,328549.449888,met,0.002952
b13,L1,118,328551.315617,328551.413696,328551.455010,met,0.001426
b13,L2,79,328552.315407,328552.454569,328552.496571,met,0.001188
b13,L1,119,328553.315617,328553.374360,328553.453688,met,0.039653
b13,L1,120,328555.315617,328555.398796,328555.470426,met,0.026330
b13,L2,80,328555.315407,328555.398796,328555.470601,met,0.026807
b13,L1,121,328557.315617,328557.425299,328557.468328,met,0.004702
b13,L2,81,328558.315407,328558.420849,328558.461034,met,0.000828
b13,L1,122,328559.315617,328559.369808,328559.411597,met,0.003302
b13,L2,82,328561.315407,328561.371555,328561.413392,met,0.001259
b13,L1,123,328561.315617,328561.371555,328561.415303,met,0.004031
b13,L1,124,328563.315617,328563.444327,328563.801607,met,0.313672
b13,L2,83,328564.315407,328564.385383,328564.427686,met,0.001182
b13,L1,125,328565.315617,328565.397932,328565.438620,met,0.003314
b13,L1,126,328567.315617,328567.379314,328567.422102,met,0.003616
b13,L2,84,328567.315407,328567.397750,328567.438392,met,0.001192
b13,L1,127,328569.315617,328569.424357,328569.465695,met,0.003190
b13,L2,85,328570.315407,328570.436362,328570.476381,met,0.001278
b13,L1,128,328571.315617,328571.374898,328571.414604,met,0.003333
b13,L1,129,328573.315617,328573.381963,328573.517576,met,0.078687
b13,L2,86,328573.315407,328573.381963,328573.517529,met,0.076869
b13,L1,130,328575.315617,328575.406149,328575.449740,met,0.003800
b13,L2,87,328576.315407,328576.533191,328576.575786,met,0.001743
b13,L1,131,328577.315617,328577.521131,328577.560512,met,0.001349
b13,L1,132,328579.315617,328579.374697,328579.416757,met,0.002367
b13,L2,88,328579.315407,328579.509006,328579.548275,met,0.001694
b13,L1,133,328581.315617,328581.409440,328581.452846,met,0.001954
b13,L2,89,328582.315407,328582.518605,328582.698325,met,0.134640
b13,L1,134,328583.315617,328583.520529,328583.563944,met,0.003402
b13,L2,90,328585.315407,328585.378804,328585.420616,met,0.000907
b13,L1,135,328585.315617,328585.515557,328585.555997,met,0.003294
b13,L1,136,328587.315617,328587.524205,328587.563940,met,0.001308
b13,L2,91,328588.315407,328588.446276,328588.487116,met,0.001341
b13,L1,137,328589.315617,328589.386197,328589.430024,met,0.003341
b13,L2,92,328591.315407,328591.371068,328591.411861,met,0.001115
b13,L1,138,328591.315617,328591.377702,328591.417831,met,0.001845
b13,L1,139,328593.315617,328593.375678,328593.415047,met,0.001413
b13,L2,93,328594.315407,328594.379479,328594.711852,met,0.290332
b13,L1,140,328595.315617,328595.388804,328595.430900,met,0.003326
b13,L2,94,328597.315407,328597.494012,328597.538362,met,0.001273
b13,L1,141,328597.315617,328597.494159,328597.540081,met,0.004372
b13,L1,142,328599.315617,328599.521566,328599.565594,met,0.003336
b13,L2,95,328600.315407,328600.387442,328600.426334,met,0.001076
b13,L1,143,328601.315617,328601.434054,328601.475756,met,0.003574
b13,L2,96,328603.315407,328603.420406,328603.465094,met,0.000908
b13,L1,144,328603.315617,328603.420391,328603.465278,met,0.002045
b13,L1,145,328605.315617,328605.394102,328605.435992,met,0.003269
b13,L2,97,328606.315407,328606.388157,328606.427799,met,0.001254
b13,L1,146,328607.315617,328607.408024,328607.449410,met,0.003289
b13,L1,147,328609.315617,328609.383537,328609.953397,missed,0.514360
b13,L2,98,328609.315407,328609.492912,328610.506875,met,0.967960
b13,L1,148,328611.315617,328611.407590,328611.448719,met,0.001751
b13,L2,99,328612.315407,328612.390688,328612.430899,met,0.001228
b13,L1,149,328613.315617,328613.408712,328613.450251,met,0.003190
b14,L2,0,328613.813266,328613.872100,328613.916190,met,0.001268
b14,L1,0,328613.813501,328613.872059,328613.916418,met,0.001925
b14,L1,1,328615.813501,328615.876562,328615.917524,met,0.001860
b14,L2,1,328616.813266,328616.880325,328616.919766,met,0.001247
b14,L1,2,328617.813501,328617.900561,328617.944658,met,0.003597
b14,L1,3,328619.813501,328619.898602,328619.940281,met,0.003659
b14,L2,2,328619.813266,328619.988801,328620.123054,met,0.094971
b14,L1,4,328621.813501,328621.905488,328621.946039,met,0.003270
b14,L2,3,328622.813266,328622.983482,328623.023072,met,0.001244
b14,L1,5,328623.813501,328623.867019,328623.908334,met,0.003386
b14,L1,6,328625.813501,328625.995849,328626.043894,met,0.003551
b14,L2,4,328625.813266,328625.995850,328626.043874,met,0.004154
b14,L1,7,328627.813501,328627.894837,328627.934363,met,0.001358
b14,L2,5,328628.813266,328628.956117,328628.994093,met,0.001221
b14,L1,8,328629.813501,328629.900066,328629.941259,met,0.003333
b14,L1,9,328631.813501,328631.887852,328632.029004,met,0.099990
b14,L2,6,328631.813266,328631.868162,328632.029245,met,0.118153
b14,L1,10,328633.813501,328633.987018,328634.029451,met,0.001449
b14,L2,7,328634.813266,328634.955378,328635.033917,met,0.039918
b14,L1,11,328635.813501,328635.951946,328635.991363,met,0.003329
b14,L1,12,328637.813501,328637.872034,328637.913189,met,0.003139
b14,L2,8,328637.813266,328637.967252,328638.008115,met,0.001201
b14,L1,13,328639.813501,328640.012180,328640.618046,missed,0.541742
b14,L2,9,328640.813266,328640.947786,328641.769303,met,0.776941
b14,L1,14,328641.813501,328642.024590,328642.084918,met,0.021760
b14,L1,15,328643.813501,328643.875278,328643.923147,met,0.001383
b14,L2,10,328643.813266,328643.875279,328643.923164,met,0.002069
b14,L1,16,328645.813501,328645.884288,328645.925964,met,0.003244
b14,L2,11,328646.813266,328646.934034,328646.975026,met,0.001237
b14,L1,17,328647.813501,328647.956268,328647.997881,met,0.003285
b14,L1,18,328649.813501,328649.876156,328649.917781,met,0.001372
b14,L2,12,328649.813266,328649.897903,328649.943429,met,0.001146
b14,L1,19,328651.813501,328651.885308,328651.932750,met,0.008336
b14,L2,13,328652.813266,328652.920428,328652.959730,met,0.001202
b14,L1,20,328653.813501,328653.887228,328653.929035,met,0.003448
b14,L2,14,328655.813266,328655.895740,328655.938488,met,0.001180
b14,L1,21,328655.813501,328655.963295,328656.003556,met,0.001840
b14,L1,22,328657.813501,328657.928265,328657.972345,met,0.004182
b14,L2,15,328658.813266,328658.892707,328658.931797,met,0.001187
b14,L1,23,328659.813501,328659.896896,328659.939598,met,0.003321
b14,L2,16,328661.813266,328661.885355,328662.030527,met,0.106411
b14,L1,24,328661.813501,328661.909268,328662.030740,met,0.082239
b14,L1,25,328663.813501,328663.997493,328664.040164,met,0.003335
b14,L2,17,328664.813266,328664.978093,328665.018209,met,0.001181
b14,L1,26,328665.813501,328665.928310,328665.970784,met,0.003264
b14,L2,18,328667.813266,328667.911733,328667.952873,met,0.001209
b14,L1,27,328667.813501,328667.959725,328668.003581,met,0.003145
b14,L1,28,328669.813501,328669.927589,328669.969994,met,0.003372
b14,L2,19,328670.813266,328670.968261,328671.010722,met,0.001202
b14,L1,29,328671.813501,328671.905331,328672.604972,missed,0.648357
b14,L1,30,328673.813501,328674.006576,328674.050815,met,0.001414
b14,L2,20,328673.813266,328674.006497,328674.050904,met,0.001967
b14,L1,31,328675.813501,328675.952947,328675.993902,met,0.003367
b14,L2,21,328676.813266,328677.025382,328677.064911,met,0.001235
b14,L1,32,328677.813501,328677.947321,328677.988696,met,0.003306
b14,L1,33,328679.813501,328680.002404,328680.044479,met,0.003534
b14,L2,22,328679.813266,328680.007841,328680.048636,met,0.001151
b14,L1,34,328681.813501,328681.874012,328681.918463,met,0.003367
b14,L2,23,328682.813266,328682.875727,328682.928521,met,0.001192
b14,L1,35,328683.813501,328683.871230,328683.912592,met,0.003330
b14,L1,36,328685.813501,328685.864060,328685.909574,met,0.003462
b14,L2,24,328685.813266,328685.909698,328685.955607,met,0.001252
b14,L1,37,328687.813501,328687.948251,328688.072389,met,0.085473
b14,L2,25,328688.813266,328688.906906,328688.947987,met,0.001317
b14,L1,38,328689.813501,328689.884652,328689.924251,met,0.001371
b14,L2,26,328691.813266,328691.875551,328692.042253,met,0.122736
b14,L1,39,328691.813501,328691.875522,328692.042129,met,0.122303
b14,L1,40,328693.813501,328693.874330,328693.918026,met,0.003347
b14,L2,27,328694.813266,328694.875665,328694.915149,met,0.001262
b14,L1,41,328695.813501,328695.941504,328695.981646,met,0.001357
b14,L1,42,328697.813501,328697.881682,328697.926112,met,0.003904
b14,L2,28,328697.813266,328697.904357,328697.946210,met,0.001328
b14,L1,43,328699.813501,328699.898752,328699.939749,met,0.003403
b14,L2,29,328700.813266,328701.008881,328701.050202,met,0.001275
b14,L1,44,328701.813501,328701.901669,328701.940371,met,0.001565
b14,L1,45,328703.813501,328703.868293,328703.908852,met,0.001946
b14,L2,30,328703.813266,328703.871564,328703.909817,met,0.000747
b14,L1,46,328705.813501,328705.932351,328705.973933,met,0.001394
b14,L2,31,328706.813266,328706.962603,328707.004107,met,0.001315
b14,L1,47,328707.813501,328708.019446,328708.065026,met,0.003447
b14,L2,32,328709.813266,328710.021014,328710.073524,met,0.004073
b14,L1,48,328709.813501,328710.021076,328710.073521,met,0.003436
b14,L1,49,328711.813501,328711.893359,328711.944478,met,0.007766
b14,L2,33,328712.813266,328712.974648,328713.013716,met,0.000803
b14,L1,50,328713.813501,328714.010587,328714.057349,met,0.004177
b14,L2,34,328715.813266,328716.022840,328716.073940,met,0.003212
b14,L1,51,328715.813501,328716.022985,328716.074129,met,0.002035
b14,L1,52,328717.813501,328717.950122,328717.993130,met,0.001641
b14,L2,35,328718.813266,328718.980917,328719.186416,met,0.158559
b14,L1,53,328719.813501,328719.962098,328720.004243,met,0.003546
b14,L2,36,328721.813266,328721.988151,328722.057248,met,0.021075
b14,L1,54,328721.813501,328721.988222,328722.057471,met,0.022212
b14,L1,55,328723.813501,328723.890967,328723.933882,met,0.004096
b14,L2,37,328724.813266,328724.991608,328725.030342,met,0.001241
b14,L1,56,328725.813501,328725.887707,328725.930471,met,0.003259
b14,L1,57,328727.813501,328727.937637,328727.981213,met,0.003536
b14,L2,38,328727.813266,328727.966588,328728.007734,met,0.001267
b14,L1,58,328729.813501,328729.874848,328729.916155,met,0.003412
b14,L2,39,328730.813266,328731.005052,328731.044947,met,0.001214
b14,L1,59,328731.813501,328731.880690,328731.922329,met,0.003358
b14,L1,60,328733.813501,328734.003020,328734.681604,missed,0.622869
b14,L2,40,328733.813266,328734.010787,328734.910134,met,0.853115
b14,L1,61,328735.813501,328735.921520,328735.961022,met,0.001359
b14,L2,41,328736.813266,328737.017926,328737.058919,met,0.001305
b14,L1,62,328737.813501,328737.897389,328737.940206,met,0.003308
b14,L1,63,328739.813501,328739.886410,328739.930143,met,0.003334
b14,L2,42,328739.813266,328739.937906,328739.978863,met,0.001199
b14,L1,64,328741.813501,328741.888390,328741.930240,met,0.003641
b14,L2,43,328742.813266,328742.897097,328742.936769,met,0.001214
b14,L1,65,328743.813501,328744.014768,328744.058100,met,0.003704
b14,L2,44,328745.813266,328745.904144,328745.947115,met,0.001162
b14,L1,66,328745.813501,328745.904082,328745.948724,met,0.003720
b14,L1,67,328747.813501,328748.024985,328748.065677,met,0.003191
b14,L2,45,328748.813266,328748.882815,328748.922337,met,0.001234
b14,L1,68,328749.813501,328749.874713,328750.288326,met,0.372660
b14,L1,69,328751.813501,328751.908651,328752.047810,met,0.098233
b14,L2,46,328751.813266,328752.010137,328752.053119,met,0.000871
b14,L1,70,328753.813501,328753.891112,328753.931758,met,0.003350
b14,L2,47,328754.813266,328755.011137,328755.054842,met,0.001582
b14,L1,71,328755.813501,328755.933722,328755.979404,met,0.004686
b14,L2,48,328757.813266,328757.883706,328757.927038,met,0.001418
b14,L1,72,328757.813501,328757.908551,328757.949646,met,0.001398
b14,L1,73,328759.813501,328759.874684,328759.919855,met,0.003356
b14,L2,49,328760.813266,328760.878864,328760.919963,met,0.001314
b14,L1,74,328761.813501,328761.866776,328761.910607,met,0.003438
b14,L1,75,328763.813501,328763.975146,328764.017347,met,0.001543
b14,L2,50,328763.813266,328764.017348,328764.060738,met,0.001234
b14,L1,76,328765.813501,328765.914897,328766.115641,met,0.157927
b14,L2,51,328766.813266,328766.936495,328766.976774,met,0.001340
b14,L1,77,328767.813501,328767.964363,328768.006099,met,0.001318
b14,L1,78,328769.813501,328769.887022,328769.929017,met,0.003528
b14,L2,52,328769.813266,328769.924228,328769.963267,met,0.001240
b14,L1,79,328771.813501,328771.917497,328771.960203,met,0.003538
b14,L2,53,328772.813266,328772.883995,328772.928178,met,0.001242
b14,L1,80,328773.813501,328774.018857,328774.064055,met,0.001494
b14,L1,81,328775.813501,328775.927179,328775.970687,met,0.003245
b14,L2,54,328775.813266,328776.014158,328776.054615,met,0.001457
b14,L1,82,328777.813501,328777.869097,328777.914858,met,0.001915
b14,L2,55,328778.813266,328778.928640,328778.974851,met,0.001225
b14,L1,83,328779.813501,328779.885806,328779.926288,met,0.001366
b14,L1,84,328781.813501,328781.958998,328782.040875,met,0.042532
b14,L2,56,328781.813266,328781.909104,328782.040716,met,0.091198
b14,L1,85,328783.813501,328783.873449,328783.912926,met,0.001309
b14,L2,57,328784.813266,328784.879511,328784.920137,met,0.002549
b14,L1,86,328785.813501,328785.888173,328785.931903,met,0.003638
b14,L1,87,328787.813501,328787.876097,328787.916618,met,0.001344
b14,L2,58,328787.813266,328787.935664,328787.976507,met,0.001201
b14,L1,88,328789.813501,328789.909483,328790.193547,met,0.241186
b14,L2,59,328790.813266,328790.980875,328791.021233,met,0.001382
b14,L1,89,328791.813501,328791.888279,328791.929058,met,0.003427
b14,L1,90,328793.813501,328793.872019,328793.915383,met,0.003339
b14,L2,60,328793.813266,328793.883786,328793.924259,met,0.001193
b14,L1,91,328795.813501,328795.907335,328795.947975,met,0.001843
b14,L2,61,328796.813266,328796.963593,328797.539204,met,0.532282
b14,L1,92,328797.813501,328797.964260,328798.015128,met,0.001535
b14,L2,62,328799.813266,328799.884482,328799.928088,met,0.001314
b14,L1,93,328799.813501,328799.884573,328799.930531,met,0.003919
b14,L1,94,328801.813501,328801.875465,328801.915706,met,0.001792
b14,L2,63,328802.813266,328802.911567,328802.950500,met,0.001243
b14,L1,95,328803.813501,328804.007577,328804.055153,met,0.001333
b14,L2,64,328805.813266,328805.875031,328805.919539,met,0.001297
b14,L1,96,328805.813501,328805.874829,328805.920906,met,0.004607
b14,L1,97,328807.813501,328807.971746,328808.014436,met,0.003492
b14,L2,65,328808.813266,328808.877281,328808.919142,met,0.001216
b14,L1,98,328809.813501,328809.880186,328809.921539,met,0.001327
b14,L2,66,328811.813266,328811.877501,328811.917887,met,0.001293
b14,L1,99,328811.813501,328811.886926,328812.063796,met,0.137959
b14,L1,100,328813.813501,328813.870850,328813.911546,met,0.001929
b14,L2,67,328814.813266,328814.932213,328814.973808,met,0.001189
b14,L1,101,328815.813501,328816.000709,328816.043138,met,0.003495
b14,L1,102,328817.813501,328817.951472,328817.997207,met,0.004410
b14,L2,68,328817.813266,328818.014234,328818.059074,met,0.001256
b14,L1,103,328819.813501,328819.892447,328819.932936,met,0.001846
b14,L2,69,328820.813266,328820.944979,328820.986891,met,0.001375
b14,L1,104,328821.813501,328822.001297,328822.045470,met,0.003454
b14,L2,70,328823.813266,328823.983564,328824.026769,met,0.001228
b14,L1,105,328823.813501,328823.994196,328824.037489,met,0.003299
b14,L1,106,328825.813501,328825.876292,328825.918496,met,0.003169
b14,L2,71,328826.813266,328826.876956,328826.917796,met,0.001222
b14,L1,107,328827.813501,328827.877792,328828.499119,missed,0.566020
b14,L2,72,328829.813266,328829.882278,328829.930671,met,0.002024
b14,L1,108,328829.813501,328829.882253,328829.930710,met,0.001430
b14,L1,109,328831.813501,328831.886759,328831.928125,met,0.001794
b14,L2,73,328832.813266,328832.879017,328832.922359,met,0.001221
b14,L1,110,328833.813501,328833.904004,328833.943443,met,0.001407
b14,L2,74,328835.813266,328835.885517,328835.930626,met,0.001313
b14,L1,111,328835.813501,328835.967401,328836.009538,met,0.003970
b14,L1,112,328837.813501,328837.966349,328838.008928,met,0.003251
b14,L2,75,328838.813266,328839.022411,328839.061407,met,0.000924
b14,L1,113,328839.813501,328839.870139,328839.911090,met,0.001359
b14,L2,76,328841.813266,328841.875213,328841.919978,met,0.001198
b14,L1,114,328841.813501,328841.875218,328841.921356,met,0.003915
b14,L1,115,328843.813501,328843.911626,328844.160858,met,0.199824
b14,L2,77,328844.813266,328845.007556,328845.048516,met,0.001213
b14,L1,116,328845.813501,328846.027151,328846.075140,met,0.004727
b14,L2,78,328847.813266,328847.932758,328847.986655,met,0.004140
b14,L1,117,328847.813501,328847.932764,328847.986677,met,0.003494
b14,L1,118,328849.813501,328850.029278,328850.730538,missed,0.648879
b14,L2,79,328850.813266,328850.877229,328850.919872,met,0.000811
b14,L1,119,328851.813501,328851.920019,328851.965539,met,0.003449
b14,L2,80,328853.813266,328853.890995,328853.942767,met,0.001359
b14,L1,120,328853.813501,328853.890815,328853.942839,met,0.002183
b14,L1,121,328855.813501,328855.891758,328855.934824,met,0.001876
b14,L2,81,328856.813266,328856.900251,328856.941712,met,0.001200
b14,L1,122,328857.813501,328857.899634,328857.940979,met,0.001785
b14,L1,123,328859.813501,328859.926100,328860.319225,met,0.349041
b14,L2,82,328859.813266,328859.876341,328860.319453,met,0.394078
b14,L1,124,328861.813501,328861.958769,328862.000015,met,0.001612
b14,L2,83,328862.813266,328863.007834,328863.049440,met,0.001212
b14,L1,125,328863.813501,328863.935382,328863.979771,met,0.001408
b14,L2,84,328865.813266,328865.993774,328866.041363,met,0.000919
b14,L1,126,328865.813501,328865.993992,328866.041288,met,0.002143
b14,L1,127,328867.813501,328868.028013,328868.072143,met,0.001823
b14,L2,85,328868.813266,328869.008946,328869.057658,met,0.001275
b14,L1,128,328869.813501,328869.992037,328870.032208,met,0.001365
b14,L2,86,328871.813266,328871.878670,328871.921000,met,0.001222
b14,L1,129,328871.813501,328871.885757,328872.065525,met,0.135323
b14,L1,130,328873.813501,328874.014079,328874.056498,met,0.001995
b14,L2,87,328874.813266,328874.963997,328875.007971,met,0.001196
b14,L1,131,328875.813501,328875.977994,328876.018270,met,0.001791
b14,L2,88,328877.813266,328877.883585,328877.929904,met,0.001250
b14,L1,132,328877.813501,328877.883585,328877.932287,met,0.003824
b14,L1,133,328879.813501,328879.940613,328880.003103,met,0.017493
b14,L2,89,328880.813266,328880.877595,328880.920054,met,0.001001
b14,L1,134,328881.813501,328881.907346,328881.952841,met,0.003762
b14,L2,90,328883.813266,328883.893227,328883.938047,met,0.001190
b14,L1,135,328883.813501,328883.939501,328883.982635,met,0.003576
b14,L1,136,328885.813501,328885.974419,328886.015455,met,0.001856
b14,L2,91,328886.813266,328886.871175,328886.914255,met,0.001257
b14,L1,137,328887.813501,328887.902119,328887.944075,met,0.001384
b14,L1,138,328889.813501,328889.917155,328889.964351,met,0.001366
b14,L2,92,328889.813266,328889.915881,328889.964191,met,0.001846
b14,L1,139,328891.813501,328891.975432,328892.233985,met,0.212702
b14,L2,93,328892.813266,328892.898217,328892.940537,met,0.001222
b14,L1,140,328893.813501,328893.884078,328893.925960,met,0.001318
b14,L2,94,328895.813266,328895.922574,328895.977858,met,0.013227
b14,L1,141,328895.813501,328895.983155,328896.025298,met,0.003267
b14,L1,142,328897.813501,328897.865383,328897.909135,met,0.003245
b14,L2,95,328898.813266,328898.919542,328898.961586,met,0.001170
b14,L1,143,328899.813501,328900.017990,328900.063015,met,0.003407
b14,L1,144,328901.813501,328901.904859,328902.111699,met,0.163373
b14,L2,96,328901.813266,328901.971122,328902.111788,met,0.096633
b14,L1,145,328903.813501,328904.007374,328904.049621,met,0.001401
b14,L2,97,328904.813266,328904.893317,328904.934960,met,0.001161
b14,L1,146,328905.813501,328905.980995,328906.027768,met,0.003249
b14,L2,98,328907.813266,328907.909351,328907.953276,met,0.001215
b14,L1,147,328907.813501,328907.969770,328908.017260,met,0.003516
b14,L1,148,328909.813501,328909.892615,328909.937975,met,0.001403
b14,L2,99,328910.813266,328910.931500,328910.974810,met,0.001610
b14,L1,149,328911.813501,328911.904251,328911.951684,met,0.006867
b15,L2,0,328912.332185,328912.396751,328912.443233,met,0.002186
b15,L1,0,328912.332263,328912.396927,328912.443137,met,0.001592
b15,L1,1,328914.332263,328914.501407,328914.546134,met,0.003257
b15,L2,1,328915.332185,328915.404199,328915.449797,met,0.001354
b15,L1,2,328916.332263,328916.499481,328916.543585,met,0.001879
b15,L2,2,328918.332185,328918.412279,328918.457917,met,0.001300
b15,L1,3,328918.332263,328918.414737,328918.459398,met,0.004013
b15,L1,4,328920.332263,328920.422022,328920.482407,met,0.002754
b15,L2,3,328921.332185,328921.427417,328921.468527,met,0.001272
b15,L1,5,328922.332263,328922.504221,328923.041496,met,0.491967
b15,L1,6,328924.332263,328924.430593,328924.480821,met,0.002075
b15,L2,4,328924.332185,328924.430593,328924.480728,met,0.001264
b15,L1,7,328926.332263,328926.521721,328926.564133,met,0.001393
b15,L2,5,328927.332185,328927.399220,328927.441338,met,0.001194
b15,L1,8,328928.332263,328928.399296,328928.445973,met,0.003403
b15,L1,9,328930.332263,328930.401584,328930.447887,met,0.003398
b15,L2,6,328930.332185,328930.408431,328930.453001,met,0.001171
b15,L1,10,328932.332263,328932.402604,328932.446651,met,0.000942
b15,L2,7,328933.332185,328933.395512,328933.439317,met,0.000860
b15,L1,11,328934.332263,328934.534746,328934.579838,met,0.004131
b15,L1,12,328936.332263,328936.394931,328936.440954,met,0.003362
b15,L2,8,328936.332185,328936.525592,328936.567062,met,0.001163
b15,L1,13,328938.332263,328938.397271,328938.632156,met,0.191702
b15,L2,9,328939.332185,328939.439596,328939.484471,met,0.001304
b15,L1,14,328940.332263,328940.391954,328940.437110,met,0.001299
b15,L2,10,328942.332185,328942.492942,328942.538411,met,0.001235
b15,L1,15,328942.332263,328942.526558,328942.572405,met,0.004623
b15,L1,16,328944.332263,328944.511273,328944.555791,met,0.003453
b15,L2,11,328945.332185,328945.548914,328945.590385,met,0.001544
b15,L1,17,328946.332263,328946.427879,328946.470940,met,0.001325
b15,L2,12,328948.332185,328948.414217,328948.456197,met,0.001236
b15,L1,18,328948.332263,328948.450747,328948.491763,met,0.003317
b15,L1,19,328950.332263,328950.464057,328950.508166,met,0.003321
b15,L2,13,328951.332185,328951.433781,328951.477175,met,0.001363
b15,L1,20,328952.332263,328952.437791,328952.477800,met,0.001424
b15,L2,14,328954.332185,328954.450500,328954.494249,met,0.001257
b15,L1,21,328954.332263,328954.450383,328954.496646,met,0.004064
b15,L1,22,328956.332263,328956.452684,328956.494736,met,0.001436
b15,L2,15,328957.332185,328957.449922,328957.494057,met,0.001570
b15,L1,23,328958.332263,328958.461863,328958.505423,met,0.003341
b15,L2,16,328960.332185,328960.448500,328960.495912,met,0.004151
b15,L1,24,328960.332263,328960.448599,328960.495981,met,0.003533
b15,L1,25,328962.332263,328962.539945,328962.587472,met,0.000996
b15,L2,17,328963.332185,328963.402944,328963.449117,met,0.000883
b15,L1,26,328964.332263,328964.537671,328964.583157,met,0.003404
b15,L2,18,328966.332185,328966.449798,328966.492917,met,0.001256
b15,L1,27,328966.332263,328966.537508,328966.581999,met,0.003370
b15,L1,28,328968.332263,328968.451480,328968.495195,met,0.001502
b15,L2,19,328969.332185,328969.401579,328969.598016,met,0.148890
b15,L1,29,328970.332263,328970.451094,328970.497834,met,0.003447
b15,L2,20,328972.332185,328972.402927,328972.447371,met,0.001335
b15,L1,30,328972.332263,328972.400681,328972.447857,met,0.004261
b15,L1,31,328974.332263,328974.443561,328974.490750,met,0.003251
b15,L2,21,328975.332185,328975.400373,328975.443220,met,0.001428
b15,L1,32,328976.332263,328976.397705,328976.442016,met,0.003580
b15,L1,33,328978.332263,328978.396824,328978.440904,met,0.003606
b15,L2,22,328978.332185,328978.534898,328978.576544,met,0.001135
b15,L1,34,328980.332263,328980.488247,328980.533187,met,0.003431
b15,L2,23,328981.332185,328981.529625,328981.568404,met,0.001225
b15,L1,35,328982.332263,328982.443395,328982.485378,met,0.003260
b15,L2,24,328984.332185,328984.398932,328985.073799,met,0.627878
b15,L1,36,328984.332263,328984.492720,328985.184462,missed,0.640489
b15,L1,37,328986.332263,328986.538099,328986.577081,met,0.001371
b15,L2,25,328987.332185,328987.459675,328987.502268,met,0.001234
b15,L1,38,328988.332263,328988.509015,328988.552809,met,0.003372
b15,L2,26,328990.332185,328990.393731,328990.437618,met,0.001318
b15,L1,39,328990.332263,328990.393288,328990.439257,met,0.004041
b15,L1,40,328992.332263,328992.431441,328992.481972,met,0.001041
b15,L2,27,328993.332185,328993.529103,328993.598081,met,0.001234
b15,L1,41,328994.332263,328994.551776,328994.598668,met,0.001317
b15,L1,42,328996.332263,328996.540372,328996.589525,met,0.004132
b15,L2,28,328996.332185,328996.562196,328996.607754,met,0.001182
b15,L1,43,328998.332263,328998.496805,328998.539084,met,0.001422
b15,L2,29,328999.332185,328999.403641,328999.446257,met,0.001190
b15,L1,44,329000.332263,329000.493006,329000.689504,met,0.154578
b15,L1,45,329002.332263,329002.465668,329002.508339,met,0.003323
b15,L2,30,329002.332185,329002.478675,329002.524367,met,0.001202
b15,L1,46,329004.332263,329004.530953,329004.574818,met,0.003419
b15,L2,31,329005.332185,329005.530910,329005.572850,met,0.001248
b15,L1,47,329006.332263,329006.537845,329006.582871,met,0.003270
b15,L1,48,329008.332263,329008.486652,329008.527197,met,0.001362
b15,L2,32,329008.332185,329008.534300,329008.584053,met,0.001312
b15,L1,49,329010.332263,329010.533334,329010.577738,met,0.003352
b15,L2,33,329011.332185,329011.540445,329011.580599,met,0.001268
b15,L1,50,329012.332263,329012.539518,329012.582672,met,0.003456
b15,L1,51,329014.332263,329014.446685,329014.489264,met,0.001744
b15,L2,34,329014.332185,329014.478123,329014.519315,met,0.001267
b15,L1,52,329016.332263,329016.423754,329016.468700,met,0.002159
b15,L2,35,329017.332185,329017.537511,329017.579993,met,0.001174
b15,L1,53,329018.332263,329018.429849,329018.472029,met,0.001535
b15,L1,54,329020.332263,329020.489167,329020.536350,met,0.005014
b15,L2,36,329020.332185,329020.536278,329020.580956,met,0.001761
b15,L1,55,329022.332263,329022.463858,329022.506404,met,0.000914
b15,L2,37,329023.332185,329023.536973,329023.581487,met,0.000977
b15,L1,56,329024.332263,329024.401587,329024.444502,met,0.002268
b15,L2,38,329026.332185,329026.420948,329026.460079,met,0.001147
b15,L1,57,329026.332263,329026.492053,329026.538957,met,0.003495
b15,L1,58,329028.332263,329028.411131,329028.453632,met,0.003296
b15,L2,39,329029.332185,329029.518670,329029.560571,met,0.001171
b15,L1,59,329030.332263,329030.461297,329030.503479,met,0.001410
b15,L1,60,329032.332263,329032.402045,329032.445854,met,0.003398
b15,L2,40,329032.332185,329032.526528,329032.567118,met,0.001194
b15,L1,61,329034.332263,329034.404741,329034.449717,met,0.003508
b15,L2,41,329035.332185,329035.530090,329035.572975,met,0.001194
b15,L1,62,329036.332263,329036.504166,329036.544893,met,0.003283
b15,L1,63,329038.332263,329038.395730,329038.442367,met,0.003405
b15,L2,42,329038.332185,329038.395780,329038.442457,met,0.004018
b15,L1,64,329040.332263,329040.533485,329040.575673,met,0.003025
b15,L2,43,329041.332185,329041.461258,329041.504472,met,0.001236
b15,L1,65,329042.332263,329042.534763,329042.583442,met,0.003256
b15,L2,44,329044.332185,329044.444687,329044.487486,met,0.001431
b15,L1,66,329044.332263,329044.504556,329044.549097,met,0.004660
b15,L1,67,329046.332263,329046.397506,329046.438333,met,0.003217
b15,L2,45,329047.332185,329047.485573,329047.914227,met,0.383932
b15,L1,68,329048.332263,329048.480009,329048.521094,met,0.002467
b15,L1,69,329050.332263,329050.404821,329050.448024,met,0.003220
b15,L2,46,329050.332185,329050.496083,329050.535460,met,0.001279
b15,L1,70,329052.332263,329052.505566,329052.549718,met,0.001139
b15,L2,47,329053.332185,329053.428873,329053.482619,met,0.002087
b15,L1,71,329054.332263,329054.393065,329054.436707,met,0.001732
b15,L1,72,329056.332263,329056.448806,329056.495931,met,0.003236
b15,L2,48,329056.332185,329056.448806,329056.495924,met,0.003798
b15,L1,73,329058.332263,329058.395814,329058.437088,met,0.003340
b15,L2,49,329059.332185,329059.522577,329059.563905,met,0.001275
b15,L1,74,329060.332263,329060.428763,329060.469919,met,0.001808
b15,L2,50,329062.332185,329062.386212,329062.426982,met,0.001179
b15,L1,75,329062.332263,329062.398843,329062.442191,met,0.003108
b15,L1,76,329064.332263,329064.441662,329064.495951,met,0.001332
b15,L2,51,329065.332185,329065.434848,329065.475773,met,0.001277
b15,L1,77,329066.332263,329066.415097,329066.457229,met,0.003272
b15,L1,78,329068.332263,329068.423280,329068.468697,met,0.001366
b15,L2,52,329068.332185,329068.523013,329068.564352,met,0.001203
b15,L1,79,329070.332263,329070.419117,329070.459054,met,0.001793
b15,L2,53,329071.332185,329071.412537,329071.452055,met,0.001155
b15,L1,80,329072.332263,329072.421066,329072.479025,met,0.018659
b15,L2,54,329074.332185,329074.398360,329074.440781,met,0.001202
b15,L1,81,329074.332263,329074.410754,329074.456315,met,0.003391
b15,L1,82,329076.332263,329076.393079,329076.436246,met,0.003243
b15,L2,55,329077.332185,329077.429573,329077.469519,met,0.001248
b15,L1,83,329078.332263,329078.396598,329078.718912,met,0.275202
b15,L1,84,329080.332263,329080.505141,329080.552098,met,0.003245
b15,L2,56,329080.332185,329080.505150,329080.574543,met,0.025369
b15,L1,85,329082.332263,329082.504481,329082.548970,met,0.001815
b15,L2,57,329083.332185,329083.418840,329083.458817,met,0.000870
b15,L1,86,329084.332263,329084.406562,329084.444340,met,0.001336
b15,L2,58,329086.332185,329086.400390,329086.441958,met,0.001254
b15,L1,87,329086.332263,329086.524700,329086.588740,met,0.024142
b15,L1,88,329088.332263,329088.401092,329088.444783,met,0.001914
b15,L2,59,329089.332185,329089.408879,329089.448255,met,0.001217
b15,L1,89,329090.332263,329090.427835,329090.469762,met,0.001981
b15,L1,90,329092.332263,329092.397306,329092.441534,met,0.003540
b15,L2,60,329092.332185,329092.428739,329092.470324,met,0.001260
b15,L1,91,329094.332263,329094.444176,329094.486402,met,0.001778
b15,L2,61,329095.332185,329095.507537,329095.547772,met,0.001236
b15,L1,92,329096.332263,329096.404029,329096.446206,met,0.004118
b15,L2,62,329098.332185,329098.407758,329098.455154,met,0.001373
b15,L1,93,329098.332263,329098.407755,329098.455423,met,0.004100
b15,L1,94,329100.332263,329100.413407,329100.480979,met,0.025653
b15,L2,63,329101.332185,329101.391805,329101.432322,met,0.000887
b15,L1,95,329102.332263,329102.409893,329102.450662,met,0.003528
b15,L1,96,329104.332263,329104.455790,329104.506690,met,0.003469
b15,L2,64,329104.332185,329104.455660,329104.506808,met,0.004144
b15,L1,97,329106.332263,329106.421036,329106.471172,met,0.009031
b15,L2,65,329107.332185,329107.402692,329107.445306,met,0.001219
b15,L1,98,329108.332263,329108.387538,329108.428381,met,0.001891
b15,L2,66,329110.332185,329110.397922,329110.437613,met,0.001281
b15,L1,99,329110.332263,329110.422640,329110.467358,met,0.003650
b15,L1,100,329112.332263,329112.436683,329112.477253,met,0.000905
b15,L2,67,329113.332185,329113.407605,329113.451246,met,0.001042
b15,L1,101,329114.332263,329114.410256,329114.453346,met,0.003809
b15,L2,68,329116.332185,329116.402671,329116.443012,met,0.001203
b15,L1,102,329116.332263,329116.443084,329116.488856,met,0.003415
b15,L1,103,329118.332263,329118.399161,329118.439576,met,0.001985
b15,L2,69,329119.332185,329119.402535,329119.440594,met,0.001235
b15,L1,104,329120.332263,329120.472655,329120.515935,met,0.003887
b15,L1,105,329122.332263,329122.397745,329122.442936,met,0.003831
b15,L2,70,329122.332185,329122.414937,329122.497193,met,0.041702
b15,L1,106,329124.332263,329124.391766,329124.432606,met,0.001259
b15,L2,71,329125.332185,329125.407900,329125.447736,met,0.000877
b15,L1,107,329126.332263,329126.502259,329126.545510,met,0.003557
b15,L2,72,329128.332185,329128.426809,329128.474849,met,0.004549
b15,L1,108,329128.332263,329128.426817,329128.474886,met,0.003803
b15,L1,109,329130.332263,329130.441849,329130.482625,met,0.001377
b15,L2,73,329131.332185,329131.496551,329131.538863,met,0.002905
b15,L1,110,329132.332263,329132.407675,329132.448466,met,0.003653
b15,L1,111,329134.332263,329134.383484,329134.422687,met,0.001926
b15,L2,74,329134.332185,329134.504876,329134.546712,met,0.001833
b15,L1,112,329136.332263,329136.429572,329136.533885,met,0.065771
b15,L2,75,329137.332185,329137.398801,329137.439473,met,0.003230
b15,L1,113,329138.332263,329138.538576,329138.579061,met,0.001274
b15,L1,114,329140.332263,329140.433619,329140.895632,met,0.408025
b15,L2,76,329140.332185,329140.433619,329141.134422,met,0.651562
b15,L1,115,329142.332263,329142.389537,329142.433307,met,0.001288
b15,L2,77,329143.332185,329143.525641,329143.564764,met,0.000867
b15,L1,116,329144.332263,329144.449272,329144.490750,met,0.003373
b15,L2,78,329146.332185,329146.401302,329146.473849,met,0.030642
b15,L1,117,329146.332263,329146.418509,329146.564512,met,0.106311
b15,L1,118,329148.332263,329148.499036,329148.541729,met,0.003266
b15,L2,79,329149.332185,329149.506924,329149.551912,met,0.001249
b15,L1,119,329150.332263,329150.486174,329150.529466,met,0.003462
b15,L1,120,329152.332263,329152.443075,329152.486837,met,0.003418
b15,L2,80,329152.332185,329152.533848,329152.571999,met,0.001182
b15,L1,121,329154.332263,329154.446383,329154.488593,met,0.003375
b15,L2,81,329155.332185,329155.477935,329155.520109,met,0.001235
b15,L1,122,329156.332263,329156.536817,329156.620510,met,0.043225
b15,L1,123,329158.332263,329158.415683,329158.464426,met,0.001996
b15,L2,82,329158.332185,329158.415654,329158.464426,met,0.001271
b15,L1,124,329160.332263,329160.427984,329160.472945,met,0.003365
b15,L2,83,329161.332185,329161.545980,329161.699227,met,0.110699
b15,L1,125,329162.332263,329162.404262,329162.446169,met,0.003408
b15,L1,126,329164.332263,329164.474373,329164.517839,met,0.001424
b15,L2,84,329164.332185,329164.481828,329164.526638,met,0.001180
b15,L1,127,329166.332263,329166.502497,329166.552782,met,0.011438
b15,L2,85,329167.332185,329167.437451,329167.477822,met,0.001209
b15,L1,128,329168.332263,329168.387929,329168.430129,met,0.003370
b15,L2,86,329170.332185,329170.407043,329170.449989,met,0.001291
b15,L1,129,329170.332263,329170.423421,329170.467249,met,0.001349
b15,L1,130,329172.332263,329172.427663,329172.543056,met,0.073796
b15,L2,87,329173.332185,329173.426444,329173.470296,met,0.000881
b15,L1,131,329174.332263,329174.398405,329174.440078,met,0.001311
b15,L1,132,329176.332263,329176.400363,329176.446169,met,0.003362
b15,L2,88,329176.332185,329176.444567,329176.490961,met,0.001209
b15,L1,133,329178.332263,329178.517490,329178.559183,met,0.003467
b15,L2,89,329179.332185,329179.443173,329179.483086,met,0.001242
b15,L1,134,329180.332263,329180.400759,329180.448463,met,0.001573
b15,L2,90,329182.332185,329182.430651,329182.470345,met,0.001246
b15,L1,135,329182.332263,329182.488815,329182.532759,met,0.003951
b15,L1,136,329184.332263,329184.438688,329184.480960,met,0.003245
b15,L2,91,329185.332185,329185.521370,329185.563583,met,0.001216
b15,L1,137,329186.332263,329186.511711,329186.555668,met,0.001342
b15,L2,92,329188.332185,329188.469419,329188.518983,met,0.004089
b15,L1,138,329188.332263,329188.469623,329188.518983,met,0.003513
b15,L1,139,329190.332263,329190.413641,329190.456378,met,0.003510
b15,L2,93,329191.332185,329191.395693,329191.434833,met,0.001219
b15,L1,140,329192.332263,329192.456375,329192.498233,met,0.003807
b15,L1,141,329194.332263,329194.410622,329194.455538,met,0.003361
b15,L2,94,329194.332185,329194.487196,329194.527921,met,0.001134
b15,L1,142,329196.332263,329196.409268,329196.454857,met,0.003304
b15,L2,95,329197.332185,329197.478327,329197.525106,met,0.001452
b15,L1,143,329198.332263,329198.394596,329198.441457,met,0.003751
b15,L2,96,329200.332185,329200.445009,329200.486037,met,0.001293
b15,L1,144,329200.332263,329200.522354,329200.564076,met,0.003239
b15,L1,145,329202.332263,329202.490598,329203.108542,missed,0.565444
b15,L2,97,329203.332185,329203.404948,329204.372781,met,0.915620
b15,L1,146,329204.332263,329204.501749,329204.547583,met,0.002320
b15,L1,147,329206.332263,329206.431079,329206.596830,met,0.001540
b15,L2,98,329206.332185,329206.429246,329206.597936,met,0.001383
b15,L1,148,329208.332263,329208.576193,329208.621321,met,0.003613
b15,L2,99,329209.332185,329209.585596,329209.627788,met,0.001275
b15,L1,149,329210.332263,329210.489259,329210.530264,met,0.001306
b16,L2,0,329210.914341,329210.976079,329211.021547,met,0.001876
b16,L1,0,329210.914517,329210.976206,329211.021758,met,0.001367
b16,L1,1,329212.914517,329212.986830,329213.076994,met,0.049860
b16,L2,1,329213.914341,329214.084964,329214.130733,met,0.001262
b16,L1,2,329214.914517,329215.075880,329215.122853,met,0.002100
b16,L1,3,329216.914517,329216.981155,329217.027501,met,0.001899
b16,L2,2,329216.914341,329216.981173,329217.027454,met,0.001131
b16,L1,4,329218.914517,329218.983093,329219.097049,met,0.074119
b16,L2,3,329219.914341,329220.010699,329220.057572,met,0.001093
b16,L1,5,329220.914517,329221.002905,329221.062226,met,0.016455
b16,L2,4,329222.914341,329223.011280,329223.088045,met,0.034737
b16,L1,6,329222.914517,329223.019297,329223.190832,met,0.127677
b16,L1,7,329224.914517,329225.014445,329225.058396,met,0.003446
b16,L2,5,329225.914341,329226.073761,329226.114847,met,0.001172
b16,L1,8,329226.914517,329226.977734,329227.025682,met,0.004621
b16,L2,6,329228.914341,329229.032202,329229.079231,met,0.001766
b16,L1,9,329228.914517,329229.032202,329229.082134,met,0.004424
b16,L1,10,329230.914517,329231.052882,329231.095426,met,0.003380
b16,L2,7,329231.914341,329232.006477,329232.047057,met,0.001186
b16,L1,11,329232.914517,329233.091223,329233.756608,missed,0.606176
b16,L2,8,329234.914341,329235.029512,329235.074126,met,0.000947
b16,L1,12,329234.914517,329235.077108,329235.119546,met,0.001037
b16,L1,13,329236.914517,329237.020177,329237.065479,met,0.001405
b16,L2,9,329237.914341,329238.051409,329238.094962,met,0.001159
b16,L1,14,329238.914517,329238.978960,329239.024434,met,0.003639
b16,L1,15,329240.914517,329241.045948,329241.090041,met,0.003248
b16,L2,10,329240.914341,329241.058806,329241.100783,met,0.001175
b16,L1,16,329242.914517,329243.110199,329243.175641,met,0.022191
b16,L2,11,329243.914341,329243.985323,329244.027515,met,0.001131
b16,L1,17,329244.914517,329245.054414,329245.104631,met,0.003434
b16,L2,12,329246.914341,329247.093340,329247.161846,met,0.001387
b16,L1,18,329246.914517,329247.147081,329247.209665,met,0.003562
b16,L1,19,329248.914517,329249.164666,329249.802890,missed,0.554012
b16,L2,13,329249.914341,329250.053324,329251.220493,met,1.117375
b16,L1,20,329250.914517,329251.132814,329251.222421,met,0.044024
b16,L1,21,329252.914517,329253.083526,329253.127623,met,0.001350
b16,L2,14,329252.914341,329253.148422,329253.191940,met,0.001163
b16,L1,22,329254.914517,329255.058843,329255.107388,met,0.004401
b16,L2,15,329255.914341,329256.069280,329256.116642,met,0.001302
b16,L1,23,329256.914517,329257.041488,329257.085390,met,0.003408
b16,L2,16,329258.914341,329259.091579,329259.137219,met,0.001317
b16,L1,24,329258.914517,329259.115097,329259.161874,met,0.003503
b16,L1,25,329260.914517,329261.091865,329261.216843,met,0.062646
b16,L2,17,329261.914341,329262.079677,329262.124669,met,0.001302
b16,L1,26,329262.914517,329263.124337,329263.167687,met,0.001306
b16,L1,27,329264.914517,329265.105013,329265.742049,missed,0.577747
b16,L2,18,329264.914341,329265.105013,329266.656448,met,1.495873
b16,L1,28,329266.914517,329266.994650,329267.259767,met,0.213204
b16,L2,19,329267.914341,329268.013814,329268.078170,met,0.001025
b16,L1,29,329268.914517,329269.191561,329269.238383,met,0.003100
b16,L1,30,329270.914517,329270.971980,329271.020377,met,0.004023
b16,L2,20,329270.914341,329271.099119,329271.142471,met,0.001197
b16,L1,31,329272.914517,329273.053131,329273.106374,met,0.003416
b16,L2,21,329273.914341,329274.098904,329274.140301,met,0.001217
b16,L1,32,329274.914517,329275.127151,329275.172894,met,0.003641
b16,L2,22,329276.914341,329277.021444,329277.066157,met,0.001226
b16,L1,33,329276.914517,329277.083296,329277.130391,met,0.003191
b16,L1,34,329278.914517,329279.116092,329279.157865,met,0.001423
b16,L2,23,329279.914341,329280.116752,329280.157506,met,0.001237
b16,L1,35,329280.914517,329280.991978,329281.644788,missed,0.587485
b16,L2,24,329282.914341,329283.104485,329283.149304,met,0.001238
b16,L1,36,329282.914517,329283.120505,329283.163285,met,0.001275
b16,L1,37,329284.914517,329285.025346,329285.075747,met,0.002091
b16,L2,25,329285.914341,329286.121501,329286.178557,met,0.009431
b16,L1,38,329286.914517,329287.103763,329287.150250,met,0.003392
b16,L1,39,329288.914517,329289.035932,329289.139319,met,0.004968
b16,L2,26,329288.914341,329289.082805,329289.158448,met,0.001062
b16,L1,40,329290.914517,329290.973174,329291.016900,met,0.003202
b16,L2,27,329291.914341,329292.101891,329292.143819,met,0.001237
b16,L1,41,329292.914517,329292.975349,329293.020521,met,0.003767
b16,L1,42,329294.914517,329294.999884,329295.045164,met,0.001329
b16,L2,28,329294.914341,329295.026597,329295.069278,met,0.001163
b16,L1,43,329296.914517,329296.987421,329297.672059,missed,0.622987
b16,L2,29,329297.914341,329298.102452,329298.353862,met,0.205956
b16,L1,44,329298.914517,329299.126771,329299.169573,met,0.000852
b16,L2,30,329300.914341,329301.078587,329301.121274,met,0.001218
b16,L1,45,329300.914517,329301.088696,329301.133453,met,0.003293
b16,L1,46,329302.914517,329303.121728,329303.167989,met,0.003481
b16,L2,31,329303.914341,329303.996958,329304.041290,met,0.001237
b16,L1,47,329304.914517,329305.011122,329305.056093,met,0.001403
b16,L1,48,329306.914517,329307.013319,329307.058673,met,0.002939
b16,L2,32,329306.914341,329307.114850,329307.156142,met,0.001196
b16,L1,49,329308.914517,329309.099502,329309.142576,met,0.003286
b16,L2,33,329309.914341,329309.972380,329310.024958,met,0.001302
b16,L1,50,329310.914517,329311.001046,329311.049058,met,0.001351
b16,L2,34,329312.914341,329313.075155,329313.119775,met,0.000919
b16,L1,51,329312.914517,329313.110398,329313.206544,met,0.051269
b16,L1,52,329314.914517,329315.097594,329315.147108,met,0.002522
b16,L2,35,329315.914341,329316.060887,329316.145523,met,0.001517
b16,L1,53,329316.914517,329317.056642,329317.148016,met,0.002582
b16,L2,36,329318.914341,329319.016504,329319.084376,met,0.001089
b16,L1,54,329318.914517,329319.205507,329319.283404,met,0.002815
b16,L1,55,329320.914517,329321.141203,329321.206494,met,0.002356
b16,L2,37,329321.914341,329322.004946,329322.051255,met,0.001051
b16,L1,56,329322.914517,329323.127924,329323.183671,met,0.002434
b16,L2,38,329324.914341,329325.125485,329325.171061,met,0.001010
b16,L1,57,329324.914517,329325.154031,329325.200639,met,0.002053
b16,L1,58,329326.914517,329327.121820,329327.831190,missed,0.648479
b16,L2,39,329327.914341,329328.113101,329329.135313,met,0.937618
b16,L1,59,329328.914517,329329.012731,329329.357123,met,0.279209
b16,L2,40,329330.914341,329331.099291,329331.168217,met,0.001396
b16,L1,60,329330.914517,329331.142858,329331.200193,met,0.002484
b16,L1,61,329332.914517,329333.142708,329333.187122,met,0.003304
b16,L2,41,329333.914341,329334.134972,329334.177453,met,0.001147
b16,L1,62,329334.914517,329335.045044,329335.094518,met,0.003601
b16,L1,63,329336.914517,329336.970864,329337.015414,met,0.003255
b16,L2,42,329336.914341,329337.113747,329337.155925,met,0.001234
b16,L1,64,329338.914517,329339.038562,329339.123242,met,0.044203
b16,L2,43,329339.914341,329340.040211,329340.088275,met,0.001250
b16,L1,65,329340.914517,329341.118448,329341.165388,met,0.003498
b16,L1,66,329342.914517,329343.097024,329343.795142,missed,0.643912
b16,L2,44,329342.914341,329343.060282,329343.873254,met,0.765825
b16,L1,67,329344.914517,329344.977648,329345.221909,met,0.199652
b16,L2,45,329345.914341,329346.127653,329346.208648,met,0.001426
b16,L1,68,329346.914517,329347.127875,329347.224655,met,0.005214
b16,L1,69,329348.914517,329349.035562,329349.124134,met,0.044380
b16,L2,46,329348.914341,329349.152370,329349.193222,met,0.001183
b16,L1,70,329350.914517,329351.005324,329351.070881,met,0.001751
b16,L2,47,329351.914341,329352.068627,329352.431189,met,0.313055
b16,L1,71,329352.914517,329352.995278,329353.042134,met,0.003759
b16,L2,48,329354.914341,329354.998584,329355.050113,met,0.001221
b16,L1,72,329354.914517,329355.124027,329355.173557,met,0.001362
b16,L1,73,329356.914517,329357.132677,329357.177342,met,0.001389
b16,L2,49,329357.914341,329358.143038,329358.651460,met,0.457556
b16,L1,74,329358.914517,329359.010201,329359.064363,met,0.005627
b16,L1,75,329360.914517,329360.991593,329361.383285,met,0.338517
b16,L2,50,329360.914341,329360.991820,329361.385969,met,0.346170
b16,L1,76,329362.914517,329363.079665,329363.398490,met,0.274684
b16,L2,51,329363.914341,329364.061947,329364.125705,met,0.018716
b16,L1,77,329364.914517,329365.070660,329365.113685,met,0.003456
b16,L1,78,329366.914517,329366.972212,329367.013491,met,0.001398
b16,L2,52,329366.914341,329367.023398,329367.064647,met,0.001190
b16,L1,79,329368.914517,329369.078107,329369.125164,met,0.007280
b16,L2,53,329369.914341,329370.000691,329370.041515,met,0.001215
b16,L1,80,329370.914517,329371.023696,329371.071122,met,0.003277
b16,L2,54,329372.914341,329373.088758,329373.136344,met,0.001209
b16,L1,81,329372.914517,329373.088680,329373.136679,met,0.001854
b16,L1,82,329374.914517,329374.988013,329375.031598,met,0.003390
b16,L2,55,329375.914341,329375.996871,329376.036785,met,0.001188
b16,L1,83,329376.914517,329377.062017,329377.105325,met,0.003480
b16,L2,56,329378.914341,329379.077616,329379.126865,met,0.007624
b16,L1,84,329378.914517,329379.116887,329379.158110,met,0.001860
b16,L1,85,329380.914517,329381.015640,329381.057595,met,0.003398
b16,L2,57,329381.914341,329382.039261,329382.080653,met,0.001196
b16,L1,86,329382.914517,329382.984860,329383.026458,met,0.003250
b16,L2,58,329384.914341,329385.037920,329385.085517,met,0.001257
b16,L1,87,329384.914517,329385.037853,329385.087038,met,0.003765
b16,L1,88,329386.914517,329386.977583,329387.021463,met,0.003349
b16,L2,59,329387.914341,329388.059966,329388.101995,met,0.001186
b16,L1,89,329388.914517,329389.103406,329389.804732,missed,0.646636
b16,L2,60,329390.914341,329390.993332,329391.045375,met,0.000901
b16,L1,90,329390.914517,329390.993229,329391.045374,met,0.001241
b16,L1,91,329392.914517,329392.990810,329393.033293,met,0.003384
b16,L2,61,329393.914341,329394.020487,329394.063660,met,0.001292
b16,L1,92,329394.914517,329395.111194,329395.155089,met,0.003385
b16,L2,62,329396.914341,329396.994003,329397.042160,met,0.001316
b16,L1,93,329396.914517,329397.103178,329397.149678,met,0.001399
b16,L1,94,329398.914517,329399.103275,329399.145057,met,0.003442
b16,L2,63,329399.914341,329400.120991,329400.163497,met,0.001155
b16,L1,95,329400.914517,329401.123748,329401.166627,met,0.003430
b16,L1,96,329402.914517,329403.042712,329403.083011,met,0.001326
b16,L2,64,329402.914341,329403.098817,329403.140681,met,0.001174
b16,L1,97,329404.914517,329405.090241,329405.134987,met,0.003546
b16,L2,65,329405.914341,329406.016806,329406.056376,met,0.001290
b16,L1,98,329406.914517,329406.983918,329407.026330,met,0.003471
b16,L1,99,329408.914517,329408.974734,329409.017706,met,0.002945
b16,L2,66,329408.914341,329408.988326,329409.032460,met,0.001284
b16,L1,100,329410.914517,329411.017581,329411.059978,met,0.003342
b16,L2,67,329411.914341,329412.039319,329412.079292,met,0.001183
b16,L1,101,329412.914517,329413.121193,329413.164352,met,0.003357
b16,L1,102,329414.914517,329415.066782,329415.113780,met,0.003507
b16,L2,68,329414.914341,329415.067395,329415.119650,met,0.009402
b16,L1,103,329416.914517,329416.978526,329417.023529,met,0.003929
b16,L2,69,329417.914341,329418.096906,329418.137459,met,0.001165
b16,L1,104,329418.914517,329418.974747,329419.023892,met,0.008967
b16,L2,70,329420.914341,329421.017351,329421.142137,met,0.072118
b16,L1,105,329420.914517,329421.051278,329421.142527,met,0.041734
b16,L1,106,329422.914517,329423.134629,329423.178193,met,0.001814
b16,L2,71,329423.914341,329424.135326,329424.179930,met,0.001286
b16,L1,107,329424.914517,329425.049169,329425.092110,met,0.003656
b16,L1,108,329426.914517,329426.970731,329427.011769,met,0.001373
b16,L2,72,329426.914341,329427.085638,329427.129345,met,0.001043
b16,L1,109,329428.914517,329429.070819,329429.122497,met,0.003831
b16,L2,73,329429.914341,329429.979267,329430.018714,met,0.000889
b16,L1,110,329430.914517,329430.988147,329431.030982,met,0.004610
b16,L1,111,329432.914517,329433.003345,329433.049327,met,0.002180
b16,L2,74,329432.914341,329433.003331,329433.049466,met,0.001236
b16,L1,112,329434.914517,329435.016521,329435.062148,met,0.003406
b16,L2,75,329435.914341,329435.991114,329436.033146,met,0.001557
b16,L1,113,329436.914517,329436.996626,329437.039667,met,0.003975
b16,L1,114,329438.914517,329438.985698,329439.028514,met,0.003274
b16,L2,76,329438.914341,329438.997843,329439.039663,met,0.001328
b16,L1,115,329440.914517,329441.026006,329441.071108,met,0.003340
b16,L2,77,329441.914341,329441.988082,329442.028568,met,0.001213
b16,L1,116,329442.914517,329443.026932,329443.069768,met,0.003636
b16,L2,78,329444.914341,329445.046652,329445.087175,met,0.001238
b16,L1,117,329444.914517,329445.077987,329445.121347,met,0.003369
b16,L1,118,329446.914517,329447.117197,329447.160214,met,0.003395
b16,L2,79,329447.914341,329448.118860,329448.160227,met,0.001201
b16,L1,119,329448.914517,329449.051619,329449.093966,met,0.003307
b16,L2,80,329450.914341,329451.026293,329451.087581,met,0.020755
b16,L1,120,329450.914517,329451.101324,329451.142912,met,0.000876
b16,L1,121,329452.914517,329453.012462,329453.055275,met,0.002178
b16,L2,81,329453.914341,329454.009031,329454.053940,met,0.001424
b16,L1,122,329454.914517,329455.086403,329455.127748,met,0.003149
b16,L2,82,329456.914341,329457.122747,329457.169409,met,0.001535
b16,L1,123,329456.914517,329457.122730,329457.170806,met,0.004618
b16,L1,124,329458.914517,329458.980280,329459.022194,met,0.002036
b16,L2,83,329459.914341,329460.032440,329460.071042,met,0.001265
b16,L1,125,329460.914517,329460.987994,329461.029873,met,0.001360
b16,L1,126,329462.914517,329463.044315,329463.096631,met,0.003354
b16,L2,84,329462.914341,329463.044294,329463.096609,met,0.003954
b16,L1,127,329464.914517,329464.986521,329465.030005,met,0.003573
b16,L2,85,329465.914341,329466.083743,329466.146449,met,0.021393
b16,L1,128,329466.914517,329467.100256,329467.139883,met,0.001337
b16,L2,86,329468.914341,329469.032296,329469.216005,met,0.137974
b16,L1,129,329468.914517,329469.032302,329469.216050,met,0.139388
b16,L1,130,329470.914517,329470.995518,329471.036764,met,0.003410
b16,L2,87,329471.914341,329471.999621,329472.040614,met,0.001231
b16,L1,131,329472.914517,329473.057914,329473.100032,met,0.001297
b16,L2,88,329474.914341,329474.982483,329475.023947,met,0.001205
b16,L1,132,329474.914517,329475.087589,329475.130049,met,0.003746
b16,L1,133,329476.914517,329476.973555,329477.015219,met,0.003571
b16,L2,89,329477.914341,329478.033007,329478.074286,met,0.001221
b16,L1,134,329478.914517,329478.974173,329479.038350,met,0.024971
b16,L1,135,329480.914517,329480.991549,329481.074815,met,0.043711
b16,L2,90,329480.914341,329481.047936,329481.094347,met,0.002310
b16,L1,136,329482.914517,329482.989041,329483.489654,met,0.452259
b16,L2,91,329483.914341,329484.044549,329484.082797,met,0.000904
b16,L1,137,329484.914517,329485.083821,329485.128850,met,0.003530
b16,L1,138,329486.914517,329487.009349,329487.055107,met,0.003829
b16,L2,92,329486.914341,329487.024891,329487.065984,met,0.001126
b16,L1,139,329488.914517,329489.045136,329489.086513,met,0.001986
b16,L2,93,329489.914341,329489.971498,329490.011668,met,0.000812
b16,L1,140,329490.914517,329490.980101,329491.024890,met,0.003736
b16,L1,141,329492.914517,329493.086302,329493.132025,met,0.001903
b16,L2,94,329492.914341,329493.086210,329493.131992,met,0.001264
b16,L1,142,329494.914517,329495.120963,329495.163243,met,0.003351
b16,L2,95,329495.914341,329495.994773,329496.034660,met,0.001229
b16,L1,143,329496.914517,329497.057848,329497.100897,met,0.003217
b16,L2,96,329498.914341,329499.004627,329499.046233,met,0.000872
b16,L1,144,329498.914517,329499.061400,329499.106092,met,0.002017
b16,L1,145,329500.914517,329501.118368,329501.158100,met,0.000952
b16,L2,97,329501.914341,329502.038827,329502.077962,met,0.001229
b16,L1,146,329502.914517,329502.972128,329503.016421,met,0.003856
b16,L2,98,329504.914341,329504.991486,329505.040372,met,0.004301
b16,L1,147,329504.914517,329504.991486,329505.040412,met,0.003703
b16,L1,148,329506.914517,329506.978389,329507.019308,met,0.001366
b16,L2,99,329507.914341,329508.105082,329508.145554,met,0.001198
b16,L1,149,329508.914517,329509.000127,329509.084048,met,0.044846
b17,L1,0,329509.453712,329509.513734,329509.560980,met,0.001954
b17,L2,0,329509.453740,329509.513731,329509.560969,met,0.001296
b17,L1,1,329511.453712,329511.535037,329511.576293,met,0.000958
b17,L2,1,329512.453740,329512.518998,329512.559903,met,0.001148
b17,L1,2,329513.453712,329513.607340,329514.313084,missed,0.649846
b17,L1,3,329515.453712,329515.527144,329515.570933,met,0.001371
b17,L2,2,329515.453740,329515.546381,329515.598175,met,0.011119
b17,L1,4,329517.453712,329517.515406,329517.605493,met,0.047112
b17,L2,3,329518.453740,329518.562358,329518.613510,met,0.008389
b17,L1,5,329519.453712,329519.514149,329519.554679,met,0.001364
b17,L2,4,329521.453740,329521.537974,329521.585255,met,0.001221
b17,L1,6,329521.453712,329521.537974,329521.586231,met,0.003754
b17,L1,7,329523.453712,329523.521807,329523.611316,met,0.046831
b17,L2,5,329524.453740,329524.622677,329524.768441,met,0.104095
b17,L1,8,329525.453712,329525.589038,329525.636692,met,0.003718
b17,L2,6,329527.453740,329527.533620,329527.579001,met,0.004126
b17,L1,9,329527.453712,329527.536095,329527.579176,met,0.003554
b17,L1,10,329529.453712,329529.557466,329529.688407,met,0.087238
b17,L2,7,329530.453740,329530.536602,329530.707564,met,0.129495
b17,L1,11,329531.453712,329531.517860,329531.559755,met,0.003549
b17,L2,8,329533.453740,329533.521049,329533.565764,met,0.001226
b17,L1,12,329533.453712,329533.520984,329533.567545,met,0.004023
b17,L1,13,329535.453712,329535.523918,329535.598981,met,0.033054
b17,L2,9,329536.453740,329536.522160,329536.562872,met,0.001190
b17,L1,14,329537.453712,329537.516013,329537.556393,met,0.001320
b17,L2,10,329539.453740,329539.522890,329539.568572,met,0.001310
b17,L1,15,329539.453712,329539.522321,329539.569265,met,0.004145
b17,L1,16,329541.453712,329541.572226,329541.633049,met,0.018385
b17,L2,11,329542.453740,329542.597772,329542.639391,met,0.001134
b17,L1,17,329543.453712,329543.593962,329543.632703,met,0.001251
b17,L1,18,329545.453712,329545.513372,329545.859089,met,0.296548
b17,L2,12,329545.453740,329545.523279,329545.996446,met,0.431218
b17,L1,19,329547.453712,329547.573841,329547.614911,met,0.001417
b17,L2,13,329548.453740,329548.608486,329548.647503,met,0.001235
b17,L1,20,329549.453712,329549.520333,329549.562634,met,0.003270
b17,L2,14,329551.453740,329551.515366,329551.558763,met,0.001327
b17,L1,21,329551.453712,329551.521200,329551.566974,met,0.002741
b17,L1,22,329553.453712,329553.522893,329553.564310,met,0.003436
b17,L2,15,329554.453740,329554.521461,329554.561717,met,0.001204
b17,L1,23,329555.453712,329555.571200,329555.615510,met,0.003303
b17,L2,16,329557.453740,329557.558087,329557.597847,met,0.001204
b17,L1,24,329557.453712,329557.626280,329558.318619,missed,0.639301
b17,L1,25,329559.453712,329559.655951,329559.696577,met,0.003256
b17,L2,17,329560.453740,329560.532420,329560.574034,met,0.001344
b17,L1,26,329561.453712,329561.531310,329561.626646,met,0.054995
b17,L1,27,329563.453712,329563.562274,329563.602170,met,0.001303
b17,L2,18,329563.453740,329563.613704,329563.653037,met,0.001143
b17,L1,28,329565.453712,329565.529471,329565.712700,met,0.140862
b17,L2,19,329566.453740,329566.542473,329566.585574,met,0.001258
b17,L1,29,329567.453712,329567.525794,329567.568761,met,0.003289
b17,L1,30,329569.453712,329569.535437,329569.584672,met,0.001450
b17,L2,20,329569.453740,329569.535349,329569.584769,met,0.001859
b17,L1,31,329571.453712,329571.518673,329571.563720,met,0.000912
b17,L2,21,329572.453740,329572.639374,329572.713869,met,0.029205
b17,L1,32,329573.453712,329573.596056,329573.648012,met,0.003599
b17,L1,33,329575.453712,329575.610244,329576.307437,missed,0.646039
b17,L2,22,329575.453740,329575.670143,329577.076112,met,1.358955
b17,L1,34,329577.453712,329577.639435,329577.682176,met,0.003297
b17,L2,23,329578.453740,329578.549804,329578.591482,met,0.001331
b17,L1,35,329579.453712,329579.551022,329579.590868,met,0.001395
b17,L2,24,329581.453740,329581.550714,329581.597638,met,0.001282
b17,L1,36,329581.453712,329581.553406,329581.598949,met,0.004180
b17,L1,37,329583.453712,329583.611424,329583.656594,met,0.003955
b17,L2,25,329584.453740,329584.571309,329584.612816,met,0.001187
b17,L1,38,329585.453712,329585.613016,329585.654293,met,0.001337
b17,L1,39,329587.453712,329587.518596,329587.567271,met,0.003855
b17,L2,26,329587.453740,329587.524864,329587.567196,met,0.000957
b17,L1,40,329589.453712,329589.624442,329589.670058,met,0.003200
b17,L2,27,329590.453740,329590.589962,329590.633001,met,0.001248
b17,L1,41,329591.453712,329591.574746,329591.616111,met,0.001318
b17,L2,28,329593.453740,329593.625195,329593.677557,met,0.004209
b17,L1,42,329593.453712,329593.625192,329593.677500,met,0.003592
b17,L1,43,329595.453712,329595.531149,329595.577189,met,0.003275
b17,L2,29,329596.453740,329596.567740,329596.609249,met,0.001208
b17,L1,44,329597.453712,329597.611864,329597.657091,met,0.003725
b17,L2,30,329599.453740,329599.539004,329599.592292,met,0.004292
b17,L1,45,329599.453712,329599.539010,329599.592456,met,0.003775
b17,L1,46,329601.453712,329601.517603,329601.562401,met,0.001020
b17,L2,31,329602.453740,329602.544727,329602.585443,met,0.000808
b17,L1,47,329603.453712,329603.656568,329603.764239,met,0.064862
b17,L2,32,329605.453740,329605.616165,329605.655878,met,0.001159
b17,L1,48,329605.453712,329605.654469,329605.695806,met,0.001414
b17,L1,49,329607.453712,329607.654520,329608.361362,missed,0.647931
b17,L2,33,329608.453740,329608.625419,329608.786406,met,0.117046
b17,L1,50,329609.453712,329609.663254,329609.768159,met,0.062781
b17,L1,51,329611.453712,329611.518648,329611.565756,met,0.000983
b17,L2,34,329611.453740,329611.521775,329611.565570,met,0.001163
b17,L1,52,329613.453712,329613.645828,329613.687795,met,0.003748
b17,L2,35,329614.453740,329614.656401,329614.696941,met,0.001173
b17,L1,53,329615.453712,329615.598461,329615.639154,met,0.001412
b17,L2,36,329617.453740,329617.595310,329617.641002,met,0.001259
b17,L1,54,329617.453712,329617.641011,329617.690138,met,0.003758
b17,L1,55,329619.453712,329619.654684,329619.700781,met,0.003756
b17,L2,37,329620.453740,329620.566189,329620.610196,met,0.000872
b17,L1,56,329621.453712,329621.524848,329621.568614,met,0.001336
b17,L2,38,329623.453740,329623.550399,329623.597899,met,0.001391
b17,L1,57,329623.453712,329623.627250,329623.674530,met,0.003275
b17,L1,58,329625.453712,329625.640858,329625.686324,met,0.003158
b17,L2,39,329626.453740,329626.532156,329626.574700,met,0.001155
b17,L1,59,329627.453712,329627.554551,329627.603217,met,0.007986
b17,L2,40,329629.453740,329629.537779,329629.586302,met,0.001119
b17,L1,60,329629.453712,329629.537824,329629.587741,met,0.002964
b17,L1,61,329631.453712,329631.676740,329631.736091,met,0.001130
b17,L2,41,329632.453740,329632.563004,329632.618802,met,0.007185
b17,L1,62,329633.453712,329633.673438,329633.720003,met,0.003265
b17,L1,63,329635.453712,329635.550373,329635.595778,met,0.001403
b17,L2,42,329635.453740,329635.580296,329635.631601,met,0.007563
b17,L1,64,329637.453712,329637.667638,329637.713376,met,0.003348
b17,L2,43,329638.453740,329638.625952,329639.706942,met,1.033197
b17,L1,65,329639.453712,329639.523987,329639.918249,met,0.345213
b17,L2,44,329641.453740,329641.655410,329641.708454,met,0.003894
b17,L1,66,329641.453712,329641.655742,329641.708386,met,0.003466
b17,L1,67,329643.453712,329643.633397,329643.691934,met,0.003099
b17,L2,45,329644.453740,329644.622131,329644.674925,met,0.001664
b17,L1,68,329645.453712,329645.666872,329645.712551,met,0.001386
b17,L1,69,329647.453712,329647.643197,329647.687978,met,0.003496
b17,L2,46,329647.453740,329647.667763,329647.709358,met,0.001236
b17,L1,70,329649.453712,329649.658763,329649.703066,met,0.003195
b17,L2,47,329650.453740,329650.549318,329650.592624,met,0.000915
b17,L1,71,329651.453712,329651.529445,329651.584967,met,0.013499
b17,L2,48,329653.453740,329653.531938,329653.588579,met,0.014862
b17,L1,72,329653.453712,329653.654120,329653.700769,met,0.004107
b17,L1,73,329655.453712,329655.524575,329655.586912,met,0.018711
b17,L2,49,329656.453740,329656.663582,329656.712391,met,0.001272
b17,L1,74,329657.453712,329657.566731,329657.610639,met,0.003085
b17,L2,50,329659.453740,329659.559733,329659.602221,met,0.001127
b17,L1,75,329659.453712,329659.555598,329659.602181,met,0.003402
b17,L1,76,329661.453712,329661.593748,329661.639908,met,0.000892
b17,L2,51,329662.453740,329662.554259,329662.599748,met,0.000864
b17,L1,77,329663.453712,329663.616821,329663.660853,met,0.003191
b17,L1,78,329665.453712,329665.611974,329665.666343,met,0.002935
b17,L2,52,329665.453740,329665.612041,329665.666489,met,0.003694
b17,L1,79,329667.453712,329667.624871,329667.668350,met,0.003204
b17,L2,53,329668.453740,329668.662800,329668.706674,met,0.001282
b17,L1,80,329669.453712,329669.605167,329670.305929,missed,0.642624
b17,L1,81,329671.453712,329671.663650,329671.709619,met,0.001766
b17,L2,54,329671.453740,329671.659054,329671.709827,met,0.002509
b17,L1,82,329673.453712,329673.650076,329673.695088,met,0.003253
b17,L2,55,329674.453740,329674.542557,329674.592258,met,0.001342
b17,L1,83,329675.453712,329675.523577,329675.569872,met,0.003270
b17,L1,84,329677.453712,329677.561585,329677.609172,met,0.003681
b17,L2,56,329677.453740,329677.661099,329677.704598,met,0.001275
b17,L1,85,329679.453712,329679.592833,329679.636035,met,0.001401
b17,L2,57,329680.453740,329680.551005,329680.593222,met,0.001262
b17,L1,86,329681.453712,329681.515512,329681.561958,met,0.003372
b17,L2,58,329683.453740,329683.567923,329683.612494,met,0.001206
b17,L1,87,329683.453712,329683.645359,329683.691652,met,0.003378
b17,L1,88,329685.453712,329685.558099,329685.598578,met,0.001409
b17,L2,59,329686.453740,329686.569712,329686.618468,met,0.007916
b17,L1,89,329687.453712,329687.580440,329687.625668,met,0.003736
b17,L2,60,329689.453740,329689.533823,329689.578801,met,0.001230
b17,L1,90,329689.453712,329689.645738,329689.690581,met,0.003382
b17,L1,91,329691.453712,329691.590308,329691.635240,met,0.000956
b17,L2,61,329692.453740,329692.523054,329692.566712,met,0.000889
b17,L1,92,329693.453712,329693.527774,329693.572428,met,0.003809
b17,L2,62,329695.453740,329695.627256,329695.677741,met,0.001323
b17,L1,93,329695.453712,329695.627353,329695.679256,met,0.004162
b17,L1,94,329697.453712,329697.527437,329697.571115,met,0.004409
b17,L2,63,329698.453740,329698.563551,329698.630914,met,0.023592
b17,L1,95,329699.453712,329699.526563,329699.571176,met,0.003142
b17,L2,64,329701.453740,329701.659717,329701.991596,met,0.277487
b17,L1,96,329701.453712,329701.659717,329702.237226,missed,0.516228
b17,L1,97,329703.453712,329703.655257,329703.699163,met,0.003471
b17,L2,65,329704.453740,329704.548047,329704.589252,met,0.001252
b17,L1,98,329705.453712,329705.660009,329705.702650,met,0.001499
b17,L2,66,329707.453740,329707.548417,329707.588888,met,0.001229
b17,L1,99,329707.453712,329707.601128,329707.645184,met,0.003745
b17,L1,100,329709.453712,329709.614491,329709.672120,met,0.002883
b17,L2,67,329710.453740,329710.604249,329710.644995,met,0.001245
b17,L1,101,329711.453712,329711.537865,329711.583851,met,0.003225
b17,L2,68,329713.453740,329713.521209,329713.565628,met,0.001356
b17,L1,102,329713.453712,329713.597958,329713.642917,met,0.003226
b17,L1,103,329715.453712,329715.592101,329715.633610,met,0.003270
b17,L2,69,329716.453740,329716.551760,329716.596643,met,0.001347
b17,L1,104,329717.453712,329717.521179,329717.747933,met,0.179545
b17,L2,70,329719.453740,329719.539523,329719.581597,met,0.001320
b17,L1,105,329719.453712,329719.601382,329719.643215,met,0.001255
b17,L1,106,329721.453712,329721.523791,329721.567971,met,0.000989
b17,L2,71,329722.453740,329722.547911,329722.592127,met,0.000865
b17,L1,107,329723.453712,329723.643986,329723.689360,met,0.003395
b17,L2,72,329725.453740,329725.515444,329725.563252,met,0.001198
b17,L1,108,329725.453712,329725.524292,329725.573158,met,0.001339
b17,L1,109,329727.453712,329727.556833,329727.597094,met,0.002016
b17,L2,73,329728.453740,329728.569791,329728.612156,met,0.001165
b17,L1,110,329729.453712,329729.575196,329729.617313,met,0.003221
b17,L2,74,329731.453740,329731.661305,329731.708257,met,0.001283
b17,L1,111,329731.453712,329731.661242,329731.708316,met,0.002155
b17,L1,112,329733.453712,329733.519010,329733.558524,met,0.000906
b17,L2,75,329734.453740,329734.516265,329734.556721,met,0.001248
b17,L1,113,329735.453712,329735.625223,329735.666882,met,0.001863
b17,L2,76,329737.453740,329737.656673,329737.714576,met,0.012422
b17,L1,114,329737.453712,329737.656761,329737.714559,met,0.012014
b17,L1,115,329739.453712,329739.559239,329739.601605,met,0.003364
b17,L2,77,329740.453740,329740.521421,329740.562691,met,0.001281
b17,L1,116,329741.453712,329741.566415,329741.607964,met,0.001398
b17,L2,78,329743.453740,329743.632020,329743.676139,met,0.001366
b17,L1,117,329743.453712,329743.648051,329743.692909,met,0.003546
b17,L1,118,329745.453712,329745.661855,329745.726455,met,0.025597
b17,L2,79,329746.453740,329746.668839,329746.717968,met,0.010910
b17,L1,119,329747.453712,329747.607048,329747.647890,met,0.001388
b17,L2,80,329749.453740,329749.530699,329749.574214,met,0.003958
b17,L1,120,329749.453712,329749.527552,329749.574044,met,0.003553
b17,L1,121,329751.453712,329751.583539,329751.627812,met,0.000908
b17,L2,81,329752.453740,329752.662367,329752.724669,met,0.023388
b17,L1,122,329753.453712,329753.656839,329753.721774,met,0.016182
b17,L2,82,329755.453740,329755.551895,329755.603060,met,0.003859
b17,L1,123,329755.453712,329755.551901,329755.603383,met,0.003306
b17,L1,124,329757.453712,329757.613617,329757.655537,met,0.003539
b17,L2,83,329758.453740,329758.567407,329758.609019,met,0.001202
b17,L1,125,329759.453712,329759.635225,329759.678893,met,0.003548
b17,L1,126,329761.453712,329761.529199,329761.573308,met,0.003602
b17,L2,84,329761.453740,329761.608128,329761.647204,met,0.001192
b17,L1,127,329763.453712,329763.536921,329764.238509,missed,0.644406
b17,L2,85,329764.453740,329764.545134,329764.827992,met,0.238212
b17,L1,128,329765.453712,329765.572341,329765.637883,met,0.025439
b17,L2,86,329767.453740,329767.661463,329767.707990,met,0.001555
b17,L1,129,329767.453712,329767.661327,329767.709168,met,0.004731
b17,L1,130,329769.453712,329769.525676,329769.570293,met,0.003715
b17,L2,87,329770.453740,329770.531253,329770.571277,met,0.001212
b17,L1,131,329771.453712,329771.533907,329771.577963,met,0.001340
b17,L1,132,329773.453712,329773.528256,329773.580608,met,0.004512
b17,L2,88,329773.453740,329773.528433,329773.580602,met,0.005116
b17,L1,133,329775.453712,329775.628308,329775.670644,met,0.003259
b17,L2,89,329776.453740,329776.541017,329776.585110,met,0.001274
b17,L1,134,329777.453712,329777.517760,329777.561390,met,0.001327
b17,L2,90,329779.453740,329779.528834,329779.572597,met,0.001165
b17,L1,135,329779.453712,329779.541869,329779.585850,met,0.003195
b17,L1,136,329781.453712,329781.516666,329781.558184,met,0.000942
b17,L2,91,329782.453740,329782.633748,329782.686919,met,0.001324
b17,L1,137,329783.453712,329783.660098,329783.728170,met,0.027396
b17,L1,138,329785.453712,329785.554973,329785.613786,met,0.007379
b17,L2,92,329785.453740,329785.628613,329785.677365,met,0.001182
b17,L1,139,329787.453712,329787.531214,329787.590620,met,0.009231
b17,L2,93,329788.453740,329788.558497,329788.603277,met,0.001240
b17,L1,140,329789.453712,329789.632095,329789.677309,met,0.003413
b17,L2,94,329791.453740,329791.530980,329791.572530,met,0.001224
b17,L1,141,329791.453712,329791.553893,329791.598788,met,0.003556
b17,L1,142,329793.453712,329793.659826,329793.700853,met,0.001256
b17,L2,95,329794.453740,329794.644061,329795.693298,met,1.002396
b17,L1,143,329795.453712,329795.519401,329795.893479,met,0.331545
b17,L2,96,329797.453740,329797.610045,329797.656072,met,0.001581
b17,L1,144,329797.453712,329797.614319,329797.656751,met,0.003655
b17,L1,145,329799.453712,329799.660773,329799.705276,met,0.003258
b17,L2,97,329800.453740,329800.560778,329800.601713,met,0.001157
b17,L1,146,329801.453712,329801.542975,329801.587755,met,0.002186
b17,L1,147,329803.453712,329803.530000,329803.591638,met,0.019126
b17,L2,98,329803.453740,329803.552450,329803.598744,met,0.000900
b17,L1,148,329805.453712,329805.560485,329805.606183,met,0.003311
b17,L2,99,329806.453740,329806.653356,329806.696432,met,0.001430
b17,L1,149,329807.453712,329807.527923,329807.585912,met,0.016063
b18,L1,0,329807.971831,329808.034843,329808.105816,met,0.020802
b18,L2,0,329807.971831,329808.034922,329808.105748,met,0.020998
b18,L1,1,329809.971831,329810.110425,329810.151170,met,0.001273
b18,L2,1,329810.971831,329811.190978,329811.420529,met,0.182183
b18,L1,2,329811.971831,329812.049650,329812.094952,met,0.000937
b18,L1,3,329813.971831,329814.164468,329814.216063,met,0.002247
b18,L2,2,329813.971831,329814.165072,329814.216130,met,0.000928
b18,L1,4,329815.971831,329816.044047,329816.086671,met,0.001369
b18,L2,3,329816.971831,329817.064784,329817.115459,met,0.006136
b18,L1,5,329817.971831,329818.095973,329818.138976,met,0.001889
b18,L2,4,329819.971831,329820.080127,329820.127192,met,0.001091
b18,L1,6,329819.971831,329820.044010,329820.127130,met,0.034637
b18,L1,7,329821.971831,329822.169085,329822.213010,met,0.001495
b18,L2,5,329822.971831,329823.102899,329823.174423,met,0.027906
b18,L1,8,329823.971831,329824.168858,329824.216837,met,0.003151
b18,L1,9,329825.971831,329826.044479,329826.750781,missed,0.644136
b18,L2,6,329825.971831,329826.044721,329827.065454,met,0.965762
b18,L1,10,329827.971831,329828.167058,329828.211431,met,0.001788
b18,L2,7,329828.971831,329829.146066,329829.186449,met,0.001200
b18,L1,11,329829.971831,329830.065401,329830.108024,met,0.003789
b18,L2,8,329831.971831,329832.181870,329832.235842,met,0.002182
b18,L1,12,329831.971831,329832.181871,329832.235804,met,0.001588
b18,L1,13,329833.971831,329834.058631,329834.106662,met,0.003315
b18,L2,9,329834.971831,329835.096302,329835.140424,met,0.001238
b18,L1,14,329835.971831,329836.053718,329836.097976,met,0.002116
b18,L1,15,329837.971831,329838.055163,329838.099981,met,0.001805
b18,L2,10,329837.971831,329838.162482,329838.206225,met,0.000845
b18,L1,16,329839.971831,329840.072860,329840.126834,met,0.001352
b18,L2,11,329840.971831,329841.073305,329841.229822,met,0.116308
b18,L1,17,329841.971831,329842.044156,329842.408309,met,0.315043
b18,L1,18,329843.971831,329844.080527,329844.124683,met,0.003332
b18,L2,12,329843.971831,329844.122454,329844.165612,met,0.001225
b18,L1,19,329845.971831,329846.079394,329846.122872,met,0.001411
b18,L2,13,329846.971831,329847.127665,329847.169397,met,0.001188
b18,L1,20,329847.971831,329848.168364,329848.211083,met,0.002117
b18,L2,14,329849.971831,329850.115734,329850.158308,met,0.001476
b18,L1,21,329849.971831,329850.139559,329850.184162,met,0.001438
b18,L1,22,329851.971831,329852.056872,329852.102333,met,0.002971
b18,L2,15,329852.971831,329853.155655,329853.200649,met,0.000821
b18,L1,23,329853.971831,329854.130062,329854.174935,met,0.003298
b18,L2,16,329855.971831,329856.039795,329856.080147,met,0.001153
b18,L1,24,329855.971831,329856.150897,329856.192192,met,0.001401
b18,L1,25,329857.971831,329858.068353,329858.160473,met,0.048690
b18,L2,17,329858.971831,329859.057579,329859.099172,met,0.001158
b18,L1,26,329859.971831,329860.079225,329860.119525,met,0.001281
b18,L1,27,329861.971831,329862.027858,329862.075117,met,0.003306
b18,L2,18,329861.971831,329862.037719,329862.083041,met,0.001098
b18,L1,28,329863.971831,329864.143961,329864.189347,met,0.003444
b18,L2,19,329864.971831,329865.147468,329865.188590,met,0.001238
b18,L1,29,329865.971831,329866.080200,329866.121395,met,0.001406
b18,L1,30,329867.971831,329868.141607,329868.183801,met,0.002130
b18,L2,20,329867.971831,329868.138166,329868.184004,met,0.000879
b18,L1,31,329869.971831,329870.164965,329870.207402,met,0.003077
b18,L2,21,329870.971831,329871.110796,329871.226873,met,0.072990
b18,L1,32,329871.971831,329872.144598,329872.189276,met,0.000972
b18,L2,22,329873.971831,329874.058522,329874.106292,met,0.001225
b18,L1,33,329873.971831,329874.065963,329874.116694,met,0.003303
b18,L1,34,329875.971831,329876.065890,329876.113071,met,0.003127
b18,L2,23,329876.971831,329877.087907,329877.128840,met,0.001184
b18,L1,35,329877.971831,329878.047826,329878.089613,met,0.001276
b18,L2,24,329879.971831,329880.044156,329880.082244,met,0.001199
b18,L1,36,329879.971831,329880.157914,329880.199350,met,0.003280
b18,L1,37,329881.971831,329882.109918,329882.151362,met,0.003214
b18,L2,25,329882.971831,329883.084832,329883.190743,met,0.061932
b18,L1,38,329883.971831,329884.111594,329884.157069,met,0.003477
b18,L2,26,329885.971831,329886.139798,329886.183495,met,0.001192
b18,L1,39,329885.971831,329886.175208,329886.220985,met,0.003181
b18,L1,40,329887.971831,329888.035412,329888.740980,missed,0.647613
b18,L2,27,329888.971831,329889.069367,329889.164061,met,0.052421
b18,L1,41,329889.971831,329890.059949,329890.101132,met,0.001468
b18,L2,28,329891.971831,329892.181346,329892.232156,met,0.001872
b18,L1,42,329891.971831,329892.181358,329892.234432,met,0.005172
b18,L1,43,329893.971831,329894.139555,329894.182999,met,0.003305
b18,L2,29,329894.971831,329895.197417,329895.240226,met,0.001295
b18,L1,44,329895.971831,329896.145767,329896.188806,met,0.003680
b18,L2,30,329897.971831,329898.043347,329898.084481,met,0.001302
b18,L1,45,329897.971831,329898.143814,329898.185654,met,0.003285
b18,L1,46,329899.971831,329900.152360,329900.199563,met,0.003139
b18,L2,31,329900.971831,329901.154124,329901.229499,met,0.034811
b18,L1,47,329901.971831,329902.060853,329902.105279,met,0.001192
b18,L2,32,329903.971831,329904.055167,329904.097973,met,0.001605
b18,L1,48,329903.971831,329904.160078,329904.316622,met,0.116025
b18,L1,49,329905.971831,329906.180069,329906.220266,met,0.001302
b18,L2,33,329906.971831,329907.164302,329907.206266,met,0.000837
b18,L1,50,329907.971831,329908.093115,329908.134557,met,0.002980
b18,L2,34,329909.971831,329910.063463,329910.123630,met,0.017554
b18,L1,51,329909.971831,329910.147115,329910.192541,met,0.003368
b18,L1,52,329911.971831,329912.060562,329912.123783,met,0.022856
b18,L2,35,329912.971831,329913.177410,329913.220410,met,0.001250
b18,L1,53,329913.971831,329914.041902,329914.086193,met,0.003497
b18,L1,54,329915.971831,329916.031471,329916.075251,met,0.003289
b18,L2,36,329915.971831,329916.179014,329916.220472,met,0.001177
b18,L1,55,329917.971831,329918.057589,329918.097595,met,0.001325
b18,L2,37,329918.971831,329919.039416,329920.068577,met,0.980200
b18,L1,56,329919.971831,329920.072892,329920.276836,met,0.162788
b18,L1,57,329921.971831,329922.061853,329922.110881,met,0.001420
b18,L2,38,329921.971831,329922.061912,329922.110945,met,0.001932
b18,L1,58,329923.971831,329924.082837,329924.125076,met,0.003239
b18,L2,39,329924.971831,329925.053230,329925.093339,met,0.001278
b18,L1,59,329925.971831,329926.078869,329926.123360,met,0.003311
b18,L1,60,329927.971831,329928.038846,329928.080906,met,0.001423
b18,L2,40,329927.971831,329928.054930,329928.099646,met,0.001157
b18,L1,61,329929.971831,329930.035286,329930.077715,met,0.001760
b18,L2,41,329930.971831,329931.096246,329931.225350,met,0.087932
b18,L1,62,329931.971831,329932.155842,329932.198984,met,0.001815
b18,L2,42,329933.971831,329934.069638,329934.109237,met,0.001152
b18,L1,63,329933.971831,329934.103903,329934.145738,met,0.001222
b18,L1,64,329935.971831,329936.069530,329936.112044,met,0.003211
b18,L2,43,329936.971831,329937.059972,329937.101070,met,0.001143
b18,L1,65,329937.971831,329938.028368,329938.070335,met,0.003309
b18,L1,66,329939.971831,329940.031525,329940.071703,met,0.001817
b18,L2,44,329939.971831,329940.137033,329940.175985,met,0.001079
b18,L1,67,329941.971831,329942.069310,329942.112405,met,0.003061
b18,L2,45,329942.971831,329943.128732,329943.169216,met,0.001124
b18,L1,68,329943.971831,329944.081494,329944.124934,met,0.003066
b18,L2,46,329945.971831,329946.030961,329946.073944,met,0.001158
b18,L1,69,329945.971831,329946.034017,329946.076332,met,0.003185
b18,L1,70,329947.971831,329948.050919,329948.093052,met,0.002397
b18,L2,47,329948.971831,329949.129031,329949.168515,met,0.001160
b18,L1,71,329949.971831,329950.030309,329950.695198,missed,0.611252
b18,L1,72,329951.971831,329952.071167,329952.110512,met,0.001342
b18,L2,48,329951.971831,329952.076158,329952.118389,met,0.001014
b18,L1,73,329953.971831,329954.074478,329954.116165,met,0.001773
b18,L2,49,329954.971831,329955.080354,329955.120621,met,0.001196
b18,L1,74,329955.971831,329956.058056,329956.101795,met,0.001980
b18,L2,50,329957.971831,329958.111296,329958.152753,met,0.001241
b18,L1,75,329957.971831,329958.166812,329958.210008,met,0.003318
b18,L1,76,329959.971831,329960.033941,329960.076023,met,0.001847
b18,L2,51,329960.971831,329961.033126,329961.074653,met,0.000819
b18,L1,77,329961.971831,329962.040134,329962.081296,met,0.000880
b18,L1,78,329963.971831,329964.056316,329964.106373,met,0.002938
b18,L2,52,329963.971831,329964.056182,329964.106310,met,0.003355
b18,L1,79,329965.971831,329966.041022,329966.119877,met,0.036235
b18,L2,53,329966.971831,329967.079235,329967.122909,met,0.002910
b18,L1,80,329967.971831,329968.125420,329968.167230,met,0.001479
b18,L2,54,329969.971831,329970.067238,329970.110027,met,0.001182
b18,L1,81,329969.971831,329970.085396,329970.131727,met,0.003232
b18,L1,82,329971.971831,329972.177979,329972.220026,met,0.003283
b18,L2,55,329972.971831,329973.124512,329973.167333,met,0.001335
b18,L1,83,329973.971831,329974.079150,329974.118549,met,0.001417
b18,L2,56,329975.971831,329976.031129,329976.076196,met,0.000852
b18,L1,84,329975.971831,329976.034904,329976.089528,met,0.013264
b18,L1,85,329977.971831,329978.091747,329978.428607,met,0.292079
b18,L2,57,329978.971831,329979.109463,329979.149877,met,0.001231
b18,L1,86,329979.971831,329980.081285,329980.124680,met,0.003313
b18,L1,87,329981.971831,329982.037080,329982.155367,met,0.078279
b18,L2,58,329981.971831,329982.074637,329982.363991,met,0.248910
b18,L1,88,329983.971831,329984.056845,329984.097791,met,0.001358
b18,L2,59,329984.971831,329985.079052,329985.119312,met,0.001211
b18,L1,89,329985.971831,329986.070023,329986.109201,met,0.001294
b18,L2,60,329987.971831,329988.055792,329988.096215,met,0.001088
b18,L1,90,329987.971831,329988.159347,329988.203838,met,0.003506
b18,L1,91,329989.971831,329990.080644,329990.119385,met,0.001307
b18,L2,61,329990.971831,329991.042593,329991.086671,met,0.003895
b18,L1,92,329991.971831,329992.039737,329992.092533,met,0.012349
b18,L2,62,329993.971831,329994.042722,329994.109873,met,0.006711
b18,L1,93,329993.971831,329994.042778,329994.109960,met,0.007981
b18,L1,94,329995.971831,329996.114007,329996.153029,met,0.001310
b18,L2,63,329996.971831,329997.099052,329997.138854,met,0.000815
b18,L1,95,329997.971831,329998.065980,329998.109665,met,0.003466
b18,L1,96,329999.971831,330000.028907,330000.071421,met,0.001872
b18,L2,64,329999.971831,330000.035183,330000.077674,met,0.000875
b18,L1,97,330001.971831,330002.070984,330002.124759,met,0.011262
b18,L2,65,330002.971831,330003.035730,330003.076081,met,0.000845
b18,L1,98,330003.971831,330004.133855,330004.176081,met,0.003311
b18,L2,66,330005.971831,330006.072430,330006.119865,met,0.001333
b18,L1,99,330005.971831,330006.072431,330006.120899,met,0.004122
b18,L1,100,330007.971831,330008.041620,330008.084123,met,0.003322
b18,L2,67,330008.971831,330009.072893,330009.113607,met,0.001209
b18,L1,101,330009.971831,330010.059676,330010.103369,met,0.003232
b18,L1,102,330011.971831,330012.046762,330012.736487,missed,0.632315
b18,L2,68,330011.971831,330012.095287,330013.403390,met,1.261783
b18,L1,103,330013.971831,330014.098699,330014.139721,met,0.001366
b18,L2,69,330014.971831,330015.108510,330015.149317,met,0.001237
b18,L1,104,330015.971831,330016.030302,330016.071677,met,0.001823
b18,L1,105,330017.971831,330018.024602,330018.069331,met,0.001904
b18,L2,70,330017.971831,330018.049316,330018.092357,met,0.000870
b18,L1,106,330019.971831,330020.037919,330020.082957,met,0.003601
b18,L2,71,330020.971831,330021.042464,330021.083095,met,0.001218
b18,L1,107,330021.971831,330022.165388,330022.210592,met,0.001793
b18,L2,72,330023.971831,330024.038807,330024.085896,met,0.001201
b18,L1,108,330023.971831,330024.038800,330024.089028,met,0.003541
b18,L1,109,330025.971831,330026.042890,330026.085413,met,0.003428
b18,L2,73,330026.971831,330027.200656,330027.258206,met,0.001821
b18,L1,110,330027.971831,330028.077553,330028.122351,met,0.001819
b18,L2,74,330029.971831,330030.180073,330030.229057,met,0.001781
b18,L1,111,330029.971831,330030.180076,330030.229045,met,0.001391
b18,L1,112,330031.971831,330032.177027,330032.221859,met,0.003340
b18,L2,75,330032.971831,330033.077752,330033.116873,met,0.000836
b18,L1,113,330033.971831,330034.104810,330034.148188,met,0.003319
b18,L1,114,330035.971831,330036.171472,330036.220371,met,0.002490
b18,L2,76,330035.971831,330036.170053,330036.220370,met,0.001308
b18,L1,115,330037.971831,330038.067729,330038.112262,met,0.003577
b18,L2,77,330038.971831,330039.048774,330039.089594,met,0.001143
b18,L1,116,330039.971831,330040.051882,330040.091722,met,0.001738
b18,L1,117,330041.971831,330042.051279,330042.091988,met,0.001400
b18,L2,78,330041.971831,330042.108616,330042.151910,met,0.001156
b18,L1,118,330043.971831,330044.036144,330044.592228,missed,0.502231
b18,L2,79,330044.971831,330045.104530,330045.146011,met,0.001187
b18,L1,119,330045.971831,330046.128054,330046.188061,met,0.021359
b18,L1,120,330047.971831,330048.039269,330048.082954,met,0.003507
b18,L2,80,330047.971831,330048.059906,330048.101187,met,0.001243
b18,L1,121,330049.971831,330050.099030,330050.748357,missed,0.597230
b18,L2,81,330050.971831,330051.177868,330051.234684,met,0.015112
b18,L1,122,330051.971831,330052.132054,330052.175106,met,0.000914
b18,L2,82,330053.971831,330054.065175,330054.148600,met,0.041266
b18,L1,123,330053.971831,330054.097859,330054.148599,met,0.012549
b18,L1,124,330055.971831,330056.052705,330056.094908,met,0.001311
b18,L2,83,330056.971831,330057.077647,330057.170467,met,0.048772
b18,L1,125,330057.971831,330058.062306,330058.105552,met,0.003374
b18,L1,126,330059.971831,330060.039994,330060.085818,met,0.002194
b18,L2,84,330059.971831,330060.040087,330060.085903,met,0.000879
b18,L1,127,330061.971831,330062.032192,330062.078077,met,0.001931
b18,L2,85,330062.971831,330063.132618,330063.172396,met,0.001241
b18,L1,128,330063.971831,330064.137699,330064.227868,met,0.050273
b18,L1,129,330065.971831,330066.036152,330066.078654,met,0.003992
b18,L2,86,330065.971831,330066.080928,330066.121884,met,0.001257
b18,L1,130,330067.971831,330068.037915,330068.081105,met,0.001718
b18,L2,87,330068.971831,330069.084724,330069.234869,met,0.109387
b18,L1,131,330069.971831,330070.044103,330070.086980,met,0.003976
b18,L2,88,330071.971831,330072.031061,330072.071941,met,0.001224
b18,L1,132,330071.971831,330072.081707,330072.122782,met,0.003202
b18,L1,133,330073.971831,330074.102838,330074.805831,missed,0.646292
b18,L2,89,330074.971831,330075.077769,330075.616192,met,0.494853
b18,L1,134,330075.971831,330076.039761,330076.078811,met,0.001291
b18,L2,90,330077.971831,330078.036536,330078.094842,met,0.009333
b18,L1,135,330077.971831,330078.036595,330078.101476,met,0.017012
b18,L1,136,330079.971831,330080.032509,330080.074083,met,0.001383
b18,L2,91,330080.971831,330081.062620,330081.255685,met,0.145400
b18,L1,137,330081.971831,330082.044837,330082.087108,met,0.000913
b18,L1,138,330083.971831,330084.043192,330084.094130,met,0.010449
b18,L2,92,330083.971831,330084.139828,330084.180932,met,0.000825
b18,L1,139,330085.971831,330086.052938,330086.096303,met,0.003276
b18,L2,93,330086.971831,330087.058969,330087.106639,met,0.003711
b18,L1,140,330087.971831,330088.083310,330088.127124,met,0.003036
b18,L2,94,330089.971831,330090.035183,330090.138766,met,0.060702
b18,L1,141,330089.971831,330090.103772,330090.249569,met,0.104969
b18,L1,142,330091.971831,330092.066764,330092.107167,met,0.001530
b18,L2,95,330092.971831,330093.105455,330093.148769,met,0.001275
b18,L1,143,330093.971831,330094.040170,330094.082275,met,0.001346
b18,L2,96,330095.971831,330096.031705,330096.098515,met,0.022400
b18,L1,144,330095.971831,330096.067457,330096.140744,met,0.029802
b18,L1,145,330097.971831,330098.040329,330098.081712,met,0.001319
b18,L2,97,330098.971831,330099.099680,330099.143757,met,0.000811
b18,L1,146,330099.971831,330100.166145,330100.305719,met,0.097666
b18,L2,98,330101.971831,330102.104382,330102.152978,met,0.001936
b18,L1,147,330101.971831,330102.104418,330102.152966,met,0.001665
b18,L1,148,330103.971831,330104.080746,330104.122905,met,0.001364
b18,L2,99,330104.971831,330105.054898,330106.469448,met,1.366374
b18,L1,149,330105.971831,330106.157718,330106.679754,met,0.476856
b19,L2,0,330107.052837,330107.113617,330107.160842,met,0.001221
b19,L1,0,330107.052710,330107.113553,330107.160736,met,0.001986
b19,L1,1,330109.052710,330109.133257,330109.203050,met,0.027944
b19,L2,1,330110.052837,330110.163337,330110.205555,met,0.002770
b19,L1,2,330111.052710,330111.135065,330111.411189,met,0.231565
b19,L2,2,330113.052837,330113.130587,330113.172165,met,0.001186
b19,L1,3,330113.052710,330113.249433,330113.294786,met,0.003270
b19,L1,4,330115.052710,330115.235600,330115.275959,met,0.001834
b19,L2,3,330116.052837,330116.257885,330116.331611,met,0.032544
b19,L1,5,330117.052710,330117.120788,330117.163293,met,0.003718
b19,L1,6,330119.052710,330119.134050,330119.181841,met,0.003026
b19,L2,4,330119.052837,330119.130926,330119.181743,met,0.001585
b19,L1,7,330121.052710,330121.264930,330121.342552,met,0.037502
b19,L2,5,330122.052837,330122.139685,330122.180173,met,0.000850
b19,L1,8,330123.052710,330123.107222,330123.150225,met,0.001544
b19,L2,6,330125.052837,330125.172085,330125.213425,met,0.001199
b19,L1,9,330125.052710,330125.184169,330125.227835,met,0.001347
b19,L1,10,330127.052710,330127.171489,330127.215343,met,0.003473
b19,L2,7,330128.052837,330128.186501,330128.226962,met,0.001196
b19,L1,11,330129.052710,330129.110259,330129.328976,met,0.174963
b19,L2,8,330131.052837,330131.133699,330131.180730,met,0.001233
b19,L1,12,330131.052710,330131.133723,330131.183092,met,0.004037
b19,L1,13,330133.052710,330133.163198,330133.205210,met,0.001692
b19,L2,9,330134.052837,330134.237414,330134.278557,met,0.001160
b19,L1,14,330135.052710,330135.169856,330135.210399,met,0.001309
b19,L1,15,330137.052710,330137.178092,330137.670787,met,0.445513
b19,L2,10,330137.052837,330137.178305,330137.670812,met,0.444008
b19,L1,16,330139.052710,330139.191800,330139.232226,met,0.001435
b19,L2,11,330140.052837,330140.125705,330140.182578,met,0.009797
b19,L1,17,330141.052710,330141.145063,330141.294486,met,0.106585
b19,L1,18,330143.052710,330143.129813,330143.209906,met,0.037564
b19,L2,12,330143.052837,330143.203108,330143.244893,met,0.000816
b19,L1,19,330145.052710,330145.120647,330145.162339,met,0.001364
b19,L2,13,330146.052837,330146.116818,330146.174169,met,0.014809
b19,L1,20,330147.052710,330147.131532,330147.230887,met,0.059143
b19,L1,21,330149.052710,330149.114781,330149.169760,met,0.011106
b19,L2,14,330149.052837,330149.131502,330149.212481,met,0.038692
b19,L1,22,330151.052710,330151.219184,330151.261909,met,0.001355
b19,L2,15,330152.052837,330152.120146,330152.168467,met,0.005928
b19,L1,23,330153.052710,330153.253708,330153.295521,met,0.003269
b19,L1,24,330155.052710,330155.165930,330155.215133,met,0.001927
b19,L2,16,330155.052837,330155.165960,330155.215133,met,0.000810
b19,L1,25,330157.052710,330157.121115,330157.162312,met,0.001455
b19,L2,17,330158.052837,330158.221257,330158.262138,met,0.000859
b19,L1,26,330159.052710,330159.111071,330159.153015,met,0.003199
b19,L2,18,330161.052837,330161.117176,330161.169817,met,0.010232
b19,L1,27,330161.052710,330161.131884,330161.212465,met,0.038066
b19,L1,28,330163.052710,330163.173589,330163.214784,met,0.003244
b19,L2,19,330164.052837,330164.117273,330164.173848,met,0.013246
b19,L1,29,330165.052710,330165.142474,330165.186605,met,0.005030
b19,L1,30,330167.052710,330167.241547,330167.947431,missed,0.649660
b19,L2,20,330167.052837,330167.166392,330168.444828,met,1.230480
b19,L1,31,330169.052710,330169.238950,330169.279078,met,0.001367
b19,L2,21,330170.052837,330170.133648,330170.174269,met,0.001218
b19,L1,32,330171.052710,330171.133573,330171.275250,met,0.098563
b19,L2,22,330173.052837,330173.152342,330173.290437,met,0.095298
b19,L1,33,330173.052710,330173.190233,330173.326231,met,0.095505
b19,L1,34,330175.052710,330175.188039,330175.230772,met,0.003061
b19,L2,23,330176.052837,330176.229569,330176.269163,met,0.001142
b19,L1,35,330177.052710,330177.112062,330177.167001,met,0.010880
b19,L1,36,330179.052710,330179.124130,330179.167590,met,0.003495
b19,L2,24,330179.052837,330179.220291,330179.260810,met,0.001166
b19,L1,37,330181.052710,330181.146309,330181.190178,met,0.003344
b19,L2,25,330182.052837,330182.200156,330182.241821,met,0.001196
b19,L1,38,330183.052710,330183.166321,330183.293950,met,0.086306
b19,L1,39,330185.052710,330185.136152,330185.183769,met,0.002033
b19,L2,26,330185.052837,330185.136151,330185.183778,met,0.001266
b19,L1,40,330187.052710,330187.135022,330187.176665,met,0.003231
b19,L2,27,330188.052837,330188.123195,330188.226341,met,0.064480
b19,L1,41,330189.052710,330189.127652,330189.822224,missed,0.638044
b19,L2,28,330191.052837,330191.113000,330191.154076,met,0.001224
b19,L1,42,330191.052710,330191.149615,330191.193063,met,0.003417
b19,L1,43,330193.052710,330193.229322,330193.318755,met,0.047838
b19,L2,29,330194.052837,330194.243066,330194.286170,met,0.001533
b19,L1,44,330195.052710,330195.166486,330195.216000,met,0.009845
b19,L1,45,330197.052710,330197.133001,330197.173312,met,0.001356
b19,L2,30,330197.052837,330197.232999,330197.273981,met,0.001201
b19,L1,46,330199.052710,330199.242175,330199.714692,met,0.426910
b19,L2,31,330200.052837,330200.198864,330200.240710,met,0.001201
b19,L1,47,330201.052710,330201.109836,330201.153122,met,0.004070
b19,L2,32,330203.052837,330203.113999,330203.163151,met,0.004090
b19,L1,48,330203.052710,330203.113950,330203.163212,met,0.003460
b19,L1,49,330205.052710,330205.118694,330205.162311,met,0.003200
b19,L2,33,330206.052837,330206.167972,330206.209005,met,0.001278
b19,L1,50,330207.052710,330207.242655,330207.286178,met,0.003530
b19,L1,51,330209.052710,330209.119714,330209.163741,met,0.003526
b19,L2,34,330209.052837,330209.199259,330209.360407,met,0.120601
b19,L1,52,330211.052710,330211.117347,330211.160295,met,0.003217
b19,L2,35,330212.052837,330212.203281,330212.246470,met,0.001317
b19,L1,53,330213.052710,330213.139599,330213.183148,met,0.001801
b19,L2,36,330215.052837,330215.133753,330215.175943,met,0.000896
b19,L1,54,330215.052710,330215.183026,330215.227101,met,0.001933
b19,L1,55,330217.052710,330217.111027,330217.151675,met,0.001378
b19,L2,37,330218.052837,330218.164571,330218.206481,met,0.001202
b19,L1,56,330219.052710,330219.188818,330219.231273,met,0.001879
b19,L1,57,330221.052710,330221.113091,330221.157061,met,0.003439
b19,L2,38,330221.052837,330221.241808,330221.282914,met,0.001198
b19,L1,58,330223.052710,330223.197141,330223.294198,met,0.057949
b19,L2,39,330224.052837,330224.216733,330224.257961,met,0.001250
b19,L1,59,330225.052710,330225.111884,330225.154573,met,0.003351
b19,L1,60,330227.052710,330227.113854,330227.158921,met,0.003436
b19,L2,40,330227.052837,330227.137417,330227.179409,met,0.001235
b19,L1,61,330229.052710,330229.158584,330229.859415,missed,0.646706
b19,L2,41,330230.052837,330230.167191,330230.857968,met,0.637794
b19,L1,62,330231.052710,330231.211678,330231.292366,met,0.040430
b19,L2,42,330233.052837,330233.212369,330233.254285,met,0.001268
b19,L1,63,330233.052710,330233.254283,330233.298400,met,0.001345
b19,L1,64,330235.052710,330235.231943,330235.332158,met,0.059465
b19,L2,43,330236.052837,330236.167508,330236.210260,met,0.001294
b19,L1,65,330237.052710,330237.204893,330237.248343,met,0.001822
b19,L1,66,330239.052710,330239.196252,330239.239488,met,0.001689
b19,L2,44,330239.052837,330239.251773,330239.302660,met,0.001295
b19,L1,67,330241.052710,330241.243722,330241.286526,met,0.003428
b19,L2,45,330242.052837,330242.134135,330242.175135,met,0.001153
b19,L1,68,330243.052710,330243.118409,330243.160620,met,0.003390
b19,L2,46,330245.052837,330245.122753,330245.165586,met,0.001191
b19,L1,69,330245.052710,330245.154392,330245.196643,met,0.001309
b19,L1,70,330247.052710,330247.196234,330247.241931,met,0.003740
b19,L2,47,330248.052837,330248.115259,330248.155719,met,0.001254
b19,L1,71,330249.052710,330249.144910,330249.188790,met,0.003396
b19,L1,72,330251.052710,330251.123477,330251.170166,met,0.003470
b19,L2,48,330251.052837,330251.132206,330251.175798,met,0.001160
b19,L1,73,330253.052710,330253.118076,330253.160846,met,0.003100
b19,L2,49,330254.052837,330254.113542,330254.154674,met,0.001181
b19,L1,74,330255.052710,330255.135300,330255.178894,met,0.003653
b19,L1,75,330257.052710,330257.254987,330257.308591,met,0.003007
b19,L2,50,330257.052837,330257.254988,330257.308752,met,0.003473
b19,L1,76,330259.052710,330259.174918,330259.220498,met,0.003923
b19,L2,51,330260.052837,330260.172695,330260.216137,met,0.001152
b19,L1,77,330261.052710,330261.165550,330261.864879,missed,0.642638
b19,L1,78,330263.052710,330263.193404,330263.241525,met,0.002142
b19,L2,52,330263.052837,330263.224626,330263.272650,met,0.000889
b19,L1,79,330265.052710,330265.255125,330265.301460,met,0.001277
b19,L2,53,330266.052837,330266.247478,330266.418582,met,0.121411
b19,L1,80,330267.052710,330267.249508,330267.296435,met,0.003220
b19,L2,54,330269.052837,330269.130126,330269.172196,met,0.001115
b19,L1,81,330269.052710,330269.252438,330269.303693,met,0.007710
b19,L1,82,330271.052710,330271.216892,330271.293375,met,0.032535
b19,L2,55,330272.052837,330272.156956,330272.200328,met,0.001163
b19,L1,83,330273.052710,330273.138964,330273.182371,met,0.002988
b19,L2,56,330275.052837,330275.129635,330275.172888,met,0.001160
b19,L1,84,330275.052710,330275.179105,330275.225579,met,0.001241
b19,L1,85,330277.052710,330277.122050,330277.168171,met,0.003071
b19,L2,57,330278.052837,330278.255054,330278.299076,met,0.001192
b19,L1,86,330279.052710,330279.245453,330279.287457,met,0.001353
b19,L1,87,330281.052710,330281.174105,330281.219847,met,0.003336
b19,L2,58,330281.052837,330281.251691,330281.297300,met,0.003047
b19,L1,88,330283.052710,330283.228651,330283.273601,met,0.003254
b19,L2,59,330284.052837,330284.121740,330284.164524,met,0.001209
b19,L1,89,330285.052710,330285.255745,330285.300396,met,0.001347
b19,L2,60,330287.052837,330287.255751,330287.306326,met,0.004035
b19,L1,90,330287.052710,330287.255758,330287.306308,met,0.003551
b19,L1,91,330289.052710,330289.234281,330289.278498,met,0.003218
b19,L2,61,330290.052837,330290.249591,330290.291523,met,0.001221
b19,L1,92,330291.052710,330291.252024,330291.907073,missed,0.588717
b19,L2,62,330293.052837,330293.250834,330293.296660,met,0.000923
b19,L1,93,330293.052710,330293.264875,330293.312553,met,0.000886
b19,L1,94,330295.052710,330295.152349,330295.194747,met,0.001427
b19,L2,63,330296.052837,330296.150208,330296.194681,met,0.001232
b19,L1,95,330297.052710,330297.257547,330297.300273,met,0.002011
b19,L2,64,330299.052837,330299.124660,330299.165380,met,0.001184
b19,L1,96,330299.052710,330299.161424,330299.207487,met,0.003271
b19,L1,97,330301.052710,330301.191192,330301.233253,met,0.001324
b19,L2,65,330302.052837,330302.199682,330302.242089,met,0.001250
b19,L1,98,330303.052710,330303.115553,330303.159784,met,0.003444
b19,L2,66,330305.052837,330305.182069,330305.224145,met,0.001228
b19,L1,99,330305.052710,330305.247919,330305.294142,met,0.003229
b19,L1,100,330307.052710,330307.115150,330307.156581,met,0.001255
b19,L2,67,330308.052837,330308.185850,330308.299120,met,0.070595
b19,L1,101,330309.052710,330309.249883,330309.294091,met,0.002975
b19,L2,68,330311.052837,330311.252994,330311.300304,met,0.001601
b19,L1,102,330311.052710,330311.251771,330311.301536,met,0.004765
b19,L1,103,330313.052710,330313.266868,330313.311622,met,0.003669
b19,L2,69,330314.052837,330314.268996,330314.317513,met,0.001546
b19,L1,104,330315.052710,330315.249910,330315.295694,met,0.003313
b19,L1,105,330317.052710,330317.126155,330317.172819,met,0.003019
b19,L2,70,330317.052837,330317.253398,330317.298426,met,0.001257
b19,L1,106,330319.052710,330319.156223,330319.201738,met,0.003792
b19,L2,71,330320.052837,330320.149900,330320.191626,met,0.001114
b19,L1,107,330321.052710,330321.202967,330321.247948,met,0.003156
b19,L1,108,330323.052710,330323.226334,330323.861270,missed,0.570324
b19,L2,72,330323.052837,330323.226243,330324.040455,met,0.762390
b19,L1,109,330325.052710,330325.117524,330325.161174,met,0.001396
b19,L2,73,330326.052837,330326.165179,330326.206943,met,0.001275
b19,L1,110,330327.052710,330327.114484,330327.159472,met,0.003424
b19,L2,74,330329.052837,330329.148378,330329.190117,met,0.001244
b19,L1,111,330329.052710,330329.206643,330329.250176,met,0.003225
b19,L1,112,330331.052710,330331.172267,330331.215542,met,0.003332
b19,L2,75,330332.052837,330332.183297,330332.222300,met,0.001227
b19,L1,113,330333.052710,330333.113563,330333.158710,met,0.002089
b19,L1,114,330335.052710,330335.176100,330335.216397,met,0.001383
b19,L2,76,330335.052837,330335.252857,330335.293039,met,0.001158
b19,L1,115,330337.052710,330337.180727,330337.223449,met,0.001319
b19,L2,77,330338.052837,330338.108974,330338.150767,met,0.001263
b19,L1,116,330339.052710,330339.172811,330339.216370,met,0.003263
b19,L1,117,330341.052710,330341.172112,330341.215779,met,0.003331
b19,L2,78,330341.052837,330341.248603,330341.289966,met,0.001205
b19,L1,118,330343.052710,330343.238721,330343.281206,met,0.003608
b19,L2,79,330344.052837,330344.176226,330344.217600,met,0.001166
b19,L1,119,330345.052710,330345.141123,330345.185915,met,0.003046
b19,L1,120,330347.052710,330347.120238,330347.160443,met,0.001263
b19,L2,80,330347.052837,330347.156425,330347.197677,met,0.001238
b19,L1,121,330349.052710,330349.143762,330349.186331,met,0.003330
b19,L2,81,330350.052837,330350.227487,330350.267054,met,0.001168
b19,L1,122,330351.052710,330351.122545,330351.164081,met,0.003391
b19,L2,82,330353.052837,330353.110475,330353.151621,met,0.001154
b19,L1,123,330353.052710,330353.215240,330353.254784,met,0.001279
b19,L1,124,330355.052710,330355.176387,330355.294113,met,0.074864
b19,L2,83,330356.052837,330356.117464,330356.160429,met,0.000872
b19,L1,125,330357.052710,330357.118376,330357.160299,met,0.001365
b19,L1,126,330359.052710,330359.140544,330359.185145,met,0.003447
b19,L2,84,330359.052837,330359.174705,330359.215977,met,0.001107
b19,L1,127,330361.052710,330361.179087,330361.221192,met,0.003335
b19,L2,85,330362.052837,330362.247710,330362.287897,met,0.001207
b19,L1,128,330363.052710,330363.189409,330363.231274,met,0.001289
b19,L1,129,330365.052710,330365.138203,330365.179385,met,0.003289
b19,L2,86,330365.052837,330365.178212,330365.220746,met,0.001353
b19,L1,130,330367.052710,330367.239658,330367.283036,met,0.003758
b19,L2,87,330368.052837,330368.168754,330368.208752,met,0.001182
b19,L1,131,330369.052710,330369.115677,330369.157901,met,0.001352
b19,L2,88,330371.052837,330371.117453,330371.159823,met,0.001219
b19,L1,132,330371.052710,330371.130218,330371.176093,met,0.003539
b19,L1,133,330373.052710,330373.130771,330373.173406,met,0.003276
b19,L2,89,330374.052837,330374.247254,330374.287582,met,0.001203
b19,L1,134,330375.052710,330375.115229,330375.158910,met,0.003212
b19,L2,90,330377.052837,330377.129189,330377.173711,met,0.001233
b19,L1,135,330377.052710,330377.160958,330377.205169,met,0.003182
b19,L1,136,330379.052710,330379.113651,330379.158453,met,0.003115
b19,L2,91,330380.052837,330380.151692,330380.192738,met,0.001167
b19,L1,137,330381.052710,330381.111259,330381.155853,met,0.003434
b19,L2,92,330383.052837,330383.207711,330383.250178,met,0.001173
b19,L1,138,330383.052710,330383.244385,330383.287931,met,0.003763
b19,L1,139,330385.052710,330385.158483,330385.865231,missed,0.647782
b19,L2,93,330386.052837,330386.130513,330386.367160,met,0.189218
b19,L1,140,330387.052710,330387.242694,330387.285407,met,0.000875
b19,L1,141,330389.052710,330389.159645,330389.205146,met,0.003298
b19,L2,94,330389.052837,330389.251327,330389.292932,met,0.001151
b19,L1,142,330391.052710,330391.262090,330391.304456,met,0.003507
b19,L2,95,330392.052837,330392.177854,330392.221400,met,0.001259
b19,L1,143,330393.052710,330393.243505,330393.287730,met,0.003560
b19,L1,144,330395.052710,330395.122548,330395.167347,met,0.003947
b19,L2,96,330395.052837,330395.142941,330395.185428,met,0.001168
b19,L1,145,330397.052710,330397.136253,330397.179309,met,0.003436
b19,L2,97,330398.052837,330398.138871,330398.180934,met,0.001173
b19,L1,146,330399.052710,330399.123788,330399.169561,met,0.003774
b19,L2,98,330401.052837,330401.118686,330401.556858,met,0.392422
b19,L1,147,330401.052710,330401.245793,330401.761757,met,0.469656
b19,L1,148,330403.052710,330403.174855,330403.216819,met,0.003421
b19,L2,99,330404.052837,330404.123746,330404.165372,met,0.001185
b19,L1,149,330405.052710,330405.204983,330405.246329,met,0.001289
b20,L2,0,330405.622621,330405.685759,330405.844122,met,0.110798
b20,L1,0,330405.622536,330405.685639,330405.844113,met,0.109536
b20,L1,1,330407.622536,330407.766572,330407.809502,met,0.003058
b20,L2,1,330408.622621,330408.687926,330408.752329,met,0.020337
b20,L1,2,330409.622536,330409.737740,330409.780539,met,0.003976
b20,L2,2,330411.622621,330411.689176,330411.736992,met,0.003884
b20,L1,3,330411.622536,330411.689041,330411.736942,met,0.003368
b20,L1,4,330413.622536,330413.813230,330413.858021,met,0.003373
b20,L2,3,330414.622621,330414.738346,330414.777442,met,0.001216
b20,L1,5,330415.622536,330415.715525,330416.396878,missed,0.625398
b20,L1,6,330417.622536,330417.693669,330417.736942,met,0.000981
b20,L2,4,330417.622621,330417.712229,330417.758638,met,0.000858
b20,L1,7,330419.622536,330419.683709,330419.725146,met,0.001316
b20,L2,5,330420.622621,330420.686195,330420.727884,met,0.001251
b20,L1,8,330421.622536,330421.697039,330421.880676,met,0.139970
b20,L1,9,330423.622536,330423.705777,330423.750308,met,0.003332
b20,L2,6,330423.622621,330423.810842,330423.851016,met,0.001189
b20,L1,10,330425.622536,330425.817879,330425.858978,met,0.001368
b20,L2,7,330426.622621,330426.715030,330426.768352,met,0.011987
b20,L1,11,330427.622536,330427.706692,330427.749035,met,0.003528
b20,L1,12,330429.622536,330429.792062,330429.841409,met,0.002794
b20,L2,8,330429.622621,330429.821485,330429.867646,met,0.001374
b20,L1,13,330431.622536,330431.822874,330431.866322,met,0.001934
b20,L2,9,330432.622621,330432.742811,330432.810652,met,0.026519
b20,L1,14,330433.622536,330433.750634,330433.794662,met,0.003310
b20,L1,15,330435.622536,330435.769538,330435.818915,met,0.003435
b20,L2,10,330435.622621,330435.769590,330435.818997,met,0.003854
b20,L1,16,330437.622536,330437.821173,330437.865903,met,0.004423
b20,L2,11,330438.622621,330438.726313,330438.767143,met,0.001117
b20,L1,17,330439.622536,330439.682380,330439.726099,met,0.003316
b20,L1,18,330441.622536,330441.693012,330441.798192,met,0.061606
b20,L2,12,330441.622621,330441.691955,330441.891968,met,0.156669
b20,L1,19,330443.622536,330443.826474,330443.869254,met,0.001313
b20,L2,13,330444.622621,330444.708150,330444.747103,met,0.001067
b20,L1,20,330445.622536,330445.827487,330445.872079,met,0.003325
b20,L1,21,330447.622536,330447.784452,330448.237323,met,0.403077
b20,L2,14,330447.622621,330447.784483,330448.443148,met,0.608944
b20,L1,22,330449.622536,330449.706862,330449.748082,met,0.000889
b20,L2,15,330450.622621,330450.795473,330450.834519,met,0.001159
b20,L1,23,330451.622536,330451.800421,330451.845145,met,0.003394
b20,L2,16,330453.622621,330453.744761,330453.793182,met,0.001283
b20,L1,24,330453.622536,330453.744916,330453.794247,met,0.003883
b20,L1,25,330455.622536,330455.689848,330455.730155,met,0.001322
b20,L2,17,330456.622621,330456.740271,330456.784409,met,0.001240
b20,L1,26,330457.622536,330457.721641,330457.815771,met,0.049480
b20,L2,18,330459.622621,330459.739601,330459.790215,met,0.001241
b20,L1,27,330459.622536,330459.739432,330459.790044,met,0.001931
b20,L1,28,330461.622536,330461.706914,330461.752365,met,0.003375
b20,L2,19,330462.622621,330462.838461,330462.886468,met,0.005769
b20,L1,29,330463.622536,330463.820120,330463.863217,met,0.001811
b20,L2,20,330465.622621,330465.694511,330465.739407,met,0.001298
b20,L1,30,330465.622536,330465.704834,330465.747889,met,0.001301
b20,L1,31,330467.622536,330467.686303,330467.729590,met,0.003559
b20,L2,21,330468.622621,330468.739786,330468.779869,met,0.001166
b20,L1,32,330469.622536,330469.823485,330469.865321,met,0.001876
b20,L1,33,330471.622536,330471.722478,330471.765755,met,0.001414
b20,L2,22,330471.622621,330471.747376,330471.790004,met,0.001183
b20,L1,34,330473.622536,330473.801262,330473.842507,met,0.003176
b20,L2,23,330474.622621,330474.832046,330474.875071,met,0.001228
b20,L1,35,330475.622536,330475.745200,330475.788536,met,0.001309
b20,L2,24,330477.622621,330477.686308,330477.732198,met,0.001214
b20,L1,36,330477.622536,330477.703614,330478.400458,missed,0.640911
b20,L1,37,330479.622536,330479.687874,330479.731301,met,0.000897
b20,L2,25,330480.622621,330480.684815,330480.729698,met,0.001423
b20,L1,38,330481.622536,330481.751891,330481.794873,met,0.001364
b20,L2,26,330483.622621,330483.692126,330483.742877,met,0.001233
b20,L1,39,330483.622536,330483.692020,330483.743215,met,0.003885
b20,L1,40,330485.622536,330485.800403,330485.846171,met,0.003301
b20,L2,27,330486.622621,330486.748541,330486.790535,met,0.001158
b20,L1,41,330487.622536,330487.741609,330487.785887,met,0.001623
b20,L1,42,330489.622536,330489.688776,330489.736210,met,0.003333
b20,L2,28,330489.622621,330489.705499,330489.751848,met,0.001231
b20,L1,43,330491.622536,330491.695401,330491.740019,met,0.003195
b20,L2,29,330492.622621,330492.744057,330492.785858,met,0.001182
b20,L1,44,330493.622536,330493.741394,330493.788082,met,0.001574
b20,L1,45,330495.622536,330495.765326,330495.807903,met,0.002972
b20,L2,30,330495.622621,330495.824519,330495.870277,met,0.001207
b20,L1,46,330497.622536,330497.690454,330497.736000,met,0.003232
b20,L2,31,330498.622621,330498.796226,330498.842797,met,0.001328
b20,L1,47,330499.622536,330499.685030,330499.730189,met,0.003220
b20,L2,32,330501.622621,330501.746901,330501.789056,met,0.001433
b20,L1,48,330501.622536,330501.777228,330501.821602,met,0.003538
b20,L1,49,330503.622536,330503.684106,330503.729028,met,0.003236
b20,L2,33,330504.622621,330504.786801,330504.828659,met,0.001259
b20,L1,50,330505.622536,330505.706507,330505.747475,met,0.003096
b20,L1,51,330507.622536,330507.718185,330507.760468,met,0.003456
b20,L2,34,330507.622621,330507.814784,330507.855674,met,0.001189
b20,L1,52,330509.622536,330509.723618,330510.179342,met,0.407789
b20,L2,35,330510.622621,330510.701329,330510.743854,met,0.000832
b20,L1,53,330511.622536,330511.685874,330511.731901,met,0.000905
b20,L2,36,330513.622621,330513.829380,330513.877382,met,0.001245
b20,L1,54,330513.622536,330513.827464,330513.878365,met,0.003737
b20,L1,55,330515.622536,330515.711466,330515.753001,met,0.003218
b20,L2,37,330516.622621,330516.700431,330516.757195,met,0.001409
b20,L1,56,330517.622536,330517.771261,330517.815934,met,0.003203
b20,L1,57,330519.622536,330519.705858,330519.751157,met,0.003219
b20,L2,38,330519.622621,330519.708931,330519.751192,met,0.001696
b20,L1,58,330521.622536,330521.698474,330521.743898,met,0.003187
b20,L2,39,330522.622621,330522.827760,330522.874541,met,0.001212
b20,L1,59,330523.622536,330523.719187,330523.764649,met,0.003356
b20,L1,60,330525.622536,330525.752768,330525.860351,met,0.057557
b20,L2,40,330525.622621,330525.752510,330525.860315,met,0.057852
b20,L1,61,330527.622536,330527.780776,330527.830611,met,0.001376
b20,L2,41,330528.622621,330528.699262,330528.741280,met,0.001176
b20,L1,62,330529.622536,330529.695097,330529.739332,met,0.003557
b20,L1,63,330531.622536,330531.720439,330531.765624,met,0.003259
b20,L2,42,330531.622621,330531.765733,330531.810027,met,0.001230
b20,L1,64,330533.622536,330533.713159,330533.755483,met,0.001389
b20,L2,43,330534.622621,330534.689231,330534.728882,met,0.001108
b20,L1,65,330535.622536,330535.753987,330535.799073,met,0.003222
b20,L2,44,330537.622621,330537.777003,330537.818913,met,0.000939
b20,L1,66,330537.622536,330537.772529,330537.818912,met,0.003338
b20,L1,67,330539.622536,330539.704680,330539.747546,met,0.001301
b20,L2,45,330540.622621,330540.731927,330542.241285,met,1.459894
b20,L1,68,330541.622536,330541.704865,330542.260114,missed,0.500460
b20,L2,46,330543.622621,330543.748334,330543.792025,met,0.001207
b20,L1,69,330543.622536,330543.787614,330543.832275,met,0.003163
b20,L1,70,330545.622536,330545.770940,330545.814235,met,0.001296
b20,L2,47,330546.622621,330546.834059,330546.877158,met,0.001219
b20,L1,71,330547.622536,330547.791438,330547.835635,met,0.003213
b20,L1,72,330549.622536,330549.708783,330549.749743,met,0.001275
b20,L2,48,330549.622621,330549.806883,330549.845674,met,0.001128
b20,L1,73,330551.622536,330551.692011,330551.733946,met,0.003365
b20,L2,49,330552.622621,330552.679884,330552.722393,met,0.001266
b20,L1,74,330553.622536,330553.724247,330553.766066,met,0.003153
b20,L1,75,330555.622536,330555.747710,330555.798174,met,0.001661
b20,L2,50,330555.622621,330555.747883,330555.798181,met,0.002093
b20,L1,76,330557.622536,330557.715215,330557.758547,met,0.003218
b20,L2,51,330558.622621,330558.763842,330558.806230,met,0.001176
b20,L1,77,330559.622536,330559.747030,330559.788674,met,0.003432
b20,L1,78,330561.622536,330561.721149,330561.766992,met,0.003902
b20,L2,52,330561.622621,330561.768217,330561.812255,met,0.001212
b20,L1,79,330563.622536,330563.751614,330563.796079,met,0.003224
b20,L2,53,330564.622621,330564.690950,330564.732379,met,0.001168
b20,L1,80,330565.622536,330565.826774,330565.868644,met,0.003204
b20,L1,81,330567.622536,330567.710551,330567.751563,met,0.003224
b20,L2,54,330567.622621,330567.768797,330567.815579,met,0.001184
b20,L1,82,330569.622536,330569.736635,330569.781099,met,0.003285
b20,L2,55,330570.622621,330570.709887,330570.750224,met,0.001166
b20,L1,83,330571.622536,330571.769152,330572.299592,met,0.480437
b20,L1,84,330573.622536,330573.808259,330573.851250,met,0.000919
b20,L2,56,330573.622621,330573.816216,330573.859404,met,0.000761
b20,L1,85,330575.622536,330575.688360,330575.733892,met,0.003386
b20,L2,57,330576.622621,330576.816644,330576.859831,met,0.001215
b20,L1,86,330577.622536,330577.770333,330577.815080,met,0.003174
b20,L2,58,330579.622621,330579.766145,330579.810796,met,0.001251
b20,L1,87,330579.622536,330579.799513,330579.846629,met,0.003547
b20,L1,88,330581.622536,330581.757614,330581.804168,met,0.003315
b20,L2,59,330582.622621,330582.725700,330582.770529,met,0.001139
b20,L1,89,330583.622536,330583.708151,330583.753735,met,0.003377
b20,L2,60,330585.622621,330585.719824,330585.763759,met,0.001238
b20,L1,90,330585.622536,330585.826880,330585.873489,met,0.003592
b20,L1,91,330587.622536,330587.738578,330587.783734,met,0.003239
b20,L2,61,330588.622621,330588.725946,330588.766805,met,0.001115
b20,L1,92,330589.622536,330589.813667,330589.853390,met,0.001342
b20,L2,62,330591.622621,330591.808675,330591.855829,met,0.001274
b20,L1,93,330591.622536,330591.808752,330591.858799,met,0.004104
b20,L1,94,330593.622536,330593.685648,330593.728876,met,0.003234
b20,L2,63,330594.622621,330594.713045,330594.752856,met,0.001176
b20,L1,95,330595.622536,330595.793256,330595.833870,met,0.001403
b20,L2,64,330597.622621,330597.711465,330597.752317,met,0.001225
b20,L1,96,330597.622536,330597.811259,330597.854440,met,0.003119
b20,L1,97,330599.622536,330599.692957,330599.737997,met,0.003204
b20,L2,65,330600.622621,330600.707511,330600.748649,met,0.001254
b20,L1,98,330601.622536,330601.755814,330601.798221,met,0.001315
b20,L1,99,330603.622536,330603.760717,330603.804978,met,0.001723
b20,L2,66,330603.622621,330603.798085,330603.843174,met,0.000885
b20,L1,100,330605.622536,330605.832078,330605.872972,met,0.001293
b20,L2,67,330606.622621,330606.736591,330606.778648,met,0.001266
b20,L1,101,330607.622536,330607.744525,330607.786462,met,0.003617
b20,L1,102,330609.622536,330609.742591,330609.785673,met,0.003367
b20,L2,68,330609.622621,330609.760516,330609.801586,met,0.001170
b20,L1,103,330611.622536,330611.690645,330611.730484,met,0.001312
b20,L2,69,330612.622621,330612.686349,330613.391361,met,0.659185
b20,L1,104,330613.622536,330613.822732,330613.867329,met,0.003709
b20,L2,70,330615.622621,330615.684986,330615.726790,met,0.001199
b20,L1,105,330615.622536,330615.720375,330615.762614,met,0.001340
b20,L1,106,330617.622536,330617.826457,330617.865476,met,0.001269
b20,L2,71,330618.622621,330618.773546,330619.097676,met,0.279342
b20,L1,107,330619.622536,330619.680789,330619.726326,met,0.003637
b20,L2,72,330621.622621,330621.681278,330621.723262,met,0.001320
b20,L1,108,330621.622536,330621.711765,330621.754965,met,0.003256
b20,L1,109,330623.622536,330623.824916,330623.867412,met,0.003397
b20,L2,73,330624.622621,330624.683913,330624.722975,met,0.000853
b20,L1,110,330625.622536,330625.740033,330625.780953,met,0.003154
b20,L2,74,330627.622621,330627.733477,330627.772785,met,0.001193
b20,L1,111,330627.622536,330627.756110,330627.799773,met,0.003298
b20,L1,112,330629.622536,330629.826204,330629.867731,met,0.003345
b20,L2,75,330630.622621,330630.828601,330630.868352,met,0.001198
b20,L1,113,330631.622536,330631.746280,330631.792065,met,0.003218
b20,L2,76,330633.622621,330633.752499,330634.286760,met,0.491165
b20,L1,114,330633.622536,330633.825434,330634.440983,missed,0.563190
b20,L1,115,330635.622536,330635.750042,330635.793493,met,0.000915
b20,L2,77,330636.622621,330636.703500,330636.743924,met,0.001142
b20,L1,116,330637.622536,330637.758398,330637.804403,met,0.003707
b20,L1,117,330639.622536,330639.693742,330639.742528,met,0.003563
b20,L2,78,330639.622621,330639.693843,330639.742463,met,0.004138
b20,L1,118,330641.622536,330641.701510,330641.743204,met,0.003209
b20,L2,79,330642.622621,330642.770027,330642.812448,met,0.001168
b20,L1,119,330643.622536,330643.825484,330643.869337,met,0.003247
b20,L1,120,330645.622536,330645.698700,330645.742631,met,0.003616
b20,L2,80,330645.622621,330645.755506,330645.798685,met,0.001238
b20,L1,121,330647.622536,330647.717913,330647.761997,met,0.003328
b20,L2,81,330648.622621,330648.733852,330648.776190,met,0.001202
b20,L1,122,330649.622536,330649.824391,330650.033502,met,0.164059
b20,L1,123,330651.622536,330651.726807,330651.769137,met,0.001311
b20,L2,82,330651.622621,330651.757198,330651.800138,met,0.001196
b20,L1,124,330653.622536,330653.725585,330653.770417,met,0.003640
b20,L2,83,330654.622621,330654.789201,330654.832479,met,0.001228
b20,L1,125,330655.622536,330655.724532,330655.766606,met,0.003306
b20,L2,84,330657.622621,330657.754590,330657.803342,met,0.001881
b20,L1,126,330657.622536,330657.755738,330657.803345,met,0.001387
b20,L1,127,330659.622536,330659.706318,330659.750711,met,0.003493
b20,L2,85,330660.622621,330660.809791,330660.852164,met,0.001285
b20,L1,128,330661.622536,330661.747417,330661.789413,met,0.003297
b20,L2,86,330663.622621,330663.675579,330663.719200,met,0.001229
b20,L1,129,330663.622536,330663.687176,330663.728540,met,0.001263
b20,L1,130,330665.622536,330665.690601,330665.736710,met,0.003288
b20,L2,87,330666.622621,330666.730575,330666.777597,met,0.002424
b20,L1,131,330667.622536,330667.710599,330667.750416,met,0.001202
b20,L2,88,330669.622621,330669.697777,330669.741729,met,0.001172
b20,L1,132,330669.622536,330669.714463,330669.758565,met,0.003441
b20,L1,133,330671.622536,330671.772057,330671.814751,met,0.003162
b20,L2,89,330672.622621,330672.710512,330672.751127,met,0.001172
b20,L1,134,330673.622536,330673.733694,330673.775506,met,0.001317
b20,L2,90,330675.622621,330675.745421,330675.792964,met,0.001244
b20,L1,135,330675.622536,330675.745514,330675.794926,met,0.004124
b20,L1,136,330677.622536,330677.773820,330677.815701,met,0.003265
b20,L2,91,330678.622621,330678.709362,330678.749817,met,0.001139
b20,L1,137,330679.622536,330679.686435,330679.727106,met,0.001285
b20,L2,92,330681.622621,330681.692325,330681.740000,met,0.001246
b20,L1,138,330681.622536,330681.692349,330681.740799,met,0.003828
b20,L1,139,330683.622536,330683.738777,330683.783139,met,0.002345
b20,L2,93,330684.622621,330684.835430,330684.883652,met,0.001356
b20,L1,140,330685.622536,330685.701654,330685.753432,met,0.013489
b20,L1,141,330687.622536,330687.713662,330687.755353,met,0.001257
b20,L2,94,330687.622621,330687.746062,330687.790370,met,0.003020
b20,L1,142,330689.622536,330689.785568,330689.827188,met,0.001273
b20,L2,95,330690.622621,330690.709418,330690.756810,met,0.007181
b20,L1,143,330691.622536,330691.699885,330691.754358,met,0.014339
b20,L1,144,330693.622536,330693.680281,330693.723762,met,0.003333
b20,L2,96,330693.622621,330693.748870,330693.788456,met,0.001158
b20,L1,145,330695.622536,330695.684538,330696.158945,met,0.424573
b20,L2,97,330696.622621,330696.825856,330696.876994,met,0.010109
b20,L1,146,330697.622536,330697.722675,330697.766182,met,0.001892
b20,L2,98,330699.622621,330699.794939,330699.842289,met,0.001251
b20,L1,147,330699.622536,330699.795005,330699.843731,met,0.003967
b20,L1,148,330701.622536,330701.693125,330701.736764,met,0.003261
b20,L2,99,330702.622621,330702.724411,330702.765033,met,0.001147
b20,L1,149,330703.622536,330703.832643,330703.877375,met,0.003104
b21,L1,0,330704.261335,330704.320438,330704.372392,met,0.001236
b21,L2,0,330704.261634,330704.320332,330704.372448,met,0.001538
b21,L1,1,330706.261335,330706.464497,330706.507463,met,0.001989
b21,L2,1,330707.261634,330707.359049,330707.398196,met,0.001153
b21,L1,2,330708.261335,330708.360379,330708.400411,met,0.001285
b21,L1,3,330710.261335,330710.338316,330710.385952,met,0.003350
b21,L2,2,330710.261634,330710.370398,330710.413576,met,0.001140
b21,L1,4,330712.261335,330712.319911,330712.361645,met,0.001783
b21,L2,3,330713.261634,330713.361725,330713.403005,met,0.001115
b21,L1,5,330714.261335,330714.316711,330714.358433,met,0.001282
b21,L1,6,330716.261335,330716.320647,330716.456935,met,0.092377
b21,L2,4,330716.261634,330716.330841,330716.487216,met,0.116174
b21,L1,7,330718.261335,330718.387258,330718.434434,met,0.003738
b21,L2,5,330719.261634,330719.387120,330719.427362,met,0.001159
b21,L1,8,330720.261335,330720.327560,330720.368267,met,0.001261
b21,L1,9,330722.261335,330722.321025,330722.370300,met,0.003304
b21,L2,6,330722.261634,330722.320964,330722.370491,met,0.003746
b21,L1,10,330724.261335,330724.467531,330724.507907,met,0.003445
b21,L2,7,330725.261634,330725.413984,330725.455247,met,0.001175
b21,L1,11,330726.261335,330726.348994,330727.056862,missed,0.649404
b21,L2,8,330728.261634,330728.319090,330728.364570,met,0.001627
b21,L1,12,330728.261335,330728.430543,330728.471786,met,0.000839
b21,L1,13,330730.261335,330730.348142,330730.388544,met,0.001381
b21,L2,9,330731.261634,330731.467055,330731.508406,met,0.001161
b21,L1,14,330732.261335,330732.339930,330732.415041,met,0.033411
b21,L2,10,330734.261634,330734.462113,330734.505233,met,0.001263
b21,L1,15,330734.261335,330734.466088,330734.505312,met,0.003122
b21,L1,16,330736.261335,330736.384135,330736.426906,met,0.001278
b21,L2,11,330737.261634,330737.332492,330737.412469,met,0.040767
b21,L1,17,330738.261335,330738.342472,330738.387284,met,0.003186
b21,L1,18,330740.261335,330740.348157,330740.407207,met,0.003322
b21,L2,12,330740.261634,330740.361339,330740.417815,met,0.001186
b21,L1,19,330742.261335,330742.338989,330742.418111,met,0.036156
b21,L2,13,330743.261634,330743.442020,330743.484443,met,0.001190
b21,L1,20,330744.261335,330744.377442,330744.421529,met,0.003144
b21,L2,14,330746.261634,330746.367294,330746.411006,met,0.001241
b21,L1,21,330746.261335,330746.379653,330746.425184,met,0.003318
b21,L1,22,330748.261335,330748.320592,330748.364728,met,0.003137
b21,L2,15,330749.261634,330749.378381,330749.419702,met,0.001195
b21,L1,23,330750.261335,330750.401046,330750.444992,met,0.003254
b21,L1,24,330752.261335,330752.328595,330752.420034,met,0.047488
b21,L2,16,330752.261634,330752.335559,330752.510207,met,0.132616
b21,L1,25,330754.261335,330754.396269,330754.438399,met,0.001369
b21,L2,17,330755.261634,330755.312733,330755.352212,met,0.001131
b21,L1,26,330756.261335,330756.435290,330756.474227,met,0.001242
b21,L2,18,330758.261634,330758.362109,330758.467938,met,0.065491
b21,L1,27,330758.261335,330758.439428,330758.816018,met,0.333469
b21,L1,28,330760.261335,330760.449474,330760.490126,met,0.001111
b21,L2,19,330761.261634,330761.380776,330761.420581,met,0.001135
b21,L1,29,330762.261335,330762.341687,330762.386360,met,0.001348
b21,L2,20,330764.261634,330764.323425,330764.365901,met,0.001397
b21,L1,30,330764.261335,330764.350410,330764.394572,met,0.003316
b21,L1,31,330766.261335,330766.375100,330766.419126,met,0.003389
b21,L2,21,330767.261634,330767.425726,330767.531041,met,0.063608
b21,L1,32,330768.261335,330768.417973,330768.503568,met,0.043642
b21,L1,33,330770.261335,330770.322488,330770.364634,met,0.001379
b21,L2,22,330770.261634,330770.355750,330770.401780,met,0.001230
b21,L1,34,330772.261335,330772.399469,330772.442125,met,0.003295
b21,L2,23,330773.261634,330773.383201,330773.554530,met,0.130410
b21,L1,35,330774.261335,330774.466423,330774.507949,met,0.002146
b21,L2,24,330776.261634,330776.318700,330776.367096,met,0.001274
b21,L1,36,330776.261335,330776.324404,330776.370148,met,0.001215
b21,L1,37,330778.261335,330778.335140,330778.420914,met,0.045627
b21,L2,25,330779.261634,330779.351397,330779.391537,met,0.001164
b21,L1,38,330780.261335,330780.384983,330780.426819,met,0.003255
b21,L2,26,330782.261634,330782.331760,330782.377642,met,0.001192
b21,L1,39,330782.261335,330782.341863,330782.384245,met,0.001289
b21,L1,40,330784.261335,330784.355462,330784.401597,met,0.003239
b21,L2,27,330785.261634,330785.426512,330785.469215,met,0.001219
b21,L1,41,330786.261335,330786.368498,330786.411729,met,0.003356
b21,L1,42,330788.261335,330788.396642,330789.096961,missed,0.644812
b21,L2,28,330788.261634,330788.412924,330789.924573,met,1.461677
b21,L1,43,330790.261335,330790.330566,330790.373166,met,0.000904
b21,L2,29,330791.261634,330791.323302,330791.362621,met,0.001121
b21,L1,44,330792.261335,330792.340239,330792.386209,met,0.001304
b21,L1,45,330794.261335,330794.347479,330794.471093,met,0.081450
b21,L2,30,330794.261634,330794.402051,330794.471115,met,0.024454
b21,L1,46,330796.261335,330796.453666,330796.502884,met,0.003316
b21,L2,31,330797.261634,330797.334569,330797.374665,met,0.001137
b21,L1,47,330798.261335,330798.432936,330798.473318,met,0.001319
b21,L1,48,330800.261335,330800.316468,330800.362004,met,0.003169
b21,L2,32,330800.261634,330800.327240,330800.368100,met,0.001278
b21,L1,49,330802.261335,330802.425644,330802.469193,met,0.003248
b21,L2,33,330803.261634,330803.360723,330803.402659,met,0.001217
b21,L1,50,330804.261335,330804.421867,330804.527849,met,0.063651
b21,L2,34,330806.261634,330806.328454,330806.372472,met,0.001224
b21,L1,51,330806.261335,330806.420982,330806.466458,met,0.003423
b21,L1,52,330808.261335,330808.330677,330808.374810,met,0.003158
b21,L2,35,330809.261634,330809.348404,330809.468603,met,0.080306
b21,L1,53,330810.261335,330810.322916,330810.367419,met,0.003236
b21,L1,54,330812.261335,330812.373211,330812.417849,met,0.003310
b21,L2,36,330812.261634,330812.462101,330812.505129,met,0.001187
b21,L1,55,330814.261335,330814.316114,330814.382109,met,0.026124
b21,L2,37,330815.261634,330815.351570,330815.391377,met,0.001161
b21,L1,56,330816.261335,330816.453245,330816.499991,met,0.001404
b21,L2,38,330818.261634,330818.385176,330818.428103,met,0.001213
b21,L1,57,330818.261335,330818.408209,330818.452025,met,0.002940
b21,L1,58,330820.261335,330820.321740,330821.023244,missed,0.648879
b21,L2,39,330821.261634,330821.366160,330821.409326,met,0.000842
b21,L1,59,330822.261335,330822.329991,330822.369290,met,0.000910
b21,L2,40,330824.261634,330824.356778,330824.400089,met,0.000876
b21,L1,60,330824.261335,330824.365375,330824.407207,met,0.002000
b21,L1,61,330826.261335,330826.378293,330826.422439,met,0.003302
b21,L2,41,330827.261634,330827.330294,330827.371349,met,0.001181
b21,L1,62,330828.261335,330828.333826,330828.373972,met,0.001252
b21,L1,63,330830.261335,330830.326058,330830.367943,met,0.001335
b21,L2,42,330830.261634,330830.385025,330830.431575,met,0.001238
b21,L1,64,330832.261335,330832.331284,330832.372833,met,0.003271
b21,L2,43,330833.261634,330833.455797,330833.510143,met,0.001269
b21,L1,65,330834.261335,330834.401426,330834.637209,met,0.190814
b21,L2,44,330836.261634,330836.370521,330836.429905,met,0.019552
b21,L1,66,330836.261335,330836.334348,330836.429896,met,0.055043
b21,L1,67,330838.261335,330838.341396,330838.383159,met,0.001427
b21,L2,45,330839.261634,330839.405922,330839.453412,met,0.007567
b21,L1,68,330840.261335,330840.339291,330840.381043,met,0.003253
b21,L1,69,330842.261335,330842.325299,330842.366530,met,0.003175
b21,L2,46,330842.261634,330842.373498,330842.415628,met,0.001156
b21,L1,70,330844.261335,330844.347934,330844.389416,met,0.001411
b21,L2,47,330845.261634,330845.431557,330845.486544,met,0.011322
b21,L1,71,330846.261335,330846.378977,330846.420527,met,0.003336
b21,L2,48,330848.261634,330848.463337,330848.509087,met,0.001188
b21,L1,72,330848.261335,330848.464475,330848.510685,met,0.003824
b21,L1,73,330850.261335,330850.350257,330851.054848,missed,0.648687
b21,L2,49,330851.261634,330851.340736,330852.098348,met,0.710043
b21,L1,74,330852.261335,330852.372763,330852.420913,met,0.000975
b21,L1,75,330854.261335,330854.347104,330854.391090,met,0.001382
b21,L2,50,330854.261634,330854.415209,330854.455951,met,0.001071
b21,L1,76,330856.261335,330856.364168,330856.407781,met,0.003377
b21,L2,51,330857.261634,330857.332339,330857.374122,met,0.001120
b21,L1,77,330858.261335,330858.336966,330858.382521,met,0.003324
b21,L2,52,330860.261634,330860.325149,330860.369138,met,0.001179
b21,L1,78,330860.261335,330860.342305,330860.385202,met,0.001350
b21,L1,79,330862.261335,330862.466995,330862.541001,met,0.031971
b21,L2,53,330863.261634,330863.356111,330863.397894,met,0.001217
b21,L1,80,330864.261335,330864.323524,330864.368842,met,0.003240
b21,L2,54,330866.261634,330866.318202,330866.359445,met,0.001067
b21,L1,81,330866.261335,330866.437209,330866.481255,met,0.001251
b21,L1,82,330868.261335,330868.466571,330868.509800,met,0.003257
b21,L2,55,330869.261634,330869.412125,330869.453318,met,0.001126
b21,L1,83,330870.261335,330870.315884,330870.358187,met,0.003138
b21,L2,56,330872.261634,330872.329355,330872.372100,met,0.001192
b21,L1,84,330872.261335,330872.391871,330872.439088,met,0.003185
b21,L1,85,330874.261335,330874.377836,330874.419696,met,0.003189
b21,L2,57,330875.261634,330875.411221,330875.452646,met,0.001137
b21,L1,86,330876.261335,330876.346938,330876.390769,met,0.003210
b21,L2,58,330878.261634,330878.361393,330878.402151,met,0.001196
b21,L1,87,330878.261335,330878.405160,330878.448168,met,0.003266
b21,L1,88,330880.261335,330880.467145,330880.510813,met,0.003104
b21,L2,59,330881.261634,330881.401196,330882.949801,met,1.500604
b21,L1,89,330882.261335,330882.371917,330883.073281,missed,0.647996
b21,L2,60,330884.261634,330884.397343,330884.447820,met,0.000881
b21,L1,90,330884.261335,330884.397163,330884.447721,met,0.001177
b21,L1,91,330886.261335,330886.362347,330886.407168,met,0.003136
b21,L2,61,330887.261634,330887.459599,330887.506938,met,0.001267
b21,L1,92,330888.261335,330888.333652,330888.377694,met,0.003142
b21,L1,93,330890.261335,330890.361352,330890.410600,met,0.003211
b21,L2,62,330890.261634,330890.359170,330890.410542,met,0.003587
b21,L1,94,330892.261335,330892.381905,330892.425530,met,0.003395
b21,L2,63,330893.261634,330893.364789,330893.404724,met,0.001086
b21,L1,95,330894.261335,330894.386968,330894.429988,met,0.003521
b21,L1,96,330896.261335,330896.386440,330896.427454,met,0.003235
b21,L2,64,330896.261634,330896.456935,330896.497105,met,0.001119
b21,L1,97,330898.261335,330898.347885,330898.907810,missed,0.506063
b21,L2,65,330899.261634,330899.348396,330899.394606,met,0.001173
b21,L1,98,330900.261335,330900.463895,330900.524259,met,0.005216
b21,L2,66,330902.261634,330902.475118,330902.528387,met,0.001867
b21,L1,99,330902.261335,330902.475132,330902.528366,met,0.001316
b21,L1,100,330904.261335,330904.340188,330904.385578,met,0.003986
b21,L2,67,330905.261634,330905.348453,330905.394533,met,0.001197
b21,L1,101,330906.261335,330906.340807,330906.387726,met,0.004467
b21,L1,102,330908.261335,330908.336208,330908.383440,met,0.004126
b21,L2,68,330908.261634,330908.462179,330908.506917,met,0.001228
b21,L1,103,330910.261335,330910.465022,330910.510703,met,0.003734
b21,L2,69,330911.261634,330911.389836,330911.432911,met,0.001221
b21,L1,104,330912.261335,330912.370956,330912.421982,met,0.001388
b21,L2,70,330914.261634,330914.367101,330914.415539,met,0.000844
b21,L1,105,330914.261335,330914.466483,330914.513035,met,0.001882
b21,L1,106,330916.261335,330916.473424,330916.516648,met,0.001344
b21,L2,71,330917.261634,330917.414680,330917.459297,met,0.001222
b21,L1,107,330918.261335,330918.339328,330918.384893,met,0.003303
b21,L1,108,330920.261335,330920.388841,330920.434854,met,0.003504
b21,L2,72,330920.261634,330920.411308,330920.454434,met,0.001184
b21,L1,109,330922.261335,330922.453321,330922.498017,met,0.001417
b21,L2,73,330923.261634,330923.321755,330923.362553,met,0.001193
b21,L1,110,330924.261335,330924.439469,330924.485818,met,0.003350
b21,L2,74,330926.261634,330926.465543,330926.514781,met,0.001386
b21,L1,111,330926.261335,330926.465574,330926.517097,met,0.004442
b21,L1,112,330928.261335,330928.470449,330928.514522,met,0.001396
b21,L2,75,330929.261634,330929.355189,330929.445903,met,0.047985
b21,L1,113,330930.261335,330930.324739,330930.367995,met,0.003323
b21,L2,76,330932.261634,330932.331470,330932.377828,met,0.001232
b21,L1,114,330932.261335,330932.393890,330932.441008,met,0.003564
b21,L1,115,330934.261335,330934.323662,330934.368313,met,0.003387
b21,L2,77,330935.261634,330935.379999,330935.423120,met,0.001202
b21,L1,116,330936.261335,330936.432457,330936.476718,met,0.001237
b21,L1,117,330938.261335,330938.319615,330938.365192,met,0.003363
b21,L2,78,330938.261634,330938.394575,330938.439886,met,0.001253
b21,L1,118,330940.261335,330940.371200,330940.415784,met,0.003283
b21,L2,79,330941.261634,330941.464327,330941.507028,met,0.001083
b21,L1,119,330942.261335,330942.380536,330942.425757,met,0.003636
b21,L1,120,330944.261335,330944.366286,330945.071192,missed,0.644745
b21,L2,80,330944.261634,330944.440568,330945.441402,met,0.950462
b21,L1,121,330946.261335,330946.422407,330946.467329,met,0.000862
b21,L2,81,330947.261634,330947.415164,330947.464022,met,0.001297
b21,L1,122,330948.261335,330948.427351,330948.470672,met,0.003261
b21,L2,82,330950.261634,330950.343658,330950.386886,met,0.001112
b21,L1,123,330950.261335,330950.459126,330950.502220,met,0.002980
b21,L1,124,330952.261335,330952.329564,330952.372867,met,0.002896
b21,L2,83,330953.261634,330953.447556,330953.490790,met,0.001091
b21,L1,125,330954.261335,330954.382753,330954.428483,met,0.003244
b21,L1,126,330956.261335,330956.340565,330956.385396,met,0.003379
b21,L2,84,330956.261634,330956.408732,330956.453152,met,0.001158
b21,L1,127,330958.261335,330958.347439,330958.390876,met,0.003226
b21,L2,85,330959.261634,330959.354344,330959.395736,met,0.001158
b21,L1,128,330960.261335,330960.437426,330960.594318,met,0.115041
b21,L1,129,330962.261335,330962.398695,330962.439580,met,0.001279
b21,L2,86,330962.261634,330962.464984,330962.504817,met,0.001157
b21,L1,130,330964.261335,330964.330683,330964.372846,met,0.003345
b21,L2,87,330965.261634,330965.388631,330965.431946,met,0.001133
b21,L1,131,330966.261335,330966.326158,330966.819503,met,0.446647
b21,L2,88,330968.261634,330968.392372,330968.437458,met,0.001405
b21,L1,132,330968.261335,330968.437584,330968.487043,met,0.003565
b21,L1,133,330970.261335,330970.349041,330970.393655,met,0.003762
b21,L2,89,330971.261634,330971.328199,330971.369514,met,0.001172
b21,L1,134,330972.261335,330972.392272,330972.439233,met,0.001333
b21,L1,135,330974.261335,330974.447067,330974.492983,met,0.003300
b21,L2,90,330974.261634,330974.462956,330974.506978,met,0.001196
b21,L1,136,330976.261335,330976.414409,330976.491909,met,0.036036
b21,L2,91,330977.261634,330977.333963,330977.375027,met,0.000857
b21,L1,137,330978.261335,330978.467316,330978.511938,met,0.001433
b21,L2,92,330980.261634,330980.364207,330980.411922,met,0.001181
b21,L1,138,330980.261335,330980.364240,330980.413378,met,0.004168
b21,L1,139,330982.261335,330982.342622,330982.388504,met,0.003436
b21,L2,93,330983.261634,330983.355317,330983.395734,met,0.001201
b21,L1,140,330984.261335,330984.436701,330984.478678,met,0.001339
b21,L2,94,330986.261634,330986.363702,330986.415352,met,0.004546
b21,L1,141,330986.261335,330986.364507,330986.415267,met,0.004116
b21,L1,142,330988.261335,330988.459355,330988.503821,met,0.003438
b21,L2,95,330989.261634,330989.344714,330989.385828,met,0.001125
b21,L1,143,330990.261335,330990.465984,330990.507828,met,0.001367
b21,L1,144,330992.261335,330992.325593,330992.371909,met,0.003223
b21,L2,96,330992.261634,330992.334047,330992.376680,met,0.001161
b21,L1,145,330994.261335,330994.361407,330994.405286,met,0.003970
b21,L2,97,330995.261634,330995.374884,330995.416193,met,0.001144
b21,L1,146,330996.261335,330996.359490,330996.403481,met,0.003393
b21,L1,147,330998.261335,330998.397239,330998.441308,met,0.003479
b21,L2,98,330998.261634,330998.408122,330998.450551,met,0.001145
b21,L1,148,331000.261335,331000.364538,331000.407122,met,0.003429
b21,L2,99,331001.261634,331001.431696,331001.473412,met,0.001166
b21,L1,149,331002.261335,331002.369982,331002.414775,met,0.003533
b22,L1,0,331002.794649,331002.854304,331002.904939,met,0.001707
b22,L2,0,331002.794634,331002.854312,331002.904940,met,0.001066
b22,L1,1,331004.794649,331004.982022,331005.025324,met,0.003367
b22,L2,1,331005.794634,331005.880607,331007.279058,met,1.349446
b22,L1,2,331006.794649,331006.926534,331007.497785,missed,0.521067
b22,L1,3,331008.794649,331008.861773,331008.902840,met,0.001263
b22,L2,2,331008.794634,331008.936606,331008.977391,met,0.001202
b22,L1,4,331010.794649,331010.976330,331011.021009,met,0.003199
b22,L2,3,331011.794634,331011.882142,331011.979482,met,0.055819
b22,L1,5,331012.794649,331012.966977,331013.012201,met,0.003373
b22,L2,4,331014.794634,331014.950069,331014.996004,met,0.001322
b22,L1,6,331014.794649,331014.950185,331014.998558,met,0.004254
b22,L1,7,331016.794649,331016.943704,331016.996881,met,0.018721
b22,L2,5,331017.794634,331017.975932,331018.016145,met,0.001643
b22,L1,8,331018.794649,331018.923211,331018.958279,met,0.001349
b22,L1,9,331020.794649,331020.893535,331020.952942,met,0.022602
b22,L2,6,331020.794634,331020.926141,331020.964000,met,0.001069
b22,L1,10,331022.794649,331022.938694,331022.975668,met,0.001895
b22,L2,7,331023.794634,331023.856151,331023.894098,met,0.001077
b22,L1,11,331024.794649,331024.949434,331024.986114,met,0.001292
b22,L2,8,331026.794634,331026.866216,331026.904409,met,0.001171
b22,L1,12,331026.794649,331026.871963,331026.911936,met,0.003172
b22,L1,13,331028.794649,331029.003405,331029.041998,met,0.003289
b22,L2,9,331029.794634,331029.931949,331029.966533,met,0.001103
b22,L1,14,331030.794649,331030.941699,331030.979110,met,0.001209
b22,L1,15,331032.794649,331032.880682,331032.920585,met,0.003325
b22,L2,10,331032.794634,331032.902891,331032.971982,met,0.029900
b22,L1,16,331034.794649,331034.912030,331034.959023,met,0.006417
b22,L2,11,331035.794634,331035.992781,331036.034319,met,0.001252
b22,L1,17,331036.794649,331036.993515,331037.692815,missed,0.646026
b22,L2,12,331038.794634,331038.856999,331038.895907,met,0.000796
b22,L1,18,331038.794649,331038.895884,331038.938240,met,0.000884
b22,L1,19,331040.794649,331041.006757,331041.061076,met,0.000974
b22,L2,13,331041.794634,331042.008021,331042.047549,met,0.001199
b22,L1,20,331042.794649,331043.007006,331043.159948,met,0.110294
b22,L2,14,331044.794634,331045.015924,331045.065013,met,0.001636
b22,L1,21,331044.794649,331045.015924,331045.066005,met,0.004351
b22,L1,22,331046.794649,331047.016734,331047.065041,met,0.001576
b22,L2,15,331047.794634,331048.006194,331048.107042,met,0.050783
b22,L1,23,331048.794649,331049.000014,331049.049713,met,0.004959
b22,L2,16,331050.794634,331050.868869,331050.909963,met,0.001266
b22,L1,24,331050.794649,331050.868145,331050.910735,met,0.004037
b22,L1,25,331052.794649,331052.939321,331052.976177,met,0.001388
b22,L2,17,331053.794634,331053.855859,331053.892273,met,0.000841
b22,L1,26,331054.794649,331054.875382,331054.914469,met,0.003660
b22,L1,27,331056.794649,331056.852015,331056.889942,met,0.003195
b22,L2,18,331056.794634,331056.901190,331056.939491,met,0.001131
b22,L1,28,331058.794649,331058.950126,331058.988735,met,0.003325
b22,L2,19,331059.794634,331059.995703,331060.032157,met,0.001109
b22,L1,29,331060.794649,331060.866017,331060.905656,met,0.003369
b22,L2,20,331062.794634,331062.942274,331062.982864,met,0.001264
b22,L1,30,331062.794649,331062.942400,331062.984897,met,0.003896
b22,L1,31,331064.794649,331064.856678,331064.895420,met,0.003369
b22,L2,21,331065.794634,331065.882120,331065.919506,met,0.001117
b22,L1,32,331066.794649,331066.869042,331066.907819,met,0.003381
b22,L1,33,331068.794649,331068.950351,331069.419701,met,0.431448
b22,L2,22,331068.794634,331068.984156,331069.631122,met,0.605777
b22,L1,34,331070.794649,331070.953007,331070.991385,met,0.001308
b22,L2,23,331071.794634,331071.982084,331072.019195,met,0.001126
b22,L1,35,331072.794649,331072.894885,331072.932458,met,0.003269
b22,L2,24,331074.794634,331074.878976,331074.924145,met,0.003809
b22,L1,36,331074.794649,331074.878938,331074.924210,met,0.003266
b22,L1,37,331076.794649,331076.888929,331076.927047,met,0.003171
b22,L2,25,331077.794634,331077.912587,331077.951990,met,0.001189
b22,L1,38,331078.794649,331078.998139,331079.038831,met,0.003387
b22,L1,39,331080.794649,331080.882293,331080.921751,met,0.003628
b22,L2,26,331080.794634,331080.918679,331080.955945,met,0.001173
b22,L1,40,331082.794649,331082.961853,331083.000395,met,0.003337
b22,L2,27,331083.794634,331083.993810,331084.031489,met,0.001205
b22,L1,41,331084.794649,331084.920524,331084.997465,met,0.042201
b22,L2,28,331086.794634,331086.864704,331086.901914,met,0.001125
b22,L1,42,331086.794649,331086.889764,331086.925764,met,0.001336
b22,L1,43,331088.794649,331088.863468,331088.902573,met,0.003965
b22,L2,29,331089.794634,331089.857545,331089.892929,met,0.001083
b22,L1,44,331090.794649,331090.873290,331090.912684,met,0.003094
b22,L2,30,331092.794634,331092.950426,331092.987598,met,0.001119
b22,L1,45,331092.794649,331092.987580,331093.026456,met,0.001308
b22,L1,46,331094.794649,331094.997325,331095.036994,met,0.003190
b22,L2,31,331095.794634,331095.999200,331096.035134,met,0.001170
b22,L1,47,331096.794649,331096.872341,331096.911255,met,0.002877
b22,L2,32,331098.794634,331098.871865,331098.908952,met,0.001228
b22,L1,48,331098.794649,331098.943450,331099.632106,missed,0.637672
b22,L1,49,331100.794649,331100.870666,331100.910093,met,0.000902
b22,L2,33,331101.794634,331101.854413,331101.889113,met,0.000823
b22,L1,50,331102.794649,331102.885157,331102.922768,met,0.001355
b22,L2,34,331104.794634,331104.978347,331105.014954,met,0.001173
b22,L1,51,331104.794649,331104.992224,331105.031785,met,0.003270
b22,L1,52,331106.794649,331106.921730,331106.961600,met,0.004137
b22,L2,35,331107.794634,331107.992668,331108.029526,met,0.001266
b22,L1,53,331108.794649,331108.993974,331109.029627,met,0.001319
b22,L1,54,331110.794649,331110.867383,331110.906677,met,0.003283
b22,L2,36,331110.794634,331110.883832,331110.922472,met,0.001172
b22,L1,55,331112.794649,331112.924747,331112.963914,met,0.000876
b22,L2,37,331113.794634,331113.955341,331113.992541,met,0.001167
b22,L1,56,331114.794649,331114.928112,331114.967440,met,0.003261
b22,L2,38,331116.794634,331116.848688,331116.885641,met,0.001256
b22,L1,57,331116.794649,331116.874650,331116.912606,met,0.001334
b22,L1,58,331118.794649,331118.954034,331118.992120,met,0.003164
b22,L2,39,331119.794634,331119.850420,331119.887641,met,0.001207
b22,L1,59,331120.794649,331120.884997,331120.923411,met,0.003240
b22,L1,60,331122.794649,331122.949458,331122.993302,met,0.003308
b22,L2,40,331122.794634,331122.949251,331122.993415,met,0.003852
b22,L1,61,331124.794649,331124.889699,331124.927885,met,0.003427
b22,L2,41,331125.794634,331125.857270,331125.896086,met,0.001223
b22,L1,62,331126.794649,331126.880429,331126.918443,met,0.003208
b22,L2,42,331128.794634,331128.853805,331128.892519,met,0.001198
b22,L1,63,331128.794649,331128.859563,331128.898156,met,0.003141
b22,L1,64,331130.794649,331130.886364,331131.583784,missed,0.645165
b22,L2,43,331131.794634,331131.875802,331131.941192,met,0.028682
b22,L1,65,331132.794649,331132.897755,331132.935512,met,0.000890
b22,L1,66,331134.794649,331134.911442,331134.949532,met,0.003380
b22,L2,44,331134.794634,331134.942919,331134.979501,met,0.000954
b22,L1,67,331136.794649,331136.932027,331136.969624,met,0.003227
b22,L2,45,331137.794634,331137.983902,331138.021420,met,0.001209
b22,L1,68,331138.794649,331138.923965,331138.965750,met,0.003500
b22,L2,46,331140.794634,331140.853386,331140.890479,met,0.001223
b22,L1,69,331140.794649,331140.890616,331140.930124,met,0.002947
b22,L1,70,331142.794649,331142.936729,331142.976123,met,0.003609
b22,L2,47,331143.794634,331143.869407,331143.906539,met,0.001221
b22,L1,71,331144.794649,331144.964855,331145.004098,met,0.003311
b22,L1,72,331146.794649,331146.889604,331147.084804,met,0.148813
b22,L2,48,331146.794634,331146.889606,331147.297367,met,0.366904
b22,L1,73,331148.794649,331148.863242,331148.900377,met,0.001280
b22,L2,49,331149.794634,331149.869594,331149.906640,met,0.001157
b22,L1,74,331150.794649,331150.959440,331150.998316,met,0.003269
b22,L2,50,331152.794634,331152.885854,331152.922517,met,0.001242
b22,L1,75,331152.794649,331152.972198,331153.009480,met,0.003198
b22,L1,76,331154.794649,331154.928988,331154.966004,met,0.001289
b22,L2,51,331155.794634,331155.893481,331155.932279,met,0.001154
b22,L1,77,331156.794649,331157.001730,331157.049256,met,0.004054
b22,L1,78,331158.794649,331158.981515,331159.029076,met,0.005401
b22,L2,52,331158.794634,331158.999571,331159.042653,met,0.001700
b22,L1,79,331160.794649,331160.874419,331160.921334,met,0.002134
b22,L2,53,331161.794634,331161.999337,331162.401802,met,0.360159
b22,L1,80,331162.794649,331162.932024,331162.973034,met,0.002122
b22,L1,81,331164.794649,331164.905281,331164.953658,met,0.001085
b22,L2,54,331164.794634,331164.962079,331164.998601,met,0.001614
b22,L1,82,331166.794649,331166.971916,331167.013180,met,0.003438
b22,L2,55,331167.794634,331167.949876,331167.992771,met,0.001603
b22,L1,83,331168.794649,331168.908256,331168.955515,met,0.005673
b22,L2,56,331170.794634,331170.869522,331170.916053,met,0.002074
b22,L1,84,331170.794649,331170.869541,331170.916195,met,0.001508
b22,L1,85,331172.794649,331173.005756,331173.051777,met,0.003143
b22,L2,57,331173.794634,331173.890224,331173.930242,met,0.001462
b22,L1,86,331174.794649,331174.990660,331175.032892,met,0.002391
b22,L1,87,331176.794649,331177.011229,331177.063591,met,0.002922
b22,L2,58,331176.794634,331177.011094,331177.063880,met,0.001701
b22,L1,88,331178.794649,331179.015956,331179.058676,met,0.003531
b22,L2,59,331179.794634,331180.016883,331180.063735,met,0.001646
b22,L1,89,331180.794649,331180.897185,331180.937810,met,0.000849
b22,L1,90,331182.794649,331182.861979,331182.912684,met,0.005575
b22,L2,60,331182.794634,331182.992816,331183.028075,met,0.001097
b22,L1,91,331184.794649,331184.936806,331184.973313,met,0.001480
b22,L2,61,331185.794634,331185.883002,331185.935878,met,0.015384
b22,L1,92,331186.794649,331186.894480,331186.937792,met,0.010313
b22,L2,62,331188.794634,331188.923143,331188.967960,met,0.001084
b22,L1,93,331188.794649,331188.968048,331189.013475,met,0.004721
b22,L1,94,331190.794649,331190.900245,331190.947942,met,0.009956
b22,L2,63,331191.794634,331192.002410,331192.045022,met,0.000959
b22,L1,95,331192.794649,331192.989221,331193.550825,missed,0.510187
b22,L2,64,331194.794634,331194.873947,331194.922115,met,0.001474
b22,L1,96,331194.794649,331194.873947,331194.922130,met,0.001134
b22,L1,97,331196.794649,331196.874164,331196.915691,met,0.002193
b22,L2,65,331197.794634,331197.864542,331197.903048,met,0.001149
b22,L1,98,331198.794649,331198.880646,331198.925425,met,0.004998
b22,L1,99,331200.794649,331200.888928,331200.928773,met,0.001490
b22,L2,66,331200.794634,331200.996338,331201.031813,met,0.001338
b22,L1,100,331202.794649,331202.855958,331202.896994,met,0.003413
b22,L2,67,331203.794634,331203.896905,331203.936248,met,0.001239
b22,L1,101,331204.794649,331205.000842,331205.045248,met,0.003372
b22,L1,102,331206.794649,331206.940882,331206.983979,met,0.001340
b22,L2,68,331206.794634,331206.940882,331207.008740,met,0.026201
b22,L1,103,331208.794649,331208.866100,331208.908380,met,0.003139
b22,L2,69,331209.794634,331209.900756,331209.945802,met,0.001975
b22,L1,104,331210.794649,331211.010177,331211.053146,met,0.003986
b22,L2,70,331212.794634,331212.999769,331213.050320,met,0.003353
b22,L1,105,331212.794649,331212.999568,331213.050320,met,0.002960
b22,L1,106,331214.794649,331214.866492,331214.910871,met,0.003425
b22,L2,71,331215.794634,331216.008518,331216.045365,met,0.000976
b22,L1,107,331216.794649,331216.921185,331216.969177,met,0.003401
b22,L2,72,331218.794634,331219.006541,331219.061915,met,0.006532
b22,L1,108,331218.794649,331219.006295,331219.061920,met,0.005663
b22,L1,109,331220.794649,331221.017187,331221.064923,met,0.002871
b22,L2,73,331221.794634,331221.903870,331221.943966,met,0.001183
b22,L1,110,331222.794649,331222.852990,331222.894200,met,0.001842
b22,L1,111,331224.794649,331224.967086,331225.063942,met,0.059944
b22,L2,74,331224.794634,331224.994227,331225.269211,met,0.237659
b22,L1,112,331226.794649,331226.862747,331226.910989,met,0.005299
b22,L2,75,331227.794634,331227.903209,331227.949019,met,0.001228
b22,L1,113,331228.794649,331228.881278,331228.932894,met,0.014666
b22,L1,114,331230.794649,331230.852765,331230.891938,met,0.001334
b22,L2,76,331230.794634,331230.868707,331230.909036,met,0.001111
b22,L1,115,331232.794649,331232.963577,331233.006972,met,0.003664
b22,L2,77,331233.794634,331233.886418,331233.936415,met,0.011885
b22,L1,116,331234.794649,331234.962867,331235.011478,met,0.005632
b22,L1,117,331236.794649,331237.007261,331237.055971,met,0.002583
b22,L2,78,331236.794634,331237.007127,331237.055938,met,0.001574
b22,L1,118,331238.794649,331239.007660,331239.046768,met,0.003511
b22,L2,79,331239.794634,331239.933652,331239.979819,met,0.001900
b22,L1,119,331240.794649,331240.852222,331240.890743,met,0.003824
b22,L1,120,331242.794649,331242.908800,331242.946403,met,0.003289
b22,L2,80,331242.794634,331242.991117,331243.029776,met,0.000876
b22,L1,121,331244.794649,331244.911176,331244.976243,met,0.023662
b22,L2,81,331245.794634,331246.001789,331246.047718,met,0.001739
b22,L1,122,331246.794649,331247.006196,331247.049980,met,0.001400
b22,L1,123,331248.794649,331249.002166,331249.052306,met,0.002770
b22,L2,82,331248.794634,331249.002283,331249.052175,met,0.001218
b22,L1,124,331250.794649,331250.929829,331251.025861,met,0.056988
b22,L2,83,331251.794634,331251.970893,331252.007493,met,0.001206
b22,L1,125,331252.794649,331252.857313,331252.897476,met,0.001850
b22,L1,126,331254.794649,331254.933288,331255.633992,missed,0.645939
b22,L2,84,331254.794634,331254.959816,331256.506228,met,1.501420
b22,L1,127,331256.794649,331257.003604,331257.038979,met,0.001327
b22,L2,85,331257.794634,331257.876169,331257.921103,met,0.001503
b22,L1,128,331258.794649,331258.995408,331259.032228,met,0.003017
b22,L2,86,331260.794634,331260.932524,331260.975742,met,0.003975
b22,L1,129,331260.794649,331260.932463,331260.975881,met,0.003361
b22,L1,130,331262.794649,331263.002319,331263.041009,met,0.003802
b22,L2,87,331263.794634,331263.903344,331263.940814,met,0.001181
b22,L1,131,331264.794649,331264.860620,331264.898853,met,0.001205
b22,L1,132,331266.794649,331266.950482,331267.004018,met,0.003811
b22,L2,88,331266.794634,331266.951753,331267.003913,met,0.004442
b22,L1,133,331268.794649,331269.012155,331269.054455,met,0.003198
b22,L2,89,331269.794634,331269.863953,331269.903230,met,0.001147
b22,L1,134,331270.794649,331270.881124,331270.920181,met,0.001934
b22,L2,90,331272.794634,331272.960962,331273.010388,met,0.004839
b22,L1,135,331272.794649,331272.960969,331273.010388,met,0.004062
b22,L1,136,331274.794649,331274.947627,331274.992443,met,0.004936
b22,L2,91,331275.794634,331275.868383,331275.908437,met,0.001561
b22,L1,137,331276.794649,331276.868279,331276.907316,met,0.001388
b22,L2,92,331278.794634,331278.998940,331279.046979,met,0.004030
b22,L1,138,331278.794649,331278.999223,331279.046979,met,0.003473
b22,L1,139,331280.794649,331280.942599,331280.983417,met,0.003419
b22,L2,93,331281.794634,331281.967158,331282.006357,met,0.001430
b22,L1,140,331282.794649,331282.858686,331282.898640,met,0.002035
b22,L2,94,331284.794634,331284.940964,331284.984341,met,0.001319
b22,L1,141,331284.794649,331284.958640,331285.004018,met,0.003921
b22,L1,142,331286.794649,331286.878236,331287.358758,met,0.435040
b22,L2,95,331287.794634,331287.999801,331288.038170,met,0.001209
b22,L1,143,331288.794649,331288.863205,331288.901516,met,0.003609
b22,L2,96,331290.794634,331290.882634,331290.919415,met,0.001181
b22,L1,144,331290.794649,331290.897224,331290.936242,met,0.003193
b22,L1,145,331292.794649,331292.854894,331292.890795,met,0.001971
b22,L2,97,331293.794634,331293.994640,331294.031867,met,0.001202
b22,L1,146,331294.794649,331294.997647,331295.035923,met,0.003179
b22,L1,147,331296.794649,331296.891196,331296.929357,met,0.001290
b22,L2,98,331296.794634,331296.972837,331297.009752,met,0.001192
b22,L1,148,331298.794649,331298.883306,331298.921393,met,0.003568
b22,L2,99,331299.794634,331299.978278,331300.015867,met,0.000991
b22,L1,149,331300.794649,331300.995951,331301.034851,met,0.003163
b23,L2,0,331301.383085,331301.441373,331301.484242,met,0.001885
b23,L1,0,331301.383104,331301.441660,331301.484370,met,0.001375
b23,L1,1,331303.383104,331303.474450,331303.511681,met,0.003305
b23,L2,1,331304.383085,331304.512282,331304.550320,met,0.001110
b23,L1,2,331305.383104,331305.482547,331305.522265,met,0.003248
b23,L1,3,331307.383104,331307.598991,331307.649670,met,0.001627
b23,L2,2,331307.383085,331307.599059,331307.649631,met,0.001148
b23,L1,4,331309.383104,331309.605693,331309.657514,met,0.005311
b23,L2,3,331310.383085,331310.536086,331310.587293,met,0.001740
b23,L1,5,331311.383104,331311.589551,331311.838424,met,0.205691
b23,L1,6,331313.383104,331313.446043,331313.485143,met,0.001994
b23,L2,4,331313.383085,331313.461574,331313.500072,met,0.000747
b23,L1,7,331315.383104,331315.595697,331315.642423,met,0.002046
b23,L2,5,331316.383085,331316.595778,331316.644747,met,0.001762
b23,L1,8,331317.383104,331317.494917,331318.096991,missed,0.552681
b23,L1,9,331319.383104,331319.596737,331319.645272,met,0.002157
b23,L2,6,331319.383085,331319.594673,331319.645581,met,0.002956
b23,L1,10,331321.383104,331321.547806,331321.599726,met,0.004487
b23,L2,7,331322.383085,331322.591316,331322.629115,met,0.001202
b23,L1,11,331323.383104,331323.436220,331323.473625,met,0.001798
b23,L2,8,331325.383085,331325.463481,331325.501487,met,0.001303
b23,L1,12,331325.383104,331325.469969,331325.508985,met,0.003381
b23,L1,13,331327.383104,331327.466489,331327.505875,met,0.001821
b23,L2,9,331328.383085,331328.445713,331328.482506,met,0.000840
b23,L1,14,331329.383104,331329.559647,331329.598833,met,0.003342
b23,L2,10,331331.383085,331331.541319,331331.586608,met,0.003484
b23,L1,15,331331.383104,331331.541264,331331.586660,met,0.002965
b23,L1,16,331333.383104,331333.446645,331333.499265,met,0.015300
b23,L2,11,331334.383085,331334.556029,331334.594653,met,0.001267
b23,L1,17,331335.383104,331335.466198,331335.554525,met,0.048550
b23,L2,12,331337.383085,331337.463356,331337.498197,met,0.001139
b23,L1,18,331337.383104,331337.568584,331337.606701,met,0.002729
b23,L1,19,331339.383104,331339.435231,331339.474144,met,0.001772
b23,L2,13,331340.383085,331340.496378,331340.536547,met,0.001228
b23,L1,20,331341.383104,331341.450009,331341.505922,met,0.021341
b23,L1,21,331343.383104,331343.489854,331343.534772,met,0.002199
b23,L2,14,331343.383085,331343.561276,331343.610616,met,0.001151
b23,L1,22,331345.383104,331345.584632,331345.621008,met,0.001895
b23,L2,15,331346.383085,331346.474510,331346.511838,met,0.001223
b23,L1,23,331347.383104,331347.588197,331347.627747,met,0.001362
b23,L1,24,331349.383104,331349.544528,331349.851212,met,0.266191
b23,L2,16,331349.383085,331349.446327,331349.851043,met,0.361976
b23,L1,25,331351.383104,331351.516977,331351.552799,met,0.001241
b23,L2,17,331352.383085,331352.481667,331352.531241,met,0.013750
b23,L1,26,331353.383104,331353.578514,331353.618240,met,0.003740
b23,L2,18,331355.383085,331355.449512,331355.498652,met,0.009507
b23,L1,27,331355.383104,331355.464714,331355.541765,met,0.038715
b23,L1,28,331357.383104,331357.448848,331357.506383,met,0.019945
b23,L2,19,331358.383085,331358.504658,331358.544555,met,0.001145
b23,L1,29,331359.383104,331359.437067,331359.473660,met,0.002023
b23,L1,30,331361.383104,331361.478682,331361.544964,met,0.022645
b23,L2,20,331361.383085,331361.478712,331361.544957,met,0.023261
b23,L1,31,331363.383104,331363.442348,331363.478749,met,0.001339
b23,L2,21,331364.383085,331364.533896,331364.571186,met,0.000837
b23,L1,32,331365.383104,331365.525626,331365.563088,met,0.003313
b23,L2,22,331367.383085,331367.503370,331367.544826,met,0.003344
b23,L1,33,331367.383104,331367.457287,331367.544912,met,0.049584
b23,L1,34,331369.383104,331369.451151,331369.487273,met,0.001938
b23,L2,23,331370.383085,331370.465496,331370.526348,met,0.023633
b23,L1,35,331371.383104,331371.477944,331371.515837,met,0.002934
b23,L1,36,331373.383104,331373.445018,331373.528875,met,0.046079
b23,L2,24,331373.383085,331373.540717,331373.578895,met,0.000875
b23,L1,37,331375.383104,331375.437961,331375.476610,met,0.003337
b23,L2,25,331376.383085,331376.534343,331376.571231,met,0.000841
b23,L1,38,331377.383104,331377.451629,331377.491078,met,0.003164
b23,L1,39,331379.383104,331379.445841,331380.138417,missed,0.644689
b23,L2,26,331379.383085,331379.536577,331380.951350,met,1.374067
b23,L1,40,331381.383104,331381.459773,331381.496344,met,0.001421
b23,L2,27,331382.383085,331382.439803,331382.476705,met,0.001348
b23,L1,41,331383.383104,331383.470570,331384.164832,missed,0.647442
b23,L1,42,331385.383104,331385.463553,331385.507640,met,0.007516
b23,L2,28,331385.383085,331385.460861,331385.507535,met,0.007594
b23,L1,43,331387.383104,331387.528875,331387.564729,met,0.001356
b23,L2,29,331388.383085,331388.450778,331388.487926,met,0.001249
b23,L1,44,331389.383104,331389.560611,331389.597562,met,0.001341
b23,L1,45,331391.383104,331391.478275,331391.518409,met,0.003472
b23,L2,30,331391.383085,331391.580409,331391.617701,met,0.001133
b23,L1,46,331393.383104,331393.536164,331393.576995,met,0.003486
b23,L2,31,331394.383085,331394.539344,331394.577664,met,0.001232
b23,L1,47,331395.383104,331395.547624,331395.616360,met,0.030944
b23,L1,48,331397.383104,331397.459716,331397.501861,met,0.001754
b23,L2,32,331397.383085,331397.459726,331397.501961,met,0.000983
b23,L1,49,331399.383104,331399.572010,331399.611830,met,0.004197
b23,L2,33,331400.383085,331400.479366,331400.550110,met,0.033423
b23,L1,50,331401.383104,331401.434830,331401.472300,met,0.001790
b23,L2,34,331403.383085,331403.469926,331403.550997,met,0.040130
b23,L1,51,331403.383104,331403.496771,331403.551341,met,0.013822
b23,L1,52,331405.383104,331405.501562,331405.554404,met,0.013555
b23,L2,35,331406.383085,331406.507038,331406.545908,met,0.000876
b23,L1,53,331407.383104,331407.463454,331407.500621,met,0.000918
b23,L2,36,331409.383085,331409.442113,331409.481000,met,0.000844
b23,L1,54,331409.383104,331409.531890,331409.570399,met,0.001875
b23,L1,55,331411.383104,331411.461240,331412.094445,missed,0.583298
b23,L2,37,331412.383085,331412.481576,331412.518866,met,0.000876
b23,L1,56,331413.383104,331413.470221,331413.508548,met,0.000985
b23,L1,57,331415.383104,331415.452769,331415.494202,met,0.002196
b23,L2,38,331415.383085,331415.451540,331415.494313,met,0.000873
b23,L1,58,331417.383104,331417.463841,331417.500162,met,0.001349
b23,L2,39,331418.383085,331418.548140,331418.863872,met,0.275785
b23,L1,59,331419.383104,331419.454937,331419.492376,met,0.003215
b23,L1,60,331421.383104,331421.499679,331421.608218,met,0.068360
b23,L2,40,331421.383085,331421.499642,331421.608122,met,0.066858
b23,L1,61,331423.383104,331423.590613,331423.694014,met,0.067140
b23,L2,41,331424.383085,331424.488518,331424.525471,met,0.001255
b23,L1,62,331425.383104,331425.439335,331425.476463,met,0.001367
b23,L2,42,331427.383085,331427.439254,331427.492646,met,0.014633
b23,L1,63,331427.383104,331427.492633,331427.533205,met,0.001922
b23,L1,64,331429.383104,331429.465461,331429.502248,met,0.001297
b23,L2,43,331430.383085,331430.441735,331430.479849,met,0.001191
b23,L1,65,331431.383104,331431.460000,331431.633374,met,0.132264
b23,L1,66,331433.383104,331433.449490,331433.490686,met,0.001815
b23,L2,44,331433.383085,331433.457687,331433.497494,met,0.000843
b23,L1,67,331435.383104,331435.569477,331435.607045,met,0.001428
b23,L2,45,331436.383085,331436.520712,331436.637366,met,0.078891
b23,L1,68,331437.383104,331437.594511,331437.644405,met,0.005376
b23,L1,69,331439.383104,331439.462347,331439.501091,met,0.003322
b23,L2,46,331439.383085,331439.578007,331439.614249,met,0.000893
b23,L1,70,331441.383104,331441.584893,331442.286438,missed,0.648146
b23,L2,47,331442.383085,331442.443938,331442.934997,met,0.449320
b23,L1,71,331443.383104,331443.470982,331443.509798,met,0.001279
b23,L2,48,331445.383085,331445.445632,331445.482926,met,0.000847
b23,L1,72,331445.383104,331445.482963,331445.519664,met,0.001348
b23,L1,73,331447.383104,331447.466634,331447.528189,met,0.024806
b23,L2,49,331448.383085,331448.453889,331448.490599,met,0.001199
b23,L1,74,331449.383104,331449.475351,331449.515500,met,0.001878
b23,L1,75,331451.383104,331451.437497,331451.475173,met,0.001323
b23,L2,50,331451.383085,331451.456330,331451.494254,met,0.001186
b23,L1,76,331453.383104,331453.492158,331453.529438,met,0.003183
b23,L2,51,331454.383085,331454.497114,331454.533738,met,0.001091
b23,L1,77,331455.383104,331455.495943,331455.592049,met,0.054342
b23,L1,78,331457.383104,331457.575042,331457.676597,met,0.062313
b23,L2,52,331457.383085,331457.581779,331457.750268,met,0.128855
b23,L1,79,331459.383104,331459.554734,331459.591168,met,0.001291
b23,L2,53,331460.383085,331460.443168,331460.481456,met,0.001166
b23,L1,80,331461.383104,331461.490665,331461.529465,met,0.001294
b23,L2,54,331463.383085,331463.441432,331463.479003,met,0.000926
b23,L1,81,331463.383104,331463.482262,331463.521050,met,0.001939
b23,L1,82,331465.383104,331465.479667,331465.522963,met,0.003295
b23,L2,55,331466.383085,331466.447437,331466.486750,met,0.001121
b23,L1,83,331467.383104,331467.591733,331467.629304,met,0.002433
b23,L2,56,331469.383085,331469.443256,331469.480822,met,0.001232
b23,L1,84,331469.383104,331469.562530,331469.598720,met,0.001315
b23,L1,85,331471.383104,331471.441123,331471.480493,met,0.003313
b23,L2,57,331472.383085,331472.473825,331473.963198,met,1.445156
b23,L1,86,331473.383104,331473.537074,331474.178397,missed,0.595536
b23,L2,58,331475.383085,331475.499940,331475.537178,met,0.001163
b23,L1,87,331475.383104,331475.539551,331475.574722,met,0.001273
b23,L1,88,331477.383104,331477.568233,331477.616013,met,0.001510
b23,L2,59,331478.383085,331478.448865,331478.486001,met,0.001232
b23,L1,89,331479.383104,331479.457641,331479.496859,met,0.003439
b23,L1,90,331481.383104,331481.452716,331481.498192,met,0.003522
b23,L2,60,331481.383085,331481.452797,331481.498141,met,0.004244
b23,L1,91,331483.383104,331483.562994,331483.685560,met,0.084604
b23,L2,61,331484.383085,331484.500697,331484.535729,met,0.001291
b23,L1,92,331485.383104,331485.508177,331485.545133,met,0.001381
b23,L1,93,331487.383104,331487.453446,331487.494345,met,0.003318
b23,L2,62,331487.383085,331487.495355,331487.532231,met,0.001254
b23,L1,94,331489.383104,331489.454081,331489.521943,met,0.031406
b23,L2,63,331490.383085,331490.566772,331490.602521,met,0.001223
b23,L1,95,331491.383104,331491.586037,331491.622824,met,0.001270
b23,L2,64,331493.383085,331493.442797,331493.488101,met,0.001174
b23,L1,96,331493.383104,331493.442727,331493.488133,met,0.000937
b23,L1,97,331495.383104,331495.478837,331495.517748,met,0.001835
b23,L2,65,331496.383085,331496.495038,331496.534732,met,0.001232
b23,L1,98,331497.383104,331497.440775,331497.479943,met,0.001337
b23,L2,66,331499.383085,331499.446033,331499.483635,met,0.001211
b23,L1,99,331499.383104,331499.498666,331499.537302,met,0.003205
b23,L1,100,331501.383104,331501.457200,331501.496366,met,0.003398
b23,L2,67,331502.383085,331502.448993,331502.485765,met,0.001163
b23,L1,101,331503.383104,331503.490588,331504.187760,missed,0.646266
b23,L2,68,331505.383085,331505.484448,331505.521893,met,0.001208
b23,L1,102,331505.383104,331505.526779,331505.564391,met,0.001406
b23,L1,103,331507.383104,331507.452081,331507.489771,met,0.000932
b23,L2,69,331508.383085,331508.496125,331508.535634,met,0.001244
b23,L1,104,331509.383104,331509.478409,331509.518319,met,0.003206
b23,L2,70,331511.383085,331511.503923,331511.546526,met,0.003998
b23,L1,105,331511.383104,331511.503985,331511.546652,met,0.003300
b23,L1,106,331513.383104,331513.456711,331513.495340,met,0.001637
b23,L2,71,331514.383085,331514.507740,331514.543240,met,0.001214
b23,L1,107,331515.383104,331515.586979,331515.624420,met,0.003386
b23,L1,108,331517.383104,331517.433649,331517.474516,met,0.003339
b23,L2,72,331517.383085,331517.506085,331517.542578,met,0.001165
b23,L1,109,331519.383104,331519.450515,331519.486897,met,0.001356
b23,L2,73,331520.383085,331520.519335,331520.616082,met,0.061330
b23,L1,110,331521.383104,331521.585428,331521.623405,met,0.003168
b23,L2,74,331523.383085,331523.468104,331523.508313,met,0.000797
b23,L1,111,331523.383104,331523.577417,331523.614082,met,0.001752
b23,L1,112,331525.383104,331525.437146,331525.476033,met,0.003271
b23,L2,75,331526.383085,331526.503204,331526.539639,met,0.000812
b23,L1,113,331527.383104,331527.452452,331527.496501,met,0.003568
b23,L2,76,331529.383085,331529.446525,331529.490100,met,0.002201
b23,L1,114,331529.383104,331529.477889,331529.517939,met,0.001368
b23,L1,115,331531.383104,331531.442845,331531.484694,met,0.003214
b23,L2,77,331532.383085,331532.452510,331532.491263,met,0.001191
b23,L1,116,331533.383104,331533.560653,331533.597410,met,0.001276
b23,L1,117,331535.383104,331535.476864,331535.903048,met,0.378292
b23,L2,78,331535.383085,331535.476863,331536.111886,met,0.591176
b23,L1,118,331537.383104,331537.528803,331537.567890,met,0.001315
b23,L2,79,331538.383085,331538.493918,331538.532414,met,0.001208
b23,L1,119,331539.383104,331539.520004,331539.559519,met,0.003562
b23,L1,120,331541.383104,331541.462309,331541.583654,met,0.083232
b23,L2,80,331541.383085,331541.492538,331541.726597,met,0.195900
b23,L1,121,331543.383104,331543.443724,331543.483496,met,0.002839
b23,L2,81,331544.383085,331544.494236,331544.532669,met,0.001112
b23,L1,122,331545.383104,331545.558955,331545.705421,met,0.107851
b23,L2,82,331547.383085,331547.444034,331547.481370,met,0.000835
b23,L1,123,331547.383104,331547.556151,331547.594362,met,0.001355
b23,L1,124,331549.383104,331549.486299,331549.536116,met,0.006090
b23,L2,83,331550.383085,331550.532524,331550.677526,met,0.104781
b23,L1,125,331551.383104,331551.593931,331551.644625,met,0.002423
b23,L1,126,331553.383104,331553.543872,331553.586662,met,0.002084
b23,L2,84,331553.383085,331553.583220,331553.622467,met,0.000872
b23,L1,127,331555.383104,331555.528108,331555.591092,met,0.025820
b23,L2,85,331556.383085,331556.485132,331556.523417,met,0.001196
b23,L1,128,331557.383104,331557.536755,331557.576134,met,0.003302
b23,L2,86,331559.383085,331559.441017,331559.479347,met,0.001160
b23,L1,129,331559.383104,331559.567270,331559.603154,met,0.001300
b23,L1,130,331561.383104,331561.563352,331561.602339,met,0.003323
b23,L2,87,331562.383085,331562.529759,331562.568012,met,0.001153
b23,L1,131,331563.383104,331563.578968,331563.617854,met,0.003361
b23,L2,88,331565.383085,331565.472801,331565.510798,met,0.001291
b23,L1,132,331565.383104,331565.578386,331566.271599,missed,0.644377
b23,L1,133,331567.383104,331567.579447,331567.617702,met,0.001359
b23,L2,89,331568.383085,331568.456595,331568.495746,met,0.001288
b23,L1,134,331569.383104,331569.542994,331569.582037,met,0.001462
b23,L2,90,331571.383085,331571.440556,331571.478691,met,0.001287
b23,L1,135,331571.383104,331571.572713,331571.612010,met,0.003391
b23,L1,136,331573.383104,331573.439321,331573.479293,met,0.003267
b23,L2,91,331574.383085,331574.583233,331574.620536,met,0.001168
b23,L1,137,331575.383104,331575.582230,331575.619253,met,0.001231
b23,L2,92,331577.383085,331577.578378,331577.619697,met,0.001353
b23,L1,138,331577.383104,331577.578416,331577.621308,met,0.003924
b23,L1,139,331579.383104,331579.457255,331579.497342,met,0.003742
b23,L2,93,331580.383085,331580.450442,331580.488774,met,0.001180
b23,L1,140,331581.383104,331581.466762,331581.504781,met,0.001375
b23,L1,141,331583.383104,331583.512019,331583.551265,met,0.000906
b23,L2,94,331583.383085,331583.564275,331583.606030,met,0.000825
b23,L1,142,331585.383104,331585.487158,331585.534515,met,0.003427
b23,L2,95,331586.383085,331586.576144,331586.624853,met,0.001221
b23,L1,143,331587.383104,331587.508690,331587.594585,met,0.047310
b23,L1,144,331589.383104,331589.491496,331589.539236,met,0.002489
b23,L2,96,331589.383085,331589.491484,331589.539377,met,0.003456
b23,L1,145,331591.383104,331591.572623,331591.612305,met,0.003349
b23,L2,97,331592.383085,331592.513656,331592.551486,met,0.001252
b23,L1,146,331593.383104,331593.539702,331593.579228,met,0.003146
b23,L1,147,331595.383104,331595.560915,331595.604797,met,0.003407
b23,L2,98,331595.383085,331595.560903,331595.604776,met,0.004011
b23,L1,148,331597.383104,331597.586574,331598.276757,missed,0.640749
b23,L2,99,331598.383085,331598.483592,331598.946073,met,0.422376
b23,L1,149,331599.383104,331599.482098,331599.523401,met,0.003271
b24,L2,0,331599.893524,331599.954136,331600.000234,met,0.003621
b24,L1,0,331599.893448,331599.954184,331600.000443,met,0.003163
b24,L1,1,331601.893448,331602.022121,331602.059892,met,0.001127
b24,L2,1,331602.893524,331603.005495,331603.313635,met,0.269647
b24,L1,2,331603.893448,331604.041202,331604.082030,met,0.003567
b24,L2,2,331605.893524,331606.079390,331606.123522,met,0.001129
b24,L1,3,331605.893448,331606.079467,331606.123516,met,0.001759
b24,L1,4,331607.893448,331608.029756,331608.071272,met,0.003432
b24,L2,3,331608.893524,331609.074133,331609.109623,met,0.001217
b24,L1,5,331609.893448,331610.087613,331610.126699,met,0.003375
b24,L2,4,331611.893524,331611.964781,331612.003925,met,0.001034
b24,L1,6,331611.893448,331612.084459,331612.129342,met,0.006117
b24,L1,7,331613.893448,331614.078094,331614.126822,met,0.002171
b24,L2,5,331614.893524,331614.968884,331615.009951,met,0.001155
b24,L1,8,331615.893448,331616.042220,331616.081385,met,0.001505
b24,L1,9,331617.893448,331617.976519,331618.015523,met,0.002156
b24,L2,6,331617.893524,331617.985032,331618.022280,met,0.001153
b24,L1,10,331619.893448,331619.952892,331619.992565,met,0.003566
b24,L2,7,331620.893524,331620.990804,331621.026788,met,0.001168
b24,L1,11,331621.893448,331622.090773,331622.128153,met,0.001334
b24,L2,8,331623.893524,331624.095603,331624.137292,met,0.001266
b24,L1,12,331623.893448,331624.095527,331624.138629,met,0.004090
b24,L1,13,331625.893448,331626.000199,331626.038678,met,0.003397
b24,L2,9,331626.893524,331627.090494,331627.129313,met,0.001199
b24,L1,14,331627.893448,331628.017432,331628.697645,missed,0.627633
b24,L2,10,331629.893524,331629.952398,331629.991597,met,0.000891
b24,L1,15,331629.893448,331630.008336,331630.048870,met,0.000928
b24,L1,16,331631.893448,331632.024281,331632.072972,met,0.001107
b24,L2,11,331632.893524,331632.965487,331633.004434,met,0.001348
b24,L1,17,331633.893448,331633.995456,331634.035747,met,0.001819
b24,L1,18,331635.893448,331635.958428,331636.023790,met,0.003093
b24,L2,12,331635.893524,331635.958849,331636.024157,met,0.003341
b24,L1,19,331637.893448,331637.989960,331638.046533,met,0.001330
b24,L2,13,331638.893524,331639.137578,331639.857730,met,0.648709
b24,L1,20,331639.893448,331640.003818,331640.079864,met,0.003548
b24,L2,14,331641.893524,331642.058525,331642.100844,met,0.000816
b24,L1,21,331641.893448,331642.130966,331642.315925,met,0.135493
b24,L1,22,331643.893448,331643.984005,331644.030073,met,0.001116
b24,L2,15,331644.893524,331644.957579,331645.232025,met,0.232030
b24,L1,23,331645.893448,331645.988651,331646.028472,met,0.002850
b24,L1,24,331647.893448,331648.062162,331648.104759,met,0.004080
b24,L2,16,331647.893524,331648.071464,331648.109275,met,0.001200
b24,L1,25,331649.893448,331650.062635,331650.102679,met,0.003450
b24,L2,17,331650.893524,331651.040180,331651.078891,met,0.000842
b24,L1,26,331651.893448,331652.041250,331652.081910,met,0.001778
b24,L1,27,331653.893448,331654.011884,331654.071261,met,0.022551
b24,L2,18,331653.893524,331654.046744,331654.085756,met,0.001061
b24,L1,28,331655.893448,331655.951888,331655.991693,met,0.003260
b24,L2,19,331656.893524,331656.963746,331657.016725,met,0.001065
b24,L1,29,331657.893448,331658.020169,331658.082735,met,0.007611
b24,L1,30,331659.893448,331660.072519,331660.703485,missed,0.549301
b24,L2,20,331659.893524,331660.082333,331662.350691,missed,2.146224
b24,L1,31,331661.893448,331662.013694,331662.771971,missed,0.649737
b24,L2,21,331662.893524,331663.140944,331663.332893,met,0.126288
b24,L1,32,331663.893448,331664.152695,331664.825648,missed,0.608943
b24,L2,22,331665.893524,331666.011473,331666.075918,met,0.003967
b24,L1,33,331665.893448,331666.011536,331666.075922,met,0.003593
b24,L1,34,331667.893448,331667.988747,331668.073433,met,0.016355
b24,L2,23,331668.893524,331669.055114,331669.159495,met,0.001301
b24,L1,35,331669.893448,331670.106092,331670.179650,met,0.001944
b24,L1,36,331671.893448,331672.119407,331672.429009,met,0.250067
b24,L2,24,331671.893524,331672.218143,331672.428515,met,0.146718
b24,L1,37,331673.893448,331673.989313,331674.037009,met,0.002198
b24,L2,25,331674.893524,331674.986998,331675.026082,met,0.001265
b24,L1,38,331675.893448,331676.027962,331676.065556,met,0.001359
b24,L1,39,331677.893448,331678.042363,331678.089168,met,0.002882
b24,L2,26,331677.893524,331678.080397,331678.288258,met,0.169926
b24,L1,40,331679.893448,331680.051495,331680.099822,met,0.009012
b24,L2,27,331680.893524,331680.994227,331681.039001,met,0.001616
b24,L1,41,331681.893448,331682.030480,331682.077803,met,0.002095
b24,L2,28,331683.893524,331684.107090,331684.156907,met,0.002349
b24,L1,42,331683.893448,331684.107211,331684.159823,met,0.006973
b24,L1,43,331685.893448,331686.046338,331686.190521,met,0.094544
b24,L2,29,331686.893524,331686.950587,331687.006306,met,0.013659
b24,L1,44,331687.893448,331688.109815,331688.157616,met,0.004115
b24,L1,45,331689.893448,331689.969577,331690.012796,met,0.003626
b24,L2,30,331689.893524,331690.012803,331690.054490,met,0.001281
b24,L1,46,331691.893448,331692.053116,331692.525949,met,0.428971
b24,L2,31,331692.893524,331693.075385,331693.111611,met,0.001206
b24,L1,47,331693.893448,331693.978354,331694.016114,met,0.000960
b24,L2,32,331695.893524,331695.957546,331695.994926,met,0.001469
b24,L1,48,331695.893448,331695.978551,331696.018825,met,0.003892
b24,L1,49,331697.893448,331697.948417,331697.989927,met,0.002920
b24,L2,33,331698.893524,331699.072467,331699.109774,met,0.001194
b24,L1,50,331699.893448,331700.076320,331700.116068,met,0.002479
b24,L2,34,331701.893524,331702.058859,331702.095645,met,0.001330
b24,L1,51,331701.893448,331702.056106,331702.098120,met,0.004104
b24,L1,52,331703.893448,331703.988512,331704.024994,met,0.001299
b24,L2,35,331704.893524,331704.975863,331705.012914,met,0.001257
b24,L1,53,331705.893448,331706.088728,331706.129345,met,0.003430
b24,L2,36,331707.893524,331707.950198,331707.988085,met,0.001176
b24,L1,54,331707.893448,331708.085610,331708.126195,met,0.003389
b24,L1,55,331709.893448,331710.016685,331710.054610,met,0.001448
b24,L2,37,331710.893524,331710.943323,331710.980574,met,0.000861
b24,L1,56,331711.893448,331711.952866,331711.990924,met,0.003366
b24,L2,38,331713.893524,331713.981657,331714.018877,met,0.001229
b24,L1,57,331713.893448,331714.032237,331714.074137,met,0.003390
b24,L1,58,331715.893448,331715.975833,331716.014865,met,0.001275
b24,L2,39,331716.893524,331717.047112,331717.086785,met,0.001231
b24,L1,59,331717.893448,331718.044304,331718.084135,met,0.003080
b24,L2,40,331719.893524,331719.968363,331720.007448,met,0.001218
b24,L1,60,331719.893448,331720.012730,331720.054756,met,0.003449
b24,L1,61,331721.893448,331721.949669,331721.987091,met,0.001322
b24,L2,41,331722.893524,331723.096079,331723.657162,met,0.519506
b24,L1,62,331723.893448,331723.997774,331724.048400,met,0.003906
b24,L1,63,331725.893448,331725.960937,331726.111005,met,0.111669
b24,L2,42,331725.893524,331725.955046,331726.111021,met,0.117140
b24,L1,64,331727.893448,331728.004144,331728.043845,met,0.003470
b24,L2,43,331728.893524,331728.966033,331729.003438,met,0.001120
b24,L1,65,331729.893448,331729.950335,331729.991712,met,0.002129
b24,L2,44,331731.893524,331732.003261,331732.042353,met,0.001265
b24,L1,66,331731.893448,331732.026544,331732.065473,met,0.001240
b24,L1,67,331733.893448,331733.958653,331733.997342,met,0.001835
b24,L2,45,331734.893524,331735.026603,331735.064132,met,0.001210
b24,L1,68,331735.893448,331736.053032,331736.092126,met,0.003519
b24,L2,46,331737.893524,331737.964365,331738.001120,met,0.001222
b24,L1,69,331737.893448,331738.082059,331738.119547,met,0.001025
b24,L1,70,331739.893448,331740.029227,331740.068138,met,0.001812
b24,L2,47,331740.893524,331741.004439,331741.042337,met,0.001185
b24,L1,71,331741.893448,331742.076585,331742.116954,met,0.003331
b24,L1,72,331743.893448,331743.944184,331743.984052,met,0.002923
b24,L2,48,331743.893524,331743.986073,331744.021587,met,0.001211
b24,L1,73,331745.893448,331745.955361,331745.993952,met,0.003394
b24,L2,49,331746.893524,331746.963178,331747.002053,met,0.001354
b24,L1,74,331747.893448,331748.011457,331748.048806,met,0.001382
b24,L2,50,331749.893524,331749.965983,331750.002571,met,0.000930
b24,L1,75,331749.893448,331749.997637,331750.039254,met,0.003333
b24,L1,76,331751.893448,331752.060453,331752.100216,met,0.001309
b24,L2,51,331752.893524,331753.080234,331753.350024,met,0.230043
b24,L1,77,331753.893448,331754.002800,331754.637654,missed,0.581430
b24,L1,78,331755.893448,331755.961689,331756.008497,met,0.001214
b24,L2,52,331755.893524,331755.987656,331756.036026,met,0.001042
b24,L1,79,331757.893448,331758.019197,331758.061901,met,0.003603
b24,L2,53,331758.893524,331758.954208,331758.990907,met,0.001192
b24,L1,80,331759.893448,331760.011790,331760.051967,met,0.003504
b24,L2,54,331761.893524,331761.986051,331762.023380,met,0.001176
b24,L1,81,331761.893448,331762.052804,331762.092072,met,0.003437
b24,L1,82,331763.893448,331764.027825,331764.065741,met,0.003143
b24,L2,55,331764.893524,331765.063608,331765.102248,met,0.001168
b24,L1,83,331765.893448,331766.062614,331766.101035,met,0.003256
b24,L1,84,331767.893448,331768.031721,331768.073289,met,0.003135
b24,L2,56,331767.893524,331768.051243,331768.088498,met,0.001068
b24,L1,85,331769.893448,331770.095457,331770.135766,met,0.003209
b24,L2,57,331770.893524,331771.037109,331771.077018,met,0.001223
b24,L1,86,331771.893448,331771.974849,331772.057707,met,0.043605
b24,L2,58,331773.893524,331774.057695,331774.104953,met,0.002508
b24,L1,87,331773.893448,331774.056404,331774.105195,met,0.002156
b24,L1,88,331775.893448,331776.045731,331776.084649,met,0.002217
b24,L2,59,331776.893524,331776.995968,331777.037156,met,0.001160
b24,L1,89,331777.893448,331778.036204,331778.077903,met,0.001704
b24,L2,60,331779.893524,331779.947718,331779.986048,met,0.000929
b24,L1,90,331779.893448,331779.953727,331779.992257,met,0.003271
b24,L1,91,331781.893448,331782.078569,331782.119635,met,0.003683
b24,L2,61,331782.893524,331782.951128,331782.990042,met,0.000875
b24,L1,92,331783.893448,331783.965816,331784.004192,met,0.001222
b24,L2,62,331785.893524,331786.016486,331786.180424,met,0.124895
b24,L1,93,331785.893448,331785.964332,331786.180706,met,0.175410
b24,L1,94,331787.893448,331788.006220,331788.046025,met,0.001369
b24,L2,63,331788.893524,331788.954302,331788.995801,met,0.001226
b24,L1,95,331789.893448,331790.057140,331790.097476,met,0.003474
b24,L2,64,331791.893524,331791.960813,331792.001086,met,0.001163
b24,L1,96,331791.893448,331791.967520,331792.011364,met,0.003683
b24,L1,97,331793.893448,331794.011368,331794.051797,met,0.001477
b24,L2,65,331794.893524,331794.970808,331795.007989,met,0.001171
b24,L1,98,331795.893448,331796.058181,331796.098033,met,0.003207
b24,L1,99,331797.893448,331797.949476,331797.989109,met,0.001979
b24,L2,66,331797.893524,331797.977489,331798.015797,met,0.000810
b24,L1,100,331799.893448,331799.976835,331800.014097,met,0.001330
b24,L2,67,331800.893524,331801.000477,331801.038033,met,0.001219
b24,L1,101,331801.893448,331802.008345,331802.046953,met,0.002993
b24,L2,68,331803.893524,331803.991960,331804.031127,met,0.001246
b24,L1,102,331803.893448,331804.007867,331804.047688,met,0.003254
b24,L1,103,331805.893448,331805.959003,331805.999903,met,0.002947
b24,L2,69,331806.893524,331806.964437,331807.001706,met,0.000870
b24,L1,104,331807.893448,331808.039578,331808.085757,met,0.003074
b24,L1,105,331809.893448,331810.026095,331810.068005,met,0.002147
b24,L2,70,331809.893524,331810.071393,331810.107400,met,0.001255
b24,L1,106,331811.893448,331812.044264,331812.094422,met,0.004726
b24,L2,71,331812.893524,331813.094003,331813.131353,met,0.000914
b24,L1,107,331813.893448,331814.100967,331814.155261,met,0.008115
b24,L1,108,331815.893448,331815.980604,331816.684327,missed,0.649138
b24,L2,72,331815.893524,331815.980551,331817.407791,met,1.378938
b24,L1,109,331817.893448,331818.051925,331818.093850,met,0.002769
b24,L2,73,331818.893524,331818.973292,331819.014416,met,0.001156
b24,L1,110,331819.893448,331819.999896,331820.042879,met,0.001794
b24,L2,74,331821.893524,331821.989916,331822.032535,met,0.001287
b24,L1,111,331821.893448,331822.073681,331822.114585,met,0.003657
b24,L1,112,331823.893448,331823.953711,331823.995269,met,0.001426
b24,L2,75,331824.893524,331825.098463,331825.141450,met,0.001236
b24,L1,113,331825.893448,331825.957149,331825.997221,met,0.001983
b24,L2,76,331827.893524,331827.983869,331828.024371,met,0.001312
b24,L1,114,331827.893448,331828.095573,331828.133876,met,0.002605
b24,L1,115,331829.893448,331829.995135,331830.038152,met,0.001825
b24,L2,77,331830.893524,331831.038693,331831.123256,met,0.001786
b24,L1,116,331831.893448,331832.035649,331832.184658,met,0.081049
b24,L2,78,331833.893524,331833.996319,331834.044522,met,0.001137
b24,L1,117,331833.893448,331834.134863,331834.179837,met,0.000977
b24,L1,118,331835.893448,331836.027356,331836.069410,met,0.001853
b24,L2,79,331836.893524,331836.961392,331837.001421,met,0.000832
b24,L1,119,331837.893448,331838.045161,331838.126021,met,0.038548
b24,L2,80,331839.893524,331839.958898,331839.997507,met,0.001277
b24,L1,120,331839.893448,331839.986320,331840.022929,met,0.001318
b24,L1,121,331841.893448,331841.971628,331842.014914,met,0.002363
b24,L2,81,331842.893524,331842.977375,331843.019114,met,0.000956
b24,L1,122,331843.893448,331844.058833,331844.131546,met,0.033150
b24,L1,123,331845.893448,331845.962885,331846.016248,met,0.001095
b24,L2,82,331845.893524,331846.048065,331846.094978,met,0.000952
b24,L1,124,331847.893448,331847.994558,331848.206091,met,0.162936
b24,L2,83,331848.893524,331849.071367,331849.311856,met,0.191463
b24,L1,125,331849.893448,331849.968442,331850.009564,met,0.000955
b24,L2,84,331851.893524,331851.971664,331852.013444,met,0.000924
b24,L1,126,331851.893448,331852.065742,331852.106465,met,0.001830
b24,L1,127,331853.893448,331853.949593,331853.991643,met,0.001806
b24,L2,85,331854.893524,331854.960456,331854.999074,met,0.000796
b24,L1,128,331855.893448,331856.005502,331856.047413,met,0.003199
b24,L1,129,331857.893448,331858.024036,331858.130676,met,0.063665
b24,L2,86,331857.893524,331858.023861,331858.130787,met,0.062292
b24,L1,130,331859.893448,331859.979158,331860.019742,met,0.000942
b24,L2,87,331860.893524,331861.033184,331861.074438,met,0.000865
b24,L1,131,331861.893448,331861.980182,331862.022534,met,0.001844
b24,L1,132,331863.893448,331863.983296,331864.245431,met,0.215080
b24,L2,88,331863.893524,331864.009343,331864.245648,met,0.192365
b24,L1,133,331865.893448,331865.962024,331866.003179,met,0.000913
b24,L2,89,331866.893524,331866.982491,331867.022503,met,0.000900
b24,L1,134,331867.893448,331867.989268,331868.056287,met,0.026767
b24,L1,135,331869.893448,331869.955649,331869.999600,met,0.001872
b24,L2,90,331869.893524,331869.999537,331870.040352,met,0.000906
b24,L1,136,331871.893448,331871.965690,331872.004963,met,0.001273
b24,L2,91,331872.893524,331873.012380,331873.058121,met,0.004141
b24,L1,137,331873.893448,331873.951857,331873.992792,met,0.001865
b24,L1,138,331875.893448,331875.969666,331876.010026,met,0.001910
b24,L2,92,331875.893524,331875.976383,331876.017447,met,0.000725
b24,L1,139,331877.893448,331878.079408,331878.709731,missed,0.579160
b24,L2,93,331878.893524,331879.094112,331879.204917,met,0.068698
b24,L1,140,331879.893448,331880.094967,331880.134757,met,0.000987
b24,L1,141,331881.893448,331881.957841,331881.997745,met,0.000922
b24,L2,94,331881.893524,331882.028214,331882.067623,met,0.000810
b24,L1,142,331883.893448,331884.099054,331884.139234,met,0.002139
b24,L2,95,331884.893524,331884.956542,331885.008314,met,0.000998
b24,L1,143,331885.893448,331885.963780,331886.005954,met,0.001809
b24,L1,144,331887.893448,331888.017104,331888.059453,met,0.001061
b24,L2,96,331887.893524,331888.108174,331889.141958,met,0.989792
b24,L1,145,331889.893448,331889.968688,331890.011571,met,0.001910
b24,L2,97,331890.893524,331891.027099,331891.069568,met,0.000906
b24,L1,146,331891.893448,331892.012205,331892.051459,met,0.000947
b24,L2,98,331893.893524,331893.996878,331894.150003,met,0.110557
b24,L1,147,331893.893448,331894.030100,331894.181686,met,0.113593
b24,L1,148,331895.893448,331895.964763,331896.004732,met,0.000885
b24,L2,99,331896.893524,331896.956072,331896.996224,met,0.000861
b24,L1,149,331897.893448,331897.951559,331897.990286,met,0.002036
b25,L1,0,331898.363067,331898.423602,331898.468024,met,0.001101
b25,L2,0,331898.363050,331898.423500,331898.467880,met,0.000914
b25,L1,1,331900.363067,331900.509857,331900.551090,met,0.001779
b25,L2,1,331901.363050,331901.476152,331901.516781,met,0.000846
b25,L1,2,331902.363067,331902.486267,331902.526598,met,0.000920
b25,L1,3,331904.363067,331904.424935,331904.470405,met,0.002003
b25,L2,2,331904.363050,331904.451133,331904.493496,met,0.000856
b25,L1,4,331906.363067,331906.437617,331906.479298,met,0.001741
b25,L2,3,331907.363050,331907.430366,331907.471967,met,0.000976
b25,L1,5,331908.363067,331908.442001,331908.483478,met,0.000907
b25,L2,4,331910.363050,331910.432865,331910.965115,met,0.484788
b25,L1,6,331910.363067,331910.549977,331910.965035,met,0.371668
b25,L1,7,331912.363067,331912.433950,331912.478775,met,0.000997
b25,L2,5,331913.363050,331913.463527,331913.515288,met,0.001054
b25,L1,8,331914.363067,331914.588494,331914.634515,met,0.002522
b25,L1,9,331916.363067,331916.433923,331916.474596,met,0.001863
b25,L2,6,331916.363050,331916.455632,331916.497639,met,0.000798
b25,L1,10,331918.363067,331918.436655,331918.475935,met,0.000944
b25,L2,7,331919.363050,331919.433107,331919.472986,met,0.000867
b25,L1,11,331920.363067,331920.423062,331920.463129,met,0.001769
b25,L2,8,331922.363050,331922.442851,331922.484948,met,0.000865
b25,L1,12,331922.363067,331922.497856,331922.540140,met,0.002037
b25,L1,13,331924.363067,331924.527758,331924.572231,met,0.001188
b25,L2,9,331925.363050,331925.444392,331925.487924,met,0.001121
b25,L1,14,331926.363067,331926.495429,331926.542240,met,0.002163
b25,L1,15,331928.363067,331928.528526,331928.578639,met,0.001864
b25,L2,10,331928.363050,331928.528684,331928.578582,met,0.002149
b25,L1,16,331930.363067,331930.557223,331930.602726,met,0.001971
b25,L2,11,331931.363050,331931.577735,331931.619406,met,0.000910
b25,L1,17,331932.363067,331932.573356,331932.617283,met,0.001993
b25,L1,18,331934.363067,331934.461396,331934.504592,met,0.001913
b25,L2,12,331934.363050,331934.569360,331934.611662,met,0.000872
b25,L1,19,331936.363067,331936.527481,331936.570654,met,0.001844
b25,L2,13,331937.363050,331937.564015,331937.609709,met,0.001075
b25,L1,20,331938.363067,331938.540198,331938.583829,met,0.001914
b25,L1,21,331940.363067,331940.551973,331941.254523,missed,0.644430
b25,L2,14,331940.363050,331940.428877,331941.461840,met,0.986222
b25,L1,22,331942.363067,331942.445957,331942.486876,met,0.000955
b25,L2,15,331943.363050,331943.569977,331943.613904,met,0.000829
b25,L1,23,331944.363067,331944.518133,331944.557571,met,0.001826
b25,L1,24,331946.363067,331946.429486,331946.475578,met,0.002132
b25,L2,16,331946.363050,331946.429378,331946.475622,met,0.000955
b25,L1,25,331948.363067,331948.558523,331948.602820,met,0.001973
b25,L2,17,331949.363050,331949.507006,331949.548686,met,0.000853
b25,L1,26,331950.363067,331950.573338,331950.617129,met,0.002087
b25,L2,18,331952.363050,331952.562248,331952.608961,met,0.002248
b25,L1,27,331952.363067,331952.562163,331952.608954,met,0.001885
b25,L1,28,331954.363067,331954.542059,331954.581622,met,0.002217
b25,L2,19,331955.363050,331955.512809,331955.553228,met,0.000819
b25,L1,29,331956.363067,331956.537337,331956.577872,met,0.001772
b25,L2,20,331958.363050,331958.436962,331958.476387,met,0.000917
b25,L1,30,331958.363067,331958.514850,331958.555645,met,0.000953
b25,L1,31,331960.363067,331960.518549,331960.560089,met,0.001965
b25,L2,21,331961.363050,331961.561054,331961.601394,met,0.000941
b25,L1,32,331962.363067,331962.504273,331962.545111,met,0.001857
b25,L2,22,331964.363050,331964.543130,331964.589445,met,0.000984
b25,L1,33,331964.363067,331964.561510,331964.605808,met,0.000894
b25,L1,34,331966.363067,331966.454476,331966.496194,met,0.001961
b25,L2,23,331967.363050,331967.571055,331967.666177,met,0.052070
b25,L1,35,331968.363067,331968.492277,331968.541033,met,0.010211
b25,L2,24,331970.363050,331970.547895,331970.589389,met,0.000925
b25,L1,36,331970.363067,331970.559736,331970.602849,met,0.001203
b25,L1,37,331972.363067,331972.571541,331973.276027,missed,0.648191
b25,L2,25,331973.363050,331973.522922,331973.731625,met,0.163361
b25,L1,38,331974.363067,331974.472306,331974.515656,met,0.000911
b25,L2,26,331976.363050,331976.510661,331976.551121,met,0.000925
b25,L1,39,331976.363067,331976.534841,331976.576909,met,0.001894
b25,L1,40,331978.363067,331978.454434,331978.495140,met,0.001857
b25,L2,27,331979.363050,331979.444652,331979.483824,met,0.000862
b25,L1,41,331980.363067,331980.562823,331980.604018,met,0.001788
b25,L2,28,331982.363050,331982.549708,331982.608930,met,0.017231
b25,L1,42,331982.363067,331982.512903,331982.608974,met,0.053938
b25,L1,43,331984.363067,331984.467554,331984.505617,met,0.000886
b25,L2,29,331985.363050,331985.437513,331985.477101,met,0.000869
b25,L1,44,331986.363067,331986.428572,331986.469708,met,0.001781
b25,L1,45,331988.363067,331988.494078,331988.539451,met,0.002140
b25,L2,30,331988.363050,331988.494190,331988.539475,met,0.000941
b25,L1,46,331990.363067,331990.466318,331990.504297,met,0.001344
b25,L2,31,331991.363050,331991.482961,331991.522503,met,0.000818
b25,L1,47,331992.363067,331992.436550,331992.483523,met,0.008903
b25,L2,32,331994.363050,331994.427084,331994.469740,met,0.000871
b25,L1,48,331994.363067,331994.427211,331994.469961,met,0.002100
b25,L1,49,331996.363067,331996.473995,331996.515098,met,0.000981
b25,L2,33,331997.363050,331997.553704,331997.610445,met,0.016763
b25,L1,50,331998.363067,331998.438870,331998.480795,met,0.002019
b25,L1,51,332000.363067,332000.422056,332000.463586,met,0.001936
b25,L2,34,332000.363050,332000.497459,332000.538278,met,0.000872
b25,L1,52,332002.363067,332002.425188,332003.106149,missed,0.628066
b25,L2,35,332003.363050,332003.569484,332004.026310,met,0.412145
b25,L1,53,332004.363067,332004.569612,332004.941275,met,0.329046
b25,L1,54,332006.363067,332006.570011,332006.619069,met,0.001249
b25,L2,36,332006.363050,332006.570012,332006.619218,met,0.000939
b25,L1,55,332008.363067,332008.494186,332008.540712,met,0.002117
b25,L2,37,332009.363050,332009.574405,332009.615674,met,0.000932
b25,L1,56,332010.363067,332010.476319,332010.515935,met,0.001881
b25,L1,57,332012.363067,332012.450029,332012.490321,met,0.001000
b25,L2,38,332012.363050,332012.473856,332012.518024,met,0.001119
b25,L1,58,332014.363067,332014.509983,332014.555978,met,0.001896
b25,L2,39,332015.363050,332015.463729,332015.505750,met,0.000884
b25,L1,59,332016.363067,332016.536111,332016.582291,met,0.002052
b25,L2,40,332018.363050,332018.425775,332018.468712,met,0.001149
b25,L1,60,332018.363067,332018.432872,332018.476004,met,0.001421
b25,L1,61,332020.363067,332020.452971,332020.511298,met,0.017760
b25,L2,41,332021.363050,332021.456011,332021.496581,met,0.000880
b25,L1,62,332022.363067,332022.573172,332022.616955,met,0.002030
b25,L2,42,332024.363050,332024.495043,332024.534690,met,0.000881
b25,L1,63,332024.363067,332024.528219,332024.570507,met,0.001931
b25,L1,64,332026.363067,332026.514204,332026.556929,met,0.001904
b25,L2,43,332027.363050,332027.538982,332027.581502,met,0.000879
b25,L1,65,332028.363067,332028.542430,332028.611247,met,0.028333
b25,L1,66,332030.363067,332030.503310,332030.541796,met,0.001291
b25,L2,44,332030.363050,332030.571803,332030.611048,met,0.001086
b25,L1,67,332032.363067,332032.533904,332032.575099,met,0.003500
b25,L2,45,332033.363050,332033.480973,332033.523538,met,0.000909
b25,L1,68,332034.363067,332034.471124,332035.130316,missed,0.604786
b25,L2,46,332036.363050,332036.427725,332036.470606,met,0.000815
b25,L1,69,332036.363067,332036.541301,332036.586563,met,0.000984
b25,L1,70,332038.363067,332038.556554,332038.599665,met,0.001030
b25,L2,47,332039.363050,332039.566857,332039.607077,met,0.001154
b25,L1,71,332040.363067,332040.449726,332040.512487,met,0.024240
b25,L2,48,332042.363050,332042.540384,332042.579448,met,0.001187
b25,L1,72,332042.363067,332042.563784,332042.602922,met,0.001278
b25,L1,73,332044.363067,332044.433546,332044.469887,met,0.001812
b25,L2,49,332045.363050,332045.498986,332045.537813,met,0.001286
b25,L1,74,332046.363067,332046.551355,332046.592563,met,0.002274
b25,L1,75,332048.363067,332048.433006,332048.473046,met,0.002265
b25,L2,50,332048.363050,332048.440947,332048.478611,met,0.001089
b25,L1,76,332050.363067,332050.566493,332050.604570,met,0.003442
b25,L2,51,332051.363050,332051.489036,332051.526930,met,0.000883
b25,L1,77,332052.363067,332052.430961,332052.470428,met,0.001130
b25,L1,78,332054.363067,332054.421189,332054.465481,met,0.003754
b25,L2,52,332054.363050,332054.430765,332054.470401,met,0.001268
b25,L1,79,332056.363067,332056.531637,332056.573885,met,0.003232
b25,L2,53,332057.363050,332057.431064,332057.471443,met,0.001203
b25,L1,80,332058.363067,332058.488200,332058.525265,met,0.001328
b25,L2,54,332060.363050,332060.487255,332060.525739,met,0.001247
b25,L1,81,332060.363067,332060.546174,332060.588096,met,0.001808
b25,L1,82,332062.363067,332062.525559,332062.565059,met,0.003256
b25,L2,55,332063.363050,332063.477196,332063.515393,met,0.001183
b25,L1,83,332064.363067,332064.556857,332064.611947,met,0.001189
b25,L1,84,332066.363067,332066.561455,332066.936342,met,0.334237
b25,L2,56,332066.363050,332066.487667,332066.936483,met,0.407623
b25,L1,85,332068.363067,332068.509023,332068.550151,met,0.001297
b25,L2,57,332069.363050,332069.506332,332069.544660,met,0.000882
b25,L1,86,332070.363067,332070.422502,332070.463685,met,0.003402
b25,L2,58,332072.363050,332072.412483,332072.453064,met,0.000868
b25,L1,87,332072.363067,332072.443137,332072.484037,met,0.002012
b25,L1,88,332074.363067,332074.505055,332074.545059,met,0.001385
b25,L2,59,332075.363050,332075.474532,332075.516221,met,0.000874
b25,L1,89,332076.363067,332076.512735,332076.554500,met,0.003341
b25,L2,60,332078.363050,332078.443110,332078.481072,met,0.000878
b25,L1,90,332078.363067,332078.503310,332078.542688,met,0.001739
b25,L1,91,332080.363067,332080.520196,332080.559825,met,0.001265
b25,L2,61,332081.363050,332081.435949,332081.475830,met,0.000881
b25,L1,92,332082.363067,332082.560715,332082.651889,met,0.051301
b25,L1,93,332084.363067,332084.498401,332084.538958,met,0.001840
b25,L2,62,332084.363050,332084.545985,332084.585075,met,0.000863
b25,L1,94,332086.363067,332086.463456,332086.505716,met,0.002937
b25,L2,63,332087.363050,332087.555020,332087.594733,met,0.001252
b25,L1,95,332088.363067,332088.560940,332088.603006,met,0.003402
b25,L1,96,332090.363067,332090.485438,332090.526013,met,0.001835
b25,L2,64,332090.363050,332090.513877,332090.554041,met,0.000873
b25,L1,97,332092.363067,332092.423825,332092.466244,met,0.002986
b25,L2,65,332093.363050,332093.468202,332093.506160,met,0.000844
b25,L1,98,332094.363067,332094.422048,332094.462043,met,0.003365
b25,L1,99,332096.363067,332096.534043,332097.219309,missed,0.638587
b25,L2,66,332096.363050,332096.457593,332097.475931,met,0.977352
b25,L1,100,332098.363067,332098.508474,332098.554519,met,0.001098
b25,L2,67,332099.363050,332099.448473,332099.487965,met,0.000795
b25,L1,101,332100.363067,332100.475805,332100.528206,met,0.013901
b25,L2,68,332102.363050,332102.486162,332102.521469,met,0.001153
b25,L1,102,332102.363067,332102.505242,332102.544532,met,0.003162
b25,L1,103,332104.363067,332104.424979,332104.462181,met,0.001946
b25,L2,69,332105.363050,332105.486178,332105.532186,met,0.001126
b25,L1,104,332106.363067,332106.521850,332106.559653,met,0.001678
b25,L2,70,332108.363050,332108.434890,332108.475180,met,0.000904
b25,L1,105,332108.363067,332108.454050,332108.493597,met,0.001809
b25,L1,106,332110.363067,332110.451622,332110.496851,met,0.001528
b25,L2,71,332111.363050,332111.579064,332111.623686,met,0.001625
b25,L1,107,332112.363067,332112.490600,332112.539823,met,0.002834
b25,L1,108,332114.363067,332114.453583,332114.503946,met,0.001873
b25,L2,72,332114.363050,332114.453583,332114.504251,met,0.002538
b25,L1,109,332116.363067,332116.454403,332116.494262,met,0.003377
b25,L2,73,332117.363050,332117.574139,332117.612649,met,0.001192
b25,L1,110,332118.363067,332118.540693,332118.581298,met,0.001777
b25,L1,111,332120.363067,332120.432757,332120.474966,met,0.001355
b25,L2,74,332120.363050,332120.541659,332120.579601,met,0.001124
b25,L1,112,332122.363067,332122.419129,332122.460274,met,0.002047
b25,L2,75,332123.363050,332123.438369,332123.475849,met,0.001154
b25,L1,113,332124.363067,332124.442765,332124.490946,met,0.008948
b25,L1,114,332126.363067,332126.546504,332126.586476,met,0.001361
b25,L2,76,332126.363050,332126.562198,332126.601488,met,0.001105
b25,L1,115,332128.363067,332128.434251,332129.099043,missed,0.616138
b25,L2,77,332129.363050,332129.496256,332129.537912,met,0.000817
b25,L1,116,332130.363067,332130.492215,332130.529166,met,0.001334
b25,L2,78,332132.363050,332132.458182,332132.498553,met,0.001294
b25,L1,117,332132.363067,332132.464037,332132.503388,met,0.003020
b25,L1,118,332134.363067,332134.438260,332134.514632,met,0.038731
b25,L2,79,332135.363050,332135.446066,332135.483649,met,0.000832
b25,L1,119,332136.363067,332136.419799,332136.458429,met,0.001268
b25,L2,80,332138.363050,332138.538349,332138.584546,met,0.003988
b25,L1,120,332138.363067,332138.538380,332138.584574,met,0.003312
b25,L1,121,332140.363067,332140.470902,332140.510635,met,0.001896
b25,L2,81,332141.363050,332141.431049,332141.470105,met,0.001098
b25,L1,122,332142.363067,332142.434626,332142.472868,met,0.001241
b25,L1,123,332144.363067,332144.557994,332144.622930,met,0.020708
b25,L2,82,332144.363050,332144.557933,332144.623408,met,0.019369
b25,L1,124,332146.363067,332146.557436,332146.597128,met,0.001865
b25,L2,83,332147.363050,332147.489558,332147.527284,met,0.001114
b25,L1,125,332148.363067,332148.451562,332148.490910,met,0.001742
b25,L2,84,332150.363050,332150.423474,332150.466589,met,0.001259
b25,L1,126,332150.363067,332150.423513,332150.468306,met,0.003920
b25,L1,127,332152.363067,332152.422971,332152.488677,met,0.025269
b25,L2,85,332153.363050,332153.426808,332153.466370,met,0.000884
b25,L1,128,332154.363067,332154.471098,332154.509504,met,0.003189
b25,L1,129,332156.363067,332156.434686,332156.479789,met,0.003662
b25,L2,86,332156.363050,332156.434691,332156.511327,met,0.034175
b25,L1,130,332158.363067,332158.485138,332159.181858,missed,0.646136
b25,L2,87,332159.363050,332159.566411,332160.062685,met,0.453896
b25,L1,131,332160.363067,332160.442943,332160.480856,met,0.000884
b25,L2,88,332162.363050,332162.426091,332162.464379,met,0.000982
b25,L1,132,332162.363067,332162.558511,332162.595366,met,0.001770
b25,L1,133,332164.363067,332164.478035,332164.516419,met,0.002197
b25,L2,89,332165.363050,332165.419375,332165.458396,met,0.001236
b25,L1,134,332166.363067,332166.443665,332166.482996,met,0.003323
b25,L2,90,332168.363050,332168.423124,332168.461950,met,0.000947
b25,L1,135,332168.363067,332168.524135,332168.562594,met,0.001677
b25,L1,136,332170.363067,332170.549137,332170.589948,met,0.003686
b25,L2,91,332171.363050,332171.440382,332171.479396,met,0.000807
b25,L1,137,332172.363067,332172.444304,332172.483141,met,0.002108
b25,L1,138,332174.363067,332174.491071,332175.187028,missed,0.649228
b25,L2,92,332174.363050,332174.449771,332175.623547,met,1.130855
b25,L1,139,332176.363067,332176.537365,332176.605195,met,0.006184
b25,L2,93,332177.363050,332177.570954,332177.615949,met,0.000880
b25,L1,140,332178.363067,332178.589248,332178.634704,met,0.001412
b25,L2,94,332180.363050,332180.468529,332180.512934,met,0.001293
b25,L1,141,332180.363067,332180.468529,332180.514362,met,0.004252
b25,L1,142,332182.363067,332182.538562,332182.577088,met,0.001376
b25,L2,95,332183.363050,332183.433060,332183.470419,met,0.001159
b25,L1,143,332184.363067,332184.473440,332184.621988,met,0.108407
b25,L2,96,332186.363050,332186.537954,332186.577014,met,0.001016
b25,L1,144,332186.363067,332186.561435,332186.602615,met,0.002027
b25,L1,145,332188.363067,332188.482484,332188.520385,met,0.001367
b25,L1,146,332190.363067,332190.568206,332190.615768,met,0.005234
b25,L2,97,332189.363050,332189.486077,332190.616068,met,1.086167
b25,L1,147,332192.363067,332192.429480,332192.469100,met,0.000954
b25,L2,98,332192.363050,332192.546629,332192.584940,met,0.000868
b25,L1,148,332194.363067,332194.514358,332194.556547,met,0.003295
b25,L2,99,332195.363050,332195.428577,332195.468023,met,0.000909
b25,L1,149,332196.363067,332196.539793,332196.579594,met,0.001753
b26,L1,0,332196.955548,332197.013567,332197.057063,met,0.001304
b26,L2,0,332196.955475,332197.013666,332197.057064,met,0.001775
b26,L1,1,332198.955548,332199.072327,332199.112786,met,0.001404
b26,L2,1,332199.955475,332200.105208,332200.145263,met,0.001252
b26,L1,2,332200.955548,332201.155552,332201.206289,met,0.011229
b26,L2,2,332202.955475,332203.054674,332203.093788,met,0.001158
b26,L1,3,332202.955548,332203.154419,332203.217518,met,0.024182
b26,L1,4,332204.955548,332205.101947,332205.142057,met,0.001266
b26,L2,3,332205.955475,332206.121529,332206.161325,met,0.001145
b26,L1,5,332206.955548,332207.137300,332207.175594,met,0.002998
b26,L2,4,332208.955475,332209.053096,332209.089314,met,0.001044
b26,L1,6,332208.955548,332209.150833,332209.188997,met,0.002099
b26,L1,7,332210.955548,332211.115090,332211.154525,met,0.001888
b26,L2,5,332211.955475,332212.122322,332212.162210,met,0.001233
b26,L1,8,332212.955548,332213.105830,332213.149633,met,0.003423
b26,L2,6,332214.955475,332215.014431,332215.054098,met,0.000992
b26,L1,9,332214.955548,332215.018152,332215.057978,met,0.002699
b26,L1,10,332216.955548,332217.012448,332217.053959,met,0.003241
b26,L2,7,332217.955475,332218.071770,332218.110181,met,0.001208
b26,L1,11,332218.955548,332219.155347,332219.196275,met,0.003200
b26,L2,8,332220.955475,332221.152826,332221.691739,met,0.493938
b26,L1,12,332220.955548,332221.047999,332221.698965,missed,0.598631
b26,L1,13,332222.955548,332223.154976,332223.196906,met,0.000937
b26,L2,9,332223.955475,332224.157527,332224.195932,met,0.001196
b26,L1,14,332224.955548,332225.062579,332225.102363,met,0.003377
b26,L1,15,332226.955548,332227.013432,332227.053885,met,0.003020
b26,L2,10,332226.955475,332227.148876,332227.189235,met,0.001103
b26,L1,16,332228.955548,332229.030334,332229.078279,met,0.003017
b26,L2,11,332229.955475,332230.022773,332230.068163,met,0.001055
b26,L1,17,332230.955548,332231.163092,332231.214207,met,0.006062
b26,L1,18,332232.955548,332233.168819,332233.226051,met,0.004933
b26,L2,12,332232.955475,332233.168839,332233.226103,met,0.005841
b26,L1,19,332234.955548,332235.040230,332235.090125,met,0.003319
b26,L2,13,332235.955475,332236.022905,332236.070589,met,0.001578
b26,L1,20,332236.955548,332237.142488,332237.192470,met,0.005752
b26,L2,14,332238.955475,332239.167485,332239.219222,met,0.002277
b26,L1,21,332238.955548,332239.167472,332239.219221,met,0.001561
b26,L1,22,332240.955548,332241.039945,332241.080738,met,0.004177
b26,L2,15,332241.955475,332242.059305,332242.100756,met,0.001261
b26,L1,23,332242.955548,332243.165469,332243.215592,met,0.005095
b26,L2,16,332244.955475,332245.063231,332245.103894,met,0.001419
b26,L1,24,332244.955548,332245.061412,332245.103920,met,0.001070
b26,L1,25,332246.955548,332247.098656,332247.135392,met,0.002446
b26,L2,17,332247.955475,332248.116366,332248.153158,met,0.001122
b26,L1,26,332248.955548,332249.065115,332249.104825,met,0.001013
b26,L2,18,332250.955475,332251.051509,332251.090064,met,0.001210
b26,L1,27,332250.955548,332251.102566,332251.140956,met,0.000991
b26,L1,28,332252.955548,332253.157794,332253.441014,met,0.240778
b26,L2,19,332253.955475,332254.154683,332254.195417,met,0.000866
b26,L1,29,332254.955548,332255.090451,332255.356375,met,0.227565
b26,L1,30,332256.955548,332257.027750,332257.068877,met,0.003090
b26,L2,20,332256.955475,332257.152862,332257.190989,met,0.001069
b26,L1,31,332258.955548,332259.084756,332259.125232,met,0.003464
b26,L2,21,332259.955475,332260.067493,332260.104464,met,0.001241
b26,L1,32,332260.955548,332261.015285,332261.055599,met,0.001301
b26,L2,22,332262.955475,332263.075418,332263.113330,met,0.001192
b26,L1,33,332262.955548,332263.094766,332263.134218,met,0.002889
b26,L1,34,332264.955548,332265.130958,332265.170880,met,0.003430
b26,L2,23,332265.955475,332266.067900,332266.106798,met,0.001161
b26,L1,35,332266.955548,332267.061861,332267.099514,met,0.001233
b26,L2,24,332268.955475,332269.126697,332269.170896,met,0.001200
b26,L1,36,332268.955548,332269.126886,332269.172706,met,0.003896
b26,L1,37,332270.955548,332271.034524,332271.076695,met,0.001787
b26,L2,25,332271.955475,332272.022390,332272.060458,met,0.000889
b26,L1,38,332272.955548,332273.043358,332273.084370,met,0.003181
b26,L2,26,332274.955475,332275.067249,332275.107617,met,0.001159
b26,L1,39,332274.955548,332275.152685,332275.192502,met,0.003324
b26,L1,40,332276.955548,332277.043671,332277.084070,met,0.002137
b26,L2,27,332277.955475,332278.012335,332278.049738,met,0.001131
b26,L1,41,332278.955548,332279.066342,332279.106619,met,0.003076
b26,L2,28,332280.955475,332281.048651,332281.087894,met,0.001183
b26,L1,42,332280.955548,332281.079753,332281.119094,met,0.002097
b26,L1,43,332282.955548,332283.024143,332283.725170,missed,0.649839
b26,L2,29,332283.955475,332284.145525,332284.502607,met,0.316694
b26,L1,44,332284.955548,332285.012971,332285.051317,met,0.000843
b26,L1,45,332286.955548,332287.012586,332287.051612,met,0.002958
b26,L2,30,332286.955475,332287.109193,332287.146784,met,0.001195
b26,L1,46,332288.955548,332289.092801,332289.132235,met,0.003235
b26,L2,31,332289.955475,332290.007774,332290.045106,met,0.000811
b26,L1,47,332290.955548,332291.008479,332291.048430,met,0.003410
b26,L1,48,332292.955548,332293.013517,332293.057396,met,0.003281
b26,L2,32,332292.955475,332293.021201,332293.061479,met,0.001142
b26,L1,49,332294.955548,332295.007841,332295.048172,met,0.003318
b26,L2,33,332295.955475,332296.017262,332296.055641,met,0.001117
b26,L1,50,332296.955548,332297.071587,332297.112027,met,0.003381
b26,L1,51,332298.955548,332299.051767,332299.091217,met,0.003183
b26,L2,34,332298.955475,332299.149240,332299.186774,met,0.001075
b26,L1,52,332300.955548,332301.127013,332301.168487,met,0.001244
b26,L2,35,332301.955475,332302.018314,332302.057536,met,0.001150
b26,L1,53,332302.955548,332303.029264,332303.068838,met,0.003128
b26,L2,36,332304.955475,332305.011763,332305.050552,met,0.001155
b26,L1,54,332304.955548,332305.018103,332305.060504,met,0.003139
b26,L1,55,332306.955548,332307.123154,332307.160819,met,0.001390
b26,L2,37,332307.955475,332308.059682,332308.097814,met,0.001199
b26,L1,56,332308.955548,332309.161337,332309.200616,met,0.003120
b26,L2,38,332310.955475,332311.020211,332311.062165,met,0.001308
b26,L1,57,332310.955548,332311.020245,332311.063513,met,0.004083
b26,L1,58,332312.955548,332313.030274,332313.067447,met,0.000886
b26,L2,39,332313.955475,332314.016126,332314.747243,met,0.687464
b26,L1,59,332314.955548,332315.028207,332315.387134,met,0.321683
b26,L2,40,332316.955475,332317.022085,332317.059940,met,0.000987
b26,L1,60,332316.955548,332317.051432,332317.090451,met,0.001287
b26,L1,61,332318.955548,332319.019508,332319.058608,met,0.003168
b26,L2,41,332319.955475,332320.014697,332320.054391,met,0.001245
b26,L1,62,332320.955548,332321.043781,332321.089250,met,0.003089
b26,L2,42,332322.955475,332323.016851,332323.055453,met,0.001216
b26,L1,63,332322.955548,332323.032324,332323.070601,met,0.001122
b26,L1,64,332324.955548,332325.011163,332325.050883,met,0.003103
b26,L2,43,332325.955475,332326.025378,332326.062658,met,0.001220
b26,L1,65,332326.955548,332327.037110,332327.077728,met,0.003340
b26,L1,66,332328.955548,332329.129316,332329.173436,met,0.001775
b26,L2,44,332328.955475,332329.129316,332329.173588,met,0.001060
b26,L1,67,332330.955548,332331.054820,332331.095065,met,0.003276
b26,L2,45,332331.955475,332332.024086,332332.061803,met,0.001181
b26,L1,68,332332.955548,332333.118723,332333.159708,met,0.003265
b26,L2,46,332334.955475,332335.047334,332335.090898,met,0.001132
b26,L1,69,332334.955548,332335.047374,332335.091110,met,0.003499
b26,L1,70,332336.955548,332337.133480,332337.175261,met,0.003216
b26,L2,47,332337.955475,332338.018773,332338.057120,met,0.000958
b26,L1,71,332338.955548,332339.095792,332339.143361,met,0.010833
b26,L2,48,332340.955475,332341.052189,332341.089936,met,0.000921
b26,L1,72,332340.955548,332341.138470,332341.181064,met,0.003621
b26,L1,73,332342.955548,332343.081323,332343.119239,met,0.002807
b26,L2,49,332343.955475,332344.116520,332344.154426,met,0.001105
b26,L1,74,332344.955548,332345.048440,332345.712247,missed,0.611960
b26,L2,50,332346.955475,332347.052424,332347.098731,met,0.001356
b26,L1,75,332346.955548,332347.052204,332347.098757,met,0.001486
b26,L1,76,332348.955548,332349.034160,332349.072447,met,0.003224
b26,L2,51,332349.955475,332350.020776,332350.058686,met,0.001218
b26,L1,77,332350.955548,332351.008331,332351.047336,met,0.003326
b26,L2,52,332352.955475,332353.097823,332353.135427,met,0.001250
b26,L1,78,332352.955548,332353.144472,332353.185382,met,0.003663
b26,L1,79,332354.955548,332355.056887,332355.095372,met,0.003161
b26,L2,53,332355.955475,332356.162399,332356.201429,met,0.000922
b26,L1,80,332356.955548,332357.169502,332357.215688,met,0.004792
b26,L2,54,332358.955475,332359.165998,332359.214402,met,0.001613
b26,L1,81,332358.955548,332359.165999,332359.215360,met,0.004368
b26,L1,82,332360.955548,332361.137798,332361.187830,met,0.005380
b26,L2,55,332361.955475,332362.084736,332362.131977,met,0.001030
b26,L1,83,332362.955548,332363.158750,332363.200105,met,0.001569
b26,L1,84,332364.955548,332365.035317,332365.082903,met,0.004251
b26,L2,56,332364.955475,332365.144674,332365.181854,met,0.001489
b26,L1,85,332366.955548,332367.057954,332367.106387,met,0.004131
b26,L2,57,332367.955475,332368.169345,332368.216854,met,0.001905
b26,L1,86,332368.955548,332369.058652,332369.103142,met,0.001596
b26,L2,58,332370.955475,332371.048549,332371.098491,met,0.001779
b26,L1,87,332370.955548,332371.048549,332371.099292,met,0.004773
b26,L1,88,332372.955548,332373.165262,332373.205221,met,0.003408
b26,L2,59,332373.955475,332374.046773,332374.086695,met,0.001175
b26,L1,89,332374.955548,332375.096767,332375.134630,met,0.001327
b26,L2,60,332376.955475,332377.114265,332377.636307,met,0.480251
b26,L1,90,332376.955548,332377.047198,332377.644343,missed,0.544409
b26,L1,91,332378.955548,332379.027010,332379.065301,met,0.001297
b26,L2,61,332379.955475,332380.139408,332380.176869,met,0.001127
b26,L1,92,332380.955548,332381.035529,332381.073755,met,0.002256
b26,L2,62,332382.955475,332383.015744,332383.060656,met,0.002037
b26,L1,93,332382.955548,332383.015659,332383.060744,met,0.001813
b26,L1,94,332384.955548,332385.058698,332385.097259,met,0.001256
b26,L2,63,332385.955475,332386.040386,332386.174022,met,0.093945
b26,L1,95,332386.955548,332387.048017,332387.096374,met,0.002820
b26,L2,64,332388.955475,332389.042276,332389.079622,met,0.001461
b26,L1,96,332388.955548,332389.115197,332389.153480,met,0.001024
b26,L1,97,332390.955548,332391.034290,332391.072230,met,0.001320
b26,L2,65,332391.955475,332392.033911,332392.072792,met,0.001174
b26,L1,98,332392.955548,332393.147976,332393.189419,met,0.001882
b26,L1,99,332394.955548,332395.053528,332395.094670,met,0.003387
b26,L2,66,332394.955475,332395.071950,332395.110204,met,0.001256
b26,L1,100,332396.955548,332397.158824,332397.219566,met,0.024941
b26,L2,67,332397.955475,332398.074184,332398.111714,met,0.000851
b26,L1,101,332398.955548,332399.044599,332399.085453,met,0.003223
b26,L1,102,332400.955548,332401.017782,332401.057585,met,0.001915
b26,L2,68,332400.955475,332401.022889,332401.059240,met,0.000833
b26,L1,103,332402.955548,332403.055484,332403.096127,met,0.003394
b26,L2,69,332403.955475,332404.018449,332404.057059,met,0.000817
b26,L1,104,332404.955548,332405.131582,332405.170797,met,0.002127
b26,L1,105,332406.955548,332407.023915,332407.723168,missed,0.648619
b26,L2,70,332406.955475,332407.038440,332407.972407,met,0.892244
b26,L1,106,332408.955548,332409.014827,332409.057228,met,0.000898
b26,L2,71,332409.955475,332410.043108,332410.082073,met,0.001134
b26,L1,107,332410.955548,332411.038824,332411.079778,met,0.003799
b26,L2,72,332412.955475,332413.009521,332413.047575,met,0.000842
b26,L1,108,332412.955548,332413.091174,332413.130374,met,0.001784
b26,L1,109,332414.955548,332415.085737,332415.127087,met,0.003894
b26,L2,73,332415.955475,332416.018701,332416.057397,met,0.001168
b26,L1,110,332416.955548,332417.143079,332417.182804,met,0.003266
b26,L2,74,332418.955475,332419.157751,332419.199887,met,0.001193
b26,L1,111,332418.955548,332419.157633,332419.200882,met,0.003748
b26,L1,112,332420.955548,332421.015920,332421.055790,met,0.003317
b26,L2,75,332421.955475,332422.071596,332422.109398,met,0.001131
b26,L1,113,332422.955548,332423.055014,332423.093937,met,0.003635
b26,L1,114,332424.955548,332425.044372,332425.082307,met,0.001298
b26,L2,76,332424.955475,332425.094125,332425.132069,met,0.001158
b26,L1,115,332426.955548,332427.022422,332427.061535,met,0.003231
b26,L2,77,332427.955475,332428.076538,332428.115458,met,0.001206
b26,L1,116,332428.955548,332429.011147,332429.049501,met,0.001768
b26,L2,78,332430.955475,332431.096139,332431.139739,met,0.001815
b26,L1,117,332430.955548,332431.096030,332431.139652,met,0.001391
b26,L1,118,332432.955548,332433.098050,332433.138457,met,0.003308
b26,L2,79,332433.955475,332434.053535,332434.092393,met,0.001197
b26,L1,119,332434.955548,332435.010965,332435.051389,met,0.001769
b26,L1,120,332436.955548,332437.029518,332437.067226,met,0.001313
b26,L2,80,332436.955475,332437.109920,332437.147635,met,0.001117
b26,L1,121,332438.955548,332439.027199,332439.371088,met,0.304015
b26,L2,81,332439.955475,332440.023236,332440.064018,met,0.000910
b26,L1,122,332440.955548,332441.110452,332441.147593,met,0.001336
b26,L2,82,332442.955475,332443.017365,332443.057683,met,0.001189
b26,L1,123,332442.955548,332443.015546,332443.060132,met,0.003918
b26,L1,124,332444.955548,332445.025235,332445.064442,met,0.001775
b26,L2,83,332445.955475,332446.102052,332446.141483,met,0.001175
b26,L1,125,332446.955548,332447.064673,332447.108635,met,0.000973
b26,L1,126,332448.955548,332449.186472,332449.363712,met,0.098225
b26,L2,84,332448.955475,332449.058059,332449.364660,met,0.233168
b26,L1,127,332450.955548,332451.049656,332451.091543,met,0.002049
b26,L2,85,332451.955475,332452.058411,332452.105935,met,0.001018
b26,L1,128,332452.955548,332453.027741,332453.068810,met,0.000931
b26,L2,86,332454.955475,332455.047710,332455.120313,met,0.029637
b26,L1,129,332454.955548,332455.085613,332455.131888,met,0.001961
b26,L1,130,332456.955548,332457.013480,332457.210912,met,0.153854
b26,L2,87,332457.955475,332458.140103,332458.179347,met,0.000834
b26,L1,131,332458.955548,332459.048675,332459.154416,met,0.066196
b26,L2,88,332460.955475,332461.017391,332461.059980,met,0.001133
b26,L1,132,332460.955548,332461.016234,332461.059902,met,0.000928
b26,L1,133,332462.955548,332463.058619,332463.097959,met,0.000892
b26,L2,89,332463.955475,332464.020184,332464.139265,met,0.077975
b26,L1,134,332464.955548,332465.017100,332465.057824,met,0.001975
b26,L1,135,332466.955548,332467.017974,332467.057892,met,0.000920
b26,L2,90,332466.955475,332467.022805,332467.061147,met,0.000783
b26,L1,136,332468.955548,332469.047709,332469.746395,missed,0.647697
b26,L2,91,332469.955475,332470.033858,332470.733866,met,0.657373
b26,L1,137,332470.955548,332471.020506,332471.061579,met,0.000936
b26,L1,138,332472.955548,332473.038701,332473.078986,met,0.001751
b26,L2,92,332472.955475,332473.117409,332473.164326,met,0.009539
b26,L1,139,332474.955548,332475.116988,332475.162211,met,0.007189
b26,L2,93,332475.955475,332476.030218,332476.069758,met,0.000913
b26,L1,140,332476.955548,332477.099883,332477.138916,met,0.001868
b26,L1,141,332478.955548,332479.016766,332479.058025,met,0.001829
b26,L2,94,332478.955475,332479.046468,332479.087971,met,0.000821
b26,L1,142,332480.955548,332481.017281,332481.058900,met,0.001748
b26,L2,95,332481.955475,332482.024182,332482.064756,met,0.000815
b26,L1,143,332482.955548,332483.134241,332483.173051,met,0.001756
b26,L1,144,332484.955548,332485.077604,332485.166803,met,0.020932
b26,L2,96,332484.955475,332485.105224,332485.166751,met,0.008609
b26,L1,145,332486.955548,332487.036566,332487.079206,met,0.001066
b26,L2,97,332487.955475,332488.050056,332488.132736,met,0.041248
b26,L1,146,332488.955548,332489.016453,332489.057987,met,0.001847
b26,L1,147,332490.955548,332491.020440,332491.060730,met,0.001839
b26,L2,98,332490.955475,332491.042028,332491.127249,met,0.043437
b26,L1,148,332492.955548,332493.029173,332493.070948,met,0.001829
b26,L2,99,332493.955475,332494.092110,332494.169953,met,0.032377
b26,L1,149,332494.955548,332495.105171,332495.148015,met,0.001772
b27,L2,0,332495.522134,332495.582328,332495.629840,met,0.000881
b27,L1,0,332495.522121,332495.582258,332495.629777,met,0.001213
b27,L1,1,332497.522121,332497.651508,332497.698037,met,0.001810
b27,L2,1,332498.522134,332498.594215,332498.644590,met,0.000940
b27,L1,2,332499.522121,332499.633981,332499.673953,met,0.000975
b27,L2,2,332501.522134,332501.625042,332502.121316,met,0.446074
b27,L1,3,332501.522121,332501.625229,332502.121340,met,0.444539
b27,L1,4,332503.522121,332503.620243,332503.659885,met,0.001250
b27,L2,3,332504.522134,332504.595094,332504.637195,met,0.000860
b27,L1,5,332505.522121,332505.611553,332505.655096,met,0.001813
b27,L2,4,332507.522134,332507.640246,332507.689724,met,0.001847
b27,L1,6,332507.522121,332507.640246,332507.689728,met,0.001887
b27,L1,7,332509.522121,332509.605215,332509.651039,met,0.001098
b27,L2,5,332510.522134,332510.610567,332510.652491,met,0.001159
b27,L1,8,332511.522121,332511.607612,332511.650207,met,0.001740
b27,L1,9,332513.522121,332513.582029,332513.622641,met,0.001757
b27,L2,6,332513.522134,332513.664212,332513.703341,met,0.000836
b27,L1,10,332515.522121,332515.587248,332515.628019,met,0.000928
b27,L2,7,332516.522134,332516.592884,332516.632596,met,0.000877
b27,L1,11,332517.522121,332517.587243,332517.626710,met,0.001746
b27,L1,12,332519.522121,332519.587827,332519.651227,met,0.003031
b27,L2,8,332519.522134,332519.714188,332519.767433,met,0.001290
b27,L1,13,332521.522121,332521.602925,332521.660839,met,0.002162
b27,L2,9,332522.522134,332522.743114,332522.792364,met,0.000837
b27,L1,14,332523.522121,332523.615459,332523.660049,met,0.001798
b27,L1,15,332525.522121,332525.585699,332525.633180,met,0.002203
b27,L2,10,332525.522134,332525.585433,332525.633455,met,0.000917
b27,L1,16,332527.522121,332527.646733,332527.693107,met,0.002126
b27,L2,11,332528.522134,332528.629621,332528.726035,met,0.052276
b27,L1,17,332529.522121,332529.674881,332529.723516,met,0.006794
b27,L2,12,332531.522134,332531.591840,332532.121223,met,0.476433
b27,L1,18,332531.522121,332531.592894,332532.121248,met,0.478410
b27,L1,19,332533.522121,332533.596924,332533.637780,met,0.000881
b27,L2,13,332534.522134,332534.618150,332534.659528,met,0.000972
b27,L1,20,332535.522121,332535.585039,332535.627054,met,0.000921
b27,L1,21,332537.522121,332537.624308,332537.671785,met,0.002093
b27,L2,14,332537.522134,332537.660415,332537.705322,met,0.000961
b27,L1,22,332539.522121,332539.656989,332539.699210,met,0.000884
b27,L2,15,332540.522134,332540.586418,332540.632279,met,0.001715
b27,L1,23,332541.522121,332541.686441,332541.786311,met,0.057194
b27,L1,24,332543.522121,332543.587256,332543.627099,met,0.000997
b27,L2,16,332543.522134,332543.728675,332543.770877,met,0.000878
b27,L1,25,332545.522121,332545.597160,332545.639472,met,0.001885
b27,L2,17,332546.522134,332546.591040,332546.632495,met,0.000850
b27,L1,26,332547.522121,332547.689660,332547.753825,met,0.023923
b27,L2,18,332549.522134,332549.596666,332549.648607,met,0.001011
b27,L1,27,332549.522121,332549.596689,332549.648565,met,0.001419
b27,L1,28,332551.522121,332551.602011,332551.643116,met,0.001774
b27,L2,19,332552.522134,332552.590718,332552.628655,met,0.000856
b27,L1,29,332553.522121,332553.626836,332553.672634,met,0.002028
b27,L2,20,332555.522134,332555.588842,332555.630136,met,0.000873
b27,L1,30,332555.522121,332555.650944,332555.691461,met,0.000947
b27,L1,31,332557.522121,332557.583559,332557.625801,met,0.001784
b27,L2,21,332558.522134,332558.629697,332558.672436,met,0.000895
b27,L1,32,332559.522121,332559.578240,332559.620957,met,0.001906
b27,L1,33,332561.522121,332561.587477,332561.632351,met,0.000951
b27,L2,22,332561.522134,332561.620770,332561.663079,met,0.000848
b27,L1,34,332563.522121,332563.601251,332563.874929,met,0.228605
b27,L2,23,332564.522134,332564.702935,332564.746463,met,0.000821
b27,L1,35,332565.522121,332565.612992,332565.654768,met,0.000888
b27,L1,36,332567.522121,332567.586620,332567.627894,met,0.001810
b27,L2,24,332567.522134,332567.599347,332567.640941,met,0.000864
b27,L1,37,332569.522121,332569.632146,332569.675230,met,0.001839
b27,L2,25,332570.522134,332570.721517,332570.763867,met,0.000871
b27,L1,38,332571.522121,332571.579236,332571.620149,met,0.000984
b27,L2,26,332573.522134,332573.645022,332573.688351,met,0.000964
b27,L1,39,332573.522121,332573.688404,332573.730637,met,0.001801
b27,L1,40,332575.522121,332575.587146,332575.629641,met,0.001848
b27,L2,27,332576.522134,332576.590974,332576.631391,met,0.000823
b27,L1,41,332577.522121,332577.680640,332577.722155,met,0.000890
b27,L1,42,332579.522121,332579.610299,332579.662714,met,0.001916
b27,L2,28,332579.522134,332579.610278,332579.662867,met,0.002186
b27,L1,43,332581.522121,332581.651115,332581.694565,met,0.001760
b27,L2,29,332582.522134,332582.604549,332582.644908,met,0.000847
b27,L1,44,332583.522121,332583.636059,332583.676577,met,0.001898
b27,L1,45,332585.522121,332585.668779,332585.712071,met,0.001972
b27,L2,30,332585.522134,332585.680305,332585.721865,met,0.000829
b27,L1,46,332587.522121,332587.604143,332587.644575,met,0.001869
b27,L2,31,332588.522134,332588.627434,332588.667158,met,0.000890
b27,L1,47,332589.522121,332589.581836,332589.625194,met,0.001833
b27,L1,48,332591.522121,332591.587688,332591.634222,met,0.002236
b27,L2,32,332591.522134,332591.587688,332591.634217,met,0.000963
b27,L1,49,332593.522121,332593.625404,332594.225395,missed,0.546148
b27,L2,33,332594.522134,332594.676792,332594.861065,met,0.140282
b27,L1,50,332595.522121,332595.646534,332595.688865,met,0.001082
b27,L1,51,332597.522121,332597.584006,332597.624466,met,0.001877
b27,L2,34,332597.522134,332597.609910,332597.649055,met,0.000864
b27,L1,52,332599.522121,332599.620027,332599.662629,met,0.001834
b27,L2,35,332600.522134,332600.614384,332600.895587,met,0.235221
b27,L1,53,332601.522121,332601.592722,332601.634052,met,0.003187
b27,L2,36,332603.522134,332603.583635,332603.623988,met,0.000907
b27,L1,54,332603.522121,332603.694366,332603.735871,met,0.000939
b27,L1,55,332605.522121,332605.606551,332605.650747,met,0.001900
b27,L2,37,332606.522134,332606.580606,332606.621728,met,0.000848
b27,L1,56,332607.522121,332607.582486,332607.625630,met,0.000938
b27,L2,38,332609.522134,332609.585704,332609.627972,met,0.000844
b27,L1,57,332609.522121,332609.701809,332610.240266,met,0.494896
b27,L1,58,332611.522121,332611.620205,332611.660930,met,0.000882
b27,L2,39,332612.522134,332612.583013,332612.623950,met,0.000865
b27,L1,59,332613.522121,332613.584510,332613.627503,met,0.002002
b27,L2,40,332615.522134,332615.615508,332615.662386,met,0.000919
b27,L1,60,332615.522121,332615.627211,332615.672643,met,0.001984
b27,L1,61,332617.522121,332617.719902,332617.762212,met,0.000924
b27,L2,41,332618.522134,332618.710847,332618.759426,met,0.000981
b27,L1,62,332619.522121,332619.651312,332619.696330,met,0.002009
b27,L2,42,332621.522134,332621.690911,332621.745308,met,0.000966
b27,L1,63,332621.522121,332621.690800,332621.745474,met,0.002605
b27,L1,64,332623.522121,332623.597623,332623.642556,met,0.000923
b27,L2,43,332624.522134,332624.736443,332625.346758,met,0.564168
b27,L1,65,332625.522121,332625.599262,332625.979921,met,0.336298
b27,L2,44,332627.522134,332627.586780,332627.632058,met,0.000876
b27,L1,66,332627.522121,332627.586660,332627.632056,met,0.001352
b27,L1,67,332629.522121,332629.593628,332629.634153,met,0.001957
b27,L2,45,332630.522134,332630.602214,332630.643995,met,0.000856
b27,L1,68,332631.522121,332631.603468,332631.643430,met,0.001780
b27,L2,46,332633.522134,332633.587094,332633.626818,met,0.000857
b27,L1,69,332633.522121,332633.659026,332633.698970,met,0.000994
b27,L1,70,332635.522121,332635.596274,332635.641971,met,0.001808
b27,L2,47,332636.522134,332636.599657,332636.639541,met,0.000827
b27,L1,71,332637.522121,332637.585095,332637.638854,met,0.002370
b27,L2,48,332639.522134,332639.604363,332639.689659,met,0.002890
b27,L1,72,332639.522121,332639.622952,332639.702735,met,0.002538
b27,L1,73,332641.522121,332641.796159,332642.543268,missed,0.635817
b27,L1,74,332643.522121,332643.790744,332644.518182,missed,0.631980
b27,L2,49,332642.522134,332642.784882,332645.030571,missed,2.149575
b27,L1,75,332645.522121,332645.796346,332646.547013,missed,0.644178
b27,L2,50,332645.522134,332645.665797,332647.184917,met,1.441932
b27,L1,76,332647.522121,332647.656870,332647.755959,met,0.002295
b27,L2,51,332648.522134,332648.773296,332648.822203,met,0.001059
b27,L1,77,332649.522121,332649.610906,332649.658492,met,0.001081
b27,L2,52,332651.522134,332651.600771,332651.652182,met,0.001160
b27,L1,78,332651.522121,332651.600945,332651.652525,met,0.002964
b27,L1,79,332653.522121,332653.630792,332653.673961,met,0.001018
b27,L2,53,332654.522134,332654.714407,332654.758125,met,0.000878
b27,L1,80,332655.522121,332655.597105,332656.245011,missed,0.585883
b27,L1,81,332657.522121,332657.615807,332657.666982,met,0.002088
b27,L2,54,332657.522134,332657.615848,332657.666923,met,0.002428
b27,L1,82,332659.522121,332659.650761,332659.690394,met,0.001288
b27,L2,55,332660.522134,332660.624539,332660.662855,met,0.001210
b27,L1,83,332661.522121,332661.582992,332661.624290,met,0.001806
b27,L1,84,332663.522121,332663.718776,332663.765019,met,0.004971
b27,L2,56,332663.522134,332663.724992,332663.766361,met,0.001256
b27,L1,85,332665.522121,332665.602710,332665.641237,met,0.001403
b27,L2,57,332666.522134,332666.731141,332666.767581,met,0.001205
b27,L1,86,332667.522121,332667.598630,332667.637110,met,0.003420
b27,L2,58,332669.522134,332669.581440,332669.621735,met,0.001190
b27,L1,87,332669.522121,332669.592526,332669.634339,met,0.003274
b27,L1,88,332671.522121,332671.592125,332671.631564,met,0.001952
b27,L2,59,332672.522134,332672.580230,332672.619128,met,0.001090
b27,L1,89,332673.522121,332673.587936,332673.629376,met,0.003233
b27,L1,90,332675.522121,332675.600359,332675.638005,met,0.001823
b27,L2,60,332675.522134,332675.653481,332675.694531,met,0.000826
b27,L1,91,332677.522121,332677.653686,332677.694186,met,0.003284
b27,L2,61,332678.522134,332678.586901,332679.023494,met,0.370114
b27,L1,92,332679.522121,332679.586072,332679.646957,met,0.001591
b27,L1,93,332681.522121,332681.699470,332681.751615,met,0.002199
b27,L2,62,332681.522134,332681.738448,332681.786438,met,0.001120
b27,L1,94,332683.522121,332683.738180,332683.782298,met,0.000899
b27,L2,63,332684.522134,332684.742675,332684.779657,met,0.001145
b27,L1,95,332685.522121,332685.718246,332685.755910,met,0.001228
b27,L2,64,332687.522134,332687.584525,332687.631172,met,0.002642
b27,L1,96,332687.522121,332687.584455,332687.631355,met,0.002401
b27,L1,97,332689.522121,332689.724481,332689.763463,met,0.003144
b27,L2,65,332690.522134,332690.698157,332690.984081,met,0.241513
b27,L1,98,332691.522121,332691.652259,332691.691462,met,0.001773
b27,L1,99,332693.522121,332693.625418,332693.666197,met,0.001819
b27,L2,66,332693.522134,332693.723439,332693.763433,met,0.002303
b27,L1,100,332695.522121,332695.644150,332695.683351,met,0.001247
b27,L2,67,332696.522134,332696.626354,332696.663699,met,0.000853
b27,L1,101,332697.522121,332697.727533,332697.768057,met,0.003275
b27,L2,68,332699.522134,332699.617660,332699.657181,met,0.000812
b27,L1,102,332699.522121,332699.637896,332699.677869,met,0.001791
b27,L1,103,332701.522121,332701.574528,332701.612377,met,0.001304
b27,L2,69,332702.522134,332702.593624,332702.629666,met,0.000855
b27,L1,104,332703.522121,332703.658114,332703.700455,met,0.003233
b27,L1,105,332705.522121,332705.582642,332705.622500,met,0.001756
b27,L2,70,332705.522134,332705.638438,332705.677149,met,0.000853
b27,L1,106,332707.522121,332707.724311,332707.765511,met,0.003287
b27,L1,107,332709.522121,332709.587654,332709.707677,met,0.077732
b27,L2,71,332708.522134,332708.688321,332709.707677,met,0.974508
b27,L2,72,332711.522134,332711.592390,332711.645203,met,0.002341
b27,L1,108,332711.522121,332711.592357,332711.645711,met,0.001987
b27,L1,109,332713.522121,332713.689373,332713.730266,met,0.003187
b27,L2,73,332714.522134,332714.594483,332714.633158,met,0.000839
b27,L1,110,332715.522121,332715.723289,332715.763179,met,0.003271
b27,L1,111,332717.522121,332717.585904,332717.630096,met,0.002070
b27,L2,74,332717.522134,332717.585925,332717.629968,met,0.000875
b27,L1,112,332719.522121,332719.612108,332719.650707,met,0.001322
b27,L2,75,332720.522134,332720.727705,332720.766193,met,0.000854
b27,L1,113,332721.522121,332721.631564,332721.911246,met,0.236577
b27,L2,76,332723.522134,332723.619815,332723.660336,met,0.000867
b27,L1,114,332723.522121,332723.628067,332723.667264,met,0.001730
b27,L1,115,332725.522121,332725.608782,332725.651335,met,0.001290
b27,L2,77,332726.522134,332726.596680,332726.636162,met,0.000790
b27,L1,116,332727.522121,332727.594336,332727.639531,met,0.001802
b27,L2,78,332729.522134,332729.594272,332729.633693,met,0.000806
b27,L1,117,332729.522121,332729.600541,332729.641602,met,0.001702
b27,L1,118,332731.522121,332731.617580,332731.655840,met,0.001355
b27,L2,79,332732.522134,332732.585962,332732.627413,met,0.001024
b27,L1,119,332733.522121,332733.613000,332733.651960,met,0.003225
b27,L1,120,332735.522121,332735.601254,332735.643533,met,0.002405
b27,L2,80,332735.522134,332735.620380,332735.658936,met,0.000864
b27,L1,121,332737.522121,332737.672737,332737.795855,met,0.081516
b27,L2,81,332738.522134,332738.599234,332738.640526,met,0.001121
b27,L1,122,332739.522121,332739.600980,332739.644895,met,0.005235
b27,L2,82,332741.522134,332741.580564,332741.653734,met,0.028823
b27,L1,123,332741.522121,332741.580649,332741.653694,met,0.029931
b27,L1,124,332743.522121,332743.635469,332743.679469,met,0.001527
b27,L2,83,332744.522134,332744.606802,332745.097224,met,0.390266
b27,L1,125,332745.522121,332745.635483,332745.710387,met,0.003578
b27,L1,126,332747.522121,332747.757566,332748.495839,missed,0.648014
b27,L2,84,332747.522134,332747.815522,332749.402195,met,1.512098
b27,L1,127,332749.522121,332749.726688,332749.788648,met,0.003531
b27,L2,85,332750.522134,332750.600734,332750.669241,met,0.001272
b27,L1,128,332751.522121,332751.630136,332751.680418,met,0.001129
b27,L1,129,332753.522121,332753.601655,332753.654163,met,0.011265
b27,L2,86,332753.522134,332753.631948,332753.691657,met,0.018385
b27,L1,130,332755.522121,332755.695854,332755.734697,met,0.001579
b27,L2,87,332756.522134,332756.605368,332756.644737,met,0.001147
b27,L1,131,332757.522121,332757.576230,332757.681625,met,0.067073
b27,L1,132,332759.522121,332759.577869,332759.625481,met,0.010643
b27,L2,88,332759.522134,332759.608174,332759.649298,met,0.000944
b27,L1,133,332761.522121,332761.636216,332761.698733,met,0.024767
b27,L2,89,332762.522134,332762.597397,332762.718241,met,0.083807
b27,L1,134,332763.522121,332763.713176,332763.754074,met,0.003316
b27,L1,135,332765.522121,332765.590237,332765.627745,met,0.001300
b27,L2,90,332765.522134,332765.613166,332765.652067,met,0.001089
b27,L1,136,332767.522121,332767.687567,332767.726734,met,0.001976
b27,L2,91,332768.522134,332768.601724,332768.734822,met,0.090552
b27,L1,137,332769.522121,332769.694776,332769.733105,met,0.003251
b27,L1,138,332771.522121,332771.611103,332772.094953,met,0.433168
b27,L2,92,332771.522134,332771.611212,332772.094958,met,0.433527
b27,L1,139,332773.522121,332773.589117,332773.627064,met,0.003256
b27,L2,93,332774.522134,332774.723861,332774.759483,met,0.000891
b27,L1,140,332775.522121,332775.617707,332775.657084,met,0.003419
b27,L1,141,332777.522121,332777.606811,332777.677441,met,0.030034
b27,L2,94,332777.522134,332777.606898,332777.677598,met,0.027565
b27,L1,142,332779.522121,332779.616398,332779.655990,met,0.003324
b27,L2,95,332780.522134,332780.612548,332780.650420,met,0.001147
b27,L1,143,332781.522121,332781.655048,332781.694224,met,0.003348
b27,L1,144,332783.522121,332783.675552,332784.002852,met,0.287373
b27,L2,96,332783.522134,332783.604328,332784.002849,met,0.354744
b27,L1,145,332785.522121,332785.656404,332785.694449,met,0.002159
b27,L2,97,332786.522134,332786.730752,332786.771532,met,0.001178
b27,L1,146,332787.522121,332787.603656,332787.651483,met,0.007646
b27,L1,147,332789.522121,332789.731678,332789.781090,met,0.001970
b27,L2,98,332789.522134,332789.731604,332789.781176,met,0.002617
b27,L1,148,332791.522121,332791.658507,332791.700939,met,0.004456
b27,L2,99,332792.522134,332792.597168,332792.671208,met,0.032354
b27,L1,149,332793.522121,332793.727937,332793.777579,met,0.003460
b28,L1,0,332794.136522,332794.196435,332794.292278,met,0.050890
b28,L2,0,332794.136493,332794.196389,332794.292142,met,0.050655
b28,L1,1,332796.136522,332796.344714,332796.391256,met,0.004208
b28,L2,1,332797.136493,332797.323317,332797.366613,met,0.001893
b28,L1,2,332798.136522,332798.344509,332798.394314,met,0.005099
b28,L2,2,332800.136493,332800.300861,332800.345584,met,0.001630
b28,L1,3,332800.136522,332800.337995,332800.382506,met,0.004470
b28,L1,4,332802.136522,332802.337437,332803.034796,missed,0.647552
b28,L2,3,332803.136493,332803.209652,332803.249264,met,0.000814
b28,L1,5,332804.136522,332804.349745,332804.393492,met,0.001858
b28,L1,6,332806.136522,332806.338954,332806.399994,met,0.003586
b28,L2,4,332806.136493,332806.344286,332806.400038,met,0.001405
b28,L1,7,332808.136522,332808.283225,332808.358643,met,0.002613
b28,L2,5,332809.136493,332809.209802,332809.253963,met,0.001101
b28,L1,8,332810.136522,332810.224604,332810.268367,met,0.003179
b28,L1,9,332812.136522,332812.244596,332812.292914,met,0.003371
b28,L2,6,332812.136493,332812.265136,332812.312438,met,0.001212
b28,L1,10,332814.136522,332814.230729,332814.538351,met,0.255591
b28,L2,7,332815.136493,332815.213429,332815.264020,met,0.001464
b28,L1,11,332816.136522,332816.234021,332816.281923,met,0.003401
b28,L2,8,332818.136493,332818.218503,332818.264593,met,0.000993
b28,L1,12,332818.136522,332818.274677,332818.321337,met,0.001812
b28,L1,13,332820.136522,332820.217107,332820.267597,met,0.001100
b28,L2,9,332821.136493,332821.210638,332821.439435,met,0.177443
b28,L1,14,332822.136522,332822.237505,332822.311495,met,0.002914
b28,L2,10,332824.136493,332824.268507,332824.327544,met,0.000979
b28,L1,15,332824.136522,332824.303971,332824.363433,met,0.003346
b28,L1,16,332826.136522,332826.240230,332826.292282,met,0.001508
b28,L2,11,332827.136493,332827.245423,332827.296572,met,0.001377
b28,L1,17,332828.136522,332828.245264,332828.289403,met,0.002650
b28,L2,12,332830.136493,332830.215168,332830.344971,met,0.078749
b28,L1,18,332830.136522,332830.262514,332830.344971,met,0.033857
b28,L1,19,332832.136522,332832.281187,332832.332259,met,0.003125
b28,L2,13,332833.136493,332833.284327,332834.277199,met,0.943129
b28,L1,20,332834.136522,332834.280334,332834.325526,met,0.002497
b28,L2,14,332836.136493,332836.207891,332836.255162,met,0.001344
b28,L1,21,332836.136522,332836.237193,332836.287327,met,0.005738
b28,L1,22,332838.136522,332838.233546,332838.276138,met,0.001112
b28,L2,15,332839.136493,332839.229934,332839.296532,met,0.025936
b28,L1,23,332840.136522,332840.218246,332840.334951,met,0.069024
b28,L1,24,332842.136522,332842.268007,332842.325355,met,0.001266
b28,L2,16,332842.136493,332842.270842,332842.327829,met,0.000932
b28,L1,25,332844.136522,332844.271760,332844.325102,met,0.007570
b28,L2,17,332845.136493,332845.266196,332845.842899,met,0.528028
b28,L1,26,332846.136522,332846.280947,332846.329253,met,0.005631
b28,L2,18,332848.136493,332848.212587,332848.260647,met,0.001872
b28,L1,27,332848.136522,332848.212565,332848.260777,met,0.001383
b28,L1,28,332850.136522,332850.262555,332850.306568,met,0.003452
b28,L2,19,332851.136493,332851.227051,332851.268345,met,0.001237
b28,L1,29,332852.136522,332852.228730,332852.331563,met,0.057493
b28,L2,20,332854.136493,332854.227977,332854.299657,met,0.021517
b28,L1,30,332854.136522,332854.228111,332854.299683,met,0.021287
b28,L1,31,332856.136522,332856.242376,332856.290961,met,0.003352
b28,L2,21,332857.136493,332857.280093,332857.326369,met,0.001348
b28,L1,32,332858.136522,332858.230732,332858.340335,met,0.068798
b28,L1,33,332860.136522,332860.206236,332860.256392,met,0.001850
b28,L2,22,332860.136493,332860.206317,332860.256427,met,0.002084
b28,L1,34,332862.136522,332862.216755,332862.260115,met,0.003195
b28,L2,23,332863.136493,332863.213435,332863.253122,met,0.001169
b28,L1,35,332864.136522,332864.247954,332864.838751,missed,0.534520
b28,L1,36,332866.136522,332866.249404,332866.301913,met,0.002064
b28,L2,24,332866.136493,332866.249384,332866.302294,met,0.001318
b28,L1,37,332868.136522,332868.232680,332868.278551,met,0.001054
b28,L2,25,332869.136493,332869.223634,332869.264611,met,0.001180
b28,L1,38,332870.136522,332870.230694,332870.392673,met,0.120304
b28,L2,26,332872.136493,332872.238969,332872.282063,met,0.001194
b28,L1,39,332872.136522,332872.259166,332872.302086,met,0.003455
b28,L1,40,332874.136522,332874.263049,332874.304364,met,0.001366
b28,L2,27,332875.136493,332875.243361,332875.361859,met,0.073163
b28,L1,41,332876.136522,332876.257307,332876.727051,met,0.418513
b28,L1,42,332878.136522,332878.230621,332878.278467,met,0.003340
b28,L2,28,332878.136493,332878.270948,332878.313699,met,0.001215
b28,L1,43,332880.136522,332880.216767,332880.278259,met,0.015731
b28,L2,29,332881.136493,332881.204029,332881.245179,met,0.001205
b28,L1,44,332882.136522,332882.251693,332882.296469,met,0.003583
b28,L2,30,332884.136493,332884.203010,332884.257877,met,0.000953
b28,L1,45,332884.136522,332884.277528,332884.331468,met,0.002782
b28,L1,46,332886.136522,332886.267700,332886.318076,met,0.003431
b28,L2,31,332887.136493,332887.216686,332887.261943,met,0.001300
b28,L1,47,332888.136522,332888.281480,332888.332715,met,0.003378
b28,L1,48,332890.136522,332890.211376,332890.271032,met,0.010232
b28,L2,32,332890.136493,332890.211280,332890.291957,met,0.032215
b28,L1,49,332892.136522,332892.252039,332892.314930,met,0.002839
b28,L2,33,332893.136493,332893.280486,332893.325365,met,0.001238
b28,L1,50,332894.136522,332894.245041,332894.292981,met,0.003231
b28,L1,51,332896.136522,332896.272992,332896.907960,missed,0.573027
b28,L2,34,332896.136493,332896.204063,332897.314208,met,1.058180
b28,L1,52,332898.136522,332898.278875,332898.332047,met,0.002764
b28,L2,35,332899.136493,332899.272329,332899.318522,met,0.001204
b28,L1,53,332900.136522,332900.223576,332900.281948,met,0.004408
b28,L1,54,332902.136522,332902.248338,332902.294163,met,0.002192
b28,L2,36,332902.136493,332902.271230,332902.317726,met,0.000896
b28,L1,55,332904.136522,332904.216139,332904.256753,met,0.001429
b28,L2,37,332905.136493,332905.257416,332905.318928,met,0.022353
b28,L1,56,332906.136522,332906.238217,332906.283389,met,0.001985
b28,L1,57,332908.136522,332908.217851,332908.260765,met,0.003289
b28,L2,38,332908.136493,332908.254257,332908.295130,met,0.001150
b28,L1,58,332910.136522,332910.209180,332910.252502,met,0.001153
b28,L2,39,332911.136493,332911.225601,332911.269884,met,0.001275
b28,L1,59,332912.136522,332912.254167,332912.301376,met,0.002419
b28,L2,40,332914.136493,332914.209927,332914.254124,met,0.001016
b28,L1,60,332914.136522,332914.273226,332914.321814,met,0.002293
b28,L1,61,332916.136522,332916.249556,332916.292876,met,0.003331
b28,L2,41,332917.136493,332917.249014,332917.290396,met,0.001354
b28,L1,62,332918.136522,332918.208631,332918.251568,met,0.003268
b28,L1,63,332920.136522,332920.243554,332920.291309,met,0.003217
b28,L2,42,332920.136493,332920.243598,332920.316795,met,0.029689
b28,L1,64,332922.136522,332922.259901,332922.587234,met,0.282489
b28,L2,43,332923.136493,332923.226373,332923.265631,met,0.000952
b28,L1,65,332924.136522,332924.191815,332924.232749,met,0.001335
b28,L1,66,332926.136522,332926.200338,332926.242685,met,0.002771
b28,L2,44,332926.136493,332926.255735,332926.298148,met,0.001641
b28,L1,67,332928.136522,332928.222764,332928.484027,met,0.213699
b28,L2,45,332929.136493,332929.209895,332929.252743,met,0.000850
b28,L1,68,332930.136522,332930.233834,332930.275125,met,0.003210
b28,L1,69,332932.136522,332932.204356,332932.247806,met,0.003490
b28,L2,46,332932.136493,332932.206811,332932.248113,met,0.003848
b28,L1,70,332934.136522,332934.205211,332934.246514,met,0.001361
b28,L2,47,332935.136493,332935.259396,332935.405557,met,0.106040
b28,L1,71,332936.136522,332936.202796,332936.246042,met,0.003437
b28,L1,72,332938.136522,332938.194667,332938.298074,met,0.059245
b28,L2,48,332938.136493,332938.199281,332938.298198,met,0.057047
b28,L1,73,332940.136522,332940.206237,332940.251837,met,0.001558
b28,L2,49,332941.136493,332941.211137,332941.252240,met,0.001196
b28,L1,74,332942.136522,332942.259624,332942.302380,met,0.003387
b28,L2,50,332944.136493,332944.196301,332944.241486,met,0.001140
b28,L1,75,332944.136522,332944.196259,332944.242655,met,0.003921
b28,L1,76,332946.136522,332946.209094,332946.252105,met,0.003348
b28,L2,51,332947.136493,332947.211412,332947.253699,met,0.001160
b28,L1,77,332948.136522,332948.193703,332948.234593,met,0.003245
b28,L1,78,332950.136522,332950.191516,332950.231850,met,0.001811
b28,L2,52,332950.136493,332950.196835,332950.238052,met,0.001037
b28,L1,79,332952.136522,332952.211575,332952.256151,met,0.004229
b28,L2,53,332953.136493,332953.203469,332953.719518,met,0.471015
b28,L1,80,332954.136522,332954.254251,332954.295698,met,0.003327
b28,L1,81,332956.136522,332956.208203,332956.254697,met,0.005954
b28,L2,54,332956.136493,332956.265791,332956.304278,met,0.000839
b28,L1,82,332958.136522,332958.197883,332958.237876,met,0.001378
b28,L2,55,332959.136493,332959.266611,332959.714932,met,0.400549
b28,L1,83,332960.136522,332960.267719,332960.319538,met,0.010047
b28,L1,84,332962.136522,332962.200222,332962.239278,met,0.001326
b28,L2,56,332962.136493,332962.270704,332962.311327,met,0.001158
b28,L1,85,332964.136522,332964.269549,332964.312137,met,0.003164
b28,L2,57,332965.136493,332965.266461,332965.332843,met,0.022890
b28,L1,86,332966.136522,332966.207252,332966.300739,met,0.052416
b28,L1,87,332968.136522,332968.199624,332968.242399,met,0.003182
b28,L2,58,332968.136493,332968.267070,332968.308006,met,0.001213
b28,L1,88,332970.136522,332970.247492,332970.289262,met,0.001291
b28,L2,59,332971.136493,332971.199956,332971.309906,met,0.071673
b28,L1,89,332972.136522,332972.207938,332972.253132,met,0.003550
b28,L2,60,332974.136493,332974.206863,332974.247041,met,0.001318
b28,L1,90,332974.136522,332974.263977,332974.307567,met,0.004236
b28,L1,91,332976.136522,332976.210159,332976.334788,met,0.083131
b28,L2,61,332977.136493,332977.224711,332977.265294,met,0.001209
b28,L1,92,332978.136522,332978.200081,332978.240902,met,0.003162
b28,L2,62,332980.136493,332980.258322,332980.335029,met,0.034879
b28,L1,93,332980.136522,332980.261997,332980.431245,met,0.131770
b28,L1,94,332982.136522,332982.225625,332982.271121,met,0.001903
b28,L2,63,332983.136493,332983.243330,332983.298133,met,0.001078
b28,L1,95,332984.136522,332984.269448,332984.590277,met,0.271736
b28,L1,96,332986.136522,332986.215586,332986.348009,met,0.082347
b28,L2,64,332986.136493,332986.222067,332986.348156,met,0.077712
b28,L1,97,332988.136522,332988.280710,332988.327400,met,0.004433
b28,L2,65,332989.136493,332989.207801,332989.248292,met,0.001095
b28,L1,98,332990.136522,332990.217985,332990.831400,missed,0.561945
b28,L2,66,332992.136493,332992.223821,332992.265529,met,0.000855
b28,L1,99,332992.136522,332992.237864,332992.278724,met,0.000878
b28,L1,100,332994.136522,332994.240142,332994.281902,met,0.003372
b28,L2,67,332995.136493,332995.199050,332995.239644,met,0.001189
b28,L1,101,332996.136522,332996.216383,332996.322124,met,0.066184
b28,L2,68,332998.136493,332998.197904,332998.241379,met,0.001336
b28,L1,102,332998.136522,332998.225739,332998.270864,met,0.003764
b28,L1,103,333000.136522,333000.236735,333000.279188,met,0.003243
b28,L2,69,333001.136493,333001.240046,333001.321657,met,0.042273
b28,L1,104,333002.136522,333002.257396,333002.300499,met,0.003377
b28,L2,70,333004.136493,333004.263079,333004.312748,met,0.002484
b28,L1,105,333004.136522,333004.263204,333004.312950,met,0.002126
b28,L1,106,333006.136522,333006.251313,333006.318043,met,0.026781
b28,L2,71,333007.136493,333007.274859,333007.316656,met,0.001223
b28,L1,107,333008.136522,333008.266433,333008.306703,met,0.001358
b28,L1,108,333010.136522,333010.198855,333010.240227,met,0.002226
b28,L2,72,333010.136493,333010.212986,333010.255599,met,0.000911
b28,L1,109,333012.136522,333012.208819,333012.253869,met,0.004052
b28,L2,73,333013.136493,333013.208071,333013.247285,met,0.001136
b28,L1,110,333014.136522,333014.262118,333014.303181,met,0.000937
b28,L1,111,333016.136522,333016.205100,333016.321286,met,0.068288
b28,L2,74,333016.136493,333016.204998,333016.321380,met,0.066770
b28,L1,112,333018.136522,333018.263057,333018.305064,met,0.003421
b28,L2,75,333019.136493,333019.204550,333019.246271,met,0.001170
b28,L1,113,333020.136522,333020.213096,333020.253466,met,0.001310
b28,L1,114,333022.136522,333022.210651,333022.258014,met,0.002108
b28,L2,76,333022.136493,333022.210099,333022.258014,met,0.003705
b28,L1,115,333024.136522,333024.204103,333024.243490,met,0.001379
b28,L2,77,333025.136493,333025.246337,333025.287899,met,0.001168
b28,L1,116,333026.136522,333026.224755,333026.267616,met,0.003447
b28,L1,117,333028.136522,333028.220372,333028.263350,met,0.001879
b28,L2,78,333028.136493,333028.233459,333028.277212,met,0.000840
b28,L1,118,333030.136522,333030.227354,333030.270140,met,0.001482
b28,L2,79,333031.136493,333031.230526,333031.365008,met,0.089967
b28,L1,119,333032.136522,333032.197464,333032.245000,met,0.002303
b28,L1,120,333034.136522,333034.231645,333034.725118,met,0.441784
b28,L2,80,333034.136493,333034.231516,333034.725315,met,0.442397
b28,L1,121,333036.136522,333036.207542,333036.251210,met,0.001941
b28,L2,81,333037.136493,333037.262737,333037.303898,met,0.001035
b28,L1,122,333038.136522,333038.253820,333038.294958,met,0.001888
b28,L2,82,333040.136493,333040.201374,333040.244741,met,0.000899
b28,L1,123,333040.136522,333040.233817,333040.275491,met,0.000949
b28,L1,124,333042.136522,333042.263418,333042.304507,met,0.002515
b28,L2,83,333043.136493,333043.202004,333043.288875,met,0.044699
b28,L1,125,333044.136522,333044.224849,333044.266592,met,0.001834
b28,L2,84,333046.136493,333046.229827,333046.276909,met,0.000951
b28,L1,126,333046.136522,333046.229828,333046.276853,met,0.002215
b28,L1,127,333048.136522,333048.232562,333048.273966,met,0.003524
b28,L2,85,333049.136493,333049.241134,333049.281939,met,0.000886
b28,L1,128,333050.136522,333050.265445,333050.306117,met,0.003505
b28,L1,129,333052.136522,333052.252111,333052.885582,missed,0.575842
b28,L2,86,333052.136493,333052.252500,333053.093240,met,0.792138
b28,L1,130,333054.136522,333054.265855,333054.308240,met,0.000866
b28,L2,87,333055.136493,333055.267395,333055.309217,met,0.001219
b28,L1,131,333056.136522,333056.251562,333056.292799,met,0.001813
b28,L2,88,333058.136493,333058.211101,333058.269531,met,0.001088
b28,L1,132,333058.136522,333058.211664,333058.269439,met,0.002735
b28,L1,133,333060.136522,333060.230406,333060.277160,met,0.002018
b28,L2,89,333061.136493,333061.271150,333061.490236,met,0.165361
b28,L1,134,333062.136522,333062.226229,333062.309590,met,0.032357
b28,L2,90,333064.136493,333064.232546,333064.273891,met,0.001301
b28,L1,135,333064.136522,333064.286905,333064.331702,met,0.003598
b28,L1,136,333066.136522,333066.264986,333066.307667,met,0.003256
b28,L2,91,333067.136493,333067.201185,333067.244309,met,0.001393
b28,L1,137,333068.136522,333068.209450,333068.273658,met,0.022288
b28,L2,92,333070.136493,333070.250802,333070.297913,met,0.001235
b28,L1,138,333070.136522,333070.250767,333070.297783,met,0.001904
b28,L1,139,333072.136522,333072.208189,333072.250411,met,0.003281
b28,L2,93,333073.136493,333073.231409,333073.271037,met,0.001155
b28,L1,140,333074.136522,333074.254233,333074.298662,met,0.002053
b28,L2,94,333076.136493,333076.260297,333076.305636,met,0.001232
b28,L1,141,333076.136522,333076.260270,333076.305820,met,0.002068
b28,L1,142,333078.136522,333078.202969,333078.245373,met,0.002047
b28,L2,95,333079.136493,333079.212720,333079.252790,met,0.001295
b28,L1,143,333080.136522,333080.195659,333080.234995,met,0.001322
b28,L2,96,333082.136493,333082.196693,333082.241544,met,0.001189
b28,L1,144,333082.136522,333082.196653,333082.243892,met,0.004216
b28,L1,145,333084.136522,333084.213457,333084.255307,met,0.001940
b28,L2,97,333085.136493,333085.238882,333085.292911,met,0.000980
b28,L1,146,333086.136522,333086.209947,333086.250129,met,0.001315
b28,L1,147,333088.136522,333088.266361,333088.310949,met,0.003069
b28,L2,98,333088.136493,333088.276029,333088.314622,met,0.001142
b28,L1,148,333090.136522,333090.211489,333090.252287,met,0.001771
b28,L2,99,333091.136493,333091.215119,333091.254570,met,0.001150
b28,L1,149,333092.136522,333092.203751,333092.242970,met,0.000976
b29,L2,0,333092.611664,333092.672106,333092.803048,met,0.084044
b29,L1,0,333092.611597,333092.672166,333092.803180,met,0.084348
b29,L1,1,333094.611597,333094.695384,333094.737599,met,0.001852
b29,L2,1,333095.611664,333095.687121,333095.727543,met,0.001285
b29,L1,2,333096.611597,333096.742526,333096.784168,met,0.003667
b29,L2,2,333098.611664,333098.670395,333098.710709,met,0.001136
b29,L1,3,333098.611597,333098.688633,333098.730011,met,0.001773
b29,L1,4,333100.611597,333100.713108,333100.755151,met,0.001871
b29,L2,3,333101.611664,333101.711856,333101.751314,met,0.001025
b29,L1,5,333102.611597,333102.729457,333102.770552,met,0.001888
b29,L1,6,333104.611597,333104.702961,333104.747811,met,0.001996
b29,L2,4,333104.611664,333104.712225,333104.754436,met,0.000973
b29,L1,7,333106.611597,333106.712462,333106.755439,met,0.002116
b29,L2,5,333107.611664,333107.714351,333107.755366,met,0.001036
b29,L1,8,333108.611597,333108.696750,333108.738935,met,0.000979
b29,L1,9,333110.611597,333110.723269,333110.775835,met,0.001968
b29,L2,6,333110.611664,333110.723207,333110.785593,met,0.008198
b29,L1,10,333112.611597,333112.722064,333112.766503,met,0.000990
b29,L1,11,333114.611597,333114.751437,333115.397479,missed,0.572944
b29,L2,7,333113.611664,333113.714400,333115.782661,missed,2.014307
b29,L1,12,333116.611597,333116.738946,333116.793442,met,0.001126
b29,L2,8,333116.611664,333116.774491,333116.841017,met,0.001233
b29,L1,13,333118.611597,333118.750694,333118.806488,met,0.001899
b29,L2,9,333119.611664,333119.680890,333119.722864,met,0.000897
b29,L1,14,333120.611597,333120.748307,333120.816947,met,0.004185
b29,L1,15,333122.611597,333122.753497,333122.887461,met,0.085232
b29,L2,10,333122.611664,333122.762526,333122.888217,met,0.076833
b29,L1,16,333124.611597,333124.775494,333124.865891,met,0.030392
b29,L2,11,333125.611664,333125.727666,333125.792239,met,0.001478
b29,L1,17,333126.611597,333126.721301,333126.767575,met,0.001942
b29,L2,12,333128.611664,333128.679804,333128.722763,met,0.000895
b29,L1,18,333128.611597,333128.698588,333128.751839,met,0.002043
b29,L1,19,333130.611597,333130.697583,333130.750079,met,0.003257
b29,L2,13,333131.611664,333131.704820,333131.762568,met,0.001261
b29,L1,20,333132.611597,333132.696330,333132.740999,met,0.001854
b29,L2,14,333134.611664,333134.705635,333134.748010,met,0.001057
b29,L1,21,333134.611597,333134.730879,333134.781762,met,0.002488
b29,L1,22,333136.611597,333136.774059,333136.868902,met,0.037961
b29,L2,15,333137.611664,333137.763024,333137.825316,met,0.001573
b29,L1,23,333138.611597,333138.766790,333138.817056,met,0.001047
b29,L2,16,333140.611664,333140.757044,333140.808211,met,0.001147
b29,L1,24,333140.611597,333140.753746,333140.808404,met,0.003723
b29,L1,25,333142.611597,333142.723280,333142.880516,met,0.092479
b29,L2,17,333143.611664,333143.706686,333143.748994,met,0.001144
b29,L1,26,333144.611597,333144.688545,333144.730294,met,0.001104
b29,L2,18,333146.611664,333146.720218,333147.222614,met,0.428557
b29,L1,27,333146.611597,333146.725351,333147.224823,met,0.428520
b29,L1,28,333148.611597,333148.706999,333148.766747,met,0.001190
b29,L2,19,333149.611664,333149.729016,333149.817225,met,0.001471
b29,L1,29,333150.611597,333150.771386,333150.822872,met,0.001877
b29,L2,20,333152.611664,333152.736603,333152.796290,met,0.001169
b29,L1,30,333152.611597,333152.767678,333152.822467,met,0.002081
b29,L1,31,333154.611597,333154.756785,333155.006901,met,0.198048
b29,L2,21,333155.611664,333155.752173,333155.812547,met,0.000970
b29,L1,32,333156.611597,333156.768018,333156.833363,met,0.002354
b29,L1,33,333158.611597,333158.742473,333158.804653,met,0.002204
b29,L2,22,333158.611664,333158.772642,333158.821683,met,0.001082
b29,L1,34,333160.611597,333160.755334,333160.798825,met,0.002040
b29,L2,23,333161.611664,333161.779529,333161.824457,met,0.001025
b29,L1,35,333162.611597,333162.685546,333162.760099,met,0.003363
b29,L1,36,333164.611597,333164.689719,333164.744792,met,0.000957
b29,L2,24,333164.611664,333164.702923,333164.764726,met,0.001582
b29,L1,37,333166.611597,333166.688545,333166.730868,met,0.001866
b29,L2,25,333167.611664,333167.681265,333167.740357,met,0.000957
b29,L1,38,333168.611597,333168.750614,333168.853394,met,0.034708
b29,L2,26,333170.611664,333170.672893,333170.727492,met,0.000968
b29,L1,39,333170.611597,333170.694034,333170.755221,met,0.001635
b29,L1,40,333172.611597,333172.771091,333172.824280,met,0.002107
b29,L2,27,333173.611664,333173.773345,333173.828321,met,0.000931
b29,L1,41,333174.611597,333174.767900,333174.833497,met,0.003269
b29,L1,42,333176.611597,333176.681211,333177.290572,missed,0.545675
b29,L2,28,333176.611664,333176.719569,333178.596048,met,1.811231
b29,L1,43,333178.611597,333178.776744,333178.825852,met,0.002554
b29,L2,29,333179.611664,333179.751804,333179.841778,met,0.011831
b29,L1,44,333180.611597,333180.764287,333180.807379,met,0.000991
b29,L2,30,333182.611664,333182.681806,333182.757089,met,0.020553
b29,L1,45,333182.611597,333182.709606,333182.769416,met,0.002090
b29,L1,46,333184.611597,333184.745043,333184.788393,met,0.001893
b29,L2,31,333185.611664,333185.751187,333186.008036,met,0.197672
b29,L1,47,333186.611597,333186.740867,333186.808432,met,0.001495
b29,L2,32,333188.611664,333188.691083,333188.736260,met,0.000948
b29,L1,48,333188.611597,333188.717942,333188.784003,met,0.003893
b29,L1,49,333190.611597,333190.680938,333190.991581,met,0.250734
b29,L2,33,333191.611664,333191.716768,333191.759175,met,0.000876
b29,L1,50,333192.611597,333192.733774,333192.777507,met,0.002116
b29,L2,34,333194.611664,333194.747288,333194.811299,met,0.001584
b29,L1,51,333194.611597,333194.747230,333194.815561,met,0.004568
b29,L1,52,333196.611597,333196.714560,333196.757295,met,0.001830
b29,L2,35,333197.611664,333197.697454,333197.755524,met,0.001803
b29,L1,53,333198.611597,333198.747662,333198.800285,met,0.001904
b29,L2,36,333200.611664,333200.680510,333200.723061,met,0.000916
b29,L1,54,333200.611597,333200.750551,333200.816959,met,0.004400
b29,L1,55,333202.611597,333202.753597,333202.814217,met,0.006791
b29,L2,37,333203.611664,333203.755492,333203.816959,met,0.001600
b29,L1,56,333204.611597,333204.741093,333204.794469,met,0.002164
b29,L1,57,333206.611597,333206.741629,333206.791220,met,0.001883
b29,L2,38,333206.611664,333206.743466,333206.791473,met,0.001991
b29,L1,58,333208.611597,333208.759687,333209.392108,missed,0.570420
b29,L2,39,333209.611664,333209.764909,333209.880695,met,0.070155
b29,L1,59,333210.611597,333210.698477,333210.759799,met,0.001173
b29,L2,40,333212.611664,333212.732111,333212.944829,met,0.154970
b29,L1,60,333212.611597,333212.823688,333212.946531,met,0.051851
b29,L1,61,333214.611597,333214.800603,333214.873350,met,0.003769
b29,L2,41,333215.611664,333215.737727,333215.800007,met,0.001611
b29,L1,62,333216.611597,333216.786380,333216.976979,met,0.143932
b29,L2,42,333218.611664,333218.811899,333218.862856,met,0.001339
b29,L1,63,333218.611597,333218.812512,333218.862795,met,0.001040
b29,L1,64,333220.611597,333220.743781,333220.830573,met,0.006010
b29,L2,43,333221.611664,333221.853530,333222.064702,met,0.116779
b29,L1,65,333222.611597,333222.889347,333222.952963,met,0.002343
b29,L2,44,333224.611664,333224.873809,333225.030612,met,0.099961
b29,L1,66,333224.611597,333224.847263,333225.033655,met,0.119103
b29,L1,67,333226.611597,333226.850242,333226.908516,met,0.001013
b29,L2,45,333227.611664,333227.864349,333228.005255,met,0.056245
b29,L1,68,333228.611597,333228.817165,333228.878594,met,0.002082
b29,L1,69,333230.611597,333230.725343,333230.792567,met,0.019248
b29,L2,46,333230.611664,333230.839661,333230.886380,met,0.000872
b29,L1,70,333232.611597,333232.723926,333232.769323,met,0.001883
b29,L2,47,333233.611664,333233.815251,333233.858845,met,0.000911
b29,L1,71,333234.611597,333234.783598,333234.883436,met,0.053820
b29,L2,48,333236.611664,333236.782984,333236.833039,met,0.001249
b29,L1,72,333236.611597,333236.783029,333236.832908,met,0.001022
b29,L1,73,333238.611597,333238.813339,333238.881975,met,0.004355
b29,L2,49,333239.611664,333239.824811,333240.934407,met,1.050902
b29,L1,74,333240.611597,333240.836909,333241.541991,missed,0.620730
b29,L1,75,333242.611597,333242.824272,333242.880755,met,0.001145
b29,L2,50,333242.611664,333242.828357,333242.884620,met,0.001963
b29,L1,76,333244.611597,333244.847327,333244.893445,met,0.001860
b29,L2,51,333245.611664,333245.849897,333246.173359,met,0.257319
b29,L1,77,333246.611597,333246.716232,333246.765790,met,0.002293
b29,L1,78,333248.611597,333248.722647,333248.771571,met,0.003712
b29,L2,52,333248.611664,333248.803939,333248.863058,met,0.000924
b29,L1,79,333250.611597,333250.813485,333250.869587,met,0.002022
b29,L2,53,333251.611664,333251.700738,333251.767254,met,0.001334
b29,L1,80,333252.611597,333252.800323,333252.859093,met,0.002096
b29,L2,54,333254.611664,333254.699754,333254.746397,met,0.000913
b29,L1,81,333254.611597,333254.821044,333254.866224,met,0.002099
b29,L1,82,333256.611597,333256.815167,333256.867455,met,0.002228
b29,L2,55,333257.611664,333257.783295,333257.830920,met,0.000994
b29,L1,83,333258.611597,333258.683918,333258.733496,met,0.001048
b29,L2,56,333260.611664,333260.732392,333260.783458,met,0.001302
b29,L1,84,333260.611597,333260.848658,333260.900528,met,0.000924
b29,L1,85,333262.611597,333262.716484,333262.787065,met,0.003300
b29,L2,57,333263.611664,333263.826095,333264.255425,met,0.353920
b29,L1,86,333264.611597,333264.850053,333264.910618,met,0.003250
b29,L2,58,333266.611664,333266.825551,333266.901903,met,0.002727
b29,L1,87,333266.611597,333266.871223,333266.939324,met,0.002124
b29,L1,88,333268.611597,333268.880914,333268.988199,met,0.003778
b29,L2,59,333269.611664,333269.841043,333269.899874,met,0.001051
b29,L1,89,333270.611597,333270.810247,333270.882046,met,0.000987
b29,L1,90,333272.611597,333272.776079,333273.503435,missed,0.632112
b29,L2,60,333272.611664,333272.853921,333274.056346,met,1.130516
b29,L1,91,333274.611597,333274.834527,333274.923147,met,0.001905
b29,L2,61,333275.611664,333275.874725,333275.956868,met,0.001198
b29,L1,92,333276.611597,333276.727521,333276.780187,met,0.001379
b29,L2,62,333278.611664,333278.736500,333279.535042,met,0.741265
b29,L1,93,333278.611597,333278.837326,333279.553713,missed,0.637890
b29,L1,94,333280.611597,333280.727232,333280.775734,met,0.001823
b29,L2,63,333281.611664,333281.779678,333281.841214,met,0.001307
b29,L1,95,333282.611597,333282.749579,333282.814450,met,0.001660
b29,L2,64,333284.611664,333284.775847,333284.841547,met,0.001324
b29,L1,96,333284.611597,333284.795273,333284.855096,met,0.001994
b29,L1,97,333286.611597,333286.832418,333286.876181,met,0.001860
b29,L2,65,333287.611664,333287.815763,333287.859362,met,0.000861
b29,L1,98,333288.611597,333288.674871,333288.773527,met,0.040392
b29,L2,66,333290.611664,333290.798729,333290.846957,met,0.001239
b29,L1,99,333290.611597,333290.829480,333290.900279,met,0.005020
b29,L1,100,333292.611597,333292.823985,333292.872686,met,0.001871
b29,L2,67,333293.611664,333293.835254,333293.880666,met,0.001002
b29,L1,101,333294.611597,333294.842909,333294.978216,met,0.090716
b29,L1,102,333296.611597,333296.709189,333296.761162,met,0.002021
b29,L2,68,333296.611664,333296.709077,333296.761240,met,0.002301
b29,L1,103,333298.611597,333298.717494,333298.832706,met,0.043216
b29,L2,69,333299.611664,333299.698732,333299.748175,met,0.004867
b29,L1,104,333300.611597,333300.770193,333300.822853,met,0.001021
b29,L1,105,333302.611597,333302.724869,333302.791016,met,0.003124
b29,L2,70,333302.611664,333302.843791,333302.889103,met,0.000891
b29,L1,106,333304.611597,333304.785569,333305.101001,met,0.253090
b29,L2,71,333305.611664,333305.824037,333305.886096,met,0.001793
b29,L1,107,333306.611597,333306.759735,333306.835066,met,0.001894
b29,L2,72,333308.611664,333308.835023,333308.892805,met,0.002366
b29,L1,108,333308.611597,333308.834857,333308.893007,met,0.002007
b29,L1,109,333310.611597,333310.774602,333310.819965,met,0.001827
b29,L2,73,333311.611664,333311.764494,333311.822133,met,0.000955
b29,L1,110,333312.611597,333312.702191,333312.747725,met,0.001869
b29,L1,111,333314.611597,333314.758555,333314.876210,met,0.049095
b29,L2,74,333314.611664,333314.805493,333314.876210,met,0.005782
b29,L1,112,333316.611597,333316.819202,333316.882963,met,0.001524
b29,L2,75,333317.611664,333317.821419,333317.871203,met,0.001146
b29,L1,113,333318.611597,333318.791087,333318.836798,met,0.002102
b29,L1,114,333320.611597,333320.681986,333320.726560,met,0.001829
b29,L2,76,333320.611664,333320.830344,333320.875614,met,0.000947
b29,L1,115,333322.611597,333322.682614,333322.727237,met,0.000993
b29,L2,77,333323.611664,333323.825994,333323.871088,met,0.000902
b29,L1,116,333324.611597,333324.724828,333324.856300,met,0.084600
b29,L2,78,333326.611664,333326.719676,333326.778465,met,0.001444
b29,L1,117,333326.611597,333326.831864,333326.891492,met,0.004973
b29,L1,118,333328.611597,333328.724819,333328.768109,met,0.001048
b29,L2,79,333329.611664,333329.700260,333329.832851,met,0.087568
b29,L1,119,333330.611597,333330.839690,333330.886402,met,0.003289
b29,L1,120,333332.611597,333332.767551,333332.834962,met,0.001617
b29,L2,80,333332.611664,333332.781148,333332.847217,met,0.001323
b29,L1,121,333334.611597,333334.822752,333335.510164,missed,0.628080
b29,L2,81,333335.611664,333335.837492,333336.335862,met,0.448111
b29,L1,122,333336.611597,333336.772003,333337.150478,met,0.311323
b29,L2,82,333338.611664,333338.819749,333339.142764,met,0.254142
b29,L1,123,333338.611597,333338.848668,333339.170693,met,0.257925
b29,L1,124,333340.611597,333340.844494,333340.916427,met,0.003427
b29,L2,83,333341.611664,333341.806501,333342.051435,met,0.191868
b29,L1,125,333342.611597,333342.743502,333342.805229,met,0.002124
b29,L1,126,333344.611597,333344.723212,333344.773877,met,0.001200
b29,L2,84,333344.611664,333344.843729,333344.906243,met,0.001200
b29,L1,127,333346.611597,333346.791991,333346.858481,met,0.004171
b29,L2,85,333347.611664,333347.842370,333347.897770,met,0.001178
b29,L1,128,333348.611597,333348.805141,333348.849573,met,0.001999
b29,L2,86,333350.611664,333350.711756,333350.756049,met,0.001040
b29,L1,129,333350.611597,333350.822548,333350.883257,met,0.001697
b29,L1,130,333352.611597,333352.717154,333352.761259,met,0.001868
b29,L2,87,333353.611664,333353.760731,333353.814041,met,0.000984
b29,L1,131,333354.611597,333354.827389,333354.876345,met,0.002042
b29,L2,88,333356.611664,333356.710401,333356.813349,met,0.014563
b29,L1,132,333356.611597,333356.731966,333356.815068,met,0.013855
b29,L1,133,333358.611597,333358.746973,333358.837017,met,0.022084
b29,L2,89,333359.611664,333359.842525,333359.917712,met,0.001328
b29,L1,134,333360.611597,333360.802085,333360.850113,met,0.001992
b29,L2,90,333362.611664,333362.701058,333362.746824,met,0.000910
b29,L1,135,333362.611597,333362.783500,333362.837021,met,0.002474
b29,L1,136,333364.611597,333364.716499,333364.763273,met,0.001886
b29,L2,91,333365.611664,333365.843731,333367.383783,met,1.477975
b29,L1,137,333366.611597,333366.835777,333367.384907,met,0.487095
b29,L2,92,333368.611664,333368.868334,333368.951761,met,0.001501
b29,L1,138,333368.611597,333368.868622,333368.957358,met,0.004490
b29,L1,139,333370.611597,333370.827960,333371.128155,met,0.235746
b29,L2,93,333371.611664,333371.842037,333371.917099,met,0.001306
b29,L1,140,333372.611597,333372.874940,333373.351155,met,0.417697
b29,L1,141,333374.611597,333374.725542,333374.793867,met,0.003642
b29,L2,94,333374.611664,333374.744854,333374.813242,met,0.002157
b29,L1,142,333376.611597,333376.751925,333376.797540,met,0.001036
b29,L2,95,333377.611664,333377.688991,333377.769748,met,0.002343
b29,L1,143,333378.611597,333378.716996,333378.770068,met,0.002148
b29,L2,96,333380.611664,333380.697246,333380.762200,met,0.001687
b29,L1,144,333380.611597,333380.840097,333380.904157,met,0.003251
b29,L1,145,333382.611597,333382.740003,333382.804635,met,0.012457
b29,L2,97,333383.611664,333383.739412,333383.801577,met,0.001238
b29,L1,146,333384.611597,333384.746659,333384.793413,met,0.001976
b29,L1,147,333386.611597,333386.805051,333386.874607,met,0.004120
b29,L2,98,333386.611664,333386.818581,333386.889287,met,0.001357
b29,L1,148,333388.611597,333388.776130,333388.835136,met,0.005550
b29,L2,99,333389.611664,333389.815824,333389.865473,met,0.000919
b29,L1,149,333390.611597,333390.832997,333390.884358,met,0.001883
b30,L2,0,333391.450003,333391.546156,333391.616083,met,0.001202
b30,L1,0,333391.450440,333391.546026,333391.616284,met,0.001556
b30,L1,1,333393.450440,333393.694238,333393.767600,met,0.003692
b30,L2,1,333394.450003,333394.689529,333394.810511,met,0.040972
b30,L1,2,333395.450440,333395.627157,333395.678126,met,0.002197
b30,L1,3,333397.450440,333397.566280,333398.289494,missed,0.643339
b30,L2,2,333397.450003,333397.534656,333399.760957,missed,2.147630
b30,L1,4,333399.450440,333399.669350,333400.381093,missed,0.641073
b30,L2,3,333400.450003,333400.586025,333401.344713,met,0.700184
b30,L1,5,333401.450440,333401.675143,333401.748200,met,0.008232
b30,L2,4,333403.450003,333403.664554,333403.727547,met,0.001219
b30,L1,6,333403.450440,333403.682362,333403.799051,met,0.044856
b30,L1,7,333405.450440,333405.680017,333405.734297,met,0.001020
b30,L2,5,333406.450003,333406.611642,333406.671427,met,0.001276
b30,L1,8,333407.450440,333407.566372,333407.625014,met,0.001206
b30,L2,6,333409.450003,333409.593635,333409.667393,met,0.001342
b30,L1,9,333409.450440,333409.679237,333409.865721,met,0.122610
b30,L1,10,333411.450440,333411.648717,333411.695525,met,0.001875
b30,L2,7,333412.450003,333412.567426,333412.616370,met,0.001030
b30,L1,11,333413.450440,333413.652124,333413.697834,met,0.002083
b30,L2,8,333415.450003,333415.642945,333415.691622,met,0.001067
b30,L1,12,333415.450440,333415.655423,333415.699896,met,0.001919
b30,L1,13,333417.450440,333417.659722,333417.702407,met,0.001019
b30,L2,9,333418.450003,333418.558955,333418.605933,met,0.001139
b30,L1,14,333419.450440,333419.648316,333420.009422,met,0.312553
b30,L1,15,333421.450440,333421.576244,333421.637272,met,0.002531
b30,L2,10,333421.450003,333421.580060,333421.637281,met,0.001004
b30,L1,16,333423.450440,333423.667174,333423.714373,met,0.001371
b30,L2,11,333424.450003,333424.538271,333424.584379,met,0.000970
b30,L1,17,333425.450440,333425.658985,333425.714301,met,0.001792
b30,L2,12,333427.450003,333427.526442,333427.584025,met,0.000882
b30,L1,18,333427.450440,333427.589387,333427.653612,met,0.002034
b30,L1,19,333429.450440,333429.594431,333430.316135,missed,0.643889
b30,L2,13,333430.450003,333430.601039,333431.349402,met,0.695071
b30,L1,20,333431.450440,333431.669600,333431.722551,met,0.000948
b30,L2,14,333433.450003,333433.680045,333433.744274,met,0.001528
b30,L1,21,333433.450440,333433.708550,333433.761923,met,0.000953
b30,L1,22,333435.450440,333435.589317,333435.644572,met,0.001891
b30,L2,15,333436.450003,333436.652418,333436.698651,met,0.000938
b30,L1,23,333437.450440,333437.533728,333437.581751,met,0.002458
b30,L1,24,333439.450440,333439.554931,333439.600653,met,0.001067
b30,L2,16,333439.450003,333439.651067,333439.695523,met,0.000873
b30,L1,25,333441.450440,333441.532599,333441.575852,met,0.001847
b30,L2,17,333442.450003,333442.531729,333442.577572,met,0.000920
b30,L1,26,333443.450440,333443.654760,333443.707195,met,0.002036
b30,L1,27,333445.450440,333445.552912,333445.604786,met,0.001452
b30,L2,18,333445.450003,333445.552811,333445.605658,met,0.000931
b30,L1,28,333447.450440,333447.593920,333447.786482,met,0.128641
b30,L2,19,333448.450003,333448.568296,333448.612938,met,0.001018
b30,L1,29,333449.450440,333449.525446,333449.569431,met,0.001826
b30,L1,30,333451.450440,333451.654476,333451.761507,met,0.015523
b30,L2,20,333451.450003,333451.681176,333451.777817,met,0.003038
b30,L1,31,333453.450440,333453.575808,333453.656492,met,0.007572
b30,L2,21,333454.450003,333454.602199,333454.663795,met,0.001083
b30,L1,32,333455.450440,333455.580503,333455.671532,met,0.018938
b30,L2,22,333457.450003,333457.691891,333457.764484,met,0.002087
b30,L1,33,333457.450440,333457.692835,333457.764849,met,0.004921
b30,L1,34,333459.450440,333459.685322,333459.743040,met,0.002048
b30,L2,23,333460.450003,333460.684910,333460.731651,met,0.001020
b30,L1,35,333461.450440,333461.603791,333462.335648,missed,0.646683
b30,L2,24,333463.450003,333463.555928,333463.614299,met,0.000870
b30,L1,36,333463.450440,333463.665789,333463.735629,met,0.001942
b30,L1,37,333465.450440,333465.652434,333465.704113,met,0.005275
b30,L2,25,333466.450003,333466.638302,333466.704358,met,0.008654
b30,L1,38,333467.450440,333467.591643,333467.657244,met,0.003161
b30,L1,39,333469.450440,333469.623961,333469.672193,met,0.001988
b30,L2,26,333469.450003,333469.659895,333469.722339,met,0.018087
b30,L1,40,333471.450440,333471.675751,333472.407232,missed,0.645767
b30,L2,27,333472.450003,333472.653363,333473.097742,met,0.389236
b30,L1,41,333473.450440,333473.705125,333473.797044,met,0.012418
b30,L2,28,333475.450003,333475.682056,333475.747505,met,0.000967
b30,L1,42,333475.450440,333475.706752,333475.783192,met,0.019734
b30,L1,43,333477.450440,333477.669318,333477.713352,met,0.000949
b30,L2,29,333478.450003,333478.593298,333478.639407,met,0.000952
b30,L1,44,333479.450440,333479.518527,333479.564825,met,0.001890
b30,L2,30,333481.450003,333481.519990,333481.602380,met,0.037012
b30,L1,45,333481.450440,333481.616038,333481.919923,met,0.249196
b30,L1,46,333483.450440,333483.663297,333483.730135,met,0.001805
b30,L2,31,333484.450003,333484.659570,333484.708284,met,0.000922
b30,L1,47,333485.450440,333485.634596,333485.678507,met,0.000954
b30,L2,32,333487.450003,333487.626482,333487.672293,met,0.000925
b30,L1,48,333487.450440,333487.648813,333487.696984,met,0.002030
b30,L1,49,333489.450440,333489.672392,333489.746909,met,0.011005
b30,L2,33,333490.450003,333490.613053,333490.660062,met,0.000907
b30,L1,50,333491.450440,333491.544432,333491.589881,met,0.001086
b30,L2,34,333493.450003,333493.660343,333494.205021,met,0.477886
b30,L1,51,333493.450440,333493.660334,333494.208226,met,0.481209
b30,L1,52,333495.450440,333495.666766,333495.732948,met,0.001590
b30,L2,35,333496.450003,333496.676068,333496.738846,met,0.002140
b30,L1,53,333497.450440,333497.661357,333497.714334,met,0.002060
b30,L2,36,333499.450003,333499.567275,333499.787770,met,0.157766
b30,L1,54,333499.450440,333499.673847,333499.790872,met,0.055068
b30,L1,55,333501.450440,333501.666870,333502.082763,met,0.338332
b30,L2,37,333502.450003,333502.560202,333502.636262,met,0.001389
b30,L1,56,333503.450440,333503.717634,333504.315517,missed,0.514659
b30,L2,38,333505.450003,333505.679673,333505.796882,met,0.053170
b30,L1,57,333505.450440,333505.685839,333505.800593,met,0.053950
b30,L1,58,333507.450440,333507.587214,333507.636730,met,0.001040
b30,L2,39,333508.450003,333508.547381,333508.613986,met,0.001132
b30,L1,59,333509.450440,333509.635811,333509.986389,met,0.288362
b30,L2,40,333511.450003,333511.669175,333511.808806,met,0.066572
b30,L1,60,333511.450440,333511.679185,333511.816115,met,0.069544
b30,L1,61,333513.450440,333513.576339,333513.631556,met,0.001024
b30,L2,41,333514.450003,333514.630107,333514.695163,met,0.001009
b30,L1,62,333515.450440,333515.671937,333515.721041,met,0.001964
b30,L1,63,333517.450440,333517.668469,333517.819781,met,0.074799
b30,L2,42,333517.450003,333517.688134,333517.824727,met,0.061468
b30,L1,64,333519.450440,333519.732131,333519.787338,met,0.001965
b30,L2,43,333520.450003,333520.663537,333520.799887,met,0.081992
b30,L1,65,333521.450440,333521.673339,333521.744377,met,0.002782
b30,L1,66,333523.450440,333523.603509,333524.327250,missed,0.632598
b30,L2,44,333523.450003,333523.695892,333525.918536,missed,2.147650
b30,L1,67,333525.450440,333525.665640,333526.310450,missed,0.580970
b30,L2,45,333526.450003,333526.677160,333526.732142,met,0.000985
b30,L1,68,333527.450440,333527.689762,333527.738404,met,0.001307
b30,L1,69,333529.450440,333529.533246,333529.585942,met,0.002193
b30,L2,46,333529.450003,333529.634209,333529.680457,met,0.000908
b30,L1,70,333531.450440,333531.530875,333531.577876,met,0.002907
b30,L2,47,333532.450003,333532.573661,333532.871487,met,0.244755
b30,L1,71,333533.450440,333533.604693,333533.650531,met,0.001986
b30,L2,48,333535.450003,333535.610727,333535.679923,met,0.016649
b30,L1,72,333535.450440,333535.597312,333535.679677,met,0.029555
b30,L1,73,333537.450440,333537.585790,333537.627963,met,0.000961
b30,L2,49,333538.450003,333538.629540,333538.672803,met,0.000932
b30,L1,74,333539.450440,333539.644805,333539.691043,met,0.001996
b30,L2,50,333541.450003,333541.629314,333541.757098,met,0.075132
b30,L1,75,333541.450440,333541.629118,333541.757130,met,0.074835
b30,L1,76,333543.450440,333543.523533,333543.816595,met,0.242348
b30,L2,51,333544.450003,333544.578517,333545.475813,met,0.817611
b30,L1,77,333545.450440,333545.660317,333546.004698,met,0.288421
b30,L1,78,333547.450440,333547.651821,333547.701393,met,0.002166
b30,L2,52,333547.450003,333547.685257,333547.747730,met,0.001299
b30,L1,79,333549.450440,333549.681884,333549.727781,met,0.001199
b30,L2,53,333550.450003,333550.554873,333550.601815,met,0.000903
b30,L1,80,333551.450440,333551.579285,333551.624074,met,0.001930
b30,L1,81,333553.450440,333553.522538,333553.603482,met,0.034708
b30,L2,54,333553.450003,333553.647699,333553.693233,met,0.000916
b30,L1,82,333555.450440,333555.631490,333556.306495,missed,0.619453
b30,L2,55,333556.450003,333556.638672,333557.078605,met,0.391352
b30,L1,83,333557.450440,333557.617417,333557.661345,met,0.001016
b30,L2,56,333559.450003,333559.555789,333559.603578,met,0.002161
b30,L1,84,333559.450440,333559.553785,333559.603751,met,0.001897
b30,L1,85,333561.450440,333561.609038,333561.737657,met,0.081766
b30,L2,57,333562.450003,333562.531999,333562.579049,met,0.001042
b30,L1,86,333563.450440,333563.534211,333563.582988,met,0.001944
b30,L2,58,333565.450003,333565.515289,333565.567501,met,0.002596
b30,L1,87,333565.450440,333565.515404,333565.567502,met,0.002178
b30,L1,88,333567.450440,333567.520549,333567.565921,met,0.001941
b30,L2,59,333568.450003,333568.608287,333568.651909,met,0.000897
b30,L1,89,333569.450440,333569.605671,333569.649295,met,0.001815
b30,L2,60,333571.450003,333571.516593,333571.649536,met,0.090846
b30,L1,90,333571.450440,333571.641192,333571.741439,met,0.050513
b30,L1,91,333573.450440,333573.702171,333573.780568,met,0.002104
b30,L2,61,333574.450003,333574.530094,333574.992258,met,0.392885
b30,L1,92,333575.450440,333575.560359,333575.629254,met,0.004436
b30,L2,62,333577.450003,333577.566959,333577.683025,met,0.048220
b30,L1,93,333577.450440,333577.598759,333577.683023,met,0.019783
b30,L1,94,333579.450440,333579.665028,333579.712460,met,0.000997
b30,L2,63,333580.450003,333580.551535,333580.635152,met,0.032462
b30,L1,95,333581.450440,333581.542105,333581.656743,met,0.075205
b30,L2,64,333583.450003,333583.513503,333583.588862,met,0.030872
b30,L1,96,333583.450440,333583.519728,333583.590014,met,0.027392
b30,L1,97,333585.450440,333585.613022,333585.658451,met,0.001347
b30,L1,98,333587.450440,333587.580859,333588.311109,missed,0.642497
b30,L2,65,333586.450003,333586.675981,333588.353600,met,1.614304
b30,L2,66,333589.450003,333589.674101,333589.739549,met,0.001762
b30,L1,99,333589.450440,333589.672718,333589.739457,met,0.004803
b30,L1,100,333591.450440,333591.552272,333591.614422,met,0.002613
b30,L2,67,333592.450003,333592.576854,333592.661998,met,0.036786
b30,L1,101,333593.450440,333593.540572,333593.587641,met,0.002281
b30,L2,68,333595.450003,333595.538787,333595.613224,met,0.025233
b30,L1,102,333595.450440,333595.652381,333595.699728,met,0.001953
b30,L1,103,333597.450440,333597.590350,333597.636950,met,0.002264
b30,L2,69,333598.450003,333598.524327,333598.635065,met,0.064504
b30,L1,104,333599.450440,333599.688818,333599.751773,met,0.002949
b30,L1,105,333601.450440,333601.540540,333601.618710,met,0.031517
b30,L2,70,333601.450003,333601.680023,333601.792613,met,0.040397
b30,L1,106,333603.450440,333603.666749,333603.712168,met,0.000976
b30,L2,71,333604.450003,333604.545355,333604.660667,met,0.036152
b30,L1,107,333605.450440,333605.529395,333605.576113,met,0.001873
b30,L1,108,333607.450440,333607.553390,333607.614233,met,0.013686
b30,L2,72,333607.450003,333607.704080,333607.762474,met,0.000897
b30,L1,109,333609.450440,333609.591271,333609.821287,met,0.166303
b30,L2,73,333610.450003,333610.522450,333610.617165,met,0.047400
b30,L1,110,333611.450440,333611.581976,333611.709221,met,0.081607
b30,L1,111,333613.450440,333613.543416,333614.238671,missed,0.633088
b30,L2,74,333613.450003,333613.534735,333614.763325,met,1.177932
b30,L1,112,333615.450440,333615.547321,333615.594161,met,0.002025
b30,L2,75,333616.450003,333616.560349,333616.607540,met,0.000837
b30,L1,113,333617.450440,333617.539216,333617.606308,met,0.002313
b30,L2,76,333619.450003,333619.576007,333619.954250,met,0.328942
b30,L1,114,333619.450440,333619.678633,333620.166925,met,0.440656
b30,L1,115,333621.450440,333621.569207,333621.780123,met,0.161024
b30,L2,77,333622.450003,333622.667270,333622.713075,met,0.000882
b30,L1,116,333623.450440,333623.674615,333623.719486,met,0.001638
b30,L2,78,333625.450003,333625.520424,333625.566032,met,0.000912
b30,L1,117,333625.450440,333625.528282,333625.575843,met,0.001924
b30,L1,118,333627.450440,333627.623271,333627.681988,met,0.002269
b30,L2,79,333628.450003,333628.616369,333628.661469,met,0.000919
b30,L1,119,333629.450440,333629.528406,333629.596000,met,0.004001
b30,L2,80,333631.450003,333631.512955,333631.555754,met,0.000957
b30,L1,120,333631.450440,333631.668101,333631.732296,met,0.018332
b30,L1,121,333633.450440,333633.673875,333633.718793,met,0.001884
b30,L2,81,333634.450003,333634.579015,333634.625328,met,0.000882
b30,L1,122,333635.450440,333635.548517,333635.601524,met,0.001945
b30,L2,82,333637.450003,333637.585736,333637.628140,met,0.000923
b30,L1,123,333637.450440,333637.598424,333637.644134,met,0.001867
b30,L1,124,333639.450440,333639.681929,333639.750860,met,0.002774
b30,L2,83,333640.450003,333640.559798,333640.637327,met,0.025322
b30,L1,125,333641.450440,333641.694758,333641.745460,met,0.001889
b30,L1,126,333643.450440,333643.516764,333643.561957,met,0.001956
b30,L2,84,333643.450003,333643.541054,333643.585753,met,0.000872
b30,L1,127,333645.450440,333645.657358,333645.700517,met,0.001871
b30,L2,85,333646.450003,333646.645382,333646.718831,met,0.001741
b30,L1,128,333647.450440,333647.668365,333647.715520,met,0.001154
b30,L1,129,333649.450440,333649.541167,333649.583981,met,0.001000
b30,L2,86,333649.450003,333649.644646,333649.685035,met,0.000971
b30,L1,130,333651.450440,333651.627474,333651.673700,met,0.002098
b30,L2,87,333652.450003,333652.549951,333653.002025,met,0.377198
b30,L1,131,333653.450440,333653.556586,333653.604607,met,0.002295
b30,L2,88,333655.450003,333655.521129,333655.568830,met,0.001288
b30,L1,132,333655.450440,333655.659156,333656.129336,met,0.405744
b30,L1,133,333657.450440,333657.602345,333657.649633,met,0.001921
b30,L2,89,333658.450003,333658.575778,333658.621483,met,0.000888
b30,L1,134,333659.450440,333659.534623,333659.582900,met,0.001138
b30,L2,90,333661.450003,333661.531850,333661.607040,met,0.003731
b30,L1,135,333661.450440,333661.532136,333661.608512,met,0.003426
b30,L1,136,333663.450440,333663.697495,333663.783912,met,0.009891
b30,L2,91,333664.450003,333664.561081,333664.617052,met,0.001104
b30,L1,137,333665.450440,333665.643954,333665.708130,met,0.001457
b30,L1,138,333667.450440,333667.632644,333667.677399,met,0.002639
b30,L2,92,333667.450003,333667.654198,333667.700450,met,0.000908
b30,L1,139,333669.450440,333669.541198,333669.587807,met,0.002310
b30,L2,93,333670.450003,333670.534690,333670.583105,met,0.001163
b30,L1,140,333671.450440,333671.516285,333671.566903,met,0.001059
b30,L1,141,333673.450440,333673.590955,333673.644060,met,0.002332
b30,L2,94,333673.450003,333673.591359,333673.644001,met,0.002662
b30,L1,142,333675.450440,333675.531391,333675.577068,met,0.001840
b30,L2,95,333676.450003,333676.520099,333676.576459,met,0.007730
b30,L1,143,333677.450440,333677.538188,333677.697061,met,0.090722
b30,L1,144,333679.450440,333679.576098,333679.620964,met,0.002792
b30,L2,96,333679.450003,333679.680210,333679.726922,met,0.000918
b30,L1,145,333681.450440,333681.614015,333682.319114,missed,0.648489
b30,L2,97,333682.450003,333682.644308,333683.220334,met,0.525751
b30,L1,146,333683.450440,333683.555257,333683.712578,met,0.091255
b30,L1,147,333685.450440,333685.588088,333685.871206,met,0.225611
b30,L2,98,333685.450003,333685.532596,333685.871314,met,0.273470
b30,L1,148,333687.450440,333687.569493,333687.617445,met,0.002105
b30,L2,99,333688.450003,333688.528362,333688.572200,met,0.001061
b30,L1,149,333689.450440,333689.513404,333689.561435,met,0.000978
